instance,config,seed,status,time_kernel,total_time,iterations,buckets,last_bucket,first_bucket,value,reopt_value,real_gap,proj_gap,num_frac
r-stop-dp-C100_3_v2_d0.25_b1,config1,1,FAILED TO FIND AN INTEGER FEASIBLE SOLUTION,0.000000,3600,350,0,-1,-1,0.000000,0.000000,13.436347,13.436347,113
r-stop-dp-C100_3_v2_d0.25_b1,config1,2,FAILED TO FIND AN INTEGER FEASIBLE SOLUTION,0.000000,3600,326,0,-1,-1,0.000000,0.000000,14.752509,14.752509,127
r-stop-dp-C100_3_v2_d0.25_b1,config1,3,FAILED TO FIND AN INTEGER FEASIBLE SOLUTION,0.000000,3600,343,0,-1,-1,0.000000,0.000000,13.100029,13.100029,99
r-stop-dp-C100_3_v2_d0.25_b1,config3,1,FOUND INTEGER FEASIBLE,0.000000,143.403770,6,0,-1,-1,0.000000,0.000000,0.000000,0.000000,0
r-stop-dp-C100_3_v2_d0.25_b1,config3,2,FOUND INTEGER FEASIBLE,0.000000,11.112840,7,0,-1,-1,0.000000,0.000000,0.000000,0.000000,0
r-stop-dp-C100_3_v2_d0.25_b1,config3,3,FOUND INTEGER FEASIBLE,0.000000,9.675839,5,0,-1,-1,0.000000,0.000000,0.000000,0.000000,0
r-stop-dp-C100_3_v2_d0.25_b1,config20,1,FAILED TO FIND AN INTEGER FEASIBLE SOLUTION,0.000000,3600,551,0,-1,-1,0.000000,0.000000,12.448758,12.448758,82
r-stop-dp-C100_3_v2_d0.25_b1,config20,2,FAILED TO FIND AN INTEGER FEASIBLE SOLUTION,0.000000,3600,538,0,-1,-1,0.000000,0.000000,11.866793,11.905062,98
r-stop-dp-C100_3_v2_d0.25_b1,config20,3,FAILED TO FIND AN INTEGER FEASIBLE SOLUTION,0.000000,3600,486,0,-1,-1,0.000000,0.000000,14.657971,14.677718,98
r-stop-dp-C100_3_v2_d0.25_b1,config16,1,FAILED TO FIND AN INTEGER FEASIBLE SOLUTION,42.902527,3600,309,13,13,0,0.000000,0.000000,2.004281,2.004281,13
r-stop-dp-C100_3_v2_d0.25_b1,config16,2,FAILED TO FIND AN INTEGER FEASIBLE SOLUTION,43.501717,3600,353,13,13,0,0.000000,0.000000,0.922374,0.922374,15
r-stop-dp-C100_3_v2_d0.25_b1,config16,3,FAILED TO FIND AN INTEGER FEASIBLE SOLUTION,43.126096,3600,289,13,12,0,0.000000,0.000000,0.586642,0.586642,6
r-stop-dp-C100_3_v2_d0.25_b1,config17,1,FOUND INTEGER FEASIBLE,2.366818,5.671059,4,9,0,0,0.000000,0.000000,0.000000,0.000000,0
r-stop-dp-C100_3_v2_d0.25_b1,config17,2,FOUND INTEGER FEASIBLE,2.358374,6.057203,4,9,0,0,0.000000,0.000000,0.000000,0.000000,0
r-stop-dp-C100_3_v2_d0.25_b1,config17,3,FOUND INTEGER FEASIBLE,2.349022,6.013991,2,9,0,0,0.000000,0.000000,0.000000,0.000000,0
r-stop-dp-C100_3_v2_d0.25_b1,config21,1,FOUND INTEGER FEASIBLE,13.431467,15.956748,0,12,0,0,0.000000,0.000000,0.000000,0.000000,0
r-stop-dp-C100_3_v2_d0.25_b1,config21,2,FOUND INTEGER FEASIBLE,14.367816,17.642641,0,12,0,0,0.000000,0.000000,0.000000,0.000000,0
r-stop-dp-C100_3_v2_d0.25_b1,config21,3,FOUND INTEGER FEASIBLE,13.288892,17.180324,0,12,0,0,0.000000,0.000000,0.000000,0.000000,0
r-stop-dp-C100_3_v2_d0.25_b1,config23,1,FOUND INTEGER FEASIBLE,24.851420,29.128155,13,12,0,0,0.000000,0.000000,0.000000,0.000000,0
r-stop-dp-C100_3_v2_d0.25_b1,config23,2,FOUND INTEGER FEASIBLE,23.306914,26.978427,15,12,0,0,0.000000,0.000000,0.000000,0.000000,0
r-stop-dp-C100_3_v2_d0.25_b1,config23,3,FOUND INTEGER FEASIBLE,23.123881,26.744472,7,12,0,0,0.000000,0.000000,0.000000,0.000000,0
r-stop-dp-C100_3_v2_d0.25_b1,config19,1,FOUND INTEGER FEASIBLE,0.000000,4.315819,0,0,-1,-1,0.000000,0.000000,0.000000,0.000000,0
r-stop-dp-C100_3_v2_d0.25_b1,config19,2,FOUND INTEGER FEASIBLE,0.000000,4.095012,0,0,-1,-1,0.000000,0.000000,0.000000,0.000000,0
r-stop-dp-C100_3_v2_d0.25_b1,config19,3,FOUND INTEGER FEASIBLE,0.000000,4.073589,0,0,-1,-1,0.000000,0.000000,0.000000,0.000000,0
r-stop-dp-C100_3_v2_d0.25_b1,config18,1,FOUND INTEGER FEASIBLE,0.000000,5.090120,0,0,-1,-1,0.000000,0.000000,0.000000,0.000000,0
r-stop-dp-C100_3_v2_d0.25_b1,config18,2,FOUND INTEGER FEASIBLE,0.000000,4.048367,0,0,-1,-1,0.000000,0.000000,0.000000,0.000000,0
r-stop-dp-C100_3_v2_d0.25_b1,config18,3,FOUND INTEGER FEASIBLE,0.000000,5.044472,0,0,-1,-1,0.000000,0.000000,0.000000,0.000000,0
r-stop-dp-C100_3_v2_d0.25_b5,config1,1,FAILED TO FIND AN INTEGER FEASIBLE SOLUTION,0.000000,3600,22,0,-1,-1,0.000000,0.000000,17.858291,17.858291,147
r-stop-dp-C100_3_v2_d0.25_b5,config1,2,FAILED TO FIND AN INTEGER FEASIBLE SOLUTION,0.000000,3600,20,0,-1,-1,0.000000,0.000000,17.859323,17.859323,136
r-stop-dp-C100_3_v2_d0.25_b5,config1,3,FAILED TO FIND AN INTEGER FEASIBLE SOLUTION,0.000000,3600,23,0,-1,-1,0.000000,0.000000,17.501185,17.501185,148
r-stop-dp-C100_3_v2_d0.25_b5,config3,1,FAILED TO FIND AN INTEGER FEASIBLE SOLUTION,0.000000,3600,1,0,-1,-1,0.000000,0.000000,1.246099,1.246099,4
r-stop-dp-C100_3_v2_d0.25_b5,config3,2,FAILED TO FIND AN INTEGER FEASIBLE SOLUTION,0.000000,3600,1,0,-1,-1,0.000000,0.000000,1.246099,1.246099,4
r-stop-dp-C100_3_v2_d0.25_b5,config3,3,FAILED TO FIND AN INTEGER FEASIBLE SOLUTION,0.000000,3600,4,0,-1,-1,0.000000,0.000000,1.239956,1.239956,7
r-stop-dp-C100_3_v2_d0.25_b5,config20,1,FAILED TO FIND AN INTEGER FEASIBLE SOLUTION,0.000000,3600,12,0,-1,-1,0.000000,0.000000,19.952535,20.262907,154
r-stop-dp-C100_3_v2_d0.25_b5,config20,2,FAILED TO FIND AN INTEGER FEASIBLE SOLUTION,0.000000,3600,12,0,-1,-1,0.000000,0.000000,19.235150,19.623203,143
r-stop-dp-C100_3_v2_d0.25_b5,config20,3,FAILED TO FIND AN INTEGER FEASIBLE SOLUTION,0.000000,3600,14,0,-1,-1,0.000000,0.000000,19.001174,19.001174,165
r-stop-dp-C100_3_v2_d0.25_b5,config16,1,FAILED TO FIND AN INTEGER FEASIBLE SOLUTION,515.844195,3600,168,13,13,0,0.000000,0.000000,13.071675,3.599574,52
r-stop-dp-C100_3_v2_d0.25_b5,config16,2,FAILED TO FIND AN INTEGER FEASIBLE SOLUTION,506.153271,3600,149,13,13,0,0.000000,0.000000,12.168069,3.622742,44
r-stop-dp-C100_3_v2_d0.25_b5,config16,3,FAILED TO FIND AN INTEGER FEASIBLE SOLUTION,512.243985,3600,157,13,13,0,0.000000,0.000000,11.937412,3.585953,44
r-stop-dp-C100_3_v2_d0.25_b5,config17,1,FOUND INTEGER FEASIBLE,62.072999,105.797281,86,8,1,0,0.000000,0.000000,0.000000,0.000000,0
r-stop-dp-C100_3_v2_d0.25_b5,config17,2,FOUND INTEGER FEASIBLE,61.836094,104.836617,84,8,1,0,0.000000,0.000000,0.000000,0.000000,0
r-stop-dp-C100_3_v2_d0.25_b5,config17,3,FOUND INTEGER FEASIBLE,61.640665,103.866770,86,8,1,0,0.000000,0.000000,0.000000,0.000000,0
r-stop-dp-C100_3_v2_d0.25_b5,config21,1,FOUND INTEGER FEASIBLE,164.507905,174.835889,2,12,0,0,0.000000,0.000000,0.000000,0.000000,0
r-stop-dp-C100_3_v2_d0.25_b5,config21,2,FOUND INTEGER FEASIBLE,162.414033,171.669976,2,12,0,0,0.000000,0.000000,0.000000,0.000000,0
r-stop-dp-C100_3_v2_d0.25_b5,config21,3,FOUND INTEGER FEASIBLE,161.692680,170.464472,1,12,0,0,0.000000,0.000000,0.000000,0.000000,0
r-stop-dp-C100_3_v2_d0.25_b5,config23,1,FOUND INTEGER FEASIBLE,241.113116,252.933700,3,12,0,0,0.000000,0.000000,0.000000,0.000000,0
r-stop-dp-C100_3_v2_d0.25_b5,config23,2,FOUND INTEGER FEASIBLE,240.547851,251.625632,4,12,0,0,0.000000,0.000000,0.000000,0.000000,0
r-stop-dp-C100_3_v2_d0.25_b5,config23,3,FOUND INTEGER FEASIBLE,236.477503,247.823482,10,12,0,0,0.000000,0.000000,0.000000,0.000000,0
r-stop-dp-C100_3_v2_d0.25_b5,config19,1,FOUND INTEGER FEASIBLE,0.000000,15.598117,0,0,-1,-1,0.000000,0.000000,0.000000,0.000000,0
r-stop-dp-C100_3_v2_d0.25_b5,config19,2,FOUND INTEGER FEASIBLE,0.000000,14.374861,0,0,-1,-1,0.000000,0.000000,0.000000,0.000000,0
r-stop-dp-C100_3_v2_d0.25_b5,config19,3,FOUND INTEGER FEASIBLE,0.000000,13.586675,0,0,-1,-1,0.000000,0.000000,0.000000,0.000000,0
r-stop-dp-C100_3_v2_d0.25_b5,config18,1,FOUND INTEGER FEASIBLE,0.000000,15.940114,0,0,-1,-1,0.000000,0.000000,0.000000,0.000000,0
r-stop-dp-C100_3_v2_d0.25_b5,config18,2,FOUND INTEGER FEASIBLE,0.000000,14.494519,0,0,-1,-1,0.000000,0.000000,0.000000,0.000000,0
r-stop-dp-C100_3_v2_d0.25_b5,config18,3,FOUND INTEGER FEASIBLE,0.000000,15.660098,0,0,-1,-1,0.000000,0.000000,0.000000,0.000000,0
r-stop-dp-C100_3_v4_d0.25_b1,config1,1,FAILED TO FIND AN INTEGER FEASIBLE SOLUTION,0.000000,3600,390,0,-1,-1,0.000000,0.000000,11.620577,11.620577,94
r-stop-dp-C100_3_v4_d0.25_b1,config1,2,FAILED TO FIND AN INTEGER FEASIBLE SOLUTION,0.000000,3600,404,0,-1,-1,0.000000,0.000000,9.950249,9.950249,83
r-stop-dp-C100_3_v4_d0.25_b1,config1,3,FAILED TO FIND AN INTEGER FEASIBLE SOLUTION,0.000000,3600,391,0,-1,-1,0.000000,0.000000,11.423201,11.423201,106
r-stop-dp-C100_3_v4_d0.25_b1,config3,1,FOUND INTEGER FEASIBLE,0.000000,131.655613,6,0,-1,-1,0.000000,0.000000,0.000000,0.000000,0
r-stop-dp-C100_3_v4_d0.25_b1,config3,2,FOUND INTEGER FEASIBLE,0.000000,10.097413,7,0,-1,-1,0.000000,0.000000,0.000000,0.000000,0
r-stop-dp-C100_3_v4_d0.25_b1,config3,3,FOUND INTEGER FEASIBLE,0.000000,8.461345,5,0,-1,-1,0.000000,0.000000,0.000000,0.000000,0
r-stop-dp-C100_3_v4_d0.25_b1,config20,1,FAILED TO FIND AN INTEGER FEASIBLE SOLUTION,0.000000,3600,630,0,-1,-1,0.000000,0.000000,8.903121,8.903121,83
r-stop-dp-C100_3_v4_d0.25_b1,config20,2,FAILED TO FIND AN INTEGER FEASIBLE SOLUTION,0.000000,3600,602,0,-1,-1,0.000000,0.000000,9.527438,9.527438,74
r-stop-dp-C100_3_v4_d0.25_b1,config20,3,FAILED TO FIND AN INTEGER FEASIBLE SOLUTION,0.000000,3600,608,0,-1,-1,0.000000,0.000000,11.581624,11.592724,92
r-stop-dp-C100_3_v4_d0.25_b1,config16,1,FAILED TO FIND AN INTEGER FEASIBLE SOLUTION,39.916233,3600,472,13,13,1,0.000000,0.000000,11.881506,11.881506,109
r-stop-dp-C100_3_v4_d0.25_b1,config16,2,FAILED TO FIND AN INTEGER FEASIBLE SOLUTION,40.452781,3600,520,13,13,1,0.000000,0.000000,11.484132,11.484132,81
r-stop-dp-C100_3_v4_d0.25_b1,config16,3,FAILED TO FIND AN INTEGER FEASIBLE SOLUTION,39.929765,3600,545,13,13,1,0.000000,0.000000,9.999206,9.999206,89
r-stop-dp-C100_3_v4_d0.25_b1,config17,1,FOUND INTEGER FEASIBLE,1.201957,4.882595,2,11,0,0,0.000000,0.000000,0.000000,0.000000,0
r-stop-dp-C100_3_v4_d0.25_b1,config17,2,FOUND INTEGER FEASIBLE,1.281093,4.951837,2,11,0,0,0.000000,0.000000,0.000000,0.000000,0
r-stop-dp-C100_3_v4_d0.25_b1,config17,3,FOUND INTEGER FEASIBLE,1.208927,4.728737,2,11,0,0,0.000000,0.000000,0.000000,0.000000,0
r-stop-dp-C100_3_v4_d0.25_b1,config21,1,FOUND INTEGER FEASIBLE,14.419626,17.783183,3,12,0,0,0.000000,0.000000,0.000000,0.000000,0
r-stop-dp-C100_3_v4_d0.25_b1,config21,2,FOUND INTEGER FEASIBLE,14.216395,16.569281,2,12,0,0,0.000000,0.000000,0.000000,0.000000,0
r-stop-dp-C100_3_v4_d0.25_b1,config21,3,FOUND INTEGER FEASIBLE,14.188252,17.577794,6,12,0,0,0.000000,0.000000,0.000000,0.000000,0
r-stop-dp-C100_3_v4_d0.25_b1,config23,1,FOUND INTEGER FEASIBLE,23.405600,27.126470,6,12,0,0,0.000000,0.000000,0.000000,0.000000,0
r-stop-dp-C100_3_v4_d0.25_b1,config23,2,FOUND INTEGER FEASIBLE,23.412409,27.073441,7,12,0,0,0.000000,0.000000,0.000000,0.000000,0
r-stop-dp-C100_3_v4_d0.25_b1,config23,3,FOUND INTEGER FEASIBLE,23.483465,27.149430,5,12,0,0,0.000000,0.000000,0.000000,0.000000,0
r-stop-dp-C100_3_v4_d0.25_b1,config19,1,FOUND INTEGER FEASIBLE,0.000000,4.048343,0,0,-1,-1,0.000000,0.000000,0.000000,0.000000,0
r-stop-dp-C100_3_v4_d0.25_b1,config19,2,FOUND INTEGER FEASIBLE,0.000000,4.069444,0,0,-1,-1,0.000000,0.000000,0.000000,0.000000,0
r-stop-dp-C100_3_v4_d0.25_b1,config19,3,FOUND INTEGER FEASIBLE,0.000000,3.773711,0,0,-1,-1,0.000000,0.000000,0.000000,0.000000,0
r-stop-dp-C100_3_v4_d0.25_b1,config18,1,FOUND INTEGER FEASIBLE,0.000000,5.114219,0,0,-1,-1,0.000000,0.000000,0.000000,0.000000,0
r-stop-dp-C100_3_v4_d0.25_b1,config18,2,FOUND INTEGER FEASIBLE,0.000000,5.038956,0,0,-1,-1,0.000000,0.000000,0.000000,0.000000,0
r-stop-dp-C100_3_v4_d0.25_b1,config18,3,FOUND INTEGER FEASIBLE,0.000000,5.041739,0,0,-1,-1,0.000000,0.000000,0.000000,0.000000,0
r-stop-dp-C100_3_v4_d0.25_b5,config1,1,FAILED TO FIND AN INTEGER FEASIBLE SOLUTION,0.000000,3600,26,0,-1,-1,0.000000,0.000000,15.207716,15.207716,127
r-stop-dp-C100_3_v4_d0.25_b5,config1,2,FAILED TO FIND AN INTEGER FEASIBLE SOLUTION,0.000000,3600,18,0,-1,-1,0.000000,0.000000,15.366789,15.366789,147
r-stop-dp-C100_3_v4_d0.25_b5,config1,3,FAILED TO FIND AN INTEGER FEASIBLE SOLUTION,0.000000,3600,32,0,-1,-1,0.000000,0.000000,14.714236,14.714236,136
r-stop-dp-C100_3_v4_d0.25_b5,config3,1,FAILED TO FIND AN INTEGER FEASIBLE SOLUTION,0.000000,3600,3,0,-1,-1,0.000000,0.000000,1.197174,1.197174,9
r-stop-dp-C100_3_v4_d0.25_b5,config3,2,FAILED TO FIND AN INTEGER FEASIBLE SOLUTION,0.000000,3600,3,0,-1,-1,0.000000,0.000000,1.197174,1.197174,9
r-stop-dp-C100_3_v4_d0.25_b5,config3,3,FAILED TO FIND AN INTEGER FEASIBLE SOLUTION,0.000000,3600,2,0,-1,-1,0.000000,0.000000,1.246099,1.246099,4
r-stop-dp-C100_3_v4_d0.25_b5,config20,1,FAILED TO FIND AN INTEGER FEASIBLE SOLUTION,0.000000,3600,23,0,-1,-1,0.000000,0.000000,16.218250,16.218250,142
r-stop-dp-C100_3_v4_d0.25_b5,config20,2,FAILED TO FIND AN INTEGER FEASIBLE SOLUTION,0.000000,3600,20,0,-1,-1,0.000000,0.000000,16.825060,16.825060,140
r-stop-dp-C100_3_v4_d0.25_b5,config20,3,FAILED TO FIND AN INTEGER FEASIBLE SOLUTION,0.000000,3600,14,0,-1,-1,0.000000,0.000000,17.496204,17.650315,142
r-stop-dp-C100_3_v4_d0.25_b5,config16,1,FAILED TO FIND AN INTEGER FEASIBLE SOLUTION,685.222940,3600,37,12,12,1,0.000000,0.000000,16.945824,16.945824,143
r-stop-dp-C100_3_v4_d0.25_b5,config16,2,FAILED TO FIND AN INTEGER FEASIBLE SOLUTION,675.520003,3600,32,12,12,1,0.000000,0.000000,17.749605,17.749605,130
r-stop-dp-C100_3_v4_d0.25_b5,config16,3,FAILED TO FIND AN INTEGER FEASIBLE SOLUTION,679.797702,3600,33,12,12,1,0.000000,0.000000,17.418019,17.418019,153
r-stop-dp-C100_3_v4_d0.25_b5,config17,1,FOUND INTEGER FEASIBLE,59.445206,102.723701,86,8,1,0,0.000000,0.000000,0.000000,0.000000,0
r-stop-dp-C100_3_v4_d0.25_b5,config17,2,FOUND INTEGER FEASIBLE,58.739227,101.164127,84,8,1,0,0.000000,0.000000,0.000000,0.000000,0
r-stop-dp-C100_3_v4_d0.25_b5,config17,3,FOUND INTEGER FEASIBLE,58.976187,101.876609,86,8,1,0,0.000000,0.000000,0.000000,0.000000,0
r-stop-dp-C100_3_v4_d0.25_b5,config21,1,FOUND INTEGER FEASIBLE,866.515368,1574.850307,96,12,4,0,0.000000,0.000000,0.000000,0.000000,0
r-stop-dp-C100_3_v4_d0.25_b5,config21,2,FOUND INTEGER FEASIBLE,864.464817,1574.068987,101,12,4,0,0.000000,0.000000,0.000000,0.000000,0
r-stop-dp-C100_3_v4_d0.25_b5,config21,3,FOUND INTEGER FEASIBLE,909.329803,1612.227207,96,12,4,0,0.000000,0.000000,0.000000,0.000000,0
r-stop-dp-C100_3_v4_d0.25_b5,config23,1,FOUND INTEGER FEASIBLE,1213.130498,1829.307933,95,12,4,0,0.000000,0.000000,0.000000,0.000000,0
r-stop-dp-C100_3_v4_d0.25_b5,config23,2,FOUND INTEGER FEASIBLE,1378.293250,1952.298998,102,12,4,0,0.000000,0.000000,0.000000,0.000000,0
r-stop-dp-C100_3_v4_d0.25_b5,config23,3,FOUND INTEGER FEASIBLE,1394.360225,1967.404108,95,12,4,0,0.000000,0.000000,0.000000,0.000000,0
r-stop-dp-C100_3_v4_d0.25_b5,config19,1,FOUND INTEGER FEASIBLE,0.000000,15.278677,0,0,-1,-1,0.000000,0.000000,0.000000,0.000000,0
r-stop-dp-C100_3_v4_d0.25_b5,config19,2,FOUND INTEGER FEASIBLE,0.000000,13.708251,0,0,-1,-1,0.000000,0.000000,0.000000,0.000000,0
r-stop-dp-C100_3_v4_d0.25_b5,config19,3,FOUND INTEGER FEASIBLE,0.000000,13.946551,0,0,-1,-1,0.000000,0.000000,0.000000,0.000000,0
r-stop-dp-C100_3_v4_d0.25_b5,config18,1,FOUND INTEGER FEASIBLE,0.000000,15.722301,0,0,-1,-1,0.000000,0.000000,0.000000,0.000000,0
r-stop-dp-C100_3_v4_d0.25_b5,config18,2,FOUND INTEGER FEASIBLE,0.000000,15.607089,0,0,-1,-1,0.000000,0.000000,0.000000,0.000000,0
r-stop-dp-C100_3_v4_d0.25_b5,config18,3,FOUND INTEGER FEASIBLE,0.000000,15.480109,0,0,-1,-1,0.000000,0.000000,0.000000,0.000000,0
r-stop-dp-C100_4_v2_d0.25_b1,config1,1,FAILED TO FIND AN INTEGER FEASIBLE SOLUTION,0.000000,3600,350,0,-1,-1,0.000000,0.000000,5.605072,5.605072,99
r-stop-dp-C100_4_v2_d0.25_b1,config1,2,FAILED TO FIND AN INTEGER FEASIBLE SOLUTION,0.000000,3600,388,0,-1,-1,0.000000,0.000000,5.303814,5.303814,108
r-stop-dp-C100_4_v2_d0.25_b1,config1,3,FAILED TO FIND AN INTEGER FEASIBLE SOLUTION,0.000000,3600,348,0,-1,-1,0.000000,0.000000,5.864547,5.864547,116
r-stop-dp-C100_4_v2_d0.25_b1,config3,1,FAILED TO FIND AN INTEGER FEASIBLE SOLUTION,0.000000,3600,92,0,-1,-1,0.000000,0.000000,0.499674,0.499674,7
r-stop-dp-C100_4_v2_d0.25_b1,config3,2,FAILED TO FIND AN INTEGER FEASIBLE SOLUTION,0.000000,3600,90,0,-1,-1,0.000000,0.000000,0.499674,0.499674,7
r-stop-dp-C100_4_v2_d0.25_b1,config3,3,FOUND INTEGER FEASIBLE,0.000000,11.729540,6,0,-1,-1,0.000000,0.000000,0.000000,0.000000,0
r-stop-dp-C100_4_v2_d0.25_b1,config20,1,FAILED TO FIND AN INTEGER FEASIBLE SOLUTION,0.000000,3600,520,0,-1,-1,0.000000,0.000000,5.465152,5.465152,82
r-stop-dp-C100_4_v2_d0.25_b1,config20,2,FAILED TO FIND AN INTEGER FEASIBLE SOLUTION,0.000000,3600,562,0,-1,-1,0.000000,0.000000,5.956353,5.956353,78
r-stop-dp-C100_4_v2_d0.25_b1,config20,3,FAILED TO FIND AN INTEGER FEASIBLE SOLUTION,0.000000,3600,260,0,-1,-1,0.000000,0.000000,5.906013,5.906013,97
r-stop-dp-C100_4_v2_d0.25_b1,config16,1,FAILED TO FIND AN INTEGER FEASIBLE SOLUTION,24.703099,3600,325,11,11,0,0.000000,0.000000,0.580199,0.580199,9
r-stop-dp-C100_4_v2_d0.25_b1,config16,2,FAILED TO FIND AN INTEGER FEASIBLE SOLUTION,24.818669,3600,384,11,11,0,0.000000,0.000000,0.687070,0.687070,8
r-stop-dp-C100_4_v2_d0.25_b1,config16,3,FAILED TO FIND AN INTEGER FEASIBLE SOLUTION,26.312269,3600,323,11,11,0,0.000000,0.000000,0.546188,0.546188,7
r-stop-dp-C100_4_v2_d0.25_b1,config17,1,FOUND INTEGER FEASIBLE,2.207531,5.594626,2,8,0,0,0.000000,0.000000,0.000000,0.000000,0
r-stop-dp-C100_4_v2_d0.25_b1,config17,2,FOUND INTEGER FEASIBLE,2.188078,5.478995,2,8,0,0,0.000000,0.000000,0.000000,0.000000,0
r-stop-dp-C100_4_v2_d0.25_b1,config17,3,FOUND INTEGER FEASIBLE,2.202907,5.474761,2,8,0,0,0.000000,0.000000,0.000000,0.000000,0
r-stop-dp-C100_4_v2_d0.25_b1,config21,1,FOUND INTEGER FEASIBLE,19.164942,22.452855,1,12,0,0,0.000000,0.000000,0.000000,0.000000,0
r-stop-dp-C100_4_v2_d0.25_b1,config21,2,FOUND INTEGER FEASIBLE,18.976261,22.080755,1,12,0,0,0.000000,0.000000,0.000000,0.000000,0
r-stop-dp-C100_4_v2_d0.25_b1,config21,3,FOUND INTEGER FEASIBLE,19.080488,22.320331,1,12,0,0,0.000000,0.000000,0.000000,0.000000,0
r-stop-dp-C100_4_v2_d0.25_b1,config23,1,FOUND INTEGER FEASIBLE,33.557058,37.284238,7,12,0,0,0.000000,0.000000,0.000000,0.000000,0
r-stop-dp-C100_4_v2_d0.25_b1,config23,2,FOUND INTEGER FEASIBLE,33.611672,37.303724,8,12,0,0,0.000000,0.000000,0.000000,0.000000,0
r-stop-dp-C100_4_v2_d0.25_b1,config23,3,FOUND INTEGER FEASIBLE,34.115013,37.784420,13,12,0,0,0.000000,0.000000,0.000000,0.000000,0
r-stop-dp-C100_4_v2_d0.25_b1,config19,1,FOUND INTEGER FEASIBLE,0.000000,4.353638,0,0,-1,-1,0.000000,0.000000,0.000000,0.000000,0
r-stop-dp-C100_4_v2_d0.25_b1,config19,2,FOUND INTEGER FEASIBLE,0.000000,4.034578,0,0,-1,-1,0.000000,0.000000,0.000000,0.000000,0
r-stop-dp-C100_4_v2_d0.25_b1,config19,3,FOUND INTEGER FEASIBLE,0.000000,4.143915,0,0,-1,-1,0.000000,0.000000,0.000000,0.000000,0
r-stop-dp-C100_4_v2_d0.25_b1,config18,1,FOUND INTEGER FEASIBLE,0.000000,5.101522,0,0,-1,-1,0.000000,0.000000,0.000000,0.000000,0
r-stop-dp-C100_4_v2_d0.25_b1,config18,2,FOUND INTEGER FEASIBLE,0.000000,5.006883,0,0,-1,-1,0.000000,0.000000,0.000000,0.000000,0
r-stop-dp-C100_4_v2_d0.25_b1,config18,3,FOUND INTEGER FEASIBLE,0.000000,5.017824,0,0,-1,-1,0.000000,0.000000,0.000000,0.000000,0
r-stop-dp-C100_4_v2_d0.25_b5,config1,1,FAILED TO FIND AN INTEGER FEASIBLE SOLUTION,0.000000,3600,19,0,-1,-1,0.000000,0.000000,7.449484,7.449484,137
r-stop-dp-C100_4_v2_d0.25_b5,config1,2,FAILED TO FIND AN INTEGER FEASIBLE SOLUTION,0.000000,3600,20,0,-1,-1,0.000000,0.000000,7.508686,7.508686,141
r-stop-dp-C100_4_v2_d0.25_b5,config1,3,FAILED TO FIND AN INTEGER FEASIBLE SOLUTION,0.000000,3600,14,0,-1,-1,0.000000,0.000000,7.477448,7.477448,139
r-stop-dp-C100_4_v2_d0.25_b5,config3,1,FAILED TO FIND AN INTEGER FEASIBLE SOLUTION,0.000000,3600,1,0,-1,-1,0.000000,0.000000,0.563993,0.563993,7
r-stop-dp-C100_4_v2_d0.25_b5,config3,2,FAILED TO FIND AN INTEGER FEASIBLE SOLUTION,0.000000,3600,1,0,-1,-1,0.000000,0.000000,0.563993,0.563993,7
r-stop-dp-C100_4_v2_d0.25_b5,config3,3,FAILED TO FIND AN INTEGER FEASIBLE SOLUTION,0.000000,3600,2,0,-1,-1,0.000000,0.000000,0.557834,0.557834,9
r-stop-dp-C100_4_v2_d0.25_b5,config20,1,FAILED TO FIND AN INTEGER FEASIBLE SOLUTION,0.000000,3600,22,0,-1,-1,0.000000,0.000000,6.976577,6.976577,135
r-stop-dp-C100_4_v2_d0.25_b5,config20,2,FAILED TO FIND AN INTEGER FEASIBLE SOLUTION,0.000000,3600,21,0,-1,-1,0.000000,0.000000,7.891522,7.891522,167
r-stop-dp-C100_4_v2_d0.25_b5,config20,3,FAILED TO FIND AN INTEGER FEASIBLE SOLUTION,0.000000,3600,24,0,-1,-1,0.000000,0.000000,7.411111,7.411111,136
r-stop-dp-C100_4_v2_d0.25_b5,config16,1,FAILED TO FIND AN INTEGER FEASIBLE SOLUTION,360.329614,3600,158,11,11,0,0.000000,0.000000,6.882548,1.357477,42
r-stop-dp-C100_4_v2_d0.25_b5,config16,2,FAILED TO FIND AN INTEGER FEASIBLE SOLUTION,364.122719,3600,191,11,11,0,0.000000,0.000000,0.635449,0.635449,9
r-stop-dp-C100_4_v2_d0.25_b5,config16,3,FAILED TO FIND AN INTEGER FEASIBLE SOLUTION,361.290325,3600,196,11,11,0,0.000000,0.000000,6.862289,1.352412,42
r-stop-dp-C100_4_v2_d0.25_b5,config17,1,FOUND INTEGER FEASIBLE,22.888299,34.975815,0,11,0,0,0.000000,0.000000,0.000000,0.000000,0
r-stop-dp-C100_4_v2_d0.25_b5,config17,2,FOUND INTEGER FEASIBLE,22.737573,34.338434,0,11,0,0,0.000000,0.000000,0.000000,0.000000,0
r-stop-dp-C100_4_v2_d0.25_b5,config17,3,FOUND INTEGER FEASIBLE,22.672150,34.034055,0,11,0,0,0.000000,0.000000,0.000000,0.000000,0
r-stop-dp-C100_4_v2_d0.25_b5,config21,1,FOUND INTEGER FEASIBLE,758.747899,768.691095,1,12,0,0,0.000000,0.000000,0.000000,0.000000,0
r-stop-dp-C100_4_v2_d0.25_b5,config21,2,FOUND INTEGER FEASIBLE,744.829054,754.340512,1,12,0,0,0.000000,0.000000,0.000000,0.000000,0
r-stop-dp-C100_4_v2_d0.25_b5,config21,3,FOUND INTEGER FEASIBLE,708.695305,718.084876,1,12,0,0,0.000000,0.000000,0.000000,0.000000,0
r-stop-dp-C100_4_v2_d0.25_b5,config23,1,FOUND INTEGER FEASIBLE,1125.559435,1137.400701,2,12,0,0,0.000000,0.000000,0.000000,0.000000,0
r-stop-dp-C100_4_v2_d0.25_b5,config23,2,FOUND INTEGER FEASIBLE,1073.140521,1085.275788,2,12,0,0,0.000000,0.000000,0.000000,0.000000,0
r-stop-dp-C100_4_v2_d0.25_b5,config23,3,FOUND INTEGER FEASIBLE,1095.185328,1107.712825,2,12,0,0,0.000000,0.000000,0.000000,0.000000,0
r-stop-dp-C100_4_v2_d0.25_b5,config19,1,FOUND INTEGER FEASIBLE,0.000000,14.788529,0,0,-1,-1,0.000000,0.000000,0.000000,0.000000,0
r-stop-dp-C100_4_v2_d0.25_b5,config19,2,FOUND INTEGER FEASIBLE,0.000000,14.037970,0,0,-1,-1,0.000000,0.000000,0.000000,0.000000,0
r-stop-dp-C100_4_v2_d0.25_b5,config19,3,FOUND INTEGER FEASIBLE,0.000000,14.355258,0,0,-1,-1,0.000000,0.000000,0.000000,0.000000,0
r-stop-dp-C100_4_v2_d0.25_b5,config18,1,FOUND INTEGER FEASIBLE,0.000000,15.707568,0,0,-1,-1,0.000000,0.000000,0.000000,0.000000,0
r-stop-dp-C100_4_v2_d0.25_b5,config18,2,FOUND INTEGER FEASIBLE,0.000000,15.517515,0,0,-1,-1,0.000000,0.000000,0.000000,0.000000,0
r-stop-dp-C100_4_v2_d0.25_b5,config18,3,FOUND INTEGER FEASIBLE,0.000000,15.406213,0,0,-1,-1,0.000000,0.000000,0.000000,0.000000,0
r-stop-dp-C100_4_v4_d0.25_b1,config1,1,FAILED TO FIND AN INTEGER FEASIBLE SOLUTION,0.000000,3600,437,0,-1,-1,0.000000,0.000000,4.734673,4.734673,80
r-stop-dp-C100_4_v4_d0.25_b1,config1,2,FAILED TO FIND AN INTEGER FEASIBLE SOLUTION,0.000000,3600,393,0,-1,-1,0.000000,0.000000,5.269417,5.269417,97
r-stop-dp-C100_4_v4_d0.25_b1,config1,3,FAILED TO FIND AN INTEGER FEASIBLE SOLUTION,0.000000,3600,401,0,-1,-1,0.000000,0.000000,4.769116,4.769116,92
r-stop-dp-C100_4_v4_d0.25_b1,config3,1,FAILED TO FIND AN INTEGER FEASIBLE SOLUTION,0.000000,3600,160,0,-1,-1,0.000000,0.000000,0.499674,0.499674,7
r-stop-dp-C100_4_v4_d0.25_b1,config3,2,FAILED TO FIND AN INTEGER FEASIBLE SOLUTION,0.000000,3600,152,0,-1,-1,0.000000,0.000000,0.499674,0.499674,7
r-stop-dp-C100_4_v4_d0.25_b1,config3,3,FOUND INTEGER FEASIBLE,0.000000,12.605797,6,0,-1,-1,0.000000,0.000000,0.000000,0.000000,0
r-stop-dp-C100_4_v4_d0.25_b1,config20,1,FAILED TO FIND AN INTEGER FEASIBLE SOLUTION,0.000000,3600,664,0,-1,-1,0.000000,0.000000,4.063843,4.063843,73
r-stop-dp-C100_4_v4_d0.25_b1,config20,2,FAILED TO FIND AN INTEGER FEASIBLE SOLUTION,0.000000,3600,649,0,-1,-1,0.000000,0.000000,4.264665,4.264665,82
r-stop-dp-C100_4_v4_d0.25_b1,config20,3,FAILED TO FIND AN INTEGER FEASIBLE SOLUTION,0.000000,3600,460,0,-1,-1,0.000000,0.000000,4.154569,4.154569,65
r-stop-dp-C100_4_v4_d0.25_b1,config16,1,FOUND INTEGER FEASIBLE,13.632267,23.970936,112,13,2,1,-118.340820,-167.127120,0.000000,0.000000,0
r-stop-dp-C100_4_v4_d0.25_b1,config16,2,FOUND INTEGER FEASIBLE,13.648451,26.476089,95,13,2,1,-134.710820,-216.743050,0.000000,0.000000,0
r-stop-dp-C100_4_v4_d0.25_b1,config16,3,FOUND INTEGER FEASIBLE,13.647224,55.391445,165,13,2,1,-55.767510,-142.515630,0.000000,0.000000,0
r-stop-dp-C100_4_v4_d0.25_b1,config17,1,FOUND INTEGER FEASIBLE,2.198957,5.770534,2,8,0,0,0.000000,0.000000,0.000000,0.000000,0
r-stop-dp-C100_4_v4_d0.25_b1,config17,2,FOUND INTEGER FEASIBLE,2.209241,5.538858,2,8,0,0,0.000000,0.000000,0.000000,0.000000,0
r-stop-dp-C100_4_v4_d0.25_b1,config17,3,FOUND INTEGER FEASIBLE,2.215891,5.562564,2,8,0,0,0.000000,0.000000,0.000000,0.000000,0
r-stop-dp-C100_4_v4_d0.25_b1,config21,1,FOUND INTEGER FEASIBLE,9.286133,12.594450,0,12,0,0,0.000000,0.000000,0.000000,0.000000,0
r-stop-dp-C100_4_v4_d0.25_b1,config21,2,FOUND INTEGER FEASIBLE,9.057885,12.211353,0,12,0,0,0.000000,0.000000,0.000000,0.000000,0
r-stop-dp-C100_4_v4_d0.25_b1,config21,3,FOUND INTEGER FEASIBLE,9.128995,12.332996,0,12,0,0,0.000000,0.000000,0.000000,0.000000,0
r-stop-dp-C100_4_v4_d0.25_b1,config23,1,FOUND INTEGER FEASIBLE,15.631487,19.421295,5,12,0,0,0.000000,0.000000,0.000000,0.000000,0
r-stop-dp-C100_4_v4_d0.25_b1,config23,2,FOUND INTEGER FEASIBLE,15.621076,19.317589,7,12,0,0,0.000000,0.000000,0.000000,0.000000,0
r-stop-dp-C100_4_v4_d0.25_b1,config23,3,FOUND INTEGER FEASIBLE,15.731202,19.417828,5,12,0,0,0.000000,0.000000,0.000000,0.000000,0
r-stop-dp-C100_4_v4_d0.25_b1,config19,1,FOUND INTEGER FEASIBLE,0.000000,4.366489,0,0,-1,-1,0.000000,0.000000,0.000000,0.000000,0
r-stop-dp-C100_4_v4_d0.25_b1,config19,2,FOUND INTEGER FEASIBLE,0.000000,4.088016,0,0,-1,-1,0.000000,0.000000,0.000000,0.000000,0
r-stop-dp-C100_4_v4_d0.25_b1,config19,3,FOUND INTEGER FEASIBLE,0.000000,4.100327,0,0,-1,-1,0.000000,0.000000,0.000000,0.000000,0
r-stop-dp-C100_4_v4_d0.25_b1,config18,1,FOUND INTEGER FEASIBLE,0.000000,4.824333,0,0,-1,-1,0.000000,0.000000,0.000000,0.000000,0
r-stop-dp-C100_4_v4_d0.25_b1,config18,2,FOUND INTEGER FEASIBLE,0.000000,4.980023,0,0,-1,-1,0.000000,0.000000,0.000000,0.000000,0
r-stop-dp-C100_4_v4_d0.25_b1,config18,3,FOUND INTEGER FEASIBLE,0.000000,5.025543,0,0,-1,-1,0.000000,0.000000,0.000000,0.000000,0
r-stop-dp-C100_4_v4_d0.25_b5,config1,1,FAILED TO FIND AN INTEGER FEASIBLE SOLUTION,0.000000,3600,18,0,-1,-1,0.000000,0.000000,6.837951,6.837951,144
r-stop-dp-C100_4_v4_d0.25_b5,config1,2,FAILED TO FIND AN INTEGER FEASIBLE SOLUTION,0.000000,3600,16,0,-1,-1,0.000000,0.000000,6.777274,6.777274,133
r-stop-dp-C100_4_v4_d0.25_b5,config1,3,FAILED TO FIND AN INTEGER FEASIBLE SOLUTION,0.000000,3600,25,0,-1,-1,0.000000,0.000000,6.102642,6.102642,119
r-stop-dp-C100_4_v4_d0.25_b5,config3,1,FAILED TO FIND AN INTEGER FEASIBLE SOLUTION,0.000000,3600,1,0,-1,-1,0.000000,0.000000,0.554846,0.554846,7
r-stop-dp-C100_4_v4_d0.25_b5,config3,2,FAILED TO FIND AN INTEGER FEASIBLE SOLUTION,0.000000,3600,1,0,-1,-1,0.000000,0.000000,0.554846,0.554846,7
r-stop-dp-C100_4_v4_d0.25_b5,config3,3,FAILED TO FIND AN INTEGER FEASIBLE SOLUTION,0.000000,3600,1,0,-1,-1,0.000000,0.000000,0.558033,0.558033,9
r-stop-dp-C100_4_v4_d0.25_b5,config20,1,FAILED TO FIND AN INTEGER FEASIBLE SOLUTION,0.000000,3600,25,0,-1,-1,0.000000,0.000000,6.253219,6.253219,122
r-stop-dp-C100_4_v4_d0.25_b5,config20,2,FAILED TO FIND AN INTEGER FEASIBLE SOLUTION,0.000000,3600,21,0,-1,-1,0.000000,0.000000,6.997412,6.997412,127
r-stop-dp-C100_4_v4_d0.25_b5,config20,3,FAILED TO FIND AN INTEGER FEASIBLE SOLUTION,0.000000,3600,25,0,-1,-1,0.000000,0.000000,6.253978,6.253978,86
r-stop-dp-C100_4_v4_d0.25_b5,config16,1,FAILED TO FIND AN INTEGER FEASIBLE SOLUTION,286.121024,3600,212,13,13,0,0.000000,0.000000,0.323479,0.323479,6
r-stop-dp-C100_4_v4_d0.25_b5,config16,2,FAILED TO FIND AN INTEGER FEASIBLE SOLUTION,284.825799,3600,232,13,12,0,0.000000,0.000000,0.653466,0.653466,8
r-stop-dp-C100_4_v4_d0.25_b5,config16,3,FAILED TO FIND AN INTEGER FEASIBLE SOLUTION,286.443203,3600,211,13,13,0,0.000000,0.000000,1.696344,1.696344,30
r-stop-dp-C100_4_v4_d0.25_b5,config17,1,FOUND INTEGER FEASIBLE,17.594627,29.049059,0,11,0,0,0.000000,0.000000,0.000000,0.000000,0
r-stop-dp-C100_4_v4_d0.25_b5,config17,2,FOUND INTEGER FEASIBLE,17.630414,29.203043,0,11,0,0,0.000000,0.000000,0.000000,0.000000,0
r-stop-dp-C100_4_v4_d0.25_b5,config17,3,FOUND INTEGER FEASIBLE,17.734562,29.353485,0,11,0,0,0.000000,0.000000,0.000000,0.000000,0
r-stop-dp-C100_4_v4_d0.25_b5,config21,1,FOUND INTEGER FEASIBLE,471.489071,481.471348,1,12,0,0,0.000000,0.000000,0.000000,0.000000,0
r-stop-dp-C100_4_v4_d0.25_b5,config21,2,FOUND INTEGER FEASIBLE,465.758521,475.224484,1,12,0,0,0.000000,0.000000,0.000000,0.000000,0
r-stop-dp-C100_4_v4_d0.25_b5,config21,3,FOUND INTEGER FEASIBLE,440.088669,449.603889,1,12,0,0,0.000000,0.000000,0.000000,0.000000,0
r-stop-dp-C100_4_v4_d0.25_b5,config23,1,FOUND INTEGER FEASIBLE,713.079758,724.868637,4,12,0,0,0.000000,0.000000,0.000000,0.000000,0
r-stop-dp-C100_4_v4_d0.25_b5,config23,2,FOUND INTEGER FEASIBLE,691.510641,702.991848,4,12,0,0,0.000000,0.000000,0.000000,0.000000,0
r-stop-dp-C100_4_v4_d0.25_b5,config23,3,FOUND INTEGER FEASIBLE,693.676946,705.093486,5,12,0,0,0.000000,0.000000,0.000000,0.000000,0
r-stop-dp-C100_4_v4_d0.25_b5,config19,1,FOUND INTEGER FEASIBLE,0.000000,14.414661,0,0,-1,-1,0.000000,0.000000,0.000000,0.000000,0
r-stop-dp-C100_4_v4_d0.25_b5,config19,2,FOUND INTEGER FEASIBLE,0.000000,13.816894,0,0,-1,-1,0.000000,0.000000,0.000000,0.000000,0
r-stop-dp-C100_4_v4_d0.25_b5,config19,3,FOUND INTEGER FEASIBLE,0.000000,13.750496,0,0,-1,-1,0.000000,0.000000,0.000000,0.000000,0
r-stop-dp-C100_4_v4_d0.25_b5,config18,1,FOUND INTEGER FEASIBLE,0.000000,15.648899,0,0,-1,-1,0.000000,0.000000,0.000000,0.000000,0
r-stop-dp-C100_4_v4_d0.25_b5,config18,2,FOUND INTEGER FEASIBLE,0.000000,15.591703,0,0,-1,-1,0.000000,0.000000,0.000000,0.000000,0
r-stop-dp-C100_4_v4_d0.25_b5,config18,3,FOUND INTEGER FEASIBLE,0.000000,15.439798,0,0,-1,-1,0.000000,0.000000,0.000000,0.000000,0
r-stop-dp-C50_3_v2_d0.25_b1,config1,1,FAILED TO FIND AN INTEGER FEASIBLE SOLUTION,0.000000,3600,6768,0,-1,-1,0.000000,0.000000,1.143356,1.143356,10
r-stop-dp-C50_3_v2_d0.25_b1,config1,2,FAILED TO FIND AN INTEGER FEASIBLE SOLUTION,0.000000,3600,6123,0,-1,-1,0.000000,0.000000,1.113927,1.113927,19
r-stop-dp-C50_3_v2_d0.25_b1,config1,3,FAILED TO FIND AN INTEGER FEASIBLE SOLUTION,0.000000,3600,6211,0,-1,-1,0.000000,0.000000,1.165345,1.165345,15
r-stop-dp-C50_3_v2_d0.25_b1,config3,1,FOUND INTEGER FEASIBLE,0.000000,4.150269,14,0,-1,-1,-44.685410,-52.906890,0.000000,0.000000,0
r-stop-dp-C50_3_v2_d0.25_b1,config3,2,FAILED TO FIND AN INTEGER FEASIBLE SOLUTION,0.000000,3600,6733,0,-1,-1,0.000000,0.000000,0.676767,0.676767,6
r-stop-dp-C50_3_v2_d0.25_b1,config3,3,FOUND INTEGER FEASIBLE,0.000000,1.509703,5,0,-1,-1,0.000000,0.000000,0.000000,0.000000,0
r-stop-dp-C50_3_v2_d0.25_b1,config20,1,FAILED TO FIND AN INTEGER FEASIBLE SOLUTION,0.000000,3600,8552,0,-1,-1,0.000000,0.000000,0.938426,0.938426,16
r-stop-dp-C50_3_v2_d0.25_b1,config20,2,FAILED TO FIND AN INTEGER FEASIBLE SOLUTION,0.000000,3600,8409,0,-1,-1,0.000000,0.000000,1.160588,1.160588,10
r-stop-dp-C50_3_v2_d0.25_b1,config20,3,FAILED TO FIND AN INTEGER FEASIBLE SOLUTION,0.000000,3600,8859,0,-1,-1,0.000000,0.000000,1.004366,1.004366,10
r-stop-dp-C50_3_v2_d0.25_b1,config16,1,FOUND INTEGER FEASIBLE,5.734002,156.739308,367,11,3,0,-100.229020,-112.118380,0.000000,0.000000,0
r-stop-dp-C50_3_v2_d0.25_b1,config16,2,FOUND INTEGER FEASIBLE,6.044896,157.490502,349,11,4,0,-111.785940,-126.391120,0.000000,0.000000,0
r-stop-dp-C50_3_v2_d0.25_b1,config16,3,FOUND INTEGER FEASIBLE,5.875993,102.500033,224,11,2,0,-70.823750,-84.602110,0.000000,0.000000,0
r-stop-dp-C50_3_v2_d0.25_b1,config17,1,FOUND INTEGER FEASIBLE,0.238135,0.693464,0,2,0,0,0.000000,0.000000,0.000000,0.000000,0
r-stop-dp-C50_3_v2_d0.25_b1,config17,2,FOUND INTEGER FEASIBLE,0.336879,0.985846,0,2,0,0,0.000000,0.000000,0.000000,0.000000,0
r-stop-dp-C50_3_v2_d0.25_b1,config17,3,FOUND INTEGER FEASIBLE,0.236926,0.702986,0,2,0,0,0.000000,0.000000,0.000000,0.000000,0
r-stop-dp-C50_3_v2_d0.25_b1,config21,1,FOUND INTEGER FEASIBLE,2.233162,2.746287,0,12,0,0,0.000000,0.000000,0.000000,0.000000,0
r-stop-dp-C50_3_v2_d0.25_b1,config21,2,FOUND INTEGER FEASIBLE,2.202385,2.701661,0,12,0,0,0.000000,0.000000,0.000000,0.000000,0
r-stop-dp-C50_3_v2_d0.25_b1,config21,3,FOUND INTEGER FEASIBLE,2.203893,2.702681,0,12,0,0,0.000000,0.000000,0.000000,0.000000,0
r-stop-dp-C50_3_v2_d0.25_b1,config23,1,FOUND INTEGER FEASIBLE,3.496791,4.166653,5,12,0,0,0.000000,0.000000,0.000000,0.000000,0
r-stop-dp-C50_3_v2_d0.25_b1,config23,2,FOUND INTEGER FEASIBLE,3.505966,4.151445,7,12,0,0,0.000000,0.000000,0.000000,0.000000,0
r-stop-dp-C50_3_v2_d0.25_b1,config23,3,FOUND INTEGER FEASIBLE,3.494255,4.139533,5,12,0,0,0.000000,0.000000,0.000000,0.000000,0
r-stop-dp-C50_3_v2_d0.25_b1,config19,1,FOUND INTEGER FEASIBLE,0.000000,0.555731,0,0,-1,-1,0.000000,0.000000,0.000000,0.000000,0
r-stop-dp-C50_3_v2_d0.25_b1,config19,2,FOUND INTEGER FEASIBLE,0.000000,0.517132,0,0,-1,-1,0.000000,0.000000,0.000000,0.000000,0
r-stop-dp-C50_3_v2_d0.25_b1,config19,3,FOUND INTEGER FEASIBLE,0.000000,0.514676,0,0,-1,-1,0.000000,0.000000,0.000000,0.000000,0
r-stop-dp-C50_3_v2_d0.25_b1,config18,1,FOUND INTEGER FEASIBLE,0.000000,0.981686,0,0,-1,-1,0.000000,0.000000,0.000000,0.000000,0
r-stop-dp-C50_3_v2_d0.25_b1,config18,2,FOUND INTEGER FEASIBLE,0.000000,0.949990,0,0,-1,-1,0.000000,0.000000,0.000000,0.000000,0
r-stop-dp-C50_3_v2_d0.25_b1,config18,3,FOUND INTEGER FEASIBLE,0.000000,0.951213,0,0,-1,-1,0.000000,0.000000,0.000000,0.000000,0
r-stop-dp-C50_3_v2_d0.25_b5,config1,1,FAILED TO FIND AN INTEGER FEASIBLE SOLUTION,0.000000,3600,605,0,-1,-1,0.000000,0.000000,3.422661,3.422661,29
r-stop-dp-C50_3_v2_d0.25_b5,config1,2,FAILED TO FIND AN INTEGER FEASIBLE SOLUTION,0.000000,3600,467,0,-1,-1,0.000000,0.000000,4.432785,4.432785,41
r-stop-dp-C50_3_v2_d0.25_b5,config1,3,FOUND INTEGER FEASIBLE,0.000000,3488.568662,528,0,-1,-1,-91.249180,-122.028130,0.000000,0.000000,0
r-stop-dp-C50_3_v2_d0.25_b5,config3,1,FAILED TO FIND AN INTEGER FEASIBLE SOLUTION,0.000000,3600,244,0,-1,-1,0.000000,0.000000,0.676767,0.676767,6
r-stop-dp-C50_3_v2_d0.25_b5,config3,2,FOUND INTEGER FEASIBLE,0.000000,29.343272,10,0,-1,-1,-21.357350,-31.086600,0.000000,0.000000,0
r-stop-dp-C50_3_v2_d0.25_b5,config3,3,FOUND INTEGER FEASIBLE,0.000000,66.053844,5,0,-1,-1,0.000000,0.000000,0.000000,0.000000,0
r-stop-dp-C50_3_v2_d0.25_b5,config20,1,FAILED TO FIND AN INTEGER FEASIBLE SOLUTION,0.000000,3600,838,0,-1,-1,0.000000,0.000000,0.894418,0.894418,14
r-stop-dp-C50_3_v2_d0.25_b5,config20,2,FAILED TO FIND AN INTEGER FEASIBLE SOLUTION,0.000000,3600,622,0,-1,-1,0.000000,0.000000,0.936799,0.936799,10
r-stop-dp-C50_3_v2_d0.25_b5,config20,3,FAILED TO FIND AN INTEGER FEASIBLE SOLUTION,0.000000,3600,448,0,-1,-1,0.000000,0.000000,3.192329,3.192329,38
r-stop-dp-C50_3_v2_d0.25_b5,config16,1,FOUND INTEGER FEASIBLE,32.919120,863.406036,306,11,4,0,-36.775670,-60.805950,0.000000,0.000000,0
r-stop-dp-C50_3_v2_d0.25_b5,config16,2,FOUND INTEGER FEASIBLE,32.809940,638.055318,277,11,3,0,-85.857120,-107.268680,0.000000,0.000000,0
r-stop-dp-C50_3_v2_d0.25_b5,config16,3,FOUND INTEGER FEASIBLE,32.840192,280.213834,177,11,2,0,-99.604800,-116.360530,0.000000,0.000000,0
r-stop-dp-C50_3_v2_d0.25_b5,config17,1,FOUND INTEGER FEASIBLE,1.113031,3.309988,0,2,0,0,0.000000,0.000000,0.000000,0.000000,0
r-stop-dp-C50_3_v2_d0.25_b5,config17,2,FOUND INTEGER FEASIBLE,1.099325,3.284059,0,2,0,0,0.000000,0.000000,0.000000,0.000000,0
r-stop-dp-C50_3_v2_d0.25_b5,config17,3,FOUND INTEGER FEASIBLE,1.097517,3.284165,0,2,0,0,0.000000,0.000000,0.000000,0.000000,0
r-stop-dp-C50_3_v2_d0.25_b5,config21,1,FOUND INTEGER FEASIBLE,45.987597,374.612883,151,12,2,0,-53.827730,-72.972130,0.000000,0.000000,0
r-stop-dp-C50_3_v2_d0.25_b5,config21,2,FOUND INTEGER FEASIBLE,46.099317,659.267341,192,12,3,0,-62.971230,-72.585080,0.000000,0.000000,0
r-stop-dp-C50_3_v2_d0.25_b5,config21,3,FOUND INTEGER FEASIBLE,46.090643,177.657214,106,12,1,0,-35.703350,-53.771350,0.000000,0.000000,0
r-stop-dp-C50_3_v2_d0.25_b5,config23,1,FOUND INTEGER FEASIBLE,84.336660,179.656873,97,12,1,0,-20.715350,-38.467480,0.000000,0.000000,0
r-stop-dp-C50_3_v2_d0.25_b5,config23,2,FOUND INTEGER FEASIBLE,85.403042,633.612131,149,12,3,0,0.000000,0.000000,0.000000,0.000000,0
r-stop-dp-C50_3_v2_d0.25_b5,config23,3,FOUND INTEGER FEASIBLE,85.200122,909.989526,173,12,4,0,0.000000,0.000000,0.000000,0.000000,0
r-stop-dp-C50_3_v2_d0.25_b5,config19,1,FOUND INTEGER FEASIBLE,0.000000,2.405794,0,0,-1,-1,0.000000,0.000000,0.000000,0.000000,0
r-stop-dp-C50_3_v2_d0.25_b5,config19,2,FOUND INTEGER FEASIBLE,0.000000,1.984712,0,0,-1,-1,0.000000,0.000000,0.000000,0.000000,0
r-stop-dp-C50_3_v2_d0.25_b5,config19,3,FOUND INTEGER FEASIBLE,0.000000,1.964832,0,0,-1,-1,0.000000,0.000000,0.000000,0.000000,0
r-stop-dp-C50_3_v2_d0.25_b5,config18,1,FOUND INTEGER FEASIBLE,0.000000,2.723804,0,0,-1,-1,0.000000,0.000000,0.000000,0.000000,0
r-stop-dp-C50_3_v2_d0.25_b5,config18,2,FOUND INTEGER FEASIBLE,0.000000,2.834811,0,0,-1,-1,0.000000,0.000000,0.000000,0.000000,0
r-stop-dp-C50_3_v2_d0.25_b5,config18,3,FOUND INTEGER FEASIBLE,0.000000,2.804137,0,0,-1,-1,0.000000,0.000000,0.000000,0.000000,0
r-stop-dp-C50_3_v4_d0.25_b1,config1,1,FAILED TO FIND AN INTEGER FEASIBLE SOLUTION,0.000000,3600,6004,0,-1,-1,0.000000,0.000000,0.119435,0.119435,4
r-stop-dp-C50_3_v4_d0.25_b1,config1,2,FAILED TO FIND AN INTEGER FEASIBLE SOLUTION,0.000000,3600,5626,0,-1,-1,0.000000,0.000000,0.236241,0.236241,6
r-stop-dp-C50_3_v4_d0.25_b1,config1,3,FAILED TO FIND AN INTEGER FEASIBLE SOLUTION,0.000000,3600,4436,0,-1,-1,0.000000,0.000000,0.223665,0.223665,6
r-stop-dp-C50_3_v4_d0.25_b1,config3,1,FOUND INTEGER FEASIBLE,0.000000,4.386160,14,0,-1,-1,-44.685410,-52.906890,0.000000,0.000000,0
r-stop-dp-C50_3_v4_d0.25_b1,config3,2,FOUND INTEGER FEASIBLE,0.000000,8.816822,22,0,-1,-1,-122.409070,-128.672610,0.000000,0.000000,0
r-stop-dp-C50_3_v4_d0.25_b1,config3,3,FOUND INTEGER FEASIBLE,0.000000,1.635770,5,0,-1,-1,0.000000,0.000000,0.000000,0.000000,0
r-stop-dp-C50_3_v4_d0.25_b1,config20,1,FOUND INTEGER FEASIBLE,0.000000,2952.155417,6343,0,-1,-1,-135.148900,-167.539460,0.000000,0.000000,0
r-stop-dp-C50_3_v4_d0.25_b1,config20,2,FAILED TO FIND AN INTEGER FEASIBLE SOLUTION,0.000000,3600,7916,0,-1,-1,0.000000,0.000000,0.147552,0.147552,6
r-stop-dp-C50_3_v4_d0.25_b1,config20,3,FAILED TO FIND AN INTEGER FEASIBLE SOLUTION,0.000000,3600,5942,0,-1,-1,0.000000,0.000000,0.238229,0.238229,7
r-stop-dp-C50_3_v4_d0.25_b1,config16,1,FOUND INTEGER FEASIBLE,4.739456,119.438920,195,12,2,0,-109.195020,-111.304020,0.000000,0.000000,0
r-stop-dp-C50_3_v4_d0.25_b1,config16,2,FOUND INTEGER FEASIBLE,4.827916,115.793028,174,12,2,0,-120.332250,-125.768620,0.000000,0.000000,0
r-stop-dp-C50_3_v4_d0.25_b1,config16,3,FOUND INTEGER FEASIBLE,4.796446,130.518207,171,12,2,0,-61.186800,-87.336840,0.000000,0.000000,0
r-stop-dp-C50_3_v4_d0.25_b1,config17,1,FOUND INTEGER FEASIBLE,0.291512,1.102414,0,2,0,0,0.000000,0.000000,0.000000,0.000000,0
r-stop-dp-C50_3_v4_d0.25_b1,config17,2,FOUND INTEGER FEASIBLE,0.292337,1.106561,0,2,0,0,0.000000,0.000000,0.000000,0.000000,0
r-stop-dp-C50_3_v4_d0.25_b1,config17,3,FOUND INTEGER FEASIBLE,0.186636,0.818515,0,2,0,0,0.000000,0.000000,0.000000,0.000000,0
r-stop-dp-C50_3_v4_d0.25_b1,config21,1,FOUND INTEGER FEASIBLE,2.509314,3.065234,0,12,0,0,0.000000,0.000000,0.000000,0.000000,0
r-stop-dp-C50_3_v4_d0.25_b1,config21,2,FOUND INTEGER FEASIBLE,2.507723,3.011047,0,12,0,0,0.000000,0.000000,0.000000,0.000000,0
r-stop-dp-C50_3_v4_d0.25_b1,config21,3,FOUND INTEGER FEASIBLE,2.511037,3.027218,0,12,0,0,0.000000,0.000000,0.000000,0.000000,0
r-stop-dp-C50_3_v4_d0.25_b1,config23,1,FOUND INTEGER FEASIBLE,4.073803,4.753799,5,12,0,0,0.000000,0.000000,0.000000,0.000000,0
r-stop-dp-C50_3_v4_d0.25_b1,config23,2,FOUND INTEGER FEASIBLE,3.371186,3.721547,7,12,0,0,0.000000,0.000000,0.000000,0.000000,0
r-stop-dp-C50_3_v4_d0.25_b1,config23,3,FOUND INTEGER FEASIBLE,4.079531,4.736841,5,12,0,0,0.000000,0.000000,0.000000,0.000000,0
r-stop-dp-C50_3_v4_d0.25_b1,config19,1,FOUND INTEGER FEASIBLE,0.000000,0.785483,0,0,-1,-1,-19.503840,-19.503840,0.000000,0.000000,0
r-stop-dp-C50_3_v4_d0.25_b1,config19,2,FOUND INTEGER FEASIBLE,0.000000,0.737505,0,0,-1,-1,-19.503840,-19.503840,0.000000,0.000000,0
r-stop-dp-C50_3_v4_d0.25_b1,config19,3,FOUND INTEGER FEASIBLE,0.000000,0.736653,0,0,-1,-1,-19.503840,-19.503840,0.000000,0.000000,0
r-stop-dp-C50_3_v4_d0.25_b1,config18,1,FOUND INTEGER FEASIBLE,0.000000,0.978991,0,0,-1,-1,-19.503840,-19.503840,0.000000,0.000000,0
r-stop-dp-C50_3_v4_d0.25_b1,config18,2,FOUND INTEGER FEASIBLE,0.000000,0.950906,0,0,-1,-1,-19.503840,-19.503840,0.000000,0.000000,0
r-stop-dp-C50_3_v4_d0.25_b1,config18,3,FOUND INTEGER FEASIBLE,0.000000,0.948804,0,0,-1,-1,-19.503840,-19.503840,0.000000,0.000000,0
r-stop-dp-C50_3_v4_d0.25_b5,config1,1,FAILED TO FIND AN INTEGER FEASIBLE SOLUTION,0.000000,3600,536,0,-1,-1,0.000000,0.000000,0.667377,0.667377,6
r-stop-dp-C50_3_v4_d0.25_b5,config1,2,FAILED TO FIND AN INTEGER FEASIBLE SOLUTION,0.000000,3600,471,0,-1,-1,0.000000,0.000000,1.288485,1.288485,16
r-stop-dp-C50_3_v4_d0.25_b5,config1,3,FAILED TO FIND AN INTEGER FEASIBLE SOLUTION,0.000000,3600,612,0,-1,-1,0.000000,0.000000,1.345989,1.345989,12
r-stop-dp-C50_3_v4_d0.25_b5,config3,1,FOUND INTEGER FEASIBLE,0.000000,766.979689,115,0,-1,-1,-145.146940,-167.257850,0.000000,0.000000,0
r-stop-dp-C50_3_v4_d0.25_b5,config3,2,FOUND INTEGER FEASIBLE,0.000000,29.144015,10,0,-1,-1,-21.357350,-31.086600,0.000000,0.000000,0
r-stop-dp-C50_3_v4_d0.25_b5,config3,3,FOUND INTEGER FEASIBLE,0.000000,71.296720,5,0,-1,-1,0.000000,0.000000,0.000000,0.000000,0
r-stop-dp-C50_3_v4_d0.25_b5,config20,1,FAILED TO FIND AN INTEGER FEASIBLE SOLUTION,0.000000,3600,607,0,-1,-1,0.000000,0.000000,0.834980,0.834980,7
r-stop-dp-C50_3_v4_d0.25_b5,config20,2,FOUND INTEGER FEASIBLE,0.000000,1424.718614,361,0,-1,-1,-118.526350,-141.666310,0.000000,0.000000,0
r-stop-dp-C50_3_v4_d0.25_b5,config20,3,FOUND INTEGER FEASIBLE,0.000000,1979.903183,547,0,-1,-1,-182.738300,-209.104560,0.000000,0.000000,0
r-stop-dp-C50_3_v4_d0.25_b5,config16,1,FOUND INTEGER FEASIBLE,23.574434,203.640437,191,12,2,0,-62.777660,-78.016170,0.000000,0.000000,0
r-stop-dp-C50_3_v4_d0.25_b5,config16,2,FOUND INTEGER FEASIBLE,24.418876,212.078672,173,12,2,0,-62.777660,-78.016170,0.000000,0.000000,0
r-stop-dp-C50_3_v4_d0.25_b5,config16,3,FOUND INTEGER FEASIBLE,23.752292,245.620054,175,12,2,0,-52.570270,-73.931650,0.000000,0.000000,0
r-stop-dp-C50_3_v4_d0.25_b5,config17,1,FOUND INTEGER FEASIBLE,0.949819,3.499689,0,2,0,0,0.000000,0.000000,0.000000,0.000000,0
r-stop-dp-C50_3_v4_d0.25_b5,config17,2,FOUND INTEGER FEASIBLE,0.952476,3.499552,0,2,0,0,0.000000,0.000000,0.000000,0.000000,0
r-stop-dp-C50_3_v4_d0.25_b5,config17,3,FOUND INTEGER FEASIBLE,0.949458,3.512174,0,2,0,0,0.000000,0.000000,0.000000,0.000000,0
r-stop-dp-C50_3_v4_d0.25_b5,config21,1,FOUND INTEGER FEASIBLE,17.881333,19.702075,0,12,0,0,0.000000,0.000000,0.000000,0.000000,0
r-stop-dp-C50_3_v4_d0.25_b5,config21,2,FOUND INTEGER FEASIBLE,17.834568,19.645545,0,12,0,0,0.000000,0.000000,0.000000,0.000000,0
r-stop-dp-C50_3_v4_d0.25_b5,config21,3,FOUND INTEGER FEASIBLE,17.846608,19.652693,0,12,0,0,0.000000,0.000000,0.000000,0.000000,0
r-stop-dp-C50_3_v4_d0.25_b5,config23,1,FOUND INTEGER FEASIBLE,31.628423,33.885067,5,12,0,0,0.000000,0.000000,0.000000,0.000000,0
r-stop-dp-C50_3_v4_d0.25_b5,config23,2,FOUND INTEGER FEASIBLE,31.630446,33.832201,5,12,0,0,0.000000,0.000000,0.000000,0.000000,0
r-stop-dp-C50_3_v4_d0.25_b5,config23,3,FOUND INTEGER FEASIBLE,31.667160,33.864024,5,12,0,0,0.000000,0.000000,0.000000,0.000000,0
r-stop-dp-C50_3_v4_d0.25_b5,config19,1,FOUND INTEGER FEASIBLE,0.000000,2.383407,0,0,-1,-1,-19.503840,-19.503840,0.000000,0.000000,0
r-stop-dp-C50_3_v4_d0.25_b5,config19,2,FOUND INTEGER FEASIBLE,0.000000,2.429100,0,0,-1,-1,-19.503840,-19.503840,0.000000,0.000000,0
r-stop-dp-C50_3_v4_d0.25_b5,config19,3,FOUND INTEGER FEASIBLE,0.000000,2.454006,0,0,-1,-1,-19.503840,-19.503840,0.000000,0.000000,0
r-stop-dp-C50_3_v4_d0.25_b5,config18,1,FOUND INTEGER FEASIBLE,0.000000,2.698453,0,0,-1,-1,-19.503840,-19.503840,0.000000,0.000000,0
r-stop-dp-C50_3_v4_d0.25_b5,config18,2,FOUND INTEGER FEASIBLE,0.000000,2.700865,0,0,-1,-1,-19.503840,-19.503840,0.000000,0.000000,0
r-stop-dp-C50_3_v4_d0.25_b5,config18,3,FOUND INTEGER FEASIBLE,0.000000,2.683181,0,0,-1,-1,-19.503840,-19.503840,0.000000,0.000000,0
r-stop-dp-C50_4_v2_d0.25_b1,config1,1,FAILED TO FIND AN INTEGER FEASIBLE SOLUTION,0.000000,3600,5470,0,-1,-1,0.000000,0.000000,0.479405,0.479405,12
r-stop-dp-C50_4_v2_d0.25_b1,config1,2,FAILED TO FIND AN INTEGER FEASIBLE SOLUTION,0.000000,3600,5087,0,-1,-1,0.000000,0.000000,0.618098,0.618098,12
r-stop-dp-C50_4_v2_d0.25_b1,config1,3,FAILED TO FIND AN INTEGER FEASIBLE SOLUTION,0.000000,3600,4944,0,-1,-1,0.000000,0.000000,0.448150,0.448150,8
r-stop-dp-C50_4_v2_d0.25_b1,config3,1,FOUND INTEGER FEASIBLE,0.000000,3.323893,9,0,-1,-1,-30.703540,-30.703540,0.000000,0.000000,0
r-stop-dp-C50_4_v2_d0.25_b1,config3,2,FOUND INTEGER FEASIBLE,0.000000,3.080537,10,0,-1,-1,-21.357350,-31.454100,0.000000,0.000000,0
r-stop-dp-C50_4_v2_d0.25_b1,config3,3,FOUND INTEGER FEASIBLE,0.000000,1.711320,5,0,-1,-1,0.000000,0.000000,0.000000,0.000000,0
r-stop-dp-C50_4_v2_d0.25_b1,config20,1,FAILED TO FIND AN INTEGER FEASIBLE SOLUTION,0.000000,3600,7262,0,-1,-1,0.000000,0.000000,0.683020,0.683020,14
r-stop-dp-C50_4_v2_d0.25_b1,config20,2,FAILED TO FIND AN INTEGER FEASIBLE SOLUTION,0.000000,3600,6384,0,-1,-1,0.000000,0.000000,0.386038,0.386038,8
r-stop-dp-C50_4_v2_d0.25_b1,config20,3,FAILED TO FIND AN INTEGER FEASIBLE SOLUTION,0.000000,3600,7152,0,-1,-1,0.000000,0.000000,0.488847,0.488847,12
r-stop-dp-C50_4_v2_d0.25_b1,config16,1,FOUND INTEGER FEASIBLE,4.603638,130.016706,244,13,2,0,-57.669120,-95.478830,0.000000,0.000000,0
r-stop-dp-C50_4_v2_d0.25_b1,config16,2,FOUND INTEGER FEASIBLE,4.584963,253.858679,397,13,4,0,-93.739880,-136.504310,0.000000,0.000000,0
r-stop-dp-C50_4_v2_d0.25_b1,config16,3,FOUND INTEGER FEASIBLE,4.607824,340.003334,645,13,7,0,-22.225220,-35.292980,0.000000,0.000000,0
r-stop-dp-C50_4_v2_d0.25_b1,config17,1,FOUND INTEGER FEASIBLE,0.614005,1.272675,0,2,0,0,0.000000,0.000000,0.000000,0.000000,0
r-stop-dp-C50_4_v2_d0.25_b1,config17,2,FOUND INTEGER FEASIBLE,0.617086,1.269945,0,2,0,0,0.000000,0.000000,0.000000,0.000000,0
r-stop-dp-C50_4_v2_d0.25_b1,config17,3,FOUND INTEGER FEASIBLE,0.617615,1.268515,0,2,0,0,0.000000,0.000000,0.000000,0.000000,0
r-stop-dp-C50_4_v2_d0.25_b1,config21,1,FOUND INTEGER FEASIBLE,1.613473,1.921719,2,12,0,0,0.000000,0.000000,0.000000,0.000000,0
r-stop-dp-C50_4_v2_d0.25_b1,config21,2,FOUND INTEGER FEASIBLE,2.378461,2.886456,1,12,0,0,0.000000,0.000000,0.000000,0.000000,0
r-stop-dp-C50_4_v2_d0.25_b1,config21,3,FOUND INTEGER FEASIBLE,2.348175,2.845979,2,12,0,0,0.000000,0.000000,0.000000,0.000000,0
r-stop-dp-C50_4_v2_d0.25_b1,config23,1,FOUND INTEGER FEASIBLE,3.786588,4.451978,0,12,0,0,0.000000,0.000000,0.000000,0.000000,0
r-stop-dp-C50_4_v2_d0.25_b1,config23,2,FOUND INTEGER FEASIBLE,3.797275,4.431848,0,12,0,0,0.000000,0.000000,0.000000,0.000000,0
r-stop-dp-C50_4_v2_d0.25_b1,config23,3,FOUND INTEGER FEASIBLE,3.791508,4.423676,0,12,0,0,0.000000,0.000000,0.000000,0.000000,0
r-stop-dp-C50_4_v2_d0.25_b1,config19,1,FOUND INTEGER FEASIBLE,0.000000,0.624949,0,0,-1,-1,0.000000,0.000000,0.000000,0.000000,0
r-stop-dp-C50_4_v2_d0.25_b1,config19,2,FOUND INTEGER FEASIBLE,0.000000,0.749219,0,0,-1,-1,0.000000,0.000000,0.000000,0.000000,0
r-stop-dp-C50_4_v2_d0.25_b1,config19,3,FOUND INTEGER FEASIBLE,0.000000,0.738164,0,0,-1,-1,0.000000,0.000000,0.000000,0.000000,0
r-stop-dp-C50_4_v2_d0.25_b1,config18,1,FOUND INTEGER FEASIBLE,0.000000,0.977473,0,0,-1,-1,0.000000,0.000000,0.000000,0.000000,0
r-stop-dp-C50_4_v2_d0.25_b1,config18,2,FOUND INTEGER FEASIBLE,0.000000,0.948030,0,0,-1,-1,0.000000,0.000000,0.000000,0.000000,0
r-stop-dp-C50_4_v2_d0.25_b1,config18,3,FOUND INTEGER FEASIBLE,0.000000,0.948847,0,0,-1,-1,0.000000,0.000000,0.000000,0.000000,0
r-stop-dp-C50_4_v2_d0.25_b5,config1,1,FAILED TO FIND AN INTEGER FEASIBLE SOLUTION,0.000000,3600,459,0,-1,-1,0.000000,0.000000,0.995539,0.995539,20
r-stop-dp-C50_4_v2_d0.25_b5,config1,2,FAILED TO FIND AN INTEGER FEASIBLE SOLUTION,0.000000,3600,279,0,-1,-1,0.000000,0.000000,2.401574,2.401574,38
r-stop-dp-C50_4_v2_d0.25_b5,config1,3,FAILED TO FIND AN INTEGER FEASIBLE SOLUTION,0.000000,3600,324,0,-1,-1,0.000000,0.000000,1.915124,1.915124,22
r-stop-dp-C50_4_v2_d0.25_b5,config3,1,FAILED TO FIND AN INTEGER FEASIBLE SOLUTION,0.000000,3600,85,0,-1,-1,0.000000,0.000000,0.319242,0.319242,6
r-stop-dp-C50_4_v2_d0.25_b5,config3,2,FOUND INTEGER FEASIBLE,0.000000,118.216590,10,0,-1,-1,-21.357350,-31.086600,0.000000,0.000000,0
r-stop-dp-C50_4_v2_d0.25_b5,config3,3,FOUND INTEGER FEASIBLE,0.000000,67.458139,5,0,-1,-1,0.000000,0.000000,0.000000,0.000000,0
r-stop-dp-C50_4_v2_d0.25_b5,config20,1,FAILED TO FIND AN INTEGER FEASIBLE SOLUTION,0.000000,3600,452,0,-1,-1,0.000000,0.000000,1.657870,1.657870,37
r-stop-dp-C50_4_v2_d0.25_b5,config20,2,FAILED TO FIND AN INTEGER FEASIBLE SOLUTION,0.000000,3600,419,0,-1,-1,0.000000,0.000000,1.050619,1.050619,29
r-stop-dp-C50_4_v2_d0.25_b5,config20,3,FAILED TO FIND AN INTEGER FEASIBLE SOLUTION,0.000000,3600,568,0,-1,-1,0.000000,0.000000,1.507342,1.507342,25
r-stop-dp-C50_4_v2_d0.25_b5,config16,1,FOUND INTEGER FEASIBLE,9.630052,26.228479,112,13,1,1,-35.781940,-79.754530,0.000000,0.000000,0
r-stop-dp-C50_4_v2_d0.25_b5,config16,2,FOUND INTEGER FEASIBLE,9.533165,27.378224,134,13,1,1,-40.043570,-74.222790,0.000000,0.035619,0
r-stop-dp-C50_4_v2_d0.25_b5,config16,3,FOUND INTEGER FEASIBLE,9.520151,257.249812,128,13,2,1,-29.937500,-85.932030,0.000000,0.000000,0
r-stop-dp-C50_4_v2_d0.25_b5,config17,1,FOUND INTEGER FEASIBLE,1.619918,3.856656,0,2,0,0,0.000000,0.000000,0.000000,0.000000,0
r-stop-dp-C50_4_v2_d0.25_b5,config17,2,FOUND INTEGER FEASIBLE,1.580808,2.870698,0,2,0,0,0.000000,0.000000,0.000000,0.000000,0
r-stop-dp-C50_4_v2_d0.25_b5,config17,3,FOUND INTEGER FEASIBLE,1.603443,3.817960,0,2,0,0,0.000000,0.000000,0.000000,0.000000,0
r-stop-dp-C50_4_v2_d0.25_b5,config21,1,FOUND INTEGER FEASIBLE,96.260790,98.154876,0,11,0,0,0.000000,0.000000,0.000000,0.000000,0
r-stop-dp-C50_4_v2_d0.25_b5,config21,2,FOUND INTEGER FEASIBLE,96.666357,97.706559,0,11,0,0,0.000000,0.000000,0.000000,0.000000,0
r-stop-dp-C50_4_v2_d0.25_b5,config21,3,FOUND INTEGER FEASIBLE,97.066180,98.883261,0,11,0,0,0.000000,0.000000,0.000000,0.000000,0
r-stop-dp-C50_4_v2_d0.25_b5,config23,1,FOUND INTEGER FEASIBLE,175.354820,177.646760,5,11,0,0,0.000000,0.000000,0.000000,0.000000,0
r-stop-dp-C50_4_v2_d0.25_b5,config23,2,FOUND INTEGER FEASIBLE,175.914963,178.113631,5,11,0,0,0.000000,0.000000,0.000000,0.000000,0
r-stop-dp-C50_4_v2_d0.25_b5,config23,3,FOUND INTEGER FEASIBLE,176.969110,179.184160,5,11,0,0,0.000000,0.000000,0.000000,0.000000,0
r-stop-dp-C50_4_v2_d0.25_b5,config19,1,FOUND INTEGER FEASIBLE,0.000000,2.287640,0,0,-1,-1,0.000000,0.000000,0.000000,0.000000,0
r-stop-dp-C50_4_v2_d0.25_b5,config19,2,FOUND INTEGER FEASIBLE,0.000000,2.306418,0,0,-1,-1,0.000000,0.000000,0.000000,0.000000,0
r-stop-dp-C50_4_v2_d0.25_b5,config19,3,FOUND INTEGER FEASIBLE,0.000000,2.355449,0,0,-1,-1,0.000000,0.000000,0.000000,0.000000,0
r-stop-dp-C50_4_v2_d0.25_b5,config18,1,FOUND INTEGER FEASIBLE,0.000000,2.727990,0,0,-1,-1,0.000000,0.000000,0.000000,0.000000,0
r-stop-dp-C50_4_v2_d0.25_b5,config18,2,FOUND INTEGER FEASIBLE,0.000000,2.822497,0,0,-1,-1,0.000000,0.000000,0.000000,0.000000,0
r-stop-dp-C50_4_v2_d0.25_b5,config18,3,FOUND INTEGER FEASIBLE,0.000000,2.831967,0,0,-1,-1,0.000000,0.000000,0.000000,0.000000,0
r-stop-dp-C50_4_v4_d0.25_b1,config1,1,FOUND INTEGER FEASIBLE,0.000000,850.249953,1124,0,-1,-1,-132.799860,-232.352920,0.000000,0.000000,0
r-stop-dp-C50_4_v4_d0.25_b1,config1,2,FAILED TO FIND AN INTEGER FEASIBLE SOLUTION,0.000000,3600,4229,0,-1,-1,0.000000,0.000000,0.155917,0.155917,6
r-stop-dp-C50_4_v4_d0.25_b1,config1,3,FAILED TO FIND AN INTEGER FEASIBLE SOLUTION,0.000000,3600,4122,0,-1,-1,0.000000,0.000000,0.155297,0.155297,6
r-stop-dp-C50_4_v4_d0.25_b1,config3,1,FOUND INTEGER FEASIBLE,0.000000,3.317763,9,0,-1,-1,-30.703540,-30.703540,0.000000,0.000000,0
r-stop-dp-C50_4_v4_d0.25_b1,config3,2,FOUND INTEGER FEASIBLE,0.000000,3.059769,10,0,-1,-1,-21.357350,-31.454100,0.000000,0.000000,0
r-stop-dp-C50_4_v4_d0.25_b1,config3,3,FOUND INTEGER FEASIBLE,0.000000,1.701348,5,0,-1,-1,0.000000,0.000000,0.000000,0.000000,0
r-stop-dp-C50_4_v4_d0.25_b1,config20,1,FAILED TO FIND AN INTEGER FEASIBLE SOLUTION,0.000000,3600,6163,0,-1,-1,0.000000,0.000000,0.145339,0.145339,6
r-stop-dp-C50_4_v4_d0.25_b1,config20,2,FAILED TO FIND AN INTEGER FEASIBLE SOLUTION,0.000000,3600,6094,0,-1,-1,0.000000,0.000000,0.273934,0.273934,12
r-stop-dp-C50_4_v4_d0.25_b1,config20,3,FAILED TO FIND AN INTEGER FEASIBLE SOLUTION,0.000000,3600,5944,0,-1,-1,0.000000,0.000000,0.192213,0.192213,6
r-stop-dp-C50_4_v4_d0.25_b1,config16,1,FAILED TO FIND AN INTEGER FEASIBLE SOLUTION,3.146108,3600,4242,11,11,1,0.000000,0.000000,0.066328,0.066328,6
r-stop-dp-C50_4_v4_d0.25_b1,config16,2,FAILED TO FIND AN INTEGER FEASIBLE SOLUTION,3.142812,3600,4278,11,11,1,0.000000,0.000000,0.132285,0.132285,6
r-stop-dp-C50_4_v4_d0.25_b1,config16,3,FAILED TO FIND AN INTEGER FEASIBLE SOLUTION,3.141934,3600,4356,11,11,1,0.000000,0.000000,0.129865,0.129865,4
r-stop-dp-C50_4_v4_d0.25_b1,config17,1,FOUND INTEGER FEASIBLE,0.300428,1.210658,0,2,0,0,0.000000,0.000000,0.000000,0.000000,0
r-stop-dp-C50_4_v4_d0.25_b1,config17,2,FOUND INTEGER FEASIBLE,0.288031,1.107994,0,2,0,0,0.000000,0.000000,0.000000,0.000000,0
r-stop-dp-C50_4_v4_d0.25_b1,config17,3,FOUND INTEGER FEASIBLE,0.289780,1.108418,0,2,0,0,0.000000,0.000000,0.000000,0.000000,0
r-stop-dp-C50_4_v4_d0.25_b1,config21,1,FOUND INTEGER FEASIBLE,2.828501,3.326095,0,12,0,0,0.000000,0.000000,0.000000,0.000000,0
r-stop-dp-C50_4_v4_d0.25_b1,config21,2,FOUND INTEGER FEASIBLE,2.815005,3.311262,0,12,0,0,0.000000,0.000000,0.000000,0.000000,0
r-stop-dp-C50_4_v4_d0.25_b1,config21,3,FOUND INTEGER FEASIBLE,2.817875,3.315800,0,12,0,0,0.000000,0.000000,0.000000,0.000000,0
r-stop-dp-C50_4_v4_d0.25_b1,config23,1,FOUND INTEGER FEASIBLE,4.761831,5.420659,1,12,0,0,0.000000,0.000000,0.000000,0.000000,0
r-stop-dp-C50_4_v4_d0.25_b1,config23,2,FOUND INTEGER FEASIBLE,4.791637,5.426808,2,12,0,0,0.000000,0.000000,0.000000,0.000000,0
r-stop-dp-C50_4_v4_d0.25_b1,config23,3,FOUND INTEGER FEASIBLE,4.774017,5.412631,1,12,0,0,0.000000,0.000000,0.000000,0.000000,0
r-stop-dp-C50_4_v4_d0.25_b1,config19,1,FOUND INTEGER FEASIBLE,0.000000,0.548022,0,0,-1,-1,-19.503840,-19.503840,0.000000,0.000000,0
r-stop-dp-C50_4_v4_d0.25_b1,config19,2,FOUND INTEGER FEASIBLE,0.000000,0.741895,0,0,-1,-1,-19.503840,-19.503840,0.000000,0.000000,0
r-stop-dp-C50_4_v4_d0.25_b1,config19,3,FOUND INTEGER FEASIBLE,0.000000,0.512588,0,0,-1,-1,-19.503840,-19.503840,0.000000,0.000000,0
r-stop-dp-C50_4_v4_d0.25_b1,config18,1,FOUND INTEGER FEASIBLE,0.000000,0.964711,0,0,-1,-1,-19.503840,-19.503840,0.000000,0.000000,0
r-stop-dp-C50_4_v4_d0.25_b1,config18,2,FOUND INTEGER FEASIBLE,0.000000,0.952246,0,0,-1,-1,-19.503840,-19.503840,0.000000,0.000000,0
r-stop-dp-C50_4_v4_d0.25_b1,config18,3,FOUND INTEGER FEASIBLE,0.000000,0.945682,0,0,-1,-1,-19.503840,-19.503840,0.000000,0.000000,0
r-stop-dp-C50_4_v4_d0.25_b5,config1,1,FAILED TO FIND AN INTEGER FEASIBLE SOLUTION,0.000000,3600,304,0,-1,-1,0.000000,0.000000,0.692185,0.692185,15
r-stop-dp-C50_4_v4_d0.25_b5,config1,2,FAILED TO FIND AN INTEGER FEASIBLE SOLUTION,0.000000,3600,362,0,-1,-1,0.000000,0.000000,1.161547,1.161547,32
r-stop-dp-C50_4_v4_d0.25_b5,config1,3,FAILED TO FIND AN INTEGER FEASIBLE SOLUTION,0.000000,3600,361,0,-1,-1,0.000000,0.000000,0.642174,0.642174,13
r-stop-dp-C50_4_v4_d0.25_b5,config3,1,FOUND INTEGER FEASIBLE,0.000000,363.109484,38,0,-1,-1,-87.095260,-153.127310,0.000000,0.000000,0
r-stop-dp-C50_4_v4_d0.25_b5,config3,2,FOUND INTEGER FEASIBLE,0.000000,106.589522,10,0,-1,-1,-21.357350,-31.086600,0.000000,0.000000,0
r-stop-dp-C50_4_v4_d0.25_b5,config3,3,FOUND INTEGER FEASIBLE,0.000000,67.006635,5,0,-1,-1,0.000000,0.000000,0.000000,0.000000,0
r-stop-dp-C50_4_v4_d0.25_b5,config20,1,FAILED TO FIND AN INTEGER FEASIBLE SOLUTION,0.000000,3600,671,0,-1,-1,0.000000,0.000000,0.258941,0.258941,6
r-stop-dp-C50_4_v4_d0.25_b5,config20,2,FAILED TO FIND AN INTEGER FEASIBLE SOLUTION,0.000000,3600,684,0,-1,-1,0.000000,0.000000,0.209391,0.209391,6
r-stop-dp-C50_4_v4_d0.25_b5,config20,3,FOUND INTEGER FEASIBLE,0.000000,2712.162999,537,0,-1,-1,-175.563440,-245.892420,0.000000,0.000000,0
r-stop-dp-C50_4_v4_d0.25_b5,config16,1,FOUND INTEGER FEASIBLE,21.144820,239.702791,230,11,2,0,-81.117240,-124.949190,0.000000,0.000000,0
r-stop-dp-C50_4_v4_d0.25_b5,config16,2,FOUND INTEGER FEASIBLE,21.155235,861.626614,254,11,4,0,-88.136080,-95.959780,0.000000,0.000000,0
r-stop-dp-C50_4_v4_d0.25_b5,config16,3,FOUND INTEGER FEASIBLE,20.942470,165.199853,181,11,2,0,-72.174530,-100.291140,0.000000,0.000000,0
r-stop-dp-C50_4_v4_d0.25_b5,config17,1,FOUND INTEGER FEASIBLE,1.968097,4.598672,0,2,0,0,0.000000,0.000000,0.000000,0.000000,0
r-stop-dp-C50_4_v4_d0.25_b5,config17,2,FOUND INTEGER FEASIBLE,1.152388,3.719669,0,2,0,0,0.000000,0.000000,0.000000,0.000000,0
r-stop-dp-C50_4_v4_d0.25_b5,config17,3,FOUND INTEGER FEASIBLE,1.146717,3.701638,0,2,0,0,0.000000,0.000000,0.000000,0.000000,0
r-stop-dp-C50_4_v4_d0.25_b5,config21,1,FOUND INTEGER FEASIBLE,33.310163,35.205592,0,12,0,0,0.000000,0.000000,0.000000,0.000000,0
r-stop-dp-C50_4_v4_d0.25_b5,config21,2,FOUND INTEGER FEASIBLE,33.624487,35.425476,0,12,0,0,0.000000,0.000000,0.000000,0.000000,0
r-stop-dp-C50_4_v4_d0.25_b5,config21,3,FOUND INTEGER FEASIBLE,33.455344,35.270173,0,12,0,0,0.000000,0.000000,0.000000,0.000000,0
r-stop-dp-C50_4_v4_d0.25_b5,config23,1,FOUND INTEGER FEASIBLE,61.343811,63.645057,5,12,0,0,0.000000,0.000000,0.000000,0.000000,0
r-stop-dp-C50_4_v4_d0.25_b5,config23,2,FOUND INTEGER FEASIBLE,61.154806,63.356432,7,12,0,0,0.000000,0.000000,0.000000,0.000000,0
r-stop-dp-C50_4_v4_d0.25_b5,config23,3,FOUND INTEGER FEASIBLE,61.558022,63.794199,5,12,0,0,0.000000,0.000000,0.000000,0.000000,0
r-stop-dp-C50_4_v4_d0.25_b5,config19,1,FOUND INTEGER FEASIBLE,0.000000,2.397450,0,0,-1,-1,-19.503840,-19.503840,0.000000,0.000000,0
r-stop-dp-C50_4_v4_d0.25_b5,config19,2,FOUND INTEGER FEASIBLE,0.000000,2.399378,0,0,-1,-1,-19.503840,-19.503840,0.000000,0.000000,0
r-stop-dp-C50_4_v4_d0.25_b5,config19,3,FOUND INTEGER FEASIBLE,0.000000,1.588544,0,0,-1,-1,-19.503840,-19.503840,0.000000,0.000000,0
r-stop-dp-C50_4_v4_d0.25_b5,config18,1,FOUND INTEGER FEASIBLE,0.000000,1.944492,0,0,-1,-1,-19.503840,-19.503840,0.000000,0.000000,0
r-stop-dp-C50_4_v4_d0.25_b5,config18,2,FOUND INTEGER FEASIBLE,0.000000,2.823619,0,0,-1,-1,-19.503840,-19.503840,0.000000,0.000000,0
r-stop-dp-C50_4_v4_d0.25_b5,config18,3,FOUND INTEGER FEASIBLE,0.000000,2.842416,0,0,-1,-1,-19.503840,-19.503840,0.000000,0.000000,0
r-stop-dp-R100_3_v2_d0.25_b1,config1,1,FAILED TO FIND AN INTEGER FEASIBLE SOLUTION,0.000000,3600,205,0,-1,-1,0.000000,0.000000,16.898306,16.898306,129
r-stop-dp-R100_3_v2_d0.25_b1,config1,2,FAILED TO FIND AN INTEGER FEASIBLE SOLUTION,0.000000,3600,192,0,-1,-1,0.000000,0.000000,16.833137,17.162933,135
r-stop-dp-R100_3_v2_d0.25_b1,config1,3,FAILED TO FIND AN INTEGER FEASIBLE SOLUTION,0.000000,3600,155,0,-1,-1,0.000000,0.000000,17.773660,17.773660,130
r-stop-dp-R100_3_v2_d0.25_b1,config3,1,FOUND INTEGER FEASIBLE,0.000000,239.337625,5,0,-1,-1,0.000000,0.000000,0.000000,0.000000,0
r-stop-dp-R100_3_v2_d0.25_b1,config3,2,FOUND INTEGER FEASIBLE,0.000000,235.568272,5,0,-1,-1,0.000000,0.000000,0.000000,0.000000,0
r-stop-dp-R100_3_v2_d0.25_b1,config3,3,FOUND INTEGER FEASIBLE,0.000000,8.100862,3,0,-1,-1,0.000000,0.000000,0.000000,0.000000,0
r-stop-dp-R100_3_v2_d0.25_b1,config20,1,FAILED TO FIND AN INTEGER FEASIBLE SOLUTION,0.000000,3600,371,0,-1,-1,0.000000,0.000000,14.603934,14.603934,118
r-stop-dp-R100_3_v2_d0.25_b1,config20,2,FAILED TO FIND AN INTEGER FEASIBLE SOLUTION,0.000000,3600,362,0,-1,-1,0.000000,0.000000,12.879139,12.879139,108
r-stop-dp-R100_3_v2_d0.25_b1,config20,3,FAILED TO FIND AN INTEGER FEASIBLE SOLUTION,0.000000,3600,348,0,-1,-1,0.000000,0.000000,14.971632,15.343592,112
r-stop-dp-R100_3_v2_d0.25_b1,config16,1,FAILED TO FIND AN INTEGER FEASIBLE SOLUTION,28.683428,3600,395,13,13,0,0.000000,0.000000,0.634133,0.634133,9
r-stop-dp-R100_3_v2_d0.25_b1,config16,2,FOUND INTEGER FEASIBLE,30.104972,104.021546,209,13,2,0,-60.506120,-69.135820,0.000000,0.000000,0
r-stop-dp-R100_3_v2_d0.25_b1,config16,3,FOUND INTEGER FEASIBLE,30.597700,1360.290700,287,13,7,0,-39.056820,-48.651420,0.000000,0.000000,0
r-stop-dp-R100_3_v2_d0.25_b1,config17,1,FOUND INTEGER FEASIBLE,2.218614,5.684498,2,8,0,0,0.000000,0.000000,0.000000,0.000000,0
r-stop-dp-R100_3_v2_d0.25_b1,config17,2,FOUND INTEGER FEASIBLE,2.237628,6.510175,2,8,0,0,0.000000,0.000000,0.000000,0.000000,0
r-stop-dp-R100_3_v2_d0.25_b1,config17,3,FOUND INTEGER FEASIBLE,2.200979,6.428904,1,8,0,0,0.000000,0.000000,0.000000,0.000000,0
r-stop-dp-R100_3_v2_d0.25_b1,config21,1,FOUND INTEGER FEASIBLE,5.963711,9.732690,0,13,1,1,-1.317530,-1.317530,0.000000,0.000000,0
r-stop-dp-R100_3_v2_d0.25_b1,config21,2,FOUND INTEGER FEASIBLE,5.947612,9.561975,0,13,1,1,-1.317530,-1.317530,0.000000,0.000000,0
r-stop-dp-R100_3_v2_d0.25_b1,config21,3,FOUND INTEGER FEASIBLE,5.950352,9.549727,0,13,1,1,-1.317530,-1.317530,0.000000,0.000000,0
r-stop-dp-R100_3_v2_d0.25_b1,config23,1,FOUND INTEGER FEASIBLE,9.925844,14.141003,8,13,1,1,-1.239750,-1.239750,0.000000,0.000000,0
r-stop-dp-R100_3_v2_d0.25_b1,config23,2,FOUND INTEGER FEASIBLE,9.933046,14.042479,12,13,1,1,-1.163980,-1.163980,0.000000,0.000000,0
r-stop-dp-R100_3_v2_d0.25_b1,config23,3,FOUND INTEGER FEASIBLE,9.932106,14.027422,14,13,1,1,0.000000,0.000000,0.000000,0.000000,0
r-stop-dp-R100_3_v2_d0.25_b1,config19,1,FOUND INTEGER FEASIBLE,0.000000,4.562357,0,0,-1,-1,0.000000,0.000000,0.000000,0.000000,0
r-stop-dp-R100_3_v2_d0.25_b1,config19,2,FOUND INTEGER FEASIBLE,0.000000,4.658946,0,0,-1,-1,0.000000,0.000000,0.000000,0.000000,0
r-stop-dp-R100_3_v2_d0.25_b1,config19,3,FOUND INTEGER FEASIBLE,0.000000,910.912563,0,0,-1,-1,0.000000,0.000000,0.000000,0.000000,0
r-stop-dp-R100_3_v2_d0.25_b1,config18,1,FOUND INTEGER FEASIBLE,0.000000,5.619009,0,0,-1,-1,0.000000,0.000000,0.000000,0.000000,0
r-stop-dp-R100_3_v2_d0.25_b1,config18,2,FOUND INTEGER FEASIBLE,0.000000,5.533496,0,0,-1,-1,0.000000,0.000000,0.000000,0.000000,0
r-stop-dp-R100_3_v2_d0.25_b1,config18,3,FOUND INTEGER FEASIBLE,0.000000,5.550277,0,0,-1,-1,0.000000,0.000000,0.000000,0.000000,0
r-stop-dp-R100_3_v2_d0.25_b5,config1,1,FAILED TO FIND AN INTEGER FEASIBLE SOLUTION,0.000000,3600,14,0,-1,-1,0.000000,0.000000,20.532753,20.532753,189
r-stop-dp-R100_3_v2_d0.25_b5,config1,2,FAILED TO FIND AN INTEGER FEASIBLE SOLUTION,0.000000,3600,17,0,-1,-1,0.000000,0.000000,20.351077,20.352128,176
r-stop-dp-R100_3_v2_d0.25_b5,config1,3,FAILED TO FIND AN INTEGER FEASIBLE SOLUTION,0.000000,3600,13,0,-1,-1,0.000000,0.000000,20.308164,20.308164,176
r-stop-dp-R100_3_v2_d0.25_b5,config3,1,FAILED TO FIND AN INTEGER FEASIBLE SOLUTION,0.000000,3600,1,0,-1,-1,0.000000,0.000000,1.451371,1.451371,9
r-stop-dp-R100_3_v2_d0.25_b5,config3,2,FAILED TO FIND AN INTEGER FEASIBLE SOLUTION,0.000000,3600,1,0,-1,-1,0.000000,0.000000,1.451371,1.451371,9
r-stop-dp-R100_3_v2_d0.25_b5,config3,3,FAILED TO FIND AN INTEGER FEASIBLE SOLUTION,0.000000,3600,1,0,-1,-1,0.000000,0.000000,1.254477,1.254477,4
r-stop-dp-R100_3_v2_d0.25_b5,config20,1,FAILED TO FIND AN INTEGER FEASIBLE SOLUTION,0.000000,3600,14,0,-1,-1,0.000000,0.000000,22.514774,22.973578,190
r-stop-dp-R100_3_v2_d0.25_b5,config20,2,FAILED TO FIND AN INTEGER FEASIBLE SOLUTION,0.000000,3600,14,0,-1,-1,0.000000,0.000000,22.828028,22.895119,197
r-stop-dp-R100_3_v2_d0.25_b5,config20,3,FAILED TO FIND AN INTEGER FEASIBLE SOLUTION,0.000000,3600,14,0,-1,-1,0.000000,0.000000,22.566109,22.566109,198
r-stop-dp-R100_3_v2_d0.25_b5,config16,1,FAILED TO FIND AN INTEGER FEASIBLE SOLUTION,541.234297,3600,145,13,13,0,0.000000,0.000000,5.515195,5.515195,49
r-stop-dp-R100_3_v2_d0.25_b5,config16,2,FAILED TO FIND AN INTEGER FEASIBLE SOLUTION,540.258210,3600,154,13,13,0,0.000000,0.000000,6.123662,6.190798,47
r-stop-dp-R100_3_v2_d0.25_b5,config16,3,FAILED TO FIND AN INTEGER FEASIBLE SOLUTION,541.586049,3600,154,13,13,0,0.000000,0.000000,6.332193,6.332193,46
r-stop-dp-R100_3_v2_d0.25_b5,config17,1,FOUND INTEGER FEASIBLE,15.816768,29.428186,0,8,0,0,0.000000,0.000000,0.000000,0.000000,0
r-stop-dp-R100_3_v2_d0.25_b5,config17,2,FOUND INTEGER FEASIBLE,15.883814,28.642938,0,8,0,0,0.000000,0.000000,0.000000,0.000000,0
r-stop-dp-R100_3_v2_d0.25_b5,config17,3,FOUND INTEGER FEASIBLE,15.810623,29.053595,0,8,0,0,0.000000,0.000000,0.000000,0.000000,0
r-stop-dp-R100_3_v2_d0.25_b5,config21,1,FOUND INTEGER FEASIBLE,37.273791,339.718086,100,13,3,1,0.000000,0.000000,0.000000,0.000000,0
r-stop-dp-R100_3_v2_d0.25_b5,config21,2,FOUND INTEGER FEASIBLE,37.186083,341.708561,96,13,3,1,-0.077780,-0.077780,0.000000,0.000000,0
r-stop-dp-R100_3_v2_d0.25_b5,config21,3,FAILED TO FIND AN INTEGER FEASIBLE SOLUTION,37.171760,3600,128,13,13,1,0.000000,0.000000,1.253275,0.939956,4
r-stop-dp-R100_3_v2_d0.25_b5,config23,1,FOUND INTEGER FEASIBLE,56.569521,354.983924,89,13,3,1,0.000000,0.000000,0.000000,0.000000,0
r-stop-dp-R100_3_v2_d0.25_b5,config23,2,FAILED TO FIND AN INTEGER FEASIBLE SOLUTION,56.853279,3600,131,13,13,1,0.000000,0.000000,1.253275,0.939956,4
r-stop-dp-R100_3_v2_d0.25_b5,config23,3,FOUND INTEGER FEASIBLE,57.329461,349.753984,97,13,3,1,-0.257310,-0.257310,0.000000,0.000000,0
r-stop-dp-R100_3_v2_d0.25_b5,config19,1,FOUND INTEGER FEASIBLE,0.000000,17.036098,0,0,-1,-1,0.000000,0.000000,0.000000,0.000000,0
r-stop-dp-R100_3_v2_d0.25_b5,config19,2,FOUND INTEGER FEASIBLE,0.000000,15.487635,0,0,-1,-1,0.000000,0.000000,0.000000,0.000000,0
r-stop-dp-R100_3_v2_d0.25_b5,config19,3,FOUND INTEGER FEASIBLE,0.000000,15.960236,0,0,-1,-1,0.000000,0.000000,0.000000,0.000000,0
r-stop-dp-R100_3_v2_d0.25_b5,config18,1,FOUND INTEGER FEASIBLE,0.000000,18.520797,0,0,-1,-1,0.000000,0.000000,0.000000,0.000000,0
r-stop-dp-R100_3_v2_d0.25_b5,config18,2,FOUND INTEGER FEASIBLE,0.000000,18.359390,0,0,-1,-1,0.000000,0.000000,0.000000,0.000000,0
r-stop-dp-R100_3_v2_d0.25_b5,config18,3,FOUND INTEGER FEASIBLE,0.000000,18.310733,0,0,-1,-1,0.000000,0.000000,0.000000,0.000000,0
r-stop-dp-R100_3_v4_d0.25_b1,config1,1,FAILED TO FIND AN INTEGER FEASIBLE SOLUTION,0.000000,3600,321,0,-1,-1,0.000000,0.000000,12.181442,12.181442,107
r-stop-dp-R100_3_v4_d0.25_b1,config1,2,FAILED TO FIND AN INTEGER FEASIBLE SOLUTION,0.000000,3600,275,0,-1,-1,0.000000,0.000000,13.670788,13.915343,101
r-stop-dp-R100_3_v4_d0.25_b1,config1,3,FAILED TO FIND AN INTEGER FEASIBLE SOLUTION,0.000000,3600,343,0,-1,-1,0.000000,0.000000,10.209990,10.392131,79
r-stop-dp-R100_3_v4_d0.25_b1,config3,1,FOUND INTEGER FEASIBLE,0.000000,230.163127,5,0,-1,-1,0.000000,0.000000,0.000000,0.000000,0
r-stop-dp-R100_3_v4_d0.25_b1,config3,2,FOUND INTEGER FEASIBLE,0.000000,230.615342,5,0,-1,-1,0.000000,0.000000,0.000000,0.000000,0
r-stop-dp-R100_3_v4_d0.25_b1,config3,3,FOUND INTEGER FEASIBLE,0.000000,6.879731,3,0,-1,-1,0.000000,0.000000,0.000000,0.000000,0
r-stop-dp-R100_3_v4_d0.25_b1,config20,1,FAILED TO FIND AN INTEGER FEASIBLE SOLUTION,0.000000,3600,575,0,-1,-1,0.000000,0.000000,7.116672,7.116672,68
r-stop-dp-R100_3_v4_d0.25_b1,config20,2,FAILED TO FIND AN INTEGER FEASIBLE SOLUTION,0.000000,3600,538,0,-1,-1,0.000000,0.000000,11.584307,11.677588,99
r-stop-dp-R100_3_v4_d0.25_b1,config20,3,FAILED TO FIND AN INTEGER FEASIBLE SOLUTION,0.000000,3600,355,0,-1,-1,0.000000,0.000000,13.568248,13.568248,106
r-stop-dp-R100_3_v4_d0.25_b1,config16,1,FOUND INTEGER FEASIBLE,27.318364,265.894888,196,12,2,0,-92.079530,-106.727790,0.000000,0.000000,0
r-stop-dp-R100_3_v4_d0.25_b1,config16,2,FOUND INTEGER FEASIBLE,27.246903,76.957764,199,12,2,0,-53.926230,-70.118120,0.000000,0.000000,0
r-stop-dp-R100_3_v4_d0.25_b1,config16,3,FOUND INTEGER FEASIBLE,27.217911,57.981087,241,12,2,0,-51.314820,-67.871090,0.000000,0.000000,0
r-stop-dp-R100_3_v4_d0.25_b1,config17,1,FOUND INTEGER FEASIBLE,2.115948,5.235984,3,8,0,0,0.000000,0.000000,0.000000,0.000000,0
r-stop-dp-R100_3_v4_d0.25_b1,config17,2,FOUND INTEGER FEASIBLE,2.116258,6.242100,3,8,0,0,0.000000,0.000000,0.000000,0.000000,0
r-stop-dp-R100_3_v4_d0.25_b1,config17,3,FOUND INTEGER FEASIBLE,2.108922,6.245694,1,8,0,0,0.000000,0.000000,0.000000,0.000000,0
r-stop-dp-R100_3_v4_d0.25_b1,config21,1,FOUND INTEGER FEASIBLE,6.844686,10.406454,0,13,1,1,-2.583260,-2.583260,0.000000,0.000000,0
r-stop-dp-R100_3_v4_d0.25_b1,config21,2,FOUND INTEGER FEASIBLE,6.763067,10.333686,0,13,1,1,-2.583260,-2.583260,0.000000,0.000000,0
r-stop-dp-R100_3_v4_d0.25_b1,config21,3,FOUND INTEGER FEASIBLE,6.792070,10.372063,0,13,1,1,-2.583260,-2.583260,0.000000,0.000000,0
r-stop-dp-R100_3_v4_d0.25_b1,config23,1,FOUND INTEGER FEASIBLE,11.016301,15.133830,3,13,1,1,0.000000,0.000000,0.000000,0.000000,0
r-stop-dp-R100_3_v4_d0.25_b1,config23,2,FOUND INTEGER FEASIBLE,11.001459,14.998959,3,13,1,1,0.000000,0.000000,0.000000,0.000000,0
r-stop-dp-R100_3_v4_d0.25_b1,config23,3,FOUND INTEGER FEASIBLE,11.107644,15.215887,14,13,1,1,0.000000,0.000000,0.000000,0.000000,0
r-stop-dp-R100_3_v4_d0.25_b1,config19,1,FOUND INTEGER FEASIBLE,0.000000,4.257555,0,0,-1,-1,0.000000,0.000000,0.000000,0.000000,0
r-stop-dp-R100_3_v4_d0.25_b1,config19,2,FOUND INTEGER FEASIBLE,0.000000,4.491950,0,0,-1,-1,0.000000,0.000000,0.000000,0.000000,0
r-stop-dp-R100_3_v4_d0.25_b1,config19,3,FOUND INTEGER FEASIBLE,0.000000,4.406061,0,0,-1,-1,0.000000,0.000000,0.000000,0.000000,0
r-stop-dp-R100_3_v4_d0.25_b1,config18,1,FOUND INTEGER FEASIBLE,0.000000,5.652404,0,0,-1,-1,0.000000,0.000000,0.000000,0.000000,0
r-stop-dp-R100_3_v4_d0.25_b1,config18,2,FOUND INTEGER FEASIBLE,0.000000,5.580749,0,0,-1,-1,0.000000,0.000000,0.000000,0.000000,0
r-stop-dp-R100_3_v4_d0.25_b1,config18,3,FOUND INTEGER FEASIBLE,0.000000,5.572734,0,0,-1,-1,0.000000,0.000000,0.000000,0.000000,0
r-stop-dp-R100_3_v4_d0.25_b5,config1,1,FAILED TO FIND AN INTEGER FEASIBLE SOLUTION,0.000000,3600,15,0,-1,-1,0.000000,0.000000,18.154175,18.154175,181
r-stop-dp-R100_3_v4_d0.25_b5,config1,2,FAILED TO FIND AN INTEGER FEASIBLE SOLUTION,0.000000,3600,14,0,-1,-1,0.000000,0.000000,18.063857,18.063857,154
r-stop-dp-R100_3_v4_d0.25_b5,config1,3,FAILED TO FIND AN INTEGER FEASIBLE SOLUTION,0.000000,3600,15,0,-1,-1,0.000000,0.000000,17.835177,17.835177,166
r-stop-dp-R100_3_v4_d0.25_b5,config3,1,FAILED TO FIND AN INTEGER FEASIBLE SOLUTION,0.000000,3600,1,0,-1,-1,0.000000,0.000000,1.451371,1.451371,9
r-stop-dp-R100_3_v4_d0.25_b5,config3,2,FAILED TO FIND AN INTEGER FEASIBLE SOLUTION,0.000000,3600,1,0,-1,-1,0.000000,0.000000,1.451371,1.451371,9
r-stop-dp-R100_3_v4_d0.25_b5,config3,3,FAILED TO FIND AN INTEGER FEASIBLE SOLUTION,0.000000,3600,1,0,-1,-1,0.000000,0.000000,1.254477,1.254477,4
r-stop-dp-R100_3_v4_d0.25_b5,config20,1,FAILED TO FIND AN INTEGER FEASIBLE SOLUTION,0.000000,3600,21,0,-1,-1,0.000000,0.000000,19.438555,19.517607,165
r-stop-dp-R100_3_v4_d0.25_b5,config20,2,FAILED TO FIND AN INTEGER FEASIBLE SOLUTION,0.000000,3600,21,0,-1,-1,0.000000,0.000000,18.603088,19.144801,159
r-stop-dp-R100_3_v4_d0.25_b5,config20,3,FAILED TO FIND AN INTEGER FEASIBLE SOLUTION,0.000000,3600,21,0,-1,-1,0.000000,0.000000,19.514644,19.514644,169
r-stop-dp-R100_3_v4_d0.25_b5,config16,1,FAILED TO FIND AN INTEGER FEASIBLE SOLUTION,411.598033,3600,158,12,12,0,0.000000,0.000000,3.715728,3.715728,36
r-stop-dp-R100_3_v4_d0.25_b5,config16,2,FAILED TO FIND AN INTEGER FEASIBLE SOLUTION,414.936351,3600,149,12,12,0,0.000000,0.000000,0.844636,0.844636,6
r-stop-dp-R100_3_v4_d0.25_b5,config16,3,FAILED TO FIND AN INTEGER FEASIBLE SOLUTION,419.276580,3600,155,12,12,0,0.000000,0.000000,3.242993,3.242993,17
r-stop-dp-R100_3_v4_d0.25_b5,config17,1,FOUND INTEGER FEASIBLE,11.573558,25.186113,0,9,0,0,0.000000,0.000000,0.000000,0.000000,0
r-stop-dp-R100_3_v4_d0.25_b5,config17,2,FOUND INTEGER FEASIBLE,11.530488,24.186829,0,9,0,0,0.000000,0.000000,0.000000,0.000000,0
r-stop-dp-R100_3_v4_d0.25_b5,config17,3,FOUND INTEGER FEASIBLE,11.561251,24.373393,0,9,0,0,0.000000,0.000000,0.000000,0.000000,0
r-stop-dp-R100_3_v4_d0.25_b5,config21,1,FOUND INTEGER FEASIBLE,34.985741,45.663951,1,13,1,1,-2.583260,-2.583260,0.000000,0.000000,0
r-stop-dp-R100_3_v4_d0.25_b5,config21,2,FOUND INTEGER FEASIBLE,35.128968,46.341310,1,13,1,1,-2.583260,-2.583260,0.000000,0.000000,0
r-stop-dp-R100_3_v4_d0.25_b5,config21,3,FOUND INTEGER FEASIBLE,35.118725,46.370443,1,13,1,1,-2.583260,-2.583260,0.000000,0.000000,0
r-stop-dp-R100_3_v4_d0.25_b5,config23,1,FOUND INTEGER FEASIBLE,50.677864,64.165831,8,13,1,1,0.000000,0.000000,0.000000,0.000000,0
r-stop-dp-R100_3_v4_d0.25_b5,config23,2,FOUND INTEGER FEASIBLE,49.947521,63.157667,8,13,1,1,0.000000,0.000000,0.000000,0.000000,0
r-stop-dp-R100_3_v4_d0.25_b5,config23,3,FOUND INTEGER FEASIBLE,49.726737,62.924706,15,13,1,1,-2.583260,-2.583260,0.000000,0.000000,0
r-stop-dp-R100_3_v4_d0.25_b5,config19,1,FOUND INTEGER FEASIBLE,0.000000,17.064460,0,0,-1,-1,0.000000,0.000000,0.000000,0.000000,0
r-stop-dp-R100_3_v4_d0.25_b5,config19,2,FOUND INTEGER FEASIBLE,0.000000,15.952155,0,0,-1,-1,0.000000,0.000000,0.000000,0.000000,0
r-stop-dp-R100_3_v4_d0.25_b5,config19,3,FOUND INTEGER FEASIBLE,0.000000,15.880487,0,0,-1,-1,0.000000,0.000000,0.000000,0.000000,0
r-stop-dp-R100_3_v4_d0.25_b5,config18,1,FOUND INTEGER FEASIBLE,0.000000,18.490433,0,0,-1,-1,0.000000,0.000000,0.000000,0.000000,0
r-stop-dp-R100_3_v4_d0.25_b5,config18,2,FOUND INTEGER FEASIBLE,0.000000,18.653323,0,0,-1,-1,0.000000,0.000000,0.000000,0.000000,0
r-stop-dp-R100_3_v4_d0.25_b5,config18,3,FOUND INTEGER FEASIBLE,0.000000,18.364016,0,0,-1,-1,0.000000,0.000000,0.000000,0.000000,0
r-stop-dp-R100_4_v2_d0.25_b1,config1,1,FAILED TO FIND AN INTEGER FEASIBLE SOLUTION,0.000000,3600,215,0,-1,-1,0.000000,0.000000,7.484427,7.484427,132
r-stop-dp-R100_4_v2_d0.25_b1,config1,2,FAILED TO FIND AN INTEGER FEASIBLE SOLUTION,0.000000,3600,220,0,-1,-1,0.000000,0.000000,7.524157,7.524157,139
r-stop-dp-R100_4_v2_d0.25_b1,config1,3,FAILED TO FIND AN INTEGER FEASIBLE SOLUTION,0.000000,3600,240,0,-1,-1,0.000000,0.000000,6.307292,6.307292,133
r-stop-dp-R100_4_v2_d0.25_b1,config3,1,FOUND INTEGER FEASIBLE,0.000000,163.925359,5,0,-1,-1,0.000000,0.000000,0.000000,0.000000,0
r-stop-dp-R100_4_v2_d0.25_b1,config3,2,FOUND INTEGER FEASIBLE,0.000000,164.030489,5,0,-1,-1,0.000000,0.000000,0.000000,0.000000,0
r-stop-dp-R100_4_v2_d0.25_b1,config3,3,FOUND INTEGER FEASIBLE,0.000000,13.543362,9,0,-1,-1,0.000000,0.000000,0.000000,0.000000,0
r-stop-dp-R100_4_v2_d0.25_b1,config20,1,FAILED TO FIND AN INTEGER FEASIBLE SOLUTION,0.000000,3600,420,0,-1,-1,0.000000,0.000000,4.931945,4.931945,96
r-stop-dp-R100_4_v2_d0.25_b1,config20,2,FAILED TO FIND AN INTEGER FEASIBLE SOLUTION,0.000000,3600,427,0,-1,-1,0.000000,0.000000,5.697260,5.697260,109
r-stop-dp-R100_4_v2_d0.25_b1,config20,3,FAILED TO FIND AN INTEGER FEASIBLE SOLUTION,0.000000,3600,406,0,-1,-1,0.000000,0.000000,5.467440,5.467440,90
r-stop-dp-R100_4_v2_d0.25_b1,config16,1,FAILED TO FIND AN INTEGER FEASIBLE SOLUTION,31.202357,3600,345,12,12,1,0.000000,0.000000,2.491620,2.491620,36
r-stop-dp-R100_4_v2_d0.25_b1,config16,2,FAILED TO FIND AN INTEGER FEASIBLE SOLUTION,31.093156,3600,391,12,12,1,0.000000,0.000000,3.836311,3.836311,76
r-stop-dp-R100_4_v2_d0.25_b1,config16,3,FAILED TO FIND AN INTEGER FEASIBLE SOLUTION,31.129426,3600,412,12,12,1,0.000000,0.000000,3.358876,3.358876,49
r-stop-dp-R100_4_v2_d0.25_b1,config17,1,FOUND INTEGER FEASIBLE,1.118686,5.086602,0,11,0,0,0.000000,0.000000,0.000000,0.000000,0
r-stop-dp-R100_4_v2_d0.25_b1,config17,2,FOUND INTEGER FEASIBLE,1.106837,5.253024,0,11,0,0,0.000000,0.000000,0.000000,0.000000,0
r-stop-dp-R100_4_v2_d0.25_b1,config17,3,FOUND INTEGER FEASIBLE,1.126422,5.253025,0,11,0,0,0.000000,0.000000,0.000000,0.000000,0
r-stop-dp-R100_4_v2_d0.25_b1,config21,1,FOUND INTEGER FEASIBLE,7.794815,11.540033,1,13,1,1,-1.343510,-1.343510,0.000000,0.000000,0
r-stop-dp-R100_4_v2_d0.25_b1,config21,2,FOUND INTEGER FEASIBLE,7.776234,11.472566,1,13,1,1,-2.325950,-2.325950,0.000000,0.000000,0
r-stop-dp-R100_4_v2_d0.25_b1,config21,3,FOUND INTEGER FEASIBLE,7.758034,11.433013,1,13,1,1,-1.343510,-1.343510,0.000000,0.000000,0
r-stop-dp-R100_4_v2_d0.25_b1,config23,1,FOUND INTEGER FEASIBLE,12.931595,17.136678,1,13,1,1,0.000000,0.000000,0.000000,0.000000,0
r-stop-dp-R100_4_v2_d0.25_b1,config23,2,FOUND INTEGER FEASIBLE,13.031612,17.169477,4,13,1,1,0.000000,0.000000,0.000000,0.000000,0
r-stop-dp-R100_4_v2_d0.25_b1,config23,3,FOUND INTEGER FEASIBLE,12.950176,17.043939,1,13,1,1,0.000000,0.000000,0.000000,0.000000,0
r-stop-dp-R100_4_v2_d0.25_b1,config19,1,FOUND INTEGER FEASIBLE,0.000000,4.605933,0,0,-1,-1,0.000000,0.000000,0.000000,0.000000,0
r-stop-dp-R100_4_v2_d0.25_b1,config19,2,FOUND INTEGER FEASIBLE,0.000000,4.431008,0,0,-1,-1,0.000000,0.000000,0.000000,0.000000,0
r-stop-dp-R100_4_v2_d0.25_b1,config19,3,FOUND INTEGER FEASIBLE,0.000000,4.631472,0,0,-1,-1,0.000000,0.000000,0.000000,0.000000,0
r-stop-dp-R100_4_v2_d0.25_b1,config18,1,FOUND INTEGER FEASIBLE,0.000000,5.337534,0,0,-1,-1,0.000000,0.000000,0.000000,0.000000,0
r-stop-dp-R100_4_v2_d0.25_b1,config18,2,FOUND INTEGER FEASIBLE,0.000000,5.399390,0,0,-1,-1,0.000000,0.000000,0.000000,0.000000,0
r-stop-dp-R100_4_v2_d0.25_b1,config18,3,FOUND INTEGER FEASIBLE,0.000000,4.846473,0,0,-1,-1,0.000000,0.000000,0.000000,0.000000,0
r-stop-dp-R100_4_v2_d0.25_b5,config1,1,FAILED TO FIND AN INTEGER FEASIBLE SOLUTION,0.000000,3600,18,0,-1,-1,0.000000,0.000000,9.050373,9.050373,172
r-stop-dp-R100_4_v2_d0.25_b5,config1,2,FAILED TO FIND AN INTEGER FEASIBLE SOLUTION,0.000000,3600,20,0,-1,-1,0.000000,0.000000,9.205539,9.205539,169
r-stop-dp-R100_4_v2_d0.25_b5,config1,3,FAILED TO FIND AN INTEGER FEASIBLE SOLUTION,0.000000,3600,16,0,-1,-1,0.000000,0.000000,9.187213,9.187213,171
r-stop-dp-R100_4_v2_d0.25_b5,config3,1,FAILED TO FIND AN INTEGER FEASIBLE SOLUTION,0.000000,3600,1,0,-1,-1,0.000000,0.000000,0.573964,0.573964,4
r-stop-dp-R100_4_v2_d0.25_b5,config3,2,FAILED TO FIND AN INTEGER FEASIBLE SOLUTION,0.000000,3600,1,0,-1,-1,0.000000,0.000000,0.573964,0.573964,4
r-stop-dp-R100_4_v2_d0.25_b5,config3,3,FOUND INTEGER FEASIBLE,0.000000,3300.705226,5,0,-1,-1,0.000000,0.000000,0.000000,0.000000,0
r-stop-dp-R100_4_v2_d0.25_b5,config20,1,FAILED TO FIND AN INTEGER FEASIBLE SOLUTION,0.000000,3600,20,0,-1,-1,0.000000,0.000000,10.819467,10.819467,184
r-stop-dp-R100_4_v2_d0.25_b5,config20,2,FAILED TO FIND AN INTEGER FEASIBLE SOLUTION,0.000000,3600,20,0,-1,-1,0.000000,0.000000,10.611002,10.611002,181
r-stop-dp-R100_4_v2_d0.25_b5,config20,3,FAILED TO FIND AN INTEGER FEASIBLE SOLUTION,0.000000,3600,22,0,-1,-1,0.000000,0.000000,10.131425,10.131425,176
r-stop-dp-R100_4_v2_d0.25_b5,config16,1,FAILED TO FIND AN INTEGER FEASIBLE SOLUTION,295.213526,3600,54,12,12,1,0.000000,0.000000,9.393592,9.393592,137
r-stop-dp-R100_4_v2_d0.25_b5,config16,2,FAILED TO FIND AN INTEGER FEASIBLE SOLUTION,303.610300,3600,51,12,11,1,0.000000,0.000000,9.180330,9.180330,153
r-stop-dp-R100_4_v2_d0.25_b5,config16,3,FAILED TO FIND AN INTEGER FEASIBLE SOLUTION,289.562351,3600,58,12,12,1,0.000000,0.000000,7.867331,7.867331,129
r-stop-dp-R100_4_v2_d0.25_b5,config17,1,FOUND INTEGER FEASIBLE,8.564192,21.468196,0,8,0,0,0.000000,0.000000,0.000000,0.000000,0
r-stop-dp-R100_4_v2_d0.25_b5,config17,2,FOUND INTEGER FEASIBLE,8.604453,21.737753,0,8,0,0,0.000000,0.000000,0.000000,0.000000,0
r-stop-dp-R100_4_v2_d0.25_b5,config17,3,FOUND INTEGER FEASIBLE,8.557140,21.333918,0,8,0,0,0.000000,0.000000,0.000000,0.000000,0
r-stop-dp-R100_4_v2_d0.25_b5,config21,1,FOUND INTEGER FEASIBLE,222.041864,233.201672,2,13,0,0,0.000000,0.000000,0.000000,0.000000,0
r-stop-dp-R100_4_v2_d0.25_b5,config21,2,FOUND INTEGER FEASIBLE,219.496118,230.711064,1,13,0,0,0.000000,0.000000,0.000000,0.000000,0
r-stop-dp-R100_4_v2_d0.25_b5,config21,3,FOUND INTEGER FEASIBLE,218.905715,230.091065,2,13,0,0,0.000000,0.000000,0.000000,0.000000,0
r-stop-dp-R100_4_v2_d0.25_b5,config23,1,FOUND INTEGER FEASIBLE,320.051093,333.102686,0,13,0,0,0.000000,0.000000,0.000000,0.000000,0
r-stop-dp-R100_4_v2_d0.25_b5,config23,2,FOUND INTEGER FEASIBLE,322.046853,334.837414,0,13,0,0,0.000000,0.000000,0.000000,0.000000,0
r-stop-dp-R100_4_v2_d0.25_b5,config23,3,FOUND INTEGER FEASIBLE,322.114726,334.949142,0,13,0,0,0.000000,0.000000,0.000000,0.000000,0
r-stop-dp-R100_4_v2_d0.25_b5,config19,1,FOUND INTEGER FEASIBLE,0.000000,16.704436,0,0,-1,-1,0.000000,0.000000,0.000000,0.000000,0
r-stop-dp-R100_4_v2_d0.25_b5,config19,2,FOUND INTEGER FEASIBLE,0.000000,15.917229,0,0,-1,-1,0.000000,0.000000,0.000000,0.000000,0
r-stop-dp-R100_4_v2_d0.25_b5,config19,3,FOUND INTEGER FEASIBLE,0.000000,15.789564,0,0,-1,-1,0.000000,0.000000,0.000000,0.000000,0
r-stop-dp-R100_4_v2_d0.25_b5,config18,1,FOUND INTEGER FEASIBLE,0.000000,18.805104,0,0,-1,-1,0.000000,0.000000,0.000000,0.000000,0
r-stop-dp-R100_4_v2_d0.25_b5,config18,2,FOUND INTEGER FEASIBLE,0.000000,18.380497,0,0,-1,-1,0.000000,0.000000,0.000000,0.000000,0
r-stop-dp-R100_4_v2_d0.25_b5,config18,3,FOUND INTEGER FEASIBLE,0.000000,18.414503,0,0,-1,-1,0.000000,0.000000,0.000000,0.000000,0
r-stop-dp-R100_4_v4_d0.25_b1,config1,1,FAILED TO FIND AN INTEGER FEASIBLE SOLUTION,0.000000,3600,232,0,-1,-1,0.000000,0.000000,6.201292,6.201292,90
r-stop-dp-R100_4_v4_d0.25_b1,config1,2,FAILED TO FIND AN INTEGER FEASIBLE SOLUTION,0.000000,3600,241,0,-1,-1,0.000000,0.000000,6.164847,6.164847,105
r-stop-dp-R100_4_v4_d0.25_b1,config1,3,FAILED TO FIND AN INTEGER FEASIBLE SOLUTION,0.000000,3600,255,0,-1,-1,0.000000,0.000000,5.640878,5.640878,95
r-stop-dp-R100_4_v4_d0.25_b1,config3,1,FOUND INTEGER FEASIBLE,0.000000,172.173649,5,0,-1,-1,0.000000,0.000000,0.000000,0.000000,0
r-stop-dp-R100_4_v4_d0.25_b1,config3,2,FOUND INTEGER FEASIBLE,0.000000,173.939231,5,0,-1,-1,0.000000,0.000000,0.000000,0.000000,0
r-stop-dp-R100_4_v4_d0.25_b1,config3,3,FOUND INTEGER FEASIBLE,0.000000,12.518768,9,0,-1,-1,0.000000,0.000000,0.000000,0.000000,0
r-stop-dp-R100_4_v4_d0.25_b1,config20,1,FAILED TO FIND AN INTEGER FEASIBLE SOLUTION,0.000000,3600,548,0,-1,-1,0.000000,0.000000,4.061622,4.061622,88
r-stop-dp-R100_4_v4_d0.25_b1,config20,2,FAILED TO FIND AN INTEGER FEASIBLE SOLUTION,0.000000,3600,485,0,-1,-1,0.000000,0.000000,5.791665,5.791665,107
r-stop-dp-R100_4_v4_d0.25_b1,config20,3,FAILED TO FIND AN INTEGER FEASIBLE SOLUTION,0.000000,3600,548,0,-1,-1,0.000000,0.000000,3.455776,3.455776,73
r-stop-dp-R100_4_v4_d0.25_b1,config16,1,FOUND INTEGER FEASIBLE,31.284115,914.270631,221,12,5,0,-133.694800,-166.490510,0.000000,0.000000,0
r-stop-dp-R100_4_v4_d0.25_b1,config16,2,FOUND INTEGER FEASIBLE,31.169622,646.595170,196,12,4,0,-113.114280,-181.521230,0.000000,0.000000,0
r-stop-dp-R100_4_v4_d0.25_b1,config16,3,FOUND INTEGER FEASIBLE,30.861269,918.856718,228,12,5,0,-164.312660,-206.847560,0.000000,0.000000,0
r-stop-dp-R100_4_v4_d0.25_b1,config17,1,FOUND INTEGER FEASIBLE,1.126628,5.299818,0,11,0,0,0.000000,0.000000,0.000000,0.000000,0
r-stop-dp-R100_4_v4_d0.25_b1,config17,2,FOUND INTEGER FEASIBLE,1.115954,5.200148,0,11,0,0,0.000000,0.000000,0.000000,0.000000,0
r-stop-dp-R100_4_v4_d0.25_b1,config17,3,FOUND INTEGER FEASIBLE,1.112514,5.210691,0,11,0,0,0.000000,0.000000,0.000000,0.000000,0
r-stop-dp-R100_4_v4_d0.25_b1,config21,1,FOUND INTEGER FEASIBLE,6.548814,10.303722,2,13,1,1,-2.403730,-2.403730,0.000000,0.000000,0
r-stop-dp-R100_4_v4_d0.25_b1,config21,2,FOUND INTEGER FEASIBLE,6.509539,10.105383,2,13,1,1,-2.403730,-2.403730,0.000000,0.000000,0
r-stop-dp-R100_4_v4_d0.25_b1,config21,3,FOUND INTEGER FEASIBLE,6.538245,10.125185,2,13,1,1,-2.403730,-2.403730,0.000000,0.000000,0
r-stop-dp-R100_4_v4_d0.25_b1,config23,1,FOUND INTEGER FEASIBLE,10.533655,14.797647,13,13,1,1,-1.239750,-1.239750,0.000000,0.000000,0
r-stop-dp-R100_4_v4_d0.25_b1,config23,2,FOUND INTEGER FEASIBLE,10.535277,14.668353,7,13,1,1,0.000000,0.000000,0.000000,0.000000,0
r-stop-dp-R100_4_v4_d0.25_b1,config23,3,FOUND INTEGER FEASIBLE,10.529074,14.646057,7,13,1,1,0.000000,0.000000,0.000000,0.000000,0
r-stop-dp-R100_4_v4_d0.25_b1,config19,1,FOUND INTEGER FEASIBLE,0.000000,4.424931,0,0,-1,-1,0.000000,0.000000,0.000000,0.000000,0
r-stop-dp-R100_4_v4_d0.25_b1,config19,2,FOUND INTEGER FEASIBLE,0.000000,4.516470,0,0,-1,-1,0.000000,0.000000,0.000000,0.000000,0
r-stop-dp-R100_4_v4_d0.25_b1,config19,3,FOUND INTEGER FEASIBLE,0.000000,4.471970,0,0,-1,-1,0.000000,0.000000,0.000000,0.000000,0
r-stop-dp-R100_4_v4_d0.25_b1,config18,1,FOUND INTEGER FEASIBLE,0.000000,5.323750,0,0,-1,-1,0.000000,0.000000,0.000000,0.000000,0
r-stop-dp-R100_4_v4_d0.25_b1,config18,2,FOUND INTEGER FEASIBLE,0.000000,5.301519,0,0,-1,-1,0.000000,0.000000,0.000000,0.000000,0
r-stop-dp-R100_4_v4_d0.25_b1,config18,3,FOUND INTEGER FEASIBLE,0.000000,5.246674,0,0,-1,-1,0.000000,0.000000,0.000000,0.000000,0
r-stop-dp-R100_4_v4_d0.25_b5,config1,1,FAILED TO FIND AN INTEGER FEASIBLE SOLUTION,0.000000,3600,23,0,-1,-1,0.000000,0.000000,8.104735,8.104735,150
r-stop-dp-R100_4_v4_d0.25_b5,config1,2,FAILED TO FIND AN INTEGER FEASIBLE SOLUTION,0.000000,3600,23,0,-1,-1,0.000000,0.000000,8.219386,8.219386,163
r-stop-dp-R100_4_v4_d0.25_b5,config1,3,FAILED TO FIND AN INTEGER FEASIBLE SOLUTION,0.000000,3600,22,0,-1,-1,0.000000,0.000000,8.003234,8.003234,156
r-stop-dp-R100_4_v4_d0.25_b5,config3,1,FAILED TO FIND AN INTEGER FEASIBLE SOLUTION,0.000000,3600,5,0,-1,-1,0.000000,0.000000,0.553829,0.553829,4
r-stop-dp-R100_4_v4_d0.25_b5,config3,2,FAILED TO FIND AN INTEGER FEASIBLE SOLUTION,0.000000,3600,5,0,-1,-1,0.000000,0.000000,0.553829,0.553829,4
r-stop-dp-R100_4_v4_d0.25_b5,config3,3,FOUND INTEGER FEASIBLE,0.000000,3502.784688,5,0,-1,-1,0.000000,0.000000,0.000000,0.000000,0
r-stop-dp-R100_4_v4_d0.25_b5,config20,1,FAILED TO FIND AN INTEGER FEASIBLE SOLUTION,0.000000,3600,17,0,-1,-1,0.000000,0.000000,9.481741,9.481741,162
r-stop-dp-R100_4_v4_d0.25_b5,config20,2,FAILED TO FIND AN INTEGER FEASIBLE SOLUTION,0.000000,3600,16,0,-1,-1,0.000000,0.000000,9.552468,9.552468,182
r-stop-dp-R100_4_v4_d0.25_b5,config20,3,FAILED TO FIND AN INTEGER FEASIBLE SOLUTION,0.000000,3600,17,0,-1,-1,0.000000,0.000000,9.494500,9.494500,154
r-stop-dp-R100_4_v4_d0.25_b5,config16,1,FOUND INTEGER FEASIBLE,502.880318,2267.048744,123,12,8,0,-111.589130,-135.843990,0.000000,0.000000,0
r-stop-dp-R100_4_v4_d0.25_b5,config16,2,FAILED TO FIND AN INTEGER FEASIBLE SOLUTION,505.043215,3600,160,12,12,0,0.000000,0.000000,1.822634,1.822634,33
r-stop-dp-R100_4_v4_d0.25_b5,config16,3,FAILED TO FIND AN INTEGER FEASIBLE SOLUTION,328.038198,3600,178,12,12,0,0.000000,0.000000,1.356132,1.356132,32
r-stop-dp-R100_4_v4_d0.25_b5,config17,1,FOUND INTEGER FEASIBLE,5.968840,17.357335,0,8,0,0,0.000000,0.000000,0.000000,0.000000,0
r-stop-dp-R100_4_v4_d0.25_b5,config17,2,FOUND INTEGER FEASIBLE,5.963716,16.702495,0,8,0,0,0.000000,0.000000,0.000000,0.000000,0
r-stop-dp-R100_4_v4_d0.25_b5,config17,3,FOUND INTEGER FEASIBLE,5.978467,16.722128,0,8,0,0,0.000000,0.000000,0.000000,0.000000,0
r-stop-dp-R100_4_v4_d0.25_b5,config21,1,FOUND INTEGER FEASIBLE,111.481614,123.565044,0,13,0,0,0.000000,0.000000,0.000000,0.000000,0
r-stop-dp-R100_4_v4_d0.25_b5,config21,2,FOUND INTEGER FEASIBLE,115.908584,128.944449,0,13,0,0,0.000000,0.000000,0.000000,0.000000,0
r-stop-dp-R100_4_v4_d0.25_b5,config21,3,FOUND INTEGER FEASIBLE,111.553461,124.470156,0,13,0,0,0.000000,0.000000,0.000000,0.000000,0
r-stop-dp-R100_4_v4_d0.25_b5,config23,1,FOUND INTEGER FEASIBLE,110.449058,123.460257,0,13,0,0,0.000000,0.000000,0.000000,0.000000,0
r-stop-dp-R100_4_v4_d0.25_b5,config23,2,FOUND INTEGER FEASIBLE,109.054578,121.763831,0,13,0,0,0.000000,0.000000,0.000000,0.000000,0
r-stop-dp-R100_4_v4_d0.25_b5,config23,3,FOUND INTEGER FEASIBLE,108.509468,121.154431,0,13,0,0,0.000000,0.000000,0.000000,0.000000,0
r-stop-dp-R100_4_v4_d0.25_b5,config19,1,FOUND INTEGER FEASIBLE,0.000000,17.712042,0,0,-1,-1,0.000000,0.000000,0.000000,0.000000,0
r-stop-dp-R100_4_v4_d0.25_b5,config19,2,FOUND INTEGER FEASIBLE,0.000000,17.019765,0,0,-1,-1,0.000000,0.000000,0.000000,0.000000,0
r-stop-dp-R100_4_v4_d0.25_b5,config19,3,FOUND INTEGER FEASIBLE,0.000000,16.523302,0,0,-1,-1,0.000000,0.000000,0.000000,0.000000,0
r-stop-dp-R100_4_v4_d0.25_b5,config18,1,FOUND INTEGER FEASIBLE,0.000000,18.633443,0,0,-1,-1,0.000000,0.000000,0.000000,0.000000,0
r-stop-dp-R100_4_v4_d0.25_b5,config18,2,FOUND INTEGER FEASIBLE,0.000000,18.419036,0,0,-1,-1,0.000000,0.000000,0.000000,0.000000,0
r-stop-dp-R100_4_v4_d0.25_b5,config18,3,FOUND INTEGER FEASIBLE,0.000000,18.369995,0,0,-1,-1,0.000000,0.000000,0.000000,0.000000,0
r-stop-dp-R50_3_v2_d0.25_b1,config1,1,FAILED TO FIND AN INTEGER FEASIBLE SOLUTION,0.000000,3600,9995,0,-1,-1,0.000000,0.000000,0.667697,0.667697,9
r-stop-dp-R50_3_v2_d0.25_b1,config1,2,FAILED TO FIND AN INTEGER FEASIBLE SOLUTION,0.000000,3600,7820,0,-1,-1,0.000000,0.000000,0.580476,0.580476,10
r-stop-dp-R50_3_v2_d0.25_b1,config1,3,FOUND INTEGER FEASIBLE,0.000000,1747.561770,4857,0,-1,-1,-48.759200,-51.655760,0.000000,0.000000,0
r-stop-dp-R50_3_v2_d0.25_b1,config3,1,FOUND INTEGER FEASIBLE,0.000000,4.649810,15,0,-1,-1,-43.027220,-55.091140,0.000000,0.000000,0
r-stop-dp-R50_3_v2_d0.25_b1,config3,2,FAILED TO FIND AN INTEGER FEASIBLE SOLUTION,0.000000,3600,7576,0,-1,-1,0.000000,0.000000,0.949557,0.949557,8
r-stop-dp-R50_3_v2_d0.25_b1,config3,3,FOUND INTEGER FEASIBLE,0.000000,1.892936,3,0,-1,-1,0.000000,0.000000,0.000000,0.000000,0
r-stop-dp-R50_3_v2_d0.25_b1,config20,1,FAILED TO FIND AN INTEGER FEASIBLE SOLUTION,0.000000,3600,7815,0,-1,-1,0.000000,0.000000,0.347078,0.347078,9
r-stop-dp-R50_3_v2_d0.25_b1,config20,2,FAILED TO FIND AN INTEGER FEASIBLE SOLUTION,0.000000,3600,8020,0,-1,-1,0.000000,0.000000,1.435770,1.435770,12
r-stop-dp-R50_3_v2_d0.25_b1,config20,3,FAILED TO FIND AN INTEGER FEASIBLE SOLUTION,0.000000,3600,7907,0,-1,-1,0.000000,0.000000,0.794482,0.794482,9
r-stop-dp-R50_3_v2_d0.25_b1,config16,1,FOUND INTEGER FEASIBLE,3.096589,56.193657,196,12,2,0,-83.839030,-90.059140,0.000000,0.000000,0
r-stop-dp-R50_3_v2_d0.25_b1,config16,2,FOUND INTEGER FEASIBLE,2.348866,49.448181,192,12,2,0,-41.032370,-47.474650,0.000000,0.000000,0
r-stop-dp-R50_3_v2_d0.25_b1,config16,3,FOUND INTEGER FEASIBLE,3.098616,74.918962,313,12,3,0,-89.764360,-96.505540,0.000000,0.000000,0
r-stop-dp-R50_3_v2_d0.25_b1,config17,1,FOUND INTEGER FEASIBLE,0.208176,0.784243,0,2,0,0,0.000000,0.000000,0.000000,0.000000,0
r-stop-dp-R50_3_v2_d0.25_b1,config17,2,FOUND INTEGER FEASIBLE,0.207359,0.773632,0,2,0,0,0.000000,0.000000,0.000000,0.000000,0
r-stop-dp-R50_3_v2_d0.25_b1,config17,3,FOUND INTEGER FEASIBLE,0.204836,0.768254,0,2,0,0,0.000000,0.000000,0.000000,0.000000,0
r-stop-dp-R50_3_v2_d0.25_b1,config21,1,FOUND INTEGER FEASIBLE,2.143694,2.976585,0,13,1,1,0.000000,0.000000,0.000000,0.000000,0
r-stop-dp-R50_3_v2_d0.25_b1,config21,2,FOUND INTEGER FEASIBLE,2.157137,2.925620,0,13,1,1,0.000000,0.000000,0.000000,0.000000,0
r-stop-dp-R50_3_v2_d0.25_b1,config21,3,FOUND INTEGER FEASIBLE,2.170093,2.897922,0,13,1,1,0.000000,0.000000,0.000000,0.000000,0
r-stop-dp-R50_3_v2_d0.25_b1,config23,1,FOUND INTEGER FEASIBLE,2.147593,2.905840,2,13,1,1,0.000000,0.000000,0.000000,0.000000,0
r-stop-dp-R50_3_v2_d0.25_b1,config23,2,FOUND INTEGER FEASIBLE,2.136691,2.862044,2,13,1,1,0.000000,0.000000,0.000000,0.000000,0
r-stop-dp-R50_3_v2_d0.25_b1,config23,3,FOUND INTEGER FEASIBLE,2.140635,2.865791,1,13,1,1,0.000000,0.000000,0.000000,0.000000,0
r-stop-dp-R50_3_v2_d0.25_b1,config19,1,FOUND INTEGER FEASIBLE,0.000000,0.613072,0,0,-1,-1,0.000000,0.000000,0.000000,0.000000,0
r-stop-dp-R50_3_v2_d0.25_b1,config19,2,FOUND INTEGER FEASIBLE,0.000000,0.596499,0,0,-1,-1,0.000000,0.000000,0.000000,0.000000,0
r-stop-dp-R50_3_v2_d0.25_b1,config19,3,FOUND INTEGER FEASIBLE,0.000000,0.588121,0,0,-1,-1,0.000000,0.000000,0.000000,0.000000,0
r-stop-dp-R50_3_v2_d0.25_b1,config18,1,FOUND INTEGER FEASIBLE,0.000000,0.751815,0,0,-1,-1,0.000000,0.000000,0.000000,0.000000,0
r-stop-dp-R50_3_v2_d0.25_b1,config18,2,FOUND INTEGER FEASIBLE,0.000000,0.741057,0,0,-1,-1,0.000000,0.000000,0.000000,0.000000,0
r-stop-dp-R50_3_v2_d0.25_b1,config18,3,FOUND INTEGER FEASIBLE,0.000000,0.743697,0,0,-1,-1,0.000000,0.000000,0.000000,0.000000,0
r-stop-dp-R50_3_v2_d0.25_b5,config1,1,FAILED TO FIND AN INTEGER FEASIBLE SOLUTION,0.000000,3600,538,0,-1,-1,0.000000,0.000000,1.643271,1.643271,14
r-stop-dp-R50_3_v2_d0.25_b5,config1,2,FAILED TO FIND AN INTEGER FEASIBLE SOLUTION,0.000000,3600,731,0,-1,-1,0.000000,0.000000,1.512175,1.512175,18
r-stop-dp-R50_3_v2_d0.25_b5,config1,3,FAILED TO FIND AN INTEGER FEASIBLE SOLUTION,0.000000,3600,841,0,-1,-1,0.000000,0.000000,2.559356,2.559356,17
r-stop-dp-R50_3_v2_d0.25_b5,config3,1,FOUND INTEGER FEASIBLE,0.000000,34.628640,11,0,-1,-1,-36.674840,-45.537990,0.000000,0.000000,0
r-stop-dp-R50_3_v2_d0.25_b5,config3,2,FOUND INTEGER FEASIBLE,0.000000,51.339084,17,0,-1,-1,-47.785630,-60.518920,0.000000,0.000000,0
r-stop-dp-R50_3_v2_d0.25_b5,config3,3,FOUND INTEGER FEASIBLE,0.000000,5.779647,3,0,-1,-1,0.000000,0.000000,0.000000,0.000000,0
r-stop-dp-R50_3_v2_d0.25_b5,config20,1,FAILED TO FIND AN INTEGER FEASIBLE SOLUTION,0.000000,3600,348,0,-1,-1,0.000000,0.000000,5.073855,5.073855,38
r-stop-dp-R50_3_v2_d0.25_b5,config20,2,FAILED TO FIND AN INTEGER FEASIBLE SOLUTION,0.000000,3600,415,0,-1,-1,0.000000,0.000000,2.384822,2.384822,18
r-stop-dp-R50_3_v2_d0.25_b5,config20,3,FAILED TO FIND AN INTEGER FEASIBLE SOLUTION,0.000000,3600,505,0,-1,-1,0.000000,0.000000,2.579402,2.579402,21
r-stop-dp-R50_3_v2_d0.25_b5,config16,1,FOUND INTEGER FEASIBLE,11.495796,76.201180,202,12,2,0,-35.540600,-50.126110,0.000000,0.000000,0
r-stop-dp-R50_3_v2_d0.25_b5,config16,2,FOUND INTEGER FEASIBLE,11.326824,108.328025,232,12,2,0,-33.160940,-43.316580,0.000000,0.000000,0
r-stop-dp-R50_3_v2_d0.25_b5,config16,3,FOUND INTEGER FEASIBLE,11.411592,89.232766,235,12,2,0,-34.516210,-38.365900,0.000000,0.000000,0
r-stop-dp-R50_3_v2_d0.25_b5,config17,1,FOUND INTEGER FEASIBLE,0.907698,2.883256,0,2,0,0,0.000000,0.000000,0.000000,0.000000,0
r-stop-dp-R50_3_v2_d0.25_b5,config17,2,FOUND INTEGER FEASIBLE,0.898314,2.868031,0,2,0,0,0.000000,0.000000,0.000000,0.000000,0
r-stop-dp-R50_3_v2_d0.25_b5,config17,3,FOUND INTEGER FEASIBLE,0.893728,2.862142,0,2,0,0,0.000000,0.000000,0.000000,0.000000,0
r-stop-dp-R50_3_v2_d0.25_b5,config21,1,FOUND INTEGER FEASIBLE,54.612239,93.647282,92,12,1,0,-35.520600,-46.704160,0.000000,0.000000,0
r-stop-dp-R50_3_v2_d0.25_b5,config21,2,FOUND INTEGER FEASIBLE,56.323033,597.151879,227,12,3,0,-45.990080,-52.234330,0.000000,0.000000,0
r-stop-dp-R50_3_v2_d0.25_b5,config21,3,FOUND INTEGER FEASIBLE,54.785416,839.501654,275,12,3,0,-46.587980,-66.199450,0.000000,0.000000,0
r-stop-dp-R50_3_v2_d0.25_b5,config23,1,FOUND INTEGER FEASIBLE,53.740160,85.615767,96,12,1,0,-2.055240,-10.364140,0.000000,0.000000,0
r-stop-dp-R50_3_v2_d0.25_b5,config23,2,FOUND INTEGER FEASIBLE,54.773281,362.314248,137,12,2,0,-17.242520,-23.802440,0.000000,0.000000,0
r-stop-dp-R50_3_v2_d0.25_b5,config23,3,FOUND INTEGER FEASIBLE,54.064949,113.077594,99,12,1,0,-29.548160,-30.816560,0.000000,0.000000,0
r-stop-dp-R50_3_v2_d0.25_b5,config19,1,FOUND INTEGER FEASIBLE,0.000000,2.178493,0,0,-1,-1,0.000000,0.000000,0.000000,0.000000,0
r-stop-dp-R50_3_v2_d0.25_b5,config19,2,FOUND INTEGER FEASIBLE,0.000000,2.120895,0,0,-1,-1,0.000000,0.000000,0.000000,0.000000,0
r-stop-dp-R50_3_v2_d0.25_b5,config19,3,FOUND INTEGER FEASIBLE,0.000000,2.020740,0,0,-1,-1,0.000000,0.000000,0.000000,0.000000,0
r-stop-dp-R50_3_v2_d0.25_b5,config18,1,FOUND INTEGER FEASIBLE,0.000000,2.750611,0,0,-1,-1,0.000000,0.000000,0.000000,0.000000,0
r-stop-dp-R50_3_v2_d0.25_b5,config18,2,FOUND INTEGER FEASIBLE,0.000000,2.700481,0,0,-1,-1,0.000000,0.000000,0.000000,0.000000,0
r-stop-dp-R50_3_v2_d0.25_b5,config18,3,FOUND INTEGER FEASIBLE,0.000000,2.703853,0,0,-1,-1,0.000000,0.000000,0.000000,0.000000,0
r-stop-dp-R50_3_v4_d0.25_b1,config1,1,FOUND INTEGER FEASIBLE,0.000000,2569.965945,7401,0,-1,-1,-81.169670,-110.797180,0.000000,0.000000,0
r-stop-dp-R50_3_v4_d0.25_b1,config1,2,FOUND INTEGER FEASIBLE,0.000000,778.729513,2319,0,-1,-1,-127.543970,-154.339030,0.000000,0.000000,0
r-stop-dp-R50_3_v4_d0.25_b1,config1,3,FOUND INTEGER FEASIBLE,0.000000,1037.639198,3045,0,-1,-1,-122.757680,-138.031330,0.000000,0.000000,0
r-stop-dp-R50_3_v4_d0.25_b1,config3,1,FOUND INTEGER FEASIBLE,0.000000,3.911470,10,0,-1,-1,-59.346080,-63.925880,0.000000,0.000000,0
r-stop-dp-R50_3_v4_d0.25_b1,config3,2,FOUND INTEGER FEASIBLE,0.000000,80.196669,298,0,-1,-1,-94.526690,-133.771190,0.000000,0.000000,0
r-stop-dp-R50_3_v4_d0.25_b1,config3,3,FOUND INTEGER FEASIBLE,0.000000,1.817660,3,0,-1,-1,0.000000,0.000000,0.000000,0.000000,0
r-stop-dp-R50_3_v4_d0.25_b1,config20,1,FOUND INTEGER FEASIBLE,0.000000,2414.659914,5049,0,-1,-1,-35.803710,-52.528180,0.000000,0.000000,0
r-stop-dp-R50_3_v4_d0.25_b1,config20,2,FOUND INTEGER FEASIBLE,0.000000,904.022011,2009,0,-1,-1,-45.145830,-80.470950,0.000000,0.000000,0
r-stop-dp-R50_3_v4_d0.25_b1,config20,3,FOUND INTEGER FEASIBLE,0.000000,349.861083,842,0,-1,-1,-71.043940,-111.748220,0.000000,0.000000,0
r-stop-dp-R50_3_v4_d0.25_b1,config16,1,FOUND INTEGER FEASIBLE,2.459194,68.838931,184,12,2,0,-145.068770,-157.941820,0.000000,0.000000,0
r-stop-dp-R50_3_v4_d0.25_b1,config16,2,FOUND INTEGER FEASIBLE,3.228263,67.105158,171,12,2,0,-77.876500,-111.515740,0.000000,0.000000,0
r-stop-dp-R50_3_v4_d0.25_b1,config16,3,FOUND INTEGER FEASIBLE,3.216745,89.431470,195,12,2,0,-81.852050,-92.119070,0.000000,0.000000,0
r-stop-dp-R50_3_v4_d0.25_b1,config17,1,FOUND INTEGER FEASIBLE,0.186296,1.224928,0,2,0,0,0.000000,0.000000,0.000000,0.000000,0
r-stop-dp-R50_3_v4_d0.25_b1,config17,2,FOUND INTEGER FEASIBLE,0.184732,1.221382,0,2,0,0,0.000000,0.000000,0.000000,0.000000,0
r-stop-dp-R50_3_v4_d0.25_b1,config17,3,FOUND INTEGER FEASIBLE,0.183075,1.220201,0,2,0,0,0.000000,0.000000,0.000000,0.000000,0
r-stop-dp-R50_3_v4_d0.25_b1,config21,1,FOUND INTEGER FEASIBLE,4.426148,5.165354,2,12,0,0,0.000000,0.000000,0.000000,0.000000,0
r-stop-dp-R50_3_v4_d0.25_b1,config21,2,FOUND INTEGER FEASIBLE,4.445347,5.182633,2,12,0,0,0.000000,0.000000,0.000000,0.000000,0
r-stop-dp-R50_3_v4_d0.25_b1,config21,3,FOUND INTEGER FEASIBLE,4.467589,5.200085,1,12,0,0,0.000000,0.000000,0.000000,0.000000,0
r-stop-dp-R50_3_v4_d0.25_b1,config23,1,FOUND INTEGER FEASIBLE,4.316846,5.072991,0,12,0,0,0.000000,0.000000,0.000000,0.000000,0
r-stop-dp-R50_3_v4_d0.25_b1,config23,2,FOUND INTEGER FEASIBLE,4.319083,5.051564,0,12,0,0,0.000000,0.000000,0.000000,0.000000,0
r-stop-dp-R50_3_v4_d0.25_b1,config23,3,FOUND INTEGER FEASIBLE,4.331611,5.048024,0,12,0,0,0.000000,0.000000,0.000000,0.000000,0
r-stop-dp-R50_3_v4_d0.25_b1,config19,1,FOUND INTEGER FEASIBLE,0.000000,0.620961,0,0,-1,-1,-1.317530,-7.175590,0.000000,0.000000,0
r-stop-dp-R50_3_v4_d0.25_b1,config19,2,FOUND INTEGER FEASIBLE,0.000000,0.560629,0,0,-1,-1,-1.317530,-7.175590,0.000000,0.000000,0
r-stop-dp-R50_3_v4_d0.25_b1,config19,3,FOUND INTEGER FEASIBLE,0.000000,0.545752,0,0,-1,-1,-1.317530,-7.175590,0.000000,0.000000,0
r-stop-dp-R50_3_v4_d0.25_b1,config18,1,FOUND INTEGER FEASIBLE,0.000000,0.712166,0,0,-1,-1,-1.317530,-7.175590,0.000000,0.000000,0
r-stop-dp-R50_3_v4_d0.25_b1,config18,2,FOUND INTEGER FEASIBLE,0.000000,0.705590,0,0,-1,-1,-1.317530,-7.175590,0.000000,0.000000,0
r-stop-dp-R50_3_v4_d0.25_b1,config18,3,FOUND INTEGER FEASIBLE,0.000000,0.702141,0,0,-1,-1,-1.317530,-7.175590,0.000000,0.000000,0
r-stop-dp-R50_3_v4_d0.25_b5,config1,1,FOUND INTEGER FEASIBLE,0.000000,2657.468488,820,0,-1,-1,-138.798160,-145.475250,0.000000,0.000000,0
r-stop-dp-R50_3_v4_d0.25_b5,config1,2,FOUND INTEGER FEASIBLE,0.000000,1710.873835,533,0,-1,-1,-136.289490,-167.404660,0.000000,0.000000,0
r-stop-dp-R50_3_v4_d0.25_b5,config1,3,FOUND INTEGER FEASIBLE,0.000000,1420.262599,473,0,-1,-1,-145.864360,-166.025780,0.000000,0.000000,0
r-stop-dp-R50_3_v4_d0.25_b5,config3,1,FOUND INTEGER FEASIBLE,0.000000,53.483176,11,0,-1,-1,-70.510450,-70.510450,0.000000,0.000000,0
r-stop-dp-R50_3_v4_d0.25_b5,config3,2,FOUND INTEGER FEASIBLE,0.000000,41.157645,10,0,-1,-1,-14.860480,-21.906400,0.000000,0.000000,0
r-stop-dp-R50_3_v4_d0.25_b5,config3,3,FOUND INTEGER FEASIBLE,0.000000,5.789885,3,0,-1,-1,0.000000,0.000000,0.000000,0.000000,0
r-stop-dp-R50_3_v4_d0.25_b5,config20,1,FOUND INTEGER FEASIBLE,0.000000,2983.253008,544,0,-1,-1,-78.959160,-134.199690,0.000000,0.000000,0
r-stop-dp-R50_3_v4_d0.25_b5,config20,2,FOUND INTEGER FEASIBLE,0.000000,2159.455092,398,0,-1,-1,-122.090570,-134.140990,0.000000,0.000000,0
r-stop-dp-R50_3_v4_d0.25_b5,config20,3,FOUND INTEGER FEASIBLE,0.000000,2878.673446,538,0,-1,-1,-123.640800,-140.475770,0.000000,0.000000,0
r-stop-dp-R50_3_v4_d0.25_b5,config16,1,FOUND INTEGER FEASIBLE,14.587039,66.162007,201,12,2,0,-81.683320,-96.839920,0.000000,0.000000,0
r-stop-dp-R50_3_v4_d0.25_b5,config16,2,FOUND INTEGER FEASIBLE,14.554622,66.212428,227,12,2,0,-82.362540,-90.869780,0.000000,0.000000,0
r-stop-dp-R50_3_v4_d0.25_b5,config16,3,FOUND INTEGER FEASIBLE,14.564225,67.681915,228,12,2,0,-88.647160,-103.972620,0.000000,0.000000,0
r-stop-dp-R50_3_v4_d0.25_b5,config17,1,FOUND INTEGER FEASIBLE,0.675070,3.565062,0,2,0,0,0.000000,0.000000,0.000000,0.000000,0
r-stop-dp-R50_3_v4_d0.25_b5,config17,2,FOUND INTEGER FEASIBLE,0.590149,2.627715,0,2,0,0,0.000000,0.000000,0.000000,0.000000,0
r-stop-dp-R50_3_v4_d0.25_b5,config17,3,FOUND INTEGER FEASIBLE,0.674817,3.568714,0,2,0,0,0.000000,0.000000,0.000000,0.000000,0
r-stop-dp-R50_3_v4_d0.25_b5,config21,1,FOUND INTEGER FEASIBLE,40.610877,43.077934,0,12,0,0,0.000000,0.000000,0.000000,0.000000,0
r-stop-dp-R50_3_v4_d0.25_b5,config21,2,FOUND INTEGER FEASIBLE,41.812014,43.296313,0,12,0,0,0.000000,0.000000,0.000000,0.000000,0
r-stop-dp-R50_3_v4_d0.25_b5,config21,3,FOUND INTEGER FEASIBLE,40.629738,43.062925,0,12,0,0,0.000000,0.000000,0.000000,0.000000,0
r-stop-dp-R50_3_v4_d0.25_b5,config23,1,FOUND INTEGER FEASIBLE,40.094069,42.557486,5,12,0,0,0.000000,0.000000,0.000000,0.000000,0
r-stop-dp-R50_3_v4_d0.25_b5,config23,2,FOUND INTEGER FEASIBLE,40.216646,42.617453,5,12,0,0,0.000000,0.000000,0.000000,0.000000,0
r-stop-dp-R50_3_v4_d0.25_b5,config23,3,FOUND INTEGER FEASIBLE,40.150252,42.554433,3,12,0,0,0.000000,0.000000,0.000000,0.000000,0
r-stop-dp-R50_3_v4_d0.25_b5,config19,1,FOUND INTEGER FEASIBLE,0.000000,2.048196,0,0,-1,-1,-1.317530,-7.175590,0.000000,0.000000,0
r-stop-dp-R50_3_v4_d0.25_b5,config19,2,FOUND INTEGER FEASIBLE,0.000000,1.922974,0,0,-1,-1,-1.317530,-7.175590,0.000000,0.000000,0
r-stop-dp-R50_3_v4_d0.25_b5,config19,3,FOUND INTEGER FEASIBLE,0.000000,1.989779,0,0,-1,-1,-1.317530,-7.175590,0.000000,0.000000,0
r-stop-dp-R50_3_v4_d0.25_b5,config18,1,FOUND INTEGER FEASIBLE,0.000000,2.531571,0,0,-1,-1,-1.317530,-7.175590,0.000000,0.000000,0
r-stop-dp-R50_3_v4_d0.25_b5,config18,2,FOUND INTEGER FEASIBLE,0.000000,2.557903,0,0,-1,-1,-1.317530,-7.175590,0.000000,0.000000,0
r-stop-dp-R50_3_v4_d0.25_b5,config18,3,FOUND INTEGER FEASIBLE,0.000000,2.543492,0,0,-1,-1,-1.317530,-7.175590,0.000000,0.000000,0
r-stop-dp-R50_4_v2_d0.25_b1,config1,1,FAILED TO FIND AN INTEGER FEASIBLE SOLUTION,0.000000,3600,8869,0,-1,-1,0.000000,0.000000,0.482113,0.482113,12
r-stop-dp-R50_4_v2_d0.25_b1,config1,2,FOUND INTEGER FEASIBLE,0.000000,870.312351,2295,0,-1,-1,-15.777150,-24.848340,0.000000,0.000000,0
r-stop-dp-R50_4_v2_d0.25_b1,config1,3,FAILED TO FIND AN INTEGER FEASIBLE SOLUTION,0.000000,3600,9108,0,-1,-1,0.000000,0.000000,0.417756,0.417756,9
r-stop-dp-R50_4_v2_d0.25_b1,config3,1,FAILED TO FIND AN INTEGER FEASIBLE SOLUTION,0.000000,3600,9036,0,-1,-1,0.000000,0.000000,0.018660,0.018660,4
r-stop-dp-R50_4_v2_d0.25_b1,config3,2,FOUND INTEGER FEASIBLE,0.000000,3.936364,10,0,-1,-1,-22.048080,-35.433480,0.000000,0.000000,0
r-stop-dp-R50_4_v2_d0.25_b1,config3,3,FOUND INTEGER FEASIBLE,0.000000,2.213319,5,0,-1,-1,0.000000,0.000000,0.000000,0.000000,0
r-stop-dp-R50_4_v2_d0.25_b1,config20,1,FAILED TO FIND AN INTEGER FEASIBLE SOLUTION,0.000000,3600,6180,0,-1,-1,0.000000,0.000000,0.273069,0.273069,6
r-stop-dp-R50_4_v2_d0.25_b1,config20,2,FAILED TO FIND AN INTEGER FEASIBLE SOLUTION,0.000000,3600,6674,0,-1,-1,0.000000,0.000000,0.032330,0.032330,6
r-stop-dp-R50_4_v2_d0.25_b1,config20,3,FAILED TO FIND AN INTEGER FEASIBLE SOLUTION,0.000000,3600,6569,0,-1,-1,0.000000,0.000000,0.424667,0.424667,9
r-stop-dp-R50_4_v2_d0.25_b1,config16,1,FOUND INTEGER FEASIBLE,3.172629,77.379507,225,12,2,0,-35.557810,-101.045330,0.000000,0.000000,0
r-stop-dp-R50_4_v2_d0.25_b1,config16,2,FOUND INTEGER FEASIBLE,3.196196,61.766346,185,12,2,0,-61.096180,-78.415170,0.000000,0.000000,0
r-stop-dp-R50_4_v2_d0.25_b1,config16,3,FOUND INTEGER FEASIBLE,3.192482,60.224043,180,12,2,0,-74.230900,-76.531380,0.000000,0.000000,0
r-stop-dp-R50_4_v2_d0.25_b1,config17,1,FOUND INTEGER FEASIBLE,0.205377,0.768336,0,2,0,0,0.000000,0.000000,0.000000,0.000000,0
r-stop-dp-R50_4_v2_d0.25_b1,config17,2,FOUND INTEGER FEASIBLE,0.206016,0.774181,0,2,0,0,0.000000,0.000000,0.000000,0.000000,0
r-stop-dp-R50_4_v2_d0.25_b1,config17,3,FOUND INTEGER FEASIBLE,0.205997,0.769314,0,2,0,0,0.000000,0.000000,0.000000,0.000000,0
r-stop-dp-R50_4_v2_d0.25_b1,config21,1,FOUND INTEGER FEASIBLE,1.680573,2.431600,0,13,1,1,0.000000,0.000000,0.000000,0.000000,0
r-stop-dp-R50_4_v2_d0.25_b1,config21,2,FOUND INTEGER FEASIBLE,1.682610,2.436405,0,13,1,1,0.000000,0.000000,0.000000,0.000000,0
r-stop-dp-R50_4_v2_d0.25_b1,config21,3,FOUND INTEGER FEASIBLE,1.685964,2.412030,0,13,1,1,0.000000,0.000000,0.000000,0.000000,0
r-stop-dp-R50_4_v2_d0.25_b1,config23,1,FOUND INTEGER FEASIBLE,1.006938,1.423744,1,13,1,1,0.000000,0.000000,0.000000,0.000000,0
r-stop-dp-R50_4_v2_d0.25_b1,config23,2,FOUND INTEGER FEASIBLE,1.685795,2.411880,2,13,1,1,0.000000,0.000000,0.000000,0.000000,0
r-stop-dp-R50_4_v2_d0.25_b1,config23,3,FOUND INTEGER FEASIBLE,1.649588,2.373053,1,13,1,1,0.000000,0.000000,0.000000,0.000000,0
r-stop-dp-R50_4_v2_d0.25_b1,config19,1,FOUND INTEGER FEASIBLE,0.000000,0.610133,0,0,-1,-1,0.000000,0.000000,0.000000,0.000000,0
r-stop-dp-R50_4_v2_d0.25_b1,config19,2,FOUND INTEGER FEASIBLE,0.000000,0.587281,0,0,-1,-1,0.000000,0.000000,0.000000,0.000000,0
r-stop-dp-R50_4_v2_d0.25_b1,config19,3,FOUND INTEGER FEASIBLE,0.000000,0.586305,0,0,-1,-1,0.000000,0.000000,0.000000,0.000000,0
r-stop-dp-R50_4_v2_d0.25_b1,config18,1,FOUND INTEGER FEASIBLE,0.000000,0.614553,0,0,-1,-1,0.000000,0.000000,0.000000,0.000000,0
r-stop-dp-R50_4_v2_d0.25_b1,config18,2,FOUND INTEGER FEASIBLE,0.000000,0.755997,0,0,-1,-1,0.000000,0.000000,0.000000,0.000000,0
r-stop-dp-R50_4_v2_d0.25_b1,config18,3,FOUND INTEGER FEASIBLE,0.000000,0.741105,0,0,-1,-1,0.000000,0.000000,0.000000,0.000000,0
r-stop-dp-R50_4_v2_d0.25_b5,config1,1,FAILED TO FIND AN INTEGER FEASIBLE SOLUTION,0.000000,3600,747,0,-1,-1,0.000000,0.000000,1.695890,1.695890,20
r-stop-dp-R50_4_v2_d0.25_b5,config1,2,FAILED TO FIND AN INTEGER FEASIBLE SOLUTION,0.000000,3600,599,0,-1,-1,0.000000,0.000000,0.879450,0.879450,14
r-stop-dp-R50_4_v2_d0.25_b5,config1,3,FAILED TO FIND AN INTEGER FEASIBLE SOLUTION,0.000000,3600,802,0,-1,-1,0.000000,0.000000,0.451222,0.451222,6
r-stop-dp-R50_4_v2_d0.25_b5,config3,1,FAILED TO FIND AN INTEGER FEASIBLE SOLUTION,0.000000,3600,296,0,-1,-1,0.000000,0.000000,0.559741,0.559741,6
r-stop-dp-R50_4_v2_d0.25_b5,config3,2,FOUND INTEGER FEASIBLE,0.000000,75.319301,10,0,-1,-1,-22.048080,-35.433480,0.000000,0.000000,0
r-stop-dp-R50_4_v2_d0.25_b5,config3,3,FOUND INTEGER FEASIBLE,0.000000,70.707351,5,0,-1,-1,0.000000,0.000000,0.000000,0.000000,0
r-stop-dp-R50_4_v2_d0.25_b5,config20,1,FAILED TO FIND AN INTEGER FEASIBLE SOLUTION,0.000000,3600,634,0,-1,-1,0.000000,0.000000,0.896436,0.896436,17
r-stop-dp-R50_4_v2_d0.25_b5,config20,2,FAILED TO FIND AN INTEGER FEASIBLE SOLUTION,0.000000,3600,487,0,-1,-1,0.000000,0.000000,1.628672,1.628672,24
r-stop-dp-R50_4_v2_d0.25_b5,config20,3,FAILED TO FIND AN INTEGER FEASIBLE SOLUTION,0.000000,3600,508,0,-1,-1,0.000000,0.000000,0.900083,0.900083,10
r-stop-dp-R50_4_v2_d0.25_b5,config16,1,FOUND INTEGER FEASIBLE,13.334237,249.509943,246,12,2,0,-70.967330,-78.206430,0.000000,0.000000,0
r-stop-dp-R50_4_v2_d0.25_b5,config16,2,FOUND INTEGER FEASIBLE,13.272839,86.288643,187,12,2,0,-27.658160,-27.658160,0.000000,0.000000,0
r-stop-dp-R50_4_v2_d0.25_b5,config16,3,FOUND INTEGER FEASIBLE,13.318257,158.876801,212,12,2,0,-41.708100,-50.297740,0.000000,0.000000,0
r-stop-dp-R50_4_v2_d0.25_b5,config17,1,FOUND INTEGER FEASIBLE,1.215237,3.208934,0,2,0,0,0.000000,0.000000,0.000000,0.000000,0
r-stop-dp-R50_4_v2_d0.25_b5,config17,2,FOUND INTEGER FEASIBLE,1.213930,3.211129,0,2,0,0,0.000000,0.000000,0.000000,0.000000,0
r-stop-dp-R50_4_v2_d0.25_b5,config17,3,FOUND INTEGER FEASIBLE,1.193429,3.231759,0,2,0,0,0.000000,0.000000,0.000000,0.000000,0
r-stop-dp-R50_4_v2_d0.25_b5,config21,1,FOUND INTEGER FEASIBLE,93.599420,96.064125,2,12,0,0,0.000000,0.000000,0.000000,0.000000,0
r-stop-dp-R50_4_v2_d0.25_b5,config21,2,FOUND INTEGER FEASIBLE,94.090011,96.530254,2,12,0,0,0.000000,0.000000,0.000000,0.000000,0
r-stop-dp-R50_4_v2_d0.25_b5,config21,3,FOUND INTEGER FEASIBLE,94.810038,97.240598,2,12,0,0,0.000000,0.000000,0.000000,0.000000,0
r-stop-dp-R50_4_v2_d0.25_b5,config23,1,FOUND INTEGER FEASIBLE,92.344141,94.772776,0,12,0,0,0.000000,0.000000,0.000000,0.000000,0
r-stop-dp-R50_4_v2_d0.25_b5,config23,2,FOUND INTEGER FEASIBLE,92.604883,95.006489,0,12,0,0,0.000000,0.000000,0.000000,0.000000,0
r-stop-dp-R50_4_v2_d0.25_b5,config23,3,FOUND INTEGER FEASIBLE,92.252990,94.652755,0,12,0,0,0.000000,0.000000,0.000000,0.000000,0
r-stop-dp-R50_4_v2_d0.25_b5,config19,1,FOUND INTEGER FEASIBLE,0.000000,2.248869,0,0,-1,-1,0.000000,0.000000,0.000000,0.000000,0
r-stop-dp-R50_4_v2_d0.25_b5,config19,2,FOUND INTEGER FEASIBLE,0.000000,2.036501,0,0,-1,-1,0.000000,0.000000,0.000000,0.000000,0
r-stop-dp-R50_4_v2_d0.25_b5,config19,3,FOUND INTEGER FEASIBLE,0.000000,2.147656,0,0,-1,-1,0.000000,0.000000,0.000000,0.000000,0
r-stop-dp-R50_4_v2_d0.25_b5,config18,1,FOUND INTEGER FEASIBLE,0.000000,2.659630,0,0,-1,-1,0.000000,0.000000,0.000000,0.000000,0
r-stop-dp-R50_4_v2_d0.25_b5,config18,2,FOUND INTEGER FEASIBLE,0.000000,2.717540,0,0,-1,-1,0.000000,0.000000,0.000000,0.000000,0
r-stop-dp-R50_4_v2_d0.25_b5,config18,3,FOUND INTEGER FEASIBLE,0.000000,2.693760,0,0,-1,-1,0.000000,0.000000,0.000000,0.000000,0
r-stop-dp-R50_4_v4_d0.25_b1,config1,1,FOUND INTEGER FEASIBLE,0.000000,876.660344,2194,0,-1,-1,-65.222910,-107.792820,0.000000,0.000000,0
r-stop-dp-R50_4_v4_d0.25_b1,config1,2,FOUND INTEGER FEASIBLE,0.000000,819.046452,2145,0,-1,-1,-127.494990,-189.451850,0.000000,0.000000,0
r-stop-dp-R50_4_v4_d0.25_b1,config1,3,FOUND INTEGER FEASIBLE,0.000000,569.871176,1541,0,-1,-1,-125.539760,-145.681790,0.000000,0.000000,0
r-stop-dp-R50_4_v4_d0.25_b1,config3,1,FOUND INTEGER FEASIBLE,0.000000,14.336664,44,0,-1,-1,-111.839710,-167.970310,0.000000,0.000000,0
r-stop-dp-R50_4_v4_d0.25_b1,config3,2,FOUND INTEGER FEASIBLE,0.000000,3.834511,10,0,-1,-1,-22.048080,-35.433480,0.000000,0.000000,0
r-stop-dp-R50_4_v4_d0.25_b1,config3,3,FOUND INTEGER FEASIBLE,0.000000,2.199076,5,0,-1,-1,0.000000,0.000000,0.000000,0.000000,0
r-stop-dp-R50_4_v4_d0.25_b1,config20,1,FOUND INTEGER FEASIBLE,0.000000,786.843252,1545,0,-1,-1,-105.367730,-179.955810,0.000000,0.000000,0
r-stop-dp-R50_4_v4_d0.25_b1,config20,2,FOUND INTEGER FEASIBLE,0.000000,708.858428,1537,0,-1,-1,-127.448100,-169.814260,0.000000,0.000000,0
r-stop-dp-R50_4_v4_d0.25_b1,config20,3,FOUND INTEGER FEASIBLE,0.000000,647.174884,1446,0,-1,-1,-112.074620,-126.543380,0.000000,0.000000,0
r-stop-dp-R50_4_v4_d0.25_b1,config16,1,FOUND INTEGER FEASIBLE,2.303869,183.022266,499,12,5,1,-76.762700,-130.955290,0.000000,0.000000,0
r-stop-dp-R50_4_v4_d0.25_b1,config16,2,FOUND INTEGER FEASIBLE,1.551260,406.426626,1099,12,12,1,-69.472330,-123.483570,0.000000,0.000000,0
r-stop-dp-R50_4_v4_d0.25_b1,config16,3,FOUND INTEGER FEASIBLE,2.292850,242.274779,637,12,7,1,-94.996690,-183.889590,0.000000,0.000000,0
r-stop-dp-R50_4_v4_d0.25_b1,config17,1,FOUND INTEGER FEASIBLE,0.183919,1.225932,0,2,0,0,0.000000,0.000000,0.000000,0.000000,0
r-stop-dp-R50_4_v4_d0.25_b1,config17,2,FOUND INTEGER FEASIBLE,0.183391,1.218798,0,2,0,0,0.000000,0.000000,0.000000,0.000000,0
r-stop-dp-R50_4_v4_d0.25_b1,config17,3,FOUND INTEGER FEASIBLE,0.184931,1.222272,0,2,0,0,0.000000,0.000000,0.000000,0.000000,0
r-stop-dp-R50_4_v4_d0.25_b1,config21,1,FOUND INTEGER FEASIBLE,3.704035,4.265298,2,12,0,0,0.000000,0.000000,0.000000,0.000000,0
r-stop-dp-R50_4_v4_d0.25_b1,config21,2,FOUND INTEGER FEASIBLE,3.714588,4.272689,1,12,0,0,0.000000,0.000000,0.000000,0.000000,0
r-stop-dp-R50_4_v4_d0.25_b1,config21,3,FOUND INTEGER FEASIBLE,3.836123,4.560561,2,12,0,0,0.000000,0.000000,0.000000,0.000000,0
r-stop-dp-R50_4_v4_d0.25_b1,config23,1,FOUND INTEGER FEASIBLE,3.800892,4.555695,0,12,0,0,0.000000,0.000000,0.000000,0.000000,0
r-stop-dp-R50_4_v4_d0.25_b1,config23,2,FOUND INTEGER FEASIBLE,3.815821,4.532458,0,12,0,0,0.000000,0.000000,0.000000,0.000000,0
r-stop-dp-R50_4_v4_d0.25_b1,config23,3,FOUND INTEGER FEASIBLE,3.814291,4.539160,0,12,0,0,0.000000,0.000000,0.000000,0.000000,0
r-stop-dp-R50_4_v4_d0.25_b1,config19,1,FOUND INTEGER FEASIBLE,0.000000,0.614164,0,0,-1,-1,-1.317530,-7.175590,0.000000,0.000000,0
r-stop-dp-R50_4_v4_d0.25_b1,config19,2,FOUND INTEGER FEASIBLE,0.000000,0.600687,0,0,-1,-1,-1.317530,-7.175590,0.000000,0.000000,0
r-stop-dp-R50_4_v4_d0.25_b1,config19,3,FOUND INTEGER FEASIBLE,0.000000,0.524257,0,0,-1,-1,-1.317530,-7.175590,0.000000,0.000000,0
r-stop-dp-R50_4_v4_d0.25_b1,config18,1,FOUND INTEGER FEASIBLE,0.000000,0.709297,0,0,-1,-1,-1.317530,-7.175590,0.000000,0.000000,0
r-stop-dp-R50_4_v4_d0.25_b1,config18,2,FOUND INTEGER FEASIBLE,0.000000,0.697527,0,0,-1,-1,-1.317530,-7.175590,0.000000,0.000000,0
r-stop-dp-R50_4_v4_d0.25_b1,config18,3,FOUND INTEGER FEASIBLE,0.000000,0.698053,0,0,-1,-1,-1.317530,-7.175590,0.000000,0.000000,0
r-stop-dp-R50_4_v4_d0.25_b5,config1,1,FOUND INTEGER FEASIBLE,0.000000,1452.185777,397,0,-1,-1,-66.587080,-146.755020,0.000000,0.000000,0
r-stop-dp-R50_4_v4_d0.25_b5,config1,2,FOUND INTEGER FEASIBLE,0.000000,868.085494,251,0,-1,-1,-109.754070,-144.590520,0.000000,0.000000,0
r-stop-dp-R50_4_v4_d0.25_b5,config1,3,FOUND INTEGER FEASIBLE,0.000000,1900.709376,363,0,-1,-1,-113.488720,-129.775600,0.000000,0.000000,0
r-stop-dp-R50_4_v4_d0.25_b5,config3,1,FOUND INTEGER FEASIBLE,0.000000,1427.509141,179,0,-1,-1,-61.154410,-111.215760,0.000000,0.000000,0
r-stop-dp-R50_4_v4_d0.25_b5,config3,2,FOUND INTEGER FEASIBLE,0.000000,72.162512,10,0,-1,-1,-22.048080,-35.433480,0.000000,0.000000,0
r-stop-dp-R50_4_v4_d0.25_b5,config3,3,FOUND INTEGER FEASIBLE,0.000000,70.497308,5,0,-1,-1,0.000000,0.000000,0.000000,0.000000,0
r-stop-dp-R50_4_v4_d0.25_b5,config20,1,FAILED TO FIND AN INTEGER FEASIBLE SOLUTION,0.000000,3600,550,0,-1,-1,0.000000,0.000000,0.351639,0.351639,6
r-stop-dp-R50_4_v4_d0.25_b5,config20,2,FAILED TO FIND AN INTEGER FEASIBLE SOLUTION,0.000000,3600,403,0,-1,-1,0.000000,0.000000,0.812869,0.812869,11
r-stop-dp-R50_4_v4_d0.25_b5,config20,3,FOUND INTEGER FEASIBLE,0.000000,3185.276854,448,0,-1,-1,-89.402110,-118.355350,0.000000,0.000000,0
r-stop-dp-R50_4_v4_d0.25_b5,config16,1,FOUND INTEGER FEASIBLE,7.780505,10.660170,23,12,1,1,-121.257860,-195.209230,0.000000,0.000000,0
r-stop-dp-R50_4_v4_d0.25_b5,config16,2,FOUND INTEGER FEASIBLE,7.740917,11.497276,58,12,1,1,-96.588710,-128.581090,0.000000,0.000000,0
r-stop-dp-R50_4_v4_d0.25_b5,config16,3,FOUND INTEGER FEASIBLE,7.786946,10.573187,28,12,1,1,-143.610890,-202.311050,0.000000,0.000000,0
r-stop-dp-R50_4_v4_d0.25_b5,config17,1,FOUND INTEGER FEASIBLE,0.751521,2.773705,0,2,0,0,0.000000,0.000000,0.000000,0.000000,0
r-stop-dp-R50_4_v4_d0.25_b5,config17,2,FOUND INTEGER FEASIBLE,0.830328,3.721239,0,2,0,0,0.000000,0.000000,0.000000,0.000000,0
r-stop-dp-R50_4_v4_d0.25_b5,config17,3,FOUND INTEGER FEASIBLE,0.834077,3.725163,0,2,0,0,0.000000,0.000000,0.000000,0.000000,0
r-stop-dp-R50_4_v4_d0.25_b5,config21,1,FOUND INTEGER FEASIBLE,39.170932,41.634922,0,12,0,0,0.000000,0.000000,0.000000,0.000000,0
r-stop-dp-R50_4_v4_d0.25_b5,config21,2,FOUND INTEGER FEASIBLE,39.067498,41.499844,0,12,0,0,0.000000,0.000000,0.000000,0.000000,0
r-stop-dp-R50_4_v4_d0.25_b5,config21,3,FOUND INTEGER FEASIBLE,39.044728,41.481572,0,12,0,0,0.000000,0.000000,0.000000,0.000000,0
r-stop-dp-R50_4_v4_d0.25_b5,config23,1,FOUND INTEGER FEASIBLE,38.314340,40.779835,7,12,0,0,0.000000,0.000000,0.000000,0.000000,0
r-stop-dp-R50_4_v4_d0.25_b5,config23,2,FOUND INTEGER FEASIBLE,38.280055,40.689784,7,12,0,0,0.000000,0.000000,0.000000,0.000000,0
r-stop-dp-R50_4_v4_d0.25_b5,config23,3,FOUND INTEGER FEASIBLE,38.302085,40.703297,5,12,0,0,0.000000,0.000000,0.000000,0.000000,0
r-stop-dp-R50_4_v4_d0.25_b5,config19,1,FOUND INTEGER FEASIBLE,0.000000,2.040174,0,0,-1,-1,-1.317530,-7.175590,0.000000,0.000000,0
r-stop-dp-R50_4_v4_d0.25_b5,config19,2,FOUND INTEGER FEASIBLE,0.000000,1.953872,0,0,-1,-1,-1.317530,-7.175590,0.000000,0.000000,0
r-stop-dp-R50_4_v4_d0.25_b5,config19,3,FOUND INTEGER FEASIBLE,0.000000,2.064764,0,0,-1,-1,-1.317530,-7.175590,0.000000,0.000000,0
r-stop-dp-R50_4_v4_d0.25_b5,config18,1,FOUND INTEGER FEASIBLE,0.000000,2.601298,0,0,-1,-1,-1.317530,-7.175590,0.000000,0.000000,0
r-stop-dp-R50_4_v4_d0.25_b5,config18,2,FOUND INTEGER FEASIBLE,0.000000,2.554780,0,0,-1,-1,-1.317530,-7.175590,0.000000,0.000000,0
r-stop-dp-R50_4_v4_d0.25_b5,config18,3,FOUND INTEGER FEASIBLE,0.000000,2.551195,0,0,-1,-1,-1.317530,-7.175590,0.000000,0.000000,0
r-stop-dp-RC100_3_v2_d0.25_b1,config1,1,FAILED TO FIND AN INTEGER FEASIBLE SOLUTION,0.000000,3600,395,0,-1,-1,0.000000,0.000000,14.591377,14.591377,133
r-stop-dp-RC100_3_v2_d0.25_b1,config1,2,FAILED TO FIND AN INTEGER FEASIBLE SOLUTION,0.000000,3600,387,0,-1,-1,0.000000,0.000000,13.809180,13.821298,123
r-stop-dp-RC100_3_v2_d0.25_b1,config1,3,FAILED TO FIND AN INTEGER FEASIBLE SOLUTION,0.000000,3600,389,0,-1,-1,0.000000,0.000000,14.206076,14.206076,108
r-stop-dp-RC100_3_v2_d0.25_b1,config3,1,FOUND INTEGER FEASIBLE,0.000000,10.137071,3,0,-1,-1,0.000000,0.000000,0.000000,0.000000,0
r-stop-dp-RC100_3_v2_d0.25_b1,config3,2,FOUND INTEGER FEASIBLE,0.000000,10.210863,3,0,-1,-1,0.000000,0.000000,0.000000,0.000000,0
r-stop-dp-RC100_3_v2_d0.25_b1,config3,3,FOUND INTEGER FEASIBLE,0.000000,11.941925,4,0,-1,-1,0.000000,0.000000,0.000000,0.000000,0
r-stop-dp-RC100_3_v2_d0.25_b1,config20,1,FAILED TO FIND AN INTEGER FEASIBLE SOLUTION,0.000000,3600,225,0,-1,-1,0.000000,0.000000,14.535789,14.954081,102
r-stop-dp-RC100_3_v2_d0.25_b1,config20,2,FAILED TO FIND AN INTEGER FEASIBLE SOLUTION,0.000000,3600,225,0,-1,-1,0.000000,0.000000,15.778718,15.778718,136
r-stop-dp-RC100_3_v2_d0.25_b1,config20,3,FAILED TO FIND AN INTEGER FEASIBLE SOLUTION,0.000000,3600,236,0,-1,-1,0.000000,0.000000,14.708373,14.708373,136
r-stop-dp-RC100_3_v2_d0.25_b1,config16,1,FAILED TO FIND AN INTEGER FEASIBLE SOLUTION,39.588008,3600,471,13,13,1,0.000000,0.000000,11.137898,11.137898,92
r-stop-dp-RC100_3_v2_d0.25_b1,config16,2,FAILED TO FIND AN INTEGER FEASIBLE SOLUTION,39.509801,3600,525,13,13,1,0.000000,0.000000,14.301506,14.336164,96
r-stop-dp-RC100_3_v2_d0.25_b1,config16,3,FAILED TO FIND AN INTEGER FEASIBLE SOLUTION,39.795483,3600,427,13,12,1,0.000000,0.000000,14.514374,14.514374,132
r-stop-dp-RC100_3_v2_d0.25_b1,config17,1,FOUND INTEGER FEASIBLE,1.074051,4.886695,2,8,0,0,0.000000,0.000000,0.000000,0.000000,0
r-stop-dp-RC100_3_v2_d0.25_b1,config17,2,FOUND INTEGER FEASIBLE,1.072686,4.728707,2,8,0,0,0.000000,0.000000,0.000000,0.000000,0
r-stop-dp-RC100_3_v2_d0.25_b1,config17,3,FOUND INTEGER FEASIBLE,1.077714,4.656631,1,8,0,0,0.000000,0.000000,0.000000,0.000000,0
r-stop-dp-RC100_3_v2_d0.25_b1,config21,1,FOUND INTEGER FEASIBLE,23.148874,27.586714,0,12,0,0,0.000000,0.000000,0.000000,0.000000,0
r-stop-dp-RC100_3_v2_d0.25_b1,config21,2,FOUND INTEGER FEASIBLE,23.132338,27.360548,0,12,0,0,0.000000,0.000000,0.000000,0.000000,0
r-stop-dp-RC100_3_v2_d0.25_b1,config21,3,FOUND INTEGER FEASIBLE,22.988407,27.221021,0,12,0,0,0.000000,0.000000,0.000000,0.000000,0
r-stop-dp-RC100_3_v2_d0.25_b1,config23,1,FOUND INTEGER FEASIBLE,22.603417,26.854279,4,12,0,0,0.000000,0.000000,0.000000,0.000000,0
r-stop-dp-RC100_3_v2_d0.25_b1,config23,2,FOUND INTEGER FEASIBLE,22.587942,26.822855,4,12,0,0,0.000000,0.000000,0.000000,0.000000,0
r-stop-dp-RC100_3_v2_d0.25_b1,config23,3,FOUND INTEGER FEASIBLE,22.647552,26.805406,10,12,0,0,0.000000,0.000000,0.000000,0.000000,0
r-stop-dp-RC100_3_v2_d0.25_b1,config19,1,FOUND INTEGER FEASIBLE,0.000000,4.237396,0,0,-1,-1,-1.255030,-11.204230,0.000000,0.000000,0
r-stop-dp-RC100_3_v2_d0.25_b1,config19,2,FOUND INTEGER FEASIBLE,0.000000,4.225648,0,0,-1,-1,-1.255030,-11.204230,0.000000,0.000000,0
r-stop-dp-RC100_3_v2_d0.25_b1,config19,3,FOUND INTEGER FEASIBLE,0.000000,4.433976,0,0,-1,-1,-1.255030,-11.204230,0.000000,0.000000,0
r-stop-dp-RC100_3_v2_d0.25_b1,config18,1,FOUND INTEGER FEASIBLE,0.000000,5.510736,0,0,-1,-1,-1.255030,-11.204230,0.000000,0.000000,0
r-stop-dp-RC100_3_v2_d0.25_b1,config18,2,FOUND INTEGER FEASIBLE,0.000000,5.299025,0,0,-1,-1,-1.255030,-11.204230,0.000000,0.000000,0
r-stop-dp-RC100_3_v2_d0.25_b1,config18,3,FOUND INTEGER FEASIBLE,0.000000,4.810879,0,0,-1,-1,-1.255030,-11.204230,0.000000,0.000000,0
r-stop-dp-RC100_3_v2_d0.25_b5,config1,1,FAILED TO FIND AN INTEGER FEASIBLE SOLUTION,0.000000,3600,28,0,-1,-1,0.000000,0.000000,17.834338,17.834338,179
r-stop-dp-RC100_3_v2_d0.25_b5,config1,2,FAILED TO FIND AN INTEGER FEASIBLE SOLUTION,0.000000,3600,28,0,-1,-1,0.000000,0.000000,17.547753,17.547753,159
r-stop-dp-RC100_3_v2_d0.25_b5,config1,3,FAILED TO FIND AN INTEGER FEASIBLE SOLUTION,0.000000,3600,28,0,-1,-1,0.000000,0.000000,17.651799,17.651799,186
r-stop-dp-RC100_3_v2_d0.25_b5,config3,1,FOUND INTEGER FEASIBLE,0.000000,579.022128,3,0,-1,-1,0.000000,0.000000,0.000000,0.000000,0
r-stop-dp-RC100_3_v2_d0.25_b5,config3,2,FOUND INTEGER FEASIBLE,0.000000,591.050372,3,0,-1,-1,0.000000,0.000000,0.000000,0.000000,0
r-stop-dp-RC100_3_v2_d0.25_b5,config3,3,FAILED TO FIND AN INTEGER FEASIBLE SOLUTION,0.000000,3600,1,0,-1,-1,0.000000,0.000000,1.393151,1.393151,4
r-stop-dp-RC100_3_v2_d0.25_b5,config20,1,FAILED TO FIND AN INTEGER FEASIBLE SOLUTION,0.000000,3600,10,0,-1,-1,0.000000,0.000000,21.472487,21.588203,176
r-stop-dp-RC100_3_v2_d0.25_b5,config20,2,FAILED TO FIND AN INTEGER FEASIBLE SOLUTION,0.000000,3600,10,0,-1,-1,0.000000,0.000000,21.278105,21.291112,171
r-stop-dp-RC100_3_v2_d0.25_b5,config20,3,FAILED TO FIND AN INTEGER FEASIBLE SOLUTION,0.000000,3600,8,0,-1,-1,0.000000,0.000000,20.201444,20.265498,150
r-stop-dp-RC100_3_v2_d0.25_b5,config16,1,FAILED TO FIND AN INTEGER FEASIBLE SOLUTION,329.764910,3600,144,12,12,0,0.000000,0.000000,3.935824,3.935824,30
r-stop-dp-RC100_3_v2_d0.25_b5,config16,2,FAILED TO FIND AN INTEGER FEASIBLE SOLUTION,321.815111,3600,146,12,12,0,0.000000,0.000000,4.120762,4.120762,31
r-stop-dp-RC100_3_v2_d0.25_b5,config16,3,FAILED TO FIND AN INTEGER FEASIBLE SOLUTION,323.821024,3600,162,12,12,0,0.000000,0.000000,2.148865,2.148865,24
r-stop-dp-RC100_3_v2_d0.25_b5,config17,1,FOUND INTEGER FEASIBLE,11.256561,22.065970,0,6,0,0,0.000000,0.000000,0.000000,0.000000,0
r-stop-dp-RC100_3_v2_d0.25_b5,config17,2,FOUND INTEGER FEASIBLE,10.916843,22.040079,0,6,0,0,0.000000,0.000000,0.000000,0.000000,0
r-stop-dp-RC100_3_v2_d0.25_b5,config17,3,FOUND INTEGER FEASIBLE,10.987772,21.814971,0,6,0,0,0.000000,0.000000,0.000000,0.000000,0
r-stop-dp-RC100_3_v2_d0.25_b5,config21,1,FOUND INTEGER FEASIBLE,442.119156,455.059784,1,12,0,0,0.000000,0.000000,0.000000,0.000000,0
r-stop-dp-RC100_3_v2_d0.25_b5,config21,2,FOUND INTEGER FEASIBLE,423.017720,435.772099,2,12,0,0,0.000000,0.000000,0.000000,0.000000,0
r-stop-dp-RC100_3_v2_d0.25_b5,config21,3,FOUND INTEGER FEASIBLE,412.371871,425.138225,1,12,0,0,0.000000,0.000000,0.000000,0.000000,0
r-stop-dp-RC100_3_v2_d0.25_b5,config23,1,FOUND INTEGER FEASIBLE,469.875658,483.488248,3,12,0,0,0.000000,0.000000,0.000000,0.000000,0
r-stop-dp-RC100_3_v2_d0.25_b5,config23,2,FOUND INTEGER FEASIBLE,449.237922,462.400801,3,12,0,0,0.000000,0.000000,0.000000,0.000000,0
r-stop-dp-RC100_3_v2_d0.25_b5,config23,3,FOUND INTEGER FEASIBLE,485.840661,498.175369,15,12,0,0,0.000000,0.000000,0.000000,0.000000,0
r-stop-dp-RC100_3_v2_d0.25_b5,config19,1,FOUND INTEGER FEASIBLE,0.000000,15.445746,0,0,-1,-1,-1.255030,-11.204230,0.000000,0.000000,0
r-stop-dp-RC100_3_v2_d0.25_b5,config19,2,FOUND INTEGER FEASIBLE,0.000000,15.343894,0,0,-1,-1,-1.255030,-11.204230,0.000000,0.000000,0
r-stop-dp-RC100_3_v2_d0.25_b5,config19,3,FOUND INTEGER FEASIBLE,0.000000,14.717205,0,0,-1,-1,-1.255030,-11.204230,0.000000,0.000000,0
r-stop-dp-RC100_3_v2_d0.25_b5,config18,1,FOUND INTEGER FEASIBLE,0.000000,18.711160,0,0,-1,-1,-1.255030,-11.204230,0.000000,0.000000,0
r-stop-dp-RC100_3_v2_d0.25_b5,config18,2,FOUND INTEGER FEASIBLE,0.000000,18.234148,0,0,-1,-1,-1.255030,-11.204230,0.000000,0.000000,0
r-stop-dp-RC100_3_v2_d0.25_b5,config18,3,FOUND INTEGER FEASIBLE,0.000000,18.341109,0,0,-1,-1,-1.255030,-11.204230,0.000000,0.000000,0
r-stop-dp-RC100_3_v4_d0.25_b1,config1,1,FAILED TO FIND AN INTEGER FEASIBLE SOLUTION,0.000000,3600,473,0,-1,-1,0.000000,0.000000,9.223979,9.223979,74
r-stop-dp-RC100_3_v4_d0.25_b1,config1,2,FAILED TO FIND AN INTEGER FEASIBLE SOLUTION,0.000000,3600,454,0,-1,-1,0.000000,0.000000,10.591671,10.591671,108
r-stop-dp-RC100_3_v4_d0.25_b1,config1,3,FAILED TO FIND AN INTEGER FEASIBLE SOLUTION,0.000000,3600,455,0,-1,-1,0.000000,0.000000,8.716320,8.716320,90
r-stop-dp-RC100_3_v4_d0.25_b1,config3,1,FOUND INTEGER FEASIBLE,0.000000,10.203584,3,0,-1,-1,0.000000,0.000000,0.000000,0.000000,0
r-stop-dp-RC100_3_v4_d0.25_b1,config3,2,FOUND INTEGER FEASIBLE,0.000000,10.140183,3,0,-1,-1,0.000000,0.000000,0.000000,0.000000,0
r-stop-dp-RC100_3_v4_d0.25_b1,config3,3,FOUND INTEGER FEASIBLE,0.000000,12.304290,4,0,-1,-1,0.000000,0.000000,0.000000,0.000000,0
r-stop-dp-RC100_3_v4_d0.25_b1,config20,1,FAILED TO FIND AN INTEGER FEASIBLE SOLUTION,0.000000,3600,332,0,-1,-1,0.000000,0.000000,11.823415,11.823415,105
r-stop-dp-RC100_3_v4_d0.25_b1,config20,2,FAILED TO FIND AN INTEGER FEASIBLE SOLUTION,0.000000,3600,284,0,-1,-1,0.000000,0.000000,13.197937,13.197937,127
r-stop-dp-RC100_3_v4_d0.25_b1,config20,3,FAILED TO FIND AN INTEGER FEASIBLE SOLUTION,0.000000,3600,283,0,-1,-1,0.000000,0.000000,12.375811,12.452764,104
r-stop-dp-RC100_3_v4_d0.25_b1,config16,1,FAILED TO FIND AN INTEGER FEASIBLE SOLUTION,30.291639,3600,448,12,11,1,0.000000,0.000000,11.847429,11.847429,124
r-stop-dp-RC100_3_v4_d0.25_b1,config16,2,FAILED TO FIND AN INTEGER FEASIBLE SOLUTION,28.557056,3600,592,12,12,1,0.000000,0.000000,7.829564,7.829564,68
r-stop-dp-RC100_3_v4_d0.25_b1,config16,3,FAILED TO FIND AN INTEGER FEASIBLE SOLUTION,29.668956,3600,543,12,12,1,0.000000,0.000000,6.907692,6.907692,61
r-stop-dp-RC100_3_v4_d0.25_b1,config17,1,FOUND INTEGER FEASIBLE,1.130305,4.496350,0,8,0,0,0.000000,0.000000,0.000000,0.000000,0
r-stop-dp-RC100_3_v4_d0.25_b1,config17,2,FOUND INTEGER FEASIBLE,1.123155,4.326767,0,8,0,0,0.000000,0.000000,0.000000,0.000000,0
r-stop-dp-RC100_3_v4_d0.25_b1,config17,3,FOUND INTEGER FEASIBLE,1.094188,4.267491,0,8,0,0,0.000000,0.000000,0.000000,0.000000,0
r-stop-dp-RC100_3_v4_d0.25_b1,config21,1,FOUND INTEGER FEASIBLE,23.657885,28.038443,0,12,0,0,0.000000,0.000000,0.000000,0.000000,0
r-stop-dp-RC100_3_v4_d0.25_b1,config21,2,FOUND INTEGER FEASIBLE,23.554911,27.728284,0,12,0,0,0.000000,0.000000,0.000000,0.000000,0
r-stop-dp-RC100_3_v4_d0.25_b1,config21,3,FOUND INTEGER FEASIBLE,23.592449,26.777444,0,12,0,0,0.000000,0.000000,0.000000,0.000000,0
r-stop-dp-RC100_3_v4_d0.25_b1,config23,1,FOUND INTEGER FEASIBLE,23.428922,27.718662,6,12,0,0,0.000000,0.000000,0.000000,0.000000,0
r-stop-dp-RC100_3_v4_d0.25_b1,config23,2,FOUND INTEGER FEASIBLE,23.235908,27.399172,3,12,0,0,0.000000,0.000000,0.000000,0.000000,0
r-stop-dp-RC100_3_v4_d0.25_b1,config23,3,FOUND INTEGER FEASIBLE,23.463804,27.627581,4,12,0,0,0.000000,0.000000,0.000000,0.000000,0
r-stop-dp-RC100_3_v4_d0.25_b1,config19,1,FOUND INTEGER FEASIBLE,0.000000,4.572484,0,0,-1,-1,-1.255030,-11.204230,0.000000,0.000000,0
r-stop-dp-RC100_3_v4_d0.25_b1,config19,2,FOUND INTEGER FEASIBLE,0.000000,4.586659,0,0,-1,-1,-1.255030,-11.204230,0.000000,0.000000,0
r-stop-dp-RC100_3_v4_d0.25_b1,config19,3,FOUND INTEGER FEASIBLE,0.000000,4.540411,0,0,-1,-1,-1.255030,-11.204230,0.000000,0.000000,0
r-stop-dp-RC100_3_v4_d0.25_b1,config18,1,FOUND INTEGER FEASIBLE,0.000000,5.586554,0,0,-1,-1,-1.255030,-11.204230,0.000000,0.000000,0
r-stop-dp-RC100_3_v4_d0.25_b1,config18,2,FOUND INTEGER FEASIBLE,0.000000,5.590800,0,0,-1,-1,-1.255030,-11.204230,0.000000,0.000000,0
r-stop-dp-RC100_3_v4_d0.25_b1,config18,3,FOUND INTEGER FEASIBLE,0.000000,5.563310,0,0,-1,-1,-1.255030,-11.204230,0.000000,0.000000,0
r-stop-dp-RC100_3_v4_d0.25_b5,config1,1,FAILED TO FIND AN INTEGER FEASIBLE SOLUTION,0.000000,3600,27,0,-1,-1,0.000000,0.000000,15.756592,15.756592,185
r-stop-dp-RC100_3_v4_d0.25_b5,config1,2,FAILED TO FIND AN INTEGER FEASIBLE SOLUTION,0.000000,3600,29,0,-1,-1,0.000000,0.000000,15.756592,15.756592,185
r-stop-dp-RC100_3_v4_d0.25_b5,config1,3,FAILED TO FIND AN INTEGER FEASIBLE SOLUTION,0.000000,3600,26,0,-1,-1,0.000000,0.000000,15.756592,15.756592,185
r-stop-dp-RC100_3_v4_d0.25_b5,config3,1,FAILED TO FIND AN INTEGER FEASIBLE SOLUTION,0.000000,3600,1,0,-1,-1,0.000000,0.000000,1.332813,1.332813,9
r-stop-dp-RC100_3_v4_d0.25_b5,config3,2,FAILED TO FIND AN INTEGER FEASIBLE SOLUTION,0.000000,3600,1,0,-1,-1,0.000000,0.000000,1.332813,1.332813,9
r-stop-dp-RC100_3_v4_d0.25_b5,config3,3,FAILED TO FIND AN INTEGER FEASIBLE SOLUTION,0.000000,3600,1,0,-1,-1,0.000000,0.000000,1.393151,1.393151,4
r-stop-dp-RC100_3_v4_d0.25_b5,config20,1,FAILED TO FIND AN INTEGER FEASIBLE SOLUTION,0.000000,3600,11,0,-1,-1,0.000000,0.000000,17.602104,17.800689,159
r-stop-dp-RC100_3_v4_d0.25_b5,config20,2,FAILED TO FIND AN INTEGER FEASIBLE SOLUTION,0.000000,3600,13,0,-1,-1,0.000000,0.000000,17.131583,17.131583,173
r-stop-dp-RC100_3_v4_d0.25_b5,config20,3,FAILED TO FIND AN INTEGER FEASIBLE SOLUTION,0.000000,3600,12,0,-1,-1,0.000000,0.000000,17.644969,17.827513,151
r-stop-dp-RC100_3_v4_d0.25_b5,config16,1,FAILED TO FIND AN INTEGER FEASIBLE SOLUTION,240.828792,3600,43,12,12,1,0.000000,0.000000,19.539608,19.539608,202
r-stop-dp-RC100_3_v4_d0.25_b5,config16,2,FAILED TO FIND AN INTEGER FEASIBLE SOLUTION,235.811365,3600,45,12,12,1,0.000000,0.000000,17.322453,17.322453,166
r-stop-dp-RC100_3_v4_d0.25_b5,config16,3,FAILED TO FIND AN INTEGER FEASIBLE SOLUTION,242.400002,3600,44,12,12,1,0.000000,0.000000,19.556082,19.556082,180
r-stop-dp-RC100_3_v4_d0.25_b5,config17,1,FOUND INTEGER FEASIBLE,13.642877,25.929251,0,9,0,0,0.000000,0.000000,0.000000,0.000000,0
r-stop-dp-RC100_3_v4_d0.25_b5,config17,2,FOUND INTEGER FEASIBLE,13.590332,24.374082,0,9,0,0,0.000000,0.000000,0.000000,0.000000,0
r-stop-dp-RC100_3_v4_d0.25_b5,config17,3,FOUND INTEGER FEASIBLE,13.634107,24.557076,0,9,0,0,0.000000,0.000000,0.000000,0.000000,0
r-stop-dp-RC100_3_v4_d0.25_b5,config21,1,FOUND INTEGER FEASIBLE,1073.171922,2131.212712,105,12,6,0,0.000000,0.000000,0.000000,0.000000,0
r-stop-dp-RC100_3_v4_d0.25_b5,config21,2,FAILED TO FIND AN INTEGER FEASIBLE SOLUTION,1990.552386,3600,123,12,12,0,0.000000,0.000000,1.149648,1.149648,4
r-stop-dp-RC100_3_v4_d0.25_b5,config21,3,FOUND INTEGER FEASIBLE,1069.035783,2126.916102,103,12,6,0,0.000000,0.000000,0.000000,0.000000,0
r-stop-dp-RC100_3_v4_d0.25_b5,config23,1,FOUND INTEGER FEASIBLE,1063.486427,1918.552228,104,12,5,0,0.000000,0.000000,0.000000,0.000000,0
r-stop-dp-RC100_3_v4_d0.25_b5,config23,2,FAILED TO FIND AN INTEGER FEASIBLE SOLUTION,1032.524867,3600,124,12,12,0,0.000000,0.000000,1.149648,1.149648,4
r-stop-dp-RC100_3_v4_d0.25_b5,config23,3,FOUND INTEGER FEASIBLE,1031.359445,2303.760690,110,12,7,0,0.000000,0.000000,0.000000,0.000000,0
r-stop-dp-RC100_3_v4_d0.25_b5,config19,1,FOUND INTEGER FEASIBLE,0.000000,15.553699,0,0,-1,-1,-1.255030,-11.204230,0.000000,0.000000,0
r-stop-dp-RC100_3_v4_d0.25_b5,config19,2,FOUND INTEGER FEASIBLE,0.000000,14.750852,0,0,-1,-1,-1.255030,-11.204230,0.000000,0.000000,0
r-stop-dp-RC100_3_v4_d0.25_b5,config19,3,FOUND INTEGER FEASIBLE,0.000000,14.493647,0,0,-1,-1,-1.255030,-11.204230,0.000000,0.000000,0
r-stop-dp-RC100_3_v4_d0.25_b5,config18,1,FOUND INTEGER FEASIBLE,0.000000,17.475436,0,0,-1,-1,-1.255030,-11.204230,0.000000,0.000000,0
r-stop-dp-RC100_3_v4_d0.25_b5,config18,2,FOUND INTEGER FEASIBLE,0.000000,17.225234,0,0,-1,-1,-1.255030,-11.204230,0.000000,0.000000,0
r-stop-dp-RC100_3_v4_d0.25_b5,config18,3,FOUND INTEGER FEASIBLE,0.000000,17.022664,0,0,-1,-1,-1.255030,-11.204230,0.000000,0.000000,0
r-stop-dp-RC100_4_v2_d0.25_b1,config1,1,FAILED TO FIND AN INTEGER FEASIBLE SOLUTION,0.000000,3600,554,0,-1,-1,0.000000,0.000000,7.450078,7.450078,116
r-stop-dp-RC100_4_v2_d0.25_b1,config1,2,FAILED TO FIND AN INTEGER FEASIBLE SOLUTION,0.000000,3600,574,0,-1,-1,0.000000,0.000000,6.657205,6.657205,109
r-stop-dp-RC100_4_v2_d0.25_b1,config1,3,FAILED TO FIND AN INTEGER FEASIBLE SOLUTION,0.000000,3600,563,0,-1,-1,0.000000,0.000000,6.345252,6.345252,96
r-stop-dp-RC100_4_v2_d0.25_b1,config3,1,FOUND INTEGER FEASIBLE,0.000000,14.593575,7,0,-1,-1,0.000000,0.000000,0.000000,0.000000,0
r-stop-dp-RC100_4_v2_d0.25_b1,config3,2,FAILED TO FIND AN INTEGER FEASIBLE SOLUTION,0.000000,3600,287,0,-1,-1,0.000000,0.000000,0.368419,0.368419,6
r-stop-dp-RC100_4_v2_d0.25_b1,config3,3,FOUND INTEGER FEASIBLE,0.000000,12.759457,5,0,-1,-1,0.000000,0.000000,0.000000,0.000000,0
r-stop-dp-RC100_4_v2_d0.25_b1,config20,1,FAILED TO FIND AN INTEGER FEASIBLE SOLUTION,0.000000,3600,339,0,-1,-1,0.000000,0.000000,8.154697,8.154697,109
r-stop-dp-RC100_4_v2_d0.25_b1,config20,2,FAILED TO FIND AN INTEGER FEASIBLE SOLUTION,0.000000,3600,329,0,-1,-1,0.000000,0.000000,9.104693,9.104693,131
r-stop-dp-RC100_4_v2_d0.25_b1,config20,3,FAILED TO FIND AN INTEGER FEASIBLE SOLUTION,0.000000,3600,335,0,-1,-1,0.000000,0.000000,8.212501,8.212501,111
r-stop-dp-RC100_4_v2_d0.25_b1,config16,1,FAILED TO FIND AN INTEGER FEASIBLE SOLUTION,14.906936,3600,722,11,11,1,0.000000,0.000000,2.511227,2.511227,37
r-stop-dp-RC100_4_v2_d0.25_b1,config16,2,FAILED TO FIND AN INTEGER FEASIBLE SOLUTION,15.520503,3600,615,11,11,1,0.000000,0.000000,1.145719,1.145719,18
r-stop-dp-RC100_4_v2_d0.25_b1,config16,3,FAILED TO FIND AN INTEGER FEASIBLE SOLUTION,15.211605,3600,575,11,11,1,0.000000,0.000000,1.582801,1.582801,19
r-stop-dp-RC100_4_v2_d0.25_b1,config17,1,FOUND INTEGER FEASIBLE,1.081181,3.998351,0,7,0,0,0.000000,0.000000,0.000000,0.000000,0
r-stop-dp-RC100_4_v2_d0.25_b1,config17,2,FOUND INTEGER FEASIBLE,1.085407,3.870620,0,7,0,0,0.000000,0.000000,0.000000,0.000000,0
r-stop-dp-RC100_4_v2_d0.25_b1,config17,3,FOUND INTEGER FEASIBLE,1.100118,3.932057,0,7,0,0,0.000000,0.000000,0.000000,0.000000,0
r-stop-dp-RC100_4_v2_d0.25_b1,config21,1,FOUND INTEGER FEASIBLE,25.803336,29.039686,2,12,0,0,0.000000,0.000000,0.000000,0.000000,0
r-stop-dp-RC100_4_v2_d0.25_b1,config21,2,FOUND INTEGER FEASIBLE,25.964970,30.198129,2,12,0,0,0.000000,0.000000,0.000000,0.000000,0
r-stop-dp-RC100_4_v2_d0.25_b1,config21,3,FOUND INTEGER FEASIBLE,26.821868,31.062288,2,12,0,0,0.000000,0.000000,0.000000,0.000000,0
r-stop-dp-RC100_4_v2_d0.25_b1,config23,1,FOUND INTEGER FEASIBLE,25.578101,29.846873,2,12,0,0,0.000000,0.000000,0.000000,0.000000,0
r-stop-dp-RC100_4_v2_d0.25_b1,config23,2,FOUND INTEGER FEASIBLE,25.574042,29.780617,7,12,0,0,0.000000,0.000000,0.000000,0.000000,0
r-stop-dp-RC100_4_v2_d0.25_b1,config23,3,FOUND INTEGER FEASIBLE,25.380300,29.529438,2,12,0,0,0.000000,0.000000,0.000000,0.000000,0
r-stop-dp-RC100_4_v2_d0.25_b1,config19,1,FOUND INTEGER FEASIBLE,0.000000,4.459735,0,0,-1,-1,-1.255030,-11.204230,0.000000,0.000000,0
r-stop-dp-RC100_4_v2_d0.25_b1,config19,2,FOUND INTEGER FEASIBLE,0.000000,4.280037,0,0,-1,-1,-1.255030,-11.204230,0.000000,0.000000,0
r-stop-dp-RC100_4_v2_d0.25_b1,config19,3,FOUND INTEGER FEASIBLE,0.000000,3.836722,0,0,-1,-1,-1.255030,-11.204230,0.000000,0.000000,0
r-stop-dp-RC100_4_v2_d0.25_b1,config18,1,FOUND INTEGER FEASIBLE,0.000000,5.522814,0,0,-1,-1,-1.255030,-11.204230,0.000000,0.000000,0
r-stop-dp-RC100_4_v2_d0.25_b1,config18,2,FOUND INTEGER FEASIBLE,0.000000,5.452101,0,0,-1,-1,-1.255030,-11.204230,0.000000,0.000000,0
r-stop-dp-RC100_4_v2_d0.25_b1,config18,3,FOUND INTEGER FEASIBLE,0.000000,5.458023,0,0,-1,-1,-1.255030,-11.204230,0.000000,0.000000,0
r-stop-dp-RC100_4_v2_d0.25_b5,config1,1,FAILED TO FIND AN INTEGER FEASIBLE SOLUTION,0.000000,3600,38,0,-1,-1,0.000000,0.000000,10.374589,10.374589,166
r-stop-dp-RC100_4_v2_d0.25_b5,config1,2,FAILED TO FIND AN INTEGER FEASIBLE SOLUTION,0.000000,3600,40,0,-1,-1,0.000000,0.000000,10.305221,10.305221,176
r-stop-dp-RC100_4_v2_d0.25_b5,config1,3,FAILED TO FIND AN INTEGER FEASIBLE SOLUTION,0.000000,3600,43,0,-1,-1,0.000000,0.000000,10.366087,10.366087,165
r-stop-dp-RC100_4_v2_d0.25_b5,config3,1,FAILED TO FIND AN INTEGER FEASIBLE SOLUTION,0.000000,3600,1,0,-1,-1,0.000000,0.000000,0.801735,0.801735,4
r-stop-dp-RC100_4_v2_d0.25_b5,config3,2,FAILED TO FIND AN INTEGER FEASIBLE SOLUTION,0.000000,3600,1,0,-1,-1,0.000000,0.000000,0.801735,0.801735,4
r-stop-dp-RC100_4_v2_d0.25_b5,config3,3,FAILED TO FIND AN INTEGER FEASIBLE SOLUTION,0.000000,3600,3,0,-1,-1,0.000000,0.000000,0.764827,0.764827,8
r-stop-dp-RC100_4_v2_d0.25_b5,config20,1,FAILED TO FIND AN INTEGER FEASIBLE SOLUTION,0.000000,3600,13,0,-1,-1,0.000000,0.000000,12.057852,12.057852,187
r-stop-dp-RC100_4_v2_d0.25_b5,config20,2,FAILED TO FIND AN INTEGER FEASIBLE SOLUTION,0.000000,3600,13,0,-1,-1,0.000000,0.000000,12.191121,12.191121,163
r-stop-dp-RC100_4_v2_d0.25_b5,config20,3,FAILED TO FIND AN INTEGER FEASIBLE SOLUTION,0.000000,3600,13,0,-1,-1,0.000000,0.000000,11.742613,11.742613,170
r-stop-dp-RC100_4_v2_d0.25_b5,config16,1,FAILED TO FIND AN INTEGER FEASIBLE SOLUTION,544.548707,3600,94,12,12,1,0.000000,0.000000,8.285769,8.285769,124
r-stop-dp-RC100_4_v2_d0.25_b5,config16,2,FAILED TO FIND AN INTEGER FEASIBLE SOLUTION,545.069546,3600,87,12,12,1,0.000000,0.000000,9.105388,9.105388,146
r-stop-dp-RC100_4_v2_d0.25_b5,config16,3,FAILED TO FIND AN INTEGER FEASIBLE SOLUTION,561.643443,3600,91,12,12,1,0.000000,0.000000,7.400730,7.400730,114
r-stop-dp-RC100_4_v2_d0.25_b5,config17,1,FOUND INTEGER FEASIBLE,7.582056,19.307665,0,10,0,0,0.000000,0.000000,0.000000,0.000000,0
r-stop-dp-RC100_4_v2_d0.25_b5,config17,2,FOUND INTEGER FEASIBLE,7.590780,18.695698,0,10,0,0,0.000000,0.000000,0.000000,0.000000,0
r-stop-dp-RC100_4_v2_d0.25_b5,config17,3,FOUND INTEGER FEASIBLE,7.919979,18.229246,0,10,0,0,0.000000,0.000000,0.000000,0.000000,0
r-stop-dp-RC100_4_v2_d0.25_b5,config21,1,FOUND INTEGER FEASIBLE,852.357807,865.700693,1,12,0,0,0.000000,0.000000,0.000000,0.000000,0
r-stop-dp-RC100_4_v2_d0.25_b5,config21,2,FOUND INTEGER FEASIBLE,860.173031,873.542035,1,12,0,0,0.000000,0.000000,0.000000,0.000000,0
r-stop-dp-RC100_4_v2_d0.25_b5,config21,3,FOUND INTEGER FEASIBLE,846.069124,859.420537,1,12,0,0,0.000000,0.000000,0.000000,0.000000,0
r-stop-dp-RC100_4_v2_d0.25_b5,config23,1,FOUND INTEGER FEASIBLE,832.217447,845.754462,6,12,0,0,0.000000,0.000000,0.000000,0.000000,0
r-stop-dp-RC100_4_v2_d0.25_b5,config23,2,FOUND INTEGER FEASIBLE,831.724751,844.657523,6,12,0,0,0.000000,0.000000,0.000000,0.000000,0
r-stop-dp-RC100_4_v2_d0.25_b5,config23,3,FOUND INTEGER FEASIBLE,837.971180,850.947033,11,12,0,0,0.000000,0.000000,0.000000,0.000000,0
r-stop-dp-RC100_4_v2_d0.25_b5,config19,1,FOUND INTEGER FEASIBLE,0.000000,15.596665,0,0,-1,-1,-1.255030,-11.204230,0.000000,0.000000,0
r-stop-dp-RC100_4_v2_d0.25_b5,config19,2,FOUND INTEGER FEASIBLE,0.000000,14.829884,0,0,-1,-1,-1.255030,-11.204230,0.000000,0.000000,0
r-stop-dp-RC100_4_v2_d0.25_b5,config19,3,FOUND INTEGER FEASIBLE,0.000000,15.208905,0,0,-1,-1,-1.255030,-11.204230,0.000000,0.000000,0
r-stop-dp-RC100_4_v2_d0.25_b5,config18,1,FOUND INTEGER FEASIBLE,0.000000,18.070475,0,0,-1,-1,-1.255030,-11.204230,0.000000,0.000000,0
r-stop-dp-RC100_4_v2_d0.25_b5,config18,2,FOUND INTEGER FEASIBLE,0.000000,17.782903,0,0,-1,-1,-1.255030,-11.204230,0.000000,0.000000,0
r-stop-dp-RC100_4_v2_d0.25_b5,config18,3,FOUND INTEGER FEASIBLE,0.000000,17.530882,0,0,-1,-1,-1.255030,-11.204230,0.000000,0.000000,0
r-stop-dp-RC100_4_v4_d0.25_b1,config1,1,FAILED TO FIND AN INTEGER FEASIBLE SOLUTION,0.000000,3600,528,0,-1,-1,0.000000,0.000000,5.721077,5.721077,82
r-stop-dp-RC100_4_v4_d0.25_b1,config1,2,FAILED TO FIND AN INTEGER FEASIBLE SOLUTION,0.000000,3600,569,0,-1,-1,0.000000,0.000000,6.280386,6.280386,91
r-stop-dp-RC100_4_v4_d0.25_b1,config1,3,FAILED TO FIND AN INTEGER FEASIBLE SOLUTION,0.000000,3600,533,0,-1,-1,0.000000,0.000000,5.158410,5.158410,78
r-stop-dp-RC100_4_v4_d0.25_b1,config3,1,FOUND INTEGER FEASIBLE,0.000000,14.345652,7,0,-1,-1,0.000000,0.000000,0.000000,0.000000,0
r-stop-dp-RC100_4_v4_d0.25_b1,config3,2,FAILED TO FIND AN INTEGER FEASIBLE SOLUTION,0.000000,3600,347,0,-1,-1,0.000000,0.000000,0.368419,0.368419,6
r-stop-dp-RC100_4_v4_d0.25_b1,config3,3,FOUND INTEGER FEASIBLE,0.000000,12.795749,5,0,-1,-1,0.000000,0.000000,0.000000,0.000000,0
r-stop-dp-RC100_4_v4_d0.25_b1,config20,1,FAILED TO FIND AN INTEGER FEASIBLE SOLUTION,0.000000,3600,315,0,-1,-1,0.000000,0.000000,6.059973,6.059973,108
r-stop-dp-RC100_4_v4_d0.25_b1,config20,2,FAILED TO FIND AN INTEGER FEASIBLE SOLUTION,0.000000,3600,303,0,-1,-1,0.000000,0.000000,5.388203,5.388203,82
r-stop-dp-RC100_4_v4_d0.25_b1,config20,3,FAILED TO FIND AN INTEGER FEASIBLE SOLUTION,0.000000,3600,373,0,-1,-1,0.000000,0.000000,6.208210,6.208210,92
r-stop-dp-RC100_4_v4_d0.25_b1,config16,1,FOUND INTEGER FEASIBLE,13.417125,108.181797,190,11,2,0,-58.210790,-86.799970,0.000000,0.000000,0
r-stop-dp-RC100_4_v4_d0.25_b1,config16,2,FOUND INTEGER FEASIBLE,13.099450,65.548960,217,11,2,0,-35.773940,-77.211940,0.000000,0.000000,0
r-stop-dp-RC100_4_v4_d0.25_b1,config16,3,FOUND INTEGER FEASIBLE,13.226506,351.987544,205,11,3,0,-68.423030,-88.544730,0.000000,0.000000,0
r-stop-dp-RC100_4_v4_d0.25_b1,config17,1,FOUND INTEGER FEASIBLE,1.048707,4.624742,1,7,0,0,0.000000,0.000000,0.000000,0.000000,0
r-stop-dp-RC100_4_v4_d0.25_b1,config17,2,FOUND INTEGER FEASIBLE,1.049259,4.667404,1,7,0,0,0.000000,0.000000,0.000000,0.000000,0
r-stop-dp-RC100_4_v4_d0.25_b1,config17,3,FOUND INTEGER FEASIBLE,1.046161,3.746773,1,7,0,0,0.000000,0.000000,0.000000,0.000000,0
r-stop-dp-RC100_4_v4_d0.25_b1,config21,1,FOUND INTEGER FEASIBLE,33.789474,103.899797,100,12,1,0,-108.478080,-183.905630,0.000000,0.000000,0
r-stop-dp-RC100_4_v4_d0.25_b1,config21,2,FOUND INTEGER FEASIBLE,34.746182,879.983571,166,12,4,0,-89.834280,-107.519400,0.000000,0.000000,0
r-stop-dp-RC100_4_v4_d0.25_b1,config21,3,FOUND INTEGER FEASIBLE,34.266455,872.550915,174,12,4,0,0.000000,0.000000,0.000000,0.000000,0
r-stop-dp-RC100_4_v4_d0.25_b1,config23,1,FOUND INTEGER FEASIBLE,33.513490,84.624878,93,12,1,0,-131.402860,-173.414550,0.000000,0.000000,0
r-stop-dp-RC100_4_v4_d0.25_b1,config23,2,FOUND INTEGER FEASIBLE,33.724222,237.198683,116,12,1,0,-59.550430,-118.220130,0.000000,0.000000,0
r-stop-dp-RC100_4_v4_d0.25_b1,config23,3,FOUND INTEGER FEASIBLE,33.725848,91.528995,96,12,1,0,-55.969980,-83.403170,0.000000,0.000000,0
r-stop-dp-RC100_4_v4_d0.25_b1,config19,1,FOUND INTEGER FEASIBLE,0.000000,4.454210,0,0,-1,-1,-1.255030,-11.204230,0.000000,0.000000,0
r-stop-dp-RC100_4_v4_d0.25_b1,config19,2,FOUND INTEGER FEASIBLE,0.000000,4.202621,0,0,-1,-1,-1.255030,-11.204230,0.000000,0.000000,0
r-stop-dp-RC100_4_v4_d0.25_b1,config19,3,FOUND INTEGER FEASIBLE,0.000000,4.194086,0,0,-1,-1,-1.255030,-11.204230,0.000000,0.000000,0
r-stop-dp-RC100_4_v4_d0.25_b1,config18,1,FOUND INTEGER FEASIBLE,0.000000,5.264251,0,0,-1,-1,-1.255030,-11.204230,0.000000,0.000000,0
r-stop-dp-RC100_4_v4_d0.25_b1,config18,2,FOUND INTEGER FEASIBLE,0.000000,5.192066,0,0,-1,-1,-1.255030,-11.204230,0.000000,0.000000,0
r-stop-dp-RC100_4_v4_d0.25_b1,config18,3,FOUND INTEGER FEASIBLE,0.000000,5.159831,0,0,-1,-1,-1.255030,-11.204230,0.000000,0.000000,0
r-stop-dp-RC100_4_v4_d0.25_b5,config1,1,FAILED TO FIND AN INTEGER FEASIBLE SOLUTION,0.000000,3600,38,0,-1,-1,0.000000,0.000000,8.750829,8.750829,130
r-stop-dp-RC100_4_v4_d0.25_b5,config1,2,FAILED TO FIND AN INTEGER FEASIBLE SOLUTION,0.000000,3600,44,0,-1,-1,0.000000,0.000000,9.011092,9.011092,171
r-stop-dp-RC100_4_v4_d0.25_b5,config1,3,FAILED TO FIND AN INTEGER FEASIBLE SOLUTION,0.000000,3600,36,0,-1,-1,0.000000,0.000000,8.969551,8.969551,170
r-stop-dp-RC100_4_v4_d0.25_b5,config3,1,FAILED TO FIND AN INTEGER FEASIBLE SOLUTION,0.000000,3600,1,0,-1,-1,0.000000,0.000000,0.811634,0.811634,6
r-stop-dp-RC100_4_v4_d0.25_b5,config3,2,FAILED TO FIND AN INTEGER FEASIBLE SOLUTION,0.000000,3600,1,0,-1,-1,0.000000,0.000000,0.811634,0.811634,6
r-stop-dp-RC100_4_v4_d0.25_b5,config3,3,FOUND INTEGER FEASIBLE,0.000000,1395.339417,5,0,-1,-1,0.000000,0.000000,0.000000,0.000000,0
r-stop-dp-RC100_4_v4_d0.25_b5,config20,1,FAILED TO FIND AN INTEGER FEASIBLE SOLUTION,0.000000,3600,19,0,-1,-1,0.000000,0.000000,9.644041,9.644041,140
r-stop-dp-RC100_4_v4_d0.25_b5,config20,2,FAILED TO FIND AN INTEGER FEASIBLE SOLUTION,0.000000,3600,19,0,-1,-1,0.000000,0.000000,10.108982,10.108982,162
r-stop-dp-RC100_4_v4_d0.25_b5,config20,3,FAILED TO FIND AN INTEGER FEASIBLE SOLUTION,0.000000,3600,19,0,-1,-1,0.000000,0.000000,10.306126,10.306126,147
r-stop-dp-RC100_4_v4_d0.25_b5,config16,1,FOUND INTEGER FEASIBLE,106.925864,361.638036,261,11,2,0,-45.161410,-77.926230,0.000000,0.000000,0
r-stop-dp-RC100_4_v4_d0.25_b5,config16,2,FOUND INTEGER FEASIBLE,106.436927,335.765685,216,11,2,0,-48.522670,-101.204470,0.000000,0.000000,0
r-stop-dp-RC100_4_v4_d0.25_b5,config16,3,FOUND INTEGER FEASIBLE,107.846134,446.298782,189,11,2,0,-73.997360,-119.525770,0.000000,0.000000,0
r-stop-dp-RC100_4_v4_d0.25_b5,config17,1,FOUND INTEGER FEASIBLE,4.933709,15.947870,0,10,0,0,0.000000,0.000000,0.000000,0.000000,0
r-stop-dp-RC100_4_v4_d0.25_b5,config17,2,FOUND INTEGER FEASIBLE,4.965988,16.026420,0,10,0,0,0.000000,0.000000,0.000000,0.000000,0
r-stop-dp-RC100_4_v4_d0.25_b5,config17,3,FOUND INTEGER FEASIBLE,4.928802,15.806374,0,10,0,0,0.000000,0.000000,0.000000,0.000000,0
r-stop-dp-RC100_4_v4_d0.25_b5,config21,1,FOUND INTEGER FEASIBLE,1108.041132,1738.496055,99,12,4,0,0.000000,0.000000,0.000000,0.000000,0
r-stop-dp-RC100_4_v4_d0.25_b5,config21,2,FOUND INTEGER FEASIBLE,1211.046639,2009.678830,101,12,5,0,0.000000,0.000000,0.000000,0.000000,0
r-stop-dp-RC100_4_v4_d0.25_b5,config21,3,FOUND INTEGER FEASIBLE,1125.040703,2545.178551,111,12,8,0,0.000000,0.000000,0.000000,0.000000,0
r-stop-dp-RC100_4_v4_d0.25_b5,config23,1,FOUND INTEGER FEASIBLE,1204.870308,1819.772248,99,12,4,0,0.000000,0.000000,0.000000,0.000000,0
r-stop-dp-RC100_4_v4_d0.25_b5,config23,2,FOUND INTEGER FEASIBLE,1218.167986,2013.344435,99,12,5,0,0.000000,0.000000,0.000000,0.000000,0
r-stop-dp-RC100_4_v4_d0.25_b5,config23,3,FOUND INTEGER FEASIBLE,1214.158814,1831.096926,97,12,4,0,0.000000,0.000000,0.000000,0.000000,0
r-stop-dp-RC100_4_v4_d0.25_b5,config19,1,FOUND INTEGER FEASIBLE,0.000000,16.090385,0,0,-1,-1,-1.255030,-11.204230,0.000000,0.000000,0
r-stop-dp-RC100_4_v4_d0.25_b5,config19,2,FOUND INTEGER FEASIBLE,0.000000,14.677826,0,0,-1,-1,-1.255030,-11.204230,0.000000,0.000000,0
r-stop-dp-RC100_4_v4_d0.25_b5,config19,3,FOUND INTEGER FEASIBLE,0.000000,14.843488,0,0,-1,-1,-1.255030,-11.204230,0.000000,0.000000,0
r-stop-dp-RC100_4_v4_d0.25_b5,config18,1,FOUND INTEGER FEASIBLE,0.000000,18.709005,0,0,-1,-1,-1.255030,-11.204230,0.000000,0.000000,0
r-stop-dp-RC100_4_v4_d0.25_b5,config18,2,FOUND INTEGER FEASIBLE,0.000000,17.653894,0,0,-1,-1,-1.255030,-11.204230,0.000000,0.000000,0
r-stop-dp-RC100_4_v4_d0.25_b5,config18,3,FOUND INTEGER FEASIBLE,0.000000,17.799298,0,0,-1,-1,-1.255030,-11.204230,0.000000,0.000000,0
r-stop-dp-RC50_3_v2_d0.25_b1,config1,1,FAILED TO FIND AN INTEGER FEASIBLE SOLUTION,0.000000,3600,8787,0,-1,-1,0.000000,0.000000,0.212490,0.212490,9
r-stop-dp-RC50_3_v2_d0.25_b1,config1,2,FOUND INTEGER FEASIBLE,0.000000,3068.295119,7322,0,-1,-1,-70.150840,-87.183950,0.000000,0.000000,0
r-stop-dp-RC50_3_v2_d0.25_b1,config1,3,FAILED TO FIND AN INTEGER FEASIBLE SOLUTION,0.000000,3600,8977,0,-1,-1,0.000000,0.000000,0.389145,0.389145,6
r-stop-dp-RC50_3_v2_d0.25_b1,config3,1,FOUND INTEGER FEASIBLE,0.000000,4.529645,13,0,-1,-1,-15.874280,-32.289360,0.000000,0.000000,0
r-stop-dp-RC50_3_v2_d0.25_b1,config3,2,FOUND INTEGER FEASIBLE,0.000000,1768.554534,4414,0,-1,-1,-13.173100,-15.830950,0.000000,0.000000,0
r-stop-dp-RC50_3_v2_d0.25_b1,config3,3,FOUND INTEGER FEASIBLE,0.000000,1.393416,5,0,-1,-1,0.000000,0.000000,0.000000,0.000000,0
r-stop-dp-RC50_3_v2_d0.25_b1,config20,1,FOUND INTEGER FEASIBLE,0.000000,1511.380200,3087,0,-1,-1,-64.481690,-87.879910,0.000000,0.000000,0
r-stop-dp-RC50_3_v2_d0.25_b1,config20,2,FAILED TO FIND AN INTEGER FEASIBLE SOLUTION,0.000000,3600,6629,0,-1,-1,0.000000,0.000000,0.273592,0.273592,6
r-stop-dp-RC50_3_v2_d0.25_b1,config20,3,FOUND INTEGER FEASIBLE,0.000000,1987.158743,3737,0,-1,-1,-41.392780,-60.555280,0.000000,0.000000,0
r-stop-dp-RC50_3_v2_d0.25_b1,config16,1,FOUND INTEGER FEASIBLE,3.581877,111.312808,312,11,3,0,-101.077130,-111.485700,0.000000,0.000000,0
r-stop-dp-RC50_3_v2_d0.25_b1,config16,2,FOUND INTEGER FEASIBLE,3.592625,205.733351,631,11,6,0,-4.867790,-14.590010,0.000000,0.000000,0
r-stop-dp-RC50_3_v2_d0.25_b1,config16,3,FOUND INTEGER FEASIBLE,3.591175,75.296825,218,11,2,0,-80.009750,-91.042970,0.000000,0.000000,0
r-stop-dp-RC50_3_v2_d0.25_b1,config17,1,FOUND INTEGER FEASIBLE,0.216436,0.721960,0,2,0,0,0.000000,0.000000,0.000000,0.000000,0
r-stop-dp-RC50_3_v2_d0.25_b1,config17,2,FOUND INTEGER FEASIBLE,0.217879,0.710431,0,2,0,0,0.000000,0.000000,0.000000,0.000000,0
r-stop-dp-RC50_3_v2_d0.25_b1,config17,3,FOUND INTEGER FEASIBLE,0.217813,0.726047,0,2,0,0,0.000000,0.000000,0.000000,0.000000,0
r-stop-dp-RC50_3_v2_d0.25_b1,config21,1,FOUND INTEGER FEASIBLE,3.784902,4.404999,0,12,0,0,0.000000,0.000000,0.000000,0.000000,0
r-stop-dp-RC50_3_v2_d0.25_b1,config21,2,FOUND INTEGER FEASIBLE,3.760356,4.372038,0,12,0,0,0.000000,0.000000,0.000000,0.000000,0
r-stop-dp-RC50_3_v2_d0.25_b1,config21,3,FOUND INTEGER FEASIBLE,3.768650,4.383106,0,12,0,0,0.000000,0.000000,0.000000,0.000000,0
r-stop-dp-RC50_3_v2_d0.25_b1,config23,1,FOUND INTEGER FEASIBLE,3.734832,4.417741,7,12,0,0,0.000000,0.000000,0.000000,0.000000,0
r-stop-dp-RC50_3_v2_d0.25_b1,config23,2,FOUND INTEGER FEASIBLE,3.749128,4.371251,7,12,0,0,0.000000,0.000000,0.000000,0.000000,0
r-stop-dp-RC50_3_v2_d0.25_b1,config23,3,FOUND INTEGER FEASIBLE,3.756283,4.377617,5,12,0,0,0.000000,0.000000,0.000000,0.000000,0
r-stop-dp-RC50_3_v2_d0.25_b1,config19,1,FOUND INTEGER FEASIBLE,0.000000,0.532947,0,0,-1,-1,0.000000,0.000000,0.000000,0.000000,0
r-stop-dp-RC50_3_v2_d0.25_b1,config19,2,FOUND INTEGER FEASIBLE,0.000000,0.504873,0,0,-1,-1,0.000000,0.000000,0.000000,0.000000,0
r-stop-dp-RC50_3_v2_d0.25_b1,config19,3,FOUND INTEGER FEASIBLE,0.000000,0.498340,0,0,-1,-1,0.000000,0.000000,0.000000,0.000000,0
r-stop-dp-RC50_3_v2_d0.25_b1,config18,1,FOUND INTEGER FEASIBLE,0.000000,0.659776,0,0,-1,-1,0.000000,0.000000,0.000000,0.000000,0
r-stop-dp-RC50_3_v2_d0.25_b1,config18,2,FOUND INTEGER FEASIBLE,0.000000,0.636357,0,0,-1,-1,0.000000,0.000000,0.000000,0.000000,0
r-stop-dp-RC50_3_v2_d0.25_b1,config18,3,FOUND INTEGER FEASIBLE,0.000000,0.640787,0,0,-1,-1,0.000000,0.000000,0.000000,0.000000,0
r-stop-dp-RC50_3_v2_d0.25_b5,config1,1,FOUND INTEGER FEASIBLE,0.000000,1815.955315,435,0,-1,-1,-65.305550,-76.446690,0.000000,0.000000,0
r-stop-dp-RC50_3_v2_d0.25_b5,config1,2,FAILED TO FIND AN INTEGER FEASIBLE SOLUTION,0.000000,3600,663,0,-1,-1,0.000000,0.000000,1.441897,1.441897,16
r-stop-dp-RC50_3_v2_d0.25_b5,config1,3,FAILED TO FIND AN INTEGER FEASIBLE SOLUTION,0.000000,3600,648,0,-1,-1,0.000000,0.000000,1.966593,1.966593,17
r-stop-dp-RC50_3_v2_d0.25_b5,config3,1,FOUND INTEGER FEASIBLE,0.000000,42.737319,9,0,-1,-1,-21.653320,-29.241120,0.000000,0.000000,0
r-stop-dp-RC50_3_v2_d0.25_b5,config3,2,FOUND INTEGER FEASIBLE,0.000000,2698.200344,679,0,-1,-1,-56.637740,-63.732240,0.000000,0.000000,0
r-stop-dp-RC50_3_v2_d0.25_b5,config3,3,FOUND INTEGER FEASIBLE,0.000000,26.849685,5,0,-1,-1,0.000000,0.000000,0.000000,0.000000,0
r-stop-dp-RC50_3_v2_d0.25_b5,config20,1,FAILED TO FIND AN INTEGER FEASIBLE SOLUTION,0.000000,3600,741,0,-1,-1,0.000000,0.000000,0.405865,0.405865,9
r-stop-dp-RC50_3_v2_d0.25_b5,config20,2,FOUND INTEGER FEASIBLE,0.000000,1778.970470,322,0,-1,-1,-42.464980,-70.837580,0.000000,0.000000,0
r-stop-dp-RC50_3_v2_d0.25_b5,config20,3,FAILED TO FIND AN INTEGER FEASIBLE SOLUTION,0.000000,3600,593,0,-1,-1,0.000000,0.000000,0.906531,0.906531,14
r-stop-dp-RC50_3_v2_d0.25_b5,config16,1,FOUND INTEGER FEASIBLE,14.591162,2097.627090,547,13,9,1,-70.699480,-87.755850,0.000000,0.000000,0
r-stop-dp-RC50_3_v2_d0.25_b5,config16,2,FOUND INTEGER FEASIBLE,14.524235,1963.395545,452,13,8,1,-32.115550,-42.405870,0.000000,0.000000,0
r-stop-dp-RC50_3_v2_d0.25_b5,config16,3,FAILED TO FIND AN INTEGER FEASIBLE SOLUTION,14.323160,3600,946,13,13,1,0.000000,0.000000,0.831186,0.831186,6
r-stop-dp-RC50_3_v2_d0.25_b5,config17,1,FOUND INTEGER FEASIBLE,1.085971,2.215280,0,2,0,0,0.000000,0.000000,0.000000,0.000000,0
r-stop-dp-RC50_3_v2_d0.25_b5,config17,2,FOUND INTEGER FEASIBLE,1.296935,2.834660,0,2,0,0,0.000000,0.000000,0.000000,0.000000,0
r-stop-dp-RC50_3_v2_d0.25_b5,config17,3,FOUND INTEGER FEASIBLE,1.276550,2.827550,0,2,0,0,0.000000,0.000000,0.000000,0.000000,0
r-stop-dp-RC50_3_v2_d0.25_b5,config21,1,FOUND INTEGER FEASIBLE,39.060680,41.193292,4,12,0,0,0.000000,0.000000,0.000000,0.000000,0
r-stop-dp-RC50_3_v2_d0.25_b5,config21,2,FOUND INTEGER FEASIBLE,39.536913,41.679470,1,12,0,0,0.000000,0.000000,0.000000,0.000000,0
r-stop-dp-RC50_3_v2_d0.25_b5,config21,3,FOUND INTEGER FEASIBLE,38.821894,41.160997,4,12,0,0,0.000000,0.000000,0.000000,0.000000,0
r-stop-dp-RC50_3_v2_d0.25_b5,config23,1,FOUND INTEGER FEASIBLE,37.531900,39.795672,1,12,0,0,0.000000,0.000000,0.000000,0.000000,0
r-stop-dp-RC50_3_v2_d0.25_b5,config23,2,FOUND INTEGER FEASIBLE,37.810016,39.969135,2,12,0,0,0.000000,0.000000,0.000000,0.000000,0
r-stop-dp-RC50_3_v2_d0.25_b5,config23,3,FOUND INTEGER FEASIBLE,37.663945,39.814509,1,12,0,0,0.000000,0.000000,0.000000,0.000000,0
r-stop-dp-RC50_3_v2_d0.25_b5,config19,1,FOUND INTEGER FEASIBLE,0.000000,1.789014,0,0,-1,-1,0.000000,0.000000,0.000000,0.000000,0
r-stop-dp-RC50_3_v2_d0.25_b5,config19,2,FOUND INTEGER FEASIBLE,0.000000,1.871234,0,0,-1,-1,0.000000,0.000000,0.000000,0.000000,0
r-stop-dp-RC50_3_v2_d0.25_b5,config19,3,FOUND INTEGER FEASIBLE,0.000000,1.894720,0,0,-1,-1,0.000000,0.000000,0.000000,0.000000,0
r-stop-dp-RC50_3_v2_d0.25_b5,config18,1,FOUND INTEGER FEASIBLE,0.000000,2.344911,0,0,-1,-1,0.000000,0.000000,0.000000,0.000000,0
r-stop-dp-RC50_3_v2_d0.25_b5,config18,2,FOUND INTEGER FEASIBLE,0.000000,2.336369,0,0,-1,-1,0.000000,0.000000,0.000000,0.000000,0
r-stop-dp-RC50_3_v2_d0.25_b5,config18,3,FOUND INTEGER FEASIBLE,0.000000,2.345989,0,0,-1,-1,0.000000,0.000000,0.000000,0.000000,0
r-stop-dp-RC50_3_v4_d0.25_b1,config1,1,FOUND INTEGER FEASIBLE,0.000000,208.292863,545,0,-1,-1,-190.358150,-211.258030,0.000000,0.000000,0
r-stop-dp-RC50_3_v4_d0.25_b1,config1,2,FOUND INTEGER FEASIBLE,0.000000,440.759786,1087,0,-1,-1,-107.092780,-160.810130,0.000000,0.000000,0
r-stop-dp-RC50_3_v4_d0.25_b1,config1,3,FOUND INTEGER FEASIBLE,0.000000,611.163765,1535,0,-1,-1,-70.098020,-107.400740,0.000000,0.000000,0
r-stop-dp-RC50_3_v4_d0.25_b1,config3,1,FOUND INTEGER FEASIBLE,0.000000,4.764263,13,0,-1,-1,-43.179240,-43.179240,0.000000,0.000000,0
r-stop-dp-RC50_3_v4_d0.25_b1,config3,2,FOUND INTEGER FEASIBLE,0.000000,7.056902,25,0,-1,-1,-137.987580,-178.233790,0.000000,0.000000,0
r-stop-dp-RC50_3_v4_d0.25_b1,config3,3,FOUND INTEGER FEASIBLE,0.000000,2.286194,5,0,-1,-1,0.000000,0.000000,0.000000,0.000000,0
r-stop-dp-RC50_3_v4_d0.25_b1,config20,1,FOUND INTEGER FEASIBLE,0.000000,274.685240,574,0,-1,-1,-157.531690,-190.022160,0.000000,0.000000,0
r-stop-dp-RC50_3_v4_d0.25_b1,config20,2,FOUND INTEGER FEASIBLE,0.000000,1221.387024,2409,0,-1,-1,-142.199400,-184.995420,0.000000,0.000000,0
r-stop-dp-RC50_3_v4_d0.25_b1,config20,3,FOUND INTEGER FEASIBLE,0.000000,151.301237,325,0,-1,-1,-143.709890,-189.227280,0.000000,0.000000,0
r-stop-dp-RC50_3_v4_d0.25_b1,config16,1,FOUND INTEGER FEASIBLE,3.314900,57.525582,186,9,2,0,-130.624350,-146.084360,0.000000,0.000000,0
r-stop-dp-RC50_3_v4_d0.25_b1,config16,2,FOUND INTEGER FEASIBLE,3.327079,56.920148,168,9,2,0,-104.368490,-131.702770,0.000000,0.000000,0
r-stop-dp-RC50_3_v4_d0.25_b1,config16,3,FOUND INTEGER FEASIBLE,3.222057,55.323780,177,9,2,0,-97.838140,-110.549840,0.000000,0.000000,0
r-stop-dp-RC50_3_v4_d0.25_b1,config17,1,FOUND INTEGER FEASIBLE,0.193338,1.201426,0,2,0,0,0.000000,0.000000,0.000000,0.000000,0
r-stop-dp-RC50_3_v4_d0.25_b1,config17,2,FOUND INTEGER FEASIBLE,0.195353,1.189776,0,2,0,0,0.000000,0.000000,0.000000,0.000000,0
r-stop-dp-RC50_3_v4_d0.25_b1,config17,3,FOUND INTEGER FEASIBLE,0.194178,1.190390,0,2,0,0,0.000000,0.000000,0.000000,0.000000,0
r-stop-dp-RC50_3_v4_d0.25_b1,config21,1,FOUND INTEGER FEASIBLE,3.846068,4.287130,0,12,0,0,0.000000,0.000000,0.000000,0.000000,0
r-stop-dp-RC50_3_v4_d0.25_b1,config21,2,FOUND INTEGER FEASIBLE,3.789463,4.414338,0,12,0,0,0.000000,0.000000,0.000000,0.000000,0
r-stop-dp-RC50_3_v4_d0.25_b1,config21,3,FOUND INTEGER FEASIBLE,4.525115,5.155002,0,12,0,0,0.000000,0.000000,0.000000,0.000000,0
r-stop-dp-RC50_3_v4_d0.25_b1,config23,1,FOUND INTEGER FEASIBLE,3.683363,4.352623,5,12,0,0,0.000000,0.000000,0.000000,0.000000,0
r-stop-dp-RC50_3_v4_d0.25_b1,config23,2,FOUND INTEGER FEASIBLE,3.694305,4.310972,7,12,0,0,0.000000,0.000000,0.000000,0.000000,0
r-stop-dp-RC50_3_v4_d0.25_b1,config23,3,FOUND INTEGER FEASIBLE,3.694337,4.313444,5,12,0,0,0.000000,0.000000,0.000000,0.000000,0
r-stop-dp-RC50_3_v4_d0.25_b1,config19,1,FOUND INTEGER FEASIBLE,0.000000,0.458597,0,0,-1,-1,-7.203660,-7.203660,0.000000,0.000000,0
r-stop-dp-RC50_3_v4_d0.25_b1,config19,2,FOUND INTEGER FEASIBLE,0.000000,0.497024,0,0,-1,-1,-7.203660,-7.203660,0.000000,0.000000,0
r-stop-dp-RC50_3_v4_d0.25_b1,config19,3,FOUND INTEGER FEASIBLE,0.000000,0.516956,0,0,-1,-1,-7.203660,-7.203660,0.000000,0.000000,0
r-stop-dp-RC50_3_v4_d0.25_b1,config18,1,FOUND INTEGER FEASIBLE,0.000000,0.635916,0,0,-1,-1,-7.203660,-7.203660,0.000000,0.000000,0
r-stop-dp-RC50_3_v4_d0.25_b1,config18,2,FOUND INTEGER FEASIBLE,0.000000,0.627736,0,0,-1,-1,-7.203660,-7.203660,0.000000,0.000000,0
r-stop-dp-RC50_3_v4_d0.25_b1,config18,3,FOUND INTEGER FEASIBLE,0.000000,0.637463,0,0,-1,-1,-7.203660,-7.203660,0.000000,0.000000,0
r-stop-dp-RC50_3_v4_d0.25_b5,config1,1,FOUND INTEGER FEASIBLE,0.000000,3088.677660,817,0,-1,-1,-160.324970,-194.152730,0.000000,0.000000,0
r-stop-dp-RC50_3_v4_d0.25_b5,config1,2,FOUND INTEGER FEASIBLE,0.000000,3481.630104,605,0,-1,-1,-101.261040,-147.250330,0.000000,0.000000,0
r-stop-dp-RC50_3_v4_d0.25_b5,config1,3,FOUND INTEGER FEASIBLE,0.000000,1204.762579,318,0,-1,-1,-195.068070,-213.551600,0.000000,0.000000,0
r-stop-dp-RC50_3_v4_d0.25_b5,config3,1,FOUND INTEGER FEASIBLE,0.000000,48.356024,12,0,-1,-1,-43.413320,-43.413320,0.000000,0.000000,0
r-stop-dp-RC50_3_v4_d0.25_b5,config3,2,FOUND INTEGER FEASIBLE,0.000000,63.183350,20,0,-1,-1,-119.874950,-151.124990,0.000000,0.000000,0
r-stop-dp-RC50_3_v4_d0.25_b5,config3,3,FOUND INTEGER FEASIBLE,0.000000,26.370172,5,0,-1,-1,0.000000,0.000000,0.000000,0.000000,0
r-stop-dp-RC50_3_v4_d0.25_b5,config20,1,FOUND INTEGER FEASIBLE,0.000000,2651.332968,354,0,-1,-1,-93.687620,-134.776340,0.000000,0.000000,0
r-stop-dp-RC50_3_v4_d0.25_b5,config20,2,FOUND INTEGER FEASIBLE,0.000000,3211.129195,571,0,-1,-1,-159.576130,-203.390980,0.000000,0.000000,0
r-stop-dp-RC50_3_v4_d0.25_b5,config20,3,FAILED TO FIND AN INTEGER FEASIBLE SOLUTION,0.000000,3600,530,0,-1,-1,0.000000,0.000000,0.212667,0.212667,9
r-stop-dp-RC50_3_v4_d0.25_b5,config16,1,FOUND INTEGER FEASIBLE,13.332761,168.014513,179,10,2,0,-87.080590,-108.509010,0.000000,0.000000,0
r-stop-dp-RC50_3_v4_d0.25_b5,config16,2,FOUND INTEGER FEASIBLE,13.489085,155.153734,168,10,2,0,-129.406320,-130.440340,0.000000,0.000000,0
r-stop-dp-RC50_3_v4_d0.25_b5,config16,3,FOUND INTEGER FEASIBLE,12.288663,130.486910,171,10,2,0,-105.752630,-115.943730,0.000000,0.000000,0
r-stop-dp-RC50_3_v4_d0.25_b5,config17,1,FOUND INTEGER FEASIBLE,0.884256,3.664894,0,2,0,0,0.000000,0.000000,0.000000,0.000000,0
r-stop-dp-RC50_3_v4_d0.25_b5,config17,2,FOUND INTEGER FEASIBLE,0.871739,3.634334,0,2,0,0,0.000000,0.000000,0.000000,0.000000,0
r-stop-dp-RC50_3_v4_d0.25_b5,config17,3,FOUND INTEGER FEASIBLE,0.879002,3.641135,0,2,0,0,0.000000,0.000000,0.000000,0.000000,0
r-stop-dp-RC50_3_v4_d0.25_b5,config21,1,FOUND INTEGER FEASIBLE,36.570238,38.789133,0,12,0,0,0.000000,0.000000,0.000000,0.000000,0
r-stop-dp-RC50_3_v4_d0.25_b5,config21,2,FOUND INTEGER FEASIBLE,35.895977,38.091987,0,12,0,0,0.000000,0.000000,0.000000,0.000000,0
r-stop-dp-RC50_3_v4_d0.25_b5,config21,3,FOUND INTEGER FEASIBLE,35.189364,37.371431,0,12,0,0,0.000000,0.000000,0.000000,0.000000,0
r-stop-dp-RC50_3_v4_d0.25_b5,config23,1,FOUND INTEGER FEASIBLE,33.650134,35.904074,5,12,0,0,0.000000,0.000000,0.000000,0.000000,0
r-stop-dp-RC50_3_v4_d0.25_b5,config23,2,FOUND INTEGER FEASIBLE,33.813859,35.959456,7,12,0,0,0.000000,0.000000,0.000000,0.000000,0
r-stop-dp-RC50_3_v4_d0.25_b5,config23,3,FOUND INTEGER FEASIBLE,33.762916,35.888095,5,12,0,0,0.000000,0.000000,0.000000,0.000000,0
r-stop-dp-RC50_3_v4_d0.25_b5,config19,1,FOUND INTEGER FEASIBLE,0.000000,1.976469,0,0,-1,-1,-7.203660,-7.203660,0.000000,0.000000,0
r-stop-dp-RC50_3_v4_d0.25_b5,config19,2,FOUND INTEGER FEASIBLE,0.000000,1.865092,0,0,-1,-1,-7.203660,-7.203660,0.000000,0.000000,0
r-stop-dp-RC50_3_v4_d0.25_b5,config19,3,FOUND INTEGER FEASIBLE,0.000000,1.877856,0,0,-1,-1,-7.203660,-7.203660,0.000000,0.000000,0
r-stop-dp-RC50_3_v4_d0.25_b5,config18,1,FOUND INTEGER FEASIBLE,0.000000,2.308542,0,0,-1,-1,-7.203660,-7.203660,0.000000,0.000000,0
r-stop-dp-RC50_3_v4_d0.25_b5,config18,2,FOUND INTEGER FEASIBLE,0.000000,2.300155,0,0,-1,-1,-7.203660,-7.203660,0.000000,0.000000,0
r-stop-dp-RC50_3_v4_d0.25_b5,config18,3,FOUND INTEGER FEASIBLE,0.000000,2.310179,0,0,-1,-1,-7.203660,-7.203660,0.000000,0.000000,0
r-stop-dp-RC50_4_v2_d0.25_b1,config1,1,FOUND INTEGER FEASIBLE,0.000000,2032.319896,4899,0,-1,-1,-43.450520,-59.444520,0.000000,0.000000,0
r-stop-dp-RC50_4_v2_d0.25_b1,config1,2,FAILED TO FIND AN INTEGER FEASIBLE SOLUTION,0.000000,3600,8479,0,-1,-1,0.000000,0.000000,0.132602,0.132602,4
r-stop-dp-RC50_4_v2_d0.25_b1,config1,3,FAILED TO FIND AN INTEGER FEASIBLE SOLUTION,0.000000,3600,6759,0,-1,-1,0.000000,0.000000,0.061185,0.061185,6
r-stop-dp-RC50_4_v2_d0.25_b1,config3,1,FOUND INTEGER FEASIBLE,0.000000,4.617813,13,0,-1,-1,-23.911800,-39.483960,0.000000,0.000000,0
r-stop-dp-RC50_4_v2_d0.25_b1,config3,2,FOUND INTEGER FEASIBLE,0.000000,1633.446803,3979,0,-1,-1,-20.976170,-59.953000,0.000000,0.000000,0
r-stop-dp-RC50_4_v2_d0.25_b1,config3,3,FOUND INTEGER FEASIBLE,0.000000,2.246055,5,0,-1,-1,0.000000,0.000000,0.000000,0.000000,0
r-stop-dp-RC50_4_v2_d0.25_b1,config20,1,FOUND INTEGER FEASIBLE,0.000000,2372.155294,4926,0,-1,-1,-60.061380,-92.756790,0.000000,0.000000,0
r-stop-dp-RC50_4_v2_d0.25_b1,config20,2,FAILED TO FIND AN INTEGER FEASIBLE SOLUTION,0.000000,3600,6543,0,-1,-1,0.000000,0.000000,0.276715,0.276715,6
r-stop-dp-RC50_4_v2_d0.25_b1,config20,3,FOUND INTEGER FEASIBLE,0.000000,1140.269934,2206,0,-1,-1,-19.627260,-78.202330,0.000000,0.000000,0
r-stop-dp-RC50_4_v2_d0.25_b1,config16,1,FAILED TO FIND AN INTEGER FEASIBLE SOLUTION,2.460652,3600,7504,12,12,1,0.000000,0.000000,0.529530,0.529530,7
r-stop-dp-RC50_4_v2_d0.25_b1,config16,2,FOUND INTEGER FEASIBLE,2.774810,672.602365,1800,12,12,1,-63.206680,-84.211420,0.000000,0.000000,0
r-stop-dp-RC50_4_v2_d0.25_b1,config16,3,FOUND INTEGER FEASIBLE,2.766641,415.566948,1113,12,12,1,-26.647360,-84.579750,0.000000,0.000000,0
r-stop-dp-RC50_4_v2_d0.25_b1,config17,1,FOUND INTEGER FEASIBLE,0.220780,1.240233,0,2,0,0,0.000000,0.000000,0.000000,0.000000,0
r-stop-dp-RC50_4_v2_d0.25_b1,config17,2,FOUND INTEGER FEASIBLE,0.219384,1.218270,0,2,0,0,0.000000,0.000000,0.000000,0.000000,0
r-stop-dp-RC50_4_v2_d0.25_b1,config17,3,FOUND INTEGER FEASIBLE,0.218577,1.220101,0,2,0,0,0.000000,0.000000,0.000000,0.000000,0
r-stop-dp-RC50_4_v2_d0.25_b1,config21,1,FOUND INTEGER FEASIBLE,3.111160,3.727533,0,12,0,0,0.000000,0.000000,0.000000,0.000000,0
r-stop-dp-RC50_4_v2_d0.25_b1,config21,2,FOUND INTEGER FEASIBLE,3.083127,3.696438,0,12,0,0,0.000000,0.000000,0.000000,0.000000,0
r-stop-dp-RC50_4_v2_d0.25_b1,config21,3,FOUND INTEGER FEASIBLE,3.076002,3.689521,0,12,0,0,0.000000,0.000000,0.000000,0.000000,0
r-stop-dp-RC50_4_v2_d0.25_b1,config23,1,FOUND INTEGER FEASIBLE,3.065482,3.752064,0,12,0,0,0.000000,0.000000,0.000000,0.000000,0
r-stop-dp-RC50_4_v2_d0.25_b1,config23,2,FOUND INTEGER FEASIBLE,3.075422,3.691812,0,12,0,0,0.000000,0.000000,0.000000,0.000000,0
r-stop-dp-RC50_4_v2_d0.25_b1,config23,3,FOUND INTEGER FEASIBLE,3.093955,3.706454,0,12,0,0,0.000000,0.000000,0.000000,0.000000,0
r-stop-dp-RC50_4_v2_d0.25_b1,config19,1,FOUND INTEGER FEASIBLE,0.000000,0.541814,0,0,-1,-1,0.000000,0.000000,0.000000,0.000000,0
r-stop-dp-RC50_4_v2_d0.25_b1,config19,2,FOUND INTEGER FEASIBLE,0.000000,0.498427,0,0,-1,-1,0.000000,0.000000,0.000000,0.000000,0
r-stop-dp-RC50_4_v2_d0.25_b1,config19,3,FOUND INTEGER FEASIBLE,0.000000,0.497695,0,0,-1,-1,0.000000,0.000000,0.000000,0.000000,0
r-stop-dp-RC50_4_v2_d0.25_b1,config18,1,FOUND INTEGER FEASIBLE,0.000000,0.643548,0,0,-1,-1,0.000000,0.000000,0.000000,0.000000,0
r-stop-dp-RC50_4_v2_d0.25_b1,config18,2,FOUND INTEGER FEASIBLE,0.000000,0.628720,0,0,-1,-1,0.000000,0.000000,0.000000,0.000000,0
r-stop-dp-RC50_4_v2_d0.25_b1,config18,3,FOUND INTEGER FEASIBLE,0.000000,0.638438,0,0,-1,-1,0.000000,0.000000,0.000000,0.000000,0
r-stop-dp-RC50_4_v2_d0.25_b5,config1,1,FAILED TO FIND AN INTEGER FEASIBLE SOLUTION,0.000000,3600,734,0,-1,-1,0.000000,0.000000,0.839260,0.839260,10
r-stop-dp-RC50_4_v2_d0.25_b5,config1,2,FOUND INTEGER FEASIBLE,0.000000,2100.597301,693,0,-1,-1,-60.283290,-95.970780,0.000000,0.000000,0
r-stop-dp-RC50_4_v2_d0.25_b5,config1,3,FOUND INTEGER FEASIBLE,0.000000,3248.114195,1201,0,-1,-1,-20.239920,-35.578360,0.000000,0.000000,0
r-stop-dp-RC50_4_v2_d0.25_b5,config3,1,FOUND INTEGER FEASIBLE,0.000000,25.740492,13,0,-1,-1,-19.214280,-34.786440,0.000000,0.000000,0
r-stop-dp-RC50_4_v2_d0.25_b5,config3,2,FOUND INTEGER FEASIBLE,0.000000,1829.633096,432,0,-1,-1,-10.549650,-26.028130,0.000000,0.000000,0
r-stop-dp-RC50_4_v2_d0.25_b5,config3,3,FOUND INTEGER FEASIBLE,0.000000,6.295305,5,0,-1,-1,0.000000,0.000000,0.000000,0.000000,0
r-stop-dp-RC50_4_v2_d0.25_b5,config20,1,FAILED TO FIND AN INTEGER FEASIBLE SOLUTION,0.000000,3600,524,0,-1,-1,0.000000,0.000000,0.587616,0.587616,9
r-stop-dp-RC50_4_v2_d0.25_b5,config20,2,FOUND INTEGER FEASIBLE,0.000000,1857.685287,496,0,-1,-1,-34.143230,-53.575930,0.000000,0.000000,0
r-stop-dp-RC50_4_v2_d0.25_b5,config20,3,FAILED TO FIND AN INTEGER FEASIBLE SOLUTION,0.000000,3600,858,0,-1,-1,0.000000,0.000000,0.542079,0.542079,16
r-stop-dp-RC50_4_v2_d0.25_b5,config16,1,FOUND INTEGER FEASIBLE,9.658865,48.820982,152,9,2,1,-40.341960,-49.111210,0.000000,0.000000,0
r-stop-dp-RC50_4_v2_d0.25_b5,config16,2,FOUND INTEGER FEASIBLE,9.577926,105.794531,152,9,2,1,-49.338450,-98.335320,0.000000,0.000000,0
r-stop-dp-RC50_4_v2_d0.25_b5,config16,3,FOUND INTEGER FEASIBLE,9.654030,58.982484,184,9,2,1,-60.122650,-60.122650,0.000000,0.000000,0
r-stop-dp-RC50_4_v2_d0.25_b5,config17,1,FOUND INTEGER FEASIBLE,0.749140,2.462106,0,2,0,0,0.000000,0.000000,0.000000,0.000000,0
r-stop-dp-RC50_4_v2_d0.25_b5,config17,2,FOUND INTEGER FEASIBLE,0.720104,2.423672,0,2,0,0,0.000000,0.000000,0.000000,0.000000,0
r-stop-dp-RC50_4_v2_d0.25_b5,config17,3,FOUND INTEGER FEASIBLE,0.710315,2.430273,0,2,0,0,0.000000,0.000000,0.000000,0.000000,0
r-stop-dp-RC50_4_v2_d0.25_b5,config21,1,FOUND INTEGER FEASIBLE,141.682457,143.941143,2,12,0,0,0.000000,0.000000,0.000000,0.000000,0
r-stop-dp-RC50_4_v2_d0.25_b5,config21,2,FOUND INTEGER FEASIBLE,143.617226,145.729716,2,12,0,0,0.000000,0.000000,0.000000,0.000000,0
r-stop-dp-RC50_4_v2_d0.25_b5,config21,3,FOUND INTEGER FEASIBLE,140.570514,142.229182,2,12,0,0,0.000000,0.000000,0.000000,0.000000,0
r-stop-dp-RC50_4_v2_d0.25_b5,config23,1,FOUND INTEGER FEASIBLE,143.623751,145.875004,7,12,0,0,0.000000,0.000000,0.000000,0.000000,0
r-stop-dp-RC50_4_v2_d0.25_b5,config23,2,FOUND INTEGER FEASIBLE,143.873286,146.034256,6,12,0,0,0.000000,0.000000,0.000000,0.000000,0
r-stop-dp-RC50_4_v2_d0.25_b5,config23,3,FOUND INTEGER FEASIBLE,142.884053,145.026983,9,12,0,0,0.000000,0.000000,0.000000,0.000000,0
r-stop-dp-RC50_4_v2_d0.25_b5,config19,1,FOUND INTEGER FEASIBLE,0.000000,2.001116,0,0,-1,-1,0.000000,0.000000,0.000000,0.000000,0
r-stop-dp-RC50_4_v2_d0.25_b5,config19,2,FOUND INTEGER FEASIBLE,0.000000,1.888989,0,0,-1,-1,0.000000,0.000000,0.000000,0.000000,0
r-stop-dp-RC50_4_v2_d0.25_b5,config19,3,FOUND INTEGER FEASIBLE,0.000000,1.881640,0,0,-1,-1,0.000000,0.000000,0.000000,0.000000,0
r-stop-dp-RC50_4_v2_d0.25_b5,config18,1,FOUND INTEGER FEASIBLE,0.000000,2.279154,0,0,-1,-1,0.000000,0.000000,0.000000,0.000000,0
r-stop-dp-RC50_4_v2_d0.25_b5,config18,2,FOUND INTEGER FEASIBLE,0.000000,2.319352,0,0,-1,-1,0.000000,0.000000,0.000000,0.000000,0
r-stop-dp-RC50_4_v2_d0.25_b5,config18,3,FOUND INTEGER FEASIBLE,0.000000,2.342970,0,0,-1,-1,0.000000,0.000000,0.000000,0.000000,0
r-stop-dp-RC50_4_v4_d0.25_b1,config1,1,FOUND INTEGER FEASIBLE,0.000000,1559.736909,4254,0,-1,-1,-95.330800,-154.750990,0.000000,0.000000,0
r-stop-dp-RC50_4_v4_d0.25_b1,config1,2,FOUND INTEGER FEASIBLE,0.000000,307.918313,845,0,-1,-1,-127.905610,-147.674410,0.000000,0.000000,0
r-stop-dp-RC50_4_v4_d0.25_b1,config1,3,FOUND INTEGER FEASIBLE,0.000000,315.526865,807,0,-1,-1,-165.613910,-206.899310,0.000000,0.000000,0
r-stop-dp-RC50_4_v4_d0.25_b1,config3,1,FOUND INTEGER FEASIBLE,0.000000,4.424085,13,0,-1,-1,-23.911800,-39.483960,0.000000,0.000000,0
r-stop-dp-RC50_4_v4_d0.25_b1,config3,2,FOUND INTEGER FEASIBLE,0.000000,93.665879,247,0,-1,-1,-164.579730,-235.087610,0.000000,0.000000,0
r-stop-dp-RC50_4_v4_d0.25_b1,config3,3,FOUND INTEGER FEASIBLE,0.000000,2.221281,5,0,-1,-1,0.000000,0.000000,0.000000,0.000000,0
r-stop-dp-RC50_4_v4_d0.25_b1,config20,1,FOUND INTEGER FEASIBLE,0.000000,1143.152534,2461,0,-1,-1,-80.039790,-122.770280,0.000000,0.000000,0
r-stop-dp-RC50_4_v4_d0.25_b1,config20,2,FOUND INTEGER FEASIBLE,0.000000,183.531316,384,0,-1,-1,-126.930680,-170.045150,0.000000,0.000000,0
r-stop-dp-RC50_4_v4_d0.25_b1,config20,3,FOUND INTEGER FEASIBLE,0.000000,1953.828170,3797,0,-1,-1,-117.013110,-166.261700,0.000000,0.000000,0
r-stop-dp-RC50_4_v4_d0.25_b1,config16,1,FOUND INTEGER FEASIBLE,2.796483,77.061547,176,7,2,0,-98.208280,-108.937780,0.000000,0.000000,0
r-stop-dp-RC50_4_v4_d0.25_b1,config16,2,FOUND INTEGER FEASIBLE,2.808957,79.220083,215,7,2,0,-86.309830,-171.089630,0.000000,0.000000,0
r-stop-dp-RC50_4_v4_d0.25_b1,config16,3,FOUND INTEGER FEASIBLE,2.794140,73.861255,176,7,2,0,-109.482300,-126.854800,0.000000,0.000000,0
r-stop-dp-RC50_4_v4_d0.25_b1,config17,1,FOUND INTEGER FEASIBLE,0.192720,1.187475,0,2,0,0,0.000000,0.000000,0.000000,0.000000,0
r-stop-dp-RC50_4_v4_d0.25_b1,config17,2,FOUND INTEGER FEASIBLE,0.149997,0.936031,0,2,0,0,0.000000,0.000000,0.000000,0.000000,0
r-stop-dp-RC50_4_v4_d0.25_b1,config17,3,FOUND INTEGER FEASIBLE,0.191792,1.178634,0,2,0,0,0.000000,0.000000,0.000000,0.000000,0
r-stop-dp-RC50_4_v4_d0.25_b1,config21,1,FOUND INTEGER FEASIBLE,3.942804,4.577179,0,12,0,0,0.000000,0.000000,0.000000,0.000000,0
r-stop-dp-RC50_4_v4_d0.25_b1,config21,2,FOUND INTEGER FEASIBLE,3.920085,4.534341,0,12,0,0,0.000000,0.000000,0.000000,0.000000,0
r-stop-dp-RC50_4_v4_d0.25_b1,config21,3,FOUND INTEGER FEASIBLE,3.908584,4.530672,0,12,0,0,0.000000,0.000000,0.000000,0.000000,0
r-stop-dp-RC50_4_v4_d0.25_b1,config23,1,FOUND INTEGER FEASIBLE,3.922190,4.588051,1,12,0,0,0.000000,0.000000,0.000000,0.000000,0
r-stop-dp-RC50_4_v4_d0.25_b1,config23,2,FOUND INTEGER FEASIBLE,3.955505,4.568845,2,12,0,0,0.000000,0.000000,0.000000,0.000000,0
r-stop-dp-RC50_4_v4_d0.25_b1,config23,3,FOUND INTEGER FEASIBLE,3.939501,4.554283,1,12,0,0,0.000000,0.000000,0.000000,0.000000,0
r-stop-dp-RC50_4_v4_d0.25_b1,config19,1,FOUND INTEGER FEASIBLE,0.000000,0.537905,0,0,-1,-1,-7.203660,-7.203660,0.000000,0.000000,0
r-stop-dp-RC50_4_v4_d0.25_b1,config19,2,FOUND INTEGER FEASIBLE,0.000000,0.499504,0,0,-1,-1,-7.203660,-7.203660,0.000000,0.000000,0
r-stop-dp-RC50_4_v4_d0.25_b1,config19,3,FOUND INTEGER FEASIBLE,0.000000,0.497320,0,0,-1,-1,-7.203660,-7.203660,0.000000,0.000000,0
r-stop-dp-RC50_4_v4_d0.25_b1,config18,1,FOUND INTEGER FEASIBLE,0.000000,0.659247,0,0,-1,-1,-7.203660,-7.203660,0.000000,0.000000,0
r-stop-dp-RC50_4_v4_d0.25_b1,config18,2,FOUND INTEGER FEASIBLE,0.000000,0.627450,0,0,-1,-1,-7.203660,-7.203660,0.000000,0.000000,0
r-stop-dp-RC50_4_v4_d0.25_b1,config18,3,FOUND INTEGER FEASIBLE,0.000000,0.638439,0,0,-1,-1,-7.203660,-7.203660,0.000000,0.000000,0
r-stop-dp-RC50_4_v4_d0.25_b5,config1,1,FOUND INTEGER FEASIBLE,0.000000,1259.010949,412,0,-1,-1,-110.420030,-155.065340,0.000000,0.000000,0
r-stop-dp-RC50_4_v4_d0.25_b5,config1,2,FOUND INTEGER FEASIBLE,0.000000,1029.769746,393,0,-1,-1,-75.341190,-132.787780,0.000000,0.000000,0
r-stop-dp-RC50_4_v4_d0.25_b5,config1,3,FOUND INTEGER FEASIBLE,0.000000,880.355218,300,0,-1,-1,-151.143360,-185.123780,0.000000,0.000000,0
r-stop-dp-RC50_4_v4_d0.25_b5,config3,1,FOUND INTEGER FEASIBLE,0.000000,589.577576,211,0,-1,-1,-128.980660,-157.853680,0.000000,0.000000,0
r-stop-dp-RC50_4_v4_d0.25_b5,config3,2,FOUND INTEGER FEASIBLE,0.000000,32.252392,22,0,-1,-1,-80.395160,-146.807210,0.000000,0.000000,0
r-stop-dp-RC50_4_v4_d0.25_b5,config3,3,FOUND INTEGER FEASIBLE,0.000000,6.416971,5,0,-1,-1,0.000000,0.000000,0.000000,0.000000,0
r-stop-dp-RC50_4_v4_d0.25_b5,config20,1,FOUND INTEGER FEASIBLE,0.000000,591.860488,149,0,-1,-1,-142.900550,-183.874830,0.000000,0.000000,0
r-stop-dp-RC50_4_v4_d0.25_b5,config20,2,FOUND INTEGER FEASIBLE,0.000000,979.300601,201,0,-1,-1,-162.663240,-237.027520,0.000000,0.000000,0
r-stop-dp-RC50_4_v4_d0.25_b5,config20,3,FOUND INTEGER FEASIBLE,0.000000,504.646453,118,0,-1,-1,-140.929930,-188.650370,0.000000,0.000000,0
r-stop-dp-RC50_4_v4_d0.25_b5,config16,1,FOUND INTEGER FEASIBLE,8.436345,27.792923,202,7,1,0,-36.284380,-37.614380,0.000000,0.000000,0
r-stop-dp-RC50_4_v4_d0.25_b5,config16,2,FOUND INTEGER FEASIBLE,8.485361,37.780452,259,7,2,0,0.000040,-5.302040,0.000000,0.000000,0
r-stop-dp-RC50_4_v4_d0.25_b5,config16,3,FOUND INTEGER FEASIBLE,8.514644,33.728891,180,7,2,0,-112.723180,-125.350720,0.000000,0.000000,0
r-stop-dp-RC50_4_v4_d0.25_b5,config17,1,FOUND INTEGER FEASIBLE,0.514482,2.459260,0,2,0,0,0.000000,0.000000,0.000000,0.000000,0
r-stop-dp-RC50_4_v4_d0.25_b5,config17,2,FOUND INTEGER FEASIBLE,0.679194,3.398828,0,2,0,0,0.000000,0.000000,0.000000,0.000000,0
r-stop-dp-RC50_4_v4_d0.25_b5,config17,3,FOUND INTEGER FEASIBLE,0.660318,3.414681,0,2,0,0,0.000000,0.000000,0.000000,0.000000,0
r-stop-dp-RC50_4_v4_d0.25_b5,config21,1,FOUND INTEGER FEASIBLE,63.449125,65.568054,0,12,0,0,0.000000,0.000000,0.000000,0.000000,0
r-stop-dp-RC50_4_v4_d0.25_b5,config21,2,FOUND INTEGER FEASIBLE,64.368189,66.478868,0,12,0,0,0.000000,0.000000,0.000000,0.000000,0
r-stop-dp-RC50_4_v4_d0.25_b5,config21,3,FOUND INTEGER FEASIBLE,63.114706,65.250602,0,12,0,0,0.000000,0.000000,0.000000,0.000000,0
r-stop-dp-RC50_4_v4_d0.25_b5,config23,1,FOUND INTEGER FEASIBLE,64.150190,66.380539,7,12,0,0,0.000000,0.000000,0.000000,0.000000,0
r-stop-dp-RC50_4_v4_d0.25_b5,config23,2,FOUND INTEGER FEASIBLE,64.230257,66.379307,8,12,0,0,0.000000,0.000000,0.000000,0.000000,0
r-stop-dp-RC50_4_v4_d0.25_b5,config23,3,FOUND INTEGER FEASIBLE,64.306449,66.450146,5,12,0,0,0.000000,0.000000,0.000000,0.000000,0
r-stop-dp-RC50_4_v4_d0.25_b5,config19,1,FOUND INTEGER FEASIBLE,0.000000,2.022219,0,0,-1,-1,-7.203660,-7.203660,0.000000,0.000000,0
r-stop-dp-RC50_4_v4_d0.25_b5,config19,2,FOUND INTEGER FEASIBLE,0.000000,1.878518,0,0,-1,-1,-7.203660,-7.203660,0.000000,0.000000,0
r-stop-dp-RC50_4_v4_d0.25_b5,config19,3,FOUND INTEGER FEASIBLE,0.000000,1.882252,0,0,-1,-1,-7.203660,-7.203660,0.000000,0.000000,0
r-stop-dp-RC50_4_v4_d0.25_b5,config18,1,FOUND INTEGER FEASIBLE,0.000000,2.375205,0,0,-1,-1,-7.203660,-7.203660,0.000000,0.000000,0
r-stop-dp-RC50_4_v4_d0.25_b5,config18,2,FOUND INTEGER FEASIBLE,0.000000,2.364870,0,0,-1,-1,-7.203660,-7.203660,0.000000,0.000000,0
r-stop-dp-RC50_4_v4_d0.25_b5,config18,3,FOUND INTEGER FEASIBLE,0.000000,1.915622,0,0,-1,-1,-7.203660,-7.203660,0.000000,0.000000,0
