instance,config,seed,status,time_kernel,total_time,iterations,buckets,last_bucket,first_bucket,value,reopt_value,real_gap,proj_gap,num_frac
30n20b8,config1,1,FAILED TO FIND AN INTEGER FEASIBLE SOLUTION,0.000000,48.322044,12000,0,-1,-1,0.000000,0.000000,2.969149,3.169149,10
30n20b8,config1,2,FAILED TO FIND AN INTEGER FEASIBLE SOLUTION,0.000000,50.396082,12000,0,-1,-1,0.000000,0.000000,1.358491,1.358491,5
30n20b8,config1,3,FAILED TO FIND AN INTEGER FEASIBLE SOLUTION,0.000000,54.173859,12000,0,-1,-1,0.000000,0.000000,0.358491,0.358491,2
30n20b8,config3,1,FOUND INTEGER FEASIBLE,0.000000,39.336548,10460,0,-1,-1,1559.000000,1559.000000,0.000000,0.000000,0
30n20b8,config3,2,FAILED TO FIND AN INTEGER FEASIBLE SOLUTION,0.000000,47.093468,12000,0,-1,-1,0.000000,0.000000,1.927639,1.927639,6
30n20b8,config3,3,FAILED TO FIND AN INTEGER FEASIBLE SOLUTION,0.000000,48.244189,12000,0,-1,-1,0.000000,0.000000,0.400000,0.400000,3
30n20b8,config20,1,FAILED TO FIND AN INTEGER FEASIBLE SOLUTION,0.000000,211.109611,12000,0,-1,-1,0.000000,0.000000,0.606383,2.063830,6
30n20b8,config20,2,FAILED TO FIND AN INTEGER FEASIBLE SOLUTION,0.000000,220.740230,12000,0,-1,-1,0.000000,0.000000,0.140845,2.859155,2
30n20b8,config20,3,FAILED TO FIND AN INTEGER FEASIBLE SOLUTION,0.000000,244.273701,12000,0,-1,-1,0.000000,0.000000,0.858491,1.358491,5
30n20b8,config16,1,FAILED TO FIND AN INTEGER FEASIBLE SOLUTION,0.370488,48.977917,12000,11,11,1,0.000000,0.000000,0.358491,0.358491,2
30n20b8,config16,2,FAILED TO FIND AN INTEGER FEASIBLE SOLUTION,0.499854,45.589106,12000,11,11,1,0.000000,0.000000,0.358491,0.358491,2
30n20b8,config16,3,FOUND INTEGER FEASIBLE,0.493892,4.717381,850,11,10,1,4306.000000,4306.000000,0.000000,0.000000,0
30n20b8,config17,1,FOUND INTEGER FEASIBLE,0.043015,4.687573,1002,10,9,0,5530.000000,5530.000000,0.000000,0.000000,0
30n20b8,config17,2,FAILED TO FIND AN INTEGER FEASIBLE SOLUTION,0.043081,50.757528,12000,10,10,0,0.000000,0.000000,0.612012,1.527505,5
30n20b8,config17,3,FAILED TO FIND AN INTEGER FEASIBLE SOLUTION,0.043056,53.265690,12000,10,10,0,0.000000,0.000000,0.555556,2.444444,2
30n20b8,config21,1,FOUND INTEGER FEASIBLE,0.037747,4.239404,850,9,8,0,5530.000000,5530.000000,0.000000,0.000000,0
30n20b8,config21,2,FAILED TO FIND AN INTEGER FEASIBLE SOLUTION,0.037400,47.346901,12000,9,9,0,0.000000,0.000000,0.253521,1.169014,3
30n20b8,config21,3,FOUND INTEGER FEASIBLE,0.037667,1.818398,244,9,1,0,906.000000,906.000000,0.000000,0.000000,0
30n20b8,config23,1,FOUND INTEGER FEASIBLE,0.037536,41.208643,10630,9,9,0,2730.000000,2730.000000,0.000000,0.000000,0
30n20b8,config23,2,FAILED TO FIND AN INTEGER FEASIBLE SOLUTION,0.037620,43.639947,12000,9,9,0,0.000000,0.000000,0.469767,1.600000,3
30n20b8,config23,3,FOUND INTEGER FEASIBLE,0.037496,4.034101,579,9,5,0,5530.000000,5530.000000,0.000000,0.000000,0
30n20b8,config19,1,FOUND INTEGER FEASIBLE,0.000000,5.253154,0,0,-1,-1,3567.000000,3567.000000,0.000000,0.000000,0
30n20b8,config19,2,FOUND INTEGER FEASIBLE,0.000000,5.248374,0,0,-1,-1,3567.000000,3567.000000,0.000000,0.000000,0
30n20b8,config19,3,FOUND INTEGER FEASIBLE,0.000000,5.225021,0,0,-1,-1,3567.000000,3567.000000,0.000000,0.000000,0
30n20b8,config18,1,FOUND INTEGER FEASIBLE,0.000000,3.774278,0,0,-1,-1,453.000000,453.000000,0.000000,0.000000,0
30n20b8,config18,2,FOUND INTEGER FEASIBLE,0.000000,4.219272,0,0,-1,-1,453.000000,453.000000,0.000000,0.000000,0
30n20b8,config18,3,FOUND INTEGER FEASIBLE,0.000000,3.209415,0,0,-1,-1,453.000000,453.000000,0.000000,0.000000,0
50v-10,config1,1,FOUND INTEGER FEASIBLE,0.000000,0.028547,4,0,-1,-1,20171.079947,20171.079947,0.000000,0.000000,0
50v-10,config1,2,FOUND INTEGER FEASIBLE,0.000000,0.054158,4,0,-1,-1,9559.729975,9559.729975,0.000000,0.000000,0
50v-10,config1,3,FOUND INTEGER FEASIBLE,0.000000,0.041070,2,0,-1,-1,9544.509972,9544.509972,0.000000,0.000000,0
50v-10,config3,1,FOUND INTEGER FEASIBLE,0.000000,0.021071,0,0,-1,-1,14047637.242963,14047637.242963,0.000000,0.000000,0
50v-10,config3,2,FOUND INTEGER FEASIBLE,0.000000,0.019787,0,0,-1,-1,14047637.242963,14047637.242963,0.000000,0.000000,0
50v-10,config3,3,FOUND INTEGER FEASIBLE,0.000000,0.020897,0,0,-1,-1,14047637.242963,14047637.242963,0.000000,0.000000,0
50v-10,config20,1,FOUND INTEGER FEASIBLE,0.000000,0.028159,0,0,-1,-1,14205494.682632,14205494.682632,0.000000,0.000000,0
50v-10,config20,2,FOUND INTEGER FEASIBLE,0.000000,0.018195,0,0,-1,-1,14205494.682632,14205494.682632,0.000000,0.000000,0
50v-10,config20,3,FOUND INTEGER FEASIBLE,0.000000,0.025635,0,0,-1,-1,14205494.682632,14205494.682632,0.000000,0.000000,0
50v-10,config16,1,FOUND INTEGER FEASIBLE,0.014703,0.079537,4,0,0,0,20171.079947,20171.079947,0.000000,0.000000,0
50v-10,config16,2,FOUND INTEGER FEASIBLE,0.009587,0.054209,4,0,0,0,9559.729975,9559.729975,0.000000,0.000000,0
50v-10,config16,3,FOUND INTEGER FEASIBLE,0.014532,0.064025,2,0,0,0,9544.509972,9544.509972,0.000000,0.000000,0
50v-10,config17,1,FOUND INTEGER FEASIBLE,0.003966,0.025178,0,0,0,0,14047637.242963,14047637.242963,0.000000,0.000000,0
50v-10,config17,2,FOUND INTEGER FEASIBLE,0.005795,0.033456,0,0,0,0,14047637.242963,14047637.242963,0.000000,0.000000,0
50v-10,config17,3,FOUND INTEGER FEASIBLE,0.005810,0.033669,0,0,0,0,14047637.242963,14047637.242963,0.000000,0.000000,0
50v-10,config21,1,FOUND INTEGER FEASIBLE,0.002814,0.026922,0,0,0,0,14205494.682632,14205494.682632,0.000000,0.000000,0
50v-10,config21,2,FOUND INTEGER FEASIBLE,0.002879,0.025645,0,0,0,0,14205494.682632,14205494.682632,0.000000,0.000000,0
50v-10,config21,3,FOUND INTEGER FEASIBLE,0.002873,0.025816,0,0,0,0,14205494.682632,14205494.682632,0.000000,0.000000,0
50v-10,config23,1,FOUND INTEGER FEASIBLE,0.002887,0.031021,0,0,0,0,14047637.242963,14047637.242963,0.000000,0.000000,0
50v-10,config23,2,FOUND INTEGER FEASIBLE,0.002867,0.030239,0,0,0,0,14047637.242963,14047637.242963,0.000000,0.000000,0
50v-10,config23,3,FOUND INTEGER FEASIBLE,0.002917,0.030351,0,0,0,0,14047637.242963,14047637.242963,0.000000,0.000000,0
50v-10,config19,1,FOUND INTEGER FEASIBLE,0.000000,0.018462,0,0,-1,-1,14205494.682632,14205494.682632,0.000000,0.000000,0
50v-10,config19,2,FOUND INTEGER FEASIBLE,0.000000,0.016034,0,0,-1,-1,14205494.682632,14205494.682632,0.000000,0.000000,0
50v-10,config19,3,FOUND INTEGER FEASIBLE,0.000000,0.015369,0,0,-1,-1,14205494.682632,14205494.682632,0.000000,0.000000,0
50v-10,config18,1,FOUND INTEGER FEASIBLE,0.000000,0.017788,0,0,-1,-1,14205494.682632,14205494.682632,0.000000,0.000000,0
50v-10,config18,2,FOUND INTEGER FEASIBLE,0.000000,0.017227,0,0,-1,-1,14205494.682632,14205494.682632,0.000000,0.000000,0
50v-10,config18,3,FOUND INTEGER FEASIBLE,0.000000,0.015082,0,0,-1,-1,14205494.682632,14205494.682632,0.000000,0.000000,0
academictimetablesmall,config1,1,FAILED TO FIND AN INTEGER FEASIBLE SOLUTION,0.000000,3600,4912,0,-1,-1,0.000000,0.000000,53.977169,45.326204,326
academictimetablesmall,config1,2,FAILED TO FIND AN INTEGER FEASIBLE SOLUTION,0.000000,3600,4744,0,-1,-1,0.000000,0.000000,47.245740,42.711881,434
academictimetablesmall,config1,3,FAILED TO FIND AN INTEGER FEASIBLE SOLUTION,0.000000,3600,5132,0,-1,-1,0.000000,0.000000,51.361816,42.127822,413
academictimetablesmall,config3,1,FAILED TO FIND AN INTEGER FEASIBLE SOLUTION,0.000000,3600,5008,0,-1,-1,0.000000,0.000000,43.866527,39.750070,334
academictimetablesmall,config3,2,FAILED TO FIND AN INTEGER FEASIBLE SOLUTION,0.000000,3600,4901,0,-1,-1,0.000000,0.000000,46.352295,39.735328,369
academictimetablesmall,config3,3,FAILED TO FIND AN INTEGER FEASIBLE SOLUTION,0.000000,3600,5095,0,-1,-1,0.000000,0.000000,52.489024,40.515237,392
academictimetablesmall,config20,1,FAILED TO FIND AN INTEGER FEASIBLE SOLUTION,0.000000,3600,3374,0,-1,-1,0.000000,0.000000,38.809747,33.532498,217
academictimetablesmall,config20,2,FAILED TO FIND AN INTEGER FEASIBLE SOLUTION,0.000000,3600,3273,0,-1,-1,0.000000,0.000000,42.096761,35.058219,296
academictimetablesmall,config20,3,FAILED TO FIND AN INTEGER FEASIBLE SOLUTION,0.000000,3600,3423,0,-1,-1,0.000000,0.000000,45.751629,41.070343,351
academictimetablesmall,config16,1,FAILED TO FIND AN INTEGER FEASIBLE SOLUTION,0.512502,3600,3215,13,13,11,0.000000,0.000000,34.817927,31.623810,305
academictimetablesmall,config16,2,FAILED TO FIND AN INTEGER FEASIBLE SOLUTION,0.547934,3600,3185,13,13,11,0.000000,0.000000,50.103638,41.574908,413
academictimetablesmall,config16,3,FAILED TO FIND AN INTEGER FEASIBLE SOLUTION,0.528591,3600,3316,13,13,11,0.000000,0.000000,48.081349,40.179799,465
academictimetablesmall,config17,1,FAILED TO FIND AN INTEGER FEASIBLE SOLUTION,8.446135,3600,3393,12,12,7,0.000000,0.000000,43.771965,37.339337,359
academictimetablesmall,config17,2,FAILED TO FIND AN INTEGER FEASIBLE SOLUTION,8.414797,3600,3360,12,12,7,0.000000,0.000000,42.498039,35.641535,330
academictimetablesmall,config17,3,FAILED TO FIND AN INTEGER FEASIBLE SOLUTION,8.357851,3600,3517,12,12,7,0.000000,0.000000,45.121429,32.979762,292
academictimetablesmall,config21,1,FAILED TO FIND AN INTEGER FEASIBLE SOLUTION,0.886086,3600,3393,13,13,13,0.000000,0.000000,38.809747,33.532498,217
academictimetablesmall,config21,2,FAILED TO FIND AN INTEGER FEASIBLE SOLUTION,0.887769,3600,3277,13,13,13,0.000000,0.000000,42.096761,35.058219,296
academictimetablesmall,config21,3,FAILED TO FIND AN INTEGER FEASIBLE SOLUTION,0.883357,3600,3507,13,13,13,0.000000,0.000000,45.751629,41.070343,351
academictimetablesmall,config23,1,FAILED TO FIND AN INTEGER FEASIBLE SOLUTION,0.886880,3600,3278,13,13,13,0.000000,0.000000,43.866527,39.750070,334
academictimetablesmall,config23,2,FAILED TO FIND AN INTEGER FEASIBLE SOLUTION,0.883640,3600,3309,13,13,13,0.000000,0.000000,46.352295,39.735328,369
academictimetablesmall,config23,3,FAILED TO FIND AN INTEGER FEASIBLE SOLUTION,0.888158,3600,3518,13,13,13,0.000000,0.000000,47.880733,44.643924,387
academictimetablesmall,config19,1,FOUND INTEGER FEASIBLE,0.000000,436.257702,0,0,-1,-1,2252.000000,2252.000000,0.000000,0.000000,0
academictimetablesmall,config19,2,FOUND INTEGER FEASIBLE,0.000000,437.557961,0,0,-1,-1,2252.000000,2252.000000,0.000000,0.000000,0
academictimetablesmall,config19,3,FOUND INTEGER FEASIBLE,0.000000,438.144981,0,0,-1,-1,2252.000000,2252.000000,0.000000,0.000000,0
academictimetablesmall,config18,1,FOUND INTEGER FEASIBLE,0.000000,708.262428,0,0,-1,-1,2629.000000,2629.000000,0.000000,0.000000,0
academictimetablesmall,config18,2,FOUND INTEGER FEASIBLE,0.000000,705.194055,0,0,-1,-1,2629.000000,2629.000000,0.000000,0.000000,0
academictimetablesmall,config18,3,FOUND INTEGER FEASIBLE,0.000000,707.885928,0,0,-1,-1,2629.000000,2629.000000,0.000000,0.000000,0
air05,config1,1,FOUND INTEGER FEASIBLE,0.000000,1.577025,1,0,-1,-1,28539.000000,28539.000000,0.000000,0.000000,0
air05,config1,2,FOUND INTEGER FEASIBLE,0.000000,1.558098,1,0,-1,-1,28539.000000,28539.000000,0.000000,0.000000,0
air05,config1,3,FOUND INTEGER FEASIBLE,0.000000,1.564378,1,0,-1,-1,28539.000000,28539.000000,0.000000,0.000000,0
air05,config3,1,FOUND INTEGER FEASIBLE,0.000000,2.419116,4,0,-1,-1,39298.000000,39298.000000,0.000000,0.000000,0
air05,config3,2,FOUND INTEGER FEASIBLE,0.000000,2.419441,4,0,-1,-1,39298.000000,39298.000000,0.000000,0.000000,0
air05,config3,3,FOUND INTEGER FEASIBLE,0.000000,2.372100,4,0,-1,-1,39298.000000,39298.000000,0.000000,0.000000,0
air05,config20,1,FOUND INTEGER FEASIBLE,0.000000,0.854757,1,0,-1,-1,60111.000000,60111.000000,0.000000,0.000000,0
air05,config20,2,FOUND INTEGER FEASIBLE,0.000000,0.848892,1,0,-1,-1,60111.000000,60111.000000,0.000000,0.000000,0
air05,config20,3,FOUND INTEGER FEASIBLE,0.000000,0.847442,1,0,-1,-1,60111.000000,60111.000000,0.000000,0.000000,0
air05,config16,1,FOUND INTEGER FEASIBLE,0.238842,4.617427,7,4,1,1,30886.000000,30886.000000,0.000000,0.000000,0
air05,config16,2,FOUND INTEGER FEASIBLE,0.312874,4.914376,7,4,1,1,30886.000000,30886.000000,0.000000,0.000000,0
air05,config16,3,FOUND INTEGER FEASIBLE,0.314978,4.931214,7,4,1,1,30886.000000,30886.000000,0.000000,0.000000,0
air05,config17,1,FOUND INTEGER FEASIBLE,0.543016,5.218910,13,6,1,1,37903.000000,37903.000000,0.000000,0.000000,0
air05,config17,2,FOUND INTEGER FEASIBLE,0.545131,3.156752,5,6,1,1,37259.000000,37259.000000,0.000000,0.000000,0
air05,config17,3,FOUND INTEGER FEASIBLE,0.277041,2.129734,5,6,1,1,37259.000000,37259.000000,0.000000,0.000000,0
air05,config21,1,FOUND INTEGER FEASIBLE,0.199019,7.214973,21,13,1,1,53396.000000,53396.000000,0.000000,0.000000,0
air05,config21,2,FOUND INTEGER FEASIBLE,0.199642,3.162556,5,13,1,1,53786.000000,53786.000000,0.000000,0.000000,0
air05,config21,3,FOUND INTEGER FEASIBLE,0.199191,5.958733,15,13,1,1,53192.000000,53192.000000,0.000000,0.000000,0
air05,config23,1,FOUND INTEGER FEASIBLE,0.199341,3.309592,4,13,1,1,36844.000000,36844.000000,0.000000,0.000000,0
air05,config23,2,FOUND INTEGER FEASIBLE,0.199310,3.289262,4,13,1,1,36844.000000,36844.000000,0.000000,0.000000,0
air05,config23,3,FOUND INTEGER FEASIBLE,0.206241,3.336165,4,13,1,1,36844.000000,36844.000000,0.000000,0.000000,0
air05,config19,1,FOUND INTEGER FEASIBLE,0.000000,0.031192,0,0,-1,-1,29888.000000,29888.000000,0.000000,0.000000,0
air05,config19,2,FOUND INTEGER FEASIBLE,0.000000,0.021846,0,0,-1,-1,29888.000000,29888.000000,0.000000,0.000000,0
air05,config19,3,FOUND INTEGER FEASIBLE,0.000000,0.019927,0,0,-1,-1,29888.000000,29888.000000,0.000000,0.000000,0
air05,config18,1,FOUND INTEGER FEASIBLE,0.000000,0.030887,0,0,-1,-1,29888.000000,29888.000000,0.000000,0.000000,0
air05,config18,2,FOUND INTEGER FEASIBLE,0.000000,0.023781,0,0,-1,-1,29888.000000,29888.000000,0.000000,0.000000,0
air05,config18,3,FOUND INTEGER FEASIBLE,0.000000,0.022026,0,0,-1,-1,29888.000000,29888.000000,0.000000,0.000000,0
app1-1,config1,1,FOUND INTEGER FEASIBLE,0.000000,0.208958,4,0,-1,-1,-1.000000,-1.000000,0.000000,0.000000,0
app1-1,config1,2,FOUND INTEGER FEASIBLE,0.000000,0.209162,4,0,-1,-1,-1.000000,-1.000000,0.000000,0.000000,0
app1-1,config1,3,FOUND INTEGER FEASIBLE,0.000000,0.210478,4,0,-1,-1,-1.000000,-1.000000,0.000000,0.000000,0
app1-1,config3,1,FOUND INTEGER FEASIBLE,0.000000,0.266065,9,0,-1,-1,0.000000,0.000000,0.000000,0.000000,0
app1-1,config3,2,FOUND INTEGER FEASIBLE,0.000000,0.259691,8,0,-1,-1,-1.000000,-1.000000,0.000000,0.000000,0
app1-1,config3,3,FOUND INTEGER FEASIBLE,0.000000,0.244359,7,0,-1,-1,-1.000000,-1.000000,0.000000,0.000000,0
app1-1,config20,1,FOUND INTEGER FEASIBLE,0.000000,0.372864,7,0,-1,-1,-1.000000,-1.000000,0.000000,0.000000,0
app1-1,config20,2,FOUND INTEGER FEASIBLE,0.000000,0.305184,7,0,-1,-1,-1.000000,-1.000000,0.000000,0.000000,0
app1-1,config20,3,FOUND INTEGER FEASIBLE,0.000000,0.363313,6,0,-1,-1,-1.000000,-1.000000,0.000000,0.000000,0
app1-1,config16,1,FOUND INTEGER FEASIBLE,0.049607,0.273626,84,5,1,0,-2.000000,-2.000000,0.000000,0.000000,0
app1-1,config16,2,FOUND INTEGER FEASIBLE,0.049566,0.268564,84,5,1,0,-2.000000,-2.000000,0.000000,0.000000,0
app1-1,config16,3,FOUND INTEGER FEASIBLE,0.049925,0.270995,84,5,1,0,-2.000000,-2.000000,0.000000,0.000000,0
app1-1,config17,1,FOUND INTEGER FEASIBLE,0.029279,0.221961,12,12,0,0,-1.000000,-1.000000,0.000000,0.000000,0
app1-1,config17,2,FOUND INTEGER FEASIBLE,0.029233,0.216014,11,12,0,0,-1.000000,-1.000000,0.000000,0.000000,0
app1-1,config17,3,FOUND INTEGER FEASIBLE,0.029300,0.200835,7,12,0,0,-1.000000,-1.000000,0.000000,0.000000,0
app1-1,config21,1,FOUND INTEGER FEASIBLE,0.377037,0.484750,0,10,0,0,-1.000000,-1.000000,0.000000,0.000000,0
app1-1,config21,2,FOUND INTEGER FEASIBLE,0.377807,0.487585,0,10,0,0,-1.000000,-1.000000,0.000000,0.000000,0
app1-1,config21,3,FOUND INTEGER FEASIBLE,0.378793,0.487907,0,10,0,0,-1.000000,-1.000000,0.000000,0.000000,0
app1-1,config23,1,FOUND INTEGER FEASIBLE,0.377484,0.493115,0,10,0,0,-1.000000,-1.000000,0.000000,0.000000,0
app1-1,config23,2,FOUND INTEGER FEASIBLE,0.376791,0.487062,0,10,0,0,-1.000000,-1.000000,0.000000,0.000000,0
app1-1,config23,3,FOUND INTEGER FEASIBLE,0.377631,0.486611,0,10,0,0,-1.000000,-1.000000,0.000000,0.000000,0
app1-1,config19,1,FOUND INTEGER FEASIBLE,0.000000,0.769957,0,0,-1,-1,0.000000,0.000000,0.000000,0.000000,0
app1-1,config19,2,FOUND INTEGER FEASIBLE,0.000000,0.763184,0,0,-1,-1,0.000000,0.000000,0.000000,0.000000,0
app1-1,config19,3,FOUND INTEGER FEASIBLE,0.000000,0.765054,0,0,-1,-1,0.000000,0.000000,0.000000,0.000000,0
app1-1,config18,1,FOUND INTEGER FEASIBLE,0.000000,0.834450,0,0,-1,-1,-2.000000,-2.000000,0.000000,0.000000,0
app1-1,config18,2,FOUND INTEGER FEASIBLE,0.000000,0.828392,0,0,-1,-1,-2.000000,-2.000000,0.000000,0.000000,0
app1-1,config18,3,FOUND INTEGER FEASIBLE,0.000000,0.828362,0,0,-1,-1,-2.000000,-2.000000,0.000000,0.000000,0
app1-2,config1,1,FOUND INTEGER FEASIBLE,0.000000,4.150518,6,0,-1,-1,-24.000000,-24.000000,0.000000,0.000000,0
app1-2,config1,2,FOUND INTEGER FEASIBLE,0.000000,4.155142,6,0,-1,-1,-24.000000,-24.000000,0.000003,0.000000,0
app1-2,config1,3,FOUND INTEGER FEASIBLE,0.000000,4.450627,10,0,-1,-1,-23.000000,-23.000000,0.000000,0.000000,0
app1-2,config3,1,FOUND INTEGER FEASIBLE,0.000000,5.931324,26,0,-1,-1,-23.000000,-23.000000,0.000000,0.000000,0
app1-2,config3,2,FOUND INTEGER FEASIBLE,0.000000,6.354026,29,0,-1,-1,-23.000000,-23.000000,0.000000,0.000000,0
app1-2,config3,3,FOUND INTEGER FEASIBLE,0.000000,4.835743,17,0,-1,-1,-24.000000,-24.000000,0.000000,0.000000,0
app1-2,config20,1,FOUND INTEGER FEASIBLE,0.000000,7.035022,19,0,-1,-1,-20.000000,-20.000000,0.000000,0.000000,0
app1-2,config20,2,FOUND INTEGER FEASIBLE,0.000000,7.284066,8,0,-1,-1,-20.000000,-20.000000,0.000003,0.000000,0
app1-2,config20,3,FOUND INTEGER FEASIBLE,0.000000,6.227212,7,0,-1,-1,-20.000000,-20.000000,0.000000,0.000000,0
app1-2,config16,1,FOUND INTEGER FEASIBLE,1.226580,6.044260,25,11,1,1,-23.000000,-23.000000,0.000000,0.000000,0
app1-2,config16,2,FOUND INTEGER FEASIBLE,1.220361,4.554880,16,11,1,1,-23.000000,-23.000000,0.000000,0.000000,0
app1-2,config16,3,FOUND INTEGER FEASIBLE,1.358142,6.133775,11,11,1,1,-23.000000,-23.000000,0.000000,0.000000,0
app1-2,config17,1,FOUND INTEGER FEASIBLE,0.369277,38.289313,747,10,8,0,-22.000000,-22.000000,0.000000,0.000000,0
app1-2,config17,2,FOUND INTEGER FEASIBLE,0.362876,37.874266,763,10,8,0,-21.000000,-21.000000,0.000000,0.000000,0
app1-2,config17,3,FOUND INTEGER FEASIBLE,0.363732,37.796575,753,10,8,0,-22.000000,-22.000000,0.000000,0.000000,0
app1-2,config21,1,FOUND INTEGER FEASIBLE,5.302097,8.201684,0,11,0,0,-20.000000,-20.000000,0.000000,0.000000,0
app1-2,config21,2,FOUND INTEGER FEASIBLE,5.314484,8.209587,0,11,0,0,-20.000000,-20.000000,0.000000,0.000000,0
app1-2,config21,3,FOUND INTEGER FEASIBLE,5.308250,8.198674,0,11,0,0,-20.000000,-20.000000,0.000000,0.000000,0
app1-2,config23,1,FOUND INTEGER FEASIBLE,5.315153,8.216134,0,11,0,0,-20.000000,-20.000000,0.000000,0.000000,0
app1-2,config23,2,FOUND INTEGER FEASIBLE,5.295123,8.186441,0,11,0,0,-20.000000,-20.000000,0.000000,0.000000,0
app1-2,config23,3,FOUND INTEGER FEASIBLE,5.306967,8.206809,0,11,0,0,-20.000000,-20.000000,0.000000,0.000000,0
app1-2,config19,1,FOUND INTEGER FEASIBLE,0.000000,34.390221,0,0,-1,-1,-37.000000,-37.000000,0.000000,0.000000,0
app1-2,config19,2,FOUND INTEGER FEASIBLE,0.000000,34.308315,0,0,-1,-1,-37.000000,-37.000000,0.000000,0.000000,0
app1-2,config19,3,FOUND INTEGER FEASIBLE,0.000000,37.346412,0,0,-1,-1,-37.000000,-37.000000,0.000000,0.000000,0
app1-2,config18,1,FOUND INTEGER FEASIBLE,0.000000,84.294728,0,0,-1,-1,-41.000000,-41.000000,0.000000,0.000000,0
app1-2,config18,2,FOUND INTEGER FEASIBLE,0.000000,84.314567,0,0,-1,-1,-41.000000,-41.000000,0.000000,0.000000,0
app1-2,config18,3,FOUND INTEGER FEASIBLE,0.000000,84.294883,0,0,-1,-1,-41.000000,-41.000000,0.000000,0.000000,0
assign1-5-8,config1,1,FOUND INTEGER FEASIBLE,0.000000,0.029198,1,0,-1,-1,246.000000,246.000000,0.000000,0.000000,0
assign1-5-8,config1,2,FOUND INTEGER FEASIBLE,0.000000,0.023931,1,0,-1,-1,246.000000,246.000000,0.000000,0.000000,0
assign1-5-8,config1,3,FOUND INTEGER FEASIBLE,0.000000,0.023548,1,0,-1,-1,256.000000,256.000000,0.000000,0.000000,0
assign1-5-8,config3,1,FOUND INTEGER FEASIBLE,0.000000,0.013957,0,0,-1,-1,474.000000,239.000000,0.000000,0.000000,0
assign1-5-8,config3,2,FOUND INTEGER FEASIBLE,0.000000,0.016714,0,0,-1,-1,474.000000,239.000000,0.000000,0.000000,0
assign1-5-8,config3,3,FOUND INTEGER FEASIBLE,0.000000,0.014852,0,0,-1,-1,474.000000,239.000000,0.000000,0.000000,0
assign1-5-8,config20,1,FOUND INTEGER FEASIBLE,0.000000,0.012241,0,0,-1,-1,474.000000,274.000000,0.000000,0.000000,0
assign1-5-8,config20,2,FOUND INTEGER FEASIBLE,0.000000,0.011870,0,0,-1,-1,474.000000,274.000000,0.000000,0.000000,0
assign1-5-8,config20,3,FOUND INTEGER FEASIBLE,0.000000,0.016368,0,0,-1,-1,474.000000,274.000000,0.000000,0.000000,0
assign1-5-8,config16,1,FOUND INTEGER FEASIBLE,0.021288,0.035395,1,7,0,0,241.000000,241.000000,0.000000,0.000000,0
assign1-5-8,config16,2,FOUND INTEGER FEASIBLE,0.041775,0.069560,1,7,0,0,240.000000,240.000000,0.000000,0.000000,0
assign1-5-8,config16,3,FOUND INTEGER FEASIBLE,0.021264,0.040316,1,7,0,0,233.000000,233.000000,0.000000,0.000000,0
assign1-5-8,config17,1,FOUND INTEGER FEASIBLE,0.002255,0.018793,0,0,0,0,474.000000,239.000000,0.000000,0.000000,0
assign1-5-8,config17,2,FOUND INTEGER FEASIBLE,0.002132,0.020258,0,0,0,0,474.000000,239.000000,0.000000,0.000000,0
assign1-5-8,config17,3,FOUND INTEGER FEASIBLE,0.001065,0.014287,0,0,0,0,474.000000,239.000000,0.000000,0.000000,0
assign1-5-8,config21,1,FOUND INTEGER FEASIBLE,0.001834,0.017020,0,0,0,0,474.000000,274.000000,0.000000,0.000000,0
assign1-5-8,config21,2,FOUND INTEGER FEASIBLE,0.001063,0.012098,0,0,0,0,474.000000,274.000000,0.000000,0.000000,0
assign1-5-8,config21,3,FOUND INTEGER FEASIBLE,0.002187,0.018925,0,0,0,0,474.000000,274.000000,0.000000,0.000000,0
assign1-5-8,config23,1,FOUND INTEGER FEASIBLE,0.001093,0.011986,0,0,0,0,474.000000,239.000000,0.000000,0.000000,0
assign1-5-8,config23,2,FOUND INTEGER FEASIBLE,0.002077,0.016958,0,0,0,0,474.000000,239.000000,0.000000,0.000000,0
assign1-5-8,config23,3,FOUND INTEGER FEASIBLE,0.001897,0.017152,0,0,0,0,474.000000,239.000000,0.000000,0.000000,0
assign1-5-8,config19,1,FOUND INTEGER FEASIBLE,0.000000,0.011167,0,0,-1,-1,252.000000,252.000000,0.000000,0.000000,0
assign1-5-8,config19,2,FOUND INTEGER FEASIBLE,0.000000,0.010647,0,0,-1,-1,252.000000,252.000000,0.000000,0.000000,0
assign1-5-8,config19,3,FOUND INTEGER FEASIBLE,0.000000,0.008171,0,0,-1,-1,252.000000,252.000000,0.000000,0.000000,0
assign1-5-8,config18,1,FOUND INTEGER FEASIBLE,0.000000,0.005454,0,0,-1,-1,252.000000,252.000000,0.000000,0.000000,0
assign1-5-8,config18,2,FOUND INTEGER FEASIBLE,0.000000,0.010154,0,0,-1,-1,252.000000,252.000000,0.000000,0.000000,0
assign1-5-8,config18,3,FOUND INTEGER FEASIBLE,0.000000,0.009296,0,0,-1,-1,252.000000,252.000000,0.000000,0.000000,0
atlanta-ip,config1,1,FOUND INTEGER FEASIBLE,0.000000,7.198387,3,0,-1,-1,108.010182,108.010182,0.000000,0.000000,0
atlanta-ip,config1,2,FOUND INTEGER FEASIBLE,0.000000,7.293260,3,0,-1,-1,108.010318,108.010318,0.000000,0.000000,0
atlanta-ip,config1,3,FOUND INTEGER FEASIBLE,0.000000,7.859936,21,0,-1,-1,138.010854,138.010854,0.000000,0.000000,0
atlanta-ip,config3,1,FOUND INTEGER FEASIBLE,0.000000,1.174295,3,0,-1,-1,150.010283,150.010283,0.000000,0.000000,0
atlanta-ip,config3,2,FOUND INTEGER FEASIBLE,0.000000,2.102949,3,0,-1,-1,186.010282,186.010282,0.000000,0.000000,0
atlanta-ip,config3,3,FOUND INTEGER FEASIBLE,0.000000,2.133634,5,0,-1,-1,138.010313,138.010313,0.000000,0.000000,0
atlanta-ip,config20,1,FOUND INTEGER FEASIBLE,0.000000,5.977585,52,0,-1,-1,198.081946,198.081946,0.000000,0.000000,0
atlanta-ip,config20,2,FOUND INTEGER FEASIBLE,0.000000,4.947439,38,0,-1,-1,198.082464,198.082464,0.000000,0.000000,0
atlanta-ip,config20,3,FOUND INTEGER FEASIBLE,0.000000,4.798953,35,0,-1,-1,198.082092,198.082092,0.000000,0.000000,0
atlanta-ip,config16,1,FOUND INTEGER FEASIBLE,5.295072,12.804428,3,13,12,12,110.010187,110.010187,0.000000,0.000000,0
atlanta-ip,config16,2,FOUND INTEGER FEASIBLE,5.404181,12.865204,3,13,12,12,108.010303,108.010303,0.000000,0.000000,0
atlanta-ip,config16,3,FOUND INTEGER FEASIBLE,5.384488,13.645739,28,13,12,12,129.011069,129.011069,0.000000,0.000000,0
atlanta-ip,config17,1,FOUND INTEGER FEASIBLE,0.490081,2.727436,5,12,12,12,160.010301,160.010301,0.000000,0.000000,0
atlanta-ip,config17,2,FOUND INTEGER FEASIBLE,0.472231,2.619576,3,12,12,12,186.010298,186.010298,0.000000,0.000000,0
atlanta-ip,config17,3,FOUND INTEGER FEASIBLE,0.483157,2.684226,5,12,12,12,156.010312,156.010312,0.000000,0.000000,0
atlanta-ip,config21,1,FOUND INTEGER FEASIBLE,1.057459,16.819684,522,13,13,13,198.074599,198.074599,0.000000,0.000000,0
atlanta-ip,config21,2,FOUND INTEGER FEASIBLE,1.086536,24.858017,858,13,13,13,198.073016,198.073016,0.000000,0.000000,0
atlanta-ip,config21,3,FOUND INTEGER FEASIBLE,1.090268,36.004786,1292,13,13,13,198.070161,198.070161,0.000000,0.000000,0
atlanta-ip,config23,1,FOUND INTEGER FEASIBLE,1.088571,3.150054,5,13,13,13,160.010301,160.010301,0.000000,0.000000,0
atlanta-ip,config23,2,FOUND INTEGER FEASIBLE,1.075937,3.077374,3,13,13,13,186.010298,186.010298,0.000000,0.000000,0
atlanta-ip,config23,3,FOUND INTEGER FEASIBLE,1.073773,3.136750,5,13,13,13,156.010312,156.010312,0.000000,0.000000,0
atlanta-ip,config19,1,FOUND INTEGER FEASIBLE,0.000000,237.192426,0,0,-1,-1,102.010277,102.010277,0.000000,0.000000,0
atlanta-ip,config19,2,FOUND INTEGER FEASIBLE,0.000000,238.652711,0,0,-1,-1,102.010277,102.010277,0.000000,0.000000,0
atlanta-ip,config19,3,FOUND INTEGER FEASIBLE,0.000000,237.234136,0,0,-1,-1,102.010277,102.010277,0.000000,0.000000,0
atlanta-ip,config18,1,FOUND INTEGER FEASIBLE,0.000000,80.556502,0,0,-1,-1,103.010018,103.010018,0.000000,0.000000,0
atlanta-ip,config18,2,FOUND INTEGER FEASIBLE,0.000000,80.110792,0,0,-1,-1,103.010018,103.010018,0.000000,0.000000,0
atlanta-ip,config18,3,FOUND INTEGER FEASIBLE,0.000000,80.004614,0,0,-1,-1,103.010018,103.010018,0.000000,0.000000,0
b1c1s1,config1,1,FOUND INTEGER FEASIBLE,0.000000,0.548976,8,0,-1,-1,54661.150323,42089.510000,0.000000,0.000000,0
b1c1s1,config1,2,FOUND INTEGER FEASIBLE,0.000000,0.875222,7,0,-1,-1,62448.557209,42869.940000,0.000000,0.000000,0
b1c1s1,config1,3,FOUND INTEGER FEASIBLE,0.000000,0.492162,6,0,-1,-1,57804.273305,36984.280000,0.000000,0.000000,0
b1c1s1,config3,1,FOUND INTEGER FEASIBLE,0.000000,0.865131,6,0,-1,-1,60709.857800,40680.250000,0.000000,0.000000,0
b1c1s1,config3,2,FOUND INTEGER FEASIBLE,0.000000,0.955580,6,0,-1,-1,66906.353048,48317.050000,0.000000,0.000000,0
b1c1s1,config3,3,FOUND INTEGER FEASIBLE,0.000000,0.808537,6,0,-1,-1,68389.412548,42561.150000,0.000000,0.000000,0
b1c1s1,config20,1,FOUND INTEGER FEASIBLE,0.000000,0.115369,0,0,-1,-1,119162.682667,74803.520000,0.000000,0.000000,0
b1c1s1,config20,2,FOUND INTEGER FEASIBLE,0.000000,0.060311,0,0,-1,-1,119162.682667,74803.520000,0.000000,0.000000,0
b1c1s1,config20,3,FOUND INTEGER FEASIBLE,0.000000,0.102333,0,0,-1,-1,119162.682667,74803.520000,0.000000,0.000000,0
b1c1s1,config16,1,FOUND INTEGER FEASIBLE,0.298320,1.205844,6,3,0,0,68872.630000,56276.650000,0.000000,0.000000,0
b1c1s1,config16,2,FOUND INTEGER FEASIBLE,0.297194,1.098350,5,3,0,0,63212.224545,48997.950000,0.000000,0.000000,0
b1c1s1,config16,3,FOUND INTEGER FEASIBLE,0.297740,1.029123,5,3,0,0,71251.310000,54358.550000,0.000000,0.000000,0
b1c1s1,config17,1,FOUND INTEGER FEASIBLE,1.593510,1.943884,8,7,0,0,58215.660000,39996.120000,0.000000,0.000000,0
b1c1s1,config17,2,FOUND INTEGER FEASIBLE,1.626536,2.026200,7,7,0,0,62058.011454,43990.450000,0.000000,0.000000,0
b1c1s1,config17,3,FOUND INTEGER FEASIBLE,1.626125,1.980762,4,7,0,0,65242.687077,38852.450000,0.000000,0.000000,0
b1c1s1,config21,1,FOUND INTEGER FEASIBLE,0.052927,0.174100,0,0,0,0,119162.682667,74803.520000,0.000000,0.000000,0
b1c1s1,config21,2,FOUND INTEGER FEASIBLE,0.047819,0.152894,0,0,0,0,119162.682667,74803.520000,0.000000,0.000000,0
b1c1s1,config21,3,FOUND INTEGER FEASIBLE,0.053232,0.169211,0,0,0,0,119162.682667,74803.520000,0.000000,0.000000,0
b1c1s1,config23,1,FOUND INTEGER FEASIBLE,0.052613,1.200550,6,0,0,0,60709.857800,40680.250000,0.000000,0.000000,0
b1c1s1,config23,2,FOUND INTEGER FEASIBLE,0.052792,1.505661,6,0,0,0,66906.353048,48317.050000,0.000000,0.000000,0
b1c1s1,config23,3,FOUND INTEGER FEASIBLE,0.052824,1.268933,6,0,0,0,68389.412548,42561.150000,0.000000,0.000000,0
b1c1s1,config19,1,FOUND INTEGER FEASIBLE,0.000000,0.072403,0,0,-1,-1,107285.881081,74803.520000,0.000000,0.000000,0
b1c1s1,config19,2,FOUND INTEGER FEASIBLE,0.000000,0.039691,0,0,-1,-1,107285.881081,74803.520000,0.000000,0.000000,0
b1c1s1,config19,3,FOUND INTEGER FEASIBLE,0.000000,0.074257,0,0,-1,-1,107285.881081,74803.520000,0.000000,0.000000,0
b1c1s1,config18,1,FOUND INTEGER FEASIBLE,0.000000,0.086128,0,0,-1,-1,107285.881081,74803.520000,0.000000,0.000000,0
b1c1s1,config18,2,FOUND INTEGER FEASIBLE,0.000000,0.077236,0,0,-1,-1,107285.881081,74803.520000,0.000000,0.000000,0
b1c1s1,config18,3,FOUND INTEGER FEASIBLE,0.000000,0.042237,0,0,-1,-1,107285.881081,74803.520000,0.000000,0.000000,0
bab2,config1,1,FAILED TO FIND AN INTEGER FEASIBLE SOLUTION,0.000000,3600,1030,0,-1,-1,0.000000,0.000000,9.000000,5.000000,18
bab2,config1,2,FAILED TO FIND AN INTEGER FEASIBLE SOLUTION,0.000000,3600,822,0,-1,-1,0.000000,0.000000,6.000000,3.000000,12
bab2,config1,3,FAILED TO FIND AN INTEGER FEASIBLE SOLUTION,0.000000,3600,882,0,-1,-1,0.000000,0.000000,4.000000,2.000000,8
bab2,config3,1,FAILED TO FIND AN INTEGER FEASIBLE SOLUTION,0.000000,3600,987,0,-1,-1,0.000000,0.000000,9.000000,5.000000,18
bab2,config3,2,FAILED TO FIND AN INTEGER FEASIBLE SOLUTION,0.000000,3600,794,0,-1,-1,0.000000,0.000000,7.000000,3.500000,14
bab2,config3,3,FAILED TO FIND AN INTEGER FEASIBLE SOLUTION,0.000000,3600,745,0,-1,-1,0.000000,0.000000,5.000000,2.500000,10
bab2,config20,1,FAILED TO FIND AN INTEGER FEASIBLE SOLUTION,0.000000,3600,632,0,-1,-1,0.000000,0.000000,7.000000,4.000000,14
bab2,config20,2,FAILED TO FIND AN INTEGER FEASIBLE SOLUTION,0.000000,3600,599,0,-1,-1,0.000000,0.000000,14.000000,8.000000,28
bab2,config20,3,FAILED TO FIND AN INTEGER FEASIBLE SOLUTION,0.000000,3600,451,0,-1,-1,0.000000,0.000000,6.000000,3.000000,12
bab2,config16,1,FAILED TO FIND AN INTEGER FEASIBLE SOLUTION,16.369848,3600,440,3,3,2,0.000000,0.000000,7.000000,4.000000,14
bab2,config16,2,FAILED TO FIND AN INTEGER FEASIBLE SOLUTION,16.291042,3600,432,3,3,2,0.000000,0.000000,6.000000,3.500000,12
bab2,config16,3,FAILED TO FIND AN INTEGER FEASIBLE SOLUTION,16.091223,3600,679,3,3,2,0.000000,0.000000,8.000000,4.500000,16
bab2,config17,1,FAILED TO FIND AN INTEGER FEASIBLE SOLUTION,21.168637,3600,1075,12,12,1,0.000000,0.000000,12.000000,6.500000,24
bab2,config17,2,FAILED TO FIND AN INTEGER FEASIBLE SOLUTION,21.241463,3600,1045,12,12,1,0.000000,0.000000,8.000000,4.500000,16
bab2,config17,3,FAILED TO FIND AN INTEGER FEASIBLE SOLUTION,21.195300,3600,919,12,12,1,0.000000,0.000000,13.000000,6.500000,26
bab2,config21,1,FAILED TO FIND AN INTEGER FEASIBLE SOLUTION,8.517186,3600,708,13,13,1,0.000000,0.000000,6.000000,3.000000,12
bab2,config21,2,FAILED TO FIND AN INTEGER FEASIBLE SOLUTION,8.562125,3600,764,13,13,1,0.000000,0.000000,6.000000,3.000000,12
bab2,config21,3,FAILED TO FIND AN INTEGER FEASIBLE SOLUTION,8.550236,3600,755,13,13,1,0.000000,0.000000,6.000000,3.000000,12
bab2,config23,1,FAILED TO FIND AN INTEGER FEASIBLE SOLUTION,8.572522,3600,922,13,13,1,0.000000,0.000000,4.000000,2.000000,8
bab2,config23,2,FAILED TO FIND AN INTEGER FEASIBLE SOLUTION,8.585614,3600,880,13,13,1,0.000000,0.000000,6.000000,3.000000,12
bab2,config23,3,FAILED TO FIND AN INTEGER FEASIBLE SOLUTION,8.589856,3600,1044,13,13,1,0.000000,0.000000,9.000000,4.500000,18
bab2,config19,1,FOUND INTEGER FEASIBLE,0.000000,604.348418,0,0,-1,-1,-353245.650500,-353245.650500,0.000000,0.000000,0
bab2,config19,2,FOUND INTEGER FEASIBLE,0.000000,600.785008,0,0,-1,-1,-353245.650500,-353245.650500,0.000000,0.000000,0
bab2,config19,3,FOUND INTEGER FEASIBLE,0.000000,603.356714,0,0,-1,-1,-353245.650500,-353245.650500,0.000000,0.000000,0
bab2,config18,1,FOUND INTEGER FEASIBLE,0.000000,702.223727,0,0,-1,-1,-348721.385000,-348721.385000,0.000000,0.000000,0
bab2,config18,2,FOUND INTEGER FEASIBLE,0.000000,702.099746,0,0,-1,-1,-348721.385000,-348721.385000,0.000000,0.000000,0
bab2,config18,3,FOUND INTEGER FEASIBLE,0.000000,700.038366,0,0,-1,-1,-348721.385000,-348721.385000,0.000000,0.000000,0
bab6,config1,1,FOUND INTEGER FEASIBLE,0.000000,124.377453,268,0,-1,-1,-112626.455000,-112626.455000,0.000000,0.000000,0
bab6,config1,2,FOUND INTEGER FEASIBLE,0.000000,855.840592,2067,0,-1,-1,-55975.798700,-55975.798700,0.000000,0.000000,0
bab6,config1,3,FOUND INTEGER FEASIBLE,0.000000,64.466348,107,0,-1,-1,-122705.631400,-122705.631400,0.000000,0.000000,0
bab6,config3,1,FOUND INTEGER FEASIBLE,0.000000,124.998579,267,0,-1,-1,24089.926700,24089.926700,0.000000,0.000000,0
bab6,config3,2,FAILED TO FIND AN INTEGER FEASIBLE SOLUTION,0.000000,3600,8307,0,-1,-1,0.000000,0.000000,0.500000,0.500000,1
bab6,config3,3,FOUND INTEGER FEASIBLE,0.000000,64.434133,127,0,-1,-1,38953.260000,38953.260000,0.000000,0.000000,0
bab6,config20,1,FOUND INTEGER FEASIBLE,0.000000,101.849439,390,0,-1,-1,-14154.723700,-14154.723700,0.000000,0.000000,0
bab6,config20,2,FOUND INTEGER FEASIBLE,0.000000,681.636071,824,0,-1,-1,-14970.724900,-14970.724900,0.000000,0.000000,0
bab6,config20,3,FOUND INTEGER FEASIBLE,0.000000,1538.438780,6661,0,-1,-1,-14913.810900,-14913.810900,0.000000,0.000000,0
bab6,config16,1,FAILED TO FIND AN INTEGER FEASIBLE SOLUTION,7.537758,3600,11027,6,6,2,0.000000,0.000000,0.500000,0.500000,1
bab6,config16,2,FAILED TO FIND AN INTEGER FEASIBLE SOLUTION,7.553085,3600,4822,6,6,2,0.000000,0.000000,0.500000,0.500000,1
bab6,config16,3,FAILED TO FIND AN INTEGER FEASIBLE SOLUTION,7.584254,3600,2176,6,6,2,0.000000,0.000000,0.500000,0.500000,1
bab6,config17,1,FOUND INTEGER FEASIBLE,31.766615,57.079313,116,12,1,1,35284.140800,35284.140800,0.000000,0.000000,0
bab6,config17,2,FOUND INTEGER FEASIBLE,31.669242,156.725940,702,12,8,1,23981.659800,23981.659800,0.000000,0.000000,0
bab6,config17,3,FOUND INTEGER FEASIBLE,31.473984,69.089655,203,12,2,1,31953.032000,31953.032000,0.000000,0.000000,0
bab6,config21,1,FAILED TO FIND AN INTEGER FEASIBLE SOLUTION,6.015571,3600,4571,11,11,1,0.000000,0.000000,0.500000,0.500000,1
bab6,config21,2,FOUND INTEGER FEASIBLE,6.046743,167.457088,851,11,10,1,-8561.653200,-8561.653200,0.000000,0.000000,0
bab6,config21,3,FOUND INTEGER FEASIBLE,6.021152,1298.409605,3057,11,11,1,-2773.966700,-2773.966700,0.000000,0.000000,0
bab6,config23,1,FOUND INTEGER FEASIBLE,6.064235,239.338577,1128,11,11,1,-1463.789000,-1463.789000,0.000000,0.000000,0
bab6,config23,2,FOUND INTEGER FEASIBLE,6.030279,652.356686,2805,11,11,1,5839.302300,5839.302300,0.000000,0.000000,0
bab6,config23,3,FAILED TO FIND AN INTEGER FEASIBLE SOLUTION,6.040247,2701.931708,12000,11,11,1,0.000000,0.000000,0.500000,0.500000,1
bab6,config19,1,FOUND INTEGER FEASIBLE,0.000000,431.866229,0,0,-1,-1,-273869.001200,-273869.001200,0.000000,0.000000,0
bab6,config19,2,FOUND INTEGER FEASIBLE,0.000000,431.462465,0,0,-1,-1,-273869.001200,-273869.001200,0.000000,0.000000,0
bab6,config19,3,FOUND INTEGER FEASIBLE,0.000000,429.170952,0,0,-1,-1,-273869.001200,-273869.001200,0.000000,0.000000,0
bab6,config18,1,FOUND INTEGER FEASIBLE,0.000000,634.567054,0,0,-1,-1,-276028.685900,-276028.685900,0.000000,0.000000,0
bab6,config18,2,FOUND INTEGER FEASIBLE,0.000000,636.351842,0,0,-1,-1,-276028.685900,-276028.685900,0.000000,0.000000,0
bab6,config18,3,FOUND INTEGER FEASIBLE,0.000000,632.726091,0,0,-1,-1,-276028.685900,-276028.685900,0.000000,0.000000,0
beasleyC3,config1,1,FOUND INTEGER FEASIBLE,0.000000,0.091738,8,0,-1,-1,892.000000,892.000000,0.000000,0.000000,0
beasleyC3,config1,2,FOUND INTEGER FEASIBLE,0.000000,0.085999,9,0,-1,-1,865.000000,865.000000,0.000000,0.000000,0
beasleyC3,config1,3,FOUND INTEGER FEASIBLE,0.000000,0.078615,6,0,-1,-1,863.000000,863.000000,0.000000,0.000000,0
beasleyC3,config3,1,FOUND INTEGER FEASIBLE,0.000000,0.090683,8,0,-1,-1,932.000000,932.000000,0.000000,0.000000,0
beasleyC3,config3,2,FOUND INTEGER FEASIBLE,0.000000,0.096424,9,0,-1,-1,869.000000,869.000000,0.000000,0.000000,0
beasleyC3,config3,3,FOUND INTEGER FEASIBLE,0.000000,0.090663,8,0,-1,-1,887.000000,887.000000,0.000000,0.000000,0
beasleyC3,config20,1,FOUND INTEGER FEASIBLE,0.000000,0.035642,2,0,-1,-1,4882.000000,4882.000000,0.000000,0.000000,0
beasleyC3,config20,2,FOUND INTEGER FEASIBLE,0.000000,0.034767,2,0,-1,-1,4882.000000,4882.000000,0.000000,0.000000,0
beasleyC3,config20,3,FOUND INTEGER FEASIBLE,0.000000,0.034554,2,0,-1,-1,4882.000000,4882.000000,0.000000,0.000000,0
beasleyC3,config16,1,FOUND INTEGER FEASIBLE,0.039303,0.106696,7,7,0,0,929.000000,929.000000,0.000000,0.000000,0
beasleyC3,config16,2,FOUND INTEGER FEASIBLE,0.020104,0.061229,9,7,0,0,934.000000,934.000000,0.000000,0.000000,0
beasleyC3,config16,3,FOUND INTEGER FEASIBLE,0.038466,0.102512,7,7,0,0,931.000000,931.000000,0.000000,0.000000,0
beasleyC3,config17,1,FOUND INTEGER FEASIBLE,0.021638,0.058624,8,6,0,0,914.000000,914.000000,0.000000,0.000000,0
beasleyC3,config17,2,FOUND INTEGER FEASIBLE,0.021276,0.053234,8,6,0,0,928.000000,928.000000,0.000000,0.000000,0
beasleyC3,config17,3,FOUND INTEGER FEASIBLE,0.039497,0.099356,7,6,0,0,938.000000,938.000000,0.000000,0.000000,0
beasleyC3,config21,1,FOUND INTEGER FEASIBLE,0.008112,0.039266,2,4,1,1,4837.000000,4837.000000,0.000000,0.000000,0
beasleyC3,config21,2,FOUND INTEGER FEASIBLE,0.008148,0.035445,2,4,1,1,4837.000000,4837.000000,0.000000,0.000000,0
beasleyC3,config21,3,FOUND INTEGER FEASIBLE,0.013559,0.060433,2,4,1,1,4837.000000,4837.000000,0.000000,0.000000,0
beasleyC3,config23,1,FOUND INTEGER FEASIBLE,0.009091,0.065613,8,4,1,1,926.000000,926.000000,0.000000,0.000000,0
beasleyC3,config23,2,FOUND INTEGER FEASIBLE,0.013534,0.078087,9,4,1,1,879.000000,879.000000,0.000000,0.000000,0
beasleyC3,config23,3,FOUND INTEGER FEASIBLE,0.011137,0.066190,8,4,1,1,895.000000,895.000000,0.000000,0.000000,0
beasleyC3,config19,1,FOUND INTEGER FEASIBLE,0.000000,0.054759,0,0,-1,-1,954.000000,954.000000,0.000000,0.000000,0
beasleyC3,config19,2,FOUND INTEGER FEASIBLE,0.000000,0.053476,0,0,-1,-1,954.000000,954.000000,0.000000,0.000000,0
beasleyC3,config19,3,FOUND INTEGER FEASIBLE,0.000000,0.053327,0,0,-1,-1,954.000000,954.000000,0.000000,0.000000,0
beasleyC3,config18,1,FOUND INTEGER FEASIBLE,0.000000,0.047904,0,0,-1,-1,954.000000,954.000000,0.000000,0.000000,0
beasleyC3,config18,2,FOUND INTEGER FEASIBLE,0.000000,0.032800,0,0,-1,-1,954.000000,954.000000,0.000000,0.000000,0
beasleyC3,config18,3,FOUND INTEGER FEASIBLE,0.000000,0.053346,0,0,-1,-1,954.000000,954.000000,0.000000,0.000000,0
binkar10_1,config1,1,FOUND INTEGER FEASIBLE,0.000000,0.052904,2,0,-1,-1,6816.330017,6807.490014,0.000000,0.000000,0
binkar10_1,config1,2,FOUND INTEGER FEASIBLE,0.000000,0.063822,4,0,-1,-1,1007882.000065,7554.990054,0.000000,0.000000,0
binkar10_1,config1,3,FOUND INTEGER FEASIBLE,0.000000,0.110595,14,0,-1,-1,8109.120042,7684.270021,0.000000,0.000000,0
binkar10_1,config3,1,FOUND INTEGER FEASIBLE,0.000000,0.045122,1,0,-1,-1,12194.830089,11954.320088,0.000000,0.000000,0
binkar10_1,config3,2,FOUND INTEGER FEASIBLE,0.000000,0.045188,1,0,-1,-1,12222.820085,11982.310084,0.000000,0.000000,0
binkar10_1,config3,3,FOUND INTEGER FEASIBLE,0.000000,0.047064,1,0,-1,-1,12194.830089,11954.320088,0.000000,0.000000,0
binkar10_1,config20,1,FOUND INTEGER FEASIBLE,0.000000,0.063648,18,0,-1,-1,1010629.300031,9998.440012,0.000000,0.000000,0
binkar10_1,config20,2,FOUND INTEGER FEASIBLE,0.000000,0.049880,8,0,-1,-1,2011032.480051,1010204.890033,0.000000,0.000000,0
binkar10_1,config20,3,FOUND INTEGER FEASIBLE,0.000000,0.053791,13,0,-1,-1,2010645.390072,1009339.760033,0.000000,0.000000,0
binkar10_1,config16,1,FOUND INTEGER FEASIBLE,0.026900,0.081054,1,10,8,8,1007886.730064,7623.100060,0.000000,0.000000,0
binkar10_1,config16,2,FOUND INTEGER FEASIBLE,0.027098,0.085547,4,10,8,8,8462.890064,8462.890064,0.000000,0.000000,0
binkar10_1,config16,3,FOUND INTEGER FEASIBLE,0.027004,0.081618,1,10,8,8,8376.800070,8196.280065,0.000000,0.000000,0
binkar10_1,config17,1,FOUND INTEGER FEASIBLE,0.019465,0.049843,3,2,0,0,12156.380066,11965.230060,0.000000,0.000000,0
binkar10_1,config17,2,FOUND INTEGER FEASIBLE,0.019604,0.049900,3,2,0,0,12156.380066,11965.230060,0.000000,0.000000,0
binkar10_1,config17,3,FOUND INTEGER FEASIBLE,0.019614,0.049743,3,2,0,0,12156.380066,11965.230060,0.000000,0.000000,0
binkar10_1,config21,1,FOUND INTEGER FEASIBLE,0.022333,0.093825,18,7,7,7,1010629.300031,9998.440012,0.000000,0.000000,0
binkar10_1,config21,2,FOUND INTEGER FEASIBLE,0.022310,0.079473,8,7,7,7,2011032.480051,1010204.890033,0.000000,0.000000,0
binkar10_1,config21,3,FOUND INTEGER FEASIBLE,0.022351,0.086329,13,7,7,7,2010645.390072,1009339.760033,0.000000,0.000000,0
binkar10_1,config23,1,FOUND INTEGER FEASIBLE,0.022396,0.069602,1,7,7,7,12194.830089,11954.320088,0.000000,0.000000,0
binkar10_1,config23,2,FOUND INTEGER FEASIBLE,0.022445,0.069014,1,7,7,7,12222.820085,11982.310084,0.000000,0.000000,0
binkar10_1,config23,3,FOUND INTEGER FEASIBLE,0.022263,0.068951,1,7,7,7,12194.830089,11954.320088,0.000000,0.000000,0
binkar10_1,config19,1,FOUND INTEGER FEASIBLE,0.000000,0.024968,0,0,-1,-1,11857.730086,10529.910064,0.000000,0.000000,0
binkar10_1,config19,2,FOUND INTEGER FEASIBLE,0.000000,0.017768,0,0,-1,-1,11857.730086,10529.910064,0.000000,0.000000,0
binkar10_1,config19,3,FOUND INTEGER FEASIBLE,0.000000,0.022356,0,0,-1,-1,11857.730086,10529.910064,0.000000,0.000000,0
binkar10_1,config18,1,FOUND INTEGER FEASIBLE,0.000000,0.033004,0,0,-1,-1,11857.730086,10529.910064,0.000000,0.000000,0
binkar10_1,config18,2,FOUND INTEGER FEASIBLE,0.000000,0.015642,0,0,-1,-1,11857.730086,10529.910064,0.000000,0.000000,0
binkar10_1,config18,3,FOUND INTEGER FEASIBLE,0.000000,0.011135,0,0,-1,-1,11857.730086,10529.910064,0.000000,0.000000,0
blp-ar98,config1,1,FOUND INTEGER FEASIBLE,0.000000,3.054592,18,0,-1,-1,19065.451410,19065.451410,0.000000,0.000000,0
blp-ar98,config1,2,FOUND INTEGER FEASIBLE,0.000000,1.633473,5,0,-1,-1,10302.917795,10302.917795,0.000000,0.000000,0
blp-ar98,config1,3,FOUND INTEGER FEASIBLE,0.000000,2.480664,13,0,-1,-1,13711.395533,13711.395533,0.000000,0.000000,0
blp-ar98,config3,1,FOUND INTEGER FEASIBLE,0.000000,1.240444,3,0,-1,-1,13819.339317,13819.339317,0.000000,0.000000,0
blp-ar98,config3,2,FOUND INTEGER FEASIBLE,0.000000,1.225188,3,0,-1,-1,13819.339317,13819.339317,0.000000,0.000000,0
blp-ar98,config3,3,FOUND INTEGER FEASIBLE,0.000000,1.232092,3,0,-1,-1,13728.402190,13728.402190,0.000000,0.000000,0
blp-ar98,config20,1,FOUND INTEGER FEASIBLE,0.000000,1.381864,29,0,-1,-1,21782.845154,21782.845154,0.000000,0.000000,0
blp-ar98,config20,2,FOUND INTEGER FEASIBLE,0.000000,1.088567,8,0,-1,-1,21247.395101,21247.395101,0.000000,0.000000,0
blp-ar98,config20,3,FOUND INTEGER FEASIBLE,0.000000,1.135544,11,0,-1,-1,21829.215498,21829.215498,0.000000,0.000000,0
blp-ar98,config16,1,FOUND INTEGER FEASIBLE,0.221074,1.686279,8,13,2,2,10575.189565,10575.189565,0.000000,0.000000,0
blp-ar98,config16,2,FOUND INTEGER FEASIBLE,0.220121,1.561172,5,13,2,2,9857.786174,9857.786174,0.000000,0.000000,0
blp-ar98,config16,3,FOUND INTEGER FEASIBLE,0.220040,1.617139,7,13,2,2,11244.928838,11244.928838,0.000000,0.000000,0
blp-ar98,config17,1,FOUND INTEGER FEASIBLE,0.201191,1.389931,5,11,1,1,14327.840091,14327.840091,0.000000,0.000000,0
blp-ar98,config17,2,FOUND INTEGER FEASIBLE,0.202001,1.373731,4,11,1,1,14628.194717,14628.194717,0.000000,0.000000,0
blp-ar98,config17,3,FOUND INTEGER FEASIBLE,0.201498,1.610559,13,11,1,1,16189.301328,16189.301328,0.000000,0.000000,0
blp-ar98,config21,1,FOUND INTEGER FEASIBLE,0.159468,1.983235,26,4,1,1,21094.534042,21094.534042,0.000000,0.000000,0
blp-ar98,config21,2,FOUND INTEGER FEASIBLE,0.158599,1.400670,7,4,1,1,21717.005163,21717.005163,0.000000,0.000000,0
blp-ar98,config21,3,FOUND INTEGER FEASIBLE,0.108706,0.979679,7,4,1,1,21515.364587,21515.364587,0.000000,0.000000,0
blp-ar98,config23,1,FOUND INTEGER FEASIBLE,0.159176,1.291523,3,4,1,1,13351.244971,13351.244971,0.000000,0.000000,0
blp-ar98,config23,2,FOUND INTEGER FEASIBLE,0.158707,1.285228,3,4,1,1,13351.244971,13351.244971,0.000000,0.000000,0
blp-ar98,config23,3,FOUND INTEGER FEASIBLE,0.158801,1.263749,2,4,1,1,14050.965698,14050.965698,0.000000,0.000000,0
blp-ar98,config19,1,FOUND INTEGER FEASIBLE,0.000000,5.372831,0,0,-1,-1,6874.629466,6874.629466,0.000000,0.000000,0
blp-ar98,config19,2,FOUND INTEGER FEASIBLE,0.000000,5.525967,0,0,-1,-1,6874.629466,6874.629466,0.000000,0.000000,0
blp-ar98,config19,3,FOUND INTEGER FEASIBLE,0.000000,5.549164,0,0,-1,-1,6874.629466,6874.629466,0.000000,0.000000,0
blp-ar98,config18,1,FOUND INTEGER FEASIBLE,0.000000,3.333361,0,0,-1,-1,6720.748643,6720.748643,0.000000,0.000000,0
blp-ar98,config18,2,FOUND INTEGER FEASIBLE,0.000000,3.451499,0,0,-1,-1,6720.748643,6720.748643,0.000000,0.000000,0
blp-ar98,config18,3,FOUND INTEGER FEASIBLE,0.000000,3.462854,0,0,-1,-1,6720.748643,6720.748643,0.000000,0.000000,0
blp-ic98,config1,1,FOUND INTEGER FEASIBLE,0.000000,0.980744,1,0,-1,-1,5511.407242,5511.407242,0.000000,0.000000,0
blp-ic98,config1,2,FOUND INTEGER FEASIBLE,0.000000,0.981418,1,0,-1,-1,5320.827187,5320.827187,0.000000,0.000000,0
blp-ic98,config1,3,FOUND INTEGER FEASIBLE,0.000000,0.976247,1,0,-1,-1,7269.446915,7269.446915,0.000000,0.000000,0
blp-ic98,config3,1,FOUND INTEGER FEASIBLE,0.000000,0.881972,1,0,-1,-1,10804.704802,10804.704802,0.000000,0.000000,0
blp-ic98,config3,2,FOUND INTEGER FEASIBLE,0.000000,0.906489,2,0,-1,-1,10327.058690,10327.058690,0.000000,0.000000,0
blp-ic98,config3,3,FOUND INTEGER FEASIBLE,0.000000,0.885177,1,0,-1,-1,13082.740778,13082.740778,0.000000,0.000000,0
blp-ic98,config20,1,FOUND INTEGER FEASIBLE,0.000000,0.901415,1,0,-1,-1,20595.962386,20595.962386,0.000000,0.000000,0
blp-ic98,config20,2,FOUND INTEGER FEASIBLE,0.000000,0.844918,1,0,-1,-1,20050.990598,20050.990598,0.000000,0.000000,0
blp-ic98,config20,3,FOUND INTEGER FEASIBLE,0.000000,0.843243,1,0,-1,-1,20595.962386,20595.962386,0.000000,0.000000,0
blp-ic98,config16,1,FOUND INTEGER FEASIBLE,0.247492,0.956077,3,11,0,0,7398.526069,7398.526069,0.000000,0.000000,0
blp-ic98,config16,2,FOUND INTEGER FEASIBLE,0.246976,0.918655,3,11,0,0,6149.847827,6149.847827,0.000000,0.000000,0
blp-ic98,config16,3,FOUND INTEGER FEASIBLE,0.247053,0.915788,3,11,0,0,6503.618907,6503.618907,0.000000,0.000000,0
blp-ic98,config17,1,FOUND INTEGER FEASIBLE,0.104190,0.863897,1,9,0,0,8673.286549,8673.286549,0.000000,0.000000,0
blp-ic98,config17,2,FOUND INTEGER FEASIBLE,0.131259,0.994893,1,9,0,0,8673.286549,8673.286549,0.000000,0.000000,0
blp-ic98,config17,3,FOUND INTEGER FEASIBLE,0.131561,0.991071,1,9,0,0,8673.286549,8673.286549,0.000000,0.000000,0
blp-ic98,config21,1,FOUND INTEGER FEASIBLE,0.141093,1.184580,0,2,1,1,19921.109211,19921.109211,0.000000,0.000000,0
blp-ic98,config21,2,FOUND INTEGER FEASIBLE,0.140556,1.177762,0,2,1,1,19921.109211,19921.109211,0.000000,0.000000,0
blp-ic98,config21,3,FOUND INTEGER FEASIBLE,0.140993,1.182739,0,2,1,1,19921.109211,19921.109211,0.000000,0.000000,0
blp-ic98,config23,1,FOUND INTEGER FEASIBLE,0.140922,1.196770,1,2,1,1,9246.042306,9246.042306,0.000000,0.000000,0
blp-ic98,config23,2,FOUND INTEGER FEASIBLE,0.140940,1.202772,1,2,1,1,10240.909931,10240.909931,0.000000,0.000000,0
blp-ic98,config23,3,FOUND INTEGER FEASIBLE,0.141252,1.201417,1,2,1,1,11078.330182,11078.330182,0.000000,0.000000,0
blp-ic98,config19,1,FOUND INTEGER FEASIBLE,0.000000,0.941301,0,0,-1,-1,19051.033274,19051.033274,0.000000,0.000000,0
blp-ic98,config19,2,FOUND INTEGER FEASIBLE,0.000000,0.892245,0,0,-1,-1,19051.033274,19051.033274,0.000000,0.000000,0
blp-ic98,config19,3,FOUND INTEGER FEASIBLE,0.000000,0.886084,0,0,-1,-1,19051.033274,19051.033274,0.000000,0.000000,0
blp-ic98,config18,1,FOUND INTEGER FEASIBLE,0.000000,0.977849,0,0,-1,-1,19051.033274,19051.033274,0.000000,0.000000,0
blp-ic98,config18,2,FOUND INTEGER FEASIBLE,0.000000,0.899084,0,0,-1,-1,19051.033274,19051.033274,0.000000,0.000000,0
blp-ic98,config18,3,FOUND INTEGER FEASIBLE,0.000000,0.891389,0,0,-1,-1,19051.033274,19051.033274,0.000000,0.000000,0
bnatt400,config1,1,FAILED TO FIND AN INTEGER FEASIBLE SOLUTION,0.000000,466.736719,12000,0,-1,-1,0.000000,0.000000,8.479233,11.241138,76
bnatt400,config1,2,FAILED TO FIND AN INTEGER FEASIBLE SOLUTION,0.000000,474.053195,12000,0,-1,-1,0.000000,0.000000,7.249008,10.272817,37
bnatt400,config1,3,FAILED TO FIND AN INTEGER FEASIBLE SOLUTION,0.000000,477.700571,12000,0,-1,-1,0.000000,0.000000,6.621429,8.669048,34
bnatt400,config3,1,FAILED TO FIND AN INTEGER FEASIBLE SOLUTION,0.000000,469.224707,12000,0,-1,-1,0.000000,0.000000,6.500000,7.833333,18
bnatt400,config3,2,FAILED TO FIND AN INTEGER FEASIBLE SOLUTION,0.000000,471.782802,12000,0,-1,-1,0.000000,0.000000,6.688889,8.255556,40
bnatt400,config3,3,FAILED TO FIND AN INTEGER FEASIBLE SOLUTION,0.000000,461.307296,12000,0,-1,-1,0.000000,0.000000,6.273968,9.440317,62
bnatt400,config20,1,FAILED TO FIND AN INTEGER FEASIBLE SOLUTION,0.000000,675.540787,12000,0,-1,-1,0.000000,0.000000,6.646892,10.480225,57
bnatt400,config20,2,FAILED TO FIND AN INTEGER FEASIBLE SOLUTION,0.000000,654.006356,12000,0,-1,-1,0.000000,0.000000,6.344444,9.344444,25
bnatt400,config20,3,FAILED TO FIND AN INTEGER FEASIBLE SOLUTION,0.000000,667.781557,12000,0,-1,-1,0.000000,0.000000,5.316138,8.554233,32
bnatt400,config16,1,FAILED TO FIND AN INTEGER FEASIBLE SOLUTION,1.186833,654.749220,12000,12,12,12,0.000000,0.000000,8.479233,11.241138,76
bnatt400,config16,2,FAILED TO FIND AN INTEGER FEASIBLE SOLUTION,1.183278,662.458954,12000,12,12,12,0.000000,0.000000,7.249008,10.272817,37
bnatt400,config16,3,FAILED TO FIND AN INTEGER FEASIBLE SOLUTION,1.184536,669.034138,12000,12,12,12,0.000000,0.000000,6.621429,8.669048,34
bnatt400,config17,1,FAILED TO FIND AN INTEGER FEASIBLE SOLUTION,1.476594,659.900868,12000,12,12,2,0.000000,0.000000,5.276852,6.776852,48
bnatt400,config17,2,FAILED TO FIND AN INTEGER FEASIBLE SOLUTION,1.482633,678.800022,12000,12,12,2,0.000000,0.000000,7.228571,8.228571,55
bnatt400,config17,3,FAILED TO FIND AN INTEGER FEASIBLE SOLUTION,1.482815,688.314047,12000,12,12,2,0.000000,0.000000,7.697778,11.897778,50
bnatt400,config21,1,FAILED TO FIND AN INTEGER FEASIBLE SOLUTION,0.117652,679.000258,12000,13,13,12,0.000000,0.000000,4.352381,6.685714,31
bnatt400,config21,2,FAILED TO FIND AN INTEGER FEASIBLE SOLUTION,0.117674,663.480105,12000,13,13,12,0.000000,0.000000,8.083333,12.416667,34
bnatt400,config21,3,FAILED TO FIND AN INTEGER FEASIBLE SOLUTION,0.060717,685.298583,12000,13,13,12,0.000000,0.000000,7.096296,10.096296,37
bnatt400,config23,1,FAILED TO FIND AN INTEGER FEASIBLE SOLUTION,0.118587,682.985775,12000,13,13,12,0.000000,0.000000,7.217639,11.550972,66
bnatt400,config23,2,FAILED TO FIND AN INTEGER FEASIBLE SOLUTION,0.118726,680.562176,12000,13,13,12,0.000000,0.000000,6.522685,9.633796,44
bnatt400,config23,3,FAILED TO FIND AN INTEGER FEASIBLE SOLUTION,0.123334,662.431246,12000,13,13,12,0.000000,0.000000,3.327778,6.327778,20
bnatt400,config19,1,FAILED TO FIND AN INTEGER FEASIBLE SOLUTION,0.000000,3600,0,0,-1,-1,0.000000,0.000000,inf,inf,0
bnatt400,config19,2,FAILED TO FIND AN INTEGER FEASIBLE SOLUTION,0.000000,3600,0,0,-1,-1,0.000000,0.000000,inf,inf,0
bnatt400,config19,3,FAILED TO FIND AN INTEGER FEASIBLE SOLUTION,0.000000,3600,0,0,-1,-1,0.000000,0.000000,inf,inf,0
bnatt400,config18,1,FAILED TO FIND AN INTEGER FEASIBLE SOLUTION,0.000000,3600,0,0,-1,-1,0.000000,0.000000,inf,inf,0
bnatt400,config18,2,FAILED TO FIND AN INTEGER FEASIBLE SOLUTION,0.000000,3600,0,0,-1,-1,0.000000,0.000000,inf,inf,0
bnatt400,config18,3,FAILED TO FIND AN INTEGER FEASIBLE SOLUTION,0.000000,3600,0,0,-1,-1,0.000000,0.000000,inf,inf,0
bppc4-08,config1,1,FOUND INTEGER FEASIBLE,0.000000,0.101278,1,0,-1,-1,80.000000,80.000000,0.000000,0.000000,0
bppc4-08,config1,2,FOUND INTEGER FEASIBLE,0.000000,0.102749,1,0,-1,-1,76.000000,76.000000,0.000000,0.000000,0
bppc4-08,config1,3,FOUND INTEGER FEASIBLE,0.000000,0.102274,1,0,-1,-1,98.000000,98.000000,0.000000,0.000000,0
bppc4-08,config3,1,FOUND INTEGER FEASIBLE,0.000000,0.054841,0,0,-1,-1,5159.000000,290.000000,0.000000,0.000000,0
bppc4-08,config3,2,FOUND INTEGER FEASIBLE,0.000000,0.055130,0,0,-1,-1,5159.000000,290.000000,0.000000,0.000000,0
bppc4-08,config3,3,FOUND INTEGER FEASIBLE,0.000000,0.054957,0,0,-1,-1,5159.000000,290.000000,0.000000,0.000000,0
bppc4-08,config20,1,FOUND INTEGER FEASIBLE,0.000000,0.045509,0,0,-1,-1,5159.000000,290.000000,0.000000,0.000000,0
bppc4-08,config20,2,FOUND INTEGER FEASIBLE,0.000000,0.040386,0,0,-1,-1,5159.000000,290.000000,0.000000,0.000000,0
bppc4-08,config20,3,FOUND INTEGER FEASIBLE,0.000000,0.040071,0,0,-1,-1,5159.000000,290.000000,0.000000,0.000000,0
bppc4-08,config16,1,FOUND INTEGER FEASIBLE,0.106801,0.269163,1,10,0,0,97.000000,97.000000,0.000000,0.000000,0
bppc4-08,config16,2,FOUND INTEGER FEASIBLE,0.105862,0.257823,1,10,0,0,97.000000,97.000000,0.000000,0.000000,0
bppc4-08,config16,3,FOUND INTEGER FEASIBLE,0.106452,0.262356,1,10,0,0,111.000000,111.000000,0.000000,0.000000,0
bppc4-08,config17,1,FOUND INTEGER FEASIBLE,0.003143,0.062995,0,0,0,0,5159.000000,290.000000,0.000000,0.000000,0
bppc4-08,config17,2,FOUND INTEGER FEASIBLE,0.003070,0.061562,0,0,0,0,5159.000000,290.000000,0.000000,0.000000,0
bppc4-08,config17,3,FOUND INTEGER FEASIBLE,0.003100,0.061322,0,0,0,0,5159.000000,290.000000,0.000000,0.000000,0
bppc4-08,config21,1,FOUND INTEGER FEASIBLE,0.003116,0.062940,0,0,0,0,5159.000000,290.000000,0.000000,0.000000,0
bppc4-08,config21,2,FOUND INTEGER FEASIBLE,0.003137,0.062520,0,0,0,0,5159.000000,290.000000,0.000000,0.000000,0
bppc4-08,config21,3,FOUND INTEGER FEASIBLE,0.003080,0.062917,0,0,0,0,5159.000000,290.000000,0.000000,0.000000,0
bppc4-08,config23,1,FOUND INTEGER FEASIBLE,0.003114,0.062584,0,0,0,0,5159.000000,290.000000,0.000000,0.000000,0
bppc4-08,config23,2,FOUND INTEGER FEASIBLE,0.003059,0.063405,0,0,0,0,5159.000000,290.000000,0.000000,0.000000,0
bppc4-08,config23,3,FOUND INTEGER FEASIBLE,0.003106,0.061825,0,0,0,0,5159.000000,290.000000,0.000000,0.000000,0
bppc4-08,config19,1,FOUND INTEGER FEASIBLE,0.000000,0.038717,0,0,-1,-1,298.000000,298.000000,0.000000,0.000000,0
bppc4-08,config19,2,FOUND INTEGER FEASIBLE,0.000000,0.032496,0,0,-1,-1,298.000000,298.000000,0.000000,0.000000,0
bppc4-08,config19,3,FOUND INTEGER FEASIBLE,0.000000,0.020614,0,0,-1,-1,298.000000,298.000000,0.000000,0.000000,0
bppc4-08,config18,1,FOUND INTEGER FEASIBLE,0.000000,0.037437,0,0,-1,-1,298.000000,298.000000,0.000000,0.000000,0
bppc4-08,config18,2,FOUND INTEGER FEASIBLE,0.000000,0.022575,0,0,-1,-1,298.000000,298.000000,0.000000,0.000000,0
bppc4-08,config18,3,FOUND INTEGER FEASIBLE,0.000000,0.029840,0,0,-1,-1,298.000000,298.000000,0.000000,0.000000,0
brazil3,config1,1,FOUND INTEGER FEASIBLE,0.000000,11.554521,10,0,-1,-1,177.000000,177.000000,0.000000,0.000000,0
brazil3,config1,2,FOUND INTEGER FEASIBLE,0.000000,6.918579,5,0,-1,-1,204.000000,204.000000,0.000000,0.000000,0
brazil3,config1,3,FOUND INTEGER FEASIBLE,0.000000,12.835890,8,0,-1,-1,190.000000,190.000000,0.000000,0.000000,0
brazil3,config3,1,FOUND INTEGER FEASIBLE,0.000000,23.513369,16,0,-1,-1,274.000000,274.000000,0.000000,0.000000,0
brazil3,config3,2,FOUND INTEGER FEASIBLE,0.000000,16.788464,11,0,-1,-1,195.000000,195.000000,0.000000,0.000000,0
brazil3,config3,3,FOUND INTEGER FEASIBLE,0.000000,9.928219,8,0,-1,-1,199.000000,199.000000,0.000000,0.000000,0
brazil3,config20,1,FOUND INTEGER FEASIBLE,0.000000,2.681913,4,0,-1,-1,428.000000,428.000000,0.000000,0.000000,0
brazil3,config20,2,FOUND INTEGER FEASIBLE,0.000000,2.671239,5,0,-1,-1,428.000000,428.000000,0.000000,0.000000,0
brazil3,config20,3,FOUND INTEGER FEASIBLE,0.000000,3.350696,5,0,-1,-1,434.000000,434.000000,0.000000,0.000000,0
brazil3,config16,1,FOUND INTEGER FEASIBLE,0.720224,12.007241,10,13,13,13,177.000000,177.000000,0.000000,0.000000,0
brazil3,config16,2,FOUND INTEGER FEASIBLE,0.717095,7.328400,5,13,13,13,204.000000,204.000000,0.000000,0.000000,0
brazil3,config16,3,FOUND INTEGER FEASIBLE,0.366069,12.163414,8,13,13,13,190.000000,190.000000,0.000000,0.000000,0
brazil3,config17,1,FOUND INTEGER FEASIBLE,0.592327,23.788704,16,13,13,13,274.000000,274.000000,0.000000,0.000000,0
brazil3,config17,2,FOUND INTEGER FEASIBLE,0.590871,17.063066,11,13,13,13,195.000000,195.000000,0.000000,0.000000,0
brazil3,config17,3,FOUND INTEGER FEASIBLE,0.591544,10.245006,8,13,13,13,199.000000,199.000000,0.000000,0.000000,0
brazil3,config21,1,FOUND INTEGER FEASIBLE,0.226824,4.772076,4,13,13,13,428.000000,428.000000,0.000000,0.000000,0
brazil3,config21,2,FOUND INTEGER FEASIBLE,0.115636,3.790411,5,13,13,13,428.000000,428.000000,0.000000,0.000000,0
brazil3,config21,3,FOUND INTEGER FEASIBLE,0.226030,6.135026,5,13,13,13,434.000000,434.000000,0.000000,0.000000,0
brazil3,config23,1,FOUND INTEGER FEASIBLE,0.226179,25.261178,16,13,13,13,274.000000,274.000000,0.000000,0.000000,0
brazil3,config23,2,FOUND INTEGER FEASIBLE,0.226000,17.588345,11,13,13,13,195.000000,195.000000,0.000000,0.000000,0
brazil3,config23,3,FOUND INTEGER FEASIBLE,0.225765,10.742596,8,13,13,13,199.000000,199.000000,0.000000,0.000000,0
brazil3,config19,1,FOUND INTEGER FEASIBLE,0.000000,86.083981,0,0,-1,-1,72.000000,72.000000,0.000000,0.000000,0
brazil3,config19,2,FOUND INTEGER FEASIBLE,0.000000,87.299870,0,0,-1,-1,72.000000,72.000000,0.000000,0.000000,0
brazil3,config19,3,FOUND INTEGER FEASIBLE,0.000000,86.380478,0,0,-1,-1,72.000000,72.000000,0.000000,0.000000,0
brazil3,config18,1,FOUND INTEGER FEASIBLE,0.000000,36.104552,0,0,-1,-1,72.000000,72.000000,0.000000,0.000000,0
brazil3,config18,2,FOUND INTEGER FEASIBLE,0.000000,36.098820,0,0,-1,-1,72.000000,72.000000,0.000000,0.000000,0
brazil3,config18,3,FOUND INTEGER FEASIBLE,0.000000,36.235560,0,0,-1,-1,72.000000,72.000000,0.000000,0.000000,0
buildingenergy,config1,1,FOUND INTEGER FEASIBLE,0.000000,178.997037,1,0,-1,-1,35858.099763,33672.088512,0.000000,0.000000,0
buildingenergy,config1,2,FOUND INTEGER FEASIBLE,0.000000,176.079823,1,0,-1,-1,36235.069913,33749.449207,0.000000,0.000000,0
buildingenergy,config1,3,FOUND INTEGER FEASIBLE,0.000000,132.441434,1,0,-1,-1,36219.020501,33527.853408,0.000000,0.000000,0
buildingenergy,config3,1,FOUND INTEGER FEASIBLE,0.000000,4.184312,1,0,-1,-1,15802658.531228,14253353.470356,0.000000,0.000000,0
buildingenergy,config3,2,FOUND INTEGER FEASIBLE,0.000000,4.149518,1,0,-1,-1,15802934.276210,14253629.220426,0.000000,0.000000,0
buildingenergy,config3,3,FOUND INTEGER FEASIBLE,0.000000,4.174574,1,0,-1,-1,15802934.276210,14253629.220426,0.000000,0.000000,0
buildingenergy,config20,1,FOUND INTEGER FEASIBLE,0.000000,5.085450,1,0,-1,-1,15802658.531228,14253353.470356,0.000000,0.000000,0
buildingenergy,config20,2,FOUND INTEGER FEASIBLE,0.000000,5.135828,1,0,-1,-1,15802934.276210,14253629.220426,0.000000,0.000000,0
buildingenergy,config20,3,FOUND INTEGER FEASIBLE,0.000000,5.150359,1,0,-1,-1,15802934.276210,14253629.220426,0.000000,0.000000,0
buildingenergy,config16,1,FOUND INTEGER FEASIBLE,0.000016,179.353599,1,0,0,0,35858.099763,33672.088512,0.000000,0.000000,0
buildingenergy,config16,2,FOUND INTEGER FEASIBLE,0.000020,177.496032,1,0,0,0,36235.069913,33749.449207,0.000000,0.000000,0
buildingenergy,config16,3,FOUND INTEGER FEASIBLE,0.000017,134.810253,1,0,0,0,36219.020501,33527.853408,0.000000,0.000000,0
buildingenergy,config17,1,FOUND INTEGER FEASIBLE,0.000013,4.012870,1,0,0,0,15802658.531228,14253353.470356,0.000000,0.000000,0
buildingenergy,config17,2,FOUND INTEGER FEASIBLE,0.000018,4.902689,1,0,0,0,15802934.276210,14253629.220426,0.000000,0.000000,0
buildingenergy,config17,3,FOUND INTEGER FEASIBLE,0.000017,4.877387,1,0,0,0,15802934.276210,14253629.220426,0.000000,0.000000,0
buildingenergy,config21,1,FOUND INTEGER FEASIBLE,0.000018,4.908588,1,0,0,0,15802658.531228,14253353.470356,0.000000,0.000000,0
buildingenergy,config21,2,FOUND INTEGER FEASIBLE,0.000018,4.886047,1,0,0,0,15802934.276210,14253629.220426,0.000000,0.000000,0
buildingenergy,config21,3,FOUND INTEGER FEASIBLE,0.000018,4.906892,1,0,0,0,15802934.276210,14253629.220426,0.000000,0.000000,0
buildingenergy,config23,1,FOUND INTEGER FEASIBLE,0.000018,4.871446,1,0,0,0,15802658.531228,14253353.470356,0.000000,0.000000,0
buildingenergy,config23,2,FOUND INTEGER FEASIBLE,0.000017,4.909998,1,0,0,0,15802934.276210,14253629.220426,0.000000,0.000000,0
buildingenergy,config23,3,FOUND INTEGER FEASIBLE,0.000017,4.844999,1,0,0,0,15802934.276210,14253629.220426,0.000000,0.000000,0
buildingenergy,config19,1,FOUND INTEGER FEASIBLE,0.000000,0.718287,0,0,-1,-1,8142244.272363,7357805.226506,0.000000,0.000000,0
buildingenergy,config19,2,FOUND INTEGER FEASIBLE,0.000000,0.398639,0,0,-1,-1,8142244.272363,7357805.226506,0.000000,0.000000,0
buildingenergy,config19,3,FOUND INTEGER FEASIBLE,0.000000,0.544118,0,0,-1,-1,8142244.272363,7357805.226506,0.000000,0.000000,0
buildingenergy,config18,1,FOUND INTEGER FEASIBLE,0.000000,0.616149,0,0,-1,-1,8142244.272363,7357805.226506,0.000000,0.000000,0
buildingenergy,config18,2,FOUND INTEGER FEASIBLE,0.000000,0.540749,0,0,-1,-1,8142244.272363,7357805.226506,0.000000,0.000000,0
buildingenergy,config18,3,FOUND INTEGER FEASIBLE,0.000000,0.535123,0,0,-1,-1,8142244.272363,7357805.226506,0.000000,0.000000,0
cbs-cta,config1,1,FOUND INTEGER FEASIBLE,0.000000,0.562545,1,0,-1,-1,145749.848543,56230.801549,0.000000,0.000000,0
cbs-cta,config1,2,FOUND INTEGER FEASIBLE,0.000000,0.567165,1,0,-1,-1,164401.817329,55842.373196,0.000001,0.000000,0
cbs-cta,config1,3,FOUND INTEGER FEASIBLE,0.000000,0.563139,1,0,-1,-1,426500.129140,56015.008020,0.000000,0.000000,0
cbs-cta,config3,1,FOUND INTEGER FEASIBLE,0.000000,0.255012,0,0,-1,-1,30953468173.624607,10364883.208225,0.000000,0.000000,0
cbs-cta,config3,2,FOUND INTEGER FEASIBLE,0.000000,0.253026,0,0,-1,-1,30953468173.624607,10364883.208225,0.000000,0.000000,0
cbs-cta,config3,3,FOUND INTEGER FEASIBLE,0.000000,0.252372,0,0,-1,-1,30953468173.624607,10364883.208225,0.000000,0.000000,0
cbs-cta,config20,1,FOUND INTEGER FEASIBLE,0.000000,0.248958,0,0,-1,-1,30083482285.189465,908924466.663873,0.000000,0.000000,0
cbs-cta,config20,2,FOUND INTEGER FEASIBLE,0.000000,0.158780,0,0,-1,-1,30083482285.189465,908924466.663873,0.000000,0.000000,0
cbs-cta,config20,3,FOUND INTEGER FEASIBLE,0.000000,0.237746,0,0,-1,-1,30083482285.189465,908924466.663873,0.000000,0.000000,0
cbs-cta,config16,1,FOUND INTEGER FEASIBLE,0.300663,1.094595,2,10,0,0,121700.625920,54077.375373,0.000000,0.000000,0
cbs-cta,config16,2,FOUND INTEGER FEASIBLE,0.305164,1.066764,2,10,0,0,466136.086191,58792.625032,0.000000,0.000000,0
cbs-cta,config16,3,FOUND INTEGER FEASIBLE,0.300525,0.991858,2,10,0,0,1002624.405878,54250.010196,0.000000,0.000000,0
cbs-cta,config17,1,FOUND INTEGER FEASIBLE,0.084840,0.373018,0,0,0,0,30953468173.624607,10364883.208225,0.000000,0.000000,0
cbs-cta,config17,2,FOUND INTEGER FEASIBLE,0.084700,0.372557,0,0,0,0,30953468173.624607,10364883.208225,0.000000,0.000000,0
cbs-cta,config17,3,FOUND INTEGER FEASIBLE,0.084532,0.372849,0,0,0,0,30953468173.624607,10364883.208225,0.000000,0.000000,0
cbs-cta,config21,1,FOUND INTEGER FEASIBLE,0.087753,0.376759,0,0,0,0,30083482285.189465,908924466.663873,0.000000,0.000000,0
cbs-cta,config21,2,FOUND INTEGER FEASIBLE,0.088073,0.379528,0,0,0,0,30083482285.189465,908924466.663873,0.000000,0.000000,0
cbs-cta,config21,3,FOUND INTEGER FEASIBLE,0.087458,0.377048,0,0,0,0,30083482285.189465,908924466.663873,0.000000,0.000000,0
cbs-cta,config23,1,FOUND INTEGER FEASIBLE,0.087648,0.376172,0,0,0,0,30953468173.624607,10364883.208225,0.000000,0.000000,0
cbs-cta,config23,2,FOUND INTEGER FEASIBLE,0.088103,0.377812,0,0,0,0,30953468173.624607,10364883.208225,0.000000,0.000000,0
cbs-cta,config23,3,FOUND INTEGER FEASIBLE,0.087185,0.375121,0,0,0,0,30953468173.624607,10364883.208225,0.000000,0.000000,0
cbs-cta,config19,1,FOUND INTEGER FEASIBLE,0.000000,0.165457,0,0,-1,-1,9682394075.985462,10364883.208225,0.000000,0.000000,0
cbs-cta,config19,2,FOUND INTEGER FEASIBLE,0.000000,0.090432,0,0,-1,-1,9682394075.985462,10364883.208225,0.000000,0.000000,0
cbs-cta,config19,3,FOUND INTEGER FEASIBLE,0.000000,0.140956,0,0,-1,-1,9682394075.985462,10364883.208225,0.000000,0.000000,0
cbs-cta,config18,1,FOUND INTEGER FEASIBLE,0.000000,0.164109,0,0,-1,-1,9682394075.985462,10364883.208225,0.000000,0.000000,0
cbs-cta,config18,2,FOUND INTEGER FEASIBLE,0.000000,0.087073,0,0,-1,-1,9682394075.985462,10364883.208225,0.000000,0.000000,0
cbs-cta,config18,3,FOUND INTEGER FEASIBLE,0.000000,0.141934,0,0,-1,-1,9682394075.985462,10364883.208225,0.000000,0.000000,0
chromaticindex1024-7,config1,1,FOUND INTEGER FEASIBLE,0.000000,78.236386,1,0,-1,-1,4.000000,4.000000,0.000000,0.000000,0
chromaticindex1024-7,config1,2,FOUND INTEGER FEASIBLE,0.000000,84.299654,1,0,-1,-1,4.000000,4.000000,0.000000,0.000000,0
chromaticindex1024-7,config1,3,FOUND INTEGER FEASIBLE,0.000000,85.498904,1,0,-1,-1,4.000000,4.000000,0.000000,0.000000,0
chromaticindex1024-7,config3,1,FOUND INTEGER FEASIBLE,0.000000,83.389324,1,0,-1,-1,4.000000,4.000000,0.000000,0.000000,0
chromaticindex1024-7,config3,2,FOUND INTEGER FEASIBLE,0.000000,99.905497,1,0,-1,-1,4.000000,4.000000,0.000000,0.000000,0
chromaticindex1024-7,config3,3,FOUND INTEGER FEASIBLE,0.000000,102.237928,1,0,-1,-1,4.000000,4.000000,0.000000,0.000000,0
chromaticindex1024-7,config20,1,FOUND INTEGER FEASIBLE,0.000000,5.123224,1,0,-1,-1,4.000000,4.000000,0.000000,0.000000,0
chromaticindex1024-7,config20,2,FOUND INTEGER FEASIBLE,0.000000,5.313355,2,0,-1,-1,4.000000,4.000000,0.000000,0.000000,0
chromaticindex1024-7,config20,3,FOUND INTEGER FEASIBLE,0.000000,5.122467,1,0,-1,-1,4.000000,4.000000,0.000000,0.000000,0
chromaticindex1024-7,config16,1,FOUND INTEGER FEASIBLE,105.698157,110.378602,2,10,5,5,4.000000,4.000000,0.000000,0.000000,0
chromaticindex1024-7,config16,2,FOUND INTEGER FEASIBLE,106.238522,111.267245,4,10,5,5,4.000000,4.000000,0.000000,0.000000,0
chromaticindex1024-7,config16,3,FOUND INTEGER FEASIBLE,105.713823,110.746040,4,10,5,5,4.000000,4.000000,0.000000,0.000000,0
chromaticindex1024-7,config17,1,FOUND INTEGER FEASIBLE,78.468185,83.043163,1,10,5,5,4.000000,4.000000,0.000000,0.000000,0
chromaticindex1024-7,config17,2,FOUND INTEGER FEASIBLE,78.579053,83.220223,2,10,5,5,4.000000,4.000000,0.000000,0.000000,0
chromaticindex1024-7,config17,3,FOUND INTEGER FEASIBLE,78.467701,83.045261,1,10,5,5,4.000000,4.000000,0.000000,0.000000,0
chromaticindex1024-7,config21,1,FOUND INTEGER FEASIBLE,1.821374,142.202504,326,12,12,8,4.000000,4.000000,0.000000,0.000000,0
chromaticindex1024-7,config21,2,FOUND INTEGER FEASIBLE,1.815265,141.376859,329,12,12,8,4.000000,4.000000,0.000000,0.000000,0
chromaticindex1024-7,config21,3,FOUND INTEGER FEASIBLE,1.819562,142.262524,330,12,12,8,4.000000,4.000000,0.000000,0.000000,0
chromaticindex1024-7,config23,1,FOUND INTEGER FEASIBLE,1.843622,144.092574,328,12,12,8,4.000000,4.000000,0.000000,0.000000,0
chromaticindex1024-7,config23,2,FOUND INTEGER FEASIBLE,1.824796,142.606543,329,12,12,8,4.000000,4.000000,0.000000,0.000000,0
chromaticindex1024-7,config23,3,FOUND INTEGER FEASIBLE,1.831846,143.416459,330,12,12,8,4.000000,4.000000,0.000000,0.000000,0
chromaticindex1024-7,config19,1,FOUND INTEGER FEASIBLE,0.000000,4.054043,0,0,-1,-1,4.000000,4.000000,0.000000,0.000000,0
chromaticindex1024-7,config19,2,FOUND INTEGER FEASIBLE,0.000000,4.034871,0,0,-1,-1,4.000000,4.000000,0.000000,0.000000,0
chromaticindex1024-7,config19,3,FOUND INTEGER FEASIBLE,0.000000,4.044140,0,0,-1,-1,4.000000,4.000000,0.000000,0.000000,0
chromaticindex1024-7,config18,1,FOUND INTEGER FEASIBLE,0.000000,4.020655,0,0,-1,-1,4.000000,4.000000,0.000000,0.000000,0
chromaticindex1024-7,config18,2,FOUND INTEGER FEASIBLE,0.000000,4.041417,0,0,-1,-1,4.000000,4.000000,0.000000,0.000000,0
chromaticindex1024-7,config18,3,FOUND INTEGER FEASIBLE,0.000000,4.011965,0,0,-1,-1,4.000000,4.000000,0.000000,0.000000,0
chromaticindex512-7,config1,1,FOUND INTEGER FEASIBLE,0.000000,21.743980,1,0,-1,-1,4.000000,4.000000,0.000000,0.000000,0
chromaticindex512-7,config1,2,FOUND INTEGER FEASIBLE,0.000000,23.526236,1,0,-1,-1,4.000000,4.000000,0.000000,0.000000,0
chromaticindex512-7,config1,3,FOUND INTEGER FEASIBLE,0.000000,25.669562,1,0,-1,-1,4.000000,4.000000,0.000000,0.000000,0
chromaticindex512-7,config3,1,FOUND INTEGER FEASIBLE,0.000000,17.869992,1,0,-1,-1,4.000000,4.000000,0.000000,0.000000,0
chromaticindex512-7,config3,2,FOUND INTEGER FEASIBLE,0.000000,20.217106,1,0,-1,-1,4.000000,4.000000,0.000000,0.000000,0
chromaticindex512-7,config3,3,FOUND INTEGER FEASIBLE,0.000000,23.544584,1,0,-1,-1,4.000000,4.000000,0.000000,0.000000,0
chromaticindex512-7,config20,1,FOUND INTEGER FEASIBLE,0.000000,2.743159,1,0,-1,-1,4.000000,4.000000,0.000000,0.000000,0
chromaticindex512-7,config20,2,FOUND INTEGER FEASIBLE,0.000000,2.714726,1,0,-1,-1,4.000000,4.000000,0.000000,0.000000,0
chromaticindex512-7,config20,3,FOUND INTEGER FEASIBLE,0.000000,2.866797,2,0,-1,-1,4.000000,4.000000,0.000000,0.000000,0
chromaticindex512-7,config16,1,FOUND INTEGER FEASIBLE,25.856577,28.488024,1,10,5,5,4.000000,4.000000,0.000000,0.000000,0
chromaticindex512-7,config16,2,FOUND INTEGER FEASIBLE,27.052919,29.666354,1,10,5,5,4.000000,4.000000,0.000000,0.000000,0
chromaticindex512-7,config16,3,FOUND INTEGER FEASIBLE,25.908042,28.430072,1,10,5,5,4.000000,4.000000,0.000000,0.000000,0
chromaticindex512-7,config17,1,FOUND INTEGER FEASIBLE,23.670346,24.750473,1,10,2,2,4.000000,4.000000,0.000000,0.000000,0
chromaticindex512-7,config17,2,FOUND INTEGER FEASIBLE,23.964079,25.853991,1,10,2,2,4.000000,4.000000,0.000000,0.000000,0
chromaticindex512-7,config17,3,FOUND INTEGER FEASIBLE,23.768544,25.721707,1,10,2,2,4.000000,4.000000,0.000000,0.000000,0
chromaticindex512-7,config21,1,FOUND INTEGER FEASIBLE,0.794303,53.409772,248,12,12,9,4.000000,4.000000,0.000000,0.000000,0
chromaticindex512-7,config21,2,FOUND INTEGER FEASIBLE,0.802923,53.091868,248,12,12,9,4.000000,4.000000,0.000000,0.000000,0
chromaticindex512-7,config21,3,FOUND INTEGER FEASIBLE,1.172990,53.464101,248,12,12,9,4.000000,4.000000,0.000000,0.000000,0
chromaticindex512-7,config23,1,FOUND INTEGER FEASIBLE,0.820258,53.050670,245,12,12,9,4.000000,4.000000,0.000000,0.000000,0
chromaticindex512-7,config23,2,FOUND INTEGER FEASIBLE,0.827053,52.986332,247,12,12,9,4.000000,4.000000,0.000000,0.000000,0
chromaticindex512-7,config23,3,FOUND INTEGER FEASIBLE,0.952654,53.111053,247,12,12,9,4.000000,4.000000,0.000000,0.000000,0
chromaticindex512-7,config19,1,FOUND INTEGER FEASIBLE,0.000000,2.436869,0,0,-1,-1,4.000000,4.000000,0.000000,0.000000,0
chromaticindex512-7,config19,2,FOUND INTEGER FEASIBLE,0.000000,2.398057,0,0,-1,-1,4.000000,4.000000,0.000000,0.000000,0
chromaticindex512-7,config19,3,FOUND INTEGER FEASIBLE,0.000000,2.324231,0,0,-1,-1,4.000000,4.000000,0.000000,0.000000,0
chromaticindex512-7,config18,1,FOUND INTEGER FEASIBLE,0.000000,2.412020,0,0,-1,-1,4.000000,4.000000,0.000000,0.000000,0
chromaticindex512-7,config18,2,FOUND INTEGER FEASIBLE,0.000000,2.320630,0,0,-1,-1,4.000000,4.000000,0.000000,0.000000,0
chromaticindex512-7,config18,3,FOUND INTEGER FEASIBLE,0.000000,2.318008,0,0,-1,-1,4.000000,4.000000,0.000000,0.000000,0
cmflsp50-24-8-8,config1,1,FOUND INTEGER FEASIBLE,0.000000,599.258691,10252,0,-1,-1,68836663.325611,67642265.052100,0.000000,0.000000,0
cmflsp50-24-8-8,config1,2,FOUND INTEGER FEASIBLE,0.000000,34.540495,569,0,-1,-1,68314914.962222,67070319.918400,0.000000,0.000000,0
cmflsp50-24-8-8,config1,3,FAILED TO FIND AN INTEGER FEASIBLE SOLUTION,0.000000,684.574427,12000,0,-1,-1,0.000000,0.000000,0.356136,0.356136,10
cmflsp50-24-8-8,config3,1,FAILED TO FIND AN INTEGER FEASIBLE SOLUTION,0.000000,678.879018,12000,0,-1,-1,0.000000,0.000000,0.096209,0.096209,8
cmflsp50-24-8-8,config3,2,FAILED TO FIND AN INTEGER FEASIBLE SOLUTION,0.000000,700.372094,12000,0,-1,-1,0.000000,0.000000,0.167200,0.167200,13
cmflsp50-24-8-8,config3,3,FAILED TO FIND AN INTEGER FEASIBLE SOLUTION,0.000000,696.349341,12000,0,-1,-1,0.000000,0.000000,0.035281,0.035281,1
cmflsp50-24-8-8,config20,1,FAILED TO FIND AN INTEGER FEASIBLE SOLUTION,0.000000,537.729108,12000,0,-1,-1,0.000000,0.000000,0.103834,0.103834,5
cmflsp50-24-8-8,config20,2,FOUND INTEGER FEASIBLE,0.000000,393.860398,9433,0,-1,-1,69239624.469816,68454706.482800,0.000000,0.000000,0
cmflsp50-24-8-8,config20,3,FOUND INTEGER FEASIBLE,0.000000,170.280154,3964,0,-1,-1,69468223.111347,68316785.482000,0.000000,0.000000,0
cmflsp50-24-8-8,config16,1,FAILED TO FIND AN INTEGER FEASIBLE SOLUTION,1.327822,520.597054,12000,13,13,8,0.000000,0.000000,0.081273,0.081273,5
cmflsp50-24-8-8,config16,2,FAILED TO FIND AN INTEGER FEASIBLE SOLUTION,1.335527,510.259001,12000,13,13,8,0.000000,0.000000,0.069949,0.069949,13
cmflsp50-24-8-8,config16,3,FAILED TO FIND AN INTEGER FEASIBLE SOLUTION,0.681773,507.231096,12000,13,13,8,0.000000,0.000000,0.275429,0.275429,5
cmflsp50-24-8-8,config17,1,FAILED TO FIND AN INTEGER FEASIBLE SOLUTION,3.599161,531.004757,12000,13,13,7,0.000000,0.000000,0.321522,0.321522,25
cmflsp50-24-8-8,config17,2,FAILED TO FIND AN INTEGER FEASIBLE SOLUTION,3.580579,504.865991,12000,13,13,7,0.000000,0.000000,0.336328,0.336328,12
cmflsp50-24-8-8,config17,3,FAILED TO FIND AN INTEGER FEASIBLE SOLUTION,3.593175,513.391111,12000,13,13,7,0.000000,0.000000,0.257861,0.257861,6
cmflsp50-24-8-8,config21,1,FOUND INTEGER FEASIBLE,3.528541,50.949884,929,13,13,10,67865341.649190,66903597.919700,0.000000,0.000000,0
cmflsp50-24-8-8,config21,2,FAILED TO FIND AN INTEGER FEASIBLE SOLUTION,3.528722,527.383235,12000,13,13,10,0.000000,0.000000,0.155942,0.155942,12
cmflsp50-24-8-8,config21,3,FAILED TO FIND AN INTEGER FEASIBLE SOLUTION,3.528370,504.906114,12000,13,13,10,0.000000,0.000000,0.158513,0.158513,7
cmflsp50-24-8-8,config23,1,FOUND INTEGER FEASIBLE,3.533860,303.086293,7317,13,13,10,68065756.208461,67351351.727600,0.000000,0.000000,0
cmflsp50-24-8-8,config23,2,FOUND INTEGER FEASIBLE,3.512317,108.010143,2539,13,13,10,68106949.324714,66971278.949800,0.000000,0.000000,0
cmflsp50-24-8-8,config23,3,FAILED TO FIND AN INTEGER FEASIBLE SOLUTION,3.533774,507.738654,12000,13,13,10,0.000000,0.000000,0.139401,0.139401,17
cmflsp50-24-8-8,config19,1,FOUND INTEGER FEASIBLE,0.000000,26.286248,0,0,-1,-1,57935160.815000,57935160.815000,0.000000,0.000000,0
cmflsp50-24-8-8,config19,2,FOUND INTEGER FEASIBLE,0.000000,27.298300,0,0,-1,-1,57935160.815000,57935160.815000,0.000000,0.000000,0
cmflsp50-24-8-8,config19,3,FOUND INTEGER FEASIBLE,0.000000,28.280275,0,0,-1,-1,57935160.815000,57935160.815000,0.000000,0.000000,0
cmflsp50-24-8-8,config18,1,FOUND INTEGER FEASIBLE,0.000000,50.038806,0,0,-1,-1,58134304.078200,58134304.078200,0.000000,0.000000,0
cmflsp50-24-8-8,config18,2,FOUND INTEGER FEASIBLE,0.000000,50.100557,0,0,-1,-1,58134304.078200,58134304.078200,0.000000,0.000000,0
cmflsp50-24-8-8,config18,3,FOUND INTEGER FEASIBLE,0.000000,49.954628,0,0,-1,-1,58134304.078200,58134304.078200,0.000000,0.000000,0
CMS750_4,config1,1,FOUND INTEGER FEASIBLE,0.000000,1.882846,23,0,-1,-1,523.000000,523.000000,0.000000,0.000000,0
CMS750_4,config1,2,FOUND INTEGER FEASIBLE,0.000000,2.551122,48,0,-1,-1,568.000000,568.000000,0.000000,0.000000,0
CMS750_4,config1,3,FOUND INTEGER FEASIBLE,0.000000,2.129173,30,0,-1,-1,479.000000,479.000000,0.000000,0.000000,0
CMS750_4,config3,1,FOUND INTEGER FEASIBLE,0.000000,0.303439,0,0,-1,-1,993.000000,993.000000,0.000000,0.000000,0
CMS750_4,config3,2,FOUND INTEGER FEASIBLE,0.000000,0.567067,0,0,-1,-1,993.000000,993.000000,0.000000,0.000000,0
CMS750_4,config3,3,FOUND INTEGER FEASIBLE,0.000000,0.564703,0,0,-1,-1,993.000000,993.000000,0.000000,0.000000,0
CMS750_4,config20,1,FOUND INTEGER FEASIBLE,0.000000,2.095184,63,0,-1,-1,422.000000,422.000000,0.000000,0.000000,0
CMS750_4,config20,2,FOUND INTEGER FEASIBLE,0.000000,2.969395,138,0,-1,-1,527.000000,527.000000,0.000000,0.000000,0
CMS750_4,config20,3,FOUND INTEGER FEASIBLE,0.000000,2.707798,112,0,-1,-1,501.000000,501.000000,0.000000,0.000000,0
CMS750_4,config16,1,FOUND INTEGER FEASIBLE,0.233659,1.160685,0,11,0,0,993.000000,993.000000,0.000000,0.000000,0
CMS750_4,config16,2,FOUND INTEGER FEASIBLE,0.232965,1.076902,0,11,0,0,993.000000,993.000000,0.000000,0.000000,0
CMS750_4,config16,3,FOUND INTEGER FEASIBLE,0.174731,0.852391,0,11,0,0,993.000000,993.000000,0.000000,0.000000,0
CMS750_4,config17,1,FOUND INTEGER FEASIBLE,0.044785,0.503110,0,0,0,0,993.000000,993.000000,0.000000,0.000000,0
CMS750_4,config17,2,FOUND INTEGER FEASIBLE,0.060048,0.652474,0,0,0,0,993.000000,993.000000,0.000000,0.000000,0
CMS750_4,config17,3,FOUND INTEGER FEASIBLE,0.059648,0.647833,0,0,0,0,993.000000,993.000000,0.000000,0.000000,0
CMS750_4,config21,1,FOUND INTEGER FEASIBLE,0.407841,1.317642,0,12,0,0,993.000000,993.000000,0.000000,0.000000,0
CMS750_4,config21,2,FOUND INTEGER FEASIBLE,0.404642,1.307824,0,12,0,0,993.000000,993.000000,0.000000,0.000000,0
CMS750_4,config21,3,FOUND INTEGER FEASIBLE,0.284253,0.926678,0,12,0,0,993.000000,993.000000,0.000000,0.000000,0
CMS750_4,config23,1,FOUND INTEGER FEASIBLE,0.206773,0.666233,0,12,0,0,993.000000,993.000000,0.000000,0.000000,0
CMS750_4,config23,2,FOUND INTEGER FEASIBLE,0.406750,1.315249,0,12,0,0,993.000000,993.000000,0.000000,0.000000,0
CMS750_4,config23,3,FOUND INTEGER FEASIBLE,0.412611,1.311918,0,12,0,0,993.000000,993.000000,0.000000,0.000000,0
CMS750_4,config19,1,FOUND INTEGER FEASIBLE,0.000000,0.841842,0,0,-1,-1,993.000000,993.000000,0.000000,0.000000,0
CMS750_4,config19,2,FOUND INTEGER FEASIBLE,0.000000,0.817564,0,0,-1,-1,993.000000,993.000000,0.000000,0.000000,0
CMS750_4,config19,3,FOUND INTEGER FEASIBLE,0.000000,0.827322,0,0,-1,-1,993.000000,993.000000,0.000000,0.000000,0
CMS750_4,config18,1,FOUND INTEGER FEASIBLE,0.000000,0.835356,0,0,-1,-1,993.000000,993.000000,0.000000,0.000000,0
CMS750_4,config18,2,FOUND INTEGER FEASIBLE,0.000000,0.800401,0,0,-1,-1,993.000000,993.000000,0.000000,0.000000,0
CMS750_4,config18,3,FOUND INTEGER FEASIBLE,0.000000,0.819729,0,0,-1,-1,993.000000,993.000000,0.000000,0.000000,0
co-100,config1,1,FOUND INTEGER FEASIBLE,0.000000,8.820541,12,0,-1,-1,11878821.980000,11878821.980000,0.000000,0.000000,0
co-100,config1,2,FOUND INTEGER FEASIBLE,0.000000,10.055987,18,0,-1,-1,12004871.710000,12004871.710000,0.000000,0.000000,0
co-100,config1,3,FOUND INTEGER FEASIBLE,0.000000,8.951050,13,0,-1,-1,11938528.040000,11938528.040000,0.000000,0.000000,0
co-100,config3,1,FOUND INTEGER FEASIBLE,0.000000,36.417869,169,0,-1,-1,40366335.620000,40366335.620000,0.000000,0.000000,0
co-100,config3,2,FOUND INTEGER FEASIBLE,0.000000,55.261072,281,0,-1,-1,36977999.360000,36977999.360000,0.000000,0.000000,0
co-100,config3,3,FOUND INTEGER FEASIBLE,0.000000,23.512742,97,0,-1,-1,35216995.430000,35216995.430000,0.000000,0.000000,0
co-100,config20,1,FOUND INTEGER FEASIBLE,0.000000,10.639711,27,0,-1,-1,31475373.260000,31475373.260000,0.000000,0.000000,0
co-100,config20,2,FOUND INTEGER FEASIBLE,0.000000,8.853363,8,0,-1,-1,31566746.460000,31566746.460000,0.000000,0.000000,0
co-100,config20,3,FOUND INTEGER FEASIBLE,0.000000,8.503102,5,0,-1,-1,31570934.640000,31570934.640000,0.000000,0.000000,0
co-100,config16,1,FOUND INTEGER FEASIBLE,0.316839,12.135509,15,10,10,10,13164902.730000,13164902.730000,0.000000,0.000000,0
co-100,config16,2,FOUND INTEGER FEASIBLE,0.316719,12.946063,24,10,10,10,11998567.850000,11998567.850000,0.000000,0.000000,0
co-100,config16,3,FOUND INTEGER FEASIBLE,0.315395,11.881309,14,10,10,10,13098247.010000,13098247.010000,0.000000,0.000000,0
co-100,config17,1,FOUND INTEGER FEASIBLE,0.498705,13.564298,97,11,8,8,12932325.930000,12932325.930000,0.000000,0.000000,0
co-100,config17,2,FOUND INTEGER FEASIBLE,0.496207,11.280293,32,11,8,8,12862968.940000,12862968.940000,0.000000,0.000000,0
co-100,config17,3,FOUND INTEGER FEASIBLE,0.496368,12.970714,79,11,8,8,12990099.420000,12990099.420000,0.000000,0.000000,0
co-100,config21,1,FOUND INTEGER FEASIBLE,0.240814,9.970270,28,13,8,8,13729842.280000,13729842.280000,0.000000,0.000000,0
co-100,config21,2,FOUND INTEGER FEASIBLE,0.240369,9.949170,28,13,8,8,13751650.100000,13751650.100000,0.000000,0.000000,0
co-100,config21,3,FOUND INTEGER FEASIBLE,0.240171,9.759316,12,13,8,8,13793471.790000,13793471.790000,0.000000,0.000000,0
co-100,config23,1,FOUND INTEGER FEASIBLE,0.239894,9.920824,26,13,8,8,12907271.040000,12907271.040000,0.000000,0.000000,0
co-100,config23,2,FOUND INTEGER FEASIBLE,0.240068,10.365362,62,13,8,8,13001104.710000,13001104.710000,0.000000,0.000000,0
co-100,config23,3,FOUND INTEGER FEASIBLE,0.240399,10.726360,86,13,8,8,14063189.250000,14063189.250000,0.000000,0.000000,0
co-100,config19,1,FOUND INTEGER FEASIBLE,0.000000,9.096285,0,0,-1,-1,29457460.940000,29457460.940000,0.000000,0.000000,0
co-100,config19,2,FOUND INTEGER FEASIBLE,0.000000,8.916978,0,0,-1,-1,29457460.940000,29457460.940000,0.000000,0.000000,0
co-100,config19,3,FOUND INTEGER FEASIBLE,0.000000,7.873334,0,0,-1,-1,29457460.940000,29457460.940000,0.000000,0.000000,0
co-100,config18,1,FOUND INTEGER FEASIBLE,0.000000,8.716719,0,0,-1,-1,29457460.940000,29457460.940000,0.000000,0.000000,0
co-100,config18,2,FOUND INTEGER FEASIBLE,0.000000,8.865250,0,0,-1,-1,29457460.940000,29457460.940000,0.000000,0.000000,0
co-100,config18,3,FOUND INTEGER FEASIBLE,0.000000,8.855190,0,0,-1,-1,29457460.940000,29457460.940000,0.000000,0.000000,0
cod105,config1,1,FOUND INTEGER FEASIBLE,0.000000,2.539871,1,0,-1,-1,0.000000,0.000000,0.000000,0.000000,0
cod105,config1,2,FOUND INTEGER FEASIBLE,0.000000,3.144267,1,0,-1,-1,0.000000,0.000000,0.000000,0.000000,0
cod105,config1,3,FOUND INTEGER FEASIBLE,0.000000,2.828480,1,0,-1,-1,0.000000,0.000000,0.000000,0.000000,0
cod105,config3,1,FOUND INTEGER FEASIBLE,0.000000,0.199513,0,0,-1,-1,0.000000,0.000000,0.000000,0.000000,0
cod105,config3,2,FOUND INTEGER FEASIBLE,0.000000,0.123300,0,0,-1,-1,0.000000,0.000000,0.000000,0.000000,0
cod105,config3,3,FOUND INTEGER FEASIBLE,0.000000,0.195886,0,0,-1,-1,0.000000,0.000000,0.000000,0.000000,0
cod105,config20,1,FOUND INTEGER FEASIBLE,0.000000,4.571571,1,0,-1,-1,0.000000,0.000000,0.000000,0.000000,0
cod105,config20,2,FOUND INTEGER FEASIBLE,0.000000,5.036414,1,0,-1,-1,0.000000,0.000000,0.000000,0.000000,0
cod105,config20,3,FOUND INTEGER FEASIBLE,0.000000,5.029768,1,0,-1,-1,0.000000,0.000000,0.000000,0.000000,0
cod105,config16,1,FOUND INTEGER FEASIBLE,4.142927,7.377927,1,9,0,0,0.000000,0.000000,0.000000,0.000000,0
cod105,config16,2,FOUND INTEGER FEASIBLE,4.121424,7.324300,1,9,0,0,0.000000,0.000000,0.000000,0.000000,0
cod105,config16,3,FOUND INTEGER FEASIBLE,4.141476,7.366824,1,9,0,0,0.000000,0.000000,0.000000,0.000000,0
cod105,config17,1,FOUND INTEGER FEASIBLE,0.006646,0.461378,0,0,0,0,0.000000,0.000000,0.000000,0.000000,0
cod105,config17,2,FOUND INTEGER FEASIBLE,0.006669,0.456498,0,0,0,0,0.000000,0.000000,0.000000,0.000000,0
cod105,config17,3,FOUND INTEGER FEASIBLE,0.006045,0.425789,0,0,0,0,0.000000,0.000000,0.000000,0.000000,0
cod105,config21,1,FOUND INTEGER FEASIBLE,3.293356,6.462151,1,9,0,0,0.000000,0.000000,0.000000,0.000000,0
cod105,config21,2,FOUND INTEGER FEASIBLE,4.142868,7.364785,1,9,0,0,0.000000,0.000000,0.000000,0.000000,0
cod105,config21,3,FOUND INTEGER FEASIBLE,4.144280,7.367314,1,9,0,0,0.000000,0.000000,0.000000,0.000000,0
cod105,config23,1,FOUND INTEGER FEASIBLE,4.141379,4.405662,0,9,0,0,0.000000,0.000000,0.000000,0.000000,0
cod105,config23,2,FOUND INTEGER FEASIBLE,4.140180,4.404526,0,9,0,0,0.000000,0.000000,0.000000,0.000000,0
cod105,config23,3,FOUND INTEGER FEASIBLE,4.134565,4.398795,0,9,0,0,0.000000,0.000000,0.000000,0.000000,0
cod105,config19,1,FOUND INTEGER FEASIBLE,0.000000,0.041039,0,0,-1,-1,0.000000,0.000000,0.000000,0.000000,0
cod105,config19,2,FOUND INTEGER FEASIBLE,0.000000,0.024069,0,0,-1,-1,0.000000,0.000000,0.000000,0.000000,0
cod105,config19,3,FOUND INTEGER FEASIBLE,0.000000,0.022046,0,0,-1,-1,0.000000,0.000000,0.000000,0.000000,0
cod105,config18,1,FOUND INTEGER FEASIBLE,0.000000,0.040634,0,0,-1,-1,0.000000,0.000000,0.000000,0.000000,0
cod105,config18,2,FOUND INTEGER FEASIBLE,0.000000,0.024023,0,0,-1,-1,0.000000,0.000000,0.000000,0.000000,0
cod105,config18,3,FOUND INTEGER FEASIBLE,0.000000,0.022309,0,0,-1,-1,0.000000,0.000000,0.000000,0.000000,0
comp07-2idx,config1,1,FOUND INTEGER FEASIBLE,0.000000,5.401174,21,0,-1,-1,559.000000,559.000000,0.000000,0.000000,0
comp07-2idx,config1,2,FOUND INTEGER FEASIBLE,0.000000,5.230933,20,0,-1,-1,1901.000000,1901.000000,0.000000,0.000000,0
comp07-2idx,config1,3,FOUND INTEGER FEASIBLE,0.000000,6.425375,24,0,-1,-1,1542.000000,1542.000000,0.000000,0.000000,0
comp07-2idx,config3,1,FOUND INTEGER FEASIBLE,0.000000,4.374087,18,0,-1,-1,2404.000000,2404.000000,0.000000,0.000000,0
comp07-2idx,config3,2,FOUND INTEGER FEASIBLE,0.000000,4.467545,16,0,-1,-1,1749.000000,1749.000000,0.000000,0.000000,0
comp07-2idx,config3,3,FOUND INTEGER FEASIBLE,0.000000,4.473867,22,0,-1,-1,2316.000000,2316.000000,0.000000,0.000000,0
comp07-2idx,config20,1,FOUND INTEGER FEASIBLE,0.000000,0.914551,1,0,-1,-1,18486.000000,18486.000000,0.000000,0.000000,0
comp07-2idx,config20,2,FOUND INTEGER FEASIBLE,0.000000,0.907399,1,0,-1,-1,16569.000000,16569.000000,0.000000,0.000000,0
comp07-2idx,config20,3,FOUND INTEGER FEASIBLE,0.000000,0.892953,1,0,-1,-1,18685.000000,18685.000000,0.000000,0.000000,0
comp07-2idx,config16,1,FOUND INTEGER FEASIBLE,3.699312,6.153316,17,13,6,6,1172.000000,1172.000000,0.000000,0.000000,0
comp07-2idx,config16,2,FOUND INTEGER FEASIBLE,3.716038,6.219233,16,13,6,6,1860.000000,1860.000000,0.000000,0.000000,0
comp07-2idx,config16,3,FOUND INTEGER FEASIBLE,3.715960,6.049733,17,13,6,6,1035.000000,1035.000000,0.000000,0.000000,0
comp07-2idx,config17,1,FOUND INTEGER FEASIBLE,10.722615,12.512107,20,12,1,1,2269.000000,2269.000000,0.000000,0.000000,0
comp07-2idx,config17,2,FOUND INTEGER FEASIBLE,10.645829,12.326846,15,12,1,1,1826.000000,1826.000000,0.000000,0.000000,0
comp07-2idx,config17,3,FOUND INTEGER FEASIBLE,10.744005,12.426529,18,12,1,1,2187.000000,2187.000000,0.000000,0.000000,0
comp07-2idx,config21,1,FOUND INTEGER FEASIBLE,0.214097,0.754416,1,13,2,2,17722.000000,17722.000000,0.000000,0.000000,0
comp07-2idx,config21,2,FOUND INTEGER FEASIBLE,0.214966,0.758901,1,13,2,2,15728.000000,15728.000000,0.000000,0.000000,0
comp07-2idx,config21,3,FOUND INTEGER FEASIBLE,0.215885,0.757887,1,13,2,2,18183.000000,18183.000000,0.000000,0.000000,0
comp07-2idx,config23,1,FOUND INTEGER FEASIBLE,0.214841,2.877566,18,13,2,2,1869.000000,1869.000000,0.000000,0.000000,0
comp07-2idx,config23,2,FOUND INTEGER FEASIBLE,0.214974,2.827611,16,13,2,2,1777.000000,1777.000000,0.000000,0.000000,0
comp07-2idx,config23,3,FOUND INTEGER FEASIBLE,0.214524,3.005452,17,13,2,2,2263.000000,2263.000000,0.000000,0.000000,0
comp07-2idx,config19,1,FOUND INTEGER FEASIBLE,0.000000,0.568162,0,0,-1,-1,18775.000000,18775.000000,0.000000,0.000000,0
comp07-2idx,config19,2,FOUND INTEGER FEASIBLE,0.000000,0.533200,0,0,-1,-1,18775.000000,18775.000000,0.000000,0.000000,0
comp07-2idx,config19,3,FOUND INTEGER FEASIBLE,0.000000,0.539017,0,0,-1,-1,18775.000000,18775.000000,0.000000,0.000000,0
comp07-2idx,config18,1,FOUND INTEGER FEASIBLE,0.000000,0.589301,0,0,-1,-1,18775.000000,18775.000000,0.000000,0.000000,0
comp07-2idx,config18,2,FOUND INTEGER FEASIBLE,0.000000,0.534905,0,0,-1,-1,18775.000000,18775.000000,0.000000,0.000000,0
comp07-2idx,config18,3,FOUND INTEGER FEASIBLE,0.000000,0.536383,0,0,-1,-1,18775.000000,18775.000000,0.000000,0.000000,0
comp21-2idx,config1,1,FOUND INTEGER FEASIBLE,0.000000,2.373007,20,0,-1,-1,861.000000,861.000000,0.000000,0.000000,0
comp21-2idx,config1,2,FOUND INTEGER FEASIBLE,0.000000,2.379814,18,0,-1,-1,1344.000000,1344.000000,0.000000,0.000000,0
comp21-2idx,config1,3,FOUND INTEGER FEASIBLE,0.000000,2.490509,25,0,-1,-1,1006.000000,1006.000000,0.000000,0.000000,0
comp21-2idx,config3,1,FOUND INTEGER FEASIBLE,0.000000,2.320346,25,0,-1,-1,1979.000000,1979.000000,0.000000,0.000000,0
comp21-2idx,config3,2,FOUND INTEGER FEASIBLE,0.000000,2.353337,22,0,-1,-1,1886.000000,1886.000000,0.000000,0.000000,0
comp21-2idx,config3,3,FOUND INTEGER FEASIBLE,0.000000,2.373396,24,0,-1,-1,905.000000,905.000000,0.000000,0.000000,0
comp21-2idx,config20,1,FOUND INTEGER FEASIBLE,0.000000,0.535126,1,0,-1,-1,16712.000000,16712.000000,0.000000,0.000000,0
comp21-2idx,config20,2,FOUND INTEGER FEASIBLE,0.000000,0.529749,1,0,-1,-1,15137.000000,15137.000000,0.000000,0.000000,0
comp21-2idx,config20,3,FOUND INTEGER FEASIBLE,0.000000,0.520791,1,0,-1,-1,16851.000000,16851.000000,0.000000,0.000000,0
comp21-2idx,config16,1,FOUND INTEGER FEASIBLE,0.659339,1.760736,18,13,10,10,997.000000,997.000000,0.000000,0.000000,0
comp21-2idx,config16,2,FOUND INTEGER FEASIBLE,0.659398,1.667539,17,13,10,10,1456.000000,1456.000000,0.000000,0.000000,0
comp21-2idx,config16,3,FOUND INTEGER FEASIBLE,0.659620,1.820413,24,13,10,10,1442.000000,1442.000000,0.000000,0.000000,0
comp21-2idx,config17,1,FOUND INTEGER FEASIBLE,0.730372,1.818750,16,13,7,7,1762.000000,1762.000000,0.000000,0.000000,0
comp21-2idx,config17,2,FOUND INTEGER FEASIBLE,0.732105,1.968365,19,13,7,7,1332.000000,1332.000000,0.000000,0.000000,0
comp21-2idx,config17,3,FOUND INTEGER FEASIBLE,0.731814,1.865734,22,13,7,7,1845.000000,1845.000000,0.000000,0.000000,0
comp21-2idx,config21,1,FOUND INTEGER FEASIBLE,0.189942,0.476814,1,3,1,1,16615.000000,16615.000000,0.000000,0.000000,0
comp21-2idx,config21,2,FOUND INTEGER FEASIBLE,0.189825,0.477081,1,3,1,1,14930.000000,14930.000000,0.000000,0.000000,0
comp21-2idx,config21,3,FOUND INTEGER FEASIBLE,0.189823,0.472892,1,3,1,1,16582.000000,16582.000000,0.000000,0.000000,0
comp21-2idx,config23,1,FOUND INTEGER FEASIBLE,0.189678,1.454965,22,3,1,1,997.000000,997.000000,0.000000,0.000000,0
comp21-2idx,config23,2,FOUND INTEGER FEASIBLE,0.190574,1.331871,16,3,1,1,977.000000,977.000000,0.000000,0.000000,0
comp21-2idx,config23,3,FOUND INTEGER FEASIBLE,0.189640,1.469292,21,3,1,1,1526.000000,1526.000000,0.000000,0.000000,0
comp21-2idx,config19,1,FOUND INTEGER FEASIBLE,0.000000,0.409125,0,0,-1,-1,17016.000000,17016.000000,0.000000,0.000000,0
comp21-2idx,config19,2,FOUND INTEGER FEASIBLE,0.000000,0.458365,0,0,-1,-1,17016.000000,17016.000000,0.000000,0.000000,0
comp21-2idx,config19,3,FOUND INTEGER FEASIBLE,0.000000,0.447653,0,0,-1,-1,17016.000000,17016.000000,0.000000,0.000000,0
comp21-2idx,config18,1,FOUND INTEGER FEASIBLE,0.000000,0.497197,0,0,-1,-1,17016.000000,17016.000000,0.000000,0.000000,0
comp21-2idx,config18,2,FOUND INTEGER FEASIBLE,0.000000,0.453912,0,0,-1,-1,17016.000000,17016.000000,0.000000,0.000000,0
comp21-2idx,config18,3,FOUND INTEGER FEASIBLE,0.000000,0.463375,0,0,-1,-1,17016.000000,17016.000000,0.000000,0.000000,0
cost266-UUE,config1,1,FOUND INTEGER FEASIBLE,0.000000,0.175420,2,0,-1,-1,40542528.900000,39300436.900000,0.000000,0.000000,0
cost266-UUE,config1,2,FOUND INTEGER FEASIBLE,0.000000,0.187615,3,0,-1,-1,38912269.560000,36372040.300000,0.000000,0.000000,0
cost266-UUE,config1,3,FOUND INTEGER FEASIBLE,0.000000,0.142375,1,0,-1,-1,35706595.880000,35635920.500000,0.000000,0.000000,0
cost266-UUE,config3,1,FOUND INTEGER FEASIBLE,0.000000,0.226752,2,0,-1,-1,40886198.540000,39524473.780000,0.000000,0.000000,0
cost266-UUE,config3,2,FOUND INTEGER FEASIBLE,0.000000,0.243841,3,0,-1,-1,39102452.920000,37281431.500000,0.000000,0.000000,0
cost266-UUE,config3,3,FOUND INTEGER FEASIBLE,0.000000,0.219958,2,0,-1,-1,39367690.240000,38008768.360000,0.000000,0.000000,0
cost266-UUE,config20,1,FOUND INTEGER FEASIBLE,0.000000,0.170892,2,0,-1,-1,36362416.220000,33524645.100000,0.000000,0.000000,0
cost266-UUE,config20,2,FOUND INTEGER FEASIBLE,0.000000,0.126349,3,0,-1,-1,40458097.880000,36495857.720000,0.000000,0.000000,0
cost266-UUE,config20,3,FOUND INTEGER FEASIBLE,0.000000,0.178431,3,0,-1,-1,38216896.725000,35216591.300000,0.000000,0.000000,0
cost266-UUE,config16,1,FOUND INTEGER FEASIBLE,0.220575,0.323584,2,2,0,0,40734248.510000,39300436.900000,0.000000,0.000000,0
cost266-UUE,config16,2,FOUND INTEGER FEASIBLE,0.221731,0.321747,3,2,0,0,39021587.000000,36685164.940000,0.000000,0.000000,0
cost266-UUE,config16,3,FOUND INTEGER FEASIBLE,0.221341,0.308635,1,2,0,0,35742783.140000,35635920.500000,0.000000,0.000000,0
cost266-UUE,config17,1,FOUND INTEGER FEASIBLE,0.272333,0.446705,2,1,0,0,41238123.680000,39730505.420000,0.000000,0.000000,0
cost266-UUE,config17,2,FOUND INTEGER FEASIBLE,0.272817,0.452654,3,1,0,0,39038725.550000,37058469.420000,0.000000,0.000000,0
cost266-UUE,config17,3,FOUND INTEGER FEASIBLE,0.272315,0.444457,2,1,0,0,39673733.160000,38311151.680000,0.000000,0.000000,0
cost266-UUE,config21,1,FOUND INTEGER FEASIBLE,0.170236,0.251377,1,10,0,0,39295577.055000,34189301.360000,0.000000,0.000000,0
cost266-UUE,config21,2,FOUND INTEGER FEASIBLE,0.170665,0.263708,3,10,0,0,38786940.900000,34473340.340000,0.000000,0.000000,0
cost266-UUE,config21,3,FOUND INTEGER FEASIBLE,0.170334,0.252515,2,10,0,0,39311952.060000,34507836.200000,0.000000,0.000000,0
cost266-UUE,config23,1,FOUND INTEGER FEASIBLE,0.170032,0.285970,2,10,0,0,37891265.880000,36530621.760000,0.000000,0.000000,0
cost266-UUE,config23,2,FOUND INTEGER FEASIBLE,0.170734,0.285365,3,10,0,0,37896043.400000,37014430.680000,0.000000,0.000000,0
cost266-UUE,config23,3,FOUND INTEGER FEASIBLE,0.170066,0.280124,1,10,0,0,36801330.520000,36009841.960000,0.000000,0.000000,0
cost266-UUE,config19,1,FOUND INTEGER FEASIBLE,0.000000,0.207513,0,0,-1,-1,30821086.280000,30821086.280000,0.000000,0.000000,0
cost266-UUE,config19,2,FOUND INTEGER FEASIBLE,0.000000,0.104174,0,0,-1,-1,30821086.280000,30821086.280000,0.000000,0.000000,0
cost266-UUE,config19,3,FOUND INTEGER FEASIBLE,0.000000,0.168639,0,0,-1,-1,30821086.280000,30821086.280000,0.000000,0.000000,0
cost266-UUE,config18,1,FOUND INTEGER FEASIBLE,0.000000,0.102218,0,0,-1,-1,30821086.280000,30821086.280000,0.000000,0.000000,0
cost266-UUE,config18,2,FOUND INTEGER FEASIBLE,0.000000,0.197643,0,0,-1,-1,30821086.280000,30821086.280000,0.000000,0.000000,0
cost266-UUE,config18,3,FOUND INTEGER FEASIBLE,0.000000,0.103388,0,0,-1,-1,30821086.280000,30821086.280000,0.000000,0.000000,0
cryptanalysiskb128n5obj16,config1,1,FAILED TO FIND AN INTEGER FEASIBLE SOLUTION,0.000000,3600,50,0,-1,-1,0.000000,0.000000,667.903074,414.939959,14124
cryptanalysiskb128n5obj16,config1,2,FAILED TO FIND AN INTEGER FEASIBLE SOLUTION,0.000000,3600,48,0,-1,-1,0.000000,0.000000,1254.594418,572.461681,16633
cryptanalysiskb128n5obj16,config1,3,FAILED TO FIND AN INTEGER FEASIBLE SOLUTION,0.000000,3600,53,0,-1,-1,0.000000,0.000000,1057.303074,504.955031,15512
cryptanalysiskb128n5obj16,config3,1,FAILED TO FIND AN INTEGER FEASIBLE SOLUTION,0.000000,3600,410,0,-1,-1,0.000000,0.000000,5.333333,5.333333,16
cryptanalysiskb128n5obj16,config3,2,FAILED TO FIND AN INTEGER FEASIBLE SOLUTION,0.000000,3600,263,0,-1,-1,0.000000,0.000000,5.833333,5.833333,16
cryptanalysiskb128n5obj16,config3,3,FAILED TO FIND AN INTEGER FEASIBLE SOLUTION,0.000000,3600,473,0,-1,-1,0.000000,0.000000,5.333333,5.333333,12
cryptanalysiskb128n5obj16,config20,1,FAILED TO FIND AN INTEGER FEASIBLE SOLUTION,0.000000,3600,83,0,-1,-1,0.000000,0.000000,1217.388323,559.278988,17319
cryptanalysiskb128n5obj16,config20,2,FAILED TO FIND AN INTEGER FEASIBLE SOLUTION,0.000000,3600,81,0,-1,-1,0.000000,0.000000,940.226800,529.914383,15373
cryptanalysiskb128n5obj16,config20,3,FAILED TO FIND AN INTEGER FEASIBLE SOLUTION,0.000000,3600,84,0,-1,-1,0.000000,0.000000,935.236418,532.269546,16735
cryptanalysiskb128n5obj16,config16,1,FAILED TO FIND AN INTEGER FEASIBLE SOLUTION,130.556642,3600,48,10,10,10,0.000000,0.000000,667.903074,414.939959,14124
cryptanalysiskb128n5obj16,config16,2,FAILED TO FIND AN INTEGER FEASIBLE SOLUTION,131.175456,3600,46,10,10,10,0.000000,0.000000,1254.594418,572.461681,16633
cryptanalysiskb128n5obj16,config16,3,FAILED TO FIND AN INTEGER FEASIBLE SOLUTION,131.387847,3600,50,10,10,10,0.000000,0.000000,1057.303074,504.955031,15512
cryptanalysiskb128n5obj16,config17,1,FAILED TO FIND AN INTEGER FEASIBLE SOLUTION,1.384324,3600,399,12,12,12,0.000000,0.000000,5.333333,5.333333,16
cryptanalysiskb128n5obj16,config17,2,FAILED TO FIND AN INTEGER FEASIBLE SOLUTION,1.400117,3600,261,12,12,12,0.000000,0.000000,5.833333,5.833333,16
cryptanalysiskb128n5obj16,config17,3,FAILED TO FIND AN INTEGER FEASIBLE SOLUTION,1.414557,3600,468,12,12,12,0.000000,0.000000,5.333333,5.333333,12
cryptanalysiskb128n5obj16,config21,1,FAILED TO FIND AN INTEGER FEASIBLE SOLUTION,59.181490,3600,48,12,12,12,0.000000,0.000000,1132.958515,579.586711,15782
cryptanalysiskb128n5obj16,config21,2,FAILED TO FIND AN INTEGER FEASIBLE SOLUTION,59.238511,3600,47,12,12,12,0.000000,0.000000,940.226800,529.914383,15373
cryptanalysiskb128n5obj16,config21,3,FAILED TO FIND AN INTEGER FEASIBLE SOLUTION,59.103052,3600,48,12,12,12,0.000000,0.000000,935.236418,532.269546,16735
cryptanalysiskb128n5obj16,config23,1,FAILED TO FIND AN INTEGER FEASIBLE SOLUTION,59.027502,3600,409,12,12,12,0.000000,0.000000,5.333333,5.333333,16
cryptanalysiskb128n5obj16,config23,2,FAILED TO FIND AN INTEGER FEASIBLE SOLUTION,59.136769,3600,262,12,12,12,0.000000,0.000000,5.833333,5.833333,16
cryptanalysiskb128n5obj16,config23,3,FAILED TO FIND AN INTEGER FEASIBLE SOLUTION,59.442368,3600,472,12,12,12,0.000000,0.000000,5.333333,5.333333,12
cryptanalysiskb128n5obj16,config19,1,FAILED TO FIND AN INTEGER FEASIBLE SOLUTION,0.000000,3600,0,0,-1,-1,0.000000,0.000000,inf,inf,0
cryptanalysiskb128n5obj16,config19,2,FAILED TO FIND AN INTEGER FEASIBLE SOLUTION,0.000000,3600,0,0,-1,-1,0.000000,0.000000,inf,inf,0
cryptanalysiskb128n5obj16,config19,3,FAILED TO FIND AN INTEGER FEASIBLE SOLUTION,0.000000,3600,0,0,-1,-1,0.000000,0.000000,inf,inf,0
cryptanalysiskb128n5obj16,config18,1,FAILED TO FIND AN INTEGER FEASIBLE SOLUTION,0.000000,3600,0,0,-1,-1,0.000000,0.000000,inf,inf,0
cryptanalysiskb128n5obj16,config18,2,FAILED TO FIND AN INTEGER FEASIBLE SOLUTION,0.000000,3600,0,0,-1,-1,0.000000,0.000000,inf,inf,0
cryptanalysiskb128n5obj16,config18,3,FAILED TO FIND AN INTEGER FEASIBLE SOLUTION,0.000000,3600,0,0,-1,-1,0.000000,0.000000,inf,inf,0
csched007,config1,1,FOUND INTEGER FEASIBLE,0.000000,9.280687,1723,0,-1,-1,672.000000,672.000000,0.000000,0.000000,0
csched007,config1,2,FOUND INTEGER FEASIBLE,0.000000,4.602590,729,0,-1,-1,771.000000,771.000000,0.000000,0.000000,0
csched007,config1,3,FOUND INTEGER FEASIBLE,0.000000,9.093734,1624,0,-1,-1,651.000000,651.000000,0.000000,0.000000,0
csched007,config3,1,FOUND INTEGER FEASIBLE,0.000000,13.454750,2524,0,-1,-1,740.000000,740.000000,0.000000,0.000000,0
csched007,config3,2,FOUND INTEGER FEASIBLE,0.000000,8.454792,1513,0,-1,-1,683.000000,683.000000,0.000000,0.000000,0
csched007,config3,3,FOUND INTEGER FEASIBLE,0.000000,2.338075,273,0,-1,-1,729.000000,729.000000,0.000000,0.000000,0
csched007,config20,1,FOUND INTEGER FEASIBLE,0.000000,2.288425,1056,0,-1,-1,774.000000,774.000000,0.000000,0.000000,0
csched007,config20,2,FOUND INTEGER FEASIBLE,0.000000,3.366591,1975,0,-1,-1,709.000000,709.000000,0.000000,0.000000,0
csched007,config20,3,FOUND INTEGER FEASIBLE,0.000000,3.949507,2390,0,-1,-1,692.000000,692.000000,0.000000,0.000000,0
csched007,config16,1,FOUND INTEGER FEASIBLE,0.122069,1.251124,404,13,5,2,624.000000,624.000000,0.000000,0.000000,0
csched007,config16,2,FOUND INTEGER FEASIBLE,0.122476,2.848531,1539,13,13,2,749.000000,749.000000,0.000000,0.000000,0
csched007,config16,3,FOUND INTEGER FEASIBLE,0.121824,0.679078,178,13,3,2,621.000000,621.000000,0.000000,0.000000,0
csched007,config17,1,FOUND INTEGER FEASIBLE,0.062452,1.495990,595,5,5,0,727.000000,727.000000,0.000000,0.000000,0
csched007,config17,2,FOUND INTEGER FEASIBLE,0.062105,1.087592,371,5,3,0,693.000000,693.000000,0.000000,0.000000,0
csched007,config17,3,FOUND INTEGER FEASIBLE,0.062268,2.862446,1656,5,5,0,707.000000,707.000000,0.000000,0.000000,0
csched007,config21,1,FOUND INTEGER FEASIBLE,0.050385,2.143423,870,8,8,0,737.000000,737.000000,0.000000,0.000000,0
csched007,config21,2,FOUND INTEGER FEASIBLE,0.050292,1.056955,363,8,3,0,693.000000,693.000000,0.000000,0.000000,0
csched007,config21,3,FOUND INTEGER FEASIBLE,0.050381,0.833098,282,8,2,0,699.000000,699.000000,0.000000,0.000000,0
csched007,config23,1,FOUND INTEGER FEASIBLE,0.050340,1.097282,405,8,4,0,700.000000,700.000000,0.000000,0.000000,0
csched007,config23,2,FOUND INTEGER FEASIBLE,0.050909,1.609687,622,8,6,0,665.000000,665.000000,0.000000,0.000000,0
csched007,config23,3,FOUND INTEGER FEASIBLE,0.050303,7.137669,5075,8,8,0,732.000000,732.000000,0.000000,0.000000,0
csched007,config19,1,FOUND INTEGER FEASIBLE,0.000000,4.065895,0,0,-1,-1,463.000000,463.000000,0.000000,0.000000,0
csched007,config19,2,FOUND INTEGER FEASIBLE,0.000000,4.090184,0,0,-1,-1,463.000000,463.000000,0.000000,0.000000,0
csched007,config19,3,FOUND INTEGER FEASIBLE,0.000000,4.088086,0,0,-1,-1,463.000000,463.000000,0.000000,0.000000,0
csched007,config18,1,FOUND INTEGER FEASIBLE,0.000000,89.915939,0,0,-1,-1,464.000000,464.000000,0.000000,0.000000,0
csched007,config18,2,FOUND INTEGER FEASIBLE,0.000000,90.120596,0,0,-1,-1,464.000000,464.000000,0.000000,0.000000,0
csched007,config18,3,FOUND INTEGER FEASIBLE,0.000000,89.965169,0,0,-1,-1,464.000000,464.000000,0.000000,0.000000,0
csched008,config1,1,FOUND INTEGER FEASIBLE,0.000000,2.590984,376,0,-1,-1,189.000000,189.000000,0.000000,0.000000,0
csched008,config1,2,FOUND INTEGER FEASIBLE,0.000000,2.043913,256,0,-1,-1,189.000000,189.000000,0.000000,0.000000,0
csched008,config1,3,FOUND INTEGER FEASIBLE,0.000000,0.307632,25,0,-1,-1,188.000000,188.000000,0.000000,0.000000,0
csched008,config3,1,FOUND INTEGER FEASIBLE,0.000000,1.440228,203,0,-1,-1,190.000000,190.000000,0.000000,0.000000,0
csched008,config3,2,FOUND INTEGER FEASIBLE,0.000000,0.809028,94,0,-1,-1,190.000000,189.000000,0.000000,0.000000,0
csched008,config3,3,FOUND INTEGER FEASIBLE,0.000000,2.473323,399,0,-1,-1,190.000000,189.000000,0.000000,0.000000,0
csched008,config20,1,FOUND INTEGER FEASIBLE,0.000000,0.394246,165,0,-1,-1,190.000000,190.000000,0.000000,0.000000,0
csched008,config20,2,FOUND INTEGER FEASIBLE,0.000000,0.302929,121,0,-1,-1,190.000000,190.000000,0.000000,0.000000,0
csched008,config20,3,FOUND INTEGER FEASIBLE,0.000000,0.489028,216,0,-1,-1,190.000000,190.000000,0.000000,0.000000,0
csched008,config16,1,FOUND INTEGER FEASIBLE,0.102664,0.385997,95,10,0,0,189.000000,189.000000,0.000000,0.000000,0
csched008,config16,2,FOUND INTEGER FEASIBLE,0.078126,0.265948,72,10,0,0,189.000000,189.000000,0.000000,0.000000,0
csched008,config16,3,FOUND INTEGER FEASIBLE,0.102894,0.569034,174,10,1,0,190.000000,189.000000,0.000000,0.000000,0
csched008,config17,1,FOUND INTEGER FEASIBLE,0.036361,1.116592,477,7,4,0,190.000000,189.000000,0.000000,0.000000,0
csched008,config17,2,FOUND INTEGER FEASIBLE,0.036367,0.382594,136,7,0,0,190.000000,190.000000,0.000000,0.000000,0
csched008,config17,3,FOUND INTEGER FEASIBLE,0.036394,0.552930,226,7,1,0,190.000000,190.000000,0.000000,0.000000,0
csched008,config21,1,FOUND INTEGER FEASIBLE,0.039544,0.748001,323,10,2,0,190.000000,189.000000,0.000000,0.000000,0
csched008,config21,2,FOUND INTEGER FEASIBLE,0.039613,0.294985,109,10,0,0,190.000000,189.000000,0.000000,0.000000,0
csched008,config21,3,FOUND INTEGER FEASIBLE,0.039785,0.647217,260,10,1,0,190.000000,189.000000,0.000000,0.000000,0
csched008,config23,1,FOUND INTEGER FEASIBLE,0.039649,0.115418,10,10,0,0,190.000000,190.000000,0.000000,0.000000,0
csched008,config23,2,FOUND INTEGER FEASIBLE,0.039770,0.422653,166,10,1,0,190.000000,190.000000,0.000000,0.000000,0
csched008,config23,3,FOUND INTEGER FEASIBLE,0.039605,0.233528,70,10,0,0,190.000000,189.000000,0.000000,0.000000,0
csched008,config19,1,FOUND INTEGER FEASIBLE,0.000000,2.861970,0,0,-1,-1,186.000000,186.000000,0.000000,0.000000,0
csched008,config19,2,FOUND INTEGER FEASIBLE,0.000000,2.865162,0,0,-1,-1,186.000000,186.000000,0.000000,0.000000,0
csched008,config19,3,FOUND INTEGER FEASIBLE,0.000000,2.868228,0,0,-1,-1,186.000000,186.000000,0.000000,0.000000,0
csched008,config18,1,FOUND INTEGER FEASIBLE,0.000000,3.346190,0,0,-1,-1,185.000000,185.000000,0.000000,0.000000,0
csched008,config18,2,FOUND INTEGER FEASIBLE,0.000000,4.358628,0,0,-1,-1,185.000000,185.000000,0.000000,0.000000,0
csched008,config18,3,FOUND INTEGER FEASIBLE,0.000000,4.351291,0,0,-1,-1,185.000000,185.000000,0.000000,0.000000,0
cvs16r128-89,config1,1,FOUND INTEGER FEASIBLE,0.000000,0.289445,1,0,-1,-1,-2.000000,-2.000000,0.000000,0.000000,0
cvs16r128-89,config1,2,FOUND INTEGER FEASIBLE,0.000000,0.289406,1,0,-1,-1,-2.000000,-2.000000,0.000000,0.000000,0
cvs16r128-89,config1,3,FOUND INTEGER FEASIBLE,0.000000,0.290881,1,0,-1,-1,-2.000000,-2.000000,0.000000,0.000000,0
cvs16r128-89,config3,1,FOUND INTEGER FEASIBLE,0.000000,0.078816,0,0,-1,-1,0.000000,0.000000,0.000000,0.000000,0
cvs16r128-89,config3,2,FOUND INTEGER FEASIBLE,0.000000,0.079010,0,0,-1,-1,0.000000,0.000000,0.000000,0.000000,0
cvs16r128-89,config3,3,FOUND INTEGER FEASIBLE,0.000000,0.079320,0,0,-1,-1,0.000000,0.000000,0.000000,0.000000,0
cvs16r128-89,config20,1,FOUND INTEGER FEASIBLE,0.000000,0.392376,1,0,-1,-1,-2.000000,-2.000000,0.000000,0.000000,0
cvs16r128-89,config20,2,FOUND INTEGER FEASIBLE,0.000000,0.313266,1,0,-1,-1,-2.000000,-2.000000,0.000000,0.000000,0
cvs16r128-89,config20,3,FOUND INTEGER FEASIBLE,0.000000,0.387176,1,0,-1,-1,-2.000000,-2.000000,0.000000,0.000000,0
cvs16r128-89,config16,1,FOUND INTEGER FEASIBLE,1.059894,1.135138,0,3,0,0,-11.000000,-11.000000,0.000000,0.000000,0
cvs16r128-89,config16,2,FOUND INTEGER FEASIBLE,1.059784,1.132948,0,3,0,0,-11.000000,-11.000000,0.000000,0.000000,0
cvs16r128-89,config16,3,FOUND INTEGER FEASIBLE,1.064993,1.137768,0,3,0,0,-11.000000,-11.000000,0.000000,0.000000,0
cvs16r128-89,config17,1,FOUND INTEGER FEASIBLE,0.005590,0.080335,0,1,0,0,0.000000,0.000000,0.000000,0.000000,0
cvs16r128-89,config17,2,FOUND INTEGER FEASIBLE,0.005641,0.081411,0,1,0,0,0.000000,0.000000,0.000000,0.000000,0
cvs16r128-89,config17,3,FOUND INTEGER FEASIBLE,0.005541,0.079557,0,1,0,0,0.000000,0.000000,0.000000,0.000000,0
cvs16r128-89,config21,1,FOUND INTEGER FEASIBLE,0.844306,0.915812,0,3,0,0,-11.000000,-11.000000,0.000000,0.000000,0
cvs16r128-89,config21,2,FOUND INTEGER FEASIBLE,0.903921,0.978621,0,3,0,0,-11.000000,-11.000000,0.000000,0.000000,0
cvs16r128-89,config21,3,FOUND INTEGER FEASIBLE,0.907173,0.982365,0,3,0,0,-11.000000,-11.000000,0.000000,0.000000,0
cvs16r128-89,config23,1,FOUND INTEGER FEASIBLE,0.901770,0.976255,0,3,0,0,0.000000,0.000000,0.000000,0.000000,0
cvs16r128-89,config23,2,FOUND INTEGER FEASIBLE,0.901307,0.976861,0,3,0,0,0.000000,0.000000,0.000000,0.000000,0
cvs16r128-89,config23,3,FOUND INTEGER FEASIBLE,0.902534,0.977265,0,3,0,0,0.000000,0.000000,0.000000,0.000000,0
cvs16r128-89,config19,1,FOUND INTEGER FEASIBLE,0.000000,0.016950,0,0,-1,-1,0.000000,0.000000,0.000000,0.000000,0
cvs16r128-89,config19,2,FOUND INTEGER FEASIBLE,0.000000,0.009267,0,0,-1,-1,0.000000,0.000000,0.000000,0.000000,0
cvs16r128-89,config19,3,FOUND INTEGER FEASIBLE,0.000000,0.011291,0,0,-1,-1,0.000000,0.000000,0.000000,0.000000,0
cvs16r128-89,config18,1,FOUND INTEGER FEASIBLE,0.000000,0.009654,0,0,-1,-1,0.000000,0.000000,0.000000,0.000000,0
cvs16r128-89,config18,2,FOUND INTEGER FEASIBLE,0.000000,0.012491,0,0,-1,-1,0.000000,0.000000,0.000000,0.000000,0
cvs16r128-89,config18,3,FOUND INTEGER FEASIBLE,0.000000,0.013313,0,0,-1,-1,0.000000,0.000000,0.000000,0.000000,0
dano3_3,config1,1,FOUND INTEGER FEASIBLE,0.000000,6.203929,1,0,-1,-1,620.597739,576.396385,0.000000,0.000000,0
dano3_3,config1,2,FOUND INTEGER FEASIBLE,0.000000,6.130409,1,0,-1,-1,620.597739,576.396385,0.000000,0.000000,0
dano3_3,config1,3,FOUND INTEGER FEASIBLE,0.000000,6.171562,1,0,-1,-1,611.189703,576.344633,0.000000,0.000000,0
dano3_3,config3,1,FOUND INTEGER FEASIBLE,0.000000,1.840764,1,0,-1,-1,23000.000000,581.584375,0.000000,0.000000,0
dano3_3,config3,2,FOUND INTEGER FEASIBLE,0.000000,1.847333,1,0,-1,-1,23000.000000,581.584375,0.000000,0.000000,0
dano3_3,config3,3,FOUND INTEGER FEASIBLE,0.000000,1.880549,1,0,-1,-1,23000.000000,582.481746,0.000000,0.000000,0
dano3_3,config20,1,FOUND INTEGER FEASIBLE,0.000000,2.509669,1,0,-1,-1,23000.000000,582.481773,0.000000,0.000000,0
dano3_3,config20,2,FOUND INTEGER FEASIBLE,0.000000,2.415352,1,0,-1,-1,23000.000000,581.584375,0.000000,0.000000,0
dano3_3,config20,3,FOUND INTEGER FEASIBLE,0.000000,2.613269,1,0,-1,-1,23000.000000,582.506001,0.000000,0.000000,0
dano3_3,config16,1,FOUND INTEGER FEASIBLE,41.200776,50.112754,1,7,0,0,583.730889,576.407689,0.000000,0.000000,0
dano3_3,config16,2,FOUND INTEGER FEASIBLE,40.972733,49.798699,1,7,0,0,583.730889,576.407689,0.000000,0.000000,0
dano3_3,config16,3,FOUND INTEGER FEASIBLE,40.993427,49.825158,1,7,0,0,583.730889,576.407689,0.000000,0.000000,0
dano3_3,config17,1,FOUND INTEGER FEASIBLE,4.677857,5.246806,1,7,0,0,23000.000000,585.444949,0.000000,0.000000,0
dano3_3,config17,2,FOUND INTEGER FEASIBLE,4.677630,5.262558,1,7,0,0,23000.000000,650.500000,0.000000,0.000000,0
dano3_3,config17,3,FOUND INTEGER FEASIBLE,4.685684,5.193937,1,7,0,0,23000.000000,583.700583,0.000000,0.000000,0
dano3_3,config21,1,FOUND INTEGER FEASIBLE,4.416602,6.588028,1,8,0,0,23000.000000,583.939414,0.000000,0.000000,0
dano3_3,config21,2,FOUND INTEGER FEASIBLE,4.385716,6.561562,1,8,0,0,23000.000000,583.939414,0.000000,0.000000,0
dano3_3,config21,3,FOUND INTEGER FEASIBLE,4.401020,6.667293,1,8,0,0,23000.000000,583.396094,0.000000,0.000000,0
dano3_3,config23,1,FOUND INTEGER FEASIBLE,4.408600,6.447834,1,8,0,0,23000.000000,616.666667,0.000000,0.000000,0
dano3_3,config23,2,FOUND INTEGER FEASIBLE,4.401638,6.395333,1,8,0,0,23000.000000,616.666667,0.000000,0.000000,0
dano3_3,config23,3,FOUND INTEGER FEASIBLE,4.381741,6.471976,1,8,0,0,23000.000000,584.381055,0.000000,0.000000,0
dano3_3,config19,1,FOUND INTEGER FEASIBLE,0.000000,17.187429,0,0,-1,-1,577.455291,577.455291,0.000000,0.000000,0
dano3_3,config19,2,FOUND INTEGER FEASIBLE,0.000000,16.113513,0,0,-1,-1,577.455291,577.455291,0.000000,0.000000,0
dano3_3,config19,3,FOUND INTEGER FEASIBLE,0.000000,16.133899,0,0,-1,-1,577.455291,577.455291,0.000000,0.000000,0
dano3_3,config18,1,FOUND INTEGER FEASIBLE,0.000000,19.858323,0,0,-1,-1,576.437123,576.437123,0.000000,0.000000,0
dano3_3,config18,2,FOUND INTEGER FEASIBLE,0.000000,19.918108,0,0,-1,-1,576.437123,576.437123,0.000000,0.000000,0
dano3_3,config18,3,FOUND INTEGER FEASIBLE,0.000000,19.806197,0,0,-1,-1,576.437123,576.437123,0.000000,0.000000,0
dano3_5,config1,1,FOUND INTEGER FEASIBLE,0.000000,5.686800,1,0,-1,-1,685.535660,578.752760,0.000000,0.000000,0
dano3_5,config1,2,FOUND INTEGER FEASIBLE,0.000000,5.698663,1,0,-1,-1,685.535660,578.752760,0.000000,0.000000,0
dano3_5,config1,3,FOUND INTEGER FEASIBLE,0.000000,5.665580,1,0,-1,-1,646.184953,578.648269,0.000000,0.000000,0
dano3_5,config3,1,FOUND INTEGER FEASIBLE,0.000000,2.242400,1,0,-1,-1,23000.000000,587.890058,0.000000,0.000000,0
dano3_5,config3,2,FOUND INTEGER FEASIBLE,0.000000,1.234486,1,0,-1,-1,23000.000000,587.890058,0.000000,0.000000,0
dano3_5,config3,3,FOUND INTEGER FEASIBLE,0.000000,2.362545,1,0,-1,-1,23000.000000,583.389156,0.000000,0.000000,0
dano3_5,config20,1,FOUND INTEGER FEASIBLE,0.000000,2.886314,1,0,-1,-1,23000.000000,588.488076,0.000000,0.000000,0
dano3_5,config20,2,FOUND INTEGER FEASIBLE,0.000000,2.884391,1,0,-1,-1,23000.000000,588.488076,0.000000,0.000000,0
dano3_5,config20,3,FOUND INTEGER FEASIBLE,0.000000,2.979865,1,0,-1,-1,23000.000000,586.200377,0.000000,0.000000,0
dano3_5,config16,1,FOUND INTEGER FEASIBLE,38.330053,53.770063,1,6,0,0,584.931319,578.648269,0.000000,0.000000,0
dano3_5,config16,2,FOUND INTEGER FEASIBLE,38.147333,53.584590,1,6,0,0,584.931319,578.648269,0.000000,0.000000,0
dano3_5,config16,3,FOUND INTEGER FEASIBLE,38.323720,53.896716,1,6,0,0,583.622841,578.728198,0.000000,0.000000,0
dano3_5,config17,1,FOUND INTEGER FEASIBLE,4.715839,6.394433,1,10,0,0,22000.000000,584.112291,0.000000,0.000000,0
dano3_5,config17,2,FOUND INTEGER FEASIBLE,4.687169,6.409364,1,10,0,0,22000.000000,583.833959,0.000000,0.000000,0
dano3_5,config17,3,FOUND INTEGER FEASIBLE,3.779771,5.451044,1,10,0,0,22000.000000,590.827327,0.000000,0.000000,0
dano3_5,config21,1,FOUND INTEGER FEASIBLE,4.431122,5.743262,1,10,0,0,22000.000000,585.633547,0.000000,0.000000,0
dano3_5,config21,2,FOUND INTEGER FEASIBLE,4.452275,5.766567,1,10,0,0,22000.000000,585.384255,0.000000,0.000000,0
dano3_5,config21,3,FOUND INTEGER FEASIBLE,4.447654,5.965768,1,10,0,0,22000.000000,585.540894,0.000000,0.000000,0
dano3_5,config23,1,FOUND INTEGER FEASIBLE,4.442757,5.736653,1,10,0,0,22000.000000,586.715231,0.000000,0.000000,0
dano3_5,config23,2,FOUND INTEGER FEASIBLE,4.427496,6.018832,1,10,0,0,22000.000000,588.148435,0.000000,0.000000,0
dano3_5,config23,3,FOUND INTEGER FEASIBLE,4.442712,5.781544,1,10,0,0,22000.000000,587.132793,0.000000,0.000000,0
dano3_5,config19,1,FOUND INTEGER FEASIBLE,0.000000,34.555579,0,0,-1,-1,578.648269,578.648269,0.000000,0.000000,0
dano3_5,config19,2,FOUND INTEGER FEASIBLE,0.000000,35.374659,0,0,-1,-1,578.648269,578.648269,0.000000,0.000000,0
dano3_5,config19,3,FOUND INTEGER FEASIBLE,0.000000,34.561496,0,0,-1,-1,578.648269,578.648269,0.000000,0.000000,0
dano3_5,config18,1,FOUND INTEGER FEASIBLE,0.000000,34.730488,0,0,-1,-1,578.648269,578.648269,0.000000,0.000000,0
dano3_5,config18,2,FOUND INTEGER FEASIBLE,0.000000,34.796347,0,0,-1,-1,578.648269,578.648269,0.000000,0.000000,0
dano3_5,config18,3,FOUND INTEGER FEASIBLE,0.000000,34.767579,0,0,-1,-1,578.648269,578.648269,0.000000,0.000000,0
decomp2,config1,1,FOUND INTEGER FEASIBLE,0.000000,0.552604,1,0,-1,-1,-160.000000,-160.000000,0.000000,0.000000,0
decomp2,config1,2,FOUND INTEGER FEASIBLE,0.000000,0.554514,1,0,-1,-1,-160.000000,-160.000000,0.000000,0.000000,0
decomp2,config1,3,FOUND INTEGER FEASIBLE,0.000000,0.553924,1,0,-1,-1,-160.000000,-160.000000,0.000000,0.000000,0
decomp2,config3,1,FOUND INTEGER FEASIBLE,0.000000,0.881078,12,0,-1,-1,-56.000000,-56.000000,0.000000,0.000000,0
decomp2,config3,2,FOUND INTEGER FEASIBLE,0.000000,0.868904,12,0,-1,-1,-58.000000,-58.000000,0.000000,0.000000,0
decomp2,config3,3,FOUND INTEGER FEASIBLE,0.000000,0.923613,14,0,-1,-1,-46.000000,-46.000000,0.000000,0.000000,0
decomp2,config20,1,FOUND INTEGER FEASIBLE,0.000000,0.961633,18,0,-1,-1,84.000000,84.000000,0.000000,0.000000,0
decomp2,config20,2,FOUND INTEGER FEASIBLE,0.000000,0.968918,19,0,-1,-1,84.000000,84.000000,0.000000,0.000000,0
decomp2,config20,3,FOUND INTEGER FEASIBLE,0.000000,0.956629,18,0,-1,-1,80.000000,80.000000,0.000000,0.000000,0
decomp2,config16,1,FOUND INTEGER FEASIBLE,0.039280,1.436204,126,8,1,0,-51.000000,-51.000000,0.000000,0.000000,0
decomp2,config16,2,FOUND INTEGER FEASIBLE,0.039339,1.656655,161,8,1,0,-29.000000,-29.000000,0.000000,0.000000,0
decomp2,config16,3,FOUND INTEGER FEASIBLE,0.078562,2.516257,111,8,1,0,-78.000000,-78.000000,0.000000,0.000000,0
decomp2,config17,1,FOUND INTEGER FEASIBLE,0.104446,1.112659,22,10,1,1,-38.000000,-38.000000,0.000000,0.000000,0
decomp2,config17,2,FOUND INTEGER FEASIBLE,0.104400,1.292814,36,10,1,1,-30.000000,-30.000000,0.000000,0.000000,0
decomp2,config17,3,FOUND INTEGER FEASIBLE,0.104395,1.105644,19,10,1,1,-48.000000,-48.000000,0.000000,0.000000,0
decomp2,config21,1,FOUND INTEGER FEASIBLE,0.130869,4.293737,452,11,3,0,65.000000,65.000000,0.000000,0.000000,0
decomp2,config21,2,FOUND INTEGER FEASIBLE,0.130613,5.600935,619,11,5,0,51.000000,51.000000,0.000000,0.000000,0
decomp2,config21,3,FOUND INTEGER FEASIBLE,0.131053,3.604460,340,11,2,0,69.000000,69.000000,0.000000,0.000000,0
decomp2,config23,1,FOUND INTEGER FEASIBLE,0.131357,7.829178,957,11,10,0,60.000000,60.000000,0.000000,0.000000,0
decomp2,config23,2,FOUND INTEGER FEASIBLE,0.130732,2.827379,224,11,1,0,46.000000,46.000000,0.000000,0.000000,0
decomp2,config23,3,FOUND INTEGER FEASIBLE,0.131588,4.695504,515,11,4,0,67.000000,67.000000,0.000000,0.000000,0
decomp2,config19,1,FOUND INTEGER FEASIBLE,0.000000,0.208461,0,0,-1,-1,-44.000000,-44.000000,0.000000,0.000000,0
decomp2,config19,2,FOUND INTEGER FEASIBLE,0.000000,0.280421,0,0,-1,-1,-44.000000,-44.000000,0.000000,0.000000,0
decomp2,config19,3,FOUND INTEGER FEASIBLE,0.000000,0.282423,0,0,-1,-1,-44.000000,-44.000000,0.000000,0.000000,0
decomp2,config18,1,FOUND INTEGER FEASIBLE,0.000000,0.186270,0,0,-1,-1,-44.000000,-44.000000,0.000000,0.000000,0
decomp2,config18,2,FOUND INTEGER FEASIBLE,0.000000,0.296609,0,0,-1,-1,-44.000000,-44.000000,0.000000,0.000000,0
decomp2,config18,3,FOUND INTEGER FEASIBLE,0.000000,0.283201,0,0,-1,-1,-44.000000,-44.000000,0.000000,0.000000,0
drayage-100-23,config1,1,FOUND INTEGER FEASIBLE,0.000000,0.243957,4,0,-1,-1,144638.643665,144638.643665,0.000000,0.000000,0
drayage-100-23,config1,2,FOUND INTEGER FEASIBLE,0.000000,0.247390,4,0,-1,-1,144945.500507,144945.500507,0.000000,0.000000,0
drayage-100-23,config1,3,FOUND INTEGER FEASIBLE,0.000000,0.285483,6,0,-1,-1,144638.643665,144638.643665,0.000000,0.000000,0
drayage-100-23,config3,1,FOUND INTEGER FEASIBLE,0.000000,0.171564,2,0,-1,-1,794235.581818,794235.581818,0.000000,0.000000,0
drayage-100-23,config3,2,FOUND INTEGER FEASIBLE,0.000000,0.172574,2,0,-1,-1,794235.581818,794235.581818,0.000000,0.000000,0
drayage-100-23,config3,3,FOUND INTEGER FEASIBLE,0.000000,0.172205,2,0,-1,-1,794235.581818,794235.581818,0.000000,0.000000,0
drayage-100-23,config20,1,FOUND INTEGER FEASIBLE,0.000000,0.170093,1,0,-1,-1,288589.986076,288589.986076,0.000000,0.000000,0
drayage-100-23,config20,2,FOUND INTEGER FEASIBLE,0.000000,0.110477,1,0,-1,-1,288589.986076,288589.986076,0.000000,0.000000,0
drayage-100-23,config20,3,FOUND INTEGER FEASIBLE,0.000000,0.164675,1,0,-1,-1,282477.440758,282477.440758,0.000000,0.000000,0
drayage-100-23,config16,1,FOUND INTEGER FEASIBLE,0.063951,0.307725,3,13,2,2,131936.475563,131936.475563,0.000000,0.000000,0
drayage-100-23,config16,2,FOUND INTEGER FEASIBLE,0.042643,0.194948,2,13,2,2,131936.475563,131936.475563,0.000000,0.000000,0
drayage-100-23,config16,3,FOUND INTEGER FEASIBLE,0.041776,0.186555,2,13,2,2,131936.475563,131936.475563,0.000000,0.000000,0
drayage-100-23,config17,1,FOUND INTEGER FEASIBLE,0.060860,0.263431,0,8,0,0,296054.858265,296054.858265,0.000000,0.000000,0
drayage-100-23,config17,2,FOUND INTEGER FEASIBLE,0.060326,0.257667,0,8,0,0,296054.858265,296054.858265,0.000000,0.000000,0
drayage-100-23,config17,3,FOUND INTEGER FEASIBLE,0.060503,0.256409,0,8,0,0,296054.858265,296054.858265,0.000000,0.000000,0
drayage-100-23,config21,1,FOUND INTEGER FEASIBLE,0.065343,0.264711,1,9,0,0,238356.398506,238356.398506,0.000000,0.000000,0
drayage-100-23,config21,2,FOUND INTEGER FEASIBLE,0.063099,0.259163,1,9,0,0,256937.214031,256937.214031,0.000000,0.000000,0
drayage-100-23,config21,3,FOUND INTEGER FEASIBLE,0.062945,0.266907,1,9,0,0,242590.170708,242590.170708,0.000000,0.000000,0
drayage-100-23,config23,1,FOUND INTEGER FEASIBLE,0.063154,0.269491,1,9,0,0,235486.012688,235486.012688,0.000000,0.000000,0
drayage-100-23,config23,2,FOUND INTEGER FEASIBLE,0.063279,0.263304,1,9,0,0,235486.012688,235486.012688,0.000000,0.000000,0
drayage-100-23,config23,3,FOUND INTEGER FEASIBLE,0.063213,0.263770,1,9,0,0,235486.012688,235486.012688,0.000000,0.000000,0
drayage-100-23,config19,1,FOUND INTEGER FEASIBLE,0.000000,0.045119,0,0,-1,-1,985824.910583,985824.910583,0.000000,0.000000,0
drayage-100-23,config19,2,FOUND INTEGER FEASIBLE,0.000000,0.022204,0,0,-1,-1,985824.910583,985824.910583,0.000000,0.000000,0
drayage-100-23,config19,3,FOUND INTEGER FEASIBLE,0.000000,0.030017,0,0,-1,-1,985824.910583,985824.910583,0.000000,0.000000,0
drayage-100-23,config18,1,FOUND INTEGER FEASIBLE,0.000000,0.046350,0,0,-1,-1,985824.910583,985824.910583,0.000000,0.000000,0
drayage-100-23,config18,2,FOUND INTEGER FEASIBLE,0.000000,0.020857,0,0,-1,-1,985824.910583,985824.910583,0.000000,0.000000,0
drayage-100-23,config18,3,FOUND INTEGER FEASIBLE,0.000000,0.030320,0,0,-1,-1,985824.910583,985824.910583,0.000000,0.000000,0
drayage-25-23,config1,1,FOUND INTEGER FEASIBLE,0.000000,0.240221,3,0,-1,-1,147542.337513,147542.337513,0.000000,0.000000,0
drayage-25-23,config1,2,FOUND INTEGER FEASIBLE,0.000000,0.239105,3,0,-1,-1,157628.422565,157628.422565,0.000000,0.000000,0
drayage-25-23,config1,3,FOUND INTEGER FEASIBLE,0.000000,0.240910,3,0,-1,-1,147542.337513,147542.337513,0.000000,0.000000,0
drayage-25-23,config3,1,FOUND INTEGER FEASIBLE,0.000000,0.161997,1,0,-1,-1,816269.235878,816269.235878,0.000000,0.000000,0
drayage-25-23,config3,2,FOUND INTEGER FEASIBLE,0.000000,0.159705,1,0,-1,-1,816269.235878,816269.235878,0.000000,0.000000,0
drayage-25-23,config3,3,FOUND INTEGER FEASIBLE,0.000000,0.175375,2,0,-1,-1,816269.235878,816269.235878,0.000000,0.000000,0
drayage-25-23,config20,1,FOUND INTEGER FEASIBLE,0.000000,0.189487,1,0,-1,-1,243641.116619,243641.116619,0.000000,0.000000,0
drayage-25-23,config20,2,FOUND INTEGER FEASIBLE,0.000000,0.107143,1,0,-1,-1,243641.116619,243641.116619,0.000000,0.000000,0
drayage-25-23,config20,3,FOUND INTEGER FEASIBLE,0.000000,0.095489,1,0,-1,-1,240042.915630,240042.915630,0.000000,0.000000,0
drayage-25-23,config16,1,FOUND INTEGER FEASIBLE,0.062995,0.291156,1,13,2,2,128306.133842,128306.133842,0.000000,0.000000,0
drayage-25-23,config16,2,FOUND INTEGER FEASIBLE,0.063100,0.281129,1,13,2,2,128306.133842,128306.133842,0.000000,0.000000,0
drayage-25-23,config16,3,FOUND INTEGER FEASIBLE,0.062931,0.281022,1,13,2,2,128306.133842,128306.133842,0.000000,0.000000,0
drayage-25-23,config17,1,FOUND INTEGER FEASIBLE,0.062102,0.294506,1,5,0,0,390190.231762,390190.231762,0.000000,0.000000,0
drayage-25-23,config17,2,FOUND INTEGER FEASIBLE,0.062323,0.295132,1,5,0,0,390190.231762,390190.231762,0.000000,0.000000,0
drayage-25-23,config17,3,FOUND INTEGER FEASIBLE,0.062133,0.293488,1,5,0,0,379252.397060,379252.397060,0.000000,0.000000,0
drayage-25-23,config21,1,FOUND INTEGER FEASIBLE,0.075493,0.302585,1,10,0,0,490687.705536,490687.705536,0.000000,0.000000,0
drayage-25-23,config21,2,FOUND INTEGER FEASIBLE,0.075425,0.302482,1,10,0,0,490687.705536,490687.705536,0.000000,0.000000,0
drayage-25-23,config21,3,FOUND INTEGER FEASIBLE,0.075490,0.301853,1,10,0,0,490687.705536,490687.705536,0.000000,0.000000,0
drayage-25-23,config23,1,FOUND INTEGER FEASIBLE,0.075324,0.293481,1,10,0,0,209560.838928,209560.838928,0.000000,0.000000,0
drayage-25-23,config23,2,FOUND INTEGER FEASIBLE,0.075933,0.295065,1,10,0,0,209560.838928,209560.838928,0.000000,0.000000,0
drayage-25-23,config23,3,FOUND INTEGER FEASIBLE,0.075673,0.296563,1,10,0,0,238914.401550,238914.401550,0.000000,0.000000,0
drayage-25-23,config19,1,FOUND INTEGER FEASIBLE,0.000000,0.044444,0,0,-1,-1,985824.910583,985824.910583,0.000000,0.000000,0
drayage-25-23,config19,2,FOUND INTEGER FEASIBLE,0.000000,0.034358,0,0,-1,-1,985824.910583,985824.910583,0.000000,0.000000,0
drayage-25-23,config19,3,FOUND INTEGER FEASIBLE,0.000000,0.030718,0,0,-1,-1,985824.910583,985824.910583,0.000000,0.000000,0
drayage-25-23,config18,1,FOUND INTEGER FEASIBLE,0.000000,0.044449,0,0,-1,-1,985824.910583,985824.910583,0.000000,0.000000,0
drayage-25-23,config18,2,FOUND INTEGER FEASIBLE,0.000000,0.031948,0,0,-1,-1,985824.910583,985824.910583,0.000000,0.000000,0
drayage-25-23,config18,3,FOUND INTEGER FEASIBLE,0.000000,0.020345,0,0,-1,-1,985824.910583,985824.910583,0.000000,0.000000,0
dws008-01,config1,1,FAILED TO FIND AN INTEGER FEASIBLE SOLUTION,0.000000,263.718982,12000,0,-1,-1,0.000000,0.000000,1.130867,1.130867,8
dws008-01,config1,2,FAILED TO FIND AN INTEGER FEASIBLE SOLUTION,0.000000,258.364007,12000,0,-1,-1,0.000000,0.000000,0.903967,0.893537,22
dws008-01,config1,3,FAILED TO FIND AN INTEGER FEASIBLE SOLUTION,0.000000,258.126073,12000,0,-1,-1,0.000000,0.000000,1.086790,1.086790,17
dws008-01,config3,1,FAILED TO FIND AN INTEGER FEASIBLE SOLUTION,0.000000,261.873887,12000,0,-1,-1,0.000000,0.000000,1.041473,1.008891,18
dws008-01,config3,2,FAILED TO FIND AN INTEGER FEASIBLE SOLUTION,0.000000,256.797732,12000,0,-1,-1,0.000000,0.000000,0.520216,0.520216,8
dws008-01,config3,3,FAILED TO FIND AN INTEGER FEASIBLE SOLUTION,0.000000,261.452104,12000,0,-1,-1,0.000000,0.000000,0.694098,0.694098,10
dws008-01,config20,1,FAILED TO FIND AN INTEGER FEASIBLE SOLUTION,0.000000,131.242249,12000,0,-1,-1,0.000000,0.000000,0.962420,0.962420,15
dws008-01,config20,2,FAILED TO FIND AN INTEGER FEASIBLE SOLUTION,0.000000,133.378440,12000,0,-1,-1,0.000000,0.000000,0.899075,0.899075,12
dws008-01,config20,3,FAILED TO FIND AN INTEGER FEASIBLE SOLUTION,0.000000,132.706063,12000,0,-1,-1,0.000000,0.000000,0.847925,0.847925,9
dws008-01,config16,1,FAILED TO FIND AN INTEGER FEASIBLE SOLUTION,0.090844,139.108858,12000,5,5,1,0.000000,0.000000,0.800856,0.763056,18
dws008-01,config16,2,FAILED TO FIND AN INTEGER FEASIBLE SOLUTION,0.090107,131.052252,12000,5,5,1,0.000000,0.000000,1.053856,1.053856,12
dws008-01,config16,3,FAILED TO FIND AN INTEGER FEASIBLE SOLUTION,0.090104,126.815243,12000,5,5,1,0.000000,0.000000,1.058126,1.058126,9
dws008-01,config17,1,FAILED TO FIND AN INTEGER FEASIBLE SOLUTION,0.105700,130.829457,12000,4,4,1,0.000000,0.000000,0.951573,0.943798,17
dws008-01,config17,2,FAILED TO FIND AN INTEGER FEASIBLE SOLUTION,0.105332,132.672286,12000,4,4,1,0.000000,0.000000,1.027450,1.027450,13
dws008-01,config17,3,FAILED TO FIND AN INTEGER FEASIBLE SOLUTION,0.106259,134.679911,12000,4,4,1,0.000000,0.000000,0.979212,0.979212,10
dws008-01,config21,1,FAILED TO FIND AN INTEGER FEASIBLE SOLUTION,0.183922,127.264443,12000,13,13,3,0.000000,0.000000,0.938537,0.938537,10
dws008-01,config21,2,FAILED TO FIND AN INTEGER FEASIBLE SOLUTION,0.181754,132.877172,12000,13,13,3,0.000000,0.000000,0.966007,0.966007,14
dws008-01,config21,3,FAILED TO FIND AN INTEGER FEASIBLE SOLUTION,0.183646,129.119565,12000,13,13,3,0.000000,0.000000,1.021155,1.021155,14
dws008-01,config23,1,FAILED TO FIND AN INTEGER FEASIBLE SOLUTION,0.182960,131.017394,12000,13,13,3,0.000000,0.000000,1.157355,1.157355,13
dws008-01,config23,2,FAILED TO FIND AN INTEGER FEASIBLE SOLUTION,0.183532,130.733481,12000,13,13,3,0.000000,0.000000,0.702117,0.702117,10
dws008-01,config23,3,FAILED TO FIND AN INTEGER FEASIBLE SOLUTION,0.183638,130.841055,12000,13,13,3,0.000000,0.000000,0.801024,0.801024,12
dws008-01,config19,1,FOUND INTEGER FEASIBLE,0.000000,4.429919,0,0,-1,-1,55962.518269,55962.518269,0.000000,0.000000,0
dws008-01,config19,2,FOUND INTEGER FEASIBLE,0.000000,4.794137,0,0,-1,-1,55962.518269,55962.518269,0.000000,0.000000,0
dws008-01,config19,3,FOUND INTEGER FEASIBLE,0.000000,4.798824,0,0,-1,-1,55962.518269,55962.518269,0.000000,0.000000,0
dws008-01,config18,1,FOUND INTEGER FEASIBLE,0.000000,7.861484,0,0,-1,-1,54446.154373,54446.154373,0.000000,0.000000,0
dws008-01,config18,2,FOUND INTEGER FEASIBLE,0.000000,7.996904,0,0,-1,-1,54446.154373,54446.154373,0.000000,0.000000,0
dws008-01,config18,3,FOUND INTEGER FEASIBLE,0.000000,7.983195,0,0,-1,-1,54446.154373,54446.154373,0.000000,0.000000,0
eil33-2,config1,1,FOUND INTEGER FEASIBLE,0.000000,0.381344,11,0,-1,-1,1094.532044,1094.532044,0.000000,0.000000,0
eil33-2,config1,2,FOUND INTEGER FEASIBLE,0.000000,1.242334,54,0,-1,-1,1299.557689,1299.557689,0.000000,0.000000,0
eil33-2,config1,3,FOUND INTEGER FEASIBLE,0.000000,1.844368,78,0,-1,-1,1701.699920,1701.699920,0.000000,0.000000,0
eil33-2,config3,1,FOUND INTEGER FEASIBLE,0.000000,1.483557,60,0,-1,-1,1869.944653,1869.944653,0.000000,0.000000,0
eil33-2,config3,2,FOUND INTEGER FEASIBLE,0.000000,2.256674,108,0,-1,-1,1598.696531,1598.696531,0.000000,0.000000,0
eil33-2,config3,3,FOUND INTEGER FEASIBLE,0.000000,5.562579,376,0,-1,-1,1963.024177,1963.024177,0.000000,0.000000,0
eil33-2,config20,1,FOUND INTEGER FEASIBLE,0.000000,0.113933,0,0,-1,-1,5050.240144,5050.240144,0.000000,0.000000,0
eil33-2,config20,2,FOUND INTEGER FEASIBLE,0.000000,0.062917,0,0,-1,-1,5050.240144,5050.240144,0.000000,0.000000,0
eil33-2,config20,3,FOUND INTEGER FEASIBLE,0.000000,0.100174,0,0,-1,-1,5050.240144,5050.240144,0.000000,0.000000,0
eil33-2,config16,1,FOUND INTEGER FEASIBLE,0.049376,0.320041,11,1,1,1,1094.532044,1094.532044,0.000000,0.000000,0
eil33-2,config16,2,FOUND INTEGER FEASIBLE,0.032715,0.475472,54,1,1,1,1299.557689,1299.557689,0.000000,0.000000,0
eil33-2,config16,3,FOUND INTEGER FEASIBLE,0.048917,0.969364,78,1,1,1,1701.699920,1701.699920,0.000000,0.000000,0
eil33-2,config17,1,FOUND INTEGER FEASIBLE,0.057889,0.874094,150,10,1,0,1549.549341,1549.549341,0.000000,0.000000,0
eil33-2,config17,2,FOUND INTEGER FEASIBLE,0.057889,0.563183,108,10,1,0,1566.982453,1566.982453,0.000000,0.000000,0
eil33-2,config17,3,FOUND INTEGER FEASIBLE,0.057814,0.814846,138,10,1,0,1845.917937,1845.917937,0.000000,0.000000,0
eil33-2,config21,1,FOUND INTEGER FEASIBLE,0.033148,2.509460,272,2,2,0,2044.592991,2044.592991,0.000000,0.000000,0
eil33-2,config21,2,FOUND INTEGER FEASIBLE,0.033037,1.181621,86,2,1,0,1300.206999,1300.206999,0.000000,0.000000,0
eil33-2,config21,3,FOUND INTEGER FEASIBLE,0.033261,1.839797,167,2,1,0,1618.820713,1618.820713,0.000000,0.000000,0
eil33-2,config23,1,FOUND INTEGER FEASIBLE,0.033138,1.563187,126,2,1,0,1278.241341,1278.241341,0.000000,0.000000,0
eil33-2,config23,2,FOUND INTEGER FEASIBLE,0.033094,2.441220,263,2,2,0,1407.278111,1407.278111,0.000000,0.000000,0
eil33-2,config23,3,FOUND INTEGER FEASIBLE,0.033098,2.149361,203,2,1,0,1429.610676,1429.610676,0.000000,0.000000,0
eil33-2,config19,1,FOUND INTEGER FEASIBLE,0.000000,0.024050,0,0,-1,-1,5050.240144,5050.240144,0.000000,0.000000,0
eil33-2,config19,2,FOUND INTEGER FEASIBLE,0.000000,0.016221,0,0,-1,-1,5050.240144,5050.240144,0.000000,0.000000,0
eil33-2,config19,3,FOUND INTEGER FEASIBLE,0.000000,0.014814,0,0,-1,-1,5050.240144,5050.240144,0.000000,0.000000,0
eil33-2,config18,1,FOUND INTEGER FEASIBLE,0.000000,0.024170,0,0,-1,-1,5050.240144,5050.240144,0.000000,0.000000,0
eil33-2,config18,2,FOUND INTEGER FEASIBLE,0.000000,0.016303,0,0,-1,-1,5050.240144,5050.240144,0.000000,0.000000,0
eil33-2,config18,3,FOUND INTEGER FEASIBLE,0.000000,0.016263,0,0,-1,-1,5050.240144,5050.240144,0.000000,0.000000,0
eilA101-2,config1,1,FOUND INTEGER FEASIBLE,0.000000,1523.881694,3246,0,-1,-1,2187.089138,2187.089138,0.000000,0.000000,0
eilA101-2,config1,2,FOUND INTEGER FEASIBLE,0.000000,569.445714,1218,0,-1,-1,3283.623868,3283.623868,0.000000,0.000000,0
eilA101-2,config1,3,FOUND INTEGER FEASIBLE,0.000000,1783.861018,3770,0,-1,-1,2204.241681,2204.241681,0.000000,0.000000,0
eilA101-2,config3,1,FOUND INTEGER FEASIBLE,0.000000,983.041453,2131,0,-1,-1,2627.022906,2627.022906,0.000000,0.000000,0
eilA101-2,config3,2,FOUND INTEGER FEASIBLE,0.000000,746.461315,1598,0,-1,-1,2488.393206,2488.393206,0.000000,0.000000,0
eilA101-2,config3,3,FOUND INTEGER FEASIBLE,0.000000,612.220468,1312,0,-1,-1,2241.340430,2241.340430,0.000000,0.000000,0
eilA101-2,config20,1,FOUND INTEGER FEASIBLE,0.000000,2.238781,0,0,-1,-1,4989.422626,4989.422626,0.000000,0.000000,0
eilA101-2,config20,2,FOUND INTEGER FEASIBLE,0.000000,2.139994,0,0,-1,-1,4989.422626,4989.422626,0.000000,0.000000,0
eilA101-2,config20,3,FOUND INTEGER FEASIBLE,0.000000,1.231829,0,0,-1,-1,4989.422626,4989.422626,0.000000,0.000000,0
eilA101-2,config16,1,FOUND INTEGER FEASIBLE,0.567585,1192.296733,3246,1,1,1,2187.089138,2187.089138,0.000000,0.000000,0
eilA101-2,config16,2,FOUND INTEGER FEASIBLE,0.849755,446.362148,1218,1,1,1,3283.623868,3283.623868,0.000000,0.000000,0
eilA101-2,config16,3,FOUND INTEGER FEASIBLE,0.903408,1432.312473,3770,1,1,1,2204.241681,2204.241681,0.000000,0.000000,0
eilA101-2,config17,1,FOUND INTEGER FEASIBLE,1.201360,513.310592,1229,11,11,0,2655.728920,2655.728920,0.000000,0.000000,0
eilA101-2,config17,2,FOUND INTEGER FEASIBLE,1.195216,1562.802755,4314,11,11,0,3010.935184,3010.935184,0.000000,0.000000,0
eilA101-2,config17,3,FOUND INTEGER FEASIBLE,0.848229,554.823622,1554,11,11,0,2779.378032,2779.378032,0.000000,0.000000,0
eilA101-2,config21,1,FOUND INTEGER FEASIBLE,0.723552,83.630239,187,2,2,0,1343.348244,1343.348244,0.000000,0.000000,0
eilA101-2,config21,2,FOUND INTEGER FEASIBLE,0.719137,343.867371,943,2,2,0,2424.843116,2424.843116,0.000000,0.000000,0
eilA101-2,config21,3,FOUND INTEGER FEASIBLE,0.719369,895.402598,2400,2,2,0,2560.273265,2560.273265,0.000000,0.000000,0
eilA101-2,config23,1,FOUND INTEGER FEASIBLE,0.625998,739.227981,1988,2,2,0,2668.678453,2668.678453,0.000000,0.000000,0
eilA101-2,config23,2,FOUND INTEGER FEASIBLE,0.725208,1690.616157,4517,2,2,0,2830.038974,2830.038974,0.000000,0.000000,0
eilA101-2,config23,3,FOUND INTEGER FEASIBLE,0.723425,1443.050267,4010,2,2,0,2649.185641,2649.185641,0.000000,0.000000,0
eilA101-2,config19,1,FOUND INTEGER FEASIBLE,0.000000,0.386008,0,0,-1,-1,4989.422626,4989.422626,0.000000,0.000000,0
eilA101-2,config19,2,FOUND INTEGER FEASIBLE,0.000000,0.270983,0,0,-1,-1,4989.422626,4989.422626,0.000000,0.000000,0
eilA101-2,config19,3,FOUND INTEGER FEASIBLE,0.000000,0.263681,0,0,-1,-1,4989.422626,4989.422626,0.000000,0.000000,0
eilA101-2,config18,1,FOUND INTEGER FEASIBLE,0.000000,0.401838,0,0,-1,-1,4989.422626,4989.422626,0.000000,0.000000,0
eilA101-2,config18,2,FOUND INTEGER FEASIBLE,0.000000,0.256512,0,0,-1,-1,4989.422626,4989.422626,0.000000,0.000000,0
eilA101-2,config18,3,FOUND INTEGER FEASIBLE,0.000000,0.255197,0,0,-1,-1,4989.422626,4989.422626,0.000000,0.000000,0
enlight_hard,config1,1,FAILED TO FIND AN INTEGER FEASIBLE SOLUTION,0.000000,1.156189,2001,0,-1,-1,0.000000,0.000000,0.500000,0.500000,1
enlight_hard,config1,2,FAILED TO FIND AN INTEGER FEASIBLE SOLUTION,0.000000,1.539309,2001,0,-1,-1,0.000000,0.000000,0.500000,0.500000,1
enlight_hard,config1,3,FAILED TO FIND AN INTEGER FEASIBLE SOLUTION,0.000000,1.513913,2001,0,-1,-1,0.000000,0.000000,0.500000,0.500000,1
enlight_hard,config3,1,FAILED TO FIND AN INTEGER FEASIBLE SOLUTION,0.000000,1.553277,2001,0,-1,-1,0.000000,0.000000,0.500000,0.500000,1
enlight_hard,config3,2,FAILED TO FIND AN INTEGER FEASIBLE SOLUTION,0.000000,1.529636,2001,0,-1,-1,0.000000,0.000000,0.500000,0.500000,1
enlight_hard,config3,3,FAILED TO FIND AN INTEGER FEASIBLE SOLUTION,0.000000,1.498590,2001,0,-1,-1,0.000000,0.000000,0.500000,0.500000,1
enlight_hard,config20,1,FAILED TO FIND AN INTEGER FEASIBLE SOLUTION,0.000000,2.988522,2001,0,-1,-1,0.000000,0.000000,0.500000,0.500000,1
enlight_hard,config20,2,FAILED TO FIND AN INTEGER FEASIBLE SOLUTION,0.000000,2.985128,2001,0,-1,-1,0.000000,0.000000,0.500000,0.500000,1
enlight_hard,config20,3,FAILED TO FIND AN INTEGER FEASIBLE SOLUTION,0.000000,3.034095,2001,0,-1,-1,0.000000,0.000000,0.500000,0.500000,1
enlight_hard,config16,1,FAILED TO FIND AN INTEGER FEASIBLE SOLUTION,0.003000,1.503636,2005,2,2,1,0.000000,0.000000,0.500000,0.500000,1
enlight_hard,config16,2,FAILED TO FIND AN INTEGER FEASIBLE SOLUTION,0.002845,1.472670,2002,2,2,1,0.000000,0.000000,1.000000,1.000000,2
enlight_hard,config16,3,FAILED TO FIND AN INTEGER FEASIBLE SOLUTION,0.002641,1.542456,2003,2,2,1,0.000000,0.000000,1.000000,1.000000,2
enlight_hard,config17,1,FAILED TO FIND AN INTEGER FEASIBLE SOLUTION,0.002829,1.485861,2001,2,2,1,0.000000,0.000000,1.000000,1.000000,2
enlight_hard,config17,2,FAILED TO FIND AN INTEGER FEASIBLE SOLUTION,0.002972,1.502440,2001,2,2,1,0.000000,0.000000,1.000000,1.000000,2
enlight_hard,config17,3,FAILED TO FIND AN INTEGER FEASIBLE SOLUTION,0.002474,1.501856,2001,2,2,1,0.000000,0.000000,0.500000,0.500000,1
enlight_hard,config21,1,FAILED TO FIND AN INTEGER FEASIBLE SOLUTION,0.003189,1.516005,2001,2,2,2,0.000000,0.000000,0.500000,0.500000,1
enlight_hard,config21,2,FAILED TO FIND AN INTEGER FEASIBLE SOLUTION,0.002997,1.469752,2001,2,2,2,0.000000,0.000000,0.500000,0.500000,1
enlight_hard,config21,3,FAILED TO FIND AN INTEGER FEASIBLE SOLUTION,0.003509,1.551326,2001,2,2,2,0.000000,0.000000,0.500000,0.500000,1
enlight_hard,config23,1,FAILED TO FIND AN INTEGER FEASIBLE SOLUTION,0.003192,1.498442,2001,2,2,2,0.000000,0.000000,0.500000,0.500000,1
enlight_hard,config23,2,FAILED TO FIND AN INTEGER FEASIBLE SOLUTION,0.002412,0.971248,2001,2,2,2,0.000000,0.000000,0.500000,0.500000,1
enlight_hard,config23,3,FAILED TO FIND AN INTEGER FEASIBLE SOLUTION,0.003036,1.483599,2001,2,2,2,0.000000,0.000000,0.500000,0.500000,1
enlight_hard,config19,1,FOUND INTEGER FEASIBLE,0.000000,0.013348,0,0,-1,-1,37.000000,37.000000,0.000000,0.000000,0
enlight_hard,config19,2,FOUND INTEGER FEASIBLE,0.000000,0.014653,0,0,-1,-1,37.000000,37.000000,0.000000,0.000000,0
enlight_hard,config19,3,FOUND INTEGER FEASIBLE,0.000000,0.009649,0,0,-1,-1,37.000000,37.000000,0.000000,0.000000,0
enlight_hard,config18,1,FOUND INTEGER FEASIBLE,0.000000,0.014390,0,0,-1,-1,37.000000,37.000000,0.000000,0.000000,0
enlight_hard,config18,2,FOUND INTEGER FEASIBLE,0.000000,0.013662,0,0,-1,-1,37.000000,37.000000,0.000000,0.000000,0
enlight_hard,config18,3,FOUND INTEGER FEASIBLE,0.000000,0.010739,0,0,-1,-1,37.000000,37.000000,0.000000,0.000000,0
ex10,config1,1,FAILED TO FIND AN INTEGER FEASIBLE SOLUTION,0.000000,3600,1,0,-1,-1,0.000000,0.000000,17680.000000,100000000000000000000.000000,17680
ex10,config1,2,FAILED TO FIND AN INTEGER FEASIBLE SOLUTION,0.000000,3600,1,0,-1,-1,0.000000,0.000000,17680.000000,100000000000000000000.000000,17680
ex10,config1,3,FAILED TO FIND AN INTEGER FEASIBLE SOLUTION,0.000000,3600,1,0,-1,-1,0.000000,0.000000,17680.000000,100000000000000000000.000000,17680
ex10,config3,1,FAILED TO FIND AN INTEGER FEASIBLE SOLUTION,0.000000,3600,1,0,-1,-1,0.000000,0.000000,17680.000000,100000000000000000000.000000,17680
ex10,config3,2,FAILED TO FIND AN INTEGER FEASIBLE SOLUTION,0.000000,3600,1,0,-1,-1,0.000000,0.000000,17680.000000,100000000000000000000.000000,17680
ex10,config3,3,FAILED TO FIND AN INTEGER FEASIBLE SOLUTION,0.000000,3600,1,0,-1,-1,0.000000,0.000000,17680.000000,100000000000000000000.000000,17680
ex10,config20,1,FAILED TO FIND AN INTEGER FEASIBLE SOLUTION,0.000000,3600,1,0,-1,-1,0.000000,0.000000,17680.000000,100000000000000000000.000000,17680
ex10,config20,2,FAILED TO FIND AN INTEGER FEASIBLE SOLUTION,0.000000,3600,1,0,-1,-1,0.000000,0.000000,17680.000000,100000000000000000000.000000,17680
ex10,config20,3,FAILED TO FIND AN INTEGER FEASIBLE SOLUTION,0.000000,3600,1,0,-1,-1,0.000000,0.000000,17680.000000,100000000000000000000.000000,17680
ex10,config16,1,FAILED TO FIND AN INTEGER FEASIBLE SOLUTION,3597.529571,3600,0,10,-1,-1,0.000000,0.000000,17680.000000,100000000000000000000.000000,17680
ex10,config16,2,FAILED TO FIND AN INTEGER FEASIBLE SOLUTION,3597.376912,3600,0,10,-1,-1,0.000000,0.000000,17680.000000,100000000000000000000.000000,17680
ex10,config16,3,FAILED TO FIND AN INTEGER FEASIBLE SOLUTION,3597.422112,3600,0,10,-1,-1,0.000000,0.000000,17680.000000,100000000000000000000.000000,17680
ex10,config17,1,FAILED TO FIND AN INTEGER FEASIBLE SOLUTION,3597.982425,3600,0,10,-1,-1,0.000000,0.000000,17680.000000,100000000000000000000.000000,17680
ex10,config17,2,FAILED TO FIND AN INTEGER FEASIBLE SOLUTION,3597.366810,3600,0,10,-1,-1,0.000000,0.000000,17680.000000,100000000000000000000.000000,17680
ex10,config17,3,FAILED TO FIND AN INTEGER FEASIBLE SOLUTION,3597.885351,3600,0,10,-1,-1,0.000000,0.000000,17680.000000,100000000000000000000.000000,17680
ex10,config21,1,FAILED TO FIND AN INTEGER FEASIBLE SOLUTION,3597.650673,3600,0,10,-1,-1,0.000000,0.000000,17680.000000,100000000000000000000.000000,17680
ex10,config21,2,FAILED TO FIND AN INTEGER FEASIBLE SOLUTION,3597.778457,3600,0,10,-1,-1,0.000000,0.000000,17680.000000,100000000000000000000.000000,17680
ex10,config21,3,FAILED TO FIND AN INTEGER FEASIBLE SOLUTION,3598.617657,3600,0,10,-1,-1,0.000000,0.000000,17680.000000,100000000000000000000.000000,17680
ex10,config23,1,FAILED TO FIND AN INTEGER FEASIBLE SOLUTION,3597.728230,3600,0,10,-1,-1,0.000000,0.000000,17680.000000,100000000000000000000.000000,17680
ex10,config23,2,FAILED TO FIND AN INTEGER FEASIBLE SOLUTION,3597.574791,3600,0,10,-1,-1,0.000000,0.000000,17680.000000,100000000000000000000.000000,17680
ex10,config23,3,FAILED TO FIND AN INTEGER FEASIBLE SOLUTION,3597.678971,3600,0,10,-1,-1,0.000000,0.000000,17680.000000,100000000000000000000.000000,17680
ex10,config19,1,FOUND INTEGER FEASIBLE,0.000000,16.114695,0,0,-1,-1,100.000000,100.000000,0.000000,0.000000,0
ex10,config19,2,FOUND INTEGER FEASIBLE,0.000000,15.952442,0,0,-1,-1,100.000000,100.000000,0.000000,0.000000,0
ex10,config19,3,FOUND INTEGER FEASIBLE,0.000000,16.051423,0,0,-1,-1,100.000000,100.000000,0.000000,0.000000,0
ex10,config18,1,FOUND INTEGER FEASIBLE,0.000000,16.367496,0,0,-1,-1,100.000000,100.000000,0.000000,0.000000,0
ex10,config18,2,FOUND INTEGER FEASIBLE,0.000000,15.206709,0,0,-1,-1,100.000000,100.000000,0.000000,0.000000,0
ex10,config18,3,FOUND INTEGER FEASIBLE,0.000000,16.344893,0,0,-1,-1,100.000000,100.000000,0.000000,0.000000,0
ex9,config1,1,FAILED TO FIND AN INTEGER FEASIBLE SOLUTION,0.000000,3600,12,0,-1,-1,0.000000,0.000000,69.308491,70.889710,1570
ex9,config1,2,FAILED TO FIND AN INTEGER FEASIBLE SOLUTION,0.000000,3600,14,0,-1,-1,0.000000,0.000000,69.602136,70.721084,1687
ex9,config1,3,FAILED TO FIND AN INTEGER FEASIBLE SOLUTION,0.000000,3600,13,0,-1,-1,0.000000,0.000000,75.808926,74.557054,1606
ex9,config3,1,FAILED TO FIND AN INTEGER FEASIBLE SOLUTION,0.000000,3600,7,0,-1,-1,0.000000,0.000000,71.469004,72.935486,1805
ex9,config3,2,FAILED TO FIND AN INTEGER FEASIBLE SOLUTION,0.000000,3600,7,0,-1,-1,0.000000,0.000000,71.469004,72.935486,1805
ex9,config3,3,FAILED TO FIND AN INTEGER FEASIBLE SOLUTION,0.000000,3600,7,0,-1,-1,0.000000,0.000000,71.469004,72.935486,1805
ex9,config20,1,FOUND INTEGER FEASIBLE,0.000000,1448.845467,7,0,-1,-1,81.000000,81.000000,0.000000,0.000000,0
ex9,config20,2,FOUND INTEGER FEASIBLE,0.000000,1452.603937,7,0,-1,-1,81.000000,81.000000,0.000000,0.000000,0
ex9,config20,3,FOUND INTEGER FEASIBLE,0.000000,1427.659262,7,0,-1,-1,81.000000,81.000000,0.000000,0.000000,0
ex9,config16,1,FAILED TO FIND AN INTEGER FEASIBLE SOLUTION,2779.351016,3600,1,9,9,-1,0.000000,0.000000,10404.000000,100000000000000000000.000000,10404
ex9,config16,2,FAILED TO FIND AN INTEGER FEASIBLE SOLUTION,2764.942043,3600,1,9,9,-1,0.000000,0.000000,10404.000000,100000000000000000000.000000,10404
ex9,config16,3,FAILED TO FIND AN INTEGER FEASIBLE SOLUTION,2776.548422,3600,1,9,9,-1,0.000000,0.000000,10404.000000,100000000000000000000.000000,10404
ex9,config17,1,FAILED TO FIND AN INTEGER FEASIBLE SOLUTION,2867.456868,3600,1,10,10,-1,0.000000,0.000000,10404.000000,100000000000000000000.000000,10404
ex9,config17,2,FAILED TO FIND AN INTEGER FEASIBLE SOLUTION,2874.816935,3600,1,10,10,-1,0.000000,0.000000,10404.000000,100000000000000000000.000000,10404
ex9,config17,3,FAILED TO FIND AN INTEGER FEASIBLE SOLUTION,2880.954698,3600,1,10,10,-1,0.000000,0.000000,10404.000000,100000000000000000000.000000,10404
ex9,config21,1,FAILED TO FIND AN INTEGER FEASIBLE SOLUTION,243.495271,3600,8,5,5,5,0.000000,0.000000,74.596161,79.591272,1773
ex9,config21,2,FAILED TO FIND AN INTEGER FEASIBLE SOLUTION,245.995414,3600,8,5,5,5,0.000000,0.000000,74.596161,79.591272,1773
ex9,config21,3,FAILED TO FIND AN INTEGER FEASIBLE SOLUTION,244.791056,3600,8,5,5,5,0.000000,0.000000,74.596161,79.591272,1773
ex9,config23,1,FAILED TO FIND AN INTEGER FEASIBLE SOLUTION,243.886624,3600,7,5,5,5,0.000000,0.000000,77.847818,82.223348,1652
ex9,config23,2,FAILED TO FIND AN INTEGER FEASIBLE SOLUTION,243.983007,3600,7,5,5,5,0.000000,0.000000,77.847818,82.223348,1652
ex9,config23,3,FAILED TO FIND AN INTEGER FEASIBLE SOLUTION,244.547264,3600,7,5,5,5,0.000000,0.000000,77.847818,82.223348,1652
ex9,config19,1,FOUND INTEGER FEASIBLE,0.000000,2.493604,0,0,-1,-1,81.000000,81.000000,0.000000,0.000000,0
ex9,config19,2,FOUND INTEGER FEASIBLE,0.000000,3.136416,0,0,-1,-1,81.000000,81.000000,0.000000,0.000000,0
ex9,config19,3,FOUND INTEGER FEASIBLE,0.000000,3.095767,0,0,-1,-1,81.000000,81.000000,0.000000,0.000000,0
ex9,config18,1,FOUND INTEGER FEASIBLE,0.000000,2.924036,0,0,-1,-1,81.000000,81.000000,0.000000,0.000000,0
ex9,config18,2,FOUND INTEGER FEASIBLE,0.000000,3.125653,0,0,-1,-1,81.000000,81.000000,0.000000,0.000000,0
ex9,config18,3,FOUND INTEGER FEASIBLE,0.000000,3.138407,0,0,-1,-1,81.000000,81.000000,0.000000,0.000000,0
exp-1-500-5-5,config1,1,FOUND INTEGER FEASIBLE,0.000000,0.023723,3,0,-1,-1,156799.000000,154744.000000,0.000000,0.000000,0
exp-1-500-5-5,config1,2,FOUND INTEGER FEASIBLE,0.000000,0.017613,3,0,-1,-1,175329.000000,175295.000000,0.000000,0.000000,0
exp-1-500-5-5,config1,3,FOUND INTEGER FEASIBLE,0.000000,0.020487,3,0,-1,-1,140369.000000,139083.000000,0.000000,0.000000,0
exp-1-500-5-5,config3,1,FOUND INTEGER FEASIBLE,0.000000,0.013424,0,0,-1,-1,215730.000000,215730.000000,0.000000,0.000000,0
exp-1-500-5-5,config3,2,FOUND INTEGER FEASIBLE,0.000000,0.013892,0,0,-1,-1,215730.000000,215730.000000,0.000000,0.000000,0
exp-1-500-5-5,config3,3,FOUND INTEGER FEASIBLE,0.000000,0.010842,0,0,-1,-1,215730.000000,215730.000000,0.000000,0.000000,0
exp-1-500-5-5,config20,1,FOUND INTEGER FEASIBLE,0.000000,0.016914,0,0,-1,-1,423478.000000,244518.000000,0.000000,0.000000,0
exp-1-500-5-5,config20,2,FOUND INTEGER FEASIBLE,0.000000,0.014807,0,0,-1,-1,423478.000000,244518.000000,0.000000,0.000000,0
exp-1-500-5-5,config20,3,FOUND INTEGER FEASIBLE,0.000000,0.015133,0,0,-1,-1,423478.000000,244518.000000,0.000000,0.000000,0
exp-1-500-5-5,config16,1,FOUND INTEGER FEASIBLE,0.007459,0.030312,3,9,0,0,131821.000000,130722.000000,0.000000,0.000000,0
exp-1-500-5-5,config16,2,FOUND INTEGER FEASIBLE,0.008379,0.034782,3,9,0,0,151455.000000,150184.000000,0.000000,0.000000,0
exp-1-500-5-5,config16,3,FOUND INTEGER FEASIBLE,0.007494,0.027528,3,9,0,0,129229.000000,128725.000000,0.000000,0.000000,0
exp-1-500-5-5,config17,1,FOUND INTEGER FEASIBLE,0.003827,0.019982,0,0,0,0,215730.000000,215730.000000,0.000000,0.000000,0
exp-1-500-5-5,config17,2,FOUND INTEGER FEASIBLE,0.003820,0.019318,0,0,0,0,215730.000000,215730.000000,0.000000,0.000000,0
exp-1-500-5-5,config17,3,FOUND INTEGER FEASIBLE,0.003933,0.020570,0,0,0,0,215730.000000,215730.000000,0.000000,0.000000,0
exp-1-500-5-5,config21,1,FOUND INTEGER FEASIBLE,0.005135,0.022782,0,0,0,0,423478.000000,244518.000000,0.000000,0.000000,0
exp-1-500-5-5,config21,2,FOUND INTEGER FEASIBLE,0.005040,0.022271,0,0,0,0,423478.000000,244518.000000,0.000000,0.000000,0
exp-1-500-5-5,config21,3,FOUND INTEGER FEASIBLE,0.005058,0.021795,0,0,0,0,423478.000000,244518.000000,0.000000,0.000000,0
exp-1-500-5-5,config23,1,FOUND INTEGER FEASIBLE,0.005005,0.020012,0,0,0,0,215730.000000,215730.000000,0.000000,0.000000,0
exp-1-500-5-5,config23,2,FOUND INTEGER FEASIBLE,0.005079,0.021659,0,0,0,0,215730.000000,215730.000000,0.000000,0.000000,0
exp-1-500-5-5,config23,3,FOUND INTEGER FEASIBLE,0.005036,0.021424,0,0,0,0,215730.000000,215730.000000,0.000000,0.000000,0
exp-1-500-5-5,config19,1,FOUND INTEGER FEASIBLE,0.000000,0.014528,0,0,-1,-1,469193.000000,185936.000000,0.000000,0.000000,0
exp-1-500-5-5,config19,2,FOUND INTEGER FEASIBLE,0.000000,0.011398,0,0,-1,-1,469193.000000,185936.000000,0.000000,0.000000,0
exp-1-500-5-5,config19,3,FOUND INTEGER FEASIBLE,0.000000,0.011072,0,0,-1,-1,469193.000000,185936.000000,0.000000,0.000000,0
exp-1-500-5-5,config18,1,FOUND INTEGER FEASIBLE,0.000000,0.014090,0,0,-1,-1,469193.000000,185936.000000,0.000000,0.000000,0
exp-1-500-5-5,config18,2,FOUND INTEGER FEASIBLE,0.000000,0.012433,0,0,-1,-1,469193.000000,185936.000000,0.000000,0.000000,0
exp-1-500-5-5,config18,3,FOUND INTEGER FEASIBLE,0.000000,0.011100,0,0,-1,-1,469193.000000,185936.000000,0.000000,0.000000,0
fast0507,config1,1,FOUND INTEGER FEASIBLE,0.000000,2.208855,1,0,-1,-1,204.000000,204.000000,0.000000,0.000000,0
fast0507,config1,2,FOUND INTEGER FEASIBLE,0.000000,2.011987,1,0,-1,-1,196.000000,196.000000,0.000000,0.000000,0
fast0507,config1,3,FOUND INTEGER FEASIBLE,0.000000,2.114400,1,0,-1,-1,265.000000,265.000000,0.000000,0.000000,0
fast0507,config3,1,FOUND INTEGER FEASIBLE,0.000000,2.558147,1,0,-1,-1,223.000000,223.000000,0.000000,0.000000,0
fast0507,config3,2,FOUND INTEGER FEASIBLE,0.000000,2.678179,1,0,-1,-1,215.000000,215.000000,0.000000,0.000000,0
fast0507,config3,3,FOUND INTEGER FEASIBLE,0.000000,2.657759,1,0,-1,-1,312.000000,312.000000,0.000000,0.000000,0
fast0507,config20,1,FOUND INTEGER FEASIBLE,0.000000,0.522777,0,0,-1,-1,39777.000000,39777.000000,0.000000,0.000000,0
fast0507,config20,2,FOUND INTEGER FEASIBLE,0.000000,0.938155,0,0,-1,-1,39777.000000,39777.000000,0.000000,0.000000,0
fast0507,config20,3,FOUND INTEGER FEASIBLE,0.000000,0.922909,0,0,-1,-1,39777.000000,39777.000000,0.000000,0.000000,0
fast0507,config16,1,FOUND INTEGER FEASIBLE,1.393676,2.341277,0,12,0,0,207.000000,207.000000,0.000000,0.000000,0
fast0507,config16,2,FOUND INTEGER FEASIBLE,0.921972,1.398810,0,12,0,0,207.000000,207.000000,0.000000,0.000000,0
fast0507,config16,3,FOUND INTEGER FEASIBLE,1.815548,2.759503,0,12,0,0,207.000000,207.000000,0.000000,0.000000,0
fast0507,config17,1,FOUND INTEGER FEASIBLE,2.389512,3.285848,1,12,0,0,242.000000,242.000000,0.000000,0.000000,0
fast0507,config17,2,FOUND INTEGER FEASIBLE,1.812494,2.286583,1,12,0,0,222.000000,222.000000,0.000000,0.000000,0
fast0507,config17,3,FOUND INTEGER FEASIBLE,2.445383,3.389435,1,12,0,0,242.000000,242.000000,0.000000,0.000000,0
fast0507,config21,1,FOUND INTEGER FEASIBLE,0.020493,1.073511,0,0,0,0,39727.000000,39727.000000,0.000000,0.000000,0
fast0507,config21,2,FOUND INTEGER FEASIBLE,0.020477,1.118475,0,0,0,0,39727.000000,39727.000000,0.000000,0.000000,0
fast0507,config21,3,FOUND INTEGER FEASIBLE,0.020405,1.083271,0,0,0,0,39727.000000,39727.000000,0.000000,0.000000,0
fast0507,config23,1,FOUND INTEGER FEASIBLE,0.020342,3.169596,1,0,0,0,222.000000,222.000000,0.000000,0.000000,0
fast0507,config23,2,FOUND INTEGER FEASIBLE,0.020285,3.629466,1,0,0,0,212.000000,212.000000,0.000000,0.000000,0
fast0507,config23,3,FOUND INTEGER FEASIBLE,0.010660,2.247019,1,0,0,0,309.000000,309.000000,0.000000,0.000000,0
fast0507,config19,1,FOUND INTEGER FEASIBLE,0.000000,0.126858,0,0,-1,-1,122425.000000,122425.000000,0.000000,0.000000,0
fast0507,config19,2,FOUND INTEGER FEASIBLE,0.000000,0.154128,0,0,-1,-1,122425.000000,122425.000000,0.000000,0.000000,0
fast0507,config19,3,FOUND INTEGER FEASIBLE,0.000000,0.117026,0,0,-1,-1,122425.000000,122425.000000,0.000000,0.000000,0
fast0507,config18,1,FOUND INTEGER FEASIBLE,0.000000,0.226274,0,0,-1,-1,122425.000000,122425.000000,0.000000,0.000000,0
fast0507,config18,2,FOUND INTEGER FEASIBLE,0.000000,0.150872,0,0,-1,-1,122425.000000,122425.000000,0.000000,0.000000,0
fast0507,config18,3,FOUND INTEGER FEASIBLE,0.000000,0.152933,0,0,-1,-1,122425.000000,122425.000000,0.000000,0.000000,0
fastxgemm-n2r6s0t2,config1,1,FOUND INTEGER FEASIBLE,0.000000,0.093621,2,0,-1,-1,2633.000000,2633.000000,0.000000,0.000000,0
fastxgemm-n2r6s0t2,config1,2,FOUND INTEGER FEASIBLE,0.000000,0.153364,8,0,-1,-1,3333.000000,2933.000000,0.000000,0.000000,0
fastxgemm-n2r6s0t2,config1,3,FOUND INTEGER FEASIBLE,0.000000,0.092495,2,0,-1,-1,2036.000000,2036.000000,0.000000,0.000000,0
fastxgemm-n2r6s0t2,config3,1,FOUND INTEGER FEASIBLE,0.000000,0.083185,1,0,-1,-1,4372.720000,3527.000000,0.000000,0.000000,0
fastxgemm-n2r6s0t2,config3,2,FOUND INTEGER FEASIBLE,0.000000,0.134036,6,0,-1,-1,4172.720000,3833.000000,0.000000,0.000000,0
fastxgemm-n2r6s0t2,config3,3,FOUND INTEGER FEASIBLE,0.000000,0.083295,1,0,-1,-1,5372.720000,3830.000000,0.000000,0.000000,0
fastxgemm-n2r6s0t2,config20,1,FOUND INTEGER FEASIBLE,0.000000,0.091294,1,0,-1,-1,5072.720000,872.000000,0.000000,0.000000,0
fastxgemm-n2r6s0t2,config20,2,FOUND INTEGER FEASIBLE,0.000000,0.055125,1,0,-1,-1,4772.720000,866.000000,0.000000,0.000000,0
fastxgemm-n2r6s0t2,config20,3,FOUND INTEGER FEASIBLE,0.000000,0.085898,1,0,-1,-1,4872.720000,872.000000,0.000000,0.000000,0
fastxgemm-n2r6s0t2,config16,1,FOUND INTEGER FEASIBLE,0.054810,0.194845,12,4,0,0,2927.000000,2927.000000,0.000000,0.000000,0
fastxgemm-n2r6s0t2,config16,2,FOUND INTEGER FEASIBLE,0.030144,0.090980,3,4,0,0,2327.000000,2327.000000,0.000000,0.000000,0
fastxgemm-n2r6s0t2,config16,3,FOUND INTEGER FEASIBLE,0.054338,0.187507,10,4,0,0,2930.000000,2930.000000,0.000000,0.000000,0
fastxgemm-n2r6s0t2,config17,1,FOUND INTEGER FEASIBLE,0.032740,0.099939,1,2,0,0,6172.720000,2327.000000,0.000000,0.000000,0
fastxgemm-n2r6s0t2,config17,2,FOUND INTEGER FEASIBLE,0.044077,0.133293,1,2,0,0,6172.720000,2327.000000,0.000000,0.000000,0
fastxgemm-n2r6s0t2,config17,3,FOUND INTEGER FEASIBLE,0.043859,0.132333,1,2,0,0,6172.720000,2327.000000,0.000000,0.000000,0
fastxgemm-n2r6s0t2,config21,1,FOUND INTEGER FEASIBLE,0.039602,0.118837,3,4,0,0,4272.660000,2630.000000,0.000000,0.000000,0
fastxgemm-n2r6s0t2,config21,2,FOUND INTEGER FEASIBLE,0.039994,0.116644,1,4,0,0,4272.660000,2933.000000,0.000000,0.000000,0
fastxgemm-n2r6s0t2,config21,3,FOUND INTEGER FEASIBLE,0.039492,0.119304,3,4,0,0,4272.660000,2933.000000,0.000000,0.000000,0
fastxgemm-n2r6s0t2,config23,1,FOUND INTEGER FEASIBLE,0.039413,0.119138,5,4,0,0,3972.660000,2030.000000,0.000000,0.000000,0
fastxgemm-n2r6s0t2,config23,2,FOUND INTEGER FEASIBLE,0.039431,0.118803,7,4,0,0,4572.660000,2027.000000,0.000000,0.000000,0
fastxgemm-n2r6s0t2,config23,3,FOUND INTEGER FEASIBLE,0.039711,0.119882,5,4,0,0,4572.660000,2927.000000,0.000000,0.000000,0
fastxgemm-n2r6s0t2,config19,1,FOUND INTEGER FEASIBLE,0.000000,0.059664,0,0,-1,-1,2072.450000,2027.000000,0.000000,0.000000,0
fastxgemm-n2r6s0t2,config19,2,FOUND INTEGER FEASIBLE,0.000000,0.032971,0,0,-1,-1,2072.450000,2027.000000,0.000000,0.000000,0
fastxgemm-n2r6s0t2,config19,3,FOUND INTEGER FEASIBLE,0.000000,0.053555,0,0,-1,-1,2072.450000,2027.000000,0.000000,0.000000,0
fastxgemm-n2r6s0t2,config18,1,FOUND INTEGER FEASIBLE,0.000000,0.059916,0,0,-1,-1,2072.450000,2027.000000,0.000000,0.000000,0
fastxgemm-n2r6s0t2,config18,2,FOUND INTEGER FEASIBLE,0.000000,0.069737,0,0,-1,-1,2072.450000,2027.000000,0.000000,0.000000,0
fastxgemm-n2r6s0t2,config18,3,FOUND INTEGER FEASIBLE,0.000000,0.031524,0,0,-1,-1,2072.450000,2027.000000,0.000000,0.000000,0
fhnw-binpack4-48,config1,1,FAILED TO FIND AN INTEGER FEASIBLE SOLUTION,0.000000,115.357672,12000,0,-1,-1,0.000000,0.000000,1.572143,1.572143,26
fhnw-binpack4-48,config1,2,FAILED TO FIND AN INTEGER FEASIBLE SOLUTION,0.000000,109.919826,12000,0,-1,-1,0.000000,0.000000,1.618889,1.618889,22
fhnw-binpack4-48,config1,3,FAILED TO FIND AN INTEGER FEASIBLE SOLUTION,0.000000,113.150918,12000,0,-1,-1,0.000000,0.000000,1.717778,1.717778,32
fhnw-binpack4-48,config3,1,FAILED TO FIND AN INTEGER FEASIBLE SOLUTION,0.000000,116.859230,12000,0,-1,-1,0.000000,0.000000,2.222857,2.222857,22
fhnw-binpack4-48,config3,2,FAILED TO FIND AN INTEGER FEASIBLE SOLUTION,0.000000,123.246644,12000,0,-1,-1,0.000000,0.000000,1.680000,1.680000,20
fhnw-binpack4-48,config3,3,FAILED TO FIND AN INTEGER FEASIBLE SOLUTION,0.000000,111.157193,12000,0,-1,-1,0.000000,0.000000,1.410714,1.410714,18
fhnw-binpack4-48,config20,1,FAILED TO FIND AN INTEGER FEASIBLE SOLUTION,0.000000,42.946653,12000,0,-1,-1,0.000000,0.000000,1.920000,1.920000,26
fhnw-binpack4-48,config20,2,FAILED TO FIND AN INTEGER FEASIBLE SOLUTION,0.000000,44.650946,12000,0,-1,-1,0.000000,0.000000,2.136349,2.136349,36
fhnw-binpack4-48,config20,3,FAILED TO FIND AN INTEGER FEASIBLE SOLUTION,0.000000,42.896212,12000,0,-1,-1,0.000000,0.000000,3.167500,3.167500,42
fhnw-binpack4-48,config16,1,FAILED TO FIND AN INTEGER FEASIBLE SOLUTION,0.799200,41.644842,12000,6,6,0,0.000000,0.000000,1.580714,1.580714,20
fhnw-binpack4-48,config16,2,FAILED TO FIND AN INTEGER FEASIBLE SOLUTION,0.413943,41.892672,12000,6,6,0,0.000000,0.000000,0.880000,0.880000,12
fhnw-binpack4-48,config16,3,FAILED TO FIND AN INTEGER FEASIBLE SOLUTION,0.814414,41.973728,12000,6,6,0,0.000000,0.000000,0.740000,0.740000,8
fhnw-binpack4-48,config17,1,FAILED TO FIND AN INTEGER FEASIBLE SOLUTION,0.558091,44.421676,12000,12,12,12,0.000000,0.000000,2.222857,2.222857,22
fhnw-binpack4-48,config17,2,FAILED TO FIND AN INTEGER FEASIBLE SOLUTION,0.553178,44.593231,12000,12,12,12,0.000000,0.000000,1.680000,1.680000,20
fhnw-binpack4-48,config17,3,FAILED TO FIND AN INTEGER FEASIBLE SOLUTION,0.561259,44.526970,12000,12,12,12,0.000000,0.000000,1.410714,1.410714,18
fhnw-binpack4-48,config21,1,FAILED TO FIND AN INTEGER FEASIBLE SOLUTION,0.285576,44.352675,12000,7,7,0,0.000000,0.000000,2.544557,1.555395,22
fhnw-binpack4-48,config21,2,FAILED TO FIND AN INTEGER FEASIBLE SOLUTION,0.284562,44.714148,12000,7,7,0,0.000000,0.000000,1.360000,1.360000,22
fhnw-binpack4-48,config21,3,FAILED TO FIND AN INTEGER FEASIBLE SOLUTION,0.145565,44.464257,12000,7,7,0,0.000000,0.000000,3.155450,1.634249,27
fhnw-binpack4-48,config23,1,FAILED TO FIND AN INTEGER FEASIBLE SOLUTION,0.285918,45.847510,12000,7,7,0,0.000000,0.000000,1.655714,1.655714,26
fhnw-binpack4-48,config23,2,FAILED TO FIND AN INTEGER FEASIBLE SOLUTION,0.286234,44.318873,12000,7,7,0,0.000000,0.000000,3.020375,1.694529,22
fhnw-binpack4-48,config23,3,FAILED TO FIND AN INTEGER FEASIBLE SOLUTION,0.145393,44.727075,12000,7,7,0,0.000000,0.000000,3.213215,1.795843,32
fhnw-binpack4-48,config19,1,FOUND INTEGER FEASIBLE,0.000000,809.925206,0,0,-1,-1,0.000000,0.000000,0.000000,0.000000,0
fhnw-binpack4-48,config19,2,FOUND INTEGER FEASIBLE,0.000000,807.096947,0,0,-1,-1,0.000000,0.000000,0.000000,0.000000,0
fhnw-binpack4-48,config19,3,FOUND INTEGER FEASIBLE,0.000000,806.094203,0,0,-1,-1,0.000000,0.000000,0.000000,0.000000,0
fhnw-binpack4-48,config18,1,FOUND INTEGER FEASIBLE,0.000000,431.244977,0,0,-1,-1,0.000000,0.000000,0.000000,0.000000,0
fhnw-binpack4-48,config18,2,FOUND INTEGER FEASIBLE,0.000000,432.983424,0,0,-1,-1,0.000000,0.000000,0.000000,0.000000,0
fhnw-binpack4-48,config18,3,FOUND INTEGER FEASIBLE,0.000000,432.298890,0,0,-1,-1,0.000000,0.000000,0.000000,0.000000,0
fiball,config1,1,FOUND INTEGER FEASIBLE,0.000000,0.980146,6,0,-1,-1,211.000000,211.000000,0.000000,0.000000,0
fiball,config1,2,FOUND INTEGER FEASIBLE,0.000000,0.947768,6,0,-1,-1,191.000000,191.000000,0.000000,0.000000,0
fiball,config1,3,FOUND INTEGER FEASIBLE,0.000000,0.768274,6,0,-1,-1,183.000000,183.000000,0.000000,0.000000,0
fiball,config3,1,FOUND INTEGER FEASIBLE,0.000000,1.247654,13,0,-1,-1,442.000000,442.000000,0.000000,0.000000,0
fiball,config3,2,FOUND INTEGER FEASIBLE,0.000000,1.065507,11,0,-1,-1,419.000000,419.000000,0.000000,0.000000,0
fiball,config3,3,FOUND INTEGER FEASIBLE,0.000000,0.905109,6,0,-1,-1,416.000000,416.000000,0.000000,0.000000,0
fiball,config20,1,FOUND INTEGER FEASIBLE,0.000000,0.545398,3,0,-1,-1,646.000000,646.000000,0.000000,0.000000,0
fiball,config20,2,FOUND INTEGER FEASIBLE,0.000000,1.221580,5,0,-1,-1,645.000000,645.000000,0.000000,0.000000,0
fiball,config20,3,FOUND INTEGER FEASIBLE,0.000000,1.146486,4,0,-1,-1,637.000000,637.000000,0.000000,0.000000,0
fiball,config16,1,FOUND INTEGER FEASIBLE,0.109854,0.746060,4,7,0,0,217.000000,217.000000,0.000000,0.000000,0
fiball,config16,2,FOUND INTEGER FEASIBLE,0.215871,1.422186,6,7,0,0,194.000000,194.000000,0.000000,0.000000,0
fiball,config16,3,FOUND INTEGER FEASIBLE,0.213149,1.378771,4,7,0,0,191.000000,191.000000,0.000000,0.000000,0
fiball,config17,1,FOUND INTEGER FEASIBLE,0.185241,1.377992,8,12,0,0,367.000000,367.000000,0.000000,0.000000,0
fiball,config17,2,FOUND INTEGER FEASIBLE,0.183452,1.400326,9,12,0,0,357.000000,357.000000,0.000000,0.000000,0
fiball,config17,3,FOUND INTEGER FEASIBLE,0.185015,1.396885,9,12,0,0,301.000000,301.000000,0.000000,0.000000,0
fiball,config21,1,FOUND INTEGER FEASIBLE,0.195465,1.295114,3,10,0,0,642.000000,642.000000,0.000000,0.000000,0
fiball,config21,2,FOUND INTEGER FEASIBLE,0.197275,1.572092,8,10,0,0,625.000000,625.000000,0.000000,0.000000,0
fiball,config21,3,FOUND INTEGER FEASIBLE,0.194694,1.343833,6,10,0,0,607.000000,607.000000,0.000000,0.000000,0
fiball,config23,1,FOUND INTEGER FEASIBLE,0.198119,1.370797,5,10,0,0,396.000000,396.000000,0.000000,0.000000,0
fiball,config23,2,FOUND INTEGER FEASIBLE,0.194690,1.449170,9,10,0,0,383.000000,383.000000,0.000000,0.000000,0
fiball,config23,3,FOUND INTEGER FEASIBLE,0.198144,1.361225,6,10,0,0,365.000000,365.000000,0.000000,0.000000,0
fiball,config19,1,FOUND INTEGER FEASIBLE,0.000000,0.469922,0,0,-1,-1,2150.000000,2150.000000,0.000000,0.000000,0
fiball,config19,2,FOUND INTEGER FEASIBLE,0.000000,0.438418,0,0,-1,-1,2150.000000,2150.000000,0.000000,0.000000,0
fiball,config19,3,FOUND INTEGER FEASIBLE,0.000000,0.428970,0,0,-1,-1,2150.000000,2150.000000,0.000000,0.000000,0
fiball,config18,1,FOUND INTEGER FEASIBLE,0.000000,0.472010,0,0,-1,-1,2150.000000,2150.000000,0.000000,0.000000,0
fiball,config18,2,FOUND INTEGER FEASIBLE,0.000000,0.423710,0,0,-1,-1,2150.000000,2150.000000,0.000000,0.000000,0
fiball,config18,3,FOUND INTEGER FEASIBLE,0.000000,0.427196,0,0,-1,-1,2150.000000,2150.000000,0.000000,0.000000,0
gen-ip002,config1,1,FOUND INTEGER FEASIBLE,0.000000,0.008256,1,0,-1,-1,-3995.658806,-3995.658806,0.000000,0.000000,0
gen-ip002,config1,2,FOUND INTEGER FEASIBLE,0.000000,0.009094,1,0,-1,-1,-4341.322309,-4341.322309,0.000000,0.000000,0
gen-ip002,config1,3,FOUND INTEGER FEASIBLE,0.000000,0.009867,1,0,-1,-1,-3972.843049,-3972.843049,0.000000,0.000000,0
gen-ip002,config3,1,FOUND INTEGER FEASIBLE,0.000000,0.004503,0,0,-1,-1,0.000000,0.000000,0.000000,0.000000,0
gen-ip002,config3,2,FOUND INTEGER FEASIBLE,0.000000,0.004323,0,0,-1,-1,0.000000,0.000000,0.000000,0.000000,0
gen-ip002,config3,3,FOUND INTEGER FEASIBLE,0.000000,0.003591,0,0,-1,-1,0.000000,0.000000,0.000000,0.000000,0
gen-ip002,config20,1,FOUND INTEGER FEASIBLE,0.000000,0.006244,0,0,-1,-1,0.000000,0.000000,0.000000,0.000000,0
gen-ip002,config20,2,FOUND INTEGER FEASIBLE,0.000000,0.007804,0,0,-1,-1,0.000000,0.000000,0.000000,0.000000,0
gen-ip002,config20,3,FOUND INTEGER FEASIBLE,0.000000,0.006036,0,0,-1,-1,0.000000,0.000000,0.000000,0.000000,0
gen-ip002,config16,1,FOUND INTEGER FEASIBLE,0.000002,0.008594,1,0,0,0,-3995.658806,-3995.658806,0.000000,0.000000,0
gen-ip002,config16,2,FOUND INTEGER FEASIBLE,0.000001,0.010557,1,0,0,0,-4341.322309,-4341.322309,0.000000,0.000000,0
gen-ip002,config16,3,FOUND INTEGER FEASIBLE,0.000002,0.011305,1,0,0,0,-3972.843049,-3972.843049,0.000000,0.000000,0
gen-ip002,config17,1,FOUND INTEGER FEASIBLE,0.000001,0.004702,0,0,0,0,0.000000,0.000000,0.000000,0.000000,0
gen-ip002,config17,2,FOUND INTEGER FEASIBLE,0.000001,0.005454,0,0,0,0,0.000000,0.000000,0.000000,0.000000,0
gen-ip002,config17,3,FOUND INTEGER FEASIBLE,0.000001,0.004057,0,0,0,0,0.000000,0.000000,0.000000,0.000000,0
gen-ip002,config21,1,FOUND INTEGER FEASIBLE,0.000001,0.004576,0,0,0,0,0.000000,0.000000,0.000000,0.000000,0
gen-ip002,config21,2,FOUND INTEGER FEASIBLE,0.000002,0.008297,0,0,0,0,0.000000,0.000000,0.000000,0.000000,0
gen-ip002,config21,3,FOUND INTEGER FEASIBLE,0.000001,0.004850,0,0,0,0,0.000000,0.000000,0.000000,0.000000,0
gen-ip002,config23,1,FOUND INTEGER FEASIBLE,0.000001,0.005058,0,0,0,0,0.000000,0.000000,0.000000,0.000000,0
gen-ip002,config23,2,FOUND INTEGER FEASIBLE,0.000001,0.004777,0,0,0,0,0.000000,0.000000,0.000000,0.000000,0
gen-ip002,config23,3,FOUND INTEGER FEASIBLE,0.000001,0.004832,0,0,0,0,0.000000,0.000000,0.000000,0.000000,0
gen-ip002,config19,1,FOUND INTEGER FEASIBLE,0.000000,0.004215,0,0,-1,-1,0.000000,0.000000,0.000000,0.000000,0
gen-ip002,config19,2,FOUND INTEGER FEASIBLE,0.000000,0.002779,0,0,-1,-1,0.000000,0.000000,0.000000,0.000000,0
gen-ip002,config19,3,FOUND INTEGER FEASIBLE,0.000000,0.002198,0,0,-1,-1,0.000000,0.000000,0.000000,0.000000,0
gen-ip002,config18,1,FOUND INTEGER FEASIBLE,0.000000,0.004909,0,0,-1,-1,0.000000,0.000000,0.000000,0.000000,0
gen-ip002,config18,2,FOUND INTEGER FEASIBLE,0.000000,0.002337,0,0,-1,-1,0.000000,0.000000,0.000000,0.000000,0
gen-ip002,config18,3,FOUND INTEGER FEASIBLE,0.000000,0.004526,0,0,-1,-1,0.000000,0.000000,0.000000,0.000000,0
gen-ip054,config1,1,FOUND INTEGER FEASIBLE,0.000000,0.005074,1,0,-1,-1,8613.134267,8613.134267,0.000000,0.000000,0
gen-ip054,config1,2,FOUND INTEGER FEASIBLE,0.000000,0.012947,1,0,-1,-1,7628.234088,7628.234088,0.000000,0.000000,0
gen-ip054,config1,3,FOUND INTEGER FEASIBLE,0.000000,0.005579,1,0,-1,-1,8108.280499,8108.280499,0.000000,0.000000,0
gen-ip054,config3,1,FOUND INTEGER FEASIBLE,0.000000,0.003460,1,0,-1,-1,18201.944620,18201.944620,0.000000,0.000000,0
gen-ip054,config3,2,FOUND INTEGER FEASIBLE,0.000000,0.003844,1,0,-1,-1,18201.944620,18201.944620,0.000000,0.000000,0
gen-ip054,config3,3,FOUND INTEGER FEASIBLE,0.000000,0.007258,1,0,-1,-1,18201.944620,18201.944620,0.000000,0.000000,0
gen-ip054,config20,1,FOUND INTEGER FEASIBLE,0.000000,0.006583,1,0,-1,-1,18201.944620,18201.944620,0.000000,0.000000,0
gen-ip054,config20,2,FOUND INTEGER FEASIBLE,0.000000,0.005864,1,0,-1,-1,18201.944620,18201.944620,0.000000,0.000000,0
gen-ip054,config20,3,FOUND INTEGER FEASIBLE,0.000000,0.005112,1,0,-1,-1,18201.944620,18201.944620,0.000000,0.000000,0
gen-ip054,config16,1,FOUND INTEGER FEASIBLE,0.000001,0.008346,1,0,0,0,8613.134267,8613.134267,0.000000,0.000000,0
gen-ip054,config16,2,FOUND INTEGER FEASIBLE,0.000001,0.006004,1,0,0,0,7628.234088,7628.234088,0.000000,0.000000,0
gen-ip054,config16,3,FOUND INTEGER FEASIBLE,0.000001,0.005328,1,0,0,0,8108.280499,8108.280499,0.000000,0.000000,0
gen-ip054,config17,1,FOUND INTEGER FEASIBLE,0.000001,0.004026,1,0,0,0,18201.944620,18201.944620,0.000000,0.000000,0
gen-ip054,config17,2,FOUND INTEGER FEASIBLE,0.000001,0.004009,1,0,0,0,18201.944620,18201.944620,0.000000,0.000000,0
gen-ip054,config17,3,FOUND INTEGER FEASIBLE,0.000001,0.003886,1,0,0,0,18201.944620,18201.944620,0.000000,0.000000,0
gen-ip054,config21,1,FOUND INTEGER FEASIBLE,0.000001,0.003965,1,0,0,0,18201.944620,18201.944620,0.000000,0.000000,0
gen-ip054,config21,2,FOUND INTEGER FEASIBLE,0.000001,0.003872,1,0,0,0,18201.944620,18201.944620,0.000000,0.000000,0
gen-ip054,config21,3,FOUND INTEGER FEASIBLE,0.000001,0.004197,1,0,0,0,18201.944620,18201.944620,0.000000,0.000000,0
gen-ip054,config23,1,FOUND INTEGER FEASIBLE,0.000001,0.003877,1,0,0,0,18201.944620,18201.944620,0.000000,0.000000,0
gen-ip054,config23,2,FOUND INTEGER FEASIBLE,0.000001,0.003616,1,0,0,0,18201.944620,18201.944620,0.000000,0.000000,0
gen-ip054,config23,3,FOUND INTEGER FEASIBLE,0.000001,0.003757,1,0,0,0,18201.944620,18201.944620,0.000000,0.000000,0
gen-ip054,config19,1,FOUND INTEGER FEASIBLE,0.000000,0.002628,0,0,-1,-1,95921.613264,95921.613264,0.000000,0.000000,0
gen-ip054,config19,2,FOUND INTEGER FEASIBLE,0.000000,0.002279,0,0,-1,-1,95921.613264,95921.613264,0.000000,0.000000,0
gen-ip054,config19,3,FOUND INTEGER FEASIBLE,0.000000,0.001548,0,0,-1,-1,95921.613264,95921.613264,0.000000,0.000000,0
gen-ip054,config18,1,FOUND INTEGER FEASIBLE,0.000000,0.002808,0,0,-1,-1,95921.613264,95921.613264,0.000000,0.000000,0
gen-ip054,config18,2,FOUND INTEGER FEASIBLE,0.000000,0.004638,0,0,-1,-1,95921.613264,95921.613264,0.000000,0.000000,0
gen-ip054,config18,3,FOUND INTEGER FEASIBLE,0.000000,0.002384,0,0,-1,-1,95921.613264,95921.613264,0.000000,0.000000,0
germanrr,config1,1,FOUND INTEGER FEASIBLE,0.000000,4.045498,8,0,-1,-1,49515463.183600,49515463.183600,0.000000,0.000000,0
germanrr,config1,2,FOUND INTEGER FEASIBLE,0.000000,4.352577,11,0,-1,-1,49073230.257400,49073230.257400,0.000000,0.000000,0
germanrr,config1,3,FOUND INTEGER FEASIBLE,0.000000,3.604309,13,0,-1,-1,49366565.573800,49366565.573800,0.000000,0.000000,0
germanrr,config3,1,FOUND INTEGER FEASIBLE,0.000000,0.737513,9,0,-1,-1,52684080.873600,52684080.873600,0.000000,0.000000,0
germanrr,config3,2,FOUND INTEGER FEASIBLE,0.000000,2.027805,12,0,-1,-1,53704699.714400,53704699.714400,0.000000,0.000000,0
germanrr,config3,3,FOUND INTEGER FEASIBLE,0.000000,1.549000,15,0,-1,-1,52311581.467200,52311581.467200,0.000000,0.000000,0
germanrr,config20,1,FOUND INTEGER FEASIBLE,0.000000,1.293136,4,0,-1,-1,68009644.415800,68009644.415800,0.000000,0.000000,0
germanrr,config20,2,FOUND INTEGER FEASIBLE,0.000000,1.278912,9,0,-1,-1,67306636.236800,67306636.236800,0.000000,0.000000,0
germanrr,config20,3,FOUND INTEGER FEASIBLE,0.000000,0.598667,3,0,-1,-1,67488416.126400,67488416.126400,0.000000,0.000000,0
germanrr,config16,1,FOUND INTEGER FEASIBLE,2.821958,5.758520,12,13,2,2,50436634.708200,50436634.708200,0.000000,0.000000,0
germanrr,config16,2,FOUND INTEGER FEASIBLE,2.846888,5.616729,8,13,2,2,51258511.408800,51258511.408800,0.000000,0.000000,0
germanrr,config16,3,FOUND INTEGER FEASIBLE,2.094586,4.745409,7,13,2,2,50014162.468800,50014162.468800,0.000000,0.000000,0
germanrr,config17,1,FOUND INTEGER FEASIBLE,0.069965,2.389847,8,12,11,11,52775789.760400,52775789.760400,0.000000,0.000000,0
germanrr,config17,2,FOUND INTEGER FEASIBLE,0.139556,3.554614,13,12,11,11,53418514.430200,53418514.430200,0.000000,0.000000,0
germanrr,config17,3,FOUND INTEGER FEASIBLE,0.136870,3.429526,6,12,11,11,53314258.866600,53314258.866600,0.000000,0.000000,0
germanrr,config21,1,FOUND INTEGER FEASIBLE,0.227406,1.851062,9,12,2,2,66737105.414200,66737105.414200,0.000000,0.000000,0
germanrr,config21,2,FOUND INTEGER FEASIBLE,0.222916,1.797927,9,12,2,2,67130103.522400,67130103.522400,0.000000,0.000000,0
germanrr,config21,3,FOUND INTEGER FEASIBLE,0.226778,2.160947,19,12,2,2,66879491.557000,66879491.557000,0.000000,0.000000,0
germanrr,config23,1,FOUND INTEGER FEASIBLE,0.224545,1.788356,6,12,2,2,53347930.547000,53347930.547000,0.000000,0.000000,0
germanrr,config23,2,FOUND INTEGER FEASIBLE,0.125938,1.124419,7,12,2,2,53186528.350400,53186528.350400,0.000000,0.000000,0
germanrr,config23,3,FOUND INTEGER FEASIBLE,0.226816,2.773917,19,12,2,2,53644905.792000,53644905.792000,0.000000,0.000000,0
germanrr,config19,1,FOUND INTEGER FEASIBLE,0.000000,1.363131,0,0,-1,-1,59548297.333000,59548297.333000,0.000000,0.000000,0
germanrr,config19,2,FOUND INTEGER FEASIBLE,0.000000,1.286825,0,0,-1,-1,59548297.333000,59548297.333000,0.000000,0.000000,0
germanrr,config19,3,FOUND INTEGER FEASIBLE,0.000000,1.316968,0,0,-1,-1,59548297.333000,59548297.333000,0.000000,0.000000,0
germanrr,config18,1,FOUND INTEGER FEASIBLE,0.000000,0.745732,0,0,-1,-1,59548297.333000,59548297.333000,0.000000,0.000000,0
germanrr,config18,2,FOUND INTEGER FEASIBLE,0.000000,1.318623,0,0,-1,-1,59548297.333000,59548297.333000,0.000000,0.000000,0
germanrr,config18,3,FOUND INTEGER FEASIBLE,0.000000,1.278392,0,0,-1,-1,59548297.333000,59548297.333000,0.000000,0.000000,0
gfd-schedulen180f7d50m30k18,config1,1,FAILED TO FIND AN INTEGER FEASIBLE SOLUTION,0.000000,3600,98,0,-1,-1,0.000000,0.000000,317.739245,1307.092606,3424
gfd-schedulen180f7d50m30k18,config1,2,FAILED TO FIND AN INTEGER FEASIBLE SOLUTION,0.000000,3600,45,0,-1,-1,0.000000,0.000000,442.067060,2366.734377,3767
gfd-schedulen180f7d50m30k18,config1,3,FAILED TO FIND AN INTEGER FEASIBLE SOLUTION,0.000000,3600,66,0,-1,-1,0.000000,0.000000,494.534745,1218.053400,7242
gfd-schedulen180f7d50m30k18,config3,1,FAILED TO FIND AN INTEGER FEASIBLE SOLUTION,0.000000,3600,43,0,-1,-1,0.000000,0.000000,340.812172,736.445107,2241
gfd-schedulen180f7d50m30k18,config3,2,FAILED TO FIND AN INTEGER FEASIBLE SOLUTION,0.000000,3600,33,0,-1,-1,0.000000,0.000000,373.407687,1433.265501,2275
gfd-schedulen180f7d50m30k18,config3,3,FAILED TO FIND AN INTEGER FEASIBLE SOLUTION,0.000000,3600,35,0,-1,-1,0.000000,0.000000,400.003839,997.620697,2278
gfd-schedulen180f7d50m30k18,config20,1,FAILED TO FIND AN INTEGER FEASIBLE SOLUTION,0.000000,3600,48,0,-1,-1,0.000000,0.000000,1358.686648,4112.656975,7776
gfd-schedulen180f7d50m30k18,config20,2,FAILED TO FIND AN INTEGER FEASIBLE SOLUTION,0.000000,3600,55,0,-1,-1,0.000000,0.000000,1385.177035,4772.163926,7703
gfd-schedulen180f7d50m30k18,config20,3,FAILED TO FIND AN INTEGER FEASIBLE SOLUTION,0.000000,3600,49,0,-1,-1,0.000000,0.000000,1434.903084,5661.822339,10710
gfd-schedulen180f7d50m30k18,config16,1,FAILED TO FIND AN INTEGER FEASIBLE SOLUTION,30.695137,3600,62,10,10,9,0.000000,0.000000,587.052972,1294.621500,4933
gfd-schedulen180f7d50m30k18,config16,2,FAILED TO FIND AN INTEGER FEASIBLE SOLUTION,30.742069,3600,74,10,10,9,0.000000,0.000000,711.950350,1522.490243,4297
gfd-schedulen180f7d50m30k18,config16,3,FAILED TO FIND AN INTEGER FEASIBLE SOLUTION,30.944291,3600,56,10,10,9,0.000000,0.000000,434.163427,1706.400127,6979
gfd-schedulen180f7d50m30k18,config17,1,FAILED TO FIND AN INTEGER FEASIBLE SOLUTION,3.915347,3600,43,13,13,13,0.000000,0.000000,340.812172,736.445107,2241
gfd-schedulen180f7d50m30k18,config17,2,FAILED TO FIND AN INTEGER FEASIBLE SOLUTION,3.899534,3600,32,13,13,13,0.000000,0.000000,373.407687,1784.346984,2275
gfd-schedulen180f7d50m30k18,config17,3,FAILED TO FIND AN INTEGER FEASIBLE SOLUTION,3.904504,3600,35,13,13,13,0.000000,0.000000,400.003839,997.620697,2278
gfd-schedulen180f7d50m30k18,config21,1,FAILED TO FIND AN INTEGER FEASIBLE SOLUTION,22.182048,3600,31,13,13,13,0.000000,0.000000,1529.978573,6665.330572,8626
gfd-schedulen180f7d50m30k18,config21,2,FAILED TO FIND AN INTEGER FEASIBLE SOLUTION,22.189006,3600,36,13,13,13,0.000000,0.000000,1633.169537,4438.399875,8087
gfd-schedulen180f7d50m30k18,config21,3,FAILED TO FIND AN INTEGER FEASIBLE SOLUTION,22.333593,3600,33,13,13,13,0.000000,0.000000,1660.527369,6433.892609,8480
gfd-schedulen180f7d50m30k18,config23,1,FAILED TO FIND AN INTEGER FEASIBLE SOLUTION,22.539591,3600,42,13,13,13,0.000000,0.000000,340.812172,1077.710392,2241
gfd-schedulen180f7d50m30k18,config23,2,FAILED TO FIND AN INTEGER FEASIBLE SOLUTION,23.045076,3600,31,13,13,13,0.000000,0.000000,373.407687,1790.998645,2275
gfd-schedulen180f7d50m30k18,config23,3,FAILED TO FIND AN INTEGER FEASIBLE SOLUTION,22.460242,3600,26,13,13,13,0.000000,0.000000,400.003839,985.852816,2278
gfd-schedulen180f7d50m30k18,config19,1,FAILED TO FIND AN INTEGER FEASIBLE SOLUTION,0.000000,3600,0,0,-1,-1,0.000000,0.000000,inf,inf,0
gfd-schedulen180f7d50m30k18,config19,2,FAILED TO FIND AN INTEGER FEASIBLE SOLUTION,0.000000,3600,0,0,-1,-1,0.000000,0.000000,inf,inf,0
gfd-schedulen180f7d50m30k18,config19,3,FAILED TO FIND AN INTEGER FEASIBLE SOLUTION,0.000000,3600,0,0,-1,-1,0.000000,0.000000,inf,inf,0
gfd-schedulen180f7d50m30k18,config18,1,FAILED TO FIND AN INTEGER FEASIBLE SOLUTION,0.000000,3600,0,0,-1,-1,0.000000,0.000000,inf,inf,0
gfd-schedulen180f7d50m30k18,config18,2,FAILED TO FIND AN INTEGER FEASIBLE SOLUTION,0.000000,3600,0,0,-1,-1,0.000000,0.000000,inf,inf,0
gfd-schedulen180f7d50m30k18,config18,3,FAILED TO FIND AN INTEGER FEASIBLE SOLUTION,0.000000,3600,0,0,-1,-1,0.000000,0.000000,inf,inf,0
glass4,config1,1,FOUND INTEGER FEASIBLE,0.000000,0.095988,48,0,-1,-1,9961605284.615385,4500050700.000000,0.000000,0.000000,0
glass4,config1,2,FOUND INTEGER FEASIBLE,0.000000,0.073944,44,0,-1,-1,5000059000.000000,4000042200.000000,0.000000,0.000000,0
glass4,config1,3,FOUND INTEGER FEASIBLE,0.000000,0.203078,120,0,-1,-1,12000110638.461538,4444483533.333334,0.000000,0.000000,0
glass4,config3,1,FOUND INTEGER FEASIBLE,0.000000,0.093483,48,0,-1,-1,9961605284.615385,4500050700.000000,0.000000,0.000000,0
glass4,config3,2,FOUND INTEGER FEASIBLE,0.000000,0.087869,44,0,-1,-1,5000059000.000000,4000042200.000000,0.000000,0.000000,0
glass4,config3,3,FOUND INTEGER FEASIBLE,0.000000,0.094489,47,0,-1,-1,8161588484.615385,4700042500.000001,0.000000,0.000000,0
glass4,config20,1,FOUND INTEGER FEASIBLE,0.000000,0.014110,1,0,-1,-1,4150034400.000000,3691696333.333333,0.000000,0.000000,0
glass4,config20,2,FOUND INTEGER FEASIBLE,0.000000,0.012785,1,0,-1,-1,4150034400.000000,3691696333.333333,0.000000,0.000000,0
glass4,config20,3,FOUND INTEGER FEASIBLE,0.000000,0.013446,1,0,-1,-1,4150034400.000000,3691696333.333333,0.000000,0.000000,0
glass4,config16,1,FOUND INTEGER FEASIBLE,0.003337,0.038171,27,5,0,0,4100041400.000000,3900036600.000000,0.000000,0.000000,0
glass4,config16,2,FOUND INTEGER FEASIBLE,0.003621,0.046814,45,5,0,0,3950040700.000000,3750038500.000000,0.000000,0.000000,0
glass4,config16,3,FOUND INTEGER FEASIBLE,0.003398,0.053491,50,5,0,0,7636446372.727273,3900034400.000000,0.000000,0.000000,0
glass4,config17,1,FOUND INTEGER FEASIBLE,0.004104,0.063568,69,5,0,0,4100041400.000000,4100041400.000000,0.000000,0.000000,0
glass4,config17,2,FOUND INTEGER FEASIBLE,0.003481,0.073411,85,5,0,0,7636406119.930070,3183363283.333333,0.000000,0.000000,0
glass4,config17,3,FOUND INTEGER FEASIBLE,0.003838,0.029217,14,5,0,0,4100039400.000000,3971467542.857143,0.000000,0.000000,0
glass4,config21,1,FOUND INTEGER FEASIBLE,0.004024,0.060946,54,9,0,0,4000039900.000000,3333365733.333333,0.000000,0.000000,0
glass4,config21,2,FOUND INTEGER FEASIBLE,0.003974,0.112746,118,9,1,0,4650041999.999992,4600038800.000000,0.000000,0.000000,0
glass4,config21,3,FOUND INTEGER FEASIBLE,0.003898,0.067034,71,9,0,0,13150129722.727272,6433401933.333334,0.000000,0.000000,0
glass4,config23,1,FOUND INTEGER FEASIBLE,0.004140,0.037647,31,9,0,0,12000108438.461538,5600048900.000000,0.000000,0.000000,0
glass4,config23,2,FOUND INTEGER FEASIBLE,0.004554,0.040142,32,9,0,0,3700026200.000000,3200025366.666667,0.000000,0.000000,0
glass4,config23,3,FOUND INTEGER FEASIBLE,0.003901,0.025517,10,9,0,0,8761595284.615385,3700030366.666668,0.000000,0.000000,0
glass4,config19,1,FOUND INTEGER FEASIBLE,0.000000,0.083327,0,0,-1,-1,3691696333.333333,3691696333.333333,0.000000,0.000000,0
glass4,config19,2,FOUND INTEGER FEASIBLE,0.000000,0.053927,0,0,-1,-1,3691696333.333333,3691696333.333333,0.000000,0.000000,0
glass4,config19,3,FOUND INTEGER FEASIBLE,0.000000,0.074758,0,0,-1,-1,3691696333.333333,3691696333.333333,0.000000,0.000000,0
glass4,config18,1,FOUND INTEGER FEASIBLE,0.000000,0.129139,0,0,-1,-1,3450031350.000000,3450031350.000000,0.000000,0.000000,0
glass4,config18,2,FOUND INTEGER FEASIBLE,0.000000,0.145884,0,0,-1,-1,3450031350.000000,3450031350.000000,0.000000,0.000000,0
glass4,config18,3,FOUND INTEGER FEASIBLE,0.000000,0.147626,0,0,-1,-1,3450031350.000000,3450031350.000000,0.000000,0.000000,0
glass-sc,config1,1,FOUND INTEGER FEASIBLE,0.000000,0.464200,1,0,-1,-1,25.000000,25.000000,0.000000,0.000000,0
glass-sc,config1,2,FOUND INTEGER FEASIBLE,0.000000,0.462081,1,0,-1,-1,25.000000,25.000000,0.000000,0.000000,0
glass-sc,config1,3,FOUND INTEGER FEASIBLE,0.000000,0.418626,1,0,-1,-1,30.000000,30.000000,0.000000,0.000000,0
glass-sc,config3,1,FOUND INTEGER FEASIBLE,0.000000,0.465194,1,0,-1,-1,25.000000,25.000000,0.000000,0.000000,0
glass-sc,config3,2,FOUND INTEGER FEASIBLE,0.000000,0.462892,1,0,-1,-1,25.000000,25.000000,0.000000,0.000000,0
glass-sc,config3,3,FOUND INTEGER FEASIBLE,0.000000,0.421664,1,0,-1,-1,30.000000,30.000000,0.000000,0.000000,0
glass-sc,config20,1,FOUND INTEGER FEASIBLE,0.000000,0.101927,0,0,-1,-1,214.000000,214.000000,0.000000,0.000000,0
glass-sc,config20,2,FOUND INTEGER FEASIBLE,0.000000,0.094196,0,0,-1,-1,214.000000,214.000000,0.000000,0.000000,0
glass-sc,config20,3,FOUND INTEGER FEASIBLE,0.000000,0.094922,0,0,-1,-1,214.000000,214.000000,0.000000,0.000000,0
glass-sc,config16,1,FOUND INTEGER FEASIBLE,1.888656,2.221574,1,2,0,0,28.000000,28.000000,0.000000,0.000000,0
glass-sc,config16,2,FOUND INTEGER FEASIBLE,1.886495,2.211944,1,2,0,0,28.000000,28.000000,0.000000,0.000000,0
glass-sc,config16,3,FOUND INTEGER FEASIBLE,1.855277,2.150247,1,2,0,0,30.000000,30.000000,0.000000,0.000000,0
glass-sc,config17,1,FOUND INTEGER FEASIBLE,1.856158,2.156960,1,2,0,0,28.000000,28.000000,0.000000,0.000000,0
glass-sc,config17,2,FOUND INTEGER FEASIBLE,1.854590,2.154597,1,2,0,0,28.000000,28.000000,0.000000,0.000000,0
glass-sc,config17,3,FOUND INTEGER FEASIBLE,1.854930,2.148642,1,2,0,0,30.000000,30.000000,0.000000,0.000000,0
glass-sc,config21,1,FOUND INTEGER FEASIBLE,0.009966,0.145499,0,0,0,0,214.000000,214.000000,0.000000,0.000000,0
glass-sc,config21,2,FOUND INTEGER FEASIBLE,0.007118,0.107312,0,0,0,0,214.000000,214.000000,0.000000,0.000000,0
glass-sc,config21,3,FOUND INTEGER FEASIBLE,0.009722,0.145817,0,0,0,0,214.000000,214.000000,0.000000,0.000000,0
glass-sc,config23,1,FOUND INTEGER FEASIBLE,0.009734,0.772695,1,0,0,0,25.000000,25.000000,0.000000,0.000000,0
glass-sc,config23,2,FOUND INTEGER FEASIBLE,0.009755,0.791014,1,0,0,0,25.000000,25.000000,0.000000,0.000000,0
glass-sc,config23,3,FOUND INTEGER FEASIBLE,0.009810,0.677448,1,0,0,0,30.000000,30.000000,0.000000,0.000000,0
glass-sc,config19,1,FOUND INTEGER FEASIBLE,0.000000,0.036806,0,0,-1,-1,214.000000,214.000000,0.000000,0.000000,0
glass-sc,config19,2,FOUND INTEGER FEASIBLE,0.000000,0.028367,0,0,-1,-1,214.000000,214.000000,0.000000,0.000000,0
glass-sc,config19,3,FOUND INTEGER FEASIBLE,0.000000,0.024731,0,0,-1,-1,214.000000,214.000000,0.000000,0.000000,0
glass-sc,config18,1,FOUND INTEGER FEASIBLE,0.000000,0.041108,0,0,-1,-1,214.000000,214.000000,0.000000,0.000000,0
glass-sc,config18,2,FOUND INTEGER FEASIBLE,0.000000,0.027937,0,0,-1,-1,214.000000,214.000000,0.000000,0.000000,0
glass-sc,config18,3,FOUND INTEGER FEASIBLE,0.000000,0.025472,0,0,-1,-1,214.000000,214.000000,0.000000,0.000000,0
gmu-35-40,config1,1,FOUND INTEGER FEASIBLE,0.000000,0.068155,7,0,-1,-1,-2334473.952600,-2334473.952600,0.000000,0.000000,0
gmu-35-40,config1,2,FOUND INTEGER FEASIBLE,0.000000,0.066172,7,0,-1,-1,-2369370.786700,-2369370.786700,0.000000,0.000000,0
gmu-35-40,config1,3,FOUND INTEGER FEASIBLE,0.000000,0.249875,48,0,-1,-1,-2351583.228200,-2351583.228200,0.000000,0.000000,0
gmu-35-40,config3,1,FOUND INTEGER FEASIBLE,0.000000,0.621843,130,0,-1,-1,-2303586.797200,-2303586.797200,0.000000,0.000000,0
gmu-35-40,config3,2,FOUND INTEGER FEASIBLE,0.000000,0.182087,34,0,-1,-1,-2368331.964700,-2368331.964700,0.000000,0.000000,0
gmu-35-40,config3,3,FOUND INTEGER FEASIBLE,0.000000,0.072995,9,0,-1,-1,-2284628.113600,-2284628.113600,0.000000,0.000000,0
gmu-35-40,config20,1,FOUND INTEGER FEASIBLE,0.000000,0.036347,2,0,-1,-1,-2356107.114000,-2356107.114000,0.000000,0.000000,0
gmu-35-40,config20,2,FOUND INTEGER FEASIBLE,0.000000,0.034115,2,0,-1,-1,-2356107.114000,-2356107.114000,0.000000,0.000000,0
gmu-35-40,config20,3,FOUND INTEGER FEASIBLE,0.000000,0.035355,2,0,-1,-1,-2356107.114000,-2356107.114000,0.000000,0.000000,0
gmu-35-40,config16,1,FOUND INTEGER FEASIBLE,0.012643,0.182708,85,6,2,2,-2194731.889900,-2194731.889900,0.000000,0.000000,0
gmu-35-40,config16,2,FOUND INTEGER FEASIBLE,0.012648,0.078051,12,6,2,2,-2372419.924700,-2372419.924700,0.000000,0.000000,0
gmu-35-40,config16,3,FOUND INTEGER FEASIBLE,0.012714,0.094640,23,6,2,2,-2389300.062800,-2389300.062800,0.000000,0.000000,0
gmu-35-40,config17,1,FOUND INTEGER FEASIBLE,0.009343,0.109251,35,7,2,2,-2301771.794300,-2301771.794300,0.000000,0.000000,0
gmu-35-40,config17,2,FOUND INTEGER FEASIBLE,0.009360,0.280053,152,7,2,2,-2300454.567800,-2300454.567800,0.000000,0.000000,0
gmu-35-40,config17,3,FOUND INTEGER FEASIBLE,0.009417,0.324739,168,7,3,2,-2253479.493400,-2253479.493400,0.000000,0.000000,0
gmu-35-40,config21,1,FOUND INTEGER FEASIBLE,0.008779,0.061301,8,5,1,1,-2264640.740000,-2264640.740000,0.000000,0.000000,0
gmu-35-40,config21,2,FOUND INTEGER FEASIBLE,0.008627,0.078139,21,5,1,1,-2283957.627500,-2283957.627500,0.000000,0.000000,0
gmu-35-40,config21,3,FOUND INTEGER FEASIBLE,0.008803,0.147398,73,5,1,1,-2294686.899500,-2294686.899500,0.000000,0.000000,0
gmu-35-40,config23,1,FOUND INTEGER FEASIBLE,0.008674,0.091619,25,5,1,1,-2252459.952500,-2252459.952500,0.000000,0.000000,0
gmu-35-40,config23,2,FOUND INTEGER FEASIBLE,0.008721,0.221990,110,5,1,1,-2275031.284800,-2275031.284800,0.000000,0.000000,0
gmu-35-40,config23,3,FOUND INTEGER FEASIBLE,0.008764,0.140854,60,5,1,1,-2254178.082100,-2254178.082100,0.000000,0.000000,0
gmu-35-40,config19,1,FOUND INTEGER FEASIBLE,0.000000,0.008220,0,0,-1,-1,0.000000,0.000000,0.000000,0.000000,0
gmu-35-40,config19,2,FOUND INTEGER FEASIBLE,0.000000,0.004569,0,0,-1,-1,0.000000,0.000000,0.000000,0.000000,0
gmu-35-40,config19,3,FOUND INTEGER FEASIBLE,0.000000,0.005619,0,0,-1,-1,0.000000,0.000000,0.000000,0.000000,0
gmu-35-40,config18,1,FOUND INTEGER FEASIBLE,0.000000,0.007407,0,0,-1,-1,0.000000,0.000000,0.000000,0.000000,0
gmu-35-40,config18,2,FOUND INTEGER FEASIBLE,0.000000,0.005066,0,0,-1,-1,0.000000,0.000000,0.000000,0.000000,0
gmu-35-40,config18,3,FOUND INTEGER FEASIBLE,0.000000,0.004972,0,0,-1,-1,0.000000,0.000000,0.000000,0.000000,0
gmu-35-50,config1,1,FOUND INTEGER FEASIBLE,0.000000,0.128036,11,0,-1,-1,-2576971.207554,-2576971.207554,0.000000,0.000000,0
gmu-35-50,config1,2,FOUND INTEGER FEASIBLE,0.000000,0.267346,32,0,-1,-1,-2508424.516700,-2508424.516700,0.000000,0.000000,0
gmu-35-50,config1,3,FOUND INTEGER FEASIBLE,0.000000,1.101737,154,0,-1,-1,-2429857.407400,-2429857.407400,0.000000,0.000000,0
gmu-35-50,config3,1,FOUND INTEGER FEASIBLE,0.000000,0.324726,43,0,-1,-1,-2457979.905100,-2457979.905100,0.000000,0.000000,0
gmu-35-50,config3,2,FOUND INTEGER FEASIBLE,0.000000,0.304286,39,0,-1,-1,-2443854.313900,-2443854.313900,0.000000,0.000000,0
gmu-35-50,config3,3,FOUND INTEGER FEASIBLE,0.000000,0.090431,6,0,-1,-1,-2446596.354700,-2446596.354700,0.000000,0.000000,0
gmu-35-50,config20,1,FOUND INTEGER FEASIBLE,0.000000,0.158151,60,0,-1,-1,-2291257.778700,-2291257.778700,0.000000,0.000000,0
gmu-35-50,config20,2,FOUND INTEGER FEASIBLE,0.000000,0.100033,33,0,-1,-1,-2215453.796100,-2215453.796100,0.000000,0.000000,0
gmu-35-50,config20,3,FOUND INTEGER FEASIBLE,0.000000,0.112798,42,0,-1,-1,-2272742.365300,-2272742.365300,0.000000,0.000000,0
gmu-35-50,config16,1,FOUND INTEGER FEASIBLE,0.019171,0.103442,3,7,2,2,-2589347.958254,-2589347.958254,0.000000,0.000000,0
gmu-35-50,config16,2,FOUND INTEGER FEASIBLE,0.019125,0.100087,3,7,2,2,-2589347.958254,-2589347.958254,0.000000,0.000000,0
gmu-35-50,config16,3,FOUND INTEGER FEASIBLE,0.019178,0.100056,3,7,2,2,-2589347.958254,-2589347.958254,0.000000,0.000000,0
gmu-35-50,config17,1,FOUND INTEGER FEASIBLE,0.013526,0.842376,321,10,4,2,-2486880.356700,-2486880.356700,0.000000,0.000000,0
gmu-35-50,config17,2,FOUND INTEGER FEASIBLE,0.013647,0.430039,148,10,3,2,-2373454.372700,-2373454.372700,0.000000,0.000000,0
gmu-35-50,config17,3,FOUND INTEGER FEASIBLE,0.013489,0.173189,36,10,2,2,-2488953.889600,-2488953.889600,0.000000,0.000000,0
gmu-35-50,config21,1,FOUND INTEGER FEASIBLE,0.011199,0.214589,72,6,1,1,-2450503.238700,-2450503.238700,0.000000,0.000000,0
gmu-35-50,config21,2,FOUND INTEGER FEASIBLE,0.011239,0.154582,47,6,1,1,-2361618.362000,-2361618.362000,0.000000,0.000000,0
gmu-35-50,config21,3,FOUND INTEGER FEASIBLE,0.011257,0.371350,144,6,2,1,-2462475.571300,-2462475.571300,0.000000,0.000000,0
gmu-35-50,config23,1,FOUND INTEGER FEASIBLE,0.011249,0.743674,278,6,2,1,-2458944.380200,-2458944.380200,0.000000,0.000000,0
gmu-35-50,config23,2,FOUND INTEGER FEASIBLE,0.011295,0.400089,130,6,2,1,-2482785.161300,-2482785.161300,0.000000,0.000000,0
gmu-35-50,config23,3,FOUND INTEGER FEASIBLE,0.011259,0.492268,168,6,2,1,-2447525.646300,-2447525.646300,0.000000,0.000000,0
gmu-35-50,config19,1,FOUND INTEGER FEASIBLE,0.000000,0.010696,0,0,-1,-1,0.000000,0.000000,0.000000,0.000000,0
gmu-35-50,config19,2,FOUND INTEGER FEASIBLE,0.000000,0.008206,0,0,-1,-1,0.000000,0.000000,0.000000,0.000000,0
gmu-35-50,config19,3,FOUND INTEGER FEASIBLE,0.000000,0.006600,0,0,-1,-1,0.000000,0.000000,0.000000,0.000000,0
gmu-35-50,config18,1,FOUND INTEGER FEASIBLE,0.000000,0.010977,0,0,-1,-1,0.000000,0.000000,0.000000,0.000000,0
gmu-35-50,config18,2,FOUND INTEGER FEASIBLE,0.000000,0.008121,0,0,-1,-1,0.000000,0.000000,0.000000,0.000000,0
gmu-35-50,config18,3,FOUND INTEGER FEASIBLE,0.000000,0.007210,0,0,-1,-1,0.000000,0.000000,0.000000,0.000000,0
graph20-20-1rand,config1,1,FOUND INTEGER FEASIBLE,0.000000,0.533902,16,0,-1,-1,-4.000000,-4.000000,0.000000,0.000000,0
graph20-20-1rand,config1,2,FOUND INTEGER FEASIBLE,0.000000,0.508137,13,0,-1,-1,-5.000000,-5.000000,0.000000,0.000000,0
graph20-20-1rand,config1,3,FOUND INTEGER FEASIBLE,0.000000,0.325944,1,0,-1,-1,-7.000000,-7.000000,0.000000,0.000000,0
graph20-20-1rand,config3,1,FOUND INTEGER FEASIBLE,0.000000,0.117748,0,0,-1,-1,0.000000,0.000000,0.000000,0.000000,0
graph20-20-1rand,config3,2,FOUND INTEGER FEASIBLE,0.000000,0.118275,0,0,-1,-1,0.000000,0.000000,0.000000,0.000000,0
graph20-20-1rand,config3,3,FOUND INTEGER FEASIBLE,0.000000,0.117111,0,0,-1,-1,0.000000,0.000000,0.000000,0.000000,0
graph20-20-1rand,config20,1,FOUND INTEGER FEASIBLE,0.000000,1.048473,9,0,-1,-1,-5.000000,-5.000000,0.000000,0.000000,0
graph20-20-1rand,config20,2,FOUND INTEGER FEASIBLE,0.000000,1.064029,12,0,-1,-1,-5.000000,-5.000000,0.000000,0.000000,0
graph20-20-1rand,config20,3,FOUND INTEGER FEASIBLE,0.000000,1.028326,7,0,-1,-1,-5.000000,-5.000000,0.000000,0.000000,0
graph20-20-1rand,config16,1,FOUND INTEGER FEASIBLE,1.265718,2.160257,3,5,1,1,-8.000000,-8.000000,0.000000,0.000000,0
graph20-20-1rand,config16,2,FOUND INTEGER FEASIBLE,1.261368,2.247064,3,5,1,1,-8.000000,-8.000000,0.000000,0.000000,0
graph20-20-1rand,config16,3,FOUND INTEGER FEASIBLE,1.267847,2.249954,5,5,1,1,-8.000000,-8.000000,0.000000,0.000000,0
graph20-20-1rand,config17,1,FOUND INTEGER FEASIBLE,0.019452,0.104113,0,1,0,0,0.000000,0.000000,0.000000,0.000000,0
graph20-20-1rand,config17,2,FOUND INTEGER FEASIBLE,0.019186,0.100618,0,1,0,0,0.000000,0.000000,0.000000,0.000000,0
graph20-20-1rand,config17,3,FOUND INTEGER FEASIBLE,0.014269,0.080025,0,1,0,0,0.000000,0.000000,0.000000,0.000000,0
graph20-20-1rand,config21,1,FOUND INTEGER FEASIBLE,1.565377,1.698349,4,13,1,1,0.000000,0.000000,0.000000,0.000000,0
graph20-20-1rand,config21,2,FOUND INTEGER FEASIBLE,1.588731,1.728035,3,13,1,1,0.000000,0.000000,0.000000,0.000000,0
graph20-20-1rand,config21,3,FOUND INTEGER FEASIBLE,1.619119,1.775457,4,13,1,1,0.000000,0.000000,0.000000,0.000000,0
graph20-20-1rand,config23,1,FOUND INTEGER FEASIBLE,1.616756,1.729674,2,13,1,1,0.000000,0.000000,0.000000,0.000000,0
graph20-20-1rand,config23,2,FOUND INTEGER FEASIBLE,1.612199,1.720382,1,13,1,1,0.000000,0.000000,0.000000,0.000000,0
graph20-20-1rand,config23,3,FOUND INTEGER FEASIBLE,1.589883,1.701260,6,13,1,1,0.000000,0.000000,0.000000,0.000000,0
graph20-20-1rand,config19,1,FOUND INTEGER FEASIBLE,0.000000,0.025870,0,0,-1,-1,0.000000,0.000000,0.000000,0.000000,0
graph20-20-1rand,config19,2,FOUND INTEGER FEASIBLE,0.000000,0.016654,0,0,-1,-1,0.000000,0.000000,0.000000,0.000000,0
graph20-20-1rand,config19,3,FOUND INTEGER FEASIBLE,0.000000,0.019253,0,0,-1,-1,0.000000,0.000000,0.000000,0.000000,0
graph20-20-1rand,config18,1,FOUND INTEGER FEASIBLE,0.000000,0.036245,0,0,-1,-1,0.000000,0.000000,0.000000,0.000000,0
graph20-20-1rand,config18,2,FOUND INTEGER FEASIBLE,0.000000,0.018376,0,0,-1,-1,0.000000,0.000000,0.000000,0.000000,0
graph20-20-1rand,config18,3,FOUND INTEGER FEASIBLE,0.000000,0.016831,0,0,-1,-1,0.000000,0.000000,0.000000,0.000000,0
graphdraw-domain,config1,1,FOUND INTEGER FEASIBLE,0.000000,0.030054,5,0,-1,-1,31818.000000,31818.000000,0.000000,0.000000,0
graphdraw-domain,config1,2,FOUND INTEGER FEASIBLE,0.000000,0.017918,3,0,-1,-1,28270.000000,28270.000000,0.000000,0.000000,0
graphdraw-domain,config1,3,FOUND INTEGER FEASIBLE,0.000000,0.027623,5,0,-1,-1,31817.000000,31817.000000,0.000000,0.000000,0
graphdraw-domain,config3,1,FOUND INTEGER FEASIBLE,0.000000,0.022619,23,0,-1,-1,99875.000000,43385.000000,0.000000,0.000000,0
graphdraw-domain,config3,2,FOUND INTEGER FEASIBLE,0.000000,0.067904,69,0,-1,-1,99875.000000,45099.000000,0.000000,0.000000,0
graphdraw-domain,config3,3,FOUND INTEGER FEASIBLE,0.000000,0.139867,307,0,-1,-1,99875.000000,43104.000000,0.000000,0.000000,0
graphdraw-domain,config20,1,FOUND INTEGER FEASIBLE,0.000000,0.026599,1,0,-1,-1,99875.000000,37239.000000,0.000000,0.000000,0
graphdraw-domain,config20,2,FOUND INTEGER FEASIBLE,0.000000,0.020314,1,0,-1,-1,99875.000000,37239.000000,0.000000,0.000000,0
graphdraw-domain,config20,3,FOUND INTEGER FEASIBLE,0.000000,0.012820,1,0,-1,-1,99875.000000,37094.000000,0.000000,0.000000,0
graphdraw-domain,config16,1,FOUND INTEGER FEASIBLE,0.009561,0.325384,317,9,3,0,99875.000000,44332.000000,0.000000,0.000000,0
graphdraw-domain,config16,2,FOUND INTEGER FEASIBLE,0.009705,0.325315,320,9,3,0,99875.000000,35178.000000,0.000000,0.000000,0
graphdraw-domain,config16,3,FOUND INTEGER FEASIBLE,0.009492,0.281111,262,9,3,0,99875.000000,38721.000000,0.000000,0.000000,0
graphdraw-domain,config17,1,FOUND INTEGER FEASIBLE,0.007623,0.022357,1,5,0,0,99875.000000,37008.000000,0.000000,0.000000,0
graphdraw-domain,config17,2,FOUND INTEGER FEASIBLE,0.007592,0.021911,1,5,0,0,99875.000000,37008.000000,0.000000,0.000000,0
graphdraw-domain,config17,3,FOUND INTEGER FEASIBLE,0.007541,0.021853,1,5,0,0,99875.000000,37008.000000,0.000000,0.000000,0
graphdraw-domain,config21,1,FOUND INTEGER FEASIBLE,0.007326,0.020921,1,3,0,0,99875.000000,33297.000000,0.000000,0.000000,0
graphdraw-domain,config21,2,FOUND INTEGER FEASIBLE,0.007587,0.022479,1,3,0,0,99875.000000,33297.000000,0.000000,0.000000,0
graphdraw-domain,config21,3,FOUND INTEGER FEASIBLE,0.007320,0.020809,1,3,0,0,99875.000000,33297.000000,0.000000,0.000000,0
graphdraw-domain,config23,1,FOUND INTEGER FEASIBLE,0.007347,0.033197,34,3,0,0,99875.000000,43698.000000,0.000000,0.000000,0
graphdraw-domain,config23,2,FOUND INTEGER FEASIBLE,0.007490,0.066021,77,3,0,0,99875.000000,38609.000000,0.000000,0.000000,0
graphdraw-domain,config23,3,FOUND INTEGER FEASIBLE,0.007374,0.022632,8,3,0,0,99875.000000,45864.000000,0.000000,0.000000,0
graphdraw-domain,config19,1,FOUND INTEGER FEASIBLE,0.000000,0.016094,0,0,-1,-1,93855.000000,38074.000000,0.000000,0.000000,0
graphdraw-domain,config19,2,FOUND INTEGER FEASIBLE,0.000000,0.012362,0,0,-1,-1,93855.000000,38074.000000,0.000000,0.000000,0
graphdraw-domain,config19,3,FOUND INTEGER FEASIBLE,0.000000,0.017143,0,0,-1,-1,93855.000000,38074.000000,0.000000,0.000000,0
graphdraw-domain,config18,1,FOUND INTEGER FEASIBLE,0.000000,0.013492,0,0,-1,-1,93855.000000,38074.000000,0.000000,0.000000,0
graphdraw-domain,config18,2,FOUND INTEGER FEASIBLE,0.000000,0.014428,0,0,-1,-1,93855.000000,38074.000000,0.000000,0.000000,0
graphdraw-domain,config18,3,FOUND INTEGER FEASIBLE,0.000000,0.015756,0,0,-1,-1,93855.000000,38074.000000,0.000000,0.000000,0
h80x6320d,config1,1,FOUND INTEGER FEASIBLE,0.000000,0.627940,8,0,-1,-1,10632.714229,10632.714229,0.000000,0.000000,0
h80x6320d,config1,2,FOUND INTEGER FEASIBLE,0.000000,0.625963,8,0,-1,-1,10653.384388,10653.384388,0.000000,0.000000,0
h80x6320d,config1,3,FOUND INTEGER FEASIBLE,0.000000,0.481481,5,0,-1,-1,10727.434132,10727.434132,0.000000,0.000000,0
h80x6320d,config3,1,FOUND INTEGER FEASIBLE,0.000000,0.348642,3,0,-1,-1,23171.867183,23171.867183,0.000000,0.000000,0
h80x6320d,config3,2,FOUND INTEGER FEASIBLE,0.000000,0.237057,1,0,-1,-1,22277.878284,22277.878284,0.000000,0.000000,0
h80x6320d,config3,3,FOUND INTEGER FEASIBLE,0.000000,0.348326,3,0,-1,-1,22668.274350,22668.274350,0.000000,0.000000,0
h80x6320d,config20,1,FOUND INTEGER FEASIBLE,0.000000,0.334898,9,0,-1,-1,19173.685286,19173.685286,0.000000,0.000000,0
h80x6320d,config20,2,FOUND INTEGER FEASIBLE,0.000000,0.231108,7,0,-1,-1,19465.661051,19465.661051,0.000000,0.000000,0
h80x6320d,config20,3,FOUND INTEGER FEASIBLE,0.000000,0.254184,3,0,-1,-1,21569.568693,21569.568693,0.000000,0.000000,0
h80x6320d,config16,1,FOUND INTEGER FEASIBLE,0.091164,0.458828,5,8,2,2,10707.671771,10707.671771,0.000000,0.000000,0
h80x6320d,config16,2,FOUND INTEGER FEASIBLE,0.078551,0.413672,5,8,2,2,10473.903598,10473.903598,0.000000,0.000000,0
h80x6320d,config16,3,FOUND INTEGER FEASIBLE,0.077841,0.405013,4,8,2,2,10667.739634,10667.739634,0.000000,0.000000,0
h80x6320d,config17,1,FOUND INTEGER FEASIBLE,0.080704,0.390322,3,6,0,0,18772.184776,18772.184776,0.000000,0.000000,0
h80x6320d,config17,2,FOUND INTEGER FEASIBLE,0.080753,0.399080,3,6,0,0,19515.583191,19515.583191,0.000000,0.000000,0
h80x6320d,config17,3,FOUND INTEGER FEASIBLE,0.081257,0.392516,3,6,0,0,20938.446741,20938.446741,0.000000,0.000000,0
h80x6320d,config21,1,FOUND INTEGER FEASIBLE,0.080866,0.514122,11,5,0,0,25099.102790,25099.102790,0.000000,0.000000,0
h80x6320d,config21,2,FOUND INTEGER FEASIBLE,0.080563,0.378429,3,5,0,0,25722.324643,25722.324643,0.000000,0.000000,0
h80x6320d,config21,3,FOUND INTEGER FEASIBLE,0.080784,0.517378,12,5,0,0,26567.072754,26567.072754,0.000000,0.000000,0
h80x6320d,config23,1,FOUND INTEGER FEASIBLE,0.081072,0.389973,3,5,0,0,24034.608163,24034.608163,0.000000,0.000000,0
h80x6320d,config23,2,FOUND INTEGER FEASIBLE,0.080601,0.397728,3,5,0,0,24269.888278,24269.888278,0.000000,0.000000,0
h80x6320d,config23,3,FOUND INTEGER FEASIBLE,0.080314,0.389473,3,5,0,0,21387.048629,21387.048629,0.000000,0.000000,0
h80x6320d,config19,1,FOUND INTEGER FEASIBLE,0.000000,0.027231,0,0,-1,-1,20018.196677,20018.196677,0.000000,0.000000,0
h80x6320d,config19,2,FOUND INTEGER FEASIBLE,0.000000,0.028064,0,0,-1,-1,20018.196677,20018.196677,0.000000,0.000000,0
h80x6320d,config19,3,FOUND INTEGER FEASIBLE,0.000000,0.022872,0,0,-1,-1,20018.196677,20018.196677,0.000000,0.000000,0
h80x6320d,config18,1,FOUND INTEGER FEASIBLE,0.000000,0.048254,0,0,-1,-1,20018.196677,20018.196677,0.000000,0.000000,0
h80x6320d,config18,2,FOUND INTEGER FEASIBLE,0.000000,0.038689,0,0,-1,-1,20018.196677,20018.196677,0.000000,0.000000,0
h80x6320d,config18,3,FOUND INTEGER FEASIBLE,0.000000,0.025084,0,0,-1,-1,20018.196677,20018.196677,0.000000,0.000000,0
highschool1-aigio,config1,1,FAILED TO FIND AN INTEGER FEASIBLE SOLUTION,0.000000,3600,20,0,-1,-1,0.000000,0.000000,3.250000,3.250000,8
highschool1-aigio,config1,2,FAILED TO FIND AN INTEGER FEASIBLE SOLUTION,0.000000,3600,18,0,-1,-1,0.000000,0.000000,1.750000,1.750000,5
highschool1-aigio,config1,3,FAILED TO FIND AN INTEGER FEASIBLE SOLUTION,0.000000,3600,21,0,-1,-1,0.000000,0.000000,214.172500,188.922500,841
highschool1-aigio,config3,1,FAILED TO FIND AN INTEGER FEASIBLE SOLUTION,0.000000,3600,48,0,-1,-1,0.000000,0.000000,6.800000,8.466667,18
highschool1-aigio,config3,2,FAILED TO FIND AN INTEGER FEASIBLE SOLUTION,0.000000,3600,19,0,-1,-1,0.000000,0.000000,15.406250,18.406250,51
highschool1-aigio,config3,3,FAILED TO FIND AN INTEGER FEASIBLE SOLUTION,0.000000,3600,33,0,-1,-1,0.000000,0.000000,7.031250,7.906250,29
highschool1-aigio,config20,1,FAILED TO FIND AN INTEGER FEASIBLE SOLUTION,0.000000,3600,24,0,-1,-1,0.000000,0.000000,13.375000,52.375000,32
highschool1-aigio,config20,2,FOUND INTEGER FEASIBLE,0.000000,821.760540,35,0,-1,-1,17477.000000,17477.000000,0.000000,0.000000,0
highschool1-aigio,config20,3,FOUND INTEGER FEASIBLE,0.000000,1139.452903,36,0,-1,-1,18386.000000,18386.000000,0.000000,0.000000,0
highschool1-aigio,config16,1,FOUND INTEGER FEASIBLE,1065.167577,1821.930739,24,12,3,0,4978.000000,4978.000000,0.000000,0.000000,0
highschool1-aigio,config16,2,FOUND INTEGER FEASIBLE,1066.781189,1657.277381,18,12,3,0,4599.000000,4599.000000,0.000000,0.000000,0
highschool1-aigio,config16,3,FOUND INTEGER FEASIBLE,1067.801941,1462.838224,14,12,2,0,6724.000000,6724.000000,0.000000,0.000000,0
highschool1-aigio,config17,1,FAILED TO FIND AN INTEGER FEASIBLE SOLUTION,138.648836,3600,44,12,12,1,0.000000,0.000000,315.875000,112.875000,644
highschool1-aigio,config17,2,FOUND INTEGER FEASIBLE,135.843724,1741.839208,40,12,7,1,11042.000000,11042.000000,0.000000,0.000000,0
highschool1-aigio,config17,3,FAILED TO FIND AN INTEGER FEASIBLE SOLUTION,137.927525,3600,43,12,12,1,0.000000,0.000000,390.250000,140.750000,815
highschool1-aigio,config21,1,FAILED TO FIND AN INTEGER FEASIBLE SOLUTION,18.157181,3600,18,13,13,13,0.000000,0.000000,14.312500,113.812500,45
highschool1-aigio,config21,2,FOUND INTEGER FEASIBLE,18.096035,1432.472979,35,13,13,13,17477.000000,17477.000000,0.000000,0.000000,0
highschool1-aigio,config21,3,FOUND INTEGER FEASIBLE,18.095238,1984.586614,36,13,13,13,18386.000000,18386.000000,0.000000,0.000000,0
highschool1-aigio,config23,1,FAILED TO FIND AN INTEGER FEASIBLE SOLUTION,18.148855,3600,48,13,13,13,0.000000,0.000000,6.800000,8.466667,18
highschool1-aigio,config23,2,FAILED TO FIND AN INTEGER FEASIBLE SOLUTION,19.088951,3600,18,13,13,13,0.000000,0.000000,18.593750,34.593750,58
highschool1-aigio,config23,3,FAILED TO FIND AN INTEGER FEASIBLE SOLUTION,18.195762,3600,33,13,13,13,0.000000,0.000000,7.031250,7.906250,29
highschool1-aigio,config19,1,FAILED TO FIND AN INTEGER FEASIBLE SOLUTION,0.000000,3600,0,0,-1,-1,0.000000,0.000000,inf,inf,0
highschool1-aigio,config19,2,FAILED TO FIND AN INTEGER FEASIBLE SOLUTION,0.000000,3600,0,0,-1,-1,0.000000,0.000000,inf,inf,0
highschool1-aigio,config19,3,FAILED TO FIND AN INTEGER FEASIBLE SOLUTION,0.000000,3600,0,0,-1,-1,0.000000,0.000000,inf,inf,0
highschool1-aigio,config18,1,FAILED TO FIND AN INTEGER FEASIBLE SOLUTION,0.000000,3600,0,0,-1,-1,0.000000,0.000000,inf,inf,0
highschool1-aigio,config18,2,FAILED TO FIND AN INTEGER FEASIBLE SOLUTION,0.000000,3600,0,0,-1,-1,0.000000,0.000000,inf,inf,0
highschool1-aigio,config18,3,FAILED TO FIND AN INTEGER FEASIBLE SOLUTION,0.000000,3600,0,0,-1,-1,0.000000,0.000000,inf,inf,0
hypothyroid-k1,config1,1,FOUND INTEGER FEASIBLE,0.000000,7.612192,1,0,-1,-1,-2851.000000,-2851.000000,0.000000,0.000000,0
hypothyroid-k1,config1,2,FOUND INTEGER FEASIBLE,0.000000,7.542433,1,0,-1,-1,-2851.000000,-2851.000000,0.000000,0.000000,0
hypothyroid-k1,config1,3,FOUND INTEGER FEASIBLE,0.000000,7.261698,1,0,-1,-1,-2851.000000,-2851.000000,0.000000,0.000000,0
hypothyroid-k1,config3,1,FOUND INTEGER FEASIBLE,0.000000,4.547238,39,0,-1,-1,-6.000000,-6.000000,0.000000,0.000000,0
hypothyroid-k1,config3,2,FOUND INTEGER FEASIBLE,0.000000,3.172943,15,0,-1,-1,-1477.000000,-1477.000000,0.000000,0.000000,0
hypothyroid-k1,config3,3,FOUND INTEGER FEASIBLE,0.000000,3.474238,22,0,-1,-1,-471.000000,-471.000000,0.000000,0.000000,0
hypothyroid-k1,config20,1,FOUND INTEGER FEASIBLE,0.000000,1.151978,0,0,-1,-1,-2692.000000,-2692.000000,0.000000,0.000000,0
hypothyroid-k1,config20,2,FOUND INTEGER FEASIBLE,0.000000,1.125495,0,0,-1,-1,-2692.000000,-2692.000000,0.000000,0.000000,0
hypothyroid-k1,config20,3,FOUND INTEGER FEASIBLE,0.000000,1.124367,0,0,-1,-1,-2692.000000,-2692.000000,0.000000,0.000000,0
hypothyroid-k1,config16,1,FOUND INTEGER FEASIBLE,12.081423,15.207780,232,5,2,0,-245.000000,-245.000000,0.000000,0.000000,0
hypothyroid-k1,config16,2,FOUND INTEGER FEASIBLE,10.981754,13.756997,182,5,2,0,-1831.000000,-1831.000000,0.000000,0.000000,0
hypothyroid-k1,config16,3,FOUND INTEGER FEASIBLE,11.025816,14.218145,210,5,2,0,-62.000000,-62.000000,0.000000,0.000000,0
hypothyroid-k1,config17,1,FOUND INTEGER FEASIBLE,0.510311,3.687804,16,4,1,1,-369.000000,-369.000000,0.000000,0.000000,0
hypothyroid-k1,config17,2,FOUND INTEGER FEASIBLE,0.261547,3.174864,22,4,1,1,-457.000000,-457.000000,0.000000,0.000000,0
hypothyroid-k1,config17,3,FOUND INTEGER FEASIBLE,0.261576,2.172976,13,4,1,1,-403.000000,-403.000000,0.000000,0.000000,0
hypothyroid-k1,config21,1,FOUND INTEGER FEASIBLE,0.228845,1.812995,27,2,1,1,-2.000000,-2.000000,0.000000,0.000000,0
hypothyroid-k1,config21,2,FOUND INTEGER FEASIBLE,0.218474,2.321162,57,2,1,1,-2.000000,-2.000000,0.000000,0.000000,0
hypothyroid-k1,config21,3,FOUND INTEGER FEASIBLE,0.112459,0.859815,17,2,1,1,-2.000000,-2.000000,0.000000,0.000000,0
hypothyroid-k1,config23,1,FOUND INTEGER FEASIBLE,0.232265,1.837328,26,2,1,1,-2.000000,-2.000000,0.000000,0.000000,0
hypothyroid-k1,config23,2,FOUND INTEGER FEASIBLE,0.221807,1.845034,29,2,1,1,-1.000000,-1.000000,0.000000,0.000000,0
hypothyroid-k1,config23,3,FOUND INTEGER FEASIBLE,0.232375,2.521550,63,2,1,1,-2.000000,-2.000000,0.000000,0.000000,0
hypothyroid-k1,config19,1,FOUND INTEGER FEASIBLE,0.000000,0.414922,0,0,-1,-1,-2692.000000,-2692.000000,0.000000,0.000000,0
hypothyroid-k1,config19,2,FOUND INTEGER FEASIBLE,0.000000,0.696036,0,0,-1,-1,-2692.000000,-2692.000000,0.000000,0.000000,0
hypothyroid-k1,config19,3,FOUND INTEGER FEASIBLE,0.000000,0.696365,0,0,-1,-1,-2692.000000,-2692.000000,0.000000,0.000000,0
hypothyroid-k1,config18,1,FOUND INTEGER FEASIBLE,0.000000,0.533652,0,0,-1,-1,-2692.000000,-2692.000000,0.000000,0.000000,0
hypothyroid-k1,config18,2,FOUND INTEGER FEASIBLE,0.000000,0.488393,0,0,-1,-1,-2692.000000,-2692.000000,0.000000,0.000000,0
hypothyroid-k1,config18,3,FOUND INTEGER FEASIBLE,0.000000,0.488895,0,0,-1,-1,-2692.000000,-2692.000000,0.000000,0.000000,0
ic97_potential,config1,1,FAILED TO FIND AN INTEGER FEASIBLE SOLUTION,0.000000,5.805059,2003,0,-1,-1,0.000000,0.000000,0.333333,0.333333,10
ic97_potential,config1,2,FAILED TO FIND AN INTEGER FEASIBLE SOLUTION,0.000000,4.398075,2003,0,-1,-1,0.000000,0.000000,0.066667,0.066667,1
ic97_potential,config1,3,FAILED TO FIND AN INTEGER FEASIBLE SOLUTION,0.000000,4.457083,2003,0,-1,-1,0.000000,0.000000,0.016667,0.016667,1
ic97_potential,config3,1,FAILED TO FIND AN INTEGER FEASIBLE SOLUTION,0.000000,17.172213,12000,0,-1,-1,0.000000,0.000000,0.033333,0.033333,2
ic97_potential,config3,2,FAILED TO FIND AN INTEGER FEASIBLE SOLUTION,0.000000,16.668761,12000,0,-1,-1,0.000000,0.000000,0.600000,0.600000,9
ic97_potential,config3,3,FAILED TO FIND AN INTEGER FEASIBLE SOLUTION,0.000000,16.978760,12000,0,-1,-1,0.000000,0.000000,0.350000,0.350000,9
ic97_potential,config20,1,FAILED TO FIND AN INTEGER FEASIBLE SOLUTION,0.000000,41.586025,12000,0,-1,-1,0.000000,0.000000,0.100000,0.100000,3
ic97_potential,config20,2,FAILED TO FIND AN INTEGER FEASIBLE SOLUTION,0.000000,39.740931,12000,0,-1,-1,0.000000,0.000000,0.116667,0.116667,3
ic97_potential,config20,3,FAILED TO FIND AN INTEGER FEASIBLE SOLUTION,0.000000,40.324559,12000,0,-1,-1,0.000000,0.000000,0.333333,0.333333,9
ic97_potential,config16,1,FAILED TO FIND AN INTEGER FEASIBLE SOLUTION,0.030114,16.990128,12000,10,10,9,0.000000,0.000000,0.350000,0.350000,3
ic97_potential,config16,2,FAILED TO FIND AN INTEGER FEASIBLE SOLUTION,0.029668,16.093778,12000,10,10,9,0.000000,0.000000,0.216667,0.216667,7
ic97_potential,config16,3,FAILED TO FIND AN INTEGER FEASIBLE SOLUTION,0.030170,16.628164,12000,10,10,9,0.000000,0.000000,0.233333,0.233333,5
ic97_potential,config17,1,FOUND INTEGER FEASIBLE,0.027355,0.971270,256,12,10,8,4422.000000,4217.000000,0.000000,0.000000,0
ic97_potential,config17,2,FOUND INTEGER FEASIBLE,0.027377,1.199444,291,12,12,8,4430.000000,4235.000000,0.000000,0.000000,0
ic97_potential,config17,3,FOUND INTEGER FEASIBLE,0.027035,0.780936,215,12,10,8,4444.000000,4218.000000,0.000000,0.000000,0
ic97_potential,config21,1,FAILED TO FIND AN INTEGER FEASIBLE SOLUTION,0.016601,16.218947,12000,12,12,11,0.000000,0.000000,0.183333,0.183333,3
ic97_potential,config21,2,FAILED TO FIND AN INTEGER FEASIBLE SOLUTION,0.016786,16.521800,12000,12,12,11,0.000000,0.000000,0.100000,0.100000,3
ic97_potential,config21,3,FAILED TO FIND AN INTEGER FEASIBLE SOLUTION,0.017277,16.161815,12000,12,12,11,0.000000,0.000000,0.116667,0.116667,4
ic97_potential,config23,1,FAILED TO FIND AN INTEGER FEASIBLE SOLUTION,0.008954,15.877937,12000,12,12,11,0.000000,0.000000,0.166667,0.166667,4
ic97_potential,config23,2,FAILED TO FIND AN INTEGER FEASIBLE SOLUTION,0.017041,16.553937,12000,12,12,11,0.000000,0.000000,0.050000,0.050000,2
ic97_potential,config23,3,FAILED TO FIND AN INTEGER FEASIBLE SOLUTION,0.017211,5.732250,2070,12,12,11,0.000000,0.000000,0.050000,0.050000,2
ic97_potential,config19,1,FOUND INTEGER FEASIBLE,0.000000,0.023259,0,0,-1,-1,4552.000000,4372.000000,0.000000,0.000000,0
ic97_potential,config19,2,FOUND INTEGER FEASIBLE,0.000000,0.015369,0,0,-1,-1,4552.000000,4372.000000,0.000000,0.000000,0
ic97_potential,config19,3,FOUND INTEGER FEASIBLE,0.000000,0.021550,0,0,-1,-1,4552.000000,4372.000000,0.000000,0.000000,0
ic97_potential,config18,1,FOUND INTEGER FEASIBLE,0.000000,0.016480,0,0,-1,-1,4552.000000,4372.000000,0.000000,0.000000,0
ic97_potential,config18,2,FOUND INTEGER FEASIBLE,0.000000,0.015129,0,0,-1,-1,4552.000000,4372.000000,0.000000,0.000000,0
ic97_potential,config18,3,FOUND INTEGER FEASIBLE,0.000000,0.014928,0,0,-1,-1,4552.000000,4372.000000,0.000000,0.000000,0
icir97_tension,config1,1,FOUND INTEGER FEASIBLE,0.000000,3.363815,156,0,-1,-1,7345.000000,6953.000000,0.000000,0.000000,0
icir97_tension,config1,2,FOUND INTEGER FEASIBLE,0.000000,5.174098,272,0,-1,-1,7574.000000,7204.000000,0.000000,0.000000,0
icir97_tension,config1,3,FOUND INTEGER FEASIBLE,0.000000,1.252346,45,0,-1,-1,7115.000000,6848.000000,0.000000,0.000000,0
icir97_tension,config3,1,FOUND INTEGER FEASIBLE,0.000000,2.358601,196,0,-1,-1,7546.000000,7213.000000,0.000000,0.000000,0
icir97_tension,config3,2,FOUND INTEGER FEASIBLE,0.000000,3.854721,227,0,-1,-1,7435.000000,7159.000000,0.000000,0.000000,0
icir97_tension,config3,3,FOUND INTEGER FEASIBLE,0.000000,8.713270,509,0,-1,-1,7570.000000,7187.000000,0.000000,0.000000,0
icir97_tension,config20,1,FOUND INTEGER FEASIBLE,0.000000,2.565236,122,0,-1,-1,7441.000000,7093.000000,0.000000,0.000000,0
icir97_tension,config20,2,FOUND INTEGER FEASIBLE,0.000000,3.040155,169,0,-1,-1,7510.000000,7199.000000,0.000000,0.000000,0
icir97_tension,config20,3,FOUND INTEGER FEASIBLE,0.000000,3.593118,252,0,-1,-1,7389.000000,7105.000000,0.000000,0.000000,0
icir97_tension,config16,1,FOUND INTEGER FEASIBLE,0.028352,1.263211,86,10,1,1,7413.000000,7136.000000,0.000000,0.000000,0
icir97_tension,config16,2,FOUND INTEGER FEASIBLE,0.028397,0.865429,57,10,1,1,7420.000000,7153.000000,0.000000,0.000000,0
icir97_tension,config16,3,FOUND INTEGER FEASIBLE,0.028178,2.640790,168,10,2,1,7328.000000,7051.000000,0.000000,0.000000,0
icir97_tension,config17,1,FOUND INTEGER FEASIBLE,0.024473,2.819102,184,4,2,0,7320.000000,7105.000000,0.000000,0.000000,0
icir97_tension,config17,2,FOUND INTEGER FEASIBLE,0.024737,7.596586,490,4,4,0,7582.000000,7237.000000,0.000000,0.000000,0
icir97_tension,config17,3,FOUND INTEGER FEASIBLE,0.024649,4.877085,397,4,3,0,7437.000000,7072.000000,0.000000,0.000000,0
icir97_tension,config21,1,FOUND INTEGER FEASIBLE,0.018842,0.679659,72,11,3,3,7321.000000,7109.000000,0.000000,0.000000,0
icir97_tension,config21,2,FOUND INTEGER FEASIBLE,0.018721,3.164593,202,11,5,3,7257.000000,7049.000000,0.000000,0.000000,0
icir97_tension,config21,3,FOUND INTEGER FEASIBLE,0.009454,0.471496,75,11,3,3,7255.000000,6979.000000,0.000000,0.000000,0
icir97_tension,config23,1,FOUND INTEGER FEASIBLE,0.018780,1.365781,109,11,3,3,7448.000000,6961.000000,0.000000,0.000000,0
icir97_tension,config23,2,FOUND INTEGER FEASIBLE,0.018717,3.315346,214,11,5,3,7316.000000,7012.000000,0.000000,0.000000,0
icir97_tension,config23,3,FOUND INTEGER FEASIBLE,0.018667,3.028582,160,11,4,3,7281.000000,7041.000000,0.000000,0.000000,0
icir97_tension,config19,1,FOUND INTEGER FEASIBLE,0.000000,2.442170,0,0,-1,-1,6505.000000,6505.000000,0.000000,0.000000,0
icir97_tension,config19,2,FOUND INTEGER FEASIBLE,0.000000,2.393968,0,0,-1,-1,6505.000000,6505.000000,0.000000,0.000000,0
icir97_tension,config19,3,FOUND INTEGER FEASIBLE,0.000000,2.394157,0,0,-1,-1,6505.000000,6505.000000,0.000000,0.000000,0
icir97_tension,config18,1,FOUND INTEGER FEASIBLE,0.000000,0.909149,0,0,-1,-1,6461.000000,6461.000000,0.000000,0.000000,0
icir97_tension,config18,2,FOUND INTEGER FEASIBLE,0.000000,1.319823,0,0,-1,-1,6461.000000,6461.000000,0.000000,0.000000,0
icir97_tension,config18,3,FOUND INTEGER FEASIBLE,0.000000,0.907685,0,0,-1,-1,6461.000000,6461.000000,0.000000,0.000000,0
irish-electricity,config1,1,FAILED TO FIND AN INTEGER FEASIBLE SOLUTION,0.000000,3600,6574,0,-1,-1,0.000000,0.000000,1.671457,1.671457,21
irish-electricity,config1,2,FAILED TO FIND AN INTEGER FEASIBLE SOLUTION,0.000000,3600,5095,0,-1,-1,0.000000,0.000000,1.671457,1.671457,26
irish-electricity,config1,3,FOUND INTEGER FEASIBLE,0.000000,2119.981146,3609,0,-1,-1,5755297.128153,5057778.121584,0.000000,0.000000,0
irish-electricity,config3,1,FAILED TO FIND AN INTEGER FEASIBLE SOLUTION,0.000000,3600,7194,0,-1,-1,0.000000,0.000000,1.671457,1.671457,26
irish-electricity,config3,2,FAILED TO FIND AN INTEGER FEASIBLE SOLUTION,0.000000,3600,7155,0,-1,-1,0.000000,0.000000,0.933385,0.933385,25
irish-electricity,config3,3,FAILED TO FIND AN INTEGER FEASIBLE SOLUTION,0.000000,3600,5246,0,-1,-1,0.000000,0.000000,1.671457,1.671457,26
irish-electricity,config20,1,FOUND INTEGER FEASIBLE,0.000000,66.555157,139,0,-1,-1,6400953.751791,5663438.829901,0.000000,0.000000,0
irish-electricity,config20,2,FAILED TO FIND AN INTEGER FEASIBLE SOLUTION,0.000000,3600,7105,0,-1,-1,0.000000,0.000000,1.671458,1.671458,26
irish-electricity,config20,3,FOUND INTEGER FEASIBLE,0.000000,299.321740,643,0,-1,-1,6313601.692719,5492513.398627,0.000000,0.000000,0
irish-electricity,config16,1,FAILED TO FIND AN INTEGER FEASIBLE SOLUTION,28.490362,3600,7123,13,13,9,0.000000,0.000000,1.202854,1.202854,46
irish-electricity,config16,2,FAILED TO FIND AN INTEGER FEASIBLE SOLUTION,28.531041,3600,5408,13,13,9,0.000000,0.000000,0.832344,0.814235,33
irish-electricity,config16,3,FAILED TO FIND AN INTEGER FEASIBLE SOLUTION,29.479244,3600,7442,13,13,9,0.000000,0.000000,1.671457,1.671457,20
irish-electricity,config17,1,FAILED TO FIND AN INTEGER FEASIBLE SOLUTION,12.989366,3600,7009,13,13,10,0.000000,0.000000,1.671457,1.671457,25
irish-electricity,config17,2,FAILED TO FIND AN INTEGER FEASIBLE SOLUTION,12.044500,3600,3257,13,13,10,0.000000,0.000000,1.671457,1.671457,24
irish-electricity,config17,3,FAILED TO FIND AN INTEGER FEASIBLE SOLUTION,12.095879,3600,5894,13,13,10,0.000000,0.000000,1.671457,1.671457,23
irish-electricity,config21,1,FAILED TO FIND AN INTEGER FEASIBLE SOLUTION,8.575765,3600,2314,13,13,12,0.000000,0.000000,3.200435,3.264264,66
irish-electricity,config21,2,FAILED TO FIND AN INTEGER FEASIBLE SOLUTION,8.559544,3600,8420,13,13,12,0.000000,0.000000,1.671457,1.671457,26
irish-electricity,config21,3,FAILED TO FIND AN INTEGER FEASIBLE SOLUTION,8.601512,3600,6788,13,13,12,0.000000,0.000000,1.671457,1.671457,26
irish-electricity,config23,1,FAILED TO FIND AN INTEGER FEASIBLE SOLUTION,8.598511,3600,5990,13,13,12,0.000000,0.000000,0.989204,0.989204,29
irish-electricity,config23,2,FAILED TO FIND AN INTEGER FEASIBLE SOLUTION,8.590058,3600,6981,13,13,12,0.000000,0.000000,1.671457,1.671457,26
irish-electricity,config23,3,FAILED TO FIND AN INTEGER FEASIBLE SOLUTION,8.572763,3600,6069,13,13,12,0.000000,0.000000,1.671457,1.671457,21
irish-electricity,config19,1,FOUND INTEGER FEASIBLE,0.000000,28.867109,0,0,-1,-1,3823319.795945,3823319.795945,0.000000,0.000000,0
irish-electricity,config19,2,FOUND INTEGER FEASIBLE,0.000000,28.772515,0,0,-1,-1,3823319.795945,3823319.795945,0.000000,0.000000,0
irish-electricity,config19,3,FOUND INTEGER FEASIBLE,0.000000,28.922873,0,0,-1,-1,3823319.795945,3823319.795945,0.000000,0.000000,0
irish-electricity,config18,1,FOUND INTEGER FEASIBLE,0.000000,41.166790,0,0,-1,-1,4399348.543787,4399348.543787,0.000000,0.000000,0
irish-electricity,config18,2,FOUND INTEGER FEASIBLE,0.000000,41.403248,0,0,-1,-1,4399348.543787,4399348.543787,0.000000,0.000000,0
irish-electricity,config18,3,FOUND INTEGER FEASIBLE,0.000000,41.451359,0,0,-1,-1,4399348.543787,4399348.543787,0.000000,0.000000,0
irp,config1,1,FOUND INTEGER FEASIBLE,0.000000,0.961117,26,0,-1,-1,13500.927812,13500.927812,0.000000,0.000000,0
irp,config1,2,FOUND INTEGER FEASIBLE,0.000000,0.847366,8,0,-1,-1,12631.572877,12631.572877,0.000000,0.000000,0
irp,config1,3,FOUND INTEGER FEASIBLE,0.000000,0.898147,9,0,-1,-1,12287.345886,12287.345886,0.000000,0.000000,0
irp,config3,1,FOUND INTEGER FEASIBLE,0.000000,0.512195,3,0,-1,-1,12273.147705,12273.147705,0.000000,0.000000,0
irp,config3,2,FOUND INTEGER FEASIBLE,0.000000,0.580372,4,0,-1,-1,12432.410127,12432.410127,0.000000,0.000000,0
irp,config3,3,FOUND INTEGER FEASIBLE,0.000000,0.497208,3,0,-1,-1,12273.147705,12273.147705,0.000000,0.000000,0
irp,config20,1,FOUND INTEGER FEASIBLE,0.000000,0.154632,0,0,-1,-1,18142.122646,18142.122646,0.000000,0.000000,0
irp,config20,2,FOUND INTEGER FEASIBLE,0.000000,0.144560,0,0,-1,-1,18142.122646,18142.122646,0.000000,0.000000,0
irp,config20,3,FOUND INTEGER FEASIBLE,0.000000,0.140683,0,0,-1,-1,18142.122646,18142.122646,0.000000,0.000000,0
irp,config16,1,FOUND INTEGER FEASIBLE,0.133291,0.852667,17,3,1,1,12678.549714,12678.549714,0.000000,0.000000,0
irp,config16,2,FOUND INTEGER FEASIBLE,0.130986,0.733590,12,3,1,1,12512.837953,12512.837953,0.000000,0.000000,0
irp,config16,3,FOUND INTEGER FEASIBLE,0.133512,0.618150,4,3,1,1,12396.591949,12396.591949,0.000000,0.000000,0
irp,config17,1,FOUND INTEGER FEASIBLE,0.165942,1.848763,127,10,1,0,12535.061951,12535.061951,0.000000,0.000000,0
irp,config17,2,FOUND INTEGER FEASIBLE,0.086185,0.886082,97,10,1,0,12419.447053,12419.447053,0.000000,0.000000,0
irp,config17,3,FOUND INTEGER FEASIBLE,0.125857,1.332912,103,10,1,0,12546.794007,12546.794007,0.000000,0.000000,0
irp,config21,1,FOUND INTEGER FEASIBLE,0.090374,0.537143,2,2,0,0,12899.055084,12899.055084,0.000000,0.000000,0
irp,config21,2,FOUND INTEGER FEASIBLE,0.090370,0.604473,6,2,0,0,12916.642121,12916.642121,0.000000,0.000000,0
irp,config21,3,FOUND INTEGER FEASIBLE,0.092565,0.588230,5,2,0,0,13077.950960,13077.950960,0.000000,0.000000,0
irp,config23,1,FOUND INTEGER FEASIBLE,0.091156,0.746925,16,2,0,0,12635.372039,12635.372039,0.000000,0.000000,0
irp,config23,2,FOUND INTEGER FEASIBLE,0.091768,0.696453,13,2,0,0,12755.179046,12755.179046,0.000000,0.000000,0
irp,config23,3,FOUND INTEGER FEASIBLE,0.091015,0.739724,15,2,0,0,12403.659027,12403.659027,0.000000,0.000000,0
irp,config19,1,FOUND INTEGER FEASIBLE,0.000000,0.066147,0,0,-1,-1,18142.122646,18142.122646,0.000000,0.000000,0
irp,config19,2,FOUND INTEGER FEASIBLE,0.000000,0.045599,0,0,-1,-1,18142.122646,18142.122646,0.000000,0.000000,0
irp,config19,3,FOUND INTEGER FEASIBLE,0.000000,0.045883,0,0,-1,-1,18142.122646,18142.122646,0.000000,0.000000,0
irp,config18,1,FOUND INTEGER FEASIBLE,0.000000,0.061870,0,0,-1,-1,18142.122646,18142.122646,0.000000,0.000000,0
irp,config18,2,FOUND INTEGER FEASIBLE,0.000000,0.039142,0,0,-1,-1,18142.122646,18142.122646,0.000000,0.000000,0
irp,config18,3,FOUND INTEGER FEASIBLE,0.000000,0.044572,0,0,-1,-1,18142.122646,18142.122646,0.000000,0.000000,0
istanbul-no-cutoff,config1,1,FOUND INTEGER FEASIBLE,0.000000,4.039891,1,0,-1,-1,219.018046,219.018046,0.000000,0.000000,0
istanbul-no-cutoff,config1,2,FOUND INTEGER FEASIBLE,0.000000,3.015215,1,0,-1,-1,330.322651,330.322651,0.000000,0.000000,0
istanbul-no-cutoff,config1,3,FOUND INTEGER FEASIBLE,0.000000,2.711005,1,0,-1,-1,215.749542,215.749542,0.000000,0.000000,0
istanbul-no-cutoff,config3,1,FOUND INTEGER FEASIBLE,0.000000,0.920410,0,0,-1,-1,330.322654,330.322651,0.000000,0.000000,0
istanbul-no-cutoff,config3,2,FOUND INTEGER FEASIBLE,0.000000,0.924961,0,0,-1,-1,330.322654,330.322651,0.000000,0.000000,0
istanbul-no-cutoff,config3,3,FOUND INTEGER FEASIBLE,0.000000,0.917055,0,0,-1,-1,330.322654,330.322651,0.000000,0.000000,0
istanbul-no-cutoff,config20,1,FOUND INTEGER FEASIBLE,0.000000,0.802370,1,0,-1,-1,245.483976,245.483976,0.000000,0.000000,0
istanbul-no-cutoff,config20,2,FOUND INTEGER FEASIBLE,0.000000,0.783349,1,0,-1,-1,245.483976,245.483976,0.000000,0.000000,0
istanbul-no-cutoff,config20,3,FOUND INTEGER FEASIBLE,0.000000,0.785028,1,0,-1,-1,245.483976,245.483976,0.000000,0.000000,0
istanbul-no-cutoff,config16,1,FOUND INTEGER FEASIBLE,0.935520,1.834247,1,8,0,0,314.576727,314.576727,0.000000,0.000000,0
istanbul-no-cutoff,config16,2,FOUND INTEGER FEASIBLE,0.864702,1.388005,1,8,0,0,330.322651,330.322651,0.000000,0.000000,0
istanbul-no-cutoff,config16,3,FOUND INTEGER FEASIBLE,1.453412,2.434223,1,8,0,0,314.576727,314.576727,0.000000,0.000000,0
istanbul-no-cutoff,config17,1,FOUND INTEGER FEASIBLE,0.149095,1.417885,0,0,0,0,330.322654,330.322651,0.000000,0.000000,0
istanbul-no-cutoff,config17,2,FOUND INTEGER FEASIBLE,0.150237,1.419612,0,0,0,0,330.322654,330.322651,0.000000,0.000000,0
istanbul-no-cutoff,config17,3,FOUND INTEGER FEASIBLE,0.149662,1.412391,0,0,0,0,330.322654,330.322651,0.000000,0.000000,0
istanbul-no-cutoff,config21,1,FOUND INTEGER FEASIBLE,1.489899,2.757403,1,3,0,0,275.608774,275.608774,0.000000,0.000000,0
istanbul-no-cutoff,config21,2,FOUND INTEGER FEASIBLE,1.570370,2.842353,1,3,0,0,275.608774,275.608774,0.000000,0.000000,0
istanbul-no-cutoff,config21,3,FOUND INTEGER FEASIBLE,1.585030,2.855218,1,3,0,0,275.608774,275.608774,0.000000,0.000000,0
istanbul-no-cutoff,config23,1,FOUND INTEGER FEASIBLE,1.585376,2.736979,0,3,0,0,330.322654,330.322651,0.000000,0.000000,0
istanbul-no-cutoff,config23,2,FOUND INTEGER FEASIBLE,1.024287,1.739510,0,3,0,0,330.322654,330.322651,0.000000,0.000000,0
istanbul-no-cutoff,config23,3,FOUND INTEGER FEASIBLE,1.599575,2.746737,0,3,0,0,330.322654,330.322651,0.000000,0.000000,0
istanbul-no-cutoff,config19,1,FOUND INTEGER FEASIBLE,0.000000,0.914473,0,0,-1,-1,330.322651,330.322651,0.000000,0.000000,0
istanbul-no-cutoff,config19,2,FOUND INTEGER FEASIBLE,0.000000,0.890522,0,0,-1,-1,330.322651,330.322651,0.000000,0.000000,0
istanbul-no-cutoff,config19,3,FOUND INTEGER FEASIBLE,0.000000,0.892779,0,0,-1,-1,330.322651,330.322651,0.000000,0.000000,0
istanbul-no-cutoff,config18,1,FOUND INTEGER FEASIBLE,0.000000,0.659873,0,0,-1,-1,330.322651,330.322651,0.000000,0.000000,0
istanbul-no-cutoff,config18,2,FOUND INTEGER FEASIBLE,0.000000,0.845701,0,0,-1,-1,330.322651,330.322651,0.000000,0.000000,0
istanbul-no-cutoff,config18,3,FOUND INTEGER FEASIBLE,0.000000,0.929807,0,0,-1,-1,330.322651,330.322651,0.000000,0.000000,0
k1mushroom,config1,1,FOUND INTEGER FEASIBLE,0.000000,51.792433,1,0,-1,-1,-2688.000000,-2688.000000,0.000000,0.000000,0
k1mushroom,config1,2,FOUND INTEGER FEASIBLE,0.000000,51.186185,1,0,-1,-1,-2688.000000,-2688.000000,0.000000,0.000000,0
k1mushroom,config1,3,FOUND INTEGER FEASIBLE,0.000000,51.175463,1,0,-1,-1,-2688.000000,-2688.000000,0.000000,0.000000,0
k1mushroom,config3,1,FOUND INTEGER FEASIBLE,0.000000,12.726891,27,0,-1,-1,-60.000000,-60.000000,0.000000,0.000000,0
k1mushroom,config3,2,FOUND INTEGER FEASIBLE,0.000000,11.030567,20,0,-1,-1,-192.000000,-192.000000,0.000000,0.000000,0
k1mushroom,config3,3,FOUND INTEGER FEASIBLE,0.000000,9.616862,15,0,-1,-1,-88.000000,-88.000000,0.000000,0.000000,0
k1mushroom,config20,1,FOUND INTEGER FEASIBLE,0.000000,4.615420,0,0,-1,-1,-293.000000,-293.000000,0.000000,0.000000,0
k1mushroom,config20,2,FOUND INTEGER FEASIBLE,0.000000,4.569612,0,0,-1,-1,-293.000000,-293.000000,0.000000,0.000000,0
k1mushroom,config20,3,FOUND INTEGER FEASIBLE,0.000000,4.575805,0,0,-1,-1,-293.000000,-293.000000,0.000000,0.000000,0
k1mushroom,config16,1,FOUND INTEGER FEASIBLE,83.478918,95.296367,190,8,2,0,-432.000000,-432.000000,0.000000,0.000000,0
k1mushroom,config16,2,FOUND INTEGER FEASIBLE,83.779103,97.431730,199,8,2,0,-32.000000,-32.000000,0.000000,0.000000,0
k1mushroom,config16,3,FOUND INTEGER FEASIBLE,83.453198,123.555526,253,8,2,0,-864.000000,-864.000000,0.000000,0.000000,0
k1mushroom,config17,1,FOUND INTEGER FEASIBLE,0.858145,21.964446,113,3,1,0,-76.000000,-76.000000,0.000000,0.000000,0
k1mushroom,config17,2,FOUND INTEGER FEASIBLE,0.857726,25.895921,132,3,1,0,-1104.000000,-1104.000000,0.000000,0.000000,0
k1mushroom,config17,3,FOUND INTEGER FEASIBLE,0.849634,44.135347,237,3,1,0,-980.000000,-980.000000,0.000000,0.000000,0
k1mushroom,config21,1,FOUND INTEGER FEASIBLE,1.963493,4.802621,0,2,0,0,0.000000,0.000000,0.000000,0.000000,0
k1mushroom,config21,2,FOUND INTEGER FEASIBLE,1.733506,3.433360,0,2,0,0,0.000000,0.000000,0.000000,0.000000,0
k1mushroom,config21,3,FOUND INTEGER FEASIBLE,1.742777,4.410887,0,2,0,0,0.000000,0.000000,0.000000,0.000000,0
k1mushroom,config23,1,FOUND INTEGER FEASIBLE,1.747781,4.466549,0,2,0,0,0.000000,0.000000,0.000000,0.000000,0
k1mushroom,config23,2,FOUND INTEGER FEASIBLE,1.748521,4.465075,0,2,0,0,0.000000,0.000000,0.000000,0.000000,0
k1mushroom,config23,3,FOUND INTEGER FEASIBLE,1.753552,4.451996,0,2,0,0,0.000000,0.000000,0.000000,0.000000,0
k1mushroom,config19,1,FOUND INTEGER FEASIBLE,0.000000,0.867913,0,0,-1,-1,0.000000,0.000000,0.000000,0.000000,0
k1mushroom,config19,2,FOUND INTEGER FEASIBLE,0.000000,0.625263,0,0,-1,-1,0.000000,0.000000,0.000000,0.000000,0
k1mushroom,config19,3,FOUND INTEGER FEASIBLE,0.000000,0.632536,0,0,-1,-1,0.000000,0.000000,0.000000,0.000000,0
k1mushroom,config18,1,FOUND INTEGER FEASIBLE,0.000000,0.632603,0,0,-1,-1,0.000000,0.000000,0.000000,0.000000,0
k1mushroom,config18,2,FOUND INTEGER FEASIBLE,0.000000,0.635515,0,0,-1,-1,0.000000,0.000000,0.000000,0.000000,0
k1mushroom,config18,3,FOUND INTEGER FEASIBLE,0.000000,0.628919,0,0,-1,-1,0.000000,0.000000,0.000000,0.000000,0
lectsched-5-obj,config1,1,FAILED TO FIND AN INTEGER FEASIBLE SOLUTION,0.000000,293.000048,12000,0,-1,-1,0.000000,0.000000,0.778766,0.778766,23
lectsched-5-obj,config1,2,FAILED TO FIND AN INTEGER FEASIBLE SOLUTION,0.000000,290.466521,12000,0,-1,-1,0.000000,0.000000,2.227781,2.227781,26
lectsched-5-obj,config1,3,FAILED TO FIND AN INTEGER FEASIBLE SOLUTION,0.000000,287.433887,12000,0,-1,-1,0.000000,0.000000,0.566380,1.566380,31
lectsched-5-obj,config3,1,FAILED TO FIND AN INTEGER FEASIBLE SOLUTION,0.000000,295.845028,12000,0,-1,-1,0.000000,0.000000,1.772857,1.772857,21
lectsched-5-obj,config3,2,FAILED TO FIND AN INTEGER FEASIBLE SOLUTION,0.000000,295.265546,12000,0,-1,-1,0.000000,0.000000,1.344339,1.344339,20
lectsched-5-obj,config3,3,FAILED TO FIND AN INTEGER FEASIBLE SOLUTION,0.000000,304.116764,12000,0,-1,-1,0.000000,0.000000,1.205945,1.205945,15
lectsched-5-obj,config20,1,FAILED TO FIND AN INTEGER FEASIBLE SOLUTION,0.000000,518.188513,12000,0,-1,-1,0.000000,0.000000,1.156000,1.156000,35
lectsched-5-obj,config20,2,FAILED TO FIND AN INTEGER FEASIBLE SOLUTION,0.000000,530.852306,12000,0,-1,-1,0.000000,0.000000,0.688501,0.688501,16
lectsched-5-obj,config20,3,FAILED TO FIND AN INTEGER FEASIBLE SOLUTION,0.000000,522.497963,12000,0,-1,-1,0.000000,0.000000,1.112460,3.079673,29
lectsched-5-obj,config16,1,FAILED TO FIND AN INTEGER FEASIBLE SOLUTION,1.267474,309.755651,12000,12,12,9,0.000000,0.000000,1.390188,1.956855,21
lectsched-5-obj,config16,2,FAILED TO FIND AN INTEGER FEASIBLE SOLUTION,1.271743,307.006930,12000,12,12,9,0.000000,0.000000,1.944165,1.944165,32
lectsched-5-obj,config16,3,FAILED TO FIND AN INTEGER FEASIBLE SOLUTION,0.672586,302.563434,12000,12,12,9,0.000000,0.000000,0.690502,0.690502,14
lectsched-5-obj,config17,1,FAILED TO FIND AN INTEGER FEASIBLE SOLUTION,0.396632,293.285501,12000,13,13,13,0.000000,0.000000,1.772857,1.772857,21
lectsched-5-obj,config17,2,FAILED TO FIND AN INTEGER FEASIBLE SOLUTION,0.398258,302.710667,12000,13,13,13,0.000000,0.000000,1.344339,1.344339,20
lectsched-5-obj,config17,3,FAILED TO FIND AN INTEGER FEASIBLE SOLUTION,0.398485,307.908192,12000,13,13,13,0.000000,0.000000,1.205945,1.205945,15
lectsched-5-obj,config21,1,FAILED TO FIND AN INTEGER FEASIBLE SOLUTION,0.432612,300.468944,12000,12,12,11,0.000000,0.000000,1.494085,1.494085,39
lectsched-5-obj,config21,2,FAILED TO FIND AN INTEGER FEASIBLE SOLUTION,0.573103,311.969120,12000,12,12,11,0.000000,0.000000,1.606148,1.606148,31
lectsched-5-obj,config21,3,FAILED TO FIND AN INTEGER FEASIBLE SOLUTION,0.573075,309.846967,12000,12,12,11,0.000000,0.000000,2.498612,2.498612,29
lectsched-5-obj,config23,1,FAILED TO FIND AN INTEGER FEASIBLE SOLUTION,0.292267,291.080392,12000,12,12,11,0.000000,0.000000,1.137065,1.137065,11
lectsched-5-obj,config23,2,FAILED TO FIND AN INTEGER FEASIBLE SOLUTION,0.293563,289.331957,12000,12,12,11,0.000000,0.000000,0.676260,0.676260,19
lectsched-5-obj,config23,3,FAILED TO FIND AN INTEGER FEASIBLE SOLUTION,0.573438,300.598846,12000,12,12,11,0.000000,0.000000,1.549482,2.549482,34
lectsched-5-obj,config19,1,FOUND INTEGER FEASIBLE,0.000000,321.968838,0,0,-1,-1,65.000000,65.000000,0.000000,0.000000,0
lectsched-5-obj,config19,2,FOUND INTEGER FEASIBLE,0.000000,322.931197,0,0,-1,-1,65.000000,65.000000,0.000000,0.000000,0
lectsched-5-obj,config19,3,FOUND INTEGER FEASIBLE,0.000000,322.149832,0,0,-1,-1,65.000000,65.000000,0.000000,0.000000,0
lectsched-5-obj,config18,1,FOUND INTEGER FEASIBLE,0.000000,62.155825,0,0,-1,-1,37.000000,37.000000,0.000000,0.000000,0
lectsched-5-obj,config18,2,FOUND INTEGER FEASIBLE,0.000000,61.427005,0,0,-1,-1,37.000000,37.000000,0.000000,0.000000,0
lectsched-5-obj,config18,3,FOUND INTEGER FEASIBLE,0.000000,62.290337,0,0,-1,-1,37.000000,37.000000,0.000000,0.000000,0
leo1,config1,1,FOUND INTEGER FEASIBLE,0.000000,0.390419,1,0,-1,-1,569346246.720000,569346246.720000,0.000000,0.000000,0
leo1,config1,2,FOUND INTEGER FEASIBLE,0.000000,0.388889,1,0,-1,-1,535634944.320000,535634944.320000,0.000000,0.000000,0
leo1,config1,3,FOUND INTEGER FEASIBLE,0.000000,0.390172,1,0,-1,-1,750577639.520000,750577639.520000,0.000000,0.000000,0
leo1,config3,1,FOUND INTEGER FEASIBLE,0.000000,0.354344,1,0,-1,-1,842279606.080000,842279606.080000,0.000000,0.000000,0
leo1,config3,2,FOUND INTEGER FEASIBLE,0.000000,0.353511,1,0,-1,-1,747472001.120000,747472001.120000,0.000000,0.000000,0
leo1,config3,3,FOUND INTEGER FEASIBLE,0.000000,0.350725,1,0,-1,-1,902647825.440000,902647825.440000,0.000000,0.000000,0
leo1,config20,1,FOUND INTEGER FEASIBLE,0.000000,0.175597,0,0,-1,-1,11316149849.439999,11316149849.440002,0.000000,0.000000,0
leo1,config20,2,FOUND INTEGER FEASIBLE,0.000000,0.163606,0,0,-1,-1,11316149849.439999,11316149849.440002,0.000000,0.000000,0
leo1,config20,3,FOUND INTEGER FEASIBLE,0.000000,0.161533,0,0,-1,-1,11316149849.439999,11316149849.440002,0.000000,0.000000,0
leo1,config16,1,FOUND INTEGER FEASIBLE,0.157560,0.402765,0,11,0,0,494186820.960000,494186820.960000,0.000000,0.000000,0
leo1,config16,2,FOUND INTEGER FEASIBLE,0.157414,0.392980,0,11,0,0,494186820.960000,494186820.960000,0.000000,0.000000,0
leo1,config16,3,FOUND INTEGER FEASIBLE,0.156863,0.386690,0,11,0,0,494186820.960000,494186820.960000,0.000000,0.000000,0
leo1,config17,1,FOUND INTEGER FEASIBLE,0.087137,0.353745,1,8,0,0,834211600.160000,834211600.160000,0.000000,0.000000,0
leo1,config17,2,FOUND INTEGER FEASIBLE,0.087273,0.352763,1,8,0,0,757086863.520000,757086863.520000,0.000000,0.000000,0
leo1,config17,3,FOUND INTEGER FEASIBLE,0.087357,0.351859,1,8,0,0,921091278.400000,921091278.400000,0.000000,0.000000,0
leo1,config21,1,FOUND INTEGER FEASIBLE,0.071201,0.465162,0,1,0,0,11943866862.560001,11943866862.559996,0.000000,0.000000,0
leo1,config21,2,FOUND INTEGER FEASIBLE,0.072211,0.470486,0,1,0,0,11943866862.560001,11943866862.559996,0.000000,0.000000,0
leo1,config21,3,FOUND INTEGER FEASIBLE,0.071476,0.471883,0,1,0,0,11943866862.560001,11943866862.559996,0.000000,0.000000,0
leo1,config23,1,FOUND INTEGER FEASIBLE,0.071419,0.459863,1,1,0,0,820845807.040000,820845807.040000,0.000000,0.000000,0
leo1,config23,2,FOUND INTEGER FEASIBLE,0.072173,0.465601,1,1,0,0,820845807.040000,820845807.040000,0.000000,0.000000,0
leo1,config23,3,FOUND INTEGER FEASIBLE,0.071639,0.464034,1,1,0,0,936981275.680000,936981275.680000,0.000000,0.000000,0
leo1,config19,1,FOUND INTEGER FEASIBLE,0.000000,0.133944,0,0,-1,-1,1834449304.960000,1834449304.960001,0.000000,0.000000,0
leo1,config19,2,FOUND INTEGER FEASIBLE,0.000000,0.117177,0,0,-1,-1,1834449304.960000,1834449304.960001,0.000000,0.000000,0
leo1,config19,3,FOUND INTEGER FEASIBLE,0.000000,0.118885,0,0,-1,-1,1834449304.960000,1834449304.960001,0.000000,0.000000,0
leo1,config18,1,FOUND INTEGER FEASIBLE,0.000000,0.244277,0,0,-1,-1,1834449304.960000,1834449304.960001,0.000000,0.000000,0
leo1,config18,2,FOUND INTEGER FEASIBLE,0.000000,0.224003,0,0,-1,-1,1834449304.960000,1834449304.960001,0.000000,0.000000,0
leo1,config18,3,FOUND INTEGER FEASIBLE,0.000000,0.222062,0,0,-1,-1,1834449304.960000,1834449304.960001,0.000000,0.000000,0
leo2,config1,1,FOUND INTEGER FEASIBLE,0.000000,0.791522,1,0,-1,-1,581903940.160000,581903940.160000,0.000000,0.000000,0
leo2,config1,2,FOUND INTEGER FEASIBLE,0.000000,0.796304,1,0,-1,-1,547708223.200000,547708223.200000,0.000000,0.000000,0
leo2,config1,3,FOUND INTEGER FEASIBLE,0.000000,0.789830,1,0,-1,-1,697204210.240000,697204210.240000,0.000000,0.000000,0
leo2,config3,1,FOUND INTEGER FEASIBLE,0.000000,0.736265,1,0,-1,-1,865946428.580000,865946428.580000,0.000000,0.000000,0
leo2,config3,2,FOUND INTEGER FEASIBLE,0.000000,0.734748,1,0,-1,-1,838714733.060000,838714733.060000,0.000000,0.000000,0
leo2,config3,3,FOUND INTEGER FEASIBLE,0.000000,0.735741,1,0,-1,-1,1817281448.980000,1817281448.980000,0.000000,0.000000,0
leo2,config20,1,FOUND INTEGER FEASIBLE,0.000000,0.350017,0,0,-1,-1,28743143103.779995,28743143103.780025,0.000000,0.000000,0
leo2,config20,2,FOUND INTEGER FEASIBLE,0.000000,0.331250,0,0,-1,-1,28743143103.779995,28743143103.780025,0.000000,0.000000,0
leo2,config20,3,FOUND INTEGER FEASIBLE,0.000000,0.332008,0,0,-1,-1,28743143103.779995,28743143103.780025,0.000000,0.000000,0
leo2,config16,1,FOUND INTEGER FEASIBLE,0.271250,0.806740,1,12,0,0,526557673.120000,526557673.120000,0.000000,0.000000,0
leo2,config16,2,FOUND INTEGER FEASIBLE,0.269330,0.793788,1,12,0,0,526557673.120000,526557673.120000,0.000000,0.000000,0
leo2,config16,3,FOUND INTEGER FEASIBLE,0.270355,0.789926,1,12,0,0,526557673.120000,526557673.120000,0.000000,0.000000,0
leo2,config17,1,FOUND INTEGER FEASIBLE,0.146956,0.684483,1,5,0,0,978936692.720000,978936692.720000,0.000000,0.000000,0
leo2,config17,2,FOUND INTEGER FEASIBLE,0.146117,0.681523,1,5,0,0,818885638.520000,818885638.520000,0.000000,0.000000,0
leo2,config17,3,FOUND INTEGER FEASIBLE,0.145951,0.685887,1,5,0,0,1020932219.120000,1020932219.120000,0.000000,0.000000,0
leo2,config21,1,FOUND INTEGER FEASIBLE,0.112209,0.971390,0,0,0,0,28743143103.779995,28743143103.780025,0.000000,0.000000,0
leo2,config21,2,FOUND INTEGER FEASIBLE,0.112216,0.943747,0,0,0,0,28743143103.779995,28743143103.780025,0.000000,0.000000,0
leo2,config21,3,FOUND INTEGER FEASIBLE,0.111624,0.940343,0,0,0,0,28743143103.779995,28743143103.780025,0.000000,0.000000,0
leo2,config23,1,FOUND INTEGER FEASIBLE,0.112477,0.984061,1,0,0,0,865946428.580000,865946428.580000,0.000000,0.000000,0
leo2,config23,2,FOUND INTEGER FEASIBLE,0.112336,0.977760,1,0,0,0,838714733.060000,838714733.060000,0.000000,0.000000,0
leo2,config23,3,FOUND INTEGER FEASIBLE,0.111793,0.973513,1,0,0,0,1817281448.980000,1817281448.980000,0.000000,0.000000,0
leo2,config19,1,FOUND INTEGER FEASIBLE,0.000000,0.282145,0,0,-1,-1,2106776439.520000,2106776439.520000,0.000000,0.000000,0
leo2,config19,2,FOUND INTEGER FEASIBLE,0.000000,0.262943,0,0,-1,-1,2106776439.520000,2106776439.520000,0.000000,0.000000,0
leo2,config19,3,FOUND INTEGER FEASIBLE,0.000000,0.261594,0,0,-1,-1,2106776439.520000,2106776439.520000,0.000000,0.000000,0
leo2,config18,1,FOUND INTEGER FEASIBLE,0.000000,0.533446,0,0,-1,-1,2106776439.520000,2106776439.520000,0.000000,0.000000,0
leo2,config18,2,FOUND INTEGER FEASIBLE,0.000000,0.503643,0,0,-1,-1,2106776439.520000,2106776439.520000,0.000000,0.000000,0
leo2,config18,3,FOUND INTEGER FEASIBLE,0.000000,0.498950,0,0,-1,-1,2106776439.520000,2106776439.520000,0.000000,0.000000,0
lotsize,config1,1,FOUND INTEGER FEASIBLE,0.000000,0.359314,22,0,-1,-1,4208271.000000,4208271.000000,0.000000,0.000000,0
lotsize,config1,2,FOUND INTEGER FEASIBLE,0.000000,0.313614,18,0,-1,-1,4575344.000000,4575344.000000,0.000000,0.000000,0
lotsize,config1,3,FOUND INTEGER FEASIBLE,0.000000,0.320239,19,0,-1,-1,4272591.000000,4272591.000000,0.000000,0.000000,0
lotsize,config3,1,FOUND INTEGER FEASIBLE,0.000000,0.352695,21,0,-1,-1,9770520.000000,9770520.000000,0.000000,0.000000,0
lotsize,config3,2,FOUND INTEGER FEASIBLE,0.000000,0.363618,22,0,-1,-1,9788382.000000,9788382.000000,0.000000,0.000000,0
lotsize,config3,3,FOUND INTEGER FEASIBLE,0.000000,0.334062,20,0,-1,-1,9507157.000000,9507157.000000,0.000000,0.000000,0
lotsize,config20,1,FOUND INTEGER FEASIBLE,0.000000,0.123582,52,0,-1,-1,9472427.000000,9332361.000000,0.000000,0.000000,0
lotsize,config20,2,FOUND INTEGER FEASIBLE,0.000000,0.096703,37,0,-1,-1,9353781.000000,8895925.000000,0.000000,0.000000,0
lotsize,config20,3,FOUND INTEGER FEASIBLE,0.000000,0.099013,39,0,-1,-1,8883785.000000,8768014.000000,0.000000,0.000000,0
lotsize,config16,1,FOUND INTEGER FEASIBLE,0.026086,0.388098,110,10,1,1,4641247.000000,4097692.000000,0.000000,0.000000,0
lotsize,config16,2,FOUND INTEGER FEASIBLE,0.026272,0.420186,110,10,2,1,9045159.000000,6048427.000000,0.000000,0.000000,0
lotsize,config16,3,FOUND INTEGER FEASIBLE,0.026980,0.291127,78,10,1,1,4836582.000000,4603303.000000,0.000000,0.000000,0
lotsize,config17,1,FOUND INTEGER FEASIBLE,0.022022,0.122372,14,8,0,0,10596127.000000,10596127.000000,0.000000,0.000000,0
lotsize,config17,2,FOUND INTEGER FEASIBLE,0.022220,0.129651,16,8,0,0,10564107.000000,10564107.000000,0.000000,0.000000,0
lotsize,config17,3,FOUND INTEGER FEASIBLE,0.021917,0.129008,16,8,0,0,10824700.000000,10824700.000000,0.000000,0.000000,0
lotsize,config21,1,FOUND INTEGER FEASIBLE,0.029934,0.434595,110,9,0,0,6709957.000000,6239032.000000,0.000000,0.000000,0
lotsize,config21,2,FOUND INTEGER FEASIBLE,0.032459,0.193188,28,9,0,0,9223093.000000,8238042.000000,0.000000,0.000000,0
lotsize,config21,3,FOUND INTEGER FEASIBLE,0.030559,0.280013,57,9,0,0,7228088.000000,5852029.000000,0.000000,0.000000,0
lotsize,config23,1,FOUND INTEGER FEASIBLE,0.030615,0.143085,18,9,0,0,9846114.000000,9846114.000000,0.000000,0.000000,0
lotsize,config23,2,FOUND INTEGER FEASIBLE,0.030509,0.136124,15,9,0,0,10225260.000000,10225197.000000,0.000000,0.000000,0
lotsize,config23,3,FOUND INTEGER FEASIBLE,0.030656,0.151418,20,9,0,0,10845026.000000,10844963.000000,0.000000,0.000000,0
lotsize,config19,1,FOUND INTEGER FEASIBLE,0.000000,6.439918,0,0,-1,-1,2319643.000000,2319643.000000,0.000000,0.000000,0
lotsize,config19,2,FOUND INTEGER FEASIBLE,0.000000,6.434642,0,0,-1,-1,2319643.000000,2319643.000000,0.000000,0.000000,0
lotsize,config19,3,FOUND INTEGER FEASIBLE,0.000000,6.443846,0,0,-1,-1,2319643.000000,2319643.000000,0.000000,0.000000,0
lotsize,config18,1,FOUND INTEGER FEASIBLE,0.000000,2.972904,0,0,-1,-1,2344852.000000,2344206.000000,0.000000,0.000000,0
lotsize,config18,2,FOUND INTEGER FEASIBLE,0.000000,3.597586,0,0,-1,-1,2344852.000000,2344206.000000,0.000000,0.000000,0
lotsize,config18,3,FOUND INTEGER FEASIBLE,0.000000,4.798907,0,0,-1,-1,2344852.000000,2344206.000000,0.000000,0.000000,0
mad,config1,1,FOUND INTEGER FEASIBLE,0.000000,0.032263,1,0,-1,-1,2.244400,2.244400,0.000000,0.000000,0
mad,config1,2,FOUND INTEGER FEASIBLE,0.000000,0.033257,1,0,-1,-1,4.984400,4.984400,0.000000,0.000000,0
mad,config1,3,FOUND INTEGER FEASIBLE,0.000000,0.032406,1,0,-1,-1,3.278400,3.278400,0.000000,0.000000,0
mad,config3,1,FOUND INTEGER FEASIBLE,0.000000,0.013076,0,0,-1,-1,10.975200,10.975200,0.000000,0.000000,0
mad,config3,2,FOUND INTEGER FEASIBLE,0.000000,0.013839,0,0,-1,-1,10.975200,10.975200,0.000000,0.000000,0
mad,config3,3,FOUND INTEGER FEASIBLE,0.000000,0.012435,0,0,-1,-1,10.975200,10.975200,0.000000,0.000000,0
mad,config20,1,FOUND INTEGER FEASIBLE,0.000000,0.007247,0,0,-1,-1,10.769600,10.769600,0.000000,0.000000,0
mad,config20,2,FOUND INTEGER FEASIBLE,0.000000,0.013144,0,0,-1,-1,10.769600,10.769600,0.000000,0.000000,0
mad,config20,3,FOUND INTEGER FEASIBLE,0.000000,0.009657,0,0,-1,-1,10.769600,10.769600,0.000000,0.000000,0
mad,config16,1,FOUND INTEGER FEASIBLE,0.004906,0.025095,1,6,0,0,1.719800,1.719800,0.000000,0.000000,0
mad,config16,2,FOUND INTEGER FEASIBLE,0.005015,0.023327,1,6,0,0,1.597000,1.597000,0.000000,0.000000,0
mad,config16,3,FOUND INTEGER FEASIBLE,0.004933,0.022837,1,6,0,0,2.496400,2.496400,0.000000,0.000000,0
mad,config17,1,FOUND INTEGER FEASIBLE,0.001441,0.016006,0,0,0,0,10.975200,10.975200,0.000000,0.000000,0
mad,config17,2,FOUND INTEGER FEASIBLE,0.001387,0.016062,0,0,0,0,10.975200,10.975200,0.000000,0.000000,0
mad,config17,3,FOUND INTEGER FEASIBLE,0.001398,0.015935,0,0,0,0,10.975200,10.975200,0.000000,0.000000,0
mad,config21,1,FOUND INTEGER FEASIBLE,0.001437,0.014700,0,0,0,0,10.769600,10.769600,0.000000,0.000000,0
mad,config21,2,FOUND INTEGER FEASIBLE,0.001596,0.015981,0,0,0,0,10.769600,10.769600,0.000000,0.000000,0
mad,config21,3,FOUND INTEGER FEASIBLE,0.001391,0.014654,0,0,0,0,10.769600,10.769600,0.000000,0.000000,0
mad,config23,1,FOUND INTEGER FEASIBLE,0.001448,0.014882,0,0,0,0,10.975200,10.975200,0.000000,0.000000,0
mad,config23,2,FOUND INTEGER FEASIBLE,0.001628,0.016510,0,0,0,0,10.975200,10.975200,0.000000,0.000000,0
mad,config23,3,FOUND INTEGER FEASIBLE,0.001693,0.016261,0,0,0,0,10.975200,10.975200,0.000000,0.000000,0
mad,config19,1,FOUND INTEGER FEASIBLE,0.000000,0.006298,0,0,-1,-1,14.118400,14.118400,0.000000,0.000000,0
mad,config19,2,FOUND INTEGER FEASIBLE,0.000000,0.007608,0,0,-1,-1,14.118400,14.118400,0.000000,0.000000,0
mad,config19,3,FOUND INTEGER FEASIBLE,0.000000,0.008209,0,0,-1,-1,14.118400,14.118400,0.000000,0.000000,0
mad,config18,1,FOUND INTEGER FEASIBLE,0.000000,0.011912,0,0,-1,-1,14.118400,14.118400,0.000000,0.000000,0
mad,config18,2,FOUND INTEGER FEASIBLE,0.000000,0.010637,0,0,-1,-1,14.118400,14.118400,0.000000,0.000000,0
mad,config18,3,FOUND INTEGER FEASIBLE,0.000000,0.011325,0,0,-1,-1,14.118400,14.118400,0.000000,0.000000,0
map10,config1,1,FOUND INTEGER FEASIBLE,0.000000,5.511034,1,0,-1,-1,-194.400000,-243.000000,0.000000,0.000000,0
map10,config1,2,FOUND INTEGER FEASIBLE,0.000000,6.050615,1,0,-1,-1,-44.500000,-54.000000,0.000000,0.000000,0
map10,config1,3,FOUND INTEGER FEASIBLE,0.000000,5.806127,1,0,-1,-1,-156.000000,-183.000000,0.000000,0.000000,0
map10,config3,1,FOUND INTEGER FEASIBLE,0.000000,2.137818,0,0,-1,-1,0.000000,0.000000,0.000000,0.000000,0
map10,config3,2,FOUND INTEGER FEASIBLE,0.000000,2.121309,0,0,-1,-1,0.000000,0.000000,0.000000,0.000000,0
map10,config3,3,FOUND INTEGER FEASIBLE,0.000000,2.120342,0,0,-1,-1,0.000000,0.000000,0.000000,0.000000,0
map10,config20,1,FOUND INTEGER FEASIBLE,0.000000,2.380484,1,0,-1,-1,0.000000,-1.000000,0.000000,0.000000,0
map10,config20,2,FOUND INTEGER FEASIBLE,0.000000,2.311863,1,0,-1,-1,0.000000,-1.000000,0.000000,0.000000,0
map10,config20,3,FOUND INTEGER FEASIBLE,0.000000,1.459699,1,0,-1,-1,0.000000,-1.000000,0.000000,0.000000,0
map10,config16,1,FOUND INTEGER FEASIBLE,5.342811,7.556666,0,12,0,0,0.000000,0.000000,0.000000,0.000000,0
map10,config16,2,FOUND INTEGER FEASIBLE,5.314363,7.723360,0,12,0,0,0.000000,0.000000,0.000000,0.000000,0
map10,config16,3,FOUND INTEGER FEASIBLE,5.342991,7.780089,0,12,0,0,0.000000,0.000000,0.000000,0.000000,0
map10,config17,1,FOUND INTEGER FEASIBLE,0.034838,2.445310,0,1,0,0,0.000000,0.000000,0.000000,0.000000,0
map10,config17,2,FOUND INTEGER FEASIBLE,0.033714,2.445888,0,1,0,0,0.000000,0.000000,0.000000,0.000000,0
map10,config17,3,FOUND INTEGER FEASIBLE,0.034485,2.430179,0,1,0,0,0.000000,0.000000,0.000000,0.000000,0
map10,config21,1,FOUND INTEGER FEASIBLE,0.046492,2.483125,1,2,0,0,0.000000,-27.000000,0.000000,0.000000,0
map10,config21,2,FOUND INTEGER FEASIBLE,0.047096,2.478318,1,2,0,0,0.000000,-27.000000,0.000000,0.000000,0
map10,config21,3,FOUND INTEGER FEASIBLE,0.047806,2.504723,1,2,0,0,0.000000,-27.000000,0.000000,0.000000,0
map10,config23,1,FOUND INTEGER FEASIBLE,0.047150,2.474909,0,2,0,0,0.000000,0.000000,0.000000,0.000000,0
map10,config23,2,FOUND INTEGER FEASIBLE,0.047409,2.476441,0,2,0,0,0.000000,0.000000,0.000000,0.000000,0
map10,config23,3,FOUND INTEGER FEASIBLE,0.046808,2.474583,0,2,0,0,0.000000,0.000000,0.000000,0.000000,0
map10,config19,1,FOUND INTEGER FEASIBLE,0.000000,0.441105,0,0,-1,-1,0.000000,0.000000,0.000000,0.000000,0
map10,config19,2,FOUND INTEGER FEASIBLE,0.000000,0.312523,0,0,-1,-1,0.000000,0.000000,0.000000,0.000000,0
map10,config19,3,FOUND INTEGER FEASIBLE,0.000000,0.308391,0,0,-1,-1,0.000000,0.000000,0.000000,0.000000,0
map10,config18,1,FOUND INTEGER FEASIBLE,0.000000,0.736807,0,0,-1,-1,0.000000,0.000000,0.000000,0.000000,0
map10,config18,2,FOUND INTEGER FEASIBLE,0.000000,0.572828,0,0,-1,-1,0.000000,0.000000,0.000000,0.000000,0
map10,config18,3,FOUND INTEGER FEASIBLE,0.000000,0.573337,0,0,-1,-1,0.000000,0.000000,0.000000,0.000000,0
map16715-04,config1,1,FOUND INTEGER FEASIBLE,0.000000,6.346938,1,0,-1,-1,-22.500000,-23.000000,0.000000,0.000000,0
map16715-04,config1,2,FOUND INTEGER FEASIBLE,0.000000,7.164769,1,0,-1,-1,0.000000,0.000000,0.000000,0.000000,0
map16715-04,config1,3,FOUND INTEGER FEASIBLE,0.000000,6.438028,1,0,-1,-1,-19.000000,-25.000000,0.000000,0.000000,0
map16715-04,config3,1,FOUND INTEGER FEASIBLE,0.000000,2.151529,0,0,-1,-1,0.000000,0.000000,0.000000,0.000000,0
map16715-04,config3,2,FOUND INTEGER FEASIBLE,0.000000,2.132560,0,0,-1,-1,0.000000,0.000000,0.000000,0.000000,0
map16715-04,config3,3,FOUND INTEGER FEASIBLE,0.000000,2.143660,0,0,-1,-1,0.000000,0.000000,0.000000,0.000000,0
map16715-04,config20,1,FOUND INTEGER FEASIBLE,0.000000,2.216587,1,0,-1,-1,0.000000,0.000000,0.000000,0.000000,0
map16715-04,config20,2,FOUND INTEGER FEASIBLE,0.000000,2.389761,1,0,-1,-1,0.000000,0.000000,0.000000,0.000000,0
map16715-04,config20,3,FOUND INTEGER FEASIBLE,0.000000,2.360974,1,0,-1,-1,0.000000,0.000000,0.000000,0.000000,0
map16715-04,config16,1,FOUND INTEGER FEASIBLE,6.679189,9.142913,0,9,0,0,0.000000,0.000000,0.000000,0.000000,0
map16715-04,config16,2,FOUND INTEGER FEASIBLE,6.733988,9.142741,0,9,0,0,0.000000,0.000000,0.000000,0.000000,0
map16715-04,config16,3,FOUND INTEGER FEASIBLE,6.708378,9.116511,0,9,0,0,0.000000,0.000000,0.000000,0.000000,0
map16715-04,config17,1,FOUND INTEGER FEASIBLE,0.034752,2.448574,0,1,0,0,0.000000,0.000000,0.000000,0.000000,0
map16715-04,config17,2,FOUND INTEGER FEASIBLE,0.033573,2.424568,0,1,0,0,0.000000,0.000000,0.000000,0.000000,0
map16715-04,config17,3,FOUND INTEGER FEASIBLE,0.033543,2.422762,0,1,0,0,0.000000,0.000000,0.000000,0.000000,0
map16715-04,config21,1,FOUND INTEGER FEASIBLE,0.046421,2.505837,1,2,0,0,0.000000,0.000000,0.000000,0.000000,0
map16715-04,config21,2,FOUND INTEGER FEASIBLE,0.045798,2.504833,1,2,0,0,0.000000,0.000000,0.000000,0.000000,0
map16715-04,config21,3,FOUND INTEGER FEASIBLE,0.046541,2.515511,1,2,0,0,0.000000,0.000000,0.000000,0.000000,0
map16715-04,config23,1,FOUND INTEGER FEASIBLE,0.047199,2.525433,0,2,0,0,0.000000,0.000000,0.000000,0.000000,0
map16715-04,config23,2,FOUND INTEGER FEASIBLE,0.045751,2.498324,0,2,0,0,0.000000,0.000000,0.000000,0.000000,0
map16715-04,config23,3,FOUND INTEGER FEASIBLE,0.046034,2.487575,0,2,0,0,0.000000,0.000000,0.000000,0.000000,0
map16715-04,config19,1,FOUND INTEGER FEASIBLE,0.000000,0.816708,0,0,-1,-1,0.000000,0.000000,0.000000,0.000000,0
map16715-04,config19,2,FOUND INTEGER FEASIBLE,0.000000,0.572449,0,0,-1,-1,0.000000,0.000000,0.000000,0.000000,0
map16715-04,config19,3,FOUND INTEGER FEASIBLE,0.000000,0.507785,0,0,-1,-1,0.000000,0.000000,0.000000,0.000000,0
map16715-04,config18,1,FOUND INTEGER FEASIBLE,0.000000,0.767552,0,0,-1,-1,0.000000,0.000000,0.000000,0.000000,0
map16715-04,config18,2,FOUND INTEGER FEASIBLE,0.000000,0.572104,0,0,-1,-1,0.000000,0.000000,0.000000,0.000000,0
map16715-04,config18,3,FOUND INTEGER FEASIBLE,0.000000,0.567662,0,0,-1,-1,0.000000,0.000000,0.000000,0.000000,0
markshare2,config1,1,FOUND INTEGER FEASIBLE,0.000000,0.008376,1,0,-1,-1,338.000000,338.000000,0.000000,0.000000,0
markshare2,config1,2,FOUND INTEGER FEASIBLE,0.000000,0.008133,1,0,-1,-1,674.000000,674.000000,0.000000,0.000000,0
markshare2,config1,3,FOUND INTEGER FEASIBLE,0.000000,0.008273,1,0,-1,-1,367.000000,367.000000,0.000000,0.000000,0
markshare2,config3,1,FOUND INTEGER FEASIBLE,0.000000,0.004014,0,0,-1,-1,10512.000000,10512.000000,0.000000,0.000000,0
markshare2,config3,2,FOUND INTEGER FEASIBLE,0.000000,0.004728,0,0,-1,-1,10512.000000,10512.000000,0.000000,0.000000,0
markshare2,config3,3,FOUND INTEGER FEASIBLE,0.000000,0.003978,0,0,-1,-1,10512.000000,10512.000000,0.000000,0.000000,0
markshare2,config20,1,FOUND INTEGER FEASIBLE,0.000000,0.004721,1,0,-1,-1,208.000000,208.000000,0.000000,0.000000,0
markshare2,config20,2,FOUND INTEGER FEASIBLE,0.000000,0.006798,1,0,-1,-1,506.000000,506.000000,0.000000,0.000000,0
markshare2,config20,3,FOUND INTEGER FEASIBLE,0.000000,0.004147,1,0,-1,-1,208.000000,208.000000,0.000000,0.000000,0
markshare2,config16,1,FOUND INTEGER FEASIBLE,0.001593,0.007222,1,5,0,0,380.000000,380.000000,0.000000,0.000000,0
markshare2,config16,2,FOUND INTEGER FEASIBLE,0.001544,0.006054,1,5,0,0,615.000000,615.000000,0.000000,0.000000,0
markshare2,config16,3,FOUND INTEGER FEASIBLE,0.001753,0.006016,1,5,0,0,380.000000,380.000000,0.000000,0.000000,0
markshare2,config17,1,FOUND INTEGER FEASIBLE,0.000608,0.004696,0,0,0,0,10512.000000,10512.000000,0.000000,0.000000,0
markshare2,config17,2,FOUND INTEGER FEASIBLE,0.000722,0.005186,0,0,0,0,10512.000000,10512.000000,0.000000,0.000000,0
markshare2,config17,3,FOUND INTEGER FEASIBLE,0.000529,0.004386,0,0,0,0,10512.000000,10512.000000,0.000000,0.000000,0
markshare2,config21,1,FOUND INTEGER FEASIBLE,0.001417,0.005342,0,8,0,0,838.000000,838.000000,0.000000,0.000000,0
markshare2,config21,2,FOUND INTEGER FEASIBLE,0.001325,0.004632,0,8,0,0,838.000000,838.000000,0.000000,0.000000,0
markshare2,config21,3,FOUND INTEGER FEASIBLE,0.001027,0.003925,0,8,0,0,838.000000,838.000000,0.000000,0.000000,0
markshare2,config23,1,FOUND INTEGER FEASIBLE,0.001421,0.004808,0,8,0,0,10512.000000,10512.000000,0.000000,0.000000,0
markshare2,config23,2,FOUND INTEGER FEASIBLE,0.001075,0.003583,0,8,0,0,10512.000000,10512.000000,0.000000,0.000000,0
markshare2,config23,3,FOUND INTEGER FEASIBLE,0.001388,0.004497,0,8,0,0,10512.000000,10512.000000,0.000000,0.000000,0
markshare2,config19,1,FOUND INTEGER FEASIBLE,0.000000,0.001610,0,0,-1,-1,10512.000000,10512.000000,0.000000,0.000000,0
markshare2,config19,2,FOUND INTEGER FEASIBLE,0.000000,0.001545,0,0,-1,-1,10512.000000,10512.000000,0.000000,0.000000,0
markshare2,config19,3,FOUND INTEGER FEASIBLE,0.000000,0.001555,0,0,-1,-1,10512.000000,10512.000000,0.000000,0.000000,0
markshare2,config18,1,FOUND INTEGER FEASIBLE,0.000000,0.002126,0,0,-1,-1,10512.000000,10512.000000,0.000000,0.000000,0
markshare2,config18,2,FOUND INTEGER FEASIBLE,0.000000,0.001635,0,0,-1,-1,10512.000000,10512.000000,0.000000,0.000000,0
markshare2,config18,3,FOUND INTEGER FEASIBLE,0.000000,0.001656,0,0,-1,-1,10512.000000,10512.000000,0.000000,0.000000,0
markshare_4_0,config1,1,FOUND INTEGER FEASIBLE,0.000000,0.004155,1,0,-1,-1,173.000000,173.000000,0.000000,0.000000,0
markshare_4_0,config1,2,FOUND INTEGER FEASIBLE,0.000000,0.004481,1,0,-1,-1,173.000000,173.000000,0.000000,0.000000,0
markshare_4_0,config1,3,FOUND INTEGER FEASIBLE,0.000000,0.004787,1,0,-1,-1,173.000000,173.000000,0.000000,0.000000,0
markshare_4_0,config3,1,FOUND INTEGER FEASIBLE,0.000000,0.003031,0,0,-1,-1,3082.000000,3082.000000,0.000000,0.000000,0
markshare_4_0,config3,2,FOUND INTEGER FEASIBLE,0.000000,0.004661,0,0,-1,-1,3082.000000,3082.000000,0.000000,0.000000,0
markshare_4_0,config3,3,FOUND INTEGER FEASIBLE,0.000000,0.003380,0,0,-1,-1,3082.000000,3082.000000,0.000000,0.000000,0
markshare_4_0,config20,1,FOUND INTEGER FEASIBLE,0.000000,0.003005,1,0,-1,-1,136.000000,136.000000,0.000000,0.000000,0
markshare_4_0,config20,2,FOUND INTEGER FEASIBLE,0.000000,0.002502,1,0,-1,-1,136.000000,136.000000,0.000000,0.000000,0
markshare_4_0,config20,3,FOUND INTEGER FEASIBLE,0.000000,0.003153,1,0,-1,-1,136.000000,136.000000,0.000000,0.000000,0
markshare_4_0,config16,1,FOUND INTEGER FEASIBLE,0.000821,0.003895,1,4,0,0,220.000000,220.000000,0.000000,0.000000,0
markshare_4_0,config16,2,FOUND INTEGER FEASIBLE,0.000673,0.003054,1,4,0,0,220.000000,220.000000,0.000000,0.000000,0
markshare_4_0,config16,3,FOUND INTEGER FEASIBLE,0.000635,0.003022,1,4,0,0,220.000000,220.000000,0.000000,0.000000,0
markshare_4_0,config17,1,FOUND INTEGER FEASIBLE,0.000358,0.002557,0,0,0,0,3082.000000,3082.000000,0.000000,0.000000,0
markshare_4_0,config17,2,FOUND INTEGER FEASIBLE,0.000461,0.003386,0,0,0,0,3082.000000,3082.000000,0.000000,0.000000,0
markshare_4_0,config17,3,FOUND INTEGER FEASIBLE,0.000511,0.003476,0,0,0,0,3082.000000,3082.000000,0.000000,0.000000,0
markshare_4_0,config21,1,FOUND INTEGER FEASIBLE,0.000621,0.002680,0,5,0,0,521.000000,521.000000,0.000000,0.000000,0
markshare_4_0,config21,2,FOUND INTEGER FEASIBLE,0.000697,0.002873,0,5,0,0,521.000000,521.000000,0.000000,0.000000,0
markshare_4_0,config21,3,FOUND INTEGER FEASIBLE,0.000873,0.003248,0,5,0,0,521.000000,521.000000,0.000000,0.000000,0
markshare_4_0,config23,1,FOUND INTEGER FEASIBLE,0.000596,0.002517,0,5,0,0,3082.000000,3082.000000,0.000000,0.000000,0
markshare_4_0,config23,2,FOUND INTEGER FEASIBLE,0.000617,0.002494,0,5,0,0,3082.000000,3082.000000,0.000000,0.000000,0
markshare_4_0,config23,3,FOUND INTEGER FEASIBLE,0.000652,0.002906,0,5,0,0,3082.000000,3082.000000,0.000000,0.000000,0
markshare_4_0,config19,1,FOUND INTEGER FEASIBLE,0.000000,0.001280,0,0,-1,-1,3082.000000,3082.000000,0.000000,0.000000,0
markshare_4_0,config19,2,FOUND INTEGER FEASIBLE,0.000000,0.001150,0,0,-1,-1,3082.000000,3082.000000,0.000000,0.000000,0
markshare_4_0,config19,3,FOUND INTEGER FEASIBLE,0.000000,0.001204,0,0,-1,-1,3082.000000,3082.000000,0.000000,0.000000,0
markshare_4_0,config18,1,FOUND INTEGER FEASIBLE,0.000000,0.001658,0,0,-1,-1,3082.000000,3082.000000,0.000000,0.000000,0
markshare_4_0,config18,2,FOUND INTEGER FEASIBLE,0.000000,0.001988,0,0,-1,-1,3082.000000,3082.000000,0.000000,0.000000,0
markshare_4_0,config18,3,FOUND INTEGER FEASIBLE,0.000000,0.001764,0,0,-1,-1,3082.000000,3082.000000,0.000000,0.000000,0
mas74,config1,1,FOUND INTEGER FEASIBLE,0.000000,0.012845,1,0,-1,-1,19197.468031,19197.468031,0.000000,0.000000,0
mas74,config1,2,FOUND INTEGER FEASIBLE,0.000000,0.014106,1,0,-1,-1,37428.256050,37428.256050,0.000000,0.000000,0
mas74,config1,3,FOUND INTEGER FEASIBLE,0.000000,0.012781,1,0,-1,-1,21073.540740,21073.540740,0.000000,0.000000,0
mas74,config3,1,FOUND INTEGER FEASIBLE,0.000000,0.010887,0,0,-1,-1,157344.610330,157344.610330,0.000000,0.000000,0
mas74,config3,2,FOUND INTEGER FEASIBLE,0.000000,0.012059,0,0,-1,-1,157344.610330,157344.610330,0.000000,0.000000,0
mas74,config3,3,FOUND INTEGER FEASIBLE,0.000000,0.010777,0,0,-1,-1,157344.610330,157344.610330,0.000000,0.000000,0
mas74,config20,1,FOUND INTEGER FEASIBLE,0.000000,0.006578,0,0,-1,-1,157344.610530,53043.396104,0.000000,0.000000,0
mas74,config20,2,FOUND INTEGER FEASIBLE,0.000000,0.009363,0,0,-1,-1,157344.610530,53043.396104,0.000000,0.000000,0
mas74,config20,3,FOUND INTEGER FEASIBLE,0.000000,0.007530,0,0,-1,-1,157344.610530,53043.396104,0.000000,0.000000,0
mas74,config16,1,FOUND INTEGER FEASIBLE,0.003123,0.014590,0,8,0,0,48248.650416,48248.650416,0.000000,0.000000,0
mas74,config16,2,FOUND INTEGER FEASIBLE,0.002608,0.009538,0,8,0,0,48248.650416,48248.650416,0.000000,0.000000,0
mas74,config16,3,FOUND INTEGER FEASIBLE,0.003580,0.009752,0,8,0,0,48248.650416,48248.650416,0.000000,0.000000,0
mas74,config17,1,FOUND INTEGER FEASIBLE,0.000626,0.010710,0,0,0,0,157344.610330,157344.610330,0.000000,0.000000,0
mas74,config17,2,FOUND INTEGER FEASIBLE,0.000474,0.009138,0,0,0,0,157344.610330,157344.610330,0.000000,0.000000,0
mas74,config17,3,FOUND INTEGER FEASIBLE,0.000452,0.008552,0,0,0,0,157344.610330,157344.610330,0.000000,0.000000,0
mas74,config21,1,FOUND INTEGER FEASIBLE,0.000715,0.010608,0,0,0,0,157344.610530,53043.396104,0.000000,0.000000,0
mas74,config21,2,FOUND INTEGER FEASIBLE,0.000736,0.011139,0,0,0,0,157344.610530,53043.396104,0.000000,0.000000,0
mas74,config21,3,FOUND INTEGER FEASIBLE,0.000578,0.009978,0,0,0,0,157344.610530,53043.396104,0.000000,0.000000,0
mas74,config23,1,FOUND INTEGER FEASIBLE,0.000523,0.008640,0,0,0,0,157344.610330,157344.610330,0.000000,0.000000,0
mas74,config23,2,FOUND INTEGER FEASIBLE,0.000686,0.010300,0,0,0,0,157344.610330,157344.610330,0.000000,0.000000,0
mas74,config23,3,FOUND INTEGER FEASIBLE,0.000720,0.009681,0,0,0,0,157344.610330,157344.610330,0.000000,0.000000,0
mas74,config19,1,FOUND INTEGER FEASIBLE,0.000000,0.002264,0,0,-1,-1,157344.610330,157344.610330,0.000000,0.000000,0
mas74,config19,2,FOUND INTEGER FEASIBLE,0.000000,0.002222,0,0,-1,-1,157344.610330,157344.610330,0.000000,0.000000,0
mas74,config19,3,FOUND INTEGER FEASIBLE,0.000000,0.003955,0,0,-1,-1,157344.610330,157344.610330,0.000000,0.000000,0
mas74,config18,1,FOUND INTEGER FEASIBLE,0.000000,0.002996,0,0,-1,-1,157344.610330,157344.610330,0.000000,0.000000,0
mas74,config18,2,FOUND INTEGER FEASIBLE,0.000000,0.002189,0,0,-1,-1,157344.610330,157344.610330,0.000000,0.000000,0
mas74,config18,3,FOUND INTEGER FEASIBLE,0.000000,0.002383,0,0,-1,-1,157344.610330,157344.610330,0.000000,0.000000,0
mas76,config1,1,FOUND INTEGER FEASIBLE,0.000000,0.013984,1,0,-1,-1,44877.421401,44877.421401,0.000000,0.000000,0
mas76,config1,2,FOUND INTEGER FEASIBLE,0.000000,0.014233,1,0,-1,-1,55985.610470,55985.610470,0.000000,0.000000,0
mas76,config1,3,FOUND INTEGER FEASIBLE,0.000000,0.012981,1,0,-1,-1,45973.977930,45973.977930,0.000000,0.000000,0
mas76,config3,1,FOUND INTEGER FEASIBLE,0.000000,0.010695,0,0,-1,-1,157344.610330,157344.610330,0.000000,0.000000,0
mas76,config3,2,FOUND INTEGER FEASIBLE,0.000000,0.011924,0,0,-1,-1,157344.610330,157344.610330,0.000000,0.000000,0
mas76,config3,3,FOUND INTEGER FEASIBLE,0.000000,0.010866,0,0,-1,-1,157344.610330,157344.610330,0.000000,0.000000,0
mas76,config20,1,FOUND INTEGER FEASIBLE,0.000000,0.007752,0,0,-1,-1,157344.610480,93644.999207,0.000000,0.000000,0
mas76,config20,2,FOUND INTEGER FEASIBLE,0.000000,0.006965,0,0,-1,-1,157344.610480,93644.999207,0.000000,0.000000,0
mas76,config20,3,FOUND INTEGER FEASIBLE,0.000000,0.006198,0,0,-1,-1,157344.610480,93644.999207,0.000000,0.000000,0
mas76,config16,1,FOUND INTEGER FEASIBLE,0.002838,0.009857,0,8,0,0,72167.004836,72167.004836,0.000000,0.000000,0
mas76,config16,2,FOUND INTEGER FEASIBLE,0.002867,0.010155,0,8,0,0,72167.004836,72167.004836,0.000000,0.000000,0
mas76,config16,3,FOUND INTEGER FEASIBLE,0.003512,0.011120,0,8,0,0,72167.004836,72167.004836,0.000000,0.000000,0
mas76,config17,1,FOUND INTEGER FEASIBLE,0.000630,0.012022,0,0,0,0,157344.610330,157344.610330,0.000000,0.000000,0
mas76,config17,2,FOUND INTEGER FEASIBLE,0.000441,0.009613,0,0,0,0,157344.610330,157344.610330,0.000000,0.000000,0
mas76,config17,3,FOUND INTEGER FEASIBLE,0.000494,0.010106,0,0,0,0,157344.610330,157344.610330,0.000000,0.000000,0
mas76,config21,1,FOUND INTEGER FEASIBLE,0.000403,0.009319,0,0,0,0,157344.610480,93644.999207,0.000000,0.000000,0
mas76,config21,2,FOUND INTEGER FEASIBLE,0.000608,0.010591,0,0,0,0,157344.610480,93644.999207,0.000000,0.000000,0
mas76,config21,3,FOUND INTEGER FEASIBLE,0.000521,0.009773,0,0,0,0,157344.610480,93644.999207,0.000000,0.000000,0
mas76,config23,1,FOUND INTEGER FEASIBLE,0.000582,0.010336,0,0,0,0,157344.610330,157344.610330,0.000000,0.000000,0
mas76,config23,2,FOUND INTEGER FEASIBLE,0.000517,0.009598,0,0,0,0,157344.610330,157344.610330,0.000000,0.000000,0
mas76,config23,3,FOUND INTEGER FEASIBLE,0.000678,0.011300,0,0,0,0,157344.610330,157344.610330,0.000000,0.000000,0
mas76,config19,1,FOUND INTEGER FEASIBLE,0.000000,0.001234,0,0,-1,-1,157344.610330,157344.610330,0.000000,0.000000,0
mas76,config19,2,FOUND INTEGER FEASIBLE,0.000000,0.002206,0,0,-1,-1,157344.610330,157344.610330,0.000000,0.000000,0
mas76,config19,3,FOUND INTEGER FEASIBLE,0.000000,0.002175,0,0,-1,-1,157344.610330,157344.610330,0.000000,0.000000,0
mas76,config18,1,FOUND INTEGER FEASIBLE,0.000000,0.002740,0,0,-1,-1,157344.610330,157344.610330,0.000000,0.000000,0
mas76,config18,2,FOUND INTEGER FEASIBLE,0.000000,0.001243,0,0,-1,-1,157344.610330,157344.610330,0.000000,0.000000,0
mas76,config18,3,FOUND INTEGER FEASIBLE,0.000000,0.002525,0,0,-1,-1,157344.610330,157344.610330,0.000000,0.000000,0
mc11,config1,1,FOUND INTEGER FEASIBLE,0.000000,0.251715,16,0,-1,-1,31028.000000,31028.000000,0.000000,0.000000,0
mc11,config1,2,FOUND INTEGER FEASIBLE,0.000000,0.280817,18,0,-1,-1,30880.000000,30880.000000,0.000000,0.000000,0
mc11,config1,3,FOUND INTEGER FEASIBLE,0.000000,0.236576,15,0,-1,-1,30174.000000,30174.000000,0.000000,0.000000,0
mc11,config3,1,FOUND INTEGER FEASIBLE,0.000000,0.250937,15,0,-1,-1,34432.000000,34432.000000,0.000000,0.000000,0
mc11,config3,2,FOUND INTEGER FEASIBLE,0.000000,0.288093,18,0,-1,-1,33418.000000,33418.000000,0.000000,0.000000,0
mc11,config3,3,FOUND INTEGER FEASIBLE,0.000000,0.263625,16,0,-1,-1,33010.000000,33010.000000,0.000000,0.000000,0
mc11,config20,1,FOUND INTEGER FEASIBLE,0.000000,0.047676,0,0,-1,-1,128755.000000,128755.000000,0.000000,0.000000,0
mc11,config20,2,FOUND INTEGER FEASIBLE,0.000000,0.046165,0,0,-1,-1,128755.000000,128755.000000,0.000000,0.000000,0
mc11,config20,3,FOUND INTEGER FEASIBLE,0.000000,0.046655,0,0,-1,-1,128755.000000,128755.000000,0.000000,0.000000,0
mc11,config16,1,FOUND INTEGER FEASIBLE,0.029553,0.138153,16,9,0,0,30628.000000,30628.000000,0.000000,0.000000,0
mc11,config16,2,FOUND INTEGER FEASIBLE,0.038019,0.180091,18,9,0,0,32055.000000,32055.000000,0.000000,0.000000,0
mc11,config16,3,FOUND INTEGER FEASIBLE,0.037321,0.168282,15,9,0,0,31271.000000,31271.000000,0.000000,0.000000,0
mc11,config17,1,FOUND INTEGER FEASIBLE,0.064014,0.201590,16,9,0,0,31579.000000,31579.000000,0.000000,0.000000,0
mc11,config17,2,FOUND INTEGER FEASIBLE,0.064412,0.209947,18,9,0,0,32970.000000,32970.000000,0.000000,0.000000,0
mc11,config17,3,FOUND INTEGER FEASIBLE,0.064212,0.203430,16,9,0,0,33401.000000,33401.000000,0.000000,0.000000,0
mc11,config21,1,FOUND INTEGER FEASIBLE,0.016194,0.080293,0,1,1,1,128755.000000,128755.000000,0.000000,0.000000,0
mc11,config21,2,FOUND INTEGER FEASIBLE,0.016177,0.079733,0,1,1,1,128755.000000,128755.000000,0.000000,0.000000,0
mc11,config21,3,FOUND INTEGER FEASIBLE,0.016126,0.080107,0,1,1,1,128755.000000,128755.000000,0.000000,0.000000,0
mc11,config23,1,FOUND INTEGER FEASIBLE,0.016300,0.146703,15,1,1,1,34432.000000,34432.000000,0.000000,0.000000,0
mc11,config23,2,FOUND INTEGER FEASIBLE,0.016250,0.158723,18,1,1,1,33418.000000,33418.000000,0.000000,0.000000,0
mc11,config23,3,FOUND INTEGER FEASIBLE,0.012509,0.118864,16,1,1,1,33010.000000,33010.000000,0.000000,0.000000,0
mc11,config19,1,FOUND INTEGER FEASIBLE,0.000000,0.021439,0,0,-1,-1,128755.000000,128755.000000,0.000000,0.000000,0
mc11,config19,2,FOUND INTEGER FEASIBLE,0.000000,0.021400,0,0,-1,-1,128755.000000,128755.000000,0.000000,0.000000,0
mc11,config19,3,FOUND INTEGER FEASIBLE,0.000000,0.021713,0,0,-1,-1,128755.000000,128755.000000,0.000000,0.000000,0
mc11,config18,1,FOUND INTEGER FEASIBLE,0.000000,0.026680,0,0,-1,-1,128755.000000,128755.000000,0.000000,0.000000,0
mc11,config18,2,FOUND INTEGER FEASIBLE,0.000000,0.033315,0,0,-1,-1,128755.000000,128755.000000,0.000000,0.000000,0
mc11,config18,3,FOUND INTEGER FEASIBLE,0.000000,0.034933,0,0,-1,-1,128755.000000,128755.000000,0.000000,0.000000,0
mcsched,config1,1,FOUND INTEGER FEASIBLE,0.000000,0.313428,1,0,-1,-1,343391.000000,343391.000000,0.000000,0.000000,0
mcsched,config1,2,FOUND INTEGER FEASIBLE,0.000000,0.316760,1,0,-1,-1,473146.000000,473146.000000,0.000000,0.000000,0
mcsched,config1,3,FOUND INTEGER FEASIBLE,0.000000,0.312733,1,0,-1,-1,247706.000000,247706.000000,0.000000,0.000000,0
mcsched,config3,1,FOUND INTEGER FEASIBLE,0.000000,0.039255,0,0,-1,-1,475437.000000,475437.000000,0.000000,0.000000,0
mcsched,config3,2,FOUND INTEGER FEASIBLE,0.000000,0.037714,0,0,-1,-1,475437.000000,475437.000000,0.000000,0.000000,0
mcsched,config3,3,FOUND INTEGER FEASIBLE,0.000000,0.039944,0,0,-1,-1,475437.000000,475437.000000,0.000000,0.000000,0
mcsched,config20,1,FOUND INTEGER FEASIBLE,0.000000,0.135019,1,0,-1,-1,432584.000000,432584.000000,0.000000,0.000000,0
mcsched,config20,2,FOUND INTEGER FEASIBLE,0.000000,0.132123,1,0,-1,-1,474484.000000,474484.000000,0.000000,0.000000,0
mcsched,config20,3,FOUND INTEGER FEASIBLE,0.000000,0.125495,1,0,-1,-1,247966.000000,247966.000000,0.000000,0.000000,0
mcsched,config16,1,FOUND INTEGER FEASIBLE,0.655159,0.689068,0,12,0,0,437448.000000,437448.000000,0.000000,0.000000,0
mcsched,config16,2,FOUND INTEGER FEASIBLE,0.649956,0.680001,0,12,0,0,437448.000000,437448.000000,0.000000,0.000000,0
mcsched,config16,3,FOUND INTEGER FEASIBLE,0.656000,0.687748,0,12,0,0,437448.000000,437448.000000,0.000000,0.000000,0
mcsched,config17,1,FOUND INTEGER FEASIBLE,0.003589,0.034661,0,1,0,0,474282.000000,474282.000000,0.000000,0.000000,0
mcsched,config17,2,FOUND INTEGER FEASIBLE,0.003547,0.034436,0,1,0,0,474282.000000,474282.000000,0.000000,0.000000,0
mcsched,config17,3,FOUND INTEGER FEASIBLE,0.003511,0.034190,0,1,0,0,474282.000000,474282.000000,0.000000,0.000000,0
mcsched,config21,1,FOUND INTEGER FEASIBLE,0.280325,0.311760,0,10,0,0,341567.000000,341567.000000,0.000000,0.000000,0
mcsched,config21,2,FOUND INTEGER FEASIBLE,0.279669,0.310453,0,10,0,0,341567.000000,341567.000000,0.000000,0.000000,0
mcsched,config21,3,FOUND INTEGER FEASIBLE,0.281431,0.312251,0,10,0,0,341567.000000,341567.000000,0.000000,0.000000,0
mcsched,config23,1,FOUND INTEGER FEASIBLE,0.281913,0.312148,0,10,0,0,337568.000000,337568.000000,0.000000,0.000000,0
mcsched,config23,2,FOUND INTEGER FEASIBLE,0.280164,0.310695,0,10,0,0,337568.000000,337568.000000,0.000000,0.000000,0
mcsched,config23,3,FOUND INTEGER FEASIBLE,0.280247,0.311126,0,10,0,0,337568.000000,337568.000000,0.000000,0.000000,0
mcsched,config19,1,FOUND INTEGER FEASIBLE,0.000000,0.022945,0,0,-1,-1,475196.000000,475196.000000,0.000000,0.000000,0
mcsched,config19,2,FOUND INTEGER FEASIBLE,0.000000,0.019917,0,0,-1,-1,475196.000000,475196.000000,0.000000,0.000000,0
mcsched,config19,3,FOUND INTEGER FEASIBLE,0.000000,0.019642,0,0,-1,-1,475196.000000,475196.000000,0.000000,0.000000,0
mcsched,config18,1,FOUND INTEGER FEASIBLE,0.000000,0.034720,0,0,-1,-1,475196.000000,475196.000000,0.000000,0.000000,0
mcsched,config18,2,FOUND INTEGER FEASIBLE,0.000000,0.024852,0,0,-1,-1,475196.000000,475196.000000,0.000000,0.000000,0
mcsched,config18,3,FOUND INTEGER FEASIBLE,0.000000,0.031364,0,0,-1,-1,475196.000000,475196.000000,0.000000,0.000000,0
mik-250-20-75-4,config1,1,FOUND INTEGER FEASIBLE,0.000000,0.041430,2,0,-1,-1,-43191.000000,-43907.000000,0.000000,0.000000,0
mik-250-20-75-4,config1,2,FOUND INTEGER FEASIBLE,0.000000,0.030163,2,0,-1,-1,-3736.000000,-3736.000000,0.000000,0.000000,0
mik-250-20-75-4,config1,3,FOUND INTEGER FEASIBLE,0.000000,0.036187,2,0,-1,-1,-43191.000000,-43907.000000,0.000000,0.000000,0
mik-250-20-75-4,config3,1,FOUND INTEGER FEASIBLE,0.000000,0.016458,0,0,-1,-1,780596.000000,750000.000000,0.000000,0.000000,0
mik-250-20-75-4,config3,2,FOUND INTEGER FEASIBLE,0.000000,0.032996,0,0,-1,-1,780596.000000,750000.000000,0.000000,0.000000,0
mik-250-20-75-4,config3,3,FOUND INTEGER FEASIBLE,0.000000,0.025869,0,0,-1,-1,780596.000000,750000.000000,0.000000,0.000000,0
mik-250-20-75-4,config20,1,FOUND INTEGER FEASIBLE,0.000000,0.092343,2,0,-1,-1,653676.000000,653676.000000,0.000000,0.000000,0
mik-250-20-75-4,config20,2,FOUND INTEGER FEASIBLE,0.000000,0.065531,2,0,-1,-1,650250.000000,650250.000000,0.000000,0.000000,0
mik-250-20-75-4,config20,3,FOUND INTEGER FEASIBLE,0.000000,0.092045,2,0,-1,-1,651811.000000,650373.000000,0.000000,0.000000,0
mik-250-20-75-4,config16,1,FOUND INTEGER FEASIBLE,0.009630,0.056229,2,10,0,0,0.000000,0.000000,0.000000,0.000000,0
mik-250-20-75-4,config16,2,FOUND INTEGER FEASIBLE,0.010012,0.058507,2,10,0,0,100.000000,100.000000,0.000000,0.000000,0
mik-250-20-75-4,config16,3,FOUND INTEGER FEASIBLE,0.009850,0.056577,2,10,0,0,200.000000,200.000000,0.000000,0.000000,0
mik-250-20-75-4,config17,1,FOUND INTEGER FEASIBLE,0.001256,0.038527,0,0,0,0,780596.000000,750000.000000,0.000000,0.000000,0
mik-250-20-75-4,config17,2,FOUND INTEGER FEASIBLE,0.001238,0.037518,0,0,0,0,780596.000000,750000.000000,0.000000,0.000000,0
mik-250-20-75-4,config17,3,FOUND INTEGER FEASIBLE,0.001254,0.037864,0,0,0,0,780596.000000,750000.000000,0.000000,0.000000,0
mik-250-20-75-4,config21,1,FOUND INTEGER FEASIBLE,0.008735,0.042475,0,12,0,0,778425.000000,747829.000000,0.000000,0.000000,0
mik-250-20-75-4,config21,2,FOUND INTEGER FEASIBLE,0.008880,0.041422,0,12,0,0,778425.000000,747829.000000,0.000000,0.000000,0
mik-250-20-75-4,config21,3,FOUND INTEGER FEASIBLE,0.008814,0.042038,0,12,0,0,778425.000000,747829.000000,0.000000,0.000000,0
mik-250-20-75-4,config23,1,FOUND INTEGER FEASIBLE,0.008884,0.042325,0,12,0,0,780596.000000,750000.000000,0.000000,0.000000,0
mik-250-20-75-4,config23,2,FOUND INTEGER FEASIBLE,0.008709,0.041604,0,12,0,0,780596.000000,750000.000000,0.000000,0.000000,0
mik-250-20-75-4,config23,3,FOUND INTEGER FEASIBLE,0.008772,0.041034,0,12,0,0,780596.000000,750000.000000,0.000000,0.000000,0
mik-250-20-75-4,config19,1,FOUND INTEGER FEASIBLE,0.000000,0.003952,0,0,-1,-1,0.000000,0.000000,0.000000,0.000000,0
mik-250-20-75-4,config19,2,FOUND INTEGER FEASIBLE,0.000000,0.006771,0,0,-1,-1,0.000000,0.000000,0.000000,0.000000,0
mik-250-20-75-4,config19,3,FOUND INTEGER FEASIBLE,0.000000,0.009062,0,0,-1,-1,0.000000,0.000000,0.000000,0.000000,0
mik-250-20-75-4,config18,1,FOUND INTEGER FEASIBLE,0.000000,0.006866,0,0,-1,-1,0.000000,0.000000,0.000000,0.000000,0
mik-250-20-75-4,config18,2,FOUND INTEGER FEASIBLE,0.000000,0.005381,0,0,-1,-1,0.000000,0.000000,0.000000,0.000000,0
mik-250-20-75-4,config18,3,FOUND INTEGER FEASIBLE,0.000000,0.006937,0,0,-1,-1,0.000000,0.000000,0.000000,0.000000,0
milo-v12-6-r2-40-1,config1,1,FOUND INTEGER FEASIBLE,0.000000,0.650997,19,0,-1,-1,831319.096939,831319.096939,0.000000,0.000000,0
milo-v12-6-r2-40-1,config1,2,FOUND INTEGER FEASIBLE,0.000000,0.535597,23,0,-1,-1,850267.036331,850267.036331,0.000000,0.000000,0
milo-v12-6-r2-40-1,config1,3,FOUND INTEGER FEASIBLE,0.000000,0.389238,5,0,-1,-1,509024.354929,509024.354929,0.000000,0.000000,0
milo-v12-6-r2-40-1,config3,1,FOUND INTEGER FEASIBLE,0.000000,0.636811,16,0,-1,-1,826038.239818,826038.239818,0.000000,0.000000,0
milo-v12-6-r2-40-1,config3,2,FOUND INTEGER FEASIBLE,0.000000,0.636411,21,0,-1,-1,833226.179210,833226.179210,0.000000,0.000000,0
milo-v12-6-r2-40-1,config3,3,FOUND INTEGER FEASIBLE,0.000000,0.594450,14,0,-1,-1,825195.313424,825195.313424,0.000000,0.000000,0
milo-v12-6-r2-40-1,config20,1,FOUND INTEGER FEASIBLE,0.000000,0.253261,0,0,-1,-1,1468763.635436,1468763.635436,0.000000,0.000000,0
milo-v12-6-r2-40-1,config20,2,FOUND INTEGER FEASIBLE,0.000000,0.249194,0,0,-1,-1,1468763.635436,1468763.635436,0.000000,0.000000,0
milo-v12-6-r2-40-1,config20,3,FOUND INTEGER FEASIBLE,0.000000,0.247942,0,0,-1,-1,1468763.635436,1468763.635436,0.000000,0.000000,0
milo-v12-6-r2-40-1,config16,1,FOUND INTEGER FEASIBLE,0.758468,0.982519,7,1,0,0,486673.926369,486673.926369,0.000000,0.000000,0
milo-v12-6-r2-40-1,config16,2,FOUND INTEGER FEASIBLE,0.755788,0.993199,11,1,0,0,505013.337624,505013.337624,0.000000,0.000000,0
milo-v12-6-r2-40-1,config16,3,FOUND INTEGER FEASIBLE,0.753980,0.960453,4,1,0,0,487013.337624,487013.337624,0.000000,0.000000,0
milo-v12-6-r2-40-1,config17,1,FOUND INTEGER FEASIBLE,1.085421,2.059271,103,2,1,0,734773.196618,734773.196618,0.000000,0.000000,0
milo-v12-6-r2-40-1,config17,2,FOUND INTEGER FEASIBLE,1.079356,2.197975,106,2,1,0,768735.151136,768735.151136,0.000000,0.000000,0
milo-v12-6-r2-40-1,config17,3,FOUND INTEGER FEASIBLE,1.084497,2.074090,103,2,1,0,809785.848073,809785.848073,0.000000,0.000000,0
milo-v12-6-r2-40-1,config21,1,FOUND INTEGER FEASIBLE,0.174339,0.445498,0,0,0,0,1468763.635436,1468763.635436,0.000000,0.000000,0
milo-v12-6-r2-40-1,config21,2,FOUND INTEGER FEASIBLE,0.174604,0.448948,0,0,0,0,1468763.635436,1468763.635436,0.000000,0.000000,0
milo-v12-6-r2-40-1,config21,3,FOUND INTEGER FEASIBLE,0.174577,0.445157,0,0,0,0,1468763.635436,1468763.635436,0.000000,0.000000,0
milo-v12-6-r2-40-1,config23,1,FOUND INTEGER FEASIBLE,0.174254,1.002397,16,0,0,0,826038.239818,826038.239818,0.000000,0.000000,0
milo-v12-6-r2-40-1,config23,2,FOUND INTEGER FEASIBLE,0.174902,0.966829,21,0,0,0,833226.179210,833226.179210,0.000000,0.000000,0
milo-v12-6-r2-40-1,config23,3,FOUND INTEGER FEASIBLE,0.174082,0.982159,14,0,0,0,825195.313424,825195.313424,0.000000,0.000000,0
milo-v12-6-r2-40-1,config19,1,FOUND INTEGER FEASIBLE,0.000000,1.941057,0,0,-1,-1,1237103.635436,1237103.635436,0.000000,0.000000,0
milo-v12-6-r2-40-1,config19,2,FOUND INTEGER FEASIBLE,0.000000,1.941242,0,0,-1,-1,1237103.635436,1237103.635436,0.000000,0.000000,0
milo-v12-6-r2-40-1,config19,3,FOUND INTEGER FEASIBLE,0.000000,1.940468,0,0,-1,-1,1237103.635436,1237103.635436,0.000000,0.000000,0
milo-v12-6-r2-40-1,config18,1,FOUND INTEGER FEASIBLE,0.000000,18.165216,0,0,-1,-1,1237103.635436,1237103.635436,0.000000,0.000000,0
milo-v12-6-r2-40-1,config18,2,FOUND INTEGER FEASIBLE,0.000000,17.890007,0,0,-1,-1,1237103.635436,1237103.635436,0.000000,0.000000,0
milo-v12-6-r2-40-1,config18,3,FOUND INTEGER FEASIBLE,0.000000,18.730945,0,0,-1,-1,1237103.635436,1237103.635436,0.000000,0.000000,0
momentum1,config1,1,FOUND INTEGER FEASIBLE,0.000000,14.871748,512,0,-1,-1,301635.298821,301632.329292,0.000018,0.000000,0
momentum1,config1,2,FOUND INTEGER FEASIBLE,0.000000,50.057589,2502,0,-1,-1,404366.354498,404361.239914,0.000000,0.000000,0
momentum1,config1,3,FOUND INTEGER FEASIBLE,0.000000,34.974440,1736,0,-1,-1,372262.291202,372258.192465,0.000000,0.000000,0
momentum1,config3,1,FOUND INTEGER FEASIBLE,0.000000,25.711220,1045,0,-1,-1,365869.609539,365863.615690,0.000000,0.000000,0
momentum1,config3,2,FOUND INTEGER FEASIBLE,0.000000,39.017092,1697,0,-1,-1,391429.981319,391426.656565,0.000000,0.000000,0
momentum1,config3,3,FOUND INTEGER FEASIBLE,0.000000,5.338049,150,0,-1,-1,320801.229534,320798.501479,0.000000,0.000000,0
momentum1,config20,1,FOUND INTEGER FEASIBLE,0.000000,0.761270,1,0,-1,-1,533880.440554,533875.801311,0.000000,0.000000,0
momentum1,config20,2,FOUND INTEGER FEASIBLE,0.000000,0.749203,1,0,-1,-1,533879.946488,533875.307243,0.000000,0.000000,0
momentum1,config20,3,FOUND INTEGER FEASIBLE,0.000000,0.746552,1,0,-1,-1,533880.440554,533875.801311,0.000000,0.000000,0
momentum1,config16,1,FOUND INTEGER FEASIBLE,3.194418,22.187532,923,9,9,1,365768.370684,365764.574977,0.000000,0.000000,0
momentum1,config16,2,FOUND INTEGER FEASIBLE,3.128630,8.880308,294,9,2,1,327289.556152,327287.666158,0.000000,0.000000,0
momentum1,config16,3,FOUND INTEGER FEASIBLE,2.540844,19.996668,735,9,9,1,314441.025115,314440.551043,0.000000,0.000000,0
momentum1,config17,1,FOUND INTEGER FEASIBLE,4.487593,10.651483,512,11,5,0,276007.003268,276001.527669,0.000015,0.000000,0
momentum1,config17,2,FOUND INTEGER FEASIBLE,4.487589,5.170895,53,11,0,0,199031.788366,199030.800134,0.000000,0.000000,0
momentum1,config17,3,FOUND INTEGER FEASIBLE,4.499846,5.546669,151,11,1,0,211873.656081,211873.640306,0.000017,0.000000,0
momentum1,config21,1,FOUND INTEGER FEASIBLE,0.273955,49.431144,3695,7,7,3,385311.397524,385306.255462,0.000000,0.000000,0
momentum1,config21,2,FOUND INTEGER FEASIBLE,0.273394,95.584607,5295,7,7,3,417358.388749,417351.392322,0.000000,0.000000,0
momentum1,config21,3,FOUND INTEGER FEASIBLE,0.274321,142.775632,8012,7,7,3,385339.563041,385336.927638,0.000000,0.000000,0
momentum1,config23,1,FAILED TO FIND AN INTEGER FEASIBLE SOLUTION,0.275499,264.157422,12000,7,7,3,0.000000,0.000000,0.000069,0.000069,0
momentum1,config23,2,FOUND INTEGER FEASIBLE,0.274884,42.211680,1080,7,7,3,397877.570372,397874.222849,0.000011,0.000000,0
momentum1,config23,3,FOUND INTEGER FEASIBLE,0.273666,199.906697,7848,7,7,3,423736.275024,423726.161565,0.000000,0.000000,0
momentum1,config19,1,FOUND INTEGER FEASIBLE,0.000000,0.243081,0,0,-1,-1,533875.101733,533874.584752,0.000000,0.000000,0
momentum1,config19,2,FOUND INTEGER FEASIBLE,0.000000,0.225792,0,0,-1,-1,533875.101733,533874.584752,0.000000,0.000000,0
momentum1,config19,3,FOUND INTEGER FEASIBLE,0.000000,0.226602,0,0,-1,-1,533875.101733,533874.584752,0.000000,0.000000,0
momentum1,config18,1,FOUND INTEGER FEASIBLE,0.000000,0.320917,0,0,-1,-1,533875.101733,533874.584752,0.000000,0.000000,0
momentum1,config18,2,FOUND INTEGER FEASIBLE,0.000000,0.301741,0,0,-1,-1,533875.101733,533874.584752,0.000000,0.000000,0
momentum1,config18,3,FOUND INTEGER FEASIBLE,0.000000,0.301788,0,0,-1,-1,533875.101733,533874.584752,0.000000,0.000000,0
mushroom-best,config1,1,FOUND INTEGER FEASIBLE,0.000000,10.208769,16,0,-1,-1,5609.705462,5609.705372,0.000000,0.000000,0
mushroom-best,config1,2,FOUND INTEGER FEASIBLE,0.000000,9.433249,24,0,-1,-1,5184.721341,5184.721293,0.000000,0.000000,0
mushroom-best,config1,3,FOUND INTEGER FEASIBLE,0.000000,10.061949,19,0,-1,-1,4280.705534,4280.705444,0.000041,0.000000,0
mushroom-best,config3,1,FOUND INTEGER FEASIBLE,0.000000,11.121910,16,0,-1,-1,5609.706258,5609.705372,0.000000,0.000000,0
mushroom-best,config3,2,FOUND INTEGER FEASIBLE,0.000000,8.822370,24,0,-1,-1,4902.714153,4902.713357,0.000000,0.000000,0
mushroom-best,config3,3,FOUND INTEGER FEASIBLE,0.000000,10.422829,19,0,-1,-1,4280.706272,4280.705444,0.000041,0.000000,0
mushroom-best,config20,1,FOUND INTEGER FEASIBLE,0.000000,0.671453,0,0,-1,-1,8124.895732,8124.895090,0.000000,0.000000,0
mushroom-best,config20,2,FOUND INTEGER FEASIBLE,0.000000,0.654967,0,0,-1,-1,8124.895732,8124.895090,0.000000,0.000000,0
mushroom-best,config20,3,FOUND INTEGER FEASIBLE,0.000000,0.653367,0,0,-1,-1,8124.895732,8124.895090,0.000000,0.000000,0
mushroom-best,config16,1,FOUND INTEGER FEASIBLE,1.430286,1.848761,2,4,0,0,0.095058,0.095058,0.000000,0.000000,0
mushroom-best,config16,2,FOUND INTEGER FEASIBLE,1.408834,1.786165,2,4,0,0,0.095058,0.095058,0.000000,0.000000,0
mushroom-best,config16,3,FOUND INTEGER FEASIBLE,1.410346,1.793426,2,4,0,0,0.095077,0.095077,0.000000,0.000000,0
mushroom-best,config17,1,FOUND INTEGER FEASIBLE,1.241915,1.593677,2,3,0,0,19.079166,19.079005,0.000000,0.000000,0
mushroom-best,config17,2,FOUND INTEGER FEASIBLE,1.248487,1.597777,2,3,0,0,19.079166,19.079005,0.000000,0.000000,0
mushroom-best,config17,3,FOUND INTEGER FEASIBLE,0.759431,1.050944,2,3,0,0,19.079166,19.079005,0.000000,0.000000,0
mushroom-best,config21,1,FOUND INTEGER FEASIBLE,0.015767,0.338337,0,0,0,0,8124.895732,8124.895732,0.000000,0.000000,0
mushroom-best,config21,2,FOUND INTEGER FEASIBLE,0.029465,0.630124,0,0,0,0,8124.895732,8124.895732,0.000000,0.000000,0
mushroom-best,config21,3,FOUND INTEGER FEASIBLE,0.029573,0.617473,0,0,0,0,8124.895732,8124.895732,0.000000,0.000000,0
mushroom-best,config23,1,FOUND INTEGER FEASIBLE,0.029621,10.254679,25,0,0,0,5339.713386,5339.713357,0.000000,0.000000,0
mushroom-best,config23,2,FOUND INTEGER FEASIBLE,0.029493,8.282956,20,0,0,0,5260.713402,5260.713350,0.000000,0.000000,0
mushroom-best,config23,3,FOUND INTEGER FEASIBLE,0.029751,8.900959,16,0,0,0,4751.697649,4751.697434,0.000041,0.000000,0
mushroom-best,config19,1,FOUND INTEGER FEASIBLE,0.000000,0.097200,0,0,-1,-1,8124.895732,8124.895732,0.000000,0.000000,0
mushroom-best,config19,2,FOUND INTEGER FEASIBLE,0.000000,0.054348,0,0,-1,-1,8124.895732,8124.895732,0.000000,0.000000,0
mushroom-best,config19,3,FOUND INTEGER FEASIBLE,0.000000,0.052594,0,0,-1,-1,8124.895732,8124.895732,0.000000,0.000000,0
mushroom-best,config18,1,FOUND INTEGER FEASIBLE,0.000000,0.114260,0,0,-1,-1,8124.895732,8124.895732,0.000000,0.000000,0
mushroom-best,config18,2,FOUND INTEGER FEASIBLE,0.000000,0.071771,0,0,-1,-1,8124.895732,8124.895732,0.000000,0.000000,0
mushroom-best,config18,3,FOUND INTEGER FEASIBLE,0.000000,0.073172,0,0,-1,-1,8124.895732,8124.895732,0.000000,0.000000,0
mzzv11,config1,1,FOUND INTEGER FEASIBLE,0.000000,13.894451,33,0,-1,-1,-13172.000000,-13172.000000,0.000000,0.000000,0
mzzv11,config1,2,FOUND INTEGER FEASIBLE,0.000000,13.577757,12,0,-1,-1,-13172.000000,-13172.000000,0.000000,0.000000,0
mzzv11,config1,3,FOUND INTEGER FEASIBLE,0.000000,13.508085,7,0,-1,-1,-13354.000000,-13354.000000,0.000000,0.000000,0
mzzv11,config3,1,FOUND INTEGER FEASIBLE,0.000000,0.750966,0,0,-1,-1,0.000000,0.000000,0.000000,0.000000,0
mzzv11,config3,2,FOUND INTEGER FEASIBLE,0.000000,0.759527,0,0,-1,-1,0.000000,0.000000,0.000000,0.000000,0
mzzv11,config3,3,FOUND INTEGER FEASIBLE,0.000000,0.751889,0,0,-1,-1,0.000000,0.000000,0.000000,0.000000,0
mzzv11,config20,1,FOUND INTEGER FEASIBLE,0.000000,15.316063,18,0,-1,-1,-5934.000000,-5934.000000,0.000000,0.000000,0
mzzv11,config20,2,FOUND INTEGER FEASIBLE,0.000000,15.221906,14,0,-1,-1,-5834.000000,-5834.000000,0.000000,0.000000,0
mzzv11,config20,3,FOUND INTEGER FEASIBLE,0.000000,14.830442,5,0,-1,-1,-5926.000000,-5926.000000,0.000000,0.000000,0
mzzv11,config16,1,FOUND INTEGER FEASIBLE,12.658726,13.331467,0,13,0,0,0.000000,0.000000,0.000000,0.000000,0
mzzv11,config16,2,FOUND INTEGER FEASIBLE,12.032731,12.390912,0,13,0,0,0.000000,0.000000,0.000000,0.000000,0
mzzv11,config16,3,FOUND INTEGER FEASIBLE,12.038342,12.393892,0,13,0,0,0.000000,0.000000,0.000000,0.000000,0
mzzv11,config17,1,FOUND INTEGER FEASIBLE,0.081456,0.777958,0,1,0,0,0.000000,0.000000,0.000000,0.000000,0
mzzv11,config17,2,FOUND INTEGER FEASIBLE,0.080350,0.777424,0,1,0,0,0.000000,0.000000,0.000000,0.000000,0
mzzv11,config17,3,FOUND INTEGER FEASIBLE,0.080340,0.775852,0,1,0,0,0.000000,0.000000,0.000000,0.000000,0
mzzv11,config21,1,FOUND INTEGER FEASIBLE,84.943421,85.619871,0,13,0,0,0.000000,0.000000,0.000000,0.000000,0
mzzv11,config21,2,FOUND INTEGER FEASIBLE,24.985876,25.670074,0,13,0,0,0.000000,0.000000,0.000000,0.000000,0
mzzv11,config21,3,FOUND INTEGER FEASIBLE,24.846845,25.526672,0,13,0,0,0.000000,0.000000,0.000000,0.000000,0
mzzv11,config23,1,FOUND INTEGER FEASIBLE,25.030452,25.730934,0,13,0,0,0.000000,0.000000,0.000000,0.000000,0
mzzv11,config23,2,FOUND INTEGER FEASIBLE,28.136154,28.838312,0,13,0,0,0.000000,0.000000,0.000000,0.000000,0
mzzv11,config23,3,FOUND INTEGER FEASIBLE,24.884270,25.583100,0,13,0,0,0.000000,0.000000,0.000000,0.000000,0
mzzv11,config19,1,FOUND INTEGER FEASIBLE,0.000000,0.040992,0,0,-1,-1,0.000000,0.000000,0.000000,0.000000,0
mzzv11,config19,2,FOUND INTEGER FEASIBLE,0.000000,0.029648,0,0,-1,-1,0.000000,0.000000,0.000000,0.000000,0
mzzv11,config19,3,FOUND INTEGER FEASIBLE,0.000000,0.029237,0,0,-1,-1,0.000000,0.000000,0.000000,0.000000,0
mzzv11,config18,1,FOUND INTEGER FEASIBLE,0.000000,0.050793,0,0,-1,-1,0.000000,0.000000,0.000000,0.000000,0
mzzv11,config18,2,FOUND INTEGER FEASIBLE,0.000000,0.034045,0,0,-1,-1,0.000000,0.000000,0.000000,0.000000,0
mzzv11,config18,3,FOUND INTEGER FEASIBLE,0.000000,0.031447,0,0,-1,-1,0.000000,0.000000,0.000000,0.000000,0
mzzv42z,config1,1,FOUND INTEGER FEASIBLE,0.000000,4.620202,2,0,-1,-1,-14950.000000,-14950.000000,0.000000,0.000000,0
mzzv42z,config1,2,FOUND INTEGER FEASIBLE,0.000000,4.821487,2,0,-1,-1,-14950.000000,-14950.000000,0.000000,0.000000,0
mzzv42z,config1,3,FOUND INTEGER FEASIBLE,0.000000,4.785556,1,0,-1,-1,-14870.000000,-14870.000000,0.000000,0.000000,0
mzzv42z,config3,1,FOUND INTEGER FEASIBLE,0.000000,0.791796,0,0,-1,-1,0.000000,0.000000,0.000000,0.000000,0
mzzv42z,config3,2,FOUND INTEGER FEASIBLE,0.000000,0.790897,0,0,-1,-1,0.000000,0.000000,0.000000,0.000000,0
mzzv42z,config3,3,FOUND INTEGER FEASIBLE,0.000000,0.792258,0,0,-1,-1,0.000000,0.000000,0.000000,0.000000,0
mzzv42z,config20,1,FOUND INTEGER FEASIBLE,0.000000,2.090867,1,0,-1,-1,-5944.000000,-5944.000000,0.000000,0.000000,0
mzzv42z,config20,2,FOUND INTEGER FEASIBLE,0.000000,2.075325,1,0,-1,-1,-5968.000000,-5968.000000,0.000000,0.000000,0
mzzv42z,config20,3,FOUND INTEGER FEASIBLE,0.000000,3.221684,3,0,-1,-1,-5434.000000,-5434.000000,0.000000,0.000000,0
mzzv42z,config16,1,FOUND INTEGER FEASIBLE,4.084492,4.793172,0,13,0,0,0.000000,0.000000,0.000000,0.000000,0
mzzv42z,config16,2,FOUND INTEGER FEASIBLE,4.055731,4.745744,0,13,0,0,0.000000,0.000000,0.000000,0.000000,0
mzzv42z,config16,3,FOUND INTEGER FEASIBLE,4.072506,4.754890,0,13,0,0,0.000000,0.000000,0.000000,0.000000,0
mzzv42z,config17,1,FOUND INTEGER FEASIBLE,0.097157,0.819180,0,1,0,0,0.000000,0.000000,0.000000,0.000000,0
mzzv42z,config17,2,FOUND INTEGER FEASIBLE,0.098264,0.821901,0,1,0,0,0.000000,0.000000,0.000000,0.000000,0
mzzv42z,config17,3,FOUND INTEGER FEASIBLE,0.098163,0.820624,0,1,0,0,0.000000,0.000000,0.000000,0.000000,0
mzzv42z,config21,1,FOUND INTEGER FEASIBLE,3.108526,3.813479,0,13,0,0,0.000000,0.000000,0.000000,0.000000,0
mzzv42z,config21,2,FOUND INTEGER FEASIBLE,3.270813,3.979290,0,13,0,0,0.000000,0.000000,0.000000,0.000000,0
mzzv42z,config21,3,FOUND INTEGER FEASIBLE,3.275143,3.975021,0,13,0,0,0.000000,0.000000,0.000000,0.000000,0
mzzv42z,config23,1,FOUND INTEGER FEASIBLE,3.267408,3.978987,0,13,0,0,0.000000,0.000000,0.000000,0.000000,0
mzzv42z,config23,2,FOUND INTEGER FEASIBLE,3.275320,3.975694,0,13,0,0,0.000000,0.000000,0.000000,0.000000,0
mzzv42z,config23,3,FOUND INTEGER FEASIBLE,3.281882,3.985754,0,13,0,0,0.000000,0.000000,0.000000,0.000000,0
mzzv42z,config19,1,FOUND INTEGER FEASIBLE,0.000000,0.047612,0,0,-1,-1,0.000000,0.000000,0.000000,0.000000,0
mzzv42z,config19,2,FOUND INTEGER FEASIBLE,0.000000,0.029992,0,0,-1,-1,0.000000,0.000000,0.000000,0.000000,0
mzzv42z,config19,3,FOUND INTEGER FEASIBLE,0.000000,0.030407,0,0,-1,-1,0.000000,0.000000,0.000000,0.000000,0
mzzv42z,config18,1,FOUND INTEGER FEASIBLE,0.000000,0.047503,0,0,-1,-1,0.000000,0.000000,0.000000,0.000000,0
mzzv42z,config18,2,FOUND INTEGER FEASIBLE,0.000000,0.037921,0,0,-1,-1,0.000000,0.000000,0.000000,0.000000,0
mzzv42z,config18,3,FOUND INTEGER FEASIBLE,0.000000,0.038074,0,0,-1,-1,0.000000,0.000000,0.000000,0.000000,0
n2seq36q,config1,1,FOUND INTEGER FEASIBLE,0.000000,1.118794,2,0,-1,-1,63400.000000,63400.000000,0.000000,0.000000,0
n2seq36q,config1,2,FOUND INTEGER FEASIBLE,0.000000,0.928581,1,0,-1,-1,59400.000000,59400.000000,0.000000,0.000000,0
n2seq36q,config1,3,FOUND INTEGER FEASIBLE,0.000000,1.110296,2,0,-1,-1,71600.000000,71600.000000,0.000000,0.000000,0
n2seq36q,config3,1,FOUND INTEGER FEASIBLE,0.000000,0.635563,0,0,-1,-1,206800.000000,206800.000000,0.000000,0.000000,0
n2seq36q,config3,2,FOUND INTEGER FEASIBLE,0.000000,0.638333,0,0,-1,-1,206800.000000,206800.000000,0.000000,0.000000,0
n2seq36q,config3,3,FOUND INTEGER FEASIBLE,0.000000,0.636977,0,0,-1,-1,206800.000000,206800.000000,0.000000,0.000000,0
n2seq36q,config20,1,FOUND INTEGER FEASIBLE,0.000000,0.733107,1,0,-1,-1,1398400.000000,1398400.000000,0.000000,0.000000,0
n2seq36q,config20,2,FOUND INTEGER FEASIBLE,0.000000,0.679392,1,0,-1,-1,1366600.000000,1366600.000000,0.000000,0.000000,0
n2seq36q,config20,3,FOUND INTEGER FEASIBLE,0.000000,0.688134,1,0,-1,-1,1377800.000000,1377800.000000,0.000000,0.000000,0
n2seq36q,config16,1,FOUND INTEGER FEASIBLE,0.588118,1.571010,2,12,0,0,78000.000000,78000.000000,0.000000,0.000000,0
n2seq36q,config16,2,FOUND INTEGER FEASIBLE,0.586634,1.488430,2,12,0,0,75000.000000,75000.000000,0.000000,0.000000,0
n2seq36q,config16,3,FOUND INTEGER FEASIBLE,0.587314,1.508257,2,12,0,0,85600.000000,85600.000000,0.000000,0.000000,0
n2seq36q,config17,1,FOUND INTEGER FEASIBLE,0.163838,0.935656,0,1,0,0,232800.000000,232800.000000,0.000000,0.000000,0
n2seq36q,config17,2,FOUND INTEGER FEASIBLE,0.165105,0.945202,0,1,0,0,232800.000000,232800.000000,0.000000,0.000000,0
n2seq36q,config17,3,FOUND INTEGER FEASIBLE,0.164163,0.936271,0,1,0,0,232800.000000,232800.000000,0.000000,0.000000,0
n2seq36q,config21,1,FOUND INTEGER FEASIBLE,0.203751,1.088593,1,6,0,0,1489800.000000,1489800.000000,0.000000,0.000000,0
n2seq36q,config21,2,FOUND INTEGER FEASIBLE,0.201958,1.073209,1,6,0,0,1489400.000000,1489400.000000,0.000000,0.000000,0
n2seq36q,config21,3,FOUND INTEGER FEASIBLE,0.202253,1.084715,1,6,0,0,1489800.000000,1489800.000000,0.000000,0.000000,0
n2seq36q,config23,1,FOUND INTEGER FEASIBLE,0.201996,1.070218,0,6,0,0,208400.000000,208400.000000,0.000000,0.000000,0
n2seq36q,config23,2,FOUND INTEGER FEASIBLE,0.201870,1.063901,0,6,0,0,208400.000000,208400.000000,0.000000,0.000000,0
n2seq36q,config23,3,FOUND INTEGER FEASIBLE,0.202391,1.067062,0,6,0,0,208400.000000,208400.000000,0.000000,0.000000,0
n2seq36q,config19,1,FOUND INTEGER FEASIBLE,0.000000,0.127034,0,0,-1,-1,174800.000000,174800.000000,0.000000,0.000000,0
n2seq36q,config19,2,FOUND INTEGER FEASIBLE,0.000000,0.066503,0,0,-1,-1,174800.000000,174800.000000,0.000000,0.000000,0
n2seq36q,config19,3,FOUND INTEGER FEASIBLE,0.000000,0.066075,0,0,-1,-1,174800.000000,174800.000000,0.000000,0.000000,0
n2seq36q,config18,1,FOUND INTEGER FEASIBLE,0.000000,0.157625,0,0,-1,-1,174800.000000,174800.000000,0.000000,0.000000,0
n2seq36q,config18,2,FOUND INTEGER FEASIBLE,0.000000,0.089464,0,0,-1,-1,174800.000000,174800.000000,0.000000,0.000000,0
n2seq36q,config18,3,FOUND INTEGER FEASIBLE,0.000000,0.093242,0,0,-1,-1,174800.000000,174800.000000,0.000000,0.000000,0
n3div36,config1,1,FOUND INTEGER FEASIBLE,0.000000,1.342758,1,0,-1,-1,155800.000000,155800.000000,0.000000,0.000000,0
n3div36,config1,2,FOUND INTEGER FEASIBLE,0.000000,1.337832,1,0,-1,-1,155800.000000,155800.000000,0.000000,0.000000,0
n3div36,config1,3,FOUND INTEGER FEASIBLE,0.000000,1.342839,1,0,-1,-1,193800.000000,193800.000000,0.000000,0.000000,0
n3div36,config3,1,FOUND INTEGER FEASIBLE,0.000000,1.059672,1,0,-1,-1,209400.000000,209400.000000,0.000000,0.000000,0
n3div36,config3,2,FOUND INTEGER FEASIBLE,0.000000,1.051175,1,0,-1,-1,186800.000000,186800.000000,0.000000,0.000000,0
n3div36,config3,3,FOUND INTEGER FEASIBLE,0.000000,1.053912,1,0,-1,-1,209400.000000,209400.000000,0.000000,0.000000,0
n3div36,config20,1,FOUND INTEGER FEASIBLE,0.000000,0.912378,0,0,-1,-1,182435600.000000,182435600.000000,0.000000,0.000000,0
n3div36,config20,2,FOUND INTEGER FEASIBLE,0.000000,0.835364,0,0,-1,-1,182435600.000000,182435600.000000,0.000000,0.000000,0
n3div36,config20,3,FOUND INTEGER FEASIBLE,0.000000,0.833820,0,0,-1,-1,182435600.000000,182435600.000000,0.000000,0.000000,0
n3div36,config16,1,FOUND INTEGER FEASIBLE,0.688255,1.421315,1,10,0,0,189000.000000,189000.000000,0.000000,0.000000,0
n3div36,config16,2,FOUND INTEGER FEASIBLE,0.695183,1.337378,1,10,0,0,171800.000000,171800.000000,0.000000,0.000000,0
n3div36,config16,3,FOUND INTEGER FEASIBLE,0.686872,1.333958,1,10,0,0,189000.000000,189000.000000,0.000000,0.000000,0
n3div36,config17,1,FOUND INTEGER FEASIBLE,0.219163,1.048103,1,4,0,0,323600.000000,323600.000000,0.000000,0.000000,0
n3div36,config17,2,FOUND INTEGER FEASIBLE,0.220359,1.059010,1,4,0,0,323600.000000,323600.000000,0.000000,0.000000,0
n3div36,config17,3,FOUND INTEGER FEASIBLE,0.219047,1.047152,1,4,0,0,392200.000000,392200.000000,0.000000,0.000000,0
n3div36,config21,1,FOUND INTEGER FEASIBLE,0.179694,1.237964,0,0,0,0,182435600.000000,182435600.000000,0.000000,0.000000,0
n3div36,config21,2,FOUND INTEGER FEASIBLE,0.179429,1.231624,0,0,0,0,182435600.000000,182435600.000000,0.000000,0.000000,0
n3div36,config21,3,FOUND INTEGER FEASIBLE,0.181382,1.228993,0,0,0,0,182435600.000000,182435600.000000,0.000000,0.000000,0
n3div36,config23,1,FOUND INTEGER FEASIBLE,0.181349,1.295498,1,0,0,0,209400.000000,209400.000000,0.000000,0.000000,0
n3div36,config23,2,FOUND INTEGER FEASIBLE,0.181731,1.302409,1,0,0,0,186800.000000,186800.000000,0.000000,0.000000,0
n3div36,config23,3,FOUND INTEGER FEASIBLE,0.181202,1.293950,1,0,0,0,209400.000000,209400.000000,0.000000,0.000000,0
n3div36,config19,1,FOUND INTEGER FEASIBLE,0.000000,0.405355,0,0,-1,-1,6069000.000000,6069000.000000,0.000000,0.000000,0
n3div36,config19,2,FOUND INTEGER FEASIBLE,0.000000,0.319865,0,0,-1,-1,6069000.000000,6069000.000000,0.000000,0.000000,0
n3div36,config19,3,FOUND INTEGER FEASIBLE,0.000000,0.311400,0,0,-1,-1,6069000.000000,6069000.000000,0.000000,0.000000,0
n3div36,config18,1,FOUND INTEGER FEASIBLE,0.000000,0.440807,0,0,-1,-1,6069000.000000,6069000.000000,0.000000,0.000000,0
n3div36,config18,2,FOUND INTEGER FEASIBLE,0.000000,0.447726,0,0,-1,-1,6069000.000000,6069000.000000,0.000000,0.000000,0
n3div36,config18,3,FOUND INTEGER FEASIBLE,0.000000,0.439364,0,0,-1,-1,6069000.000000,6069000.000000,0.000000,0.000000,0
n5-3,config1,1,FOUND INTEGER FEASIBLE,0.000000,0.112680,4,0,-1,-1,11495.000000,11420.000000,0.000000,0.000000,0
n5-3,config1,2,FOUND INTEGER FEASIBLE,0.000000,0.096980,3,0,-1,-1,11105.000000,11060.000000,0.000000,0.000000,0
n5-3,config1,3,FOUND INTEGER FEASIBLE,0.000000,0.098715,3,0,-1,-1,12905.000000,12860.000000,0.000000,0.000000,0
n5-3,config3,1,FOUND INTEGER FEASIBLE,0.000000,0.041371,0,0,-1,-1,25204850.000000,25204425.000000,0.000000,0.000000,0
n5-3,config3,2,FOUND INTEGER FEASIBLE,0.000000,0.041975,0,0,-1,-1,25204850.000000,25204425.000000,0.000000,0.000000,0
n5-3,config3,3,FOUND INTEGER FEASIBLE,0.000000,0.041319,0,0,-1,-1,25204850.000000,25204425.000000,0.000000,0.000000,0
n5-3,config20,1,FOUND INTEGER FEASIBLE,0.000000,0.051800,0,0,-1,-1,25205950.000000,25205525.000000,0.000000,0.000000,0
n5-3,config20,2,FOUND INTEGER FEASIBLE,0.000000,0.030549,0,0,-1,-1,25205950.000000,25205525.000000,0.000000,0.000000,0
n5-3,config20,3,FOUND INTEGER FEASIBLE,0.000000,0.048813,0,0,-1,-1,25205950.000000,25205525.000000,0.000000,0.000000,0
n5-3,config16,1,FOUND INTEGER FEASIBLE,0.029284,0.157104,4,1,0,0,13370.000000,13245.000000,0.000000,0.000000,0
n5-3,config16,2,FOUND INTEGER FEASIBLE,0.029232,0.151643,3,1,0,0,11855.000000,11745.000000,0.000000,0.000000,0
n5-3,config16,3,FOUND INTEGER FEASIBLE,0.029128,0.160594,3,1,0,0,14806.000000,13300.000000,0.000000,0.000000,0
n5-3,config17,1,FOUND INTEGER FEASIBLE,0.016378,0.074317,0,1,0,0,25204935.000000,25204425.000000,0.000000,0.000000,0
n5-3,config17,2,FOUND INTEGER FEASIBLE,0.015674,0.066258,0,1,0,0,25204935.000000,25204425.000000,0.000000,0.000000,0
n5-3,config17,3,FOUND INTEGER FEASIBLE,0.015665,0.066373,0,1,0,0,25204935.000000,25204425.000000,0.000000,0.000000,0
n5-3,config21,1,FOUND INTEGER FEASIBLE,0.015419,0.066042,0,0,0,0,25204735.000000,25204225.000000,0.000000,0.000000,0
n5-3,config21,2,FOUND INTEGER FEASIBLE,0.015641,0.065650,0,0,0,0,25204735.000000,25204225.000000,0.000000,0.000000,0
n5-3,config21,3,FOUND INTEGER FEASIBLE,0.015587,0.065645,0,0,0,0,25204735.000000,25204225.000000,0.000000,0.000000,0
n5-3,config23,1,FOUND INTEGER FEASIBLE,0.015453,0.065661,0,0,0,0,25204435.000000,25203925.000000,0.000000,0.000000,0
n5-3,config23,2,FOUND INTEGER FEASIBLE,0.015603,0.065774,0,0,0,0,25204435.000000,25203925.000000,0.000000,0.000000,0
n5-3,config23,3,FOUND INTEGER FEASIBLE,0.015519,0.065838,0,0,0,0,25204435.000000,25203925.000000,0.000000,0.000000,0
n5-3,config19,1,FOUND INTEGER FEASIBLE,0.000000,0.020438,0,0,-1,-1,25206010.000000,25205525.000000,0.000000,0.000000,0
n5-3,config19,2,FOUND INTEGER FEASIBLE,0.000000,0.021299,0,0,-1,-1,25206010.000000,25205525.000000,0.000000,0.000000,0
n5-3,config19,3,FOUND INTEGER FEASIBLE,0.000000,0.018097,0,0,-1,-1,25206010.000000,25205525.000000,0.000000,0.000000,0
n5-3,config18,1,FOUND INTEGER FEASIBLE,0.000000,0.031314,0,0,-1,-1,25206010.000000,25205525.000000,0.000000,0.000000,0
n5-3,config18,2,FOUND INTEGER FEASIBLE,0.000000,0.022799,0,0,-1,-1,25206010.000000,25205525.000000,0.000000,0.000000,0
n5-3,config18,3,FOUND INTEGER FEASIBLE,0.000000,0.025887,0,0,-1,-1,25206010.000000,25205525.000000,0.000000,0.000000,0
neos-1122047,config1,1,FOUND INTEGER FEASIBLE,0.000000,1.895418,1,0,-1,-1,162.000000,162.000000,0.000000,0.000000,0
neos-1122047,config1,2,FOUND INTEGER FEASIBLE,0.000000,1.890700,1,0,-1,-1,162.000000,162.000000,0.000000,0.000000,0
neos-1122047,config1,3,FOUND INTEGER FEASIBLE,0.000000,1.877465,1,0,-1,-1,162.000000,162.000000,0.000000,0.000000,0
neos-1122047,config3,1,FOUND INTEGER FEASIBLE,0.000000,7.031391,1,0,-1,-1,162.000000,162.000000,0.000000,0.000000,0
neos-1122047,config3,2,FOUND INTEGER FEASIBLE,0.000000,7.076199,1,0,-1,-1,162.000000,162.000000,0.000000,0.000000,0
neos-1122047,config3,3,FOUND INTEGER FEASIBLE,0.000000,7.074768,1,0,-1,-1,162.000000,162.000000,0.000000,0.000000,0
neos-1122047,config20,1,FOUND INTEGER FEASIBLE,0.000000,68.827761,2,0,-1,-1,491.000000,491.000000,0.000000,0.000000,0
neos-1122047,config20,2,FOUND INTEGER FEASIBLE,0.000000,69.008440,2,0,-1,-1,491.000000,491.000000,0.000000,0.000000,0
neos-1122047,config20,3,FOUND INTEGER FEASIBLE,0.000000,69.028780,2,0,-1,-1,491.000000,491.000000,0.000000,0.000000,0
neos-1122047,config16,1,FOUND INTEGER FEASIBLE,0.227913,2.054432,1,1,0,0,162.000000,162.000000,0.000000,0.000000,0
neos-1122047,config16,2,FOUND INTEGER FEASIBLE,0.162189,1.360677,1,1,0,0,162.000000,162.000000,0.000000,0.000000,0
neos-1122047,config16,3,FOUND INTEGER FEASIBLE,0.299117,2.342591,1,1,0,0,162.000000,162.000000,0.000000,0.000000,0
neos-1122047,config17,1,FOUND INTEGER FEASIBLE,13.721094,15.332217,0,2,0,0,162.000000,162.000000,0.000000,0.000000,0
neos-1122047,config17,2,FOUND INTEGER FEASIBLE,13.770518,15.391758,0,2,0,0,162.000000,162.000000,0.000000,0.000000,0
neos-1122047,config17,3,FOUND INTEGER FEASIBLE,13.745208,15.357686,0,2,0,0,162.000000,162.000000,0.000000,0.000000,0
neos-1122047,config21,1,FOUND INTEGER FEASIBLE,37.969736,39.412365,0,4,0,0,235.000000,235.000000,0.000000,0.000000,0
neos-1122047,config21,2,FOUND INTEGER FEASIBLE,38.085279,39.531755,0,4,0,0,235.000000,235.000000,0.000000,0.000000,0
neos-1122047,config21,3,FOUND INTEGER FEASIBLE,37.651770,38.515117,0,4,0,0,235.000000,235.000000,0.000000,0.000000,0
neos-1122047,config23,1,FOUND INTEGER FEASIBLE,37.991230,39.440968,0,4,0,0,235.000000,235.000000,0.000000,0.000000,0
neos-1122047,config23,2,FOUND INTEGER FEASIBLE,38.167397,39.621544,0,4,0,0,235.000000,235.000000,0.000000,0.000000,0
neos-1122047,config23,3,FOUND INTEGER FEASIBLE,37.695862,38.556360,0,4,0,0,235.000000,235.000000,0.000000,0.000000,0
neos-1122047,config19,1,FOUND INTEGER FEASIBLE,0.000000,2.418789,0,0,-1,-1,162.000000,162.000000,0.000000,0.000000,0
neos-1122047,config19,2,FOUND INTEGER FEASIBLE,0.000000,2.403638,0,0,-1,-1,162.000000,162.000000,0.000000,0.000000,0
neos-1122047,config19,3,FOUND INTEGER FEASIBLE,0.000000,2.387875,0,0,-1,-1,162.000000,162.000000,0.000000,0.000000,0
neos-1122047,config18,1,FOUND INTEGER FEASIBLE,0.000000,3.441904,0,0,-1,-1,162.000000,162.000000,0.000000,0.000000,0
neos-1122047,config18,2,FOUND INTEGER FEASIBLE,0.000000,3.046220,0,0,-1,-1,162.000000,162.000000,0.000000,0.000000,0
neos-1122047,config18,3,FOUND INTEGER FEASIBLE,0.000000,3.059100,0,0,-1,-1,162.000000,162.000000,0.000000,0.000000,0
neos-1171448,config1,1,FOUND INTEGER FEASIBLE,0.000000,0.683134,1,0,-1,-1,-284.000000,-285.000000,0.000000,0.000000,0
neos-1171448,config1,2,FOUND INTEGER FEASIBLE,0.000000,0.695238,1,0,-1,-1,-190.000000,-190.000000,0.000000,0.000000,0
neos-1171448,config1,3,FOUND INTEGER FEASIBLE,0.000000,0.681422,1,0,-1,-1,-298.000000,-300.500000,0.000000,0.000000,0
neos-1171448,config3,1,FOUND INTEGER FEASIBLE,0.000000,0.455409,0,0,-1,-1,0.000000,-8.000000,0.000000,0.000000,0
neos-1171448,config3,2,FOUND INTEGER FEASIBLE,0.000000,0.456183,0,0,-1,-1,0.000000,-8.000000,0.000000,0.000000,0
neos-1171448,config3,3,FOUND INTEGER FEASIBLE,0.000000,0.456043,0,0,-1,-1,0.000000,-8.000000,0.000000,0.000000,0
neos-1171448,config20,1,FOUND INTEGER FEASIBLE,0.000000,0.387392,1,0,-1,-1,0.000000,-128.000000,0.000000,0.000000,0
neos-1171448,config20,2,FOUND INTEGER FEASIBLE,0.000000,0.507647,1,0,-1,-1,0.000000,-16.000000,0.000000,0.000000,0
neos-1171448,config20,3,FOUND INTEGER FEASIBLE,0.000000,0.495911,1,0,-1,-1,0.000000,-112.000000,0.000000,0.000000,0
neos-1171448,config16,1,FOUND INTEGER FEASIBLE,0.552952,1.463646,1,4,0,0,-281.000000,-281.000000,0.000000,0.000000,0
neos-1171448,config16,2,FOUND INTEGER FEASIBLE,0.553265,1.441850,1,4,0,0,-214.000000,-214.000000,0.000000,0.000000,0
neos-1171448,config16,3,FOUND INTEGER FEASIBLE,0.554554,1.438822,1,4,0,0,-285.000000,-293.000000,0.000000,0.000000,0
neos-1171448,config17,1,FOUND INTEGER FEASIBLE,0.023898,0.563340,0,0,0,0,0.000000,-8.000000,0.000000,0.000000,0
neos-1171448,config17,2,FOUND INTEGER FEASIBLE,0.023870,0.562317,0,0,0,0,0.000000,-8.000000,0.000000,0.000000,0
neos-1171448,config17,3,FOUND INTEGER FEASIBLE,0.023894,0.564950,0,0,0,0,0.000000,-8.000000,0.000000,0.000000,0
neos-1171448,config21,1,FOUND INTEGER FEASIBLE,0.116436,0.471168,0,4,0,0,0.000000,-32.000000,0.000000,0.000000,0
neos-1171448,config21,2,FOUND INTEGER FEASIBLE,0.117306,0.474702,0,4,0,0,0.000000,-32.000000,0.000000,0.000000,0
neos-1171448,config21,3,FOUND INTEGER FEASIBLE,0.117504,0.472725,0,4,0,0,0.000000,-32.000000,0.000000,0.000000,0
neos-1171448,config23,1,FOUND INTEGER FEASIBLE,0.117630,0.473077,0,4,0,0,0.000000,-16.000000,0.000000,0.000000,0
neos-1171448,config23,2,FOUND INTEGER FEASIBLE,0.117184,0.473160,0,4,0,0,0.000000,-16.000000,0.000000,0.000000,0
neos-1171448,config23,3,FOUND INTEGER FEASIBLE,0.117379,0.477135,0,4,0,0,0.000000,-16.000000,0.000000,0.000000,0
neos-1171448,config19,1,FOUND INTEGER FEASIBLE,0.000000,0.041458,0,0,-1,-1,0.000000,0.000000,0.000000,0.000000,0
neos-1171448,config19,2,FOUND INTEGER FEASIBLE,0.000000,0.027114,0,0,-1,-1,0.000000,0.000000,0.000000,0.000000,0
neos-1171448,config19,3,FOUND INTEGER FEASIBLE,0.000000,0.029522,0,0,-1,-1,0.000000,0.000000,0.000000,0.000000,0
neos-1171448,config18,1,FOUND INTEGER FEASIBLE,0.000000,0.049456,0,0,-1,-1,0.000000,0.000000,0.000000,0.000000,0
neos-1171448,config18,2,FOUND INTEGER FEASIBLE,0.000000,0.051518,0,0,-1,-1,0.000000,0.000000,0.000000,0.000000,0
neos-1171448,config18,3,FOUND INTEGER FEASIBLE,0.000000,0.036098,0,0,-1,-1,0.000000,0.000000,0.000000,0.000000,0
neos-1171737,config1,1,FOUND INTEGER FEASIBLE,0.000000,0.283605,1,0,-1,-1,-170.000000,-172.000000,0.000000,0.000000,0
neos-1171737,config1,2,FOUND INTEGER FEASIBLE,0.000000,0.266610,1,0,-1,-1,-65.000000,-65.000000,0.000000,0.000000,0
neos-1171737,config1,3,FOUND INTEGER FEASIBLE,0.000000,0.285020,1,0,-1,-1,-157.000000,-165.000000,0.000000,0.000000,0
neos-1171737,config3,1,FOUND INTEGER FEASIBLE,0.000000,0.184150,0,0,-1,-1,0.000000,-5.000000,0.000000,0.000000,0
neos-1171737,config3,2,FOUND INTEGER FEASIBLE,0.000000,0.184814,0,0,-1,-1,0.000000,-5.000000,0.000000,0.000000,0
neos-1171737,config3,3,FOUND INTEGER FEASIBLE,0.000000,0.184726,0,0,-1,-1,0.000000,-5.000000,0.000000,0.000000,0
neos-1171737,config20,1,FOUND INTEGER FEASIBLE,0.000000,0.165945,0,0,-1,-1,0.000000,-45.000000,0.000000,0.000000,0
neos-1171737,config20,2,FOUND INTEGER FEASIBLE,0.000000,0.097100,0,0,-1,-1,0.000000,-45.000000,0.000000,0.000000,0
neos-1171737,config20,3,FOUND INTEGER FEASIBLE,0.000000,0.160561,0,0,-1,-1,0.000000,-45.000000,0.000000,0.000000,0
neos-1171737,config16,1,FOUND INTEGER FEASIBLE,0.251681,0.616055,1,2,0,0,-166.000000,-168.000000,0.000000,0.000000,0
neos-1171737,config16,2,FOUND INTEGER FEASIBLE,0.252770,0.618960,1,2,0,0,-85.000000,-95.000000,0.000000,0.000000,0
neos-1171737,config16,3,FOUND INTEGER FEASIBLE,0.251790,0.611847,1,2,0,0,-169.000000,-176.000000,0.000000,0.000000,0
neos-1171737,config17,1,FOUND INTEGER FEASIBLE,0.009730,0.226677,0,0,0,0,0.000000,-5.000000,0.000000,0.000000,0
neos-1171737,config17,2,FOUND INTEGER FEASIBLE,0.009706,0.224437,0,0,0,0,0.000000,-5.000000,0.000000,0.000000,0
neos-1171737,config17,3,FOUND INTEGER FEASIBLE,0.009808,0.226574,0,0,0,0,0.000000,-5.000000,0.000000,0.000000,0
neos-1171737,config21,1,FOUND INTEGER FEASIBLE,0.013579,0.172525,0,2,0,0,0.000000,-25.000000,0.000000,0.000000,0
neos-1171737,config21,2,FOUND INTEGER FEASIBLE,0.013698,0.170948,0,2,0,0,0.000000,-25.000000,0.000000,0.000000,0
neos-1171737,config21,3,FOUND INTEGER FEASIBLE,0.013564,0.170997,0,2,0,0,0.000000,-25.000000,0.000000,0.000000,0
neos-1171737,config23,1,FOUND INTEGER FEASIBLE,0.013461,0.167859,0,2,0,0,0.000000,-20.000000,0.000000,0.000000,0
neos-1171737,config23,2,FOUND INTEGER FEASIBLE,0.013452,0.168642,0,2,0,0,0.000000,-20.000000,0.000000,0.000000,0
neos-1171737,config23,3,FOUND INTEGER FEASIBLE,0.013542,0.167937,0,2,0,0,0.000000,-20.000000,0.000000,0.000000,0
neos-1171737,config19,1,FOUND INTEGER FEASIBLE,0.000000,0.021378,0,0,-1,-1,0.000000,0.000000,0.000000,0.000000,0
neos-1171737,config19,2,FOUND INTEGER FEASIBLE,0.000000,0.012662,0,0,-1,-1,0.000000,0.000000,0.000000,0.000000,0
neos-1171737,config19,3,FOUND INTEGER FEASIBLE,0.000000,0.011880,0,0,-1,-1,0.000000,0.000000,0.000000,0.000000,0
neos-1171737,config18,1,FOUND INTEGER FEASIBLE,0.000000,0.033407,0,0,-1,-1,0.000000,0.000000,0.000000,0.000000,0
neos-1171737,config18,2,FOUND INTEGER FEASIBLE,0.000000,0.020512,0,0,-1,-1,0.000000,0.000000,0.000000,0.000000,0
neos-1171737,config18,3,FOUND INTEGER FEASIBLE,0.000000,0.020404,0,0,-1,-1,0.000000,0.000000,0.000000,0.000000,0
neos-1354092,config1,1,FOUND INTEGER FEASIBLE,0.000000,18.602677,4,0,-1,-1,57.000000,57.000000,0.000000,0.000000,0
neos-1354092,config1,2,FOUND INTEGER FEASIBLE,0.000000,23.458451,6,0,-1,-1,53.000000,53.000000,0.000000,0.000000,0
neos-1354092,config1,3,FOUND INTEGER FEASIBLE,0.000000,15.488004,3,0,-1,-1,54.000000,54.000000,0.000000,0.000000,0
neos-1354092,config3,1,FOUND INTEGER FEASIBLE,0.000000,19.956803,4,0,-1,-1,54.000000,54.000000,0.000000,0.000000,0
neos-1354092,config3,2,FOUND INTEGER FEASIBLE,0.000000,19.577195,4,0,-1,-1,53.000000,53.000000,0.000000,0.000000,0
neos-1354092,config3,3,FOUND INTEGER FEASIBLE,0.000000,15.783888,4,0,-1,-1,56.000000,56.000000,0.000000,0.000000,0
neos-1354092,config20,1,FOUND INTEGER FEASIBLE,0.000000,13.723931,6,0,-1,-1,59.000000,59.000000,0.000000,0.000000,0
neos-1354092,config20,2,FOUND INTEGER FEASIBLE,0.000000,10.609879,5,0,-1,-1,59.000000,59.000000,0.000000,0.000000,0
neos-1354092,config20,3,FOUND INTEGER FEASIBLE,0.000000,8.517758,3,0,-1,-1,59.000000,59.000000,0.000000,0.000000,0
neos-1354092,config16,1,FOUND INTEGER FEASIBLE,8.274919,39.712923,10,12,0,0,48.000000,48.000000,0.000000,0.000000,0
neos-1354092,config16,2,FOUND INTEGER FEASIBLE,8.526678,49.039416,15,12,0,0,48.000000,48.000000,0.000000,0.000000,0
neos-1354092,config16,3,FOUND INTEGER FEASIBLE,8.451646,44.275914,10,12,0,0,47.000000,47.000000,0.000000,0.000000,0
neos-1354092,config17,1,FOUND INTEGER FEASIBLE,8.902229,28.819967,6,12,0,0,53.000000,53.000000,0.000000,0.000000,0
neos-1354092,config17,2,FOUND INTEGER FEASIBLE,8.888240,29.150671,5,12,0,0,50.000000,50.000000,0.000000,0.000000,0
neos-1354092,config17,3,FOUND INTEGER FEASIBLE,8.892190,28.285378,5,12,0,0,52.000000,52.000000,0.000000,0.000000,0
neos-1354092,config21,1,FOUND INTEGER FEASIBLE,1.995884,25.242381,12,12,2,2,59.000000,59.000000,0.000000,0.000000,0
neos-1354092,config21,2,FOUND INTEGER FEASIBLE,2.505908,25.475549,9,12,2,2,59.000000,59.000000,0.000000,0.000000,0
neos-1354092,config21,3,FOUND INTEGER FEASIBLE,2.506392,17.236963,4,12,2,2,59.000000,59.000000,0.000000,0.000000,0
neos-1354092,config23,1,FOUND INTEGER FEASIBLE,2.517776,21.494754,5,12,2,2,53.000000,53.000000,0.000000,0.000000,0
neos-1354092,config23,2,FOUND INTEGER FEASIBLE,2.524257,19.628382,4,12,2,2,56.000000,56.000000,0.000000,0.000000,0
neos-1354092,config23,3,FOUND INTEGER FEASIBLE,2.515839,20.247017,4,12,2,2,54.000000,54.000000,0.000000,0.000000,0
neos-1354092,config19,1,FOUND INTEGER FEASIBLE,0.000000,98.564458,0,0,-1,-1,56.000000,56.000000,0.000000,0.000000,0
neos-1354092,config19,2,FOUND INTEGER FEASIBLE,0.000000,98.495422,0,0,-1,-1,56.000000,56.000000,0.000000,0.000000,0
neos-1354092,config19,3,FOUND INTEGER FEASIBLE,0.000000,98.554014,0,0,-1,-1,56.000000,56.000000,0.000000,0.000000,0
neos-1354092,config18,1,FOUND INTEGER FEASIBLE,0.000000,2148.810953,0,0,-1,-1,56.000000,56.000000,0.000000,0.000000,0
neos-1354092,config18,2,FOUND INTEGER FEASIBLE,0.000000,2246.099527,0,0,-1,-1,56.000000,56.000000,0.000000,0.000000,0
neos-1354092,config18,3,FOUND INTEGER FEASIBLE,0.000000,3076.051312,0,0,-1,-1,56.000000,56.000000,0.000000,0.000000,0
neos-1445765,config1,1,FOUND INTEGER FEASIBLE,0.000000,1.745322,3,0,-1,-1,-11582.000000,-11582.000000,0.000000,0.000000,0
neos-1445765,config1,2,FOUND INTEGER FEASIBLE,0.000000,2.319834,17,0,-1,-1,-10659.000000,-10659.000000,0.000000,0.000000,0
neos-1445765,config1,3,FOUND INTEGER FEASIBLE,0.000000,2.183915,3,0,-1,-1,-11582.000000,-11582.000000,0.000000,0.000000,0
neos-1445765,config3,1,FOUND INTEGER FEASIBLE,0.000000,0.124257,0,0,-1,-1,0.000000,0.000000,0.000000,0.000000,0
neos-1445765,config3,2,FOUND INTEGER FEASIBLE,0.000000,0.086836,0,0,-1,-1,0.000000,0.000000,0.000000,0.000000,0
neos-1445765,config3,3,FOUND INTEGER FEASIBLE,0.000000,0.123881,0,0,-1,-1,0.000000,0.000000,0.000000,0.000000,0
neos-1445765,config20,1,FOUND INTEGER FEASIBLE,0.000000,3.117819,4,0,-1,-1,-12585.000000,-12585.000000,0.000000,0.000000,0
neos-1445765,config20,2,FOUND INTEGER FEASIBLE,0.000000,3.452609,3,0,-1,-1,-11711.000000,-11711.000000,0.000000,0.000000,0
neos-1445765,config20,3,FOUND INTEGER FEASIBLE,0.000000,3.511804,4,0,-1,-1,-12858.000000,-12858.000000,0.000000,0.000000,0
neos-1445765,config16,1,FOUND INTEGER FEASIBLE,3.275507,3.405282,0,13,0,0,0.000000,0.000000,0.000000,0.000000,0
neos-1445765,config16,2,FOUND INTEGER FEASIBLE,3.238661,3.363565,0,13,0,0,0.000000,0.000000,0.000000,0.000000,0
neos-1445765,config16,3,FOUND INTEGER FEASIBLE,3.244695,3.366875,0,13,0,0,0.000000,0.000000,0.000000,0.000000,0
neos-1445765,config17,1,FOUND INTEGER FEASIBLE,0.004826,0.086356,0,0,0,0,0.000000,0.000000,0.000000,0.000000,0
neos-1445765,config17,2,FOUND INTEGER FEASIBLE,0.009459,0.172145,0,0,0,0,0.000000,0.000000,0.000000,0.000000,0
neos-1445765,config17,3,FOUND INTEGER FEASIBLE,0.005293,0.099191,0,0,0,0,0.000000,0.000000,0.000000,0.000000,0
neos-1445765,config21,1,FOUND INTEGER FEASIBLE,3.325568,3.447125,0,13,0,0,-63.000000,-63.000000,0.000000,0.000000,0
neos-1445765,config21,2,FOUND INTEGER FEASIBLE,3.319757,3.444309,0,13,0,0,-63.000000,-63.000000,0.000000,0.000000,0
neos-1445765,config21,3,FOUND INTEGER FEASIBLE,3.313990,3.435782,0,13,0,0,-63.000000,-63.000000,0.000000,0.000000,0
neos-1445765,config23,1,FOUND INTEGER FEASIBLE,3.312511,3.435440,0,13,0,0,0.000000,0.000000,0.000000,0.000000,0
neos-1445765,config23,2,FOUND INTEGER FEASIBLE,3.315233,3.439701,0,13,0,0,0.000000,0.000000,0.000000,0.000000,0
neos-1445765,config23,3,FOUND INTEGER FEASIBLE,3.318302,3.439524,0,13,0,0,0.000000,0.000000,0.000000,0.000000,0
neos-1445765,config19,1,FOUND INTEGER FEASIBLE,0.000000,0.021765,0,0,-1,-1,0.000000,0.000000,0.000000,0.000000,0
neos-1445765,config19,2,FOUND INTEGER FEASIBLE,0.000000,0.017261,0,0,-1,-1,0.000000,0.000000,0.000000,0.000000,0
neos-1445765,config19,3,FOUND INTEGER FEASIBLE,0.000000,0.016342,0,0,-1,-1,0.000000,0.000000,0.000000,0.000000,0
neos-1445765,config18,1,FOUND INTEGER FEASIBLE,0.000000,0.035134,0,0,-1,-1,0.000000,0.000000,0.000000,0.000000,0
neos-1445765,config18,2,FOUND INTEGER FEASIBLE,0.000000,0.017690,0,0,-1,-1,0.000000,0.000000,0.000000,0.000000,0
neos-1445765,config18,3,FOUND INTEGER FEASIBLE,0.000000,0.013479,0,0,-1,-1,0.000000,0.000000,0.000000,0.000000,0
neos-1456979,config1,1,FOUND INTEGER FEASIBLE,0.000000,40.732749,613,0,-1,-1,491.000000,491.000000,0.000000,0.000000,0
neos-1456979,config1,2,FOUND INTEGER FEASIBLE,0.000000,45.700455,675,0,-1,-1,438.000000,438.000000,0.000000,0.000000,0
neos-1456979,config1,3,FOUND INTEGER FEASIBLE,0.000000,3.213983,34,0,-1,-1,417.000000,417.000000,0.000000,0.000000,0
neos-1456979,config3,1,FOUND INTEGER FEASIBLE,0.000000,5.003779,77,0,-1,-1,447.000000,447.000000,0.000000,0.000000,0
neos-1456979,config3,2,FOUND INTEGER FEASIBLE,0.000000,11.246567,121,0,-1,-1,425.000000,425.000000,0.000000,0.000000,0
neos-1456979,config3,3,FOUND INTEGER FEASIBLE,0.000000,4.588608,47,0,-1,-1,515.000000,515.000000,0.000000,0.000000,0
neos-1456979,config20,1,FOUND INTEGER FEASIBLE,0.000000,2.591601,29,0,-1,-1,455.000000,455.000000,0.000000,0.000000,0
neos-1456979,config20,2,FOUND INTEGER FEASIBLE,0.000000,23.951876,502,0,-1,-1,445.000000,445.000000,0.000000,0.000000,0
neos-1456979,config20,3,FOUND INTEGER FEASIBLE,0.000000,5.454087,86,0,-1,-1,433.000000,433.000000,0.000000,0.000000,0
neos-1456979,config16,1,FOUND INTEGER FEASIBLE,0.061717,4.826553,67,9,1,1,378.000000,378.000000,0.000000,0.000000,0
neos-1456979,config16,2,FOUND INTEGER FEASIBLE,0.122351,3.518287,26,9,1,1,401.000000,401.000000,0.000000,0.000000,0
neos-1456979,config16,3,FOUND INTEGER FEASIBLE,0.122821,5.600270,63,9,1,1,486.000000,486.000000,0.000000,0.000000,0
neos-1456979,config17,1,FOUND INTEGER FEASIBLE,0.274295,22.774941,148,6,1,0,404.000000,404.000000,0.000000,0.000000,0
neos-1456979,config17,2,FOUND INTEGER FEASIBLE,0.281297,21.250121,191,6,1,0,447.000000,447.000000,0.000000,0.000000,0
neos-1456979,config17,3,FOUND INTEGER FEASIBLE,0.274360,27.188322,189,6,1,0,494.000000,494.000000,0.000000,0.000000,0
neos-1456979,config21,1,FOUND INTEGER FEASIBLE,0.230150,67.569909,1030,8,8,0,444.000000,444.000000,0.000000,0.000000,0
neos-1456979,config21,2,FOUND INTEGER FEASIBLE,0.237261,44.768216,890,8,8,0,463.000000,463.000000,0.000000,0.000000,0
neos-1456979,config21,3,FOUND INTEGER FEASIBLE,0.230291,20.461108,339,8,2,0,479.000000,479.000000,0.000000,0.000000,0
neos-1456979,config23,1,FOUND INTEGER FEASIBLE,0.231987,21.782662,339,8,3,0,447.000000,447.000000,0.000000,0.000000,0
neos-1456979,config23,2,FOUND INTEGER FEASIBLE,0.229931,15.560365,127,8,0,0,495.000000,495.000000,0.000000,0.000000,0
neos-1456979,config23,3,FOUND INTEGER FEASIBLE,0.230018,33.123771,478,8,5,0,491.000000,491.000000,0.000000,0.000000,0
neos-1456979,config19,1,FOUND INTEGER FEASIBLE,0.000000,75.331625,0,0,-1,-1,562.000000,562.000000,0.000000,0.000000,0
neos-1456979,config19,2,FOUND INTEGER FEASIBLE,0.000000,76.470554,0,0,-1,-1,562.000000,562.000000,0.000000,0.000000,0
neos-1456979,config19,3,FOUND INTEGER FEASIBLE,0.000000,74.320527,0,0,-1,-1,562.000000,562.000000,0.000000,0.000000,0
neos-1456979,config18,1,FOUND INTEGER FEASIBLE,0.000000,2.706860,0,0,-1,-1,261.000000,261.000000,0.000000,0.000000,0
neos-1456979,config18,2,FOUND INTEGER FEASIBLE,0.000000,3.708452,0,0,-1,-1,261.000000,261.000000,0.000000,0.000000,0
neos-1456979,config18,3,FOUND INTEGER FEASIBLE,0.000000,3.706616,0,0,-1,-1,261.000000,261.000000,0.000000,0.000000,0
neos-1582420,config1,1,FOUND INTEGER FEASIBLE,0.000000,0.830563,78,0,-1,-1,188.000000,188.000000,0.000000,0.000000,0
neos-1582420,config1,2,FOUND INTEGER FEASIBLE,0.000000,3.362915,204,0,-1,-1,217.000000,217.000000,0.000000,0.000000,0
neos-1582420,config1,3,FOUND INTEGER FEASIBLE,0.000000,3.155259,232,0,-1,-1,220.000000,220.000000,0.000000,0.000000,0
neos-1582420,config3,1,FOUND INTEGER FEASIBLE,0.000000,1.603192,107,0,-1,-1,227.000000,227.000000,0.000000,0.000000,0
neos-1582420,config3,2,FOUND INTEGER FEASIBLE,0.000000,0.744842,23,0,-1,-1,248.000000,248.000000,0.000000,0.000000,0
neos-1582420,config3,3,FOUND INTEGER FEASIBLE,0.000000,1.028348,40,0,-1,-1,217.000000,217.000000,0.000000,0.000000,0
neos-1582420,config20,1,FOUND INTEGER FEASIBLE,0.000000,1.129022,50,0,-1,-1,236.000000,236.000000,0.000000,0.000000,0
neos-1582420,config20,2,FOUND INTEGER FEASIBLE,0.000000,1.077746,46,0,-1,-1,266.000000,266.000000,0.000000,0.000000,0
neos-1582420,config20,3,FOUND INTEGER FEASIBLE,0.000000,2.599321,133,0,-1,-1,241.000000,241.000000,0.000000,0.000000,0
neos-1582420,config16,1,FOUND INTEGER FEASIBLE,0.327769,1.324934,122,12,1,0,178.000000,178.000000,0.000000,0.000000,0
neos-1582420,config16,2,FOUND INTEGER FEASIBLE,0.326906,1.087917,111,12,1,0,173.000000,173.000000,0.000000,0.000000,0
neos-1582420,config16,3,FOUND INTEGER FEASIBLE,0.326392,7.879223,758,12,12,0,208.000000,208.000000,0.000000,0.000000,0
neos-1582420,config17,1,FOUND INTEGER FEASIBLE,0.294716,4.519718,339,10,4,0,228.000000,228.000000,0.000000,0.000000,0
neos-1582420,config17,2,FOUND INTEGER FEASIBLE,0.292186,1.238246,31,10,0,0,222.000000,222.000000,0.000000,0.000000,0
neos-1582420,config17,3,FOUND INTEGER FEASIBLE,0.291531,0.852663,20,10,0,0,213.000000,213.000000,0.000000,0.000000,0
neos-1582420,config21,1,FOUND INTEGER FEASIBLE,0.874659,5.492494,260,7,2,0,248.000000,248.000000,0.000000,0.000000,0
neos-1582420,config21,2,FOUND INTEGER FEASIBLE,0.872012,2.243343,49,7,0,0,273.000000,273.000000,0.000000,0.000000,0
neos-1582420,config21,3,FOUND INTEGER FEASIBLE,0.872864,6.216726,444,7,7,0,234.000000,234.000000,0.000000,0.000000,0
neos-1582420,config23,1,FOUND INTEGER FEASIBLE,0.877471,1.317247,27,7,0,0,226.000000,226.000000,0.000000,0.000000,0
neos-1582420,config23,2,FOUND INTEGER FEASIBLE,0.872861,1.983840,63,7,0,0,186.000000,186.000000,0.000000,0.000000,0
neos-1582420,config23,3,FOUND INTEGER FEASIBLE,0.872703,3.188762,133,7,1,0,245.000000,245.000000,0.000000,0.800000,0
neos-1582420,config19,1,FOUND INTEGER FEASIBLE,0.000000,3.360825,0,0,-1,-1,107.000000,107.000000,0.000000,0.000000,0
neos-1582420,config19,2,FOUND INTEGER FEASIBLE,0.000000,3.361810,0,0,-1,-1,107.000000,107.000000,0.000000,0.000000,0
neos-1582420,config19,3,FOUND INTEGER FEASIBLE,0.000000,3.361390,0,0,-1,-1,107.000000,107.000000,0.000000,0.000000,0
neos-1582420,config18,1,FOUND INTEGER FEASIBLE,0.000000,1.832132,0,0,-1,-1,95.000000,95.000000,0.000000,0.000000,0
neos-1582420,config18,2,FOUND INTEGER FEASIBLE,0.000000,1.825587,0,0,-1,-1,95.000000,95.000000,0.000000,0.000000,0
neos-1582420,config18,3,FOUND INTEGER FEASIBLE,0.000000,1.048539,0,0,-1,-1,95.000000,95.000000,0.000000,0.000000,0
neos17,config1,1,FOUND INTEGER FEASIBLE,0.000000,0.048892,3,0,-1,-1,0.530273,0.530273,0.000000,0.000000,0
neos17,config1,2,FOUND INTEGER FEASIBLE,0.000000,0.049378,3,0,-1,-1,0.530273,0.530273,0.000000,0.000000,0
neos17,config1,3,FOUND INTEGER FEASIBLE,0.000000,0.047226,2,0,-1,-1,0.530273,0.530273,0.000000,0.000000,0
neos17,config3,1,FOUND INTEGER FEASIBLE,0.000000,0.034890,3,0,-1,-1,0.919620,0.530273,0.000000,0.000000,0
neos17,config3,2,FOUND INTEGER FEASIBLE,0.000000,0.033322,3,0,-1,-1,0.919620,0.530273,0.000000,0.000000,0
neos17,config3,3,FOUND INTEGER FEASIBLE,0.000000,0.032679,2,0,-1,-1,0.919620,0.530273,0.000000,0.000000,0
neos17,config20,1,FOUND INTEGER FEASIBLE,0.000000,0.030783,0,0,-1,-1,1.664720,1.274855,0.000000,0.000000,0
neos17,config20,2,FOUND INTEGER FEASIBLE,0.000000,0.019147,0,0,-1,-1,1.664720,1.274855,0.000000,0.000000,0
neos17,config20,3,FOUND INTEGER FEASIBLE,0.000000,0.017636,0,0,-1,-1,1.664720,1.274855,0.000000,0.000000,0
neos17,config16,1,FOUND INTEGER FEASIBLE,0.049930,0.100577,5,4,0,0,0.266657,0.254400,0.000000,0.000000,0
neos17,config16,2,FOUND INTEGER FEASIBLE,0.049750,0.093974,5,4,0,0,0.256924,0.254356,0.000000,0.000000,0
neos17,config16,3,FOUND INTEGER FEASIBLE,0.030287,0.061391,4,4,0,0,0.264000,0.253497,0.000000,0.000000,0
neos17,config17,1,FOUND INTEGER FEASIBLE,0.012888,0.045021,2,1,0,0,0.850740,0.462021,0.000000,0.000000,0
neos17,config17,2,FOUND INTEGER FEASIBLE,0.008553,0.032313,2,1,0,0,0.850740,0.462021,0.000000,0.000000,0
neos17,config17,3,FOUND INTEGER FEASIBLE,0.012866,0.045286,2,1,0,0,0.850740,0.462021,0.000000,0.000000,0
neos17,config21,1,FOUND INTEGER FEASIBLE,0.002829,0.027982,0,0,0,0,1.664720,1.274855,0.000000,0.000000,0
neos17,config21,2,FOUND INTEGER FEASIBLE,0.002728,0.025331,0,0,0,0,1.664720,1.274855,0.000000,0.000000,0
neos17,config21,3,FOUND INTEGER FEASIBLE,0.002670,0.025256,0,0,0,0,1.664720,1.274855,0.000000,0.000000,0
neos17,config23,1,FOUND INTEGER FEASIBLE,0.002744,0.033999,3,0,0,0,0.919620,0.530273,0.000000,0.000000,0
neos17,config23,2,FOUND INTEGER FEASIBLE,0.002688,0.034264,3,0,0,0,0.919620,0.530273,0.000000,0.000000,0
neos17,config23,3,FOUND INTEGER FEASIBLE,0.002676,0.033080,2,0,0,0,0.919620,0.530273,0.000000,0.000000,0
neos17,config19,1,FOUND INTEGER FEASIBLE,0.000000,0.032876,0,0,-1,-1,1.664720,1.274855,0.000000,0.000000,0
neos17,config19,2,FOUND INTEGER FEASIBLE,0.000000,0.021582,0,0,-1,-1,1.664720,1.274855,0.000000,0.000000,0
neos17,config19,3,FOUND INTEGER FEASIBLE,0.000000,0.021171,0,0,-1,-1,1.664720,1.274855,0.000000,0.000000,0
neos17,config18,1,FOUND INTEGER FEASIBLE,0.000000,0.025300,0,0,-1,-1,1.664720,1.274855,0.000000,0.000000,0
neos17,config18,2,FOUND INTEGER FEASIBLE,0.000000,0.021213,0,0,-1,-1,1.664720,1.274855,0.000000,0.000000,0
neos17,config18,3,FOUND INTEGER FEASIBLE,0.000000,0.021111,0,0,-1,-1,1.664720,1.274855,0.000000,0.000000,0
neos-2657525-crna,config1,1,FOUND INTEGER FEASIBLE,0.000000,1.649211,777,0,-1,-1,22.361032,22.361032,0.000000,0.000000,0
neos-2657525-crna,config1,2,FOUND INTEGER FEASIBLE,0.000000,0.644471,292,0,-1,-1,29.472417,29.472417,0.000000,0.000000,0
neos-2657525-crna,config1,3,FOUND INTEGER FEASIBLE,0.000000,0.413842,190,0,-1,-1,26.862524,26.862524,0.000000,0.000000,0
neos-2657525-crna,config3,1,FOUND INTEGER FEASIBLE,0.000000,0.033546,12,0,-1,-1,60.855833,60.855833,0.000000,0.000000,0
neos-2657525-crna,config3,2,FOUND INTEGER FEASIBLE,0.000000,2.532341,1949,0,-1,-1,26.579974,26.579974,0.000000,0.000000,0
neos-2657525-crna,config3,3,FOUND INTEGER FEASIBLE,0.000000,1.495218,734,0,-1,-1,28.312716,28.312716,0.000000,0.000000,0
neos-2657525-crna,config20,1,FOUND INTEGER FEASIBLE,0.000000,3.127646,1592,0,-1,-1,21.651352,21.651352,0.000000,0.000000,0
neos-2657525-crna,config20,2,FOUND INTEGER FEASIBLE,0.000000,3.242276,1154,0,-1,-1,26.435060,26.435060,0.000000,0.000000,0
neos-2657525-crna,config20,3,FOUND INTEGER FEASIBLE,0.000000,0.399889,102,0,-1,-1,29.720111,29.720110,0.000000,0.000000,0
neos-2657525-crna,config16,1,FOUND INTEGER FEASIBLE,0.014756,0.054542,15,6,0,0,25.292832,25.292832,0.000000,0.000000,0
neos-2657525-crna,config16,2,FOUND INTEGER FEASIBLE,0.007601,0.027113,7,6,0,0,21.851376,21.851376,0.000000,0.000000,0
neos-2657525-crna,config16,3,FOUND INTEGER FEASIBLE,0.014902,0.116808,50,6,0,0,23.663497,23.663497,0.000000,0.000000,0
neos-2657525-crna,config17,1,FOUND INTEGER FEASIBLE,0.002362,1.350230,1262,5,5,0,27.932328,27.932328,0.000000,0.000000,0
neos-2657525-crna,config17,2,FOUND INTEGER FEASIBLE,0.004324,0.664074,327,5,5,0,37.831645,37.831645,0.000000,0.000000,0
neos-2657525-crna,config17,3,FOUND INTEGER FEASIBLE,0.004331,1.254571,616,5,5,0,24.772850,24.772850,0.000000,0.000000,0
neos-2657525-crna,config21,1,FOUND INTEGER FEASIBLE,0.013568,0.339786,166,8,4,2,45.439503,45.439503,0.000000,0.000000,0
neos-2657525-crna,config21,2,FOUND INTEGER FEASIBLE,0.013551,0.680175,326,8,7,2,42.891932,42.891932,0.000000,0.000000,0
neos-2657525-crna,config21,3,FOUND INTEGER FEASIBLE,0.013730,2.724083,1789,8,8,2,25.800531,25.800531,0.000000,0.000000,0
neos-2657525-crna,config23,1,FOUND INTEGER FEASIBLE,0.006945,0.033088,26,8,2,2,42.509743,42.509743,0.000000,0.000000,0
neos-2657525-crna,config23,2,FOUND INTEGER FEASIBLE,0.013581,0.038977,7,8,2,2,58.030379,58.030379,0.000000,0.000000,0
neos-2657525-crna,config23,3,FOUND INTEGER FEASIBLE,0.007209,0.043412,30,8,2,2,45.084904,45.084904,0.000000,0.000000,0
neos-2657525-crna,config19,1,FOUND INTEGER FEASIBLE,0.000000,2.986410,0,0,-1,-1,44.182574,44.182574,0.000000,0.000000,0
neos-2657525-crna,config19,2,FOUND INTEGER FEASIBLE,0.000000,2.960432,0,0,-1,-1,44.182574,44.182574,0.000000,0.000000,0
neos-2657525-crna,config19,3,FOUND INTEGER FEASIBLE,0.000000,2.961191,0,0,-1,-1,44.182574,44.182574,0.000000,0.000000,0
neos-2657525-crna,config18,1,FOUND INTEGER FEASIBLE,0.000000,0.750957,0,0,-1,-1,7.230532,7.230532,0.000000,0.000000,0
neos-2657525-crna,config18,2,FOUND INTEGER FEASIBLE,0.000000,0.747739,0,0,-1,-1,7.230532,7.230532,0.000000,0.000000,0
neos-2657525-crna,config18,3,FOUND INTEGER FEASIBLE,0.000000,0.658374,0,0,-1,-1,7.230532,7.230532,0.000000,0.000000,0
neos-2746589-doon,config1,1,FAILED TO FIND AN INTEGER FEASIBLE SOLUTION,0.000000,925.287062,12000,0,-1,-1,0.000000,0.000000,7.924342,5.208121,162
neos-2746589-doon,config1,2,FAILED TO FIND AN INTEGER FEASIBLE SOLUTION,0.000000,924.174375,12000,0,-1,-1,0.000000,0.000000,8.493687,5.588084,161
neos-2746589-doon,config1,3,FAILED TO FIND AN INTEGER FEASIBLE SOLUTION,0.000000,952.136872,12000,0,-1,-1,0.000000,0.000000,7.957814,5.246248,159
neos-2746589-doon,config3,1,FAILED TO FIND AN INTEGER FEASIBLE SOLUTION,0.000000,917.860263,12000,0,-1,-1,0.000000,0.000000,8.466871,5.890987,161
neos-2746589-doon,config3,2,FAILED TO FIND AN INTEGER FEASIBLE SOLUTION,0.000000,919.679610,12000,0,-1,-1,0.000000,0.000000,8.282998,5.376012,158
neos-2746589-doon,config3,3,FAILED TO FIND AN INTEGER FEASIBLE SOLUTION,0.000000,922.711008,12000,0,-1,-1,0.000000,0.000000,8.701986,5.677168,160
neos-2746589-doon,config20,1,FAILED TO FIND AN INTEGER FEASIBLE SOLUTION,0.000000,1578.999330,12000,0,-1,-1,0.000000,0.000000,8.711351,5.635478,163
neos-2746589-doon,config20,2,FAILED TO FIND AN INTEGER FEASIBLE SOLUTION,0.000000,1552.280354,12000,0,-1,-1,0.000000,0.000000,9.223366,5.891252,159
neos-2746589-doon,config20,3,FAILED TO FIND AN INTEGER FEASIBLE SOLUTION,0.000000,1576.607331,12000,0,-1,-1,0.000000,0.000000,8.114363,5.277530,164
neos-2746589-doon,config16,1,FOUND INTEGER FEASIBLE,0.541063,240.414005,440,11,5,0,2323.100000,2323.100000,0.000000,0.000000,0
neos-2746589-doon,config16,2,FOUND INTEGER FEASIBLE,0.561566,273.925892,562,11,6,0,2169.300000,2169.300000,0.000000,0.000000,0
neos-2746589-doon,config16,3,FOUND INTEGER FEASIBLE,0.559206,460.914828,972,11,11,0,3058.700000,3058.700000,0.000000,0.000000,0
neos-2746589-doon,config17,1,FAILED TO FIND AN INTEGER FEASIBLE SOLUTION,0.565926,3600,10826,12,12,0,0.000000,0.000000,2.208179,2.010130,19
neos-2746589-doon,config17,2,FAILED TO FIND AN INTEGER FEASIBLE SOLUTION,0.965167,3600,11276,12,12,0,0.000000,0.000000,4.377142,4.105311,32
neos-2746589-doon,config17,3,FAILED TO FIND AN INTEGER FEASIBLE SOLUTION,0.960484,3600,11140,12,12,0,0.000000,0.000000,2.351014,2.351014,15
neos-2746589-doon,config21,1,FOUND INTEGER FEASIBLE,0.338337,109.321978,189,9,3,1,4341.200000,4341.200000,0.000000,0.000000,0
neos-2746589-doon,config21,2,FOUND INTEGER FEASIBLE,0.172153,350.611304,596,9,7,1,4296.700000,4296.700000,0.000000,0.000000,0
neos-2746589-doon,config21,3,FAILED TO FIND AN INTEGER FEASIBLE SOLUTION,0.329040,3600,11143,9,9,1,0.000000,0.000000,3.274952,5.277571,27
neos-2746589-doon,config23,1,FOUND INTEGER FEASIBLE,0.307621,347.263971,559,9,6,1,4157.900000,4157.900000,0.000000,0.000000,0
neos-2746589-doon,config23,2,FOUND INTEGER FEASIBLE,0.326545,217.190635,379,9,5,1,4163.100000,4163.100000,0.000000,0.000000,0
neos-2746589-doon,config23,3,FOUND INTEGER FEASIBLE,0.325072,349.816036,522,9,7,1,4138.500000,4138.500000,0.000000,0.000000,0
neos-2746589-doon,config19,1,FOUND INTEGER FEASIBLE,0.000000,124.091039,0,0,-1,-1,2018.800000,2018.800000,0.000000,0.000000,0
neos-2746589-doon,config19,2,FOUND INTEGER FEASIBLE,0.000000,123.766434,0,0,-1,-1,2018.800000,2018.800000,0.000000,0.000000,0
neos-2746589-doon,config19,3,FOUND INTEGER FEASIBLE,0.000000,124.405755,0,0,-1,-1,2018.800000,2018.800000,0.000000,0.000000,0
neos-2746589-doon,config18,1,FOUND INTEGER FEASIBLE,0.000000,371.588479,0,0,-1,-1,2017.400000,2017.400000,0.000000,0.000000,0
neos-2746589-doon,config18,2,FOUND INTEGER FEASIBLE,0.000000,373.046794,0,0,-1,-1,2017.400000,2017.400000,0.000000,0.000000,0
neos-2746589-doon,config18,3,FOUND INTEGER FEASIBLE,0.000000,372.711176,0,0,-1,-1,2017.400000,2017.400000,0.000000,0.000000,0
neos-2978193-inde,config1,1,FOUND INTEGER FEASIBLE,0.000000,0.239108,1,0,-1,-1,9.559005,-1.447553,0.000000,0.000000,0
neos-2978193-inde,config1,2,FOUND INTEGER FEASIBLE,0.000000,0.238209,1,0,-1,-1,9.774145,-1.433573,0.000000,0.000000,0
neos-2978193-inde,config1,3,FOUND INTEGER FEASIBLE,0.000000,0.239743,1,0,-1,-1,11.436821,-2.118459,0.000000,0.000000,0
neos-2978193-inde,config3,1,FOUND INTEGER FEASIBLE,0.000000,0.271162,1,0,-1,-1,57.762800,4.279986,0.000000,0.000000,0
neos-2978193-inde,config3,2,FOUND INTEGER FEASIBLE,0.000000,0.274980,1,0,-1,-1,59.393412,5.372305,0.000000,0.000000,0
neos-2978193-inde,config3,3,FOUND INTEGER FEASIBLE,0.000000,0.266513,1,0,-1,-1,59.276004,5.705214,0.000000,0.000000,0
neos-2978193-inde,config20,1,FOUND INTEGER FEASIBLE,0.000000,0.283150,1,0,-1,-1,57.762800,4.279986,0.000000,0.000000,0
neos-2978193-inde,config20,2,FOUND INTEGER FEASIBLE,0.000000,0.211551,1,0,-1,-1,59.393412,5.372305,0.000000,0.000000,0
neos-2978193-inde,config20,3,FOUND INTEGER FEASIBLE,0.000000,0.276981,1,0,-1,-1,59.276004,5.705214,0.000000,0.000000,0
neos-2978193-inde,config16,1,FOUND INTEGER FEASIBLE,0.409761,0.580223,0,2,0,0,0.801864,0.801864,0.000000,0.000000,0
neos-2978193-inde,config16,2,FOUND INTEGER FEASIBLE,0.409789,0.572900,0,2,0,0,0.801864,0.801864,0.000000,0.000000,0
neos-2978193-inde,config16,3,FOUND INTEGER FEASIBLE,0.409818,0.574155,0,2,0,0,0.801864,0.801864,0.000000,0.000000,0
neos-2978193-inde,config17,1,FOUND INTEGER FEASIBLE,0.199210,0.532002,1,1,0,0,53.313068,3.584738,0.000000,0.000000,0
neos-2978193-inde,config17,2,FOUND INTEGER FEASIBLE,0.199095,0.532839,1,1,0,0,57.404131,3.479307,0.000000,0.000000,0
neos-2978193-inde,config17,3,FOUND INTEGER FEASIBLE,0.199022,0.533571,1,1,0,0,52.646543,3.532775,0.000000,0.000000,0
neos-2978193-inde,config21,1,FOUND INTEGER FEASIBLE,0.199653,0.533801,1,1,0,0,53.313068,3.584738,0.000000,0.000000,0
neos-2978193-inde,config21,2,FOUND INTEGER FEASIBLE,0.199375,0.534781,1,1,0,0,57.404131,3.479307,0.000000,0.000000,0
neos-2978193-inde,config21,3,FOUND INTEGER FEASIBLE,0.200200,0.534825,1,1,0,0,52.646543,3.532775,0.000000,0.000000,0
neos-2978193-inde,config23,1,FOUND INTEGER FEASIBLE,0.199949,0.538613,1,1,0,0,53.313068,3.584738,0.000000,0.000000,0
neos-2978193-inde,config23,2,FOUND INTEGER FEASIBLE,0.199292,0.534913,1,1,0,0,57.404131,3.479307,0.000000,0.000000,0
neos-2978193-inde,config23,3,FOUND INTEGER FEASIBLE,0.199477,0.536676,1,1,0,0,52.646543,3.532775,0.000000,0.000000,0
neos-2978193-inde,config19,1,FOUND INTEGER FEASIBLE,0.000000,0.298738,0,0,-1,-1,-1.044868,-1.044868,0.000000,0.000000,0
neos-2978193-inde,config19,2,FOUND INTEGER FEASIBLE,0.000000,0.287100,0,0,-1,-1,-1.044868,-1.044868,0.000000,0.000000,0
neos-2978193-inde,config19,3,FOUND INTEGER FEASIBLE,0.000000,0.286526,0,0,-1,-1,-1.044868,-1.044868,0.000000,0.000000,0
neos-2978193-inde,config18,1,FOUND INTEGER FEASIBLE,0.000000,0.297888,0,0,-1,-1,-1.044868,-1.044868,0.000000,0.000000,0
neos-2978193-inde,config18,2,FOUND INTEGER FEASIBLE,0.000000,0.282816,0,0,-1,-1,-1.044868,-1.044868,0.000000,0.000000,0
neos-2978193-inde,config18,3,FOUND INTEGER FEASIBLE,0.000000,0.288763,0,0,-1,-1,-1.044868,-1.044868,0.000000,0.000000,0
neos-2987310-joes,config1,1,FOUND INTEGER FEASIBLE,0.000000,3.260645,5,0,-1,-1,-602519763.697595,-603541387.613605,0.000000,0.000000,0
neos-2987310-joes,config1,2,FOUND INTEGER FEASIBLE,0.000000,5.668994,17,0,-1,-1,-603982863.533755,-603982863.533755,0.000000,0.000000,0
neos-2987310-joes,config1,3,FOUND INTEGER FEASIBLE,0.000000,4.998693,15,0,-1,-1,-587719979.024785,-603078273.151785,0.000000,0.000000,0
neos-2987310-joes,config3,1,FOUND INTEGER FEASIBLE,0.000000,1.707292,0,0,-1,-1,0.000000,-222862.316883,0.000000,0.000000,0
neos-2987310-joes,config3,2,FOUND INTEGER FEASIBLE,0.000000,1.688505,0,0,-1,-1,0.000000,-222862.316883,0.000000,0.000000,0
neos-2987310-joes,config3,3,FOUND INTEGER FEASIBLE,0.000000,1.686389,0,0,-1,-1,0.000000,-222862.316883,0.000000,0.000000,0
neos-2987310-joes,config20,1,FOUND INTEGER FEASIBLE,0.000000,3.777489,19,0,-1,-1,-583306239.357529,-585119875.072455,0.000000,0.000000,0
neos-2987310-joes,config20,2,FOUND INTEGER FEASIBLE,0.000000,3.631080,18,0,-1,-1,-589768231.577842,-591845850.089932,0.000000,0.000000,0
neos-2987310-joes,config20,3,FOUND INTEGER FEASIBLE,0.000000,2.946088,10,0,-1,-1,-571797589.991425,-580038343.247975,0.000000,0.000000,0
neos-2987310-joes,config16,1,FOUND INTEGER FEASIBLE,2.325059,3.202528,2,5,0,0,-5220244.544302,-5220244.544302,0.000000,0.000000,0
neos-2987310-joes,config16,2,FOUND INTEGER FEASIBLE,2.540683,3.379191,1,5,0,0,-4720896.755562,-4720896.755562,0.000000,0.000000,0
neos-2987310-joes,config16,3,FOUND INTEGER FEASIBLE,2.521697,3.358069,2,5,0,0,-5220244.544302,-5220244.544302,0.000000,0.000000,0
neos-2987310-joes,config17,1,FOUND INTEGER FEASIBLE,0.390062,1.260444,0,1,0,0,0.000000,-222862.316883,0.000000,0.000000,0
neos-2987310-joes,config17,2,FOUND INTEGER FEASIBLE,0.390473,1.249320,0,1,0,0,0.000000,-222862.316883,0.000000,0.000000,0
neos-2987310-joes,config17,3,FOUND INTEGER FEASIBLE,0.390274,1.250827,0,1,0,0,0.000000,-222862.316883,0.000000,0.000000,0
neos-2987310-joes,config21,1,FOUND INTEGER FEASIBLE,1.286600,2.261694,0,6,0,0,0.000000,-222862.316883,0.000000,0.000000,0
neos-2987310-joes,config21,2,FOUND INTEGER FEASIBLE,1.374110,2.349843,0,6,0,0,0.000000,-222862.316883,0.000000,0.000000,0
neos-2987310-joes,config21,3,FOUND INTEGER FEASIBLE,1.344562,2.310449,0,6,0,0,0.000000,-222862.316883,0.000000,0.000000,0
neos-2987310-joes,config23,1,FOUND INTEGER FEASIBLE,1.347441,2.311724,0,6,0,0,0.000000,-222862.316883,0.000000,0.000000,0
neos-2987310-joes,config23,2,FOUND INTEGER FEASIBLE,1.345810,2.308473,0,6,0,0,0.000000,-222862.316883,0.000000,0.000000,0
neos-2987310-joes,config23,3,FOUND INTEGER FEASIBLE,1.374464,2.347546,0,6,0,0,0.000000,-222862.316883,0.000000,0.000000,0
neos-2987310-joes,config19,1,FOUND INTEGER FEASIBLE,0.000000,0.272323,0,0,-1,-1,0.000000,-222862.316883,0.000000,0.000000,0
neos-2987310-joes,config19,2,FOUND INTEGER FEASIBLE,0.000000,0.166950,0,0,-1,-1,0.000000,-222862.316883,0.000000,0.000000,0
neos-2987310-joes,config19,3,FOUND INTEGER FEASIBLE,0.000000,0.184541,0,0,-1,-1,0.000000,-222862.316883,0.000000,0.000000,0
neos-2987310-joes,config18,1,FOUND INTEGER FEASIBLE,0.000000,0.239880,0,0,-1,-1,0.000000,-222862.316883,0.000000,0.000000,0
neos-2987310-joes,config18,2,FOUND INTEGER FEASIBLE,0.000000,0.149697,0,0,-1,-1,0.000000,-222862.316883,0.000000,0.000000,0
neos-2987310-joes,config18,3,FOUND INTEGER FEASIBLE,0.000000,0.177249,0,0,-1,-1,0.000000,-222862.316883,0.000000,0.000000,0
neos-3004026-krka,config1,1,FAILED TO FIND AN INTEGER FEASIBLE SOLUTION,0.000000,157.462931,12000,0,-1,-1,0.000000,0.000000,0.923077,0.923077,12
neos-3004026-krka,config1,2,FAILED TO FIND AN INTEGER FEASIBLE SOLUTION,0.000000,168.516323,12000,0,-1,-1,0.000000,0.000000,0.307692,0.307692,4
neos-3004026-krka,config1,3,FAILED TO FIND AN INTEGER FEASIBLE SOLUTION,0.000000,157.912968,12000,0,-1,-1,0.000000,0.000000,0.307692,0.307692,4
neos-3004026-krka,config3,1,FAILED TO FIND AN INTEGER FEASIBLE SOLUTION,0.000000,140.481315,12000,0,-1,-1,0.000000,0.000000,0.615385,0.615385,8
neos-3004026-krka,config3,2,FAILED TO FIND AN INTEGER FEASIBLE SOLUTION,0.000000,140.448940,12000,0,-1,-1,0.000000,0.000000,0.461538,1.307692,6
neos-3004026-krka,config3,3,FAILED TO FIND AN INTEGER FEASIBLE SOLUTION,0.000000,142.531561,12000,0,-1,-1,0.000000,0.000000,0.461538,0.461538,6
neos-3004026-krka,config20,1,FAILED TO FIND AN INTEGER FEASIBLE SOLUTION,0.000000,436.173093,12000,0,-1,-1,0.000000,0.000000,0.923077,0.923077,12
neos-3004026-krka,config20,2,FAILED TO FIND AN INTEGER FEASIBLE SOLUTION,0.000000,490.961776,12000,0,-1,-1,0.000000,0.000000,0.307692,0.307692,4
neos-3004026-krka,config20,3,FAILED TO FIND AN INTEGER FEASIBLE SOLUTION,0.000000,425.477375,12000,0,-1,-1,0.000000,0.000000,0.307692,0.307692,4
neos-3004026-krka,config16,1,FAILED TO FIND AN INTEGER FEASIBLE SOLUTION,0.544453,154.601500,12000,1,1,0,0.000000,0.000000,0.769231,0.769231,10
neos-3004026-krka,config16,2,FAILED TO FIND AN INTEGER FEASIBLE SOLUTION,0.545219,143.795056,12000,1,1,0,0.000000,0.000000,0.769231,0.769231,10
neos-3004026-krka,config16,3,FAILED TO FIND AN INTEGER FEASIBLE SOLUTION,0.540936,149.352840,12000,1,1,0,0.000000,0.000000,2.000000,2.000000,26
neos-3004026-krka,config17,1,FAILED TO FIND AN INTEGER FEASIBLE SOLUTION,0.429212,143.931895,12000,1,1,0,0.000000,0.000000,1.538462,1.538462,20
neos-3004026-krka,config17,2,FAILED TO FIND AN INTEGER FEASIBLE SOLUTION,0.438126,148.592188,12000,1,1,0,0.000000,0.000000,0.769231,0.769231,10
neos-3004026-krka,config17,3,FAILED TO FIND AN INTEGER FEASIBLE SOLUTION,0.434951,148.213765,12000,1,1,0,0.000000,0.000000,0.615385,0.615385,8
neos-3004026-krka,config21,1,FAILED TO FIND AN INTEGER FEASIBLE SOLUTION,0.546994,156.148694,12000,1,1,0,0.000000,0.000000,0.769231,0.769231,10
neos-3004026-krka,config21,2,FAILED TO FIND AN INTEGER FEASIBLE SOLUTION,0.543226,147.948044,12000,1,1,0,0.000000,0.000000,0.461538,0.461538,6
neos-3004026-krka,config21,3,FAILED TO FIND AN INTEGER FEASIBLE SOLUTION,0.540413,170.710764,12000,1,1,0,0.000000,0.000000,0.461538,0.461538,6
neos-3004026-krka,config23,1,FAILED TO FIND AN INTEGER FEASIBLE SOLUTION,0.547046,159.571298,12000,1,1,0,0.000000,0.000000,1.015385,1.015385,10
neos-3004026-krka,config23,2,FAILED TO FIND AN INTEGER FEASIBLE SOLUTION,0.547696,149.461100,12000,1,1,0,0.000000,0.000000,0.461538,0.461538,6
neos-3004026-krka,config23,3,FAILED TO FIND AN INTEGER FEASIBLE SOLUTION,0.539548,162.088889,12000,1,1,0,0.000000,0.000000,1.384615,1.384615,16
neos-3004026-krka,config19,1,FAILED TO FIND AN INTEGER FEASIBLE SOLUTION,0.000000,3600,0,0,-1,-1,0.000000,0.000000,inf,inf,0
neos-3004026-krka,config19,2,FAILED TO FIND AN INTEGER FEASIBLE SOLUTION,0.000000,3600,0,0,-1,-1,0.000000,0.000000,inf,inf,0
neos-3004026-krka,config19,3,FAILED TO FIND AN INTEGER FEASIBLE SOLUTION,0.000000,3600,0,0,-1,-1,0.000000,0.000000,inf,inf,0
neos-3004026-krka,config18,1,FOUND INTEGER FEASIBLE,0.000000,630.923889,0,0,-1,-1,0.000000,0.000000,0.000000,0.000000,0
neos-3004026-krka,config18,2,FOUND INTEGER FEASIBLE,0.000000,628.837297,0,0,-1,-1,0.000000,0.000000,0.000000,0.000000,0
neos-3004026-krka,config18,3,FOUND INTEGER FEASIBLE,0.000000,631.878326,0,0,-1,-1,0.000000,0.000000,0.000000,0.000000,0
neos-3024952-loue,config1,1,FOUND INTEGER FEASIBLE,0.000000,12.918075,691,0,-1,-1,238788.000000,238788.000000,0.000000,0.000000,0
neos-3024952-loue,config1,2,FAILED TO FIND AN INTEGER FEASIBLE SOLUTION,0.000000,36.660406,2000,0,-1,-1,0.000000,0.000000,0.050000,0.050000,1
neos-3024952-loue,config1,3,FAILED TO FIND AN INTEGER FEASIBLE SOLUTION,0.000000,34.698049,2000,0,-1,-1,0.000000,0.000000,0.200000,0.200000,4
neos-3024952-loue,config3,1,FOUND INTEGER FEASIBLE,0.000000,10.613456,679,0,-1,-1,269208.000000,269208.000000,0.000000,0.000000,0
neos-3024952-loue,config3,2,FOUND INTEGER FEASIBLE,0.000000,9.547165,676,0,-1,-1,253141.000000,253141.000000,0.000000,0.000000,0
neos-3024952-loue,config3,3,FOUND INTEGER FEASIBLE,0.000000,4.469288,237,0,-1,-1,258222.000000,258222.000000,0.000000,0.000000,0
neos-3024952-loue,config20,1,FOUND INTEGER FEASIBLE,0.000000,19.568803,679,0,-1,-1,269208.000000,269208.000000,0.000000,0.000000,0
neos-3024952-loue,config20,2,FOUND INTEGER FEASIBLE,0.000000,18.953321,676,0,-1,-1,253141.000000,253141.000000,0.000000,0.000000,0
neos-3024952-loue,config20,3,FOUND INTEGER FEASIBLE,0.000000,7.634647,237,0,-1,-1,258222.000000,258222.000000,0.000000,0.000000,0
neos-3024952-loue,config16,1,FOUND INTEGER FEASIBLE,0.000001,11.932314,691,0,0,0,238788.000000,238788.000000,0.000000,0.000000,0
neos-3024952-loue,config16,2,FAILED TO FIND AN INTEGER FEASIBLE SOLUTION,0.000002,36.832257,2000,0,0,0,0.000000,0.000000,0.050000,0.050000,1
neos-3024952-loue,config16,3,FAILED TO FIND AN INTEGER FEASIBLE SOLUTION,0.000002,34.737367,2000,0,0,0,0.000000,0.000000,0.200000,0.200000,4
neos-3024952-loue,config17,1,FOUND INTEGER FEASIBLE,0.000002,10.678158,679,0,0,0,269208.000000,269208.000000,0.000000,0.000000,0
neos-3024952-loue,config17,2,FOUND INTEGER FEASIBLE,0.000002,9.603692,676,0,0,0,253141.000000,253141.000000,0.000000,0.000000,0
neos-3024952-loue,config17,3,FOUND INTEGER FEASIBLE,0.000001,3.475849,237,0,0,0,258222.000000,258222.000000,0.000000,0.000000,0
neos-3024952-loue,config21,1,FOUND INTEGER FEASIBLE,0.000002,10.606349,679,0,0,0,269208.000000,269208.000000,0.000000,0.000000,0
neos-3024952-loue,config21,2,FOUND INTEGER FEASIBLE,0.000002,9.610453,676,0,0,0,253141.000000,253141.000000,0.000000,0.000000,0
neos-3024952-loue,config21,3,FOUND INTEGER FEASIBLE,0.000002,4.476944,237,0,0,0,258222.000000,258222.000000,0.000000,0.000000,0
neos-3024952-loue,config23,1,FOUND INTEGER FEASIBLE,0.000002,10.701356,679,0,0,0,269208.000000,269208.000000,0.000000,0.000000,0
neos-3024952-loue,config23,2,FOUND INTEGER FEASIBLE,0.000002,9.585352,676,0,0,0,253141.000000,253141.000000,0.000000,0.000000,0
neos-3024952-loue,config23,3,FOUND INTEGER FEASIBLE,0.000001,4.495504,237,0,0,0,258222.000000,258222.000000,0.000000,0.000000,0
neos-3024952-loue,config19,1,FOUND INTEGER FEASIBLE,0.000000,5.633605,0,0,-1,-1,29621.000000,29621.000000,0.000000,0.000000,0
neos-3024952-loue,config19,2,FOUND INTEGER FEASIBLE,0.000000,6.528977,0,0,-1,-1,29621.000000,29621.000000,0.000000,0.000000,0
neos-3024952-loue,config19,3,FOUND INTEGER FEASIBLE,0.000000,6.515863,0,0,-1,-1,29621.000000,29621.000000,0.000000,0.000000,0
neos-3024952-loue,config18,1,FOUND INTEGER FEASIBLE,0.000000,4.723880,0,0,-1,-1,30661.000000,30661.000000,0.000000,0.000000,0
neos-3024952-loue,config18,2,FOUND INTEGER FEASIBLE,0.000000,5.027456,0,0,-1,-1,30661.000000,30661.000000,0.000000,0.000000,0
neos-3024952-loue,config18,3,FOUND INTEGER FEASIBLE,0.000000,5.027050,0,0,-1,-1,30661.000000,30661.000000,0.000000,0.000000,0
neos-3046615-murg,config1,1,FOUND INTEGER FEASIBLE,0.000000,0.008521,1,0,-1,-1,2129.000000,2129.000000,0.000000,0.000000,0
neos-3046615-murg,config1,2,FOUND INTEGER FEASIBLE,0.000000,0.008888,1,0,-1,-1,2129.000000,2129.000000,0.000000,0.000000,0
neos-3046615-murg,config1,3,FOUND INTEGER FEASIBLE,0.000000,0.014888,1,0,-1,-1,2129.000000,2129.000000,0.000000,0.000000,0
neos-3046615-murg,config3,1,FOUND INTEGER FEASIBLE,0.000000,0.007792,0,0,-1,-1,2129.000000,2129.000000,0.000000,0.000000,0
neos-3046615-murg,config3,2,FOUND INTEGER FEASIBLE,0.000000,0.012773,0,0,-1,-1,2129.000000,2129.000000,0.000000,0.000000,0
neos-3046615-murg,config3,3,FOUND INTEGER FEASIBLE,0.000000,0.007779,0,0,-1,-1,2129.000000,2129.000000,0.000000,0.000000,0
neos-3046615-murg,config20,1,FOUND INTEGER FEASIBLE,0.000000,0.012733,0,0,-1,-1,2435.000000,2435.000000,0.000000,0.000000,0
neos-3046615-murg,config20,2,FOUND INTEGER FEASIBLE,0.000000,0.014831,0,0,-1,-1,2435.000000,2435.000000,0.000000,0.000000,0
neos-3046615-murg,config20,3,FOUND INTEGER FEASIBLE,0.000000,0.012699,0,0,-1,-1,2435.000000,2435.000000,0.000000,0.000000,0
neos-3046615-murg,config16,1,FOUND INTEGER FEASIBLE,0.002591,0.010714,1,10,0,0,2129.000000,2129.000000,0.000000,0.000000,0
neos-3046615-murg,config16,2,FOUND INTEGER FEASIBLE,0.003596,0.014389,1,10,0,0,2129.000000,2129.000000,0.000000,0.000000,0
neos-3046615-murg,config16,3,FOUND INTEGER FEASIBLE,0.002254,0.009550,1,10,0,0,2129.000000,2129.000000,0.000000,0.000000,0
neos-3046615-murg,config17,1,FOUND INTEGER FEASIBLE,0.001544,0.007809,0,0,0,0,2129.000000,2129.000000,0.000000,0.000000,0
neos-3046615-murg,config17,2,FOUND INTEGER FEASIBLE,0.001330,0.008738,0,0,0,0,2129.000000,2129.000000,0.000000,0.000000,0
neos-3046615-murg,config17,3,FOUND INTEGER FEASIBLE,0.002283,0.012745,0,0,0,0,2129.000000,2129.000000,0.000000,0.000000,0
neos-3046615-murg,config21,1,FOUND INTEGER FEASIBLE,0.001257,0.007746,0,0,0,0,2435.000000,2435.000000,0.000000,0.000000,0
neos-3046615-murg,config21,2,FOUND INTEGER FEASIBLE,0.001874,0.010434,0,0,0,0,2435.000000,2435.000000,0.000000,0.000000,0
neos-3046615-murg,config21,3,FOUND INTEGER FEASIBLE,0.001634,0.008946,0,0,0,0,2435.000000,2435.000000,0.000000,0.000000,0
neos-3046615-murg,config23,1,FOUND INTEGER FEASIBLE,0.001929,0.008820,0,0,0,0,2129.000000,2129.000000,0.000000,0.000000,0
neos-3046615-murg,config23,2,FOUND INTEGER FEASIBLE,0.001463,0.008773,0,0,0,0,2129.000000,2129.000000,0.000000,0.000000,0
neos-3046615-murg,config23,3,FOUND INTEGER FEASIBLE,0.001897,0.009242,0,0,0,0,2129.000000,2129.000000,0.000000,0.000000,0
neos-3046615-murg,config19,1,FOUND INTEGER FEASIBLE,0.000000,0.064264,0,0,-1,-1,2435.000000,2435.000000,0.000000,0.000000,0
neos-3046615-murg,config19,2,FOUND INTEGER FEASIBLE,0.000000,0.040918,0,0,-1,-1,2435.000000,2435.000000,0.000000,0.000000,0
neos-3046615-murg,config19,3,FOUND INTEGER FEASIBLE,0.000000,0.062619,0,0,-1,-1,2435.000000,2435.000000,0.000000,0.000000,0
neos-3046615-murg,config18,1,FOUND INTEGER FEASIBLE,0.000000,0.050026,0,0,-1,-1,1762.000000,1762.000000,0.000000,0.000000,0
neos-3046615-murg,config18,2,FOUND INTEGER FEASIBLE,0.000000,0.050074,0,0,-1,-1,1762.000000,1762.000000,0.000000,0.000000,0
neos-3046615-murg,config18,3,FOUND INTEGER FEASIBLE,0.000000,0.049385,0,0,-1,-1,1762.000000,1762.000000,0.000000,0.000000,0
neos-3083819-nubu,config1,1,FOUND INTEGER FEASIBLE,0.000000,0.067694,1,0,-1,-1,6358761.000000,6358761.000000,0.000000,0.000000,0
neos-3083819-nubu,config1,2,FOUND INTEGER FEASIBLE,0.000000,0.117297,1,0,-1,-1,6358761.000000,6358761.000000,0.000000,0.000000,0
neos-3083819-nubu,config1,3,FOUND INTEGER FEASIBLE,0.000000,0.116729,1,0,-1,-1,6358761.000000,6358761.000000,0.000000,0.000000,0
neos-3083819-nubu,config3,1,FOUND INTEGER FEASIBLE,0.000000,0.079535,0,0,-1,-1,7019780.000000,7019780.000000,0.000000,0.000000,0
neos-3083819-nubu,config3,2,FOUND INTEGER FEASIBLE,0.000000,0.077575,0,0,-1,-1,7019780.000000,7019780.000000,0.000000,0.000000,0
neos-3083819-nubu,config3,3,FOUND INTEGER FEASIBLE,0.000000,0.080721,0,0,-1,-1,7019780.000000,7019780.000000,0.000000,0.000000,0
neos-3083819-nubu,config20,1,FOUND INTEGER FEASIBLE,0.000000,0.095869,0,0,-1,-1,7019780.000000,7019780.000000,0.000000,0.000000,0
neos-3083819-nubu,config20,2,FOUND INTEGER FEASIBLE,0.000000,0.096332,0,0,-1,-1,7019780.000000,7019780.000000,0.000000,0.000000,0
neos-3083819-nubu,config20,3,FOUND INTEGER FEASIBLE,0.000000,0.093841,0,0,-1,-1,7019780.000000,7019780.000000,0.000000,0.000000,0
neos-3083819-nubu,config16,1,FOUND INTEGER FEASIBLE,0.000002,0.133642,1,0,0,0,6358761.000000,6358761.000000,0.000000,0.000000,0
neos-3083819-nubu,config16,2,FOUND INTEGER FEASIBLE,0.000001,0.080273,1,0,0,0,6358761.000000,6358761.000000,0.000000,0.000000,0
neos-3083819-nubu,config16,3,FOUND INTEGER FEASIBLE,0.000002,0.128281,1,0,0,0,6358761.000000,6358761.000000,0.000000,0.000000,0
neos-3083819-nubu,config17,1,FOUND INTEGER FEASIBLE,0.000001,0.073863,0,0,0,0,7019780.000000,7019780.000000,0.000000,0.000000,0
neos-3083819-nubu,config17,2,FOUND INTEGER FEASIBLE,0.000002,0.095445,0,0,0,0,7019780.000000,7019780.000000,0.000000,0.000000,0
neos-3083819-nubu,config17,3,FOUND INTEGER FEASIBLE,0.000002,0.097127,0,0,0,0,7019780.000000,7019780.000000,0.000000,0.000000,0
neos-3083819-nubu,config21,1,FOUND INTEGER FEASIBLE,0.000002,0.095328,0,0,0,0,7019780.000000,7019780.000000,0.000000,0.000000,0
neos-3083819-nubu,config21,2,FOUND INTEGER FEASIBLE,0.000002,0.096575,0,0,0,0,7019780.000000,7019780.000000,0.000000,0.000000,0
neos-3083819-nubu,config21,3,FOUND INTEGER FEASIBLE,0.000002,0.095664,0,0,0,0,7019780.000000,7019780.000000,0.000000,0.000000,0
neos-3083819-nubu,config23,1,FOUND INTEGER FEASIBLE,0.000002,0.096865,0,0,0,0,7019780.000000,7019780.000000,0.000000,0.000000,0
neos-3083819-nubu,config23,2,FOUND INTEGER FEASIBLE,0.000002,0.094494,0,0,0,0,7019780.000000,7019780.000000,0.000000,0.000000,0
neos-3083819-nubu,config23,3,FOUND INTEGER FEASIBLE,0.000002,0.098355,0,0,0,0,7019780.000000,7019780.000000,0.000000,0.000000,0
neos-3083819-nubu,config19,1,FOUND INTEGER FEASIBLE,0.000000,0.089228,0,0,-1,-1,7145074.000000,7145074.000000,0.000000,0.000000,0
neos-3083819-nubu,config19,2,FOUND INTEGER FEASIBLE,0.000000,0.046870,0,0,-1,-1,7145074.000000,7145074.000000,0.000000,0.000000,0
neos-3083819-nubu,config19,3,FOUND INTEGER FEASIBLE,0.000000,0.086246,0,0,-1,-1,7145074.000000,7145074.000000,0.000000,0.000000,0
neos-3083819-nubu,config18,1,FOUND INTEGER FEASIBLE,0.000000,0.091085,0,0,-1,-1,7145074.000000,7145074.000000,0.000000,0.000000,0
neos-3083819-nubu,config18,2,FOUND INTEGER FEASIBLE,0.000000,0.083742,0,0,-1,-1,7145074.000000,7145074.000000,0.000000,0.000000,0
neos-3083819-nubu,config18,3,FOUND INTEGER FEASIBLE,0.000000,0.082511,0,0,-1,-1,7145074.000000,7145074.000000,0.000000,0.000000,0
neos-3216931-puriri,config1,1,FAILED TO FIND AN INTEGER FEASIBLE SOLUTION,0.000000,3600,7169,0,-1,-1,0.000000,0.000000,4.000000,5.000000,8
neos-3216931-puriri,config1,2,FAILED TO FIND AN INTEGER FEASIBLE SOLUTION,0.000000,3600,7343,0,-1,-1,0.000000,0.000000,4.333333,4.666667,11
neos-3216931-puriri,config1,3,FAILED TO FIND AN INTEGER FEASIBLE SOLUTION,0.000000,3600,7402,0,-1,-1,0.000000,0.000000,3.000000,3.000000,6
neos-3216931-puriri,config3,1,FAILED TO FIND AN INTEGER FEASIBLE SOLUTION,0.000000,3600,7195,0,-1,-1,0.000000,0.000000,3.777778,3.777778,14
neos-3216931-puriri,config3,2,FAILED TO FIND AN INTEGER FEASIBLE SOLUTION,0.000000,3600,7427,0,-1,-1,0.000000,0.000000,3.000000,3.000000,6
neos-3216931-puriri,config3,3,FAILED TO FIND AN INTEGER FEASIBLE SOLUTION,0.000000,3600,7358,0,-1,-1,0.000000,0.000000,3.000000,3.000000,6
neos-3216931-puriri,config20,1,FAILED TO FIND AN INTEGER FEASIBLE SOLUTION,0.000000,3600,4720,0,-1,-1,0.000000,0.000000,4.000000,4.000000,8
neos-3216931-puriri,config20,2,FAILED TO FIND AN INTEGER FEASIBLE SOLUTION,0.000000,3600,4770,0,-1,-1,0.000000,0.000000,3.000000,3.000000,6
neos-3216931-puriri,config20,3,FAILED TO FIND AN INTEGER FEASIBLE SOLUTION,0.000000,3600,4862,0,-1,-1,0.000000,0.000000,4.000000,4.000000,8
neos-3216931-puriri,config16,1,FAILED TO FIND AN INTEGER FEASIBLE SOLUTION,3.972011,3600,4793,13,13,12,0.000000,0.000000,3.000000,3.000000,6
neos-3216931-puriri,config16,2,FAILED TO FIND AN INTEGER FEASIBLE SOLUTION,4.224771,3600,4872,13,13,12,0.000000,0.000000,4.333333,4.666667,11
neos-3216931-puriri,config16,3,FAILED TO FIND AN INTEGER FEASIBLE SOLUTION,4.225794,3600,4823,13,13,12,0.000000,0.000000,5.333333,5.333333,13
neos-3216931-puriri,config17,1,FAILED TO FIND AN INTEGER FEASIBLE SOLUTION,8.947146,3600,4927,12,12,1,0.000000,0.000000,4.333333,4.666667,12
neos-3216931-puriri,config17,2,FAILED TO FIND AN INTEGER FEASIBLE SOLUTION,8.954633,3600,4874,12,12,1,0.000000,0.000000,7.000000,7.000000,14
neos-3216931-puriri,config17,3,FAILED TO FIND AN INTEGER FEASIBLE SOLUTION,8.926329,3600,4993,12,12,1,0.000000,0.000000,4.333333,4.333333,11
neos-3216931-puriri,config21,1,FAILED TO FIND AN INTEGER FEASIBLE SOLUTION,6.168982,3600,4698,12,12,12,0.000000,0.000000,4.000000,4.000000,8
neos-3216931-puriri,config21,2,FAILED TO FIND AN INTEGER FEASIBLE SOLUTION,6.192813,3600,4780,12,12,12,0.000000,0.000000,3.000000,3.000000,6
neos-3216931-puriri,config21,3,FAILED TO FIND AN INTEGER FEASIBLE SOLUTION,5.302516,3600,4843,12,12,12,0.000000,0.000000,4.000000,4.000000,8
neos-3216931-puriri,config23,1,FAILED TO FIND AN INTEGER FEASIBLE SOLUTION,6.471937,3600,4623,12,12,12,0.000000,0.000000,4.333333,4.666667,11
neos-3216931-puriri,config23,2,FAILED TO FIND AN INTEGER FEASIBLE SOLUTION,6.210536,3600,4762,12,12,12,0.000000,0.000000,4.000000,4.000000,8
neos-3216931-puriri,config23,3,FAILED TO FIND AN INTEGER FEASIBLE SOLUTION,6.214652,3600,4856,12,12,12,0.000000,0.000000,3.000000,3.000000,6
neos-3216931-puriri,config19,1,FOUND INTEGER FEASIBLE,0.000000,93.599991,0,0,-1,-1,131545.000000,131545.000000,0.000000,0.000000,0
neos-3216931-puriri,config19,2,FOUND INTEGER FEASIBLE,0.000000,93.294528,0,0,-1,-1,131545.000000,131545.000000,0.000000,0.000000,0
neos-3216931-puriri,config19,3,FOUND INTEGER FEASIBLE,0.000000,93.604078,0,0,-1,-1,131545.000000,131545.000000,0.000000,0.000000,0
neos-3216931-puriri,config18,1,FOUND INTEGER FEASIBLE,0.000000,78.903556,0,0,-1,-1,151400.000000,151400.000000,0.000000,0.000000,0
neos-3216931-puriri,config18,2,FOUND INTEGER FEASIBLE,0.000000,79.600511,0,0,-1,-1,151400.000000,151400.000000,0.000000,0.000000,0
neos-3216931-puriri,config18,3,FOUND INTEGER FEASIBLE,0.000000,81.020572,0,0,-1,-1,151400.000000,151400.000000,0.000000,0.000000,0
neos-3381206-awhea,config1,1,FAILED TO FIND AN INTEGER FEASIBLE SOLUTION,0.000000,10.306358,2001,0,-1,-1,0.000000,0.000000,13.211111,15.255556,65
neos-3381206-awhea,config1,2,FAILED TO FIND AN INTEGER FEASIBLE SOLUTION,0.000000,10.184710,2002,0,-1,-1,0.000000,0.000000,13.788889,15.500000,71
neos-3381206-awhea,config1,3,FAILED TO FIND AN INTEGER FEASIBLE SOLUTION,0.000000,10.544393,2001,0,-1,-1,0.000000,0.000000,7.911111,9.311111,54
neos-3381206-awhea,config3,1,FAILED TO FIND AN INTEGER FEASIBLE SOLUTION,0.000000,10.630936,2001,0,-1,-1,0.000000,0.000000,13.211111,15.255556,65
neos-3381206-awhea,config3,2,FAILED TO FIND AN INTEGER FEASIBLE SOLUTION,0.000000,10.106477,2002,0,-1,-1,0.000000,0.000000,13.788889,15.500000,71
neos-3381206-awhea,config3,3,FAILED TO FIND AN INTEGER FEASIBLE SOLUTION,0.000000,10.628406,2001,0,-1,-1,0.000000,0.000000,7.911111,9.311111,54
neos-3381206-awhea,config20,1,FAILED TO FIND AN INTEGER FEASIBLE SOLUTION,0.000000,25.423496,2000,0,-1,-1,0.000000,0.000000,4.666667,5.611111,22
neos-3381206-awhea,config20,2,FAILED TO FIND AN INTEGER FEASIBLE SOLUTION,0.000000,23.069512,2000,0,-1,-1,0.000000,0.000000,15.600000,15.600000,80
neos-3381206-awhea,config20,3,FAILED TO FIND AN INTEGER FEASIBLE SOLUTION,0.000000,25.948850,2000,0,-1,-1,0.000000,0.000000,10.900000,11.633333,54
neos-3381206-awhea,config16,1,FAILED TO FIND AN INTEGER FEASIBLE SOLUTION,0.055990,10.739573,2001,3,3,0,0.000000,0.000000,11.066667,14.888889,54
neos-3381206-awhea,config16,2,FOUND INTEGER FEASIBLE,0.054995,2.330762,146,3,3,0,471.000000,471.000000,0.000000,0.000000,0
neos-3381206-awhea,config16,3,FAILED TO FIND AN INTEGER FEASIBLE SOLUTION,0.054806,10.510628,2002,3,3,0,0.000000,0.000000,14.955556,15.633333,77
neos-3381206-awhea,config17,1,FAILED TO FIND AN INTEGER FEASIBLE SOLUTION,0.055096,10.737201,2001,3,3,0,0.000000,0.000000,11.066667,14.888889,54
neos-3381206-awhea,config17,2,FOUND INTEGER FEASIBLE,0.054971,2.332012,146,3,3,0,471.000000,471.000000,0.000000,0.000000,0
neos-3381206-awhea,config17,3,FAILED TO FIND AN INTEGER FEASIBLE SOLUTION,0.054676,10.512135,2002,3,3,0,0.000000,0.000000,14.955556,15.633333,77
neos-3381206-awhea,config21,1,FAILED TO FIND AN INTEGER FEASIBLE SOLUTION,0.014463,9.679751,2000,0,0,0,0.000000,0.000000,4.666667,5.611111,22
neos-3381206-awhea,config21,2,FAILED TO FIND AN INTEGER FEASIBLE SOLUTION,0.014433,10.109014,2000,0,0,0,0.000000,0.000000,15.600000,15.600000,80
neos-3381206-awhea,config21,3,FAILED TO FIND AN INTEGER FEASIBLE SOLUTION,0.014758,10.594903,2000,0,0,0,0.000000,0.000000,10.900000,11.633333,54
neos-3381206-awhea,config23,1,FAILED TO FIND AN INTEGER FEASIBLE SOLUTION,0.014567,10.637045,2001,0,0,0,0.000000,0.000000,13.211111,15.255556,65
neos-3381206-awhea,config23,2,FAILED TO FIND AN INTEGER FEASIBLE SOLUTION,0.014744,10.140467,2002,0,0,0,0.000000,0.000000,13.788889,15.500000,71
neos-3381206-awhea,config23,3,FAILED TO FIND AN INTEGER FEASIBLE SOLUTION,0.014782,10.575189,2001,0,0,0,0.000000,0.000000,7.911111,9.311111,54
neos-3381206-awhea,config19,1,FOUND INTEGER FEASIBLE,0.000000,2.049222,0,0,-1,-1,475.000000,475.000000,0.000000,0.000000,0
neos-3381206-awhea,config19,2,FOUND INTEGER FEASIBLE,0.000000,2.049784,0,0,-1,-1,475.000000,475.000000,0.000000,0.000000,0
neos-3381206-awhea,config19,3,FOUND INTEGER FEASIBLE,0.000000,2.013144,0,0,-1,-1,475.000000,475.000000,0.000000,0.000000,0
neos-3381206-awhea,config18,1,FOUND INTEGER FEASIBLE,0.000000,2.709827,0,0,-1,-1,474.000000,474.000000,0.000000,0.000000,0
neos-3381206-awhea,config18,2,FOUND INTEGER FEASIBLE,0.000000,2.674852,0,0,-1,-1,474.000000,474.000000,0.000000,0.000000,0
neos-3381206-awhea,config18,3,FOUND INTEGER FEASIBLE,0.000000,1.673961,0,0,-1,-1,474.000000,474.000000,0.000000,0.000000,0
neos-3402294-bobin,config1,1,FOUND INTEGER FEASIBLE,0.000000,6.526474,19,0,-1,-1,0.792750,0.792750,0.000000,0.000000,0
neos-3402294-bobin,config1,2,FOUND INTEGER FEASIBLE,0.000000,5.033673,8,0,-1,-1,0.901250,0.901250,0.000000,0.000000,0
neos-3402294-bobin,config1,3,FOUND INTEGER FEASIBLE,0.000000,4.520972,11,0,-1,-1,0.870000,0.870000,0.000000,0.000000,0
neos-3402294-bobin,config3,1,FOUND INTEGER FEASIBLE,0.000000,3.410940,1,0,-1,-1,1.430000,1.430000,0.000000,0.000000,0
neos-3402294-bobin,config3,2,FOUND INTEGER FEASIBLE,0.000000,3.417455,1,0,-1,-1,1.569500,1.569500,0.000000,0.000000,0
neos-3402294-bobin,config3,3,FOUND INTEGER FEASIBLE,0.000000,3.399643,1,0,-1,-1,1.430000,1.430000,0.000000,0.000000,0
neos-3402294-bobin,config20,1,FOUND INTEGER FEASIBLE,0.000000,3.659637,1,0,-1,-1,1.430000,1.430000,0.000000,0.000000,0
neos-3402294-bobin,config20,2,FOUND INTEGER FEASIBLE,0.000000,3.565807,1,0,-1,-1,1.569500,1.569500,0.000000,0.000000,0
neos-3402294-bobin,config20,3,FOUND INTEGER FEASIBLE,0.000000,3.565056,1,0,-1,-1,1.430000,1.430000,0.000000,0.000000,0
neos-3402294-bobin,config16,1,FOUND INTEGER FEASIBLE,21.592671,26.975159,3,9,0,0,0.727750,0.727750,0.000000,0.000000,0
neos-3402294-bobin,config16,2,FOUND INTEGER FEASIBLE,21.624047,27.193199,17,9,0,0,0.815750,0.815750,0.000000,0.000000,0
neos-3402294-bobin,config16,3,FOUND INTEGER FEASIBLE,21.560292,26.751542,3,9,0,0,0.727750,0.727750,0.000000,0.000000,0
neos-3402294-bobin,config17,1,FOUND INTEGER FEASIBLE,0.187342,4.833297,3,1,0,0,1.279250,1.279250,0.000000,0.000000,0
neos-3402294-bobin,config17,2,FOUND INTEGER FEASIBLE,0.184795,4.770535,3,1,0,0,1.279250,1.279250,0.000000,0.000000,0
neos-3402294-bobin,config17,3,FOUND INTEGER FEASIBLE,0.189607,4.837277,3,1,0,0,1.279250,1.279250,0.000000,0.000000,0
neos-3402294-bobin,config21,1,FOUND INTEGER FEASIBLE,0.189075,4.961924,7,1,0,0,1.099750,1.099750,0.000000,0.000000,0
neos-3402294-bobin,config21,2,FOUND INTEGER FEASIBLE,0.186143,5.672310,16,1,0,0,1.341750,1.341750,0.000000,0.000000,0
neos-3402294-bobin,config21,3,FOUND INTEGER FEASIBLE,0.186320,4.895173,6,1,0,0,1.099750,1.099750,0.000000,0.000000,0
neos-3402294-bobin,config23,1,FOUND INTEGER FEASIBLE,0.189210,4.828459,3,1,0,0,1.279250,1.279250,0.000000,0.000000,0
neos-3402294-bobin,config23,2,FOUND INTEGER FEASIBLE,0.186885,4.827244,3,1,0,0,1.279250,1.279250,0.000000,0.000000,0
neos-3402294-bobin,config23,3,FOUND INTEGER FEASIBLE,0.186207,4.830069,3,1,0,0,1.279250,1.279250,0.000000,0.000000,0
neos-3402294-bobin,config19,1,FOUND INTEGER FEASIBLE,0.000000,38.796465,0,0,-1,-1,0.169000,0.169000,0.000000,0.000000,0
neos-3402294-bobin,config19,2,FOUND INTEGER FEASIBLE,0.000000,38.558474,0,0,-1,-1,0.169000,0.169000,0.000000,0.000000,0
neos-3402294-bobin,config19,3,FOUND INTEGER FEASIBLE,0.000000,38.694096,0,0,-1,-1,0.169000,0.169000,0.000000,0.000000,0
neos-3402294-bobin,config18,1,FOUND INTEGER FEASIBLE,0.000000,116.637688,0,0,-1,-1,0.369250,0.369250,0.000000,0.000000,0
neos-3402294-bobin,config18,2,FOUND INTEGER FEASIBLE,0.000000,115.976612,0,0,-1,-1,0.369250,0.369250,0.000000,0.000000,0
neos-3402294-bobin,config18,3,FOUND INTEGER FEASIBLE,0.000000,116.446212,0,0,-1,-1,0.369250,0.369250,0.000000,0.000000,0
neos-3555904-turama,config1,1,FOUND INTEGER FEASIBLE,0.000000,177.818970,574,0,-1,-1,-25.000000,-25.000000,0.000000,0.000000,0
neos-3555904-turama,config1,2,FOUND INTEGER FEASIBLE,0.000000,1092.571383,2823,0,-1,-1,-33.200000,-33.200000,0.000000,0.000000,0
neos-3555904-turama,config1,3,FOUND INTEGER FEASIBLE,0.000000,20.095755,9,0,-1,-1,-33.200000,-33.200000,0.000000,0.000000,0
neos-3555904-turama,config3,1,FOUND INTEGER FEASIBLE,0.000000,544.998239,1041,0,-1,-1,-25.300000,-25.300000,0.000000,0.000000,0
neos-3555904-turama,config3,2,FOUND INTEGER FEASIBLE,0.000000,8.518116,14,0,-1,-1,-33.200000,-33.200000,0.000000,0.000000,0
neos-3555904-turama,config3,3,FOUND INTEGER FEASIBLE,0.000000,5.537097,7,0,-1,-1,-33.200000,-33.200000,0.000000,0.000000,0
neos-3555904-turama,config20,1,FOUND INTEGER FEASIBLE,0.000000,21.475522,41,0,-1,-1,-33.200000,-33.200000,0.000000,0.000000,0
neos-3555904-turama,config20,2,FOUND INTEGER FEASIBLE,0.000000,19.104611,32,0,-1,-1,-33.200000,-33.200000,0.000000,0.000000,0
neos-3555904-turama,config20,3,FOUND INTEGER FEASIBLE,0.000000,20.047327,27,0,-1,-1,-33.200000,-33.200000,0.000000,0.000000,0
neos-3555904-turama,config16,1,FOUND INTEGER FEASIBLE,247.497767,346.671797,410,12,4,1,-33.200000,-33.200000,0.000000,0.000000,0
neos-3555904-turama,config16,2,FOUND INTEGER FEASIBLE,247.439809,1080.295798,1465,12,12,1,-33.200000,-33.200000,0.000000,0.000000,0
neos-3555904-turama,config16,3,FOUND INTEGER FEASIBLE,248.867228,279.709718,106,12,2,1,-25.000000,-25.000000,0.000000,0.000000,0
neos-3555904-turama,config17,1,FOUND INTEGER FEASIBLE,1.885180,648.351866,823,7,7,1,-33.200000,-33.200000,0.000000,0.000000,0
neos-3555904-turama,config17,2,FOUND INTEGER FEASIBLE,1.874800,392.461320,586,7,7,1,-25.000000,-25.000000,0.000000,0.000000,0
neos-3555904-turama,config17,3,FOUND INTEGER FEASIBLE,1.890347,861.301190,1322,7,7,1,-33.200000,-33.200000,0.000000,0.000000,0
neos-3555904-turama,config21,1,FOUND INTEGER FEASIBLE,92.995624,718.380677,1339,13,13,4,-33.200000,-33.200000,0.000000,0.000000,0
neos-3555904-turama,config21,2,FOUND INTEGER FEASIBLE,92.373718,249.564518,511,13,10,4,-25.300000,-25.300000,0.000000,0.000000,0
neos-3555904-turama,config21,3,FOUND INTEGER FEASIBLE,92.833838,1583.057890,2477,13,13,4,-25.000000,-25.000000,0.000000,0.000000,0
neos-3555904-turama,config23,1,FOUND INTEGER FEASIBLE,92.699090,311.988531,736,13,12,4,-33.200000,-33.200000,0.000000,0.000000,0
neos-3555904-turama,config23,2,FOUND INTEGER FEASIBLE,92.967097,117.364067,62,13,4,4,-25.000000,-25.000000,0.000000,0.000000,0
neos-3555904-turama,config23,3,FOUND INTEGER FEASIBLE,92.353092,518.904183,751,13,13,4,-33.200000,-33.200000,0.000000,0.000000,0
neos-3555904-turama,config19,1,FOUND INTEGER FEASIBLE,0.000000,2.389791,0,0,-1,-1,-33.200000,-33.200000,0.000000,0.000000,0
neos-3555904-turama,config19,2,FOUND INTEGER FEASIBLE,0.000000,3.239631,0,0,-1,-1,-33.200000,-33.200000,0.000000,0.000000,0
neos-3555904-turama,config19,3,FOUND INTEGER FEASIBLE,0.000000,3.227947,0,0,-1,-1,-33.200000,-33.200000,0.000000,0.000000,0
neos-3555904-turama,config18,1,FOUND INTEGER FEASIBLE,0.000000,3.319962,0,0,-1,-1,-33.200000,-33.200000,0.000000,0.000000,0
neos-3555904-turama,config18,2,FOUND INTEGER FEASIBLE,0.000000,3.258926,0,0,-1,-1,-33.200000,-33.200000,0.000000,0.000000,0
neos-3555904-turama,config18,3,FOUND INTEGER FEASIBLE,0.000000,3.242850,0,0,-1,-1,-33.200000,-33.200000,0.000000,0.000000,0
neos-3627168-kasai,config1,1,FOUND INTEGER FEASIBLE,0.000000,0.085956,8,0,-1,-1,1004405.460000,1004377.860000,0.000000,0.000000,0
neos-3627168-kasai,config1,2,FOUND INTEGER FEASIBLE,0.000000,0.071509,10,0,-1,-1,1004232.450000,1004119.200000,0.000000,0.000000,0
neos-3627168-kasai,config1,3,FOUND INTEGER FEASIBLE,0.000000,0.074952,7,0,-1,-1,1013410.010000,1013333.540000,0.000000,0.000000,0
neos-3627168-kasai,config3,1,FOUND INTEGER FEASIBLE,0.000000,0.065303,5,0,-1,-1,1000183.680000,1000183.680000,0.000000,0.000000,0
neos-3627168-kasai,config3,2,FOUND INTEGER FEASIBLE,0.000000,0.062590,5,0,-1,-1,1000183.680000,1000183.680000,0.000000,0.000000,0
neos-3627168-kasai,config3,3,FOUND INTEGER FEASIBLE,0.000000,0.058243,4,0,-1,-1,1001183.680000,1001183.680000,0.000000,0.000000,0
neos-3627168-kasai,config20,1,FOUND INTEGER FEASIBLE,0.000000,0.020127,2,0,-1,-1,1152398.380000,1120919.940000,0.000000,0.000000,0
neos-3627168-kasai,config20,2,FOUND INTEGER FEASIBLE,0.000000,0.025672,3,0,-1,-1,1153578.860000,1119827.800000,0.000000,0.000000,0
neos-3627168-kasai,config20,3,FOUND INTEGER FEASIBLE,0.000000,0.019115,1,0,-1,-1,1154842.780000,1124793.180000,0.000000,0.000000,0
neos-3627168-kasai,config16,1,FOUND INTEGER FEASIBLE,0.118194,0.146038,4,10,0,0,1001282.080000,1001282.080000,0.000000,0.000000,0
neos-3627168-kasai,config16,2,FOUND INTEGER FEASIBLE,0.061781,0.078188,5,10,0,0,999628.680000,999532.080000,0.000000,0.000000,0
neos-3627168-kasai,config16,3,FOUND INTEGER FEASIBLE,0.060121,0.072240,2,10,0,0,999807.040000,999282.080000,0.000000,0.000000,0
neos-3627168-kasai,config17,1,FOUND INTEGER FEASIBLE,0.070247,0.091945,2,4,0,0,998412.680000,998058.480000,0.000000,0.000000,0
neos-3627168-kasai,config17,2,FOUND INTEGER FEASIBLE,0.038424,0.058523,4,4,0,0,996463.680000,996463.680000,0.000000,0.000000,0
neos-3627168-kasai,config17,3,FOUND INTEGER FEASIBLE,0.037895,0.049715,2,4,0,0,998662.680000,998308.480000,0.000000,0.000000,0
neos-3627168-kasai,config21,1,FOUND INTEGER FEASIBLE,0.019689,0.048664,1,6,2,2,1120436.840000,1104385.000000,0.000000,0.000000,0
neos-3627168-kasai,config21,2,FOUND INTEGER FEASIBLE,0.007048,0.028372,1,6,2,2,1120436.840000,1104385.000000,0.000000,0.000000,0
neos-3627168-kasai,config21,3,FOUND INTEGER FEASIBLE,0.012271,0.039465,1,6,2,2,1120436.840000,1104385.000000,0.000000,0.000000,0
neos-3627168-kasai,config23,1,FOUND INTEGER FEASIBLE,0.007342,0.034975,4,6,2,2,1012353.310000,1011444.820000,0.000000,0.000000,0
neos-3627168-kasai,config23,2,FOUND INTEGER FEASIBLE,0.012235,0.048707,5,6,2,2,1014850.420000,1013730.360000,0.000000,0.000000,0
neos-3627168-kasai,config23,3,FOUND INTEGER FEASIBLE,0.008030,0.034581,3,6,2,2,1013143.440000,1012399.440000,0.000000,0.000000,0
neos-3627168-kasai,config19,1,FOUND INTEGER FEASIBLE,0.000000,0.011042,0,0,-1,-1,1138060.090000,1119265.110000,0.000000,0.000000,0
neos-3627168-kasai,config19,2,FOUND INTEGER FEASIBLE,0.000000,0.019310,0,0,-1,-1,1138060.090000,1119265.110000,0.000000,0.000000,0
neos-3627168-kasai,config19,3,FOUND INTEGER FEASIBLE,0.000000,0.020347,0,0,-1,-1,1138060.090000,1119265.110000,0.000000,0.000000,0
neos-3627168-kasai,config18,1,FOUND INTEGER FEASIBLE,0.000000,0.022306,0,0,-1,-1,1138060.090000,1119265.110000,0.000000,0.000000,0
neos-3627168-kasai,config18,2,FOUND INTEGER FEASIBLE,0.000000,0.015875,0,0,-1,-1,1138060.090000,1119265.110000,0.000000,0.000000,0
neos-3627168-kasai,config18,3,FOUND INTEGER FEASIBLE,0.000000,0.018334,0,0,-1,-1,1138060.090000,1119265.110000,0.000000,0.000000,0
neos-3656078-kumeu,config1,1,FAILED TO FIND AN INTEGER FEASIBLE SOLUTION,0.000000,1839.704545,12000,0,-1,-1,0.000000,0.000000,10.937260,77.491765,50
neos-3656078-kumeu,config1,2,FAILED TO FIND AN INTEGER FEASIBLE SOLUTION,0.000000,1865.913114,12000,0,-1,-1,0.000000,0.000000,15.820642,146.620523,142
neos-3656078-kumeu,config1,3,FAILED TO FIND AN INTEGER FEASIBLE SOLUTION,0.000000,1838.301378,12000,0,-1,-1,0.000000,0.000000,18.301249,189.120024,121
neos-3656078-kumeu,config3,1,FAILED TO FIND AN INTEGER FEASIBLE SOLUTION,0.000000,1791.254425,12000,0,-1,-1,0.000000,0.000000,6.397127,160.397992,139
neos-3656078-kumeu,config3,2,FAILED TO FIND AN INTEGER FEASIBLE SOLUTION,0.000000,1900.769827,12000,0,-1,-1,0.000000,0.000000,61.407632,566.809189,310
neos-3656078-kumeu,config3,3,FAILED TO FIND AN INTEGER FEASIBLE SOLUTION,0.000000,1820.529836,12000,0,-1,-1,0.000000,0.000000,13.082228,172.460265,265
neos-3656078-kumeu,config20,1,FAILED TO FIND AN INTEGER FEASIBLE SOLUTION,0.000000,1492.104729,12000,0,-1,-1,0.000000,0.000000,53.142120,421.268925,313
neos-3656078-kumeu,config20,2,FAILED TO FIND AN INTEGER FEASIBLE SOLUTION,0.000000,1425.363984,12000,0,-1,-1,0.000000,0.000000,21.347886,253.624478,142
neos-3656078-kumeu,config20,3,FAILED TO FIND AN INTEGER FEASIBLE SOLUTION,0.000000,1472.106807,12000,0,-1,-1,0.000000,0.000000,37.620583,381.919908,241
neos-3656078-kumeu,config16,1,FAILED TO FIND AN INTEGER FEASIBLE SOLUTION,2.303499,1769.779054,12000,13,13,7,0.000000,0.000000,22.591103,111.647949,92
neos-3656078-kumeu,config16,2,FAILED TO FIND AN INTEGER FEASIBLE SOLUTION,2.445166,1839.772100,12000,13,13,7,0.000000,0.000000,17.037532,277.679179,227
neos-3656078-kumeu,config16,3,FAILED TO FIND AN INTEGER FEASIBLE SOLUTION,1.587341,1866.706133,12000,13,13,7,0.000000,0.000000,12.332246,130.457835,95
neos-3656078-kumeu,config17,1,FAILED TO FIND AN INTEGER FEASIBLE SOLUTION,1.709933,1877.830622,12000,13,13,12,0.000000,0.000000,21.145205,501.754102,186
neos-3656078-kumeu,config17,2,FAILED TO FIND AN INTEGER FEASIBLE SOLUTION,2.584189,1796.451661,12000,13,13,12,0.000000,0.000000,11.640612,238.265871,89
neos-3656078-kumeu,config17,3,FAILED TO FIND AN INTEGER FEASIBLE SOLUTION,2.570720,1835.317818,12000,13,13,12,0.000000,0.000000,31.983995,109.653287,313
neos-3656078-kumeu,config21,1,FAILED TO FIND AN INTEGER FEASIBLE SOLUTION,2.278730,1862.916539,12000,13,13,12,0.000000,0.000000,18.960658,139.010712,111
neos-3656078-kumeu,config21,2,FAILED TO FIND AN INTEGER FEASIBLE SOLUTION,2.281959,1876.063725,12000,13,13,12,0.000000,0.000000,33.966138,226.417486,238
neos-3656078-kumeu,config21,3,FAILED TO FIND AN INTEGER FEASIBLE SOLUTION,2.054911,1970.393482,12000,13,13,12,0.000000,0.000000,23.494731,157.280180,144
neos-3656078-kumeu,config23,1,FAILED TO FIND AN INTEGER FEASIBLE SOLUTION,2.298895,1866.192656,12000,13,13,12,0.000000,0.000000,22.118307,477.864063,115
neos-3656078-kumeu,config23,2,FAILED TO FIND AN INTEGER FEASIBLE SOLUTION,2.310555,1831.786427,12000,13,13,12,0.000000,0.000000,16.259632,92.144012,113
neos-3656078-kumeu,config23,3,FAILED TO FIND AN INTEGER FEASIBLE SOLUTION,2.306134,2789.099887,12000,13,13,12,0.000000,0.000000,11.224661,147.830185,84
neos-3656078-kumeu,config19,1,FOUND INTEGER FEASIBLE,0.000000,678.647649,0,0,-1,-1,-7773.500000,-7773.500000,0.000000,0.000000,0
neos-3656078-kumeu,config19,2,FOUND INTEGER FEASIBLE,0.000000,676.685557,0,0,-1,-1,-7773.500000,-7773.500000,0.000000,0.000000,0
neos-3656078-kumeu,config19,3,FOUND INTEGER FEASIBLE,0.000000,678.690186,0,0,-1,-1,-7773.500000,-7773.500000,0.000000,0.000000,0
neos-3656078-kumeu,config18,1,FOUND INTEGER FEASIBLE,0.000000,111.479456,0,0,-1,-1,-12115.600000,-12115.600000,0.000000,0.000000,0
neos-3656078-kumeu,config18,2,FOUND INTEGER FEASIBLE,0.000000,113.100596,0,0,-1,-1,-12115.600000,-12115.600000,0.000000,0.000000,0
neos-3656078-kumeu,config18,3,FOUND INTEGER FEASIBLE,0.000000,112.633423,0,0,-1,-1,-12115.600000,-12115.600000,0.000000,0.000000,0
neos-3754480-nidda,config1,1,FOUND INTEGER FEASIBLE,0.000000,0.018183,1,0,-1,-1,129917.873658,17027.771999,0.000000,0.000000,0
neos-3754480-nidda,config1,2,FOUND INTEGER FEASIBLE,0.000000,0.017523,1,0,-1,-1,16503.164963,16422.498549,0.000000,0.000000,0
neos-3754480-nidda,config1,3,FOUND INTEGER FEASIBLE,0.000000,0.017872,1,0,-1,-1,23642.523343,17955.144015,0.000000,0.000000,0
neos-3754480-nidda,config3,1,FOUND INTEGER FEASIBLE,0.000000,0.012695,1,0,-1,-1,43848453.022428,16869.795366,0.000000,0.000000,0
neos-3754480-nidda,config3,2,FOUND INTEGER FEASIBLE,0.000000,0.013342,1,0,-1,-1,43848453.022428,16869.795366,0.000000,0.000000,0
neos-3754480-nidda,config3,3,FOUND INTEGER FEASIBLE,0.000000,0.012343,1,0,-1,-1,43848453.022428,16869.795366,0.000000,0.000000,0
neos-3754480-nidda,config20,1,FOUND INTEGER FEASIBLE,0.000000,0.010993,1,0,-1,-1,43858216.229287,16925.301943,0.000000,0.000000,0
neos-3754480-nidda,config20,2,FOUND INTEGER FEASIBLE,0.000000,0.007879,1,0,-1,-1,43858216.229287,16925.301943,0.000000,0.000000,0
neos-3754480-nidda,config20,3,FOUND INTEGER FEASIBLE,0.000000,0.010890,1,0,-1,-1,43858216.229287,16925.301943,0.000000,0.000000,0
neos-3754480-nidda,config16,1,FOUND INTEGER FEASIBLE,0.027926,0.038906,1,12,0,0,17166.499301,17166.305657,0.000000,0.000000,0
neos-3754480-nidda,config16,2,FOUND INTEGER FEASIBLE,0.027710,0.037581,1,12,0,0,17166.499301,17166.305657,0.000000,0.000000,0
neos-3754480-nidda,config16,3,FOUND INTEGER FEASIBLE,0.028040,0.040218,1,12,0,0,17166.499301,17166.305657,0.000000,0.000000,0
neos-3754480-nidda,config17,1,FOUND INTEGER FEASIBLE,0.003685,0.011942,0,1,0,0,14623887.483363,16869.795366,0.000000,0.000000,0
neos-3754480-nidda,config17,2,FOUND INTEGER FEASIBLE,0.003293,0.011423,0,1,0,0,14623887.483363,16869.795366,0.000000,0.000000,0
neos-3754480-nidda,config17,3,FOUND INTEGER FEASIBLE,0.003215,0.010618,0,1,0,0,14623887.483363,16869.795366,0.000000,0.000000,0
neos-3754480-nidda,config21,1,FOUND INTEGER FEASIBLE,0.003125,0.015141,1,3,2,2,43749311.713912,16925.301943,0.000000,0.000000,0
neos-3754480-nidda,config21,2,FOUND INTEGER FEASIBLE,0.002727,0.014352,1,3,2,2,43749311.713912,16925.301943,0.000000,0.000000,0
neos-3754480-nidda,config21,3,FOUND INTEGER FEASIBLE,0.003240,0.016351,1,3,2,2,43749311.713912,16925.301943,0.000000,0.000000,0
neos-3754480-nidda,config23,1,FOUND INTEGER FEASIBLE,0.003661,0.019575,1,3,2,2,43739548.507054,16869.795366,0.000000,0.000000,0
neos-3754480-nidda,config23,2,FOUND INTEGER FEASIBLE,0.003275,0.016003,1,3,2,2,43739548.507054,16869.795366,0.000000,0.000000,0
neos-3754480-nidda,config23,3,FOUND INTEGER FEASIBLE,0.003372,0.015598,1,3,2,2,43739548.507054,16869.795366,0.000000,0.000000,0
neos-3754480-nidda,config19,1,FOUND INTEGER FEASIBLE,0.000000,0.008767,0,0,-1,-1,43854716.844857,19898.521869,0.000000,0.000000,0
neos-3754480-nidda,config19,2,FOUND INTEGER FEASIBLE,0.000000,0.008809,0,0,-1,-1,43854716.844857,19898.521869,0.000000,0.000000,0
neos-3754480-nidda,config19,3,FOUND INTEGER FEASIBLE,0.000000,0.008703,0,0,-1,-1,43854716.844857,19898.521869,0.000000,0.000000,0
neos-3754480-nidda,config18,1,FOUND INTEGER FEASIBLE,0.000000,0.009625,0,0,-1,-1,43854716.844857,19898.521869,0.000000,0.000000,0
neos-3754480-nidda,config18,2,FOUND INTEGER FEASIBLE,0.000000,0.007748,0,0,-1,-1,43854716.844857,19898.521869,0.000000,0.000000,0
neos-3754480-nidda,config18,3,FOUND INTEGER FEASIBLE,0.000000,0.008617,0,0,-1,-1,43854716.844857,19898.521869,0.000000,0.000000,0
neos-4300652-rahue,config1,1,FAILED TO FIND AN INTEGER FEASIBLE SOLUTION,0.000000,3600,2595,0,-1,-1,0.000000,0.000000,21.000000,14.000000,42
neos-4300652-rahue,config1,2,FAILED TO FIND AN INTEGER FEASIBLE SOLUTION,0.000000,3600,2375,0,-1,-1,0.000000,0.000000,24.000000,16.000000,50
neos-4300652-rahue,config1,3,FAILED TO FIND AN INTEGER FEASIBLE SOLUTION,0.000000,3600,3042,0,-1,-1,0.000000,0.000000,24.000000,16.000000,48
neos-4300652-rahue,config3,1,FAILED TO FIND AN INTEGER FEASIBLE SOLUTION,0.000000,3600,2501,0,-1,-1,0.000000,0.000000,30.000000,20.000000,62
neos-4300652-rahue,config3,2,FAILED TO FIND AN INTEGER FEASIBLE SOLUTION,0.000000,3600,1889,0,-1,-1,0.000000,0.000000,27.000000,18.000000,56
neos-4300652-rahue,config3,3,FAILED TO FIND AN INTEGER FEASIBLE SOLUTION,0.000000,3600,2502,0,-1,-1,0.000000,0.000000,23.000000,14.000000,60
neos-4300652-rahue,config20,1,FOUND INTEGER FEASIBLE,0.000000,287.721137,15,0,-1,-1,6.112500,6.112500,0.000000,0.000000,0
neos-4300652-rahue,config20,2,FOUND INTEGER FEASIBLE,0.000000,375.028176,28,0,-1,-1,5.591600,5.591600,0.000000,0.000000,0
neos-4300652-rahue,config20,3,FOUND INTEGER FEASIBLE,0.000000,313.665741,2,0,-1,-1,26.425000,26.425000,0.000000,0.000000,0
neos-4300652-rahue,config16,1,FAILED TO FIND AN INTEGER FEASIBLE SOLUTION,11.431508,3600,1185,2,2,1,0.000000,0.000000,21.000000,14.000000,42
neos-4300652-rahue,config16,2,FAILED TO FIND AN INTEGER FEASIBLE SOLUTION,11.487033,3600,843,2,2,1,0.000000,0.000000,27.000000,18.000000,54
neos-4300652-rahue,config16,3,FAILED TO FIND AN INTEGER FEASIBLE SOLUTION,11.527699,3600,774,2,2,1,0.000000,0.000000,26.000000,17.000000,52
neos-4300652-rahue,config17,1,FAILED TO FIND AN INTEGER FEASIBLE SOLUTION,8.278137,3600,1032,1,1,0,0.000000,0.000000,29.333333,15.666667,88
neos-4300652-rahue,config17,2,FAILED TO FIND AN INTEGER FEASIBLE SOLUTION,8.274911,3600,758,1,1,0,0.000000,0.000000,30.000000,16.000000,60
neos-4300652-rahue,config17,3,FAILED TO FIND AN INTEGER FEASIBLE SOLUTION,8.257669,3600,1585,1,1,0,0.000000,0.000000,24.000000,16.000000,50
neos-4300652-rahue,config21,1,FOUND INTEGER FEASIBLE,254.524240,550.516806,15,5,5,5,6.112500,6.112500,0.000000,0.000000,0
neos-4300652-rahue,config21,2,FOUND INTEGER FEASIBLE,254.411379,632.611278,28,5,5,5,5.591600,5.591600,0.000000,0.000000,0
neos-4300652-rahue,config21,3,FOUND INTEGER FEASIBLE,254.791830,574.144705,2,5,5,5,26.425000,26.425000,0.000000,0.000000,0
neos-4300652-rahue,config23,1,FAILED TO FIND AN INTEGER FEASIBLE SOLUTION,254.335094,3600,1185,5,5,5,0.000000,0.000000,30.000000,20.000000,62
neos-4300652-rahue,config23,2,FAILED TO FIND AN INTEGER FEASIBLE SOLUTION,254.072231,3600,1029,5,5,5,0.000000,0.000000,27.000000,18.000000,56
neos-4300652-rahue,config23,3,FAILED TO FIND AN INTEGER FEASIBLE SOLUTION,255.211060,3600,950,5,5,5,0.000000,0.000000,23.000000,14.000000,60
neos-4300652-rahue,config19,1,FOUND INTEGER FEASIBLE,0.000000,119.147833,0,0,-1,-1,2.824000,2.824000,0.000000,0.000000,0
neos-4300652-rahue,config19,2,FOUND INTEGER FEASIBLE,0.000000,119.934057,0,0,-1,-1,2.824000,2.824000,0.000000,0.000000,0
neos-4300652-rahue,config19,3,FOUND INTEGER FEASIBLE,0.000000,119.244598,0,0,-1,-1,2.824000,2.824000,0.000000,0.000000,0
neos-4300652-rahue,config18,1,FOUND INTEGER FEASIBLE,0.000000,80.155328,0,0,-1,-1,2.812600,2.812600,0.000000,0.000000,0
neos-4300652-rahue,config18,2,FOUND INTEGER FEASIBLE,0.000000,80.996123,0,0,-1,-1,2.812600,2.812600,0.000000,0.000000,0
neos-4300652-rahue,config18,3,FOUND INTEGER FEASIBLE,0.000000,81.475288,0,0,-1,-1,2.812600,2.812600,0.000000,0.000000,0
neos-4338804-snowy,config1,1,FOUND INTEGER FEASIBLE,0.000000,0.694730,302,0,-1,-1,2452135.000000,9386.000000,0.000000,0.000000,0
neos-4338804-snowy,config1,2,FOUND INTEGER FEASIBLE,0.000000,0.849402,378,0,-1,-1,378726.000000,10595.000000,0.000000,0.000000,0
neos-4338804-snowy,config1,3,FOUND INTEGER FEASIBLE,0.000000,0.566988,297,0,-1,-1,1399935.000000,11201.000000,0.000000,0.000000,0
neos-4338804-snowy,config3,1,FOUND INTEGER FEASIBLE,0.000000,0.046808,3,0,-1,-1,6916.000000,5951.000000,0.000000,0.000000,0
neos-4338804-snowy,config3,2,FOUND INTEGER FEASIBLE,0.000000,0.030702,1,0,-1,-1,7531.000000,6351.000000,0.000000,0.000000,0
neos-4338804-snowy,config3,3,FOUND INTEGER FEASIBLE,0.000000,0.043677,2,0,-1,-1,7921.000000,6351.000000,0.000000,0.000000,0
neos-4338804-snowy,config20,1,FOUND INTEGER FEASIBLE,0.000000,0.206771,13,0,-1,-1,913483.000000,11269.000000,0.000000,0.000000,0
neos-4338804-snowy,config20,2,FOUND INTEGER FEASIBLE,0.000000,0.217374,14,0,-1,-1,12558.000000,12558.000000,0.000000,0.000000,0
neos-4338804-snowy,config20,3,FOUND INTEGER FEASIBLE,0.000000,0.207290,13,0,-1,-1,2300878.000000,16710.000000,0.000000,0.000000,0
neos-4338804-snowy,config16,1,FOUND INTEGER FEASIBLE,0.011176,0.463638,259,10,2,0,209307.000000,10947.000000,0.000000,0.000000,0
neos-4338804-snowy,config16,2,FOUND INTEGER FEASIBLE,0.010675,0.343607,199,10,1,0,10463.000000,10463.000000,0.000000,0.000000,0
neos-4338804-snowy,config16,3,FOUND INTEGER FEASIBLE,0.023521,0.674912,179,10,1,0,2403604.000000,8646.000000,0.000000,0.000000,0
neos-4338804-snowy,config17,1,FOUND INTEGER FEASIBLE,0.019648,0.108512,31,10,0,0,5953.000000,5623.000000,0.000000,0.000000,0
neos-4338804-snowy,config17,2,FOUND INTEGER FEASIBLE,0.019643,0.080415,12,10,0,0,1476699.000000,7225.000000,0.000000,0.000000,0
neos-4338804-snowy,config17,3,FOUND INTEGER FEASIBLE,0.019743,0.119239,33,10,0,0,229417.000000,11057.000000,0.000000,0.000000,0
neos-4338804-snowy,config21,1,FOUND INTEGER FEASIBLE,0.116931,0.150748,4,10,0,0,7202.000000,6795.000000,0.000000,0.000000,0
neos-4338804-snowy,config21,2,FOUND INTEGER FEASIBLE,0.117163,0.150463,4,10,0,0,7056.000000,6409.000000,0.000000,0.000000,0
neos-4338804-snowy,config21,3,FOUND INTEGER FEASIBLE,0.117004,0.149428,3,10,0,0,6668.000000,6205.000000,0.000000,0.000000,0
neos-4338804-snowy,config23,1,FOUND INTEGER FEASIBLE,0.116980,0.147679,2,10,0,0,365865.000000,7425.000000,0.000000,0.000000,0
neos-4338804-snowy,config23,2,FOUND INTEGER FEASIBLE,0.117231,0.146868,2,10,0,0,365865.000000,7425.000000,0.000000,0.000000,0
neos-4338804-snowy,config23,3,FOUND INTEGER FEASIBLE,0.116845,0.147644,2,10,0,0,365865.000000,7425.000000,0.000000,0.000000,0
neos-4338804-snowy,config19,1,FOUND INTEGER FEASIBLE,0.000000,0.026040,0,0,-1,-1,17473.000000,17473.000000,0.000000,0.000000,0
neos-4338804-snowy,config19,2,FOUND INTEGER FEASIBLE,0.000000,0.015742,0,0,-1,-1,17473.000000,17473.000000,0.000000,0.000000,0
neos-4338804-snowy,config19,3,FOUND INTEGER FEASIBLE,0.000000,0.039745,0,0,-1,-1,17473.000000,17473.000000,0.000000,0.000000,0
neos-4338804-snowy,config18,1,FOUND INTEGER FEASIBLE,0.000000,0.017694,0,0,-1,-1,17473.000000,17473.000000,0.000000,0.000000,0
neos-4338804-snowy,config18,2,FOUND INTEGER FEASIBLE,0.000000,0.023991,0,0,-1,-1,17473.000000,17473.000000,0.000000,0.000000,0
neos-4338804-snowy,config18,3,FOUND INTEGER FEASIBLE,0.000000,0.019723,0,0,-1,-1,17473.000000,17473.000000,0.000000,0.000000,0
neos-4387871-tavua,config1,1,FAILED TO FIND AN INTEGER FEASIBLE SOLUTION,0.000000,90.674832,12000,0,-1,-1,0.000000,0.000000,0.076923,0.076923,1
neos-4387871-tavua,config1,2,FAILED TO FIND AN INTEGER FEASIBLE SOLUTION,0.000000,91.075129,12000,0,-1,-1,0.000000,0.000000,0.076923,0.076923,1
neos-4387871-tavua,config1,3,FAILED TO FIND AN INTEGER FEASIBLE SOLUTION,0.000000,90.362955,12000,0,-1,-1,0.000000,0.000000,0.076923,0.076923,1
neos-4387871-tavua,config3,1,FOUND INTEGER FEASIBLE,0.000000,85.736255,11365,0,-1,-1,324.675720,324.675720,0.000000,0.000000,0
neos-4387871-tavua,config3,2,FOUND INTEGER FEASIBLE,0.000000,72.679194,9429,0,-1,-1,337.089930,337.089930,0.000000,0.000000,0
neos-4387871-tavua,config3,3,FOUND INTEGER FEASIBLE,0.000000,49.990150,6709,0,-1,-1,297.391520,297.391520,0.000000,0.000000,0
neos-4387871-tavua,config20,1,FOUND INTEGER FEASIBLE,0.000000,49.067703,10011,0,-1,-1,302.119410,302.119410,0.000000,0.000000,0
neos-4387871-tavua,config20,2,FAILED TO FIND AN INTEGER FEASIBLE SOLUTION,0.000000,58.561914,12000,0,-1,-1,0.000000,0.000000,0.076923,0.076923,1
neos-4387871-tavua,config20,3,FAILED TO FIND AN INTEGER FEASIBLE SOLUTION,0.000000,58.367959,12000,0,-1,-1,0.000000,0.000000,0.076923,0.076923,1
neos-4387871-tavua,config16,1,FOUND INTEGER FEASIBLE,0.068639,23.394530,4748,2,2,0,291.219940,291.219940,0.000000,0.000000,0
neos-4387871-tavua,config16,2,FAILED TO FIND AN INTEGER FEASIBLE SOLUTION,0.075459,58.497966,12000,2,2,0,0.000000,0.000000,0.076923,0.076923,1
neos-4387871-tavua,config16,3,FOUND INTEGER FEASIBLE,0.067810,30.483767,6154,2,2,0,279.977310,279.977310,0.000000,0.000000,0
neos-4387871-tavua,config17,1,FAILED TO FIND AN INTEGER FEASIBLE SOLUTION,0.045288,59.154608,12000,3,3,0,0.000000,0.000000,0.076923,0.076923,1
neos-4387871-tavua,config17,2,FOUND INTEGER FEASIBLE,0.045636,7.522367,1444,3,3,0,286.048360,286.048360,0.000000,0.000000,0
neos-4387871-tavua,config17,3,FAILED TO FIND AN INTEGER FEASIBLE SOLUTION,0.045203,59.409077,12000,3,3,0,0.000000,0.000000,0.076923,0.076923,1
neos-4387871-tavua,config21,1,FAILED TO FIND AN INTEGER FEASIBLE SOLUTION,2.644649,56.036131,12000,6,6,5,0.000000,0.000000,0.153846,0.153846,2
neos-4387871-tavua,config21,2,FOUND INTEGER FEASIBLE,3.023079,54.020947,11098,6,6,5,287.391520,287.391520,0.000000,0.000000,0
neos-4387871-tavua,config21,3,FAILED TO FIND AN INTEGER FEASIBLE SOLUTION,2.655506,56.848669,12000,6,6,5,0.000000,0.000000,0.076923,0.076923,1
neos-4387871-tavua,config23,1,FOUND INTEGER FEASIBLE,2.653527,4.884602,539,6,6,5,299.018880,299.018880,0.000000,0.000000,0
neos-4387871-tavua,config23,2,FAILED TO FIND AN INTEGER FEASIBLE SOLUTION,2.657422,55.608301,12000,6,6,5,0.000000,0.000000,0.076923,0.076923,1
neos-4387871-tavua,config23,3,FAILED TO FIND AN INTEGER FEASIBLE SOLUTION,2.653367,54.751988,12000,6,6,5,0.000000,0.000000,0.076923,0.076923,1
neos-4387871-tavua,config19,1,FOUND INTEGER FEASIBLE,0.000000,8.569118,0,0,-1,-1,39.142100,39.142100,0.000000,0.000000,0
neos-4387871-tavua,config19,2,FOUND INTEGER FEASIBLE,0.000000,7.561018,0,0,-1,-1,39.142100,39.142100,0.000000,0.000000,0
neos-4387871-tavua,config19,3,FOUND INTEGER FEASIBLE,0.000000,8.590215,0,0,-1,-1,39.142100,39.142100,0.000000,0.000000,0
neos-4387871-tavua,config18,1,FOUND INTEGER FEASIBLE,0.000000,1.999394,0,0,-1,-1,45.213150,45.213150,0.000000,0.000000,0
neos-4387871-tavua,config18,2,FOUND INTEGER FEASIBLE,0.000000,1.953987,0,0,-1,-1,45.213150,45.213150,0.000000,0.000000,0
neos-4387871-tavua,config18,3,FOUND INTEGER FEASIBLE,0.000000,1.960641,0,0,-1,-1,45.213150,45.213150,0.000000,0.000000,0
neos-4413714-turia,config1,1,FOUND INTEGER FEASIBLE,0.000000,17.041451,1,0,-1,-1,276.575526,276.575526,0.000000,0.000000,0
neos-4413714-turia,config1,2,FOUND INTEGER FEASIBLE,0.000000,17.010123,1,0,-1,-1,276.575526,276.575526,0.000000,0.000000,0
neos-4413714-turia,config1,3,FOUND INTEGER FEASIBLE,0.000000,17.045735,1,0,-1,-1,276.575526,276.575526,0.000000,0.000000,0
neos-4413714-turia,config3,1,FOUND INTEGER FEASIBLE,0.000000,26.064404,2,0,-1,-1,59710.034081,499.626115,0.000000,0.000000,0
neos-4413714-turia,config3,2,FOUND INTEGER FEASIBLE,0.000000,14.697122,1,0,-1,-1,59710.034081,499.626115,0.000000,0.000000,0
neos-4413714-turia,config3,3,FOUND INTEGER FEASIBLE,0.000000,37.410603,3,0,-1,-1,59710.034081,499.626115,0.000000,0.000000,0
neos-4413714-turia,config20,1,FOUND INTEGER FEASIBLE,0.000000,4.909612,2,0,-1,-1,59710.034081,499.796109,0.000000,0.000000,0
neos-4413714-turia,config20,2,FOUND INTEGER FEASIBLE,0.000000,3.719452,1,0,-1,-1,59710.034081,499.796109,0.000000,0.000000,0
neos-4413714-turia,config20,3,FOUND INTEGER FEASIBLE,0.000000,6.255768,6,0,-1,-1,59710.034081,499.796109,0.000000,0.000000,0
neos-4413714-turia,config16,1,FOUND INTEGER FEASIBLE,31.607789,37.451610,1,12,2,2,356.809053,356.809053,0.000000,0.000000,0
neos-4413714-turia,config16,2,FOUND INTEGER FEASIBLE,31.637317,37.540283,1,12,2,2,356.809053,356.809053,0.000000,0.000000,0
neos-4413714-turia,config16,3,FOUND INTEGER FEASIBLE,31.702363,37.530920,1,12,2,2,356.809053,356.809053,0.000000,0.000000,0
neos-4413714-turia,config17,1,FOUND INTEGER FEASIBLE,1.350474,3.496587,1,4,1,1,499.776307,499.478160,0.000000,0.000000,0
neos-4413714-turia,config17,2,FOUND INTEGER FEASIBLE,1.348173,3.494425,1,4,1,1,499.776307,499.478160,0.000000,0.000000,0
neos-4413714-turia,config17,3,FOUND INTEGER FEASIBLE,1.336690,3.476361,2,4,1,1,499.776307,499.478160,0.000000,0.000000,0
neos-4413714-turia,config21,1,FOUND INTEGER FEASIBLE,1.336962,6.615895,3,2,1,1,59710.034081,499.635492,0.000000,0.000000,0
neos-4413714-turia,config21,2,FOUND INTEGER FEASIBLE,1.346529,7.116207,4,2,1,1,59710.034081,499.635492,0.000000,0.000000,0
neos-4413714-turia,config21,3,FOUND INTEGER FEASIBLE,1.342187,7.563593,5,2,1,1,59710.034081,499.635492,0.000000,0.000000,0
neos-4413714-turia,config23,1,FOUND INTEGER FEASIBLE,1.349516,6.690245,2,2,1,1,59710.034081,499.626115,0.000000,0.000000,0
neos-4413714-turia,config23,2,FOUND INTEGER FEASIBLE,1.349824,5.973113,1,2,1,1,59710.034081,499.626115,0.000000,0.000000,0
neos-4413714-turia,config23,3,FOUND INTEGER FEASIBLE,1.343650,7.440849,3,2,1,1,59710.034081,499.626115,0.000000,0.000000,0
neos-4413714-turia,config19,1,FOUND INTEGER FEASIBLE,0.000000,4.500937,0,0,-1,-1,499.635492,499.635492,0.000000,0.000000,0
neos-4413714-turia,config19,2,FOUND INTEGER FEASIBLE,0.000000,4.383954,0,0,-1,-1,499.635492,499.635492,0.000000,0.000000,0
neos-4413714-turia,config19,3,FOUND INTEGER FEASIBLE,0.000000,4.344328,0,0,-1,-1,499.635492,499.635492,0.000000,0.000000,0
neos-4413714-turia,config18,1,FOUND INTEGER FEASIBLE,0.000000,4.510370,0,0,-1,-1,499.635492,499.635492,0.000000,0.000000,0
neos-4413714-turia,config18,2,FOUND INTEGER FEASIBLE,0.000000,4.175328,0,0,-1,-1,499.635492,499.635492,0.000000,0.000000,0
neos-4413714-turia,config18,3,FOUND INTEGER FEASIBLE,0.000000,4.389205,0,0,-1,-1,499.635492,499.635492,0.000000,0.000000,0
neos-4532248-waihi,config1,1,FAILED TO FIND AN INTEGER FEASIBLE SOLUTION,0.000000,3600,9378,0,-1,-1,0.000000,0.000000,0.545455,0.545455,2
neos-4532248-waihi,config1,2,FAILED TO FIND AN INTEGER FEASIBLE SOLUTION,0.000000,3600,9671,0,-1,-1,0.000000,0.000000,2.206216,2.206216,21
neos-4532248-waihi,config1,3,FAILED TO FIND AN INTEGER FEASIBLE SOLUTION,0.000000,3600,10257,0,-1,-1,0.000000,0.000000,1.203539,1.203539,10
neos-4532248-waihi,config3,1,FAILED TO FIND AN INTEGER FEASIBLE SOLUTION,0.000000,3600,9430,0,-1,-1,0.000000,0.000000,1.941270,1.941270,13
neos-4532248-waihi,config3,2,FAILED TO FIND AN INTEGER FEASIBLE SOLUTION,0.000000,3600,9084,0,-1,-1,0.000000,0.000000,1.936508,1.936508,10
neos-4532248-waihi,config3,3,FAILED TO FIND AN INTEGER FEASIBLE SOLUTION,0.000000,3600,9523,0,-1,-1,0.000000,0.000000,1.763966,2.002061,9
neos-4532248-waihi,config20,1,FAILED TO FIND AN INTEGER FEASIBLE SOLUTION,0.000000,2430.728666,12000,0,-1,-1,0.000000,0.000000,2.365186,2.365186,20
neos-4532248-waihi,config20,2,FAILED TO FIND AN INTEGER FEASIBLE SOLUTION,0.000000,2384.005190,12000,0,-1,-1,0.000000,0.000000,2.659906,2.659906,17
neos-4532248-waihi,config20,3,FAILED TO FIND AN INTEGER FEASIBLE SOLUTION,0.000000,2384.757295,12000,0,-1,-1,0.000000,0.000000,3.521046,3.521046,17
neos-4532248-waihi,config16,1,FAILED TO FIND AN INTEGER FEASIBLE SOLUTION,2506.642900,3600,599,10,10,9,0.000000,0.000000,3.036356,3.154003,17
neos-4532248-waihi,config16,2,FAILED TO FIND AN INTEGER FEASIBLE SOLUTION,2496.391349,3600,716,10,10,9,0.000000,0.000000,3.013318,3.413318,19
neos-4532248-waihi,config16,3,FAILED TO FIND AN INTEGER FEASIBLE SOLUTION,2500.216834,3600,620,10,10,9,0.000000,0.000000,2.509608,2.509608,16
neos-4532248-waihi,config17,1,FOUND INTEGER FEASIBLE,2.064640,132.038324,596,10,6,1,646.400000,589.100000,0.000000,0.000000,0
neos-4532248-waihi,config17,2,FAILED TO FIND AN INTEGER FEASIBLE SOLUTION,1.550259,2761.643860,12000,10,10,1,0.000000,0.000000,0.190476,0.190476,2
neos-4532248-waihi,config17,3,FAILED TO FIND AN INTEGER FEASIBLE SOLUTION,1.576926,2763.648247,12000,10,10,1,0.000000,0.000000,0.649351,0.649351,3
neos-4532248-waihi,config21,1,FAILED TO FIND AN INTEGER FEASIBLE SOLUTION,1.438597,2772.610135,12000,13,13,10,0.000000,0.000000,1.616242,1.616242,11
neos-4532248-waihi,config21,2,FAILED TO FIND AN INTEGER FEASIBLE SOLUTION,1.398649,2627.131499,12000,13,13,10,0.000000,0.000000,2.196844,2.196844,16
neos-4532248-waihi,config21,3,FAILED TO FIND AN INTEGER FEASIBLE SOLUTION,1.378862,2336.932546,12000,13,13,10,0.000000,0.000000,2.908807,2.908807,20
neos-4532248-waihi,config23,1,FAILED TO FIND AN INTEGER FEASIBLE SOLUTION,1.383524,2712.090256,12000,13,13,10,0.000000,0.000000,0.545455,0.545455,2
neos-4532248-waihi,config23,2,FAILED TO FIND AN INTEGER FEASIBLE SOLUTION,1.382229,2793.170127,12000,13,13,10,0.000000,0.000000,1.642312,1.642312,17
neos-4532248-waihi,config23,3,FAILED TO FIND AN INTEGER FEASIBLE SOLUTION,1.369013,2525.896269,12000,13,13,10,0.000000,0.000000,1.212121,1.212121,5
neos-4532248-waihi,config19,1,FAILED TO FIND AN INTEGER FEASIBLE SOLUTION,0.000000,3600,0,0,-1,-1,0.000000,0.000000,inf,inf,0
neos-4532248-waihi,config19,2,FAILED TO FIND AN INTEGER FEASIBLE SOLUTION,0.000000,3600,0,0,-1,-1,0.000000,0.000000,inf,inf,0
neos-4532248-waihi,config19,3,FAILED TO FIND AN INTEGER FEASIBLE SOLUTION,0.000000,3600,0,0,-1,-1,0.000000,0.000000,inf,inf,0
neos-4532248-waihi,config18,1,FAILED TO FIND AN INTEGER FEASIBLE SOLUTION,0.000000,3600,0,0,-1,-1,0.000000,0.000000,inf,inf,0
neos-4532248-waihi,config18,2,FAILED TO FIND AN INTEGER FEASIBLE SOLUTION,0.000000,3600,0,0,-1,-1,0.000000,0.000000,inf,inf,0
neos-4532248-waihi,config18,3,FAILED TO FIND AN INTEGER FEASIBLE SOLUTION,0.000000,3600,0,0,-1,-1,0.000000,0.000000,inf,inf,0
neos-4647030-tutaki,config1,1,FOUND INTEGER FEASIBLE,0.000000,14.526261,6,0,-1,-1,31300.252400,31300.252400,0.000000,0.000000,0
neos-4647030-tutaki,config1,2,FOUND INTEGER FEASIBLE,0.000000,15.989237,7,0,-1,-1,31515.091500,31515.091500,0.000000,0.000000,0
neos-4647030-tutaki,config1,3,FOUND INTEGER FEASIBLE,0.000000,8.200525,1,0,-1,-1,32543.725500,32543.725500,0.000000,0.000000,0
neos-4647030-tutaki,config3,1,FOUND INTEGER FEASIBLE,0.000000,12.265129,5,0,-1,-1,41004.831700,41004.831700,0.000000,0.000000,0
neos-4647030-tutaki,config3,2,FOUND INTEGER FEASIBLE,0.000000,14.696602,7,0,-1,-1,38732.713100,38732.713100,0.000000,0.000000,0
neos-4647030-tutaki,config3,3,FOUND INTEGER FEASIBLE,0.000000,11.766221,5,0,-1,-1,47361.310400,47361.310400,0.000000,0.000000,0
neos-4647030-tutaki,config20,1,FOUND INTEGER FEASIBLE,0.000000,5.180388,1,0,-1,-1,97486.726600,97486.726600,0.000000,0.000000,0
neos-4647030-tutaki,config20,2,FOUND INTEGER FEASIBLE,0.000000,5.473339,1,0,-1,-1,80549.875100,80549.875100,0.000000,0.000000,0
neos-4647030-tutaki,config20,3,FOUND INTEGER FEASIBLE,0.000000,5.486293,1,0,-1,-1,88098.276200,88098.276200,0.000000,0.000000,0
neos-4647030-tutaki,config16,1,FOUND INTEGER FEASIBLE,5.973991,14.422126,4,12,0,0,28301.773500,28301.773500,0.000000,0.000000,0
neos-4647030-tutaki,config16,2,FOUND INTEGER FEASIBLE,5.965851,14.842258,6,12,0,0,28765.737000,28765.737000,0.000000,0.000000,0
neos-4647030-tutaki,config16,3,FOUND INTEGER FEASIBLE,5.974234,13.583402,2,12,0,0,29759.944500,29759.944500,0.000000,0.000000,0
neos-4647030-tutaki,config17,1,FOUND INTEGER FEASIBLE,4.814073,12.466862,2,11,0,0,37136.338200,37136.338200,0.000000,0.000000,0
neos-4647030-tutaki,config17,2,FOUND INTEGER FEASIBLE,4.833967,12.291648,4,11,0,0,36184.124400,36184.124400,0.000000,0.000000,0
neos-4647030-tutaki,config17,3,FOUND INTEGER FEASIBLE,4.787307,12.048135,1,11,0,0,37929.849700,37929.849700,0.000000,0.000000,0
neos-4647030-tutaki,config21,1,FOUND INTEGER FEASIBLE,1.728164,8.543600,1,10,0,0,92555.084500,92555.084500,0.000000,0.000000,0
neos-4647030-tutaki,config21,2,FOUND INTEGER FEASIBLE,1.727178,8.620716,1,10,0,0,83520.738700,83520.738700,0.000000,0.000000,0
neos-4647030-tutaki,config21,3,FOUND INTEGER FEASIBLE,1.734611,8.750205,1,10,0,0,86907.164300,86907.164300,0.000000,0.000000,0
neos-4647030-tutaki,config23,1,FOUND INTEGER FEASIBLE,1.722930,13.115109,6,10,0,0,44754.048600,44754.048600,0.000000,0.000000,0
neos-4647030-tutaki,config23,2,FOUND INTEGER FEASIBLE,1.738899,13.825276,7,10,0,0,39440.428400,39440.428400,0.000000,0.000000,0
neos-4647030-tutaki,config23,3,FOUND INTEGER FEASIBLE,1.733513,10.526880,4,10,0,0,45071.453200,45071.453200,0.000000,0.000000,0
neos-4647030-tutaki,config19,1,FOUND INTEGER FEASIBLE,0.000000,25.142838,0,0,-1,-1,27271.257000,27271.257000,0.000000,0.000000,0
neos-4647030-tutaki,config19,2,FOUND INTEGER FEASIBLE,0.000000,24.828257,0,0,-1,-1,27271.257000,27271.257000,0.000000,0.000000,0
neos-4647030-tutaki,config19,3,FOUND INTEGER FEASIBLE,0.000000,24.734426,0,0,-1,-1,27271.257000,27271.257000,0.000000,0.000000,0
neos-4647030-tutaki,config18,1,FOUND INTEGER FEASIBLE,0.000000,44.235810,0,0,-1,-1,27271.257000,27271.257000,0.000000,0.000000,0
neos-4647030-tutaki,config18,2,FOUND INTEGER FEASIBLE,0.000000,43.775122,0,0,-1,-1,27271.257000,27271.257000,0.000000,0.000000,0
neos-4647030-tutaki,config18,3,FOUND INTEGER FEASIBLE,0.000000,43.818588,0,0,-1,-1,27271.257000,27271.257000,0.000000,0.000000,0
neos-4722843-widden,config1,1,FOUND INTEGER FEASIBLE,0.000000,7.022469,6,0,-1,-1,29943.647525,29943.647525,0.000000,0.000000,0
neos-4722843-widden,config1,2,FOUND INTEGER FEASIBLE,0.000000,16.801438,22,0,-1,-1,28187.623762,28187.623762,0.000000,0.000000,0
neos-4722843-widden,config1,3,FOUND INTEGER FEASIBLE,0.000000,6.938679,4,0,-1,-1,30043.647525,30043.647525,0.000000,0.000000,0
neos-4722843-widden,config3,1,FOUND INTEGER FEASIBLE,0.000000,5.647935,3,0,-1,-1,121379.464286,121379.464286,0.000000,0.000000,0
neos-4722843-widden,config3,2,FOUND INTEGER FEASIBLE,0.000000,15.251447,25,0,-1,-1,31665.623762,31665.623762,0.000000,0.000000,0
neos-4722843-widden,config3,3,FOUND INTEGER FEASIBLE,0.000000,6.957382,11,0,-1,-1,30803.623762,30803.623762,0.000000,0.000000,0
neos-4722843-widden,config20,1,FOUND INTEGER FEASIBLE,0.000000,7.653564,6,0,-1,-1,38005.007407,38005.007407,0.000000,0.000000,0
neos-4722843-widden,config20,2,FOUND INTEGER FEASIBLE,0.000000,5.542440,6,0,-1,-1,32838.659406,32838.659406,0.000000,0.000000,0
neos-4722843-widden,config20,3,FOUND INTEGER FEASIBLE,0.000000,5.352552,4,0,-1,-1,33470.797030,33470.797030,0.000000,0.000000,0
neos-4722843-widden,config16,1,FOUND INTEGER FEASIBLE,0.444137,9.345421,3,13,12,12,30949.647525,30949.647525,0.000000,0.000000,0
neos-4722843-widden,config16,2,FOUND INTEGER FEASIBLE,0.444281,20.790373,28,13,12,12,28569.235644,28569.235644,0.000000,0.000000,0
neos-4722843-widden,config16,3,FOUND INTEGER FEASIBLE,0.445415,8.055775,3,13,12,12,30949.647525,30949.647525,0.000000,0.000000,0
neos-4722843-widden,config17,1,FOUND INTEGER FEASIBLE,1.388756,7.481356,1,5,2,2,108042.196429,108042.196429,0.000000,0.000000,0
neos-4722843-widden,config17,2,FOUND INTEGER FEASIBLE,1.390358,8.493374,1,5,2,2,108042.196429,108042.196429,0.000000,0.000000,0
neos-4722843-widden,config17,3,FOUND INTEGER FEASIBLE,1.391056,8.490209,1,5,2,2,108042.196429,108042.196429,0.000000,0.000000,0
neos-4722843-widden,config21,1,FOUND INTEGER FEASIBLE,1.434537,11.022735,6,8,8,8,36288.727723,36288.727723,0.000000,0.000000,0
neos-4722843-widden,config21,2,FOUND INTEGER FEASIBLE,1.449027,10.727638,6,8,8,8,32838.659406,32838.659406,0.000000,0.000000,0
neos-4722843-widden,config21,3,FOUND INTEGER FEASIBLE,1.434992,11.435003,4,8,8,8,34351.727723,34351.727723,0.000000,0.000000,0
neos-4722843-widden,config23,1,FOUND INTEGER FEASIBLE,1.437545,8.985610,3,8,8,8,121379.464286,121379.464286,0.000000,0.000000,0
neos-4722843-widden,config23,2,FOUND INTEGER FEASIBLE,1.434405,17.350376,24,8,8,8,30071.880952,30071.880952,0.000000,0.000000,0
neos-4722843-widden,config23,3,FOUND INTEGER FEASIBLE,1.440760,9.260952,6,8,8,8,30433.623762,30433.623762,0.000000,0.000000,0
neos-4722843-widden,config19,1,FOUND INTEGER FEASIBLE,0.000000,5.977409,0,0,-1,-1,36646.200000,36646.200000,0.000000,0.000000,0
neos-4722843-widden,config19,2,FOUND INTEGER FEASIBLE,0.000000,5.936433,0,0,-1,-1,36646.200000,36646.200000,0.000000,0.000000,0
neos-4722843-widden,config19,3,FOUND INTEGER FEASIBLE,0.000000,5.942220,0,0,-1,-1,36646.200000,36646.200000,0.000000,0.000000,0
neos-4722843-widden,config18,1,FOUND INTEGER FEASIBLE,0.000000,5.011599,0,0,-1,-1,36646.200000,36646.200000,0.000000,0.000000,0
neos-4722843-widden,config18,2,FOUND INTEGER FEASIBLE,0.000000,5.969603,0,0,-1,-1,36646.200000,36646.200000,0.000000,0.000000,0
neos-4722843-widden,config18,3,FOUND INTEGER FEASIBLE,0.000000,5.964809,0,0,-1,-1,36646.200000,36646.200000,0.000000,0.000000,0
neos-4738912-atrato,config1,1,FOUND INTEGER FEASIBLE,0.000000,0.109293,2,0,-1,-1,304164070.748170,304164070.748170,0.000000,0.000000,0
neos-4738912-atrato,config1,2,FOUND INTEGER FEASIBLE,0.000000,0.150564,3,0,-1,-1,317202686.674770,317202686.674770,0.000000,0.000000,0
neos-4738912-atrato,config1,3,FOUND INTEGER FEASIBLE,0.000000,0.099311,2,0,-1,-1,339976250.868070,339976250.868070,0.000000,0.000000,0
neos-4738912-atrato,config3,1,FOUND INTEGER FEASIBLE,0.000000,0.101484,1,0,-1,-1,730355641.654900,730355641.654900,0.000000,0.000000,0
neos-4738912-atrato,config3,2,FOUND INTEGER FEASIBLE,0.000000,0.099478,1,0,-1,-1,702300387.277200,702300387.277200,0.000000,0.000000,0
neos-4738912-atrato,config3,3,FOUND INTEGER FEASIBLE,0.000000,0.095867,1,0,-1,-1,898975734.307000,898975734.307000,0.000000,0.000000,0
neos-4738912-atrato,config20,1,FOUND INTEGER FEASIBLE,0.000000,0.145060,0,0,-1,-1,2443426211.438781,2443426211.438780,0.000000,0.000000,0
neos-4738912-atrato,config20,2,FOUND INTEGER FEASIBLE,0.000000,0.142343,0,0,-1,-1,2443426211.438781,2443426211.438780,0.000000,0.000000,0
neos-4738912-atrato,config20,3,FOUND INTEGER FEASIBLE,0.000000,0.141126,0,0,-1,-1,2443426211.438781,2443426211.438780,0.000000,0.000000,0
neos-4738912-atrato,config16,1,FOUND INTEGER FEASIBLE,0.025392,0.168784,3,12,1,1,301717237.398510,301717237.398510,0.000000,0.000000,0
neos-4738912-atrato,config16,2,FOUND INTEGER FEASIBLE,0.013610,0.098442,4,12,1,1,307075486.852410,307075486.852410,0.000000,0.000000,0
neos-4738912-atrato,config16,3,FOUND INTEGER FEASIBLE,0.024467,0.162508,3,12,1,1,301717237.398510,301717237.398510,0.000000,0.000000,0
neos-4738912-atrato,config17,1,FOUND INTEGER FEASIBLE,0.060057,0.152015,3,10,0,0,466291605.902170,466291605.902170,0.000000,0.000000,0
neos-4738912-atrato,config17,2,FOUND INTEGER FEASIBLE,0.092193,0.226973,4,10,0,0,449220034.365010,449220034.365010,0.000000,0.000000,0
neos-4738912-atrato,config17,3,FOUND INTEGER FEASIBLE,0.092438,0.214638,1,10,0,0,647286429.659449,647286429.659450,0.000000,0.000000,0
neos-4738912-atrato,config21,1,FOUND INTEGER FEASIBLE,0.017868,0.132842,0,1,1,1,2443426211.438781,2443426211.438780,0.000000,0.000000,0
neos-4738912-atrato,config21,2,FOUND INTEGER FEASIBLE,0.017797,0.133276,0,1,1,1,2443426211.438781,2443426211.438780,0.000000,0.000000,0
neos-4738912-atrato,config21,3,FOUND INTEGER FEASIBLE,0.017837,0.131760,0,1,1,1,2443426211.438781,2443426211.438780,0.000000,0.000000,0
neos-4738912-atrato,config23,1,FOUND INTEGER FEASIBLE,0.017792,0.145667,1,1,1,1,730355641.654900,730355641.654900,0.000000,0.000000,0
neos-4738912-atrato,config23,2,FOUND INTEGER FEASIBLE,0.017832,0.144377,1,1,1,1,702300387.277200,702300387.277200,0.000000,0.000000,0
neos-4738912-atrato,config23,3,FOUND INTEGER FEASIBLE,0.017806,0.143977,1,1,1,1,898975734.307000,898975734.307000,0.000000,0.000000,0
neos-4738912-atrato,config19,1,FOUND INTEGER FEASIBLE,0.000000,0.098757,0,0,-1,-1,2443426211.438781,2443426211.438780,0.000000,0.000000,0
neos-4738912-atrato,config19,2,FOUND INTEGER FEASIBLE,0.000000,0.093934,0,0,-1,-1,2443426211.438781,2443426211.438780,0.000000,0.000000,0
neos-4738912-atrato,config19,3,FOUND INTEGER FEASIBLE,0.000000,0.056942,0,0,-1,-1,2443426211.438781,2443426211.438780,0.000000,0.000000,0
neos-4738912-atrato,config18,1,FOUND INTEGER FEASIBLE,0.000000,0.097685,0,0,-1,-1,2443426211.438781,2443426211.438780,0.000000,0.000000,0
neos-4738912-atrato,config18,2,FOUND INTEGER FEASIBLE,0.000000,0.053645,0,0,-1,-1,2443426211.438781,2443426211.438780,0.000000,0.000000,0
neos-4738912-atrato,config18,3,FOUND INTEGER FEASIBLE,0.000000,0.089570,0,0,-1,-1,2443426211.438781,2443426211.438780,0.000000,0.000000,0
neos-4763324-toguru,config1,1,FOUND INTEGER FEASIBLE,0.000000,8.996519,2,0,-1,-1,8629.144133,8629.144133,0.000000,0.000000,0
neos-4763324-toguru,config1,2,FOUND INTEGER FEASIBLE,0.000000,8.985173,2,0,-1,-1,8689.576366,8689.576366,0.000000,0.000000,0
neos-4763324-toguru,config1,3,FOUND INTEGER FEASIBLE,0.000000,8.750968,2,0,-1,-1,8706.020329,8706.020329,0.000000,0.000000,0
neos-4763324-toguru,config3,1,FOUND INTEGER FEASIBLE,0.000000,2.101205,0,0,-1,-1,10366.585214,9190.847746,0.000000,0.000000,0
neos-4763324-toguru,config3,2,FOUND INTEGER FEASIBLE,0.000000,2.085933,0,0,-1,-1,10366.585214,9190.847746,0.000000,0.000000,0
neos-4763324-toguru,config3,3,FOUND INTEGER FEASIBLE,0.000000,1.170264,0,0,-1,-1,10366.585214,9190.847746,0.000000,0.000000,0
neos-4763324-toguru,config20,1,FOUND INTEGER FEASIBLE,0.000000,1.374522,0,0,-1,-1,10366.585214,9190.847746,0.000000,0.000000,0
neos-4763324-toguru,config20,2,FOUND INTEGER FEASIBLE,0.000000,2.308810,0,0,-1,-1,10366.585214,9190.847746,0.000000,0.000000,0
neos-4763324-toguru,config20,3,FOUND INTEGER FEASIBLE,0.000000,2.273926,0,0,-1,-1,10366.585214,9190.847746,0.000000,0.000000,0
neos-4763324-toguru,config16,1,FOUND INTEGER FEASIBLE,18.672174,23.243113,92,12,1,0,4922.933514,3563.191580,0.000000,0.000000,0
neos-4763324-toguru,config16,2,FOUND INTEGER FEASIBLE,18.687590,23.722985,102,12,1,0,4912.720260,3552.978327,0.000000,0.000000,0
neos-4763324-toguru,config16,3,FOUND INTEGER FEASIBLE,18.742651,23.594116,103,12,1,0,5132.235575,3772.493642,0.000000,0.000000,0
neos-4763324-toguru,config17,1,FOUND INTEGER FEASIBLE,0.332802,3.495001,0,0,0,0,10366.585214,9190.847746,0.000000,0.000000,0
neos-4763324-toguru,config17,2,FOUND INTEGER FEASIBLE,0.430895,3.832975,0,0,0,0,10366.585214,9190.847746,0.000000,0.000000,0
neos-4763324-toguru,config17,3,FOUND INTEGER FEASIBLE,0.315180,3.514588,0,0,0,0,10366.585214,9190.847746,0.000000,0.000000,0
neos-4763324-toguru,config21,1,FOUND INTEGER FEASIBLE,0.320343,3.521001,0,0,0,0,10366.585214,9190.847746,0.000000,0.000000,0
neos-4763324-toguru,config21,2,FOUND INTEGER FEASIBLE,0.317710,3.506289,0,0,0,0,10366.585214,9190.847746,0.000000,0.000000,0
neos-4763324-toguru,config21,3,FOUND INTEGER FEASIBLE,0.317362,3.504528,0,0,0,0,10366.585214,9190.847746,0.000000,0.000000,0
neos-4763324-toguru,config23,1,FOUND INTEGER FEASIBLE,0.316738,3.509238,0,0,0,0,10366.585214,9190.847746,0.000000,0.000000,0
neos-4763324-toguru,config23,2,FOUND INTEGER FEASIBLE,0.316008,3.510117,0,0,0,0,10366.585214,9190.847746,0.000000,0.000000,0
neos-4763324-toguru,config23,3,FOUND INTEGER FEASIBLE,0.318153,3.505016,0,0,0,0,10366.585214,9190.847746,0.000000,0.000000,0
neos-4763324-toguru,config19,1,FOUND INTEGER FEASIBLE,0.000000,1.891358,0,0,-1,-1,9538.566213,9538.566213,0.000000,0.000000,0
neos-4763324-toguru,config19,2,FOUND INTEGER FEASIBLE,0.000000,3.378525,0,0,-1,-1,9538.566213,9538.566213,0.000000,0.000000,0
neos-4763324-toguru,config19,3,FOUND INTEGER FEASIBLE,0.000000,2.870592,0,0,-1,-1,9538.566213,9538.566213,0.000000,0.000000,0
neos-4763324-toguru,config18,1,FOUND INTEGER FEASIBLE,0.000000,3.263418,0,0,-1,-1,9538.566213,9538.566213,0.000000,0.000000,0
neos-4763324-toguru,config18,2,FOUND INTEGER FEASIBLE,0.000000,2.822509,0,0,-1,-1,9538.566213,9538.566213,0.000000,0.000000,0
neos-4763324-toguru,config18,3,FOUND INTEGER FEASIBLE,0.000000,2.834636,0,0,-1,-1,9538.566213,9538.566213,0.000000,0.000000,0
neos-4954672-berkel,config1,1,FOUND INTEGER FEASIBLE,0.000000,0.034764,1,0,-1,-1,7311505.000000,7231705.000000,0.000000,0.000000,0
neos-4954672-berkel,config1,2,FOUND INTEGER FEASIBLE,0.000000,0.026648,1,0,-1,-1,10905548.000000,10905548.000000,0.000000,0.000000,0
neos-4954672-berkel,config1,3,FOUND INTEGER FEASIBLE,0.000000,0.035952,1,0,-1,-1,7142813.000000,7021982.000000,0.000000,0.000000,0
neos-4954672-berkel,config3,1,FOUND INTEGER FEASIBLE,0.000000,0.021850,0,0,-1,-1,11182960.000000,11182960.000000,0.000000,0.000000,0
neos-4954672-berkel,config3,2,FOUND INTEGER FEASIBLE,0.000000,0.027784,0,0,-1,-1,11182960.000000,11182960.000000,0.000000,0.000000,0
neos-4954672-berkel,config3,3,FOUND INTEGER FEASIBLE,0.000000,0.021505,0,0,-1,-1,11182960.000000,11182960.000000,0.000000,0.000000,0
neos-4954672-berkel,config20,1,FOUND INTEGER FEASIBLE,0.000000,0.025873,0,0,-1,-1,16381061.000000,16033296.000000,0.000000,0.000000,0
neos-4954672-berkel,config20,2,FOUND INTEGER FEASIBLE,0.000000,0.014602,0,0,-1,-1,16381061.000000,16033296.000000,0.000000,0.000000,0
neos-4954672-berkel,config20,3,FOUND INTEGER FEASIBLE,0.000000,0.029264,0,0,-1,-1,16381061.000000,16033296.000000,0.000000,0.000000,0
neos-4954672-berkel,config16,1,FOUND INTEGER FEASIBLE,0.010481,0.042177,1,10,0,0,6719777.000000,6666793.000000,0.000000,0.000000,0
neos-4954672-berkel,config16,2,FOUND INTEGER FEASIBLE,0.010771,0.045370,1,10,0,0,9702403.000000,9702403.000000,0.000000,0.000000,0
neos-4954672-berkel,config16,3,FOUND INTEGER FEASIBLE,0.010358,0.040325,1,10,0,0,5368160.000000,5196063.000000,0.000000,0.000000,0
neos-4954672-berkel,config17,1,FOUND INTEGER FEASIBLE,0.003020,0.021480,0,0,0,0,11182960.000000,11182960.000000,0.000000,0.000000,0
neos-4954672-berkel,config17,2,FOUND INTEGER FEASIBLE,0.005487,0.030682,0,0,0,0,11182960.000000,11182960.000000,0.000000,0.000000,0
neos-4954672-berkel,config17,3,FOUND INTEGER FEASIBLE,0.005494,0.031245,0,0,0,0,11182960.000000,11182960.000000,0.000000,0.000000,0
neos-4954672-berkel,config21,1,FOUND INTEGER FEASIBLE,0.004708,0.023304,0,1,0,0,11182960.000000,11182960.000000,0.000000,0.000000,0
neos-4954672-berkel,config21,2,FOUND INTEGER FEASIBLE,0.002899,0.021112,0,1,0,0,11182960.000000,11182960.000000,0.000000,0.000000,0
neos-4954672-berkel,config21,3,FOUND INTEGER FEASIBLE,0.004743,0.025324,0,1,0,0,11182960.000000,11182960.000000,0.000000,0.000000,0
neos-4954672-berkel,config23,1,FOUND INTEGER FEASIBLE,0.004752,0.024411,0,1,0,0,11182960.000000,11182960.000000,0.000000,0.000000,0
neos-4954672-berkel,config23,2,FOUND INTEGER FEASIBLE,0.004737,0.023413,0,1,0,0,11182960.000000,11182960.000000,0.000000,0.000000,0
neos-4954672-berkel,config23,3,FOUND INTEGER FEASIBLE,0.003484,0.020865,0,1,0,0,11182960.000000,11182960.000000,0.000000,0.000000,0
neos-4954672-berkel,config19,1,FOUND INTEGER FEASIBLE,0.000000,0.025149,0,0,-1,-1,11600376.000000,10491196.000000,0.000000,0.000000,0
neos-4954672-berkel,config19,2,FOUND INTEGER FEASIBLE,0.000000,0.016176,0,0,-1,-1,11600376.000000,10491196.000000,0.000000,0.000000,0
neos-4954672-berkel,config19,3,FOUND INTEGER FEASIBLE,0.000000,0.035591,0,0,-1,-1,11600376.000000,10491196.000000,0.000000,0.000000,0
neos-4954672-berkel,config18,1,FOUND INTEGER FEASIBLE,0.000000,0.024403,0,0,-1,-1,11600376.000000,10491196.000000,0.000000,0.000000,0
neos-4954672-berkel,config18,2,FOUND INTEGER FEASIBLE,0.000000,0.022026,0,0,-1,-1,11600376.000000,10491196.000000,0.000000,0.000000,0
neos-4954672-berkel,config18,3,FOUND INTEGER FEASIBLE,0.000000,0.021181,0,0,-1,-1,11600376.000000,10491196.000000,0.000000,0.000000,0
neos-5049753-cuanza,config1,1,FAILED TO FIND AN INTEGER FEASIBLE SOLUTION,0.000000,3600,1631,0,-1,-1,0.000000,0.000000,2.800000,1.400000,14
neos-5049753-cuanza,config1,2,FAILED TO FIND AN INTEGER FEASIBLE SOLUTION,0.000000,3600,535,0,-1,-1,0.000000,0.000000,0.400000,0.200000,2
neos-5049753-cuanza,config1,3,FAILED TO FIND AN INTEGER FEASIBLE SOLUTION,0.000000,3600,2604,0,-1,-1,0.000000,0.000000,2.400000,1.200000,12
neos-5049753-cuanza,config3,1,FOUND INTEGER FEASIBLE,0.000000,1700.706637,3,0,-1,-1,709.000000,699.000000,0.000000,0.000000,0
neos-5049753-cuanza,config3,2,FOUND INTEGER FEASIBLE,0.000000,90.677451,65,0,-1,-1,780.000000,776.000000,0.000000,0.000000,0
neos-5049753-cuanza,config3,3,FAILED TO FIND AN INTEGER FEASIBLE SOLUTION,0.000000,3600,213,0,-1,-1,0.000000,0.000000,0.400000,0.200000,2
neos-5049753-cuanza,config20,1,FAILED TO FIND AN INTEGER FEASIBLE SOLUTION,0.000000,3600,0,0,-1,-1,0.000000,0.000000,8304.000000,100000000000000000000.000000,8304
neos-5049753-cuanza,config20,2,FAILED TO FIND AN INTEGER FEASIBLE SOLUTION,0.000000,3600,0,0,-1,-1,0.000000,0.000000,8304.000000,100000000000000000000.000000,8304
neos-5049753-cuanza,config20,3,FAILED TO FIND AN INTEGER FEASIBLE SOLUTION,0.000000,3600,0,0,-1,-1,0.000000,0.000000,8304.000000,100000000000000000000.000000,8304
neos-5049753-cuanza,config16,1,FOUND INTEGER FEASIBLE,5.411424,54.252549,99,2,1,0,751.000000,694.000000,0.000000,0.000000,0
neos-5049753-cuanza,config16,2,FOUND INTEGER FEASIBLE,5.439448,55.387812,73,2,0,0,731.000000,678.000000,0.000000,0.000000,0
neos-5049753-cuanza,config16,3,FOUND INTEGER FEASIBLE,5.485811,34.876204,60,2,0,0,784.000000,704.000000,0.000000,0.000000,0
neos-5049753-cuanza,config17,1,FAILED TO FIND AN INTEGER FEASIBLE SOLUTION,109.062878,3600,1347,12,12,1,0.000000,0.000000,0.800000,0.400000,4
neos-5049753-cuanza,config17,2,FAILED TO FIND AN INTEGER FEASIBLE SOLUTION,108.171806,3600,1552,12,12,1,0.000000,0.000000,0.400000,0.200000,2
neos-5049753-cuanza,config17,3,FAILED TO FIND AN INTEGER FEASIBLE SOLUTION,110.234990,3600,1358,12,12,1,0.000000,0.000000,0.400000,0.200000,2
neos-5049753-cuanza,config21,1,FAILED TO FIND AN INTEGER FEASIBLE SOLUTION,3597.025354,3600,0,0,0,-1,0.000000,0.000000,8304.000000,100000000000000000000.000000,8304
neos-5049753-cuanza,config21,2,FAILED TO FIND AN INTEGER FEASIBLE SOLUTION,3597.185246,3600,0,0,0,-1,0.000000,0.000000,8304.000000,100000000000000000000.000000,8304
neos-5049753-cuanza,config21,3,FAILED TO FIND AN INTEGER FEASIBLE SOLUTION,3597.180991,3600,0,0,0,-1,0.000000,0.000000,8304.000000,100000000000000000000.000000,8304
neos-5049753-cuanza,config23,1,FAILED TO FIND AN INTEGER FEASIBLE SOLUTION,3597.163863,3600,0,0,0,-1,0.000000,0.000000,8304.000000,100000000000000000000.000000,8304
neos-5049753-cuanza,config23,2,FAILED TO FIND AN INTEGER FEASIBLE SOLUTION,3597.128312,3600,0,0,0,-1,0.000000,0.000000,8304.000000,100000000000000000000.000000,8304
neos-5049753-cuanza,config23,3,FAILED TO FIND AN INTEGER FEASIBLE SOLUTION,3597.223037,3600,0,0,0,-1,0.000000,0.000000,8304.000000,100000000000000000000.000000,8304
neos-5049753-cuanza,config19,1,FOUND INTEGER FEASIBLE,0.000000,105.890163,0,0,-1,-1,630.000000,630.000000,0.000000,0.000000,0
neos-5049753-cuanza,config19,2,FOUND INTEGER FEASIBLE,0.000000,106.450050,0,0,-1,-1,630.000000,630.000000,0.000000,0.000000,0
neos-5049753-cuanza,config19,3,FOUND INTEGER FEASIBLE,0.000000,104.318829,0,0,-1,-1,630.000000,630.000000,0.000000,0.000000,0
neos-5049753-cuanza,config18,1,FOUND INTEGER FEASIBLE,0.000000,52.900262,0,0,-1,-1,588.000000,588.000000,0.000000,0.000000,0
neos-5049753-cuanza,config18,2,FOUND INTEGER FEASIBLE,0.000000,51.556161,0,0,-1,-1,588.000000,588.000000,0.000000,0.000000,0
neos-5049753-cuanza,config18,3,FOUND INTEGER FEASIBLE,0.000000,51.568228,0,0,-1,-1,588.000000,588.000000,0.000000,0.000000,0
neos-5052403-cygnet,config1,1,FOUND INTEGER FEASIBLE,0.000000,96.362183,1,0,-1,-1,202.000000,202.000000,0.000000,0.000000,0
neos-5052403-cygnet,config1,2,FOUND INTEGER FEASIBLE,0.000000,96.403789,1,0,-1,-1,197.000000,197.000000,0.000000,0.000000,0
neos-5052403-cygnet,config1,3,FOUND INTEGER FEASIBLE,0.000000,97.161613,1,0,-1,-1,248.000000,248.000000,0.000000,0.000000,0
neos-5052403-cygnet,config3,1,FOUND INTEGER FEASIBLE,0.000000,95.765622,1,0,-1,-1,202.000000,202.000000,0.000000,0.000000,0
neos-5052403-cygnet,config3,2,FOUND INTEGER FEASIBLE,0.000000,96.375779,1,0,-1,-1,197.000000,197.000000,0.000000,0.000000,0
neos-5052403-cygnet,config3,3,FOUND INTEGER FEASIBLE,0.000000,95.442395,1,0,-1,-1,248.000000,248.000000,0.000000,0.000000,0
neos-5052403-cygnet,config20,1,FOUND INTEGER FEASIBLE,0.000000,199.919925,4,0,-1,-1,736.000000,736.000000,0.000000,0.000000,0
neos-5052403-cygnet,config20,2,FOUND INTEGER FEASIBLE,0.000000,187.839512,6,0,-1,-1,681.000000,681.000000,0.000000,0.000000,0
neos-5052403-cygnet,config20,3,FOUND INTEGER FEASIBLE,0.000000,190.072348,6,0,-1,-1,754.000000,754.000000,0.000000,0.000000,0
neos-5052403-cygnet,config16,1,FOUND INTEGER FEASIBLE,227.661441,288.649129,1,12,0,0,202.000000,202.000000,0.000000,0.000000,0
neos-5052403-cygnet,config16,2,FOUND INTEGER FEASIBLE,226.575709,287.406662,1,12,0,0,202.000000,202.000000,0.000000,0.000000,0
neos-5052403-cygnet,config16,3,FOUND INTEGER FEASIBLE,226.894748,288.703026,3,12,0,0,225.000000,225.000000,0.000000,0.000000,0
neos-5052403-cygnet,config17,1,FOUND INTEGER FEASIBLE,228.807176,289.955521,1,12,0,0,202.000000,202.000000,0.000000,0.000000,0
neos-5052403-cygnet,config17,2,FOUND INTEGER FEASIBLE,227.748980,289.182034,1,12,0,0,202.000000,202.000000,0.000000,0.000000,0
neos-5052403-cygnet,config17,3,FOUND INTEGER FEASIBLE,227.236508,288.738623,3,12,0,0,225.000000,225.000000,0.000000,0.000000,0
neos-5052403-cygnet,config21,1,FOUND INTEGER FEASIBLE,579.413207,599.571179,3,13,0,0,417.000000,417.000000,0.000000,0.000000,0
neos-5052403-cygnet,config21,2,FOUND INTEGER FEASIBLE,579.656875,600.095444,5,13,0,0,381.000000,381.000000,0.000000,0.000000,0
neos-5052403-cygnet,config21,3,FOUND INTEGER FEASIBLE,578.842787,600.168195,4,13,0,0,423.000000,423.000000,0.000000,0.000000,0
neos-5052403-cygnet,config23,1,FOUND INTEGER FEASIBLE,576.816451,598.718100,2,13,0,0,220.000000,220.000000,0.000000,0.000000,0
neos-5052403-cygnet,config23,2,FOUND INTEGER FEASIBLE,575.811160,597.795855,2,13,0,0,214.000000,214.000000,0.000000,0.000000,0
neos-5052403-cygnet,config23,3,FOUND INTEGER FEASIBLE,575.642419,597.717877,3,13,0,0,239.000000,239.000000,0.000000,0.000000,0
neos-5052403-cygnet,config19,1,FOUND INTEGER FEASIBLE,0.000000,275.131677,0,0,-1,-1,201.000000,201.000000,0.000000,0.000000,0
neos-5052403-cygnet,config19,2,FOUND INTEGER FEASIBLE,0.000000,276.393008,0,0,-1,-1,201.000000,201.000000,0.000000,0.000000,0
neos-5052403-cygnet,config19,3,FOUND INTEGER FEASIBLE,0.000000,276.676315,0,0,-1,-1,201.000000,201.000000,0.000000,0.000000,0
neos-5052403-cygnet,config18,1,FOUND INTEGER FEASIBLE,0.000000,275.333972,0,0,-1,-1,201.000000,201.000000,0.000000,0.000000,0
neos-5052403-cygnet,config18,2,FOUND INTEGER FEASIBLE,0.000000,274.049197,0,0,-1,-1,201.000000,201.000000,0.000000,0.000000,0
neos-5052403-cygnet,config18,3,FOUND INTEGER FEASIBLE,0.000000,276.109413,0,0,-1,-1,201.000000,201.000000,0.000000,0.000000,0
neos-5093327-huahum,config1,1,FOUND INTEGER FEASIBLE,0.000000,3.113586,4,0,-1,-1,16156.000000,9152.000000,0.000000,0.000000,0
neos-5093327-huahum,config1,2,FOUND INTEGER FEASIBLE,0.000000,3.122642,5,0,-1,-1,15280.000000,9160.000000,0.000000,0.000000,0
neos-5093327-huahum,config1,3,FOUND INTEGER FEASIBLE,0.000000,3.634799,9,0,-1,-1,22354.000000,8446.000000,0.000000,0.000000,0
neos-5093327-huahum,config3,1,FOUND INTEGER FEASIBLE,0.000000,2.509866,8,0,-1,-1,34930.000000,8276.000000,0.000000,0.000000,0
neos-5093327-huahum,config3,2,FOUND INTEGER FEASIBLE,0.000000,3.501315,13,0,-1,-1,36730.000000,8322.000000,0.000000,0.000000,0
neos-5093327-huahum,config3,3,FOUND INTEGER FEASIBLE,0.000000,3.406524,14,0,-1,-1,43538.000000,8878.000000,0.000000,0.000000,0
neos-5093327-huahum,config20,1,FOUND INTEGER FEASIBLE,0.000000,2.660431,4,0,-1,-1,34766.000000,10006.000000,0.000000,0.000000,0
neos-5093327-huahum,config20,2,FOUND INTEGER FEASIBLE,0.000000,3.150385,11,0,-1,-1,31338.000000,7656.000000,0.000000,0.000000,0
neos-5093327-huahum,config20,3,FOUND INTEGER FEASIBLE,0.000000,2.588079,4,0,-1,-1,36584.000000,10270.000000,0.000000,0.000000,0
neos-5093327-huahum,config16,1,FOUND INTEGER FEASIBLE,4.362048,7.706165,4,1,0,0,17380.000000,10510.000000,0.000000,0.000000,0
neos-5093327-huahum,config16,2,FOUND INTEGER FEASIBLE,4.385183,7.627850,4,1,0,0,14988.000000,7630.000000,0.000000,0.000000,0
neos-5093327-huahum,config16,3,FOUND INTEGER FEASIBLE,4.382121,8.083991,9,1,0,0,22362.000000,7446.000000,0.000000,0.000000,0
neos-5093327-huahum,config17,1,FOUND INTEGER FEASIBLE,0.774881,3.236051,8,0,0,0,51154.000000,8452.000000,0.000000,0.000000,0
neos-5093327-huahum,config17,2,FOUND INTEGER FEASIBLE,0.769937,4.732219,29,0,0,0,54488.000000,9188.000000,0.000000,0.000000,0
neos-5093327-huahum,config17,3,FOUND INTEGER FEASIBLE,0.773436,3.158211,8,0,0,0,38526.000000,8046.000000,0.000000,0.000000,0
neos-5093327-huahum,config21,1,FOUND INTEGER FEASIBLE,2.167774,6.085167,26,2,0,0,56684.000000,10042.000000,0.000000,0.000000,0
neos-5093327-huahum,config21,2,FOUND INTEGER FEASIBLE,2.179207,4.434172,3,2,0,0,36644.000000,9326.000000,0.000000,0.000000,0
neos-5093327-huahum,config21,3,FOUND INTEGER FEASIBLE,2.177018,5.794089,23,2,0,0,69918.000000,8254.000000,0.000000,0.000000,0
neos-5093327-huahum,config23,1,FOUND INTEGER FEASIBLE,2.180258,4.651332,11,2,0,0,38656.000000,9356.000000,0.000000,0.000000,0
neos-5093327-huahum,config23,2,FOUND INTEGER FEASIBLE,2.180164,4.118488,3,2,0,0,40594.000000,8610.000000,0.000000,0.000000,0
neos-5093327-huahum,config23,3,FOUND INTEGER FEASIBLE,2.177109,5.041536,17,2,0,0,71808.000000,8388.000000,0.000000,0.000000,0
neos-5093327-huahum,config19,1,FOUND INTEGER FEASIBLE,0.000000,20.185935,0,0,-1,-1,8650.000000,8650.000000,0.000000,0.000000,0
neos-5093327-huahum,config19,2,FOUND INTEGER FEASIBLE,0.000000,21.026460,0,0,-1,-1,8650.000000,8650.000000,0.000000,0.000000,0
neos-5093327-huahum,config19,3,FOUND INTEGER FEASIBLE,0.000000,20.994262,0,0,-1,-1,8650.000000,8650.000000,0.000000,0.000000,0
neos-5093327-huahum,config18,1,FOUND INTEGER FEASIBLE,0.000000,15.232824,0,0,-1,-1,7250.000000,7250.000000,0.000000,0.000000,0
neos-5093327-huahum,config18,2,FOUND INTEGER FEASIBLE,0.000000,15.341999,0,0,-1,-1,7250.000000,7250.000000,0.000000,0.000000,0
neos-5093327-huahum,config18,3,FOUND INTEGER FEASIBLE,0.000000,15.224586,0,0,-1,-1,7250.000000,7250.000000,0.000000,0.000000,0
neos-5104907-jarama,config1,1,FAILED TO FIND AN INTEGER FEASIBLE SOLUTION,0.000000,3600,4241,0,-1,-1,0.000000,0.000000,2.404762,1.202381,92
neos-5104907-jarama,config1,2,FAILED TO FIND AN INTEGER FEASIBLE SOLUTION,0.000000,3600,4207,0,-1,-1,0.000000,0.000000,1.071429,0.535714,60
neos-5104907-jarama,config1,3,FAILED TO FIND AN INTEGER FEASIBLE SOLUTION,0.000000,3600,4183,0,-1,-1,0.000000,0.000000,2.071429,1.035714,114
neos-5104907-jarama,config3,1,FAILED TO FIND AN INTEGER FEASIBLE SOLUTION,0.000000,3600,4413,0,-1,-1,0.000000,0.000000,1.285714,0.642857,72
neos-5104907-jarama,config3,2,FAILED TO FIND AN INTEGER FEASIBLE SOLUTION,0.000000,3600,4202,0,-1,-1,0.000000,0.000000,2.580952,1.290476,94
neos-5104907-jarama,config3,3,FAILED TO FIND AN INTEGER FEASIBLE SOLUTION,0.000000,3600,4170,0,-1,-1,0.000000,0.000000,2.114286,1.057143,100
neos-5104907-jarama,config20,1,FAILED TO FIND AN INTEGER FEASIBLE SOLUTION,0.000000,3600,2608,0,-1,-1,0.000000,0.000000,10.326190,5.163095,238
neos-5104907-jarama,config20,2,FAILED TO FIND AN INTEGER FEASIBLE SOLUTION,0.000000,3600,2435,0,-1,-1,0.000000,0.000000,6.582679,3.335296,191
neos-5104907-jarama,config20,3,FAILED TO FIND AN INTEGER FEASIBLE SOLUTION,0.000000,3600,2595,0,-1,-1,0.000000,0.000000,8.790476,4.395238,222
neos-5104907-jarama,config16,1,FAILED TO FIND AN INTEGER FEASIBLE SOLUTION,3595.796396,3600,0,11,-1,-1,0.000000,0.000000,9520.000000,100000000000000000000.000000,9520
neos-5104907-jarama,config16,2,FAILED TO FIND AN INTEGER FEASIBLE SOLUTION,3595.783289,3600,0,11,-1,-1,0.000000,0.000000,9520.000000,100000000000000000000.000000,9520
neos-5104907-jarama,config16,3,FAILED TO FIND AN INTEGER FEASIBLE SOLUTION,3595.790315,3600,0,11,-1,-1,0.000000,0.000000,9520.000000,100000000000000000000.000000,9520
neos-5104907-jarama,config17,1,FAILED TO FIND AN INTEGER FEASIBLE SOLUTION,133.204422,3600,4974,12,12,2,0.000000,0.000000,1.321429,0.660714,70
neos-5104907-jarama,config17,2,FAILED TO FIND AN INTEGER FEASIBLE SOLUTION,133.519113,3600,5068,12,12,2,0.000000,0.000000,3.657143,1.828571,118
neos-5104907-jarama,config17,3,FAILED TO FIND AN INTEGER FEASIBLE SOLUTION,132.398326,3600,6060,12,12,2,0.000000,0.000000,2.640476,1.320238,44
neos-5104907-jarama,config21,1,FAILED TO FIND AN INTEGER FEASIBLE SOLUTION,1651.981145,3600,3274,12,12,7,0.000000,0.000000,2.011905,1.005952,96
neos-5104907-jarama,config21,2,FAILED TO FIND AN INTEGER FEASIBLE SOLUTION,1643.456134,3600,3191,12,12,7,0.000000,0.000000,0.892857,0.446429,46
neos-5104907-jarama,config21,3,FAILED TO FIND AN INTEGER FEASIBLE SOLUTION,1669.667266,3600,2944,12,12,7,0.000000,0.000000,1.369048,0.684524,60
neos-5104907-jarama,config23,1,FAILED TO FIND AN INTEGER FEASIBLE SOLUTION,1638.265095,3600,3361,12,12,7,0.000000,0.000000,6.497619,3.248810,92
neos-5104907-jarama,config23,2,FAILED TO FIND AN INTEGER FEASIBLE SOLUTION,1659.529159,3600,3302,12,12,7,0.000000,0.000000,3.100000,1.550000,144
neos-5104907-jarama,config23,3,FAILED TO FIND AN INTEGER FEASIBLE SOLUTION,1641.468244,3600,3380,12,12,7,0.000000,0.000000,3.142857,1.571429,128
neos-5104907-jarama,config19,1,FAILED TO FIND AN INTEGER FEASIBLE SOLUTION,0.000000,3600,0,0,-1,-1,0.000000,0.000000,inf,inf,0
neos-5104907-jarama,config19,2,FAILED TO FIND AN INTEGER FEASIBLE SOLUTION,0.000000,3600,0,0,-1,-1,0.000000,0.000000,inf,inf,0
neos-5104907-jarama,config19,3,FAILED TO FIND AN INTEGER FEASIBLE SOLUTION,0.000000,3600,0,0,-1,-1,0.000000,0.000000,inf,inf,0
neos-5104907-jarama,config18,1,FAILED TO FIND AN INTEGER FEASIBLE SOLUTION,0.000000,3600,0,0,-1,-1,0.000000,0.000000,inf,inf,0
neos-5104907-jarama,config18,2,FAILED TO FIND AN INTEGER FEASIBLE SOLUTION,0.000000,3600,0,0,-1,-1,0.000000,0.000000,inf,inf,0
neos-5104907-jarama,config18,3,FAILED TO FIND AN INTEGER FEASIBLE SOLUTION,0.000000,3600,0,0,-1,-1,0.000000,0.000000,inf,inf,0
neos-5107597-kakapo,config1,1,FOUND INTEGER FEASIBLE,0.000000,16.685973,1099,0,-1,-1,1590948.000000,88938.000000,0.000000,0.000000,0
neos-5107597-kakapo,config1,2,FOUND INTEGER FEASIBLE,0.000000,21.604310,1631,0,-1,-1,1594026.000000,57420.000000,0.000000,0.000000,0
neos-5107597-kakapo,config1,3,FOUND INTEGER FEASIBLE,0.000000,13.407633,989,0,-1,-1,1338912.000000,88326.000000,0.000000,0.000000,0
neos-5107597-kakapo,config3,1,FOUND INTEGER FEASIBLE,0.000000,37.526839,1997,0,-1,-1,63882.000000,61812.000000,0.000000,0.000000,0
neos-5107597-kakapo,config3,2,FOUND INTEGER FEASIBLE,0.000000,36.220589,1889,0,-1,-1,1588824.000000,48978.000000,0.000000,0.000000,0
neos-5107597-kakapo,config3,3,FOUND INTEGER FEASIBLE,0.000000,6.505046,327,0,-1,-1,1591578.000000,68850.000000,0.000000,0.000000,0
neos-5107597-kakapo,config20,1,FOUND INTEGER FEASIBLE,0.000000,28.003726,1875,0,-1,-1,1084716.000000,79290.000000,0.000000,0.000000,0
neos-5107597-kakapo,config20,2,FOUND INTEGER FEASIBLE,0.000000,11.135963,613,0,-1,-1,72288.000000,71658.000000,0.000000,0.000000,0
neos-5107597-kakapo,config20,3,FOUND INTEGER FEASIBLE,0.000000,6.677120,483,0,-1,-1,1592658.000000,56322.000000,0.000000,0.000000,0
neos-5107597-kakapo,config16,1,FOUND INTEGER FEASIBLE,0.906498,3.635702,210,8,1,0,37512.000000,37350.000000,0.000000,0.000000,0
neos-5107597-kakapo,config16,2,FOUND INTEGER FEASIBLE,0.905479,5.588511,372,8,3,0,44604.000000,43632.000000,0.000000,0.000000,0
neos-5107597-kakapo,config16,3,FOUND INTEGER FEASIBLE,0.910577,3.525608,210,8,0,0,940968.000000,46746.000000,0.000000,0.000000,0
neos-5107597-kakapo,config17,1,FOUND INTEGER FEASIBLE,0.925781,24.484046,1494,2,2,0,1592892.000000,191718.000000,0.000000,0.000000,0
neos-5107597-kakapo,config17,2,FOUND INTEGER FEASIBLE,0.925456,47.939371,2459,2,2,0,1592118.000000,128916.000000,0.000000,0.000000,0
neos-5107597-kakapo,config17,3,FOUND INTEGER FEASIBLE,0.924820,48.881095,2712,2,2,0,1587600.000000,134658.000000,0.000000,0.000000,0
neos-5107597-kakapo,config21,1,FOUND INTEGER FEASIBLE,0.956573,16.732400,1041,12,12,5,1590588.000000,80820.000000,0.000000,0.000000,0
neos-5107597-kakapo,config21,2,FOUND INTEGER FEASIBLE,0.948038,9.134551,491,12,9,5,110628.000000,109692.000000,0.000000,0.000000,0
neos-5107597-kakapo,config21,3,FOUND INTEGER FEASIBLE,0.956289,4.728583,274,12,5,5,60030.000000,44262.000000,0.000000,0.000000,0
neos-5107597-kakapo,config23,1,FOUND INTEGER FEASIBLE,0.950628,6.034555,369,12,7,5,1588554.000000,90612.000000,0.000000,0.000000,0
neos-5107597-kakapo,config23,2,FOUND INTEGER FEASIBLE,0.952243,9.603122,609,12,10,5,1590336.000000,77688.000000,0.000000,0.000000,0
neos-5107597-kakapo,config23,3,FOUND INTEGER FEASIBLE,0.952668,10.990376,683,12,11,5,1593036.000000,86418.000000,0.000000,0.000000,0
neos-5107597-kakapo,config19,1,FOUND INTEGER FEASIBLE,0.000000,5.365639,0,0,-1,-1,18036.000000,18036.000000,0.000000,0.000000,0
neos-5107597-kakapo,config19,2,FOUND INTEGER FEASIBLE,0.000000,5.360725,0,0,-1,-1,18036.000000,18036.000000,0.000000,0.000000,0
neos-5107597-kakapo,config19,3,FOUND INTEGER FEASIBLE,0.000000,5.344749,0,0,-1,-1,18036.000000,18036.000000,0.000000,0.000000,0
neos-5107597-kakapo,config18,1,FOUND INTEGER FEASIBLE,0.000000,2.479706,0,0,-1,-1,9630.000000,9630.000000,0.000000,0.000000,0
neos-5107597-kakapo,config18,2,FOUND INTEGER FEASIBLE,0.000000,2.435442,0,0,-1,-1,9630.000000,9630.000000,0.000000,0.000000,0
neos-5107597-kakapo,config18,3,FOUND INTEGER FEASIBLE,0.000000,1.447978,0,0,-1,-1,9630.000000,9630.000000,0.000000,0.000000,0
neos-5114902-kasavu,config1,1,FAILED TO FIND AN INTEGER FEASIBLE SOLUTION,0.000000,3600,116,0,-1,-1,0.000000,0.000000,1.333333,0.666667,4
neos-5114902-kasavu,config1,2,FOUND INTEGER FEASIBLE,0.000000,237.790151,58,0,-1,-1,903.000000,863.000000,0.000000,0.000000,0
neos-5114902-kasavu,config1,3,FAILED TO FIND AN INTEGER FEASIBLE SOLUTION,0.000000,3600,314,0,-1,-1,0.000000,0.000000,1.333333,0.666667,4
neos-5114902-kasavu,config3,1,FAILED TO FIND AN INTEGER FEASIBLE SOLUTION,0.000000,3600,1,0,-1,-1,0.000000,0.000000,10.666667,10.333333,32
neos-5114902-kasavu,config3,2,FAILED TO FIND AN INTEGER FEASIBLE SOLUTION,0.000000,3600,1,0,-1,-1,0.000000,0.000000,13.333333,10.666667,40
neos-5114902-kasavu,config3,3,FAILED TO FIND AN INTEGER FEASIBLE SOLUTION,0.000000,3600,1,0,-1,-1,0.000000,0.000000,20.666667,10.333333,62
neos-5114902-kasavu,config20,1,FAILED TO FIND AN INTEGER FEASIBLE SOLUTION,0.000000,3600,0,0,-1,-1,0.000000,0.000000,14560.000000,100000000000000000000.000000,14560
neos-5114902-kasavu,config20,2,FAILED TO FIND AN INTEGER FEASIBLE SOLUTION,0.000000,3600,0,0,-1,-1,0.000000,0.000000,14560.000000,100000000000000000000.000000,14560
neos-5114902-kasavu,config20,3,FAILED TO FIND AN INTEGER FEASIBLE SOLUTION,0.000000,3600,0,0,-1,-1,0.000000,0.000000,14560.000000,100000000000000000000.000000,14560
neos-5114902-kasavu,config16,1,FOUND INTEGER FEASIBLE,2762.854089,3393.239315,309,2,2,0,1004.000000,950.000000,0.000000,0.000000,0
neos-5114902-kasavu,config16,2,FOUND INTEGER FEASIBLE,2829.397165,3453.525328,215,2,2,0,1002.000000,958.000000,0.000000,0.000000,0
neos-5114902-kasavu,config16,3,FOUND INTEGER FEASIBLE,2926.831496,3246.342705,157,2,1,0,965.000000,928.000000,0.000000,0.000000,0
neos-5114902-kasavu,config17,1,FOUND INTEGER FEASIBLE,1933.609694,2988.636429,486,12,8,1,1022.000000,991.000000,0.000000,0.000000,0
neos-5114902-kasavu,config17,2,FOUND INTEGER FEASIBLE,1944.431511,2752.201068,344,12,6,1,1129.000000,1104.000000,0.000000,0.000000,0
neos-5114902-kasavu,config17,3,FAILED TO FIND AN INTEGER FEASIBLE SOLUTION,1986.665038,3600,681,12,12,1,0.000000,0.000000,0.666667,0.333333,2
neos-5114902-kasavu,config21,1,FAILED TO FIND AN INTEGER FEASIBLE SOLUTION,3593.177550,3600,0,0,0,-1,0.000000,0.000000,14560.000000,100000000000000000000.000000,14560
neos-5114902-kasavu,config21,2,FAILED TO FIND AN INTEGER FEASIBLE SOLUTION,3592.338771,3600,0,0,0,-1,0.000000,0.000000,14560.000000,100000000000000000000.000000,14560
neos-5114902-kasavu,config21,3,FAILED TO FIND AN INTEGER FEASIBLE SOLUTION,3592.670811,3600,0,0,0,-1,0.000000,0.000000,14560.000000,100000000000000000000.000000,14560
neos-5114902-kasavu,config23,1,FAILED TO FIND AN INTEGER FEASIBLE SOLUTION,3591.825717,3600,0,0,0,-1,0.000000,0.000000,14560.000000,100000000000000000000.000000,14560
neos-5114902-kasavu,config23,2,FAILED TO FIND AN INTEGER FEASIBLE SOLUTION,3592.072929,3600,0,0,0,-1,0.000000,0.000000,14560.000000,100000000000000000000.000000,14560
neos-5114902-kasavu,config23,3,FAILED TO FIND AN INTEGER FEASIBLE SOLUTION,3592.885896,3600,0,0,0,-1,0.000000,0.000000,14560.000000,100000000000000000000.000000,14560
neos-5114902-kasavu,config19,1,FOUND INTEGER FEASIBLE,0.000000,431.904350,0,0,-1,-1,671.000000,671.000000,0.000000,0.000000,0
neos-5114902-kasavu,config19,2,FOUND INTEGER FEASIBLE,0.000000,425.195753,0,0,-1,-1,671.000000,671.000000,0.000000,0.000000,0
neos-5114902-kasavu,config19,3,FOUND INTEGER FEASIBLE,0.000000,445.294296,0,0,-1,-1,671.000000,671.000000,0.000000,0.000000,0
neos-5114902-kasavu,config18,1,FOUND INTEGER FEASIBLE,0.000000,259.237028,0,0,-1,-1,715.000000,715.000000,0.000000,0.000000,0
neos-5114902-kasavu,config18,2,FOUND INTEGER FEASIBLE,0.000000,257.905928,0,0,-1,-1,715.000000,715.000000,0.000000,0.000000,0
neos-5114902-kasavu,config18,3,FOUND INTEGER FEASIBLE,0.000000,259.083593,0,0,-1,-1,715.000000,715.000000,0.000000,0.000000,0
neos-5188808-nattai,config1,1,FOUND INTEGER FEASIBLE,0.000000,2.386698,2,0,-1,-1,5.433714,5.330677,0.000000,0.000000,0
neos-5188808-nattai,config1,2,FOUND INTEGER FEASIBLE,0.000000,2.623984,14,0,-1,-1,5.687320,5.434283,0.000000,0.000000,0
neos-5188808-nattai,config1,3,FOUND INTEGER FEASIBLE,0.000000,2.607107,3,0,-1,-1,8.231859,8.231859,0.000000,0.000000,0
neos-5188808-nattai,config3,1,FOUND INTEGER FEASIBLE,0.000000,1.244710,2,0,-1,-1,5.715879,5.691437,0.000000,0.000000,0
neos-5188808-nattai,config3,2,FOUND INTEGER FEASIBLE,0.000000,2.104879,2,0,-1,-1,5.611964,5.576846,0.000000,0.000000,0
neos-5188808-nattai,config3,3,FOUND INTEGER FEASIBLE,0.000000,3.973975,20,0,-1,-1,4.031247,3.696457,0.000000,0.000000,0
neos-5188808-nattai,config20,1,FOUND INTEGER FEASIBLE,0.000000,1.959548,2,0,-1,-1,0.134844,0.134080,0.000000,0.000000,0
neos-5188808-nattai,config20,2,FOUND INTEGER FEASIBLE,0.000000,2.497985,3,0,-1,-1,0.123113,0.123113,0.000000,0.000000,0
neos-5188808-nattai,config20,3,FOUND INTEGER FEASIBLE,0.000000,2.639258,2,0,-1,-1,1.755556,1.755556,0.000000,0.000000,0
neos-5188808-nattai,config16,1,FOUND INTEGER FEASIBLE,4.554302,6.318578,2,0,0,0,5.433714,5.330677,0.000000,0.000000,0
neos-5188808-nattai,config16,2,FOUND INTEGER FEASIBLE,4.559671,6.512467,14,0,0,0,5.687320,5.434283,0.000000,0.000000,0
neos-5188808-nattai,config16,3,FOUND INTEGER FEASIBLE,4.568572,6.474253,3,0,0,0,8.231859,8.231859,0.000000,0.000000,0
neos-5188808-nattai,config17,1,FOUND INTEGER FEASIBLE,2.721145,4.170797,2,0,0,0,5.715879,5.691437,0.000000,0.000000,0
neos-5188808-nattai,config17,2,FOUND INTEGER FEASIBLE,2.706450,4.106441,2,0,0,0,5.611964,5.576846,0.000000,0.000000,0
neos-5188808-nattai,config17,3,FOUND INTEGER FEASIBLE,2.715473,5.938632,20,0,0,0,4.031247,3.696457,0.000000,0.000000,0
neos-5188808-nattai,config21,1,FOUND INTEGER FEASIBLE,3.592602,4.898304,2,0,0,0,0.134844,0.134080,0.000000,0.000000,0
neos-5188808-nattai,config21,2,FOUND INTEGER FEASIBLE,3.583942,5.402389,3,0,0,0,0.123113,0.123113,0.000000,0.000000,0
neos-5188808-nattai,config21,3,FOUND INTEGER FEASIBLE,3.579847,5.496136,2,0,0,0,1.755556,1.755556,0.000000,0.000000,0
neos-5188808-nattai,config23,1,FOUND INTEGER FEASIBLE,3.580544,5.029202,2,0,0,0,5.715879,5.691437,0.000000,0.000000,0
neos-5188808-nattai,config23,2,FOUND INTEGER FEASIBLE,3.573792,4.977673,2,0,0,0,5.611964,5.576846,0.000000,0.000000,0
neos-5188808-nattai,config23,3,FOUND INTEGER FEASIBLE,3.588732,7.777202,20,0,0,0,4.031247,3.696457,0.000000,0.000000,0
neos-5188808-nattai,config19,1,FOUND INTEGER FEASIBLE,0.000000,3.601742,0,0,-1,-1,6.702023,6.702023,0.000000,0.000000,0
neos-5188808-nattai,config19,2,FOUND INTEGER FEASIBLE,0.000000,3.573091,0,0,-1,-1,6.702023,6.702023,0.000000,0.000000,0
neos-5188808-nattai,config19,3,FOUND INTEGER FEASIBLE,0.000000,3.561348,0,0,-1,-1,6.702023,6.702023,0.000000,0.000000,0
neos-5188808-nattai,config18,1,FOUND INTEGER FEASIBLE,0.000000,2.595828,0,0,-1,-1,6.702023,6.702023,0.000000,0.000000,0
neos-5188808-nattai,config18,2,FOUND INTEGER FEASIBLE,0.000000,2.588106,0,0,-1,-1,6.702023,6.702023,0.000000,0.000000,0
neos-5188808-nattai,config18,3,FOUND INTEGER FEASIBLE,0.000000,3.582580,0,0,-1,-1,6.702023,6.702023,0.000000,0.000000,0
neos-5195221-niemur,config1,1,FOUND INTEGER FEASIBLE,0.000000,17.852601,16,0,-1,-1,0.109606,0.109606,0.000000,0.000000,0
neos-5195221-niemur,config1,2,FOUND INTEGER FEASIBLE,0.000000,3.222963,2,0,-1,-1,0.093372,0.093372,0.000000,0.000000,0
neos-5195221-niemur,config1,3,FOUND INTEGER FEASIBLE,0.000000,3.769188,2,0,-1,-1,0.122077,0.122077,0.000000,0.000000,0
neos-5195221-niemur,config3,1,FOUND INTEGER FEASIBLE,0.000000,3.139366,2,0,-1,-1,1.141968,0.031650,0.000000,0.000000,0
neos-5195221-niemur,config3,2,FOUND INTEGER FEASIBLE,0.000000,7.357861,14,0,-1,-1,1.141968,0.031888,0.000000,0.000000,0
neos-5195221-niemur,config3,3,FOUND INTEGER FEASIBLE,0.000000,4.831244,4,0,-1,-1,1.141968,0.131520,0.000000,0.000000,0
neos-5195221-niemur,config20,1,FOUND INTEGER FEASIBLE,0.000000,20.963218,8,0,-1,-1,1.141968,0.044752,0.000000,0.000000,0
neos-5195221-niemur,config20,2,FOUND INTEGER FEASIBLE,0.000000,25.323366,18,0,-1,-1,1.141968,0.027551,0.000000,0.000000,0
neos-5195221-niemur,config20,3,FOUND INTEGER FEASIBLE,0.000000,22.922649,14,0,-1,-1,1.141968,0.119822,0.000000,0.000000,0
neos-5195221-niemur,config16,1,FOUND INTEGER FEASIBLE,2.548235,126.003437,849,10,10,0,1.141968,0.106748,0.000000,0.000000,0
neos-5195221-niemur,config16,2,FOUND INTEGER FEASIBLE,2.555188,127.457103,862,10,10,0,1.141968,0.106166,0.000000,0.000000,0
neos-5195221-niemur,config16,3,FOUND INTEGER FEASIBLE,2.992695,128.998903,851,10,10,0,1.141968,0.127283,0.000000,0.000000,0
neos-5195221-niemur,config17,1,FOUND INTEGER FEASIBLE,0.665422,109.196175,236,3,2,0,1.091968,0.110005,0.000000,0.000000,0
neos-5195221-niemur,config17,2,FOUND INTEGER FEASIBLE,0.873027,80.854648,178,3,2,0,1.091968,0.026673,0.000000,0.000000,0
neos-5195221-niemur,config17,3,FOUND INTEGER FEASIBLE,0.873129,133.504378,248,3,2,0,1.091968,0.080404,0.000000,0.000000,0
neos-5195221-niemur,config21,1,FOUND INTEGER FEASIBLE,10.336478,30.788121,8,11,11,11,1.141968,0.044752,0.000000,0.000000,0
neos-5195221-niemur,config21,2,FOUND INTEGER FEASIBLE,11.369601,36.185261,18,11,11,11,1.141968,0.027551,0.000000,0.000000,0
neos-5195221-niemur,config21,3,FOUND INTEGER FEASIBLE,10.361294,32.805006,14,11,11,11,1.141968,0.119822,0.000000,0.000000,0
neos-5195221-niemur,config23,1,FOUND INTEGER FEASIBLE,10.272177,12.729155,2,11,11,11,1.141968,0.031650,0.000000,0.000000,0
neos-5195221-niemur,config23,2,FOUND INTEGER FEASIBLE,10.355521,17.185774,14,11,11,11,1.141968,0.031888,0.000000,0.000000,0
neos-5195221-niemur,config23,3,FOUND INTEGER FEASIBLE,10.407987,14.664057,4,11,11,11,1.141968,0.131520,0.000000,0.000000,0
neos-5195221-niemur,config19,1,FOUND INTEGER FEASIBLE,0.000000,195.819272,0,0,-1,-1,0.034894,0.034894,0.000000,0.000000,0
neos-5195221-niemur,config19,2,FOUND INTEGER FEASIBLE,0.000000,197.211042,0,0,-1,-1,0.034894,0.034894,0.000000,0.000000,0
neos-5195221-niemur,config19,3,FOUND INTEGER FEASIBLE,0.000000,195.512182,0,0,-1,-1,0.034894,0.034894,0.000000,0.000000,0
neos-5195221-niemur,config18,1,FOUND INTEGER FEASIBLE,0.000000,99.804829,0,0,-1,-1,0.037370,0.037370,0.000000,0.000000,0
neos-5195221-niemur,config18,2,FOUND INTEGER FEASIBLE,0.000000,99.355774,0,0,-1,-1,0.037370,0.037370,0.000000,0.000000,0
neos-5195221-niemur,config18,3,FOUND INTEGER FEASIBLE,0.000000,99.264972,0,0,-1,-1,0.037370,0.037370,0.000000,0.000000,0
neos5,config1,1,FOUND INTEGER FEASIBLE,0.000000,0.008861,1,0,-1,-1,19.000000,19.000000,0.000000,0.000000,0
neos5,config1,2,FOUND INTEGER FEASIBLE,0.000000,0.009388,1,0,-1,-1,17.000000,16.500000,0.000000,0.000000,0
neos5,config1,3,FOUND INTEGER FEASIBLE,0.000000,0.013350,1,0,-1,-1,35.000000,35.000000,0.000000,0.000000,0
neos5,config3,1,FOUND INTEGER FEASIBLE,0.000000,0.006214,1,0,-1,-1,23.000000,18.000000,0.000000,0.000000,0
neos5,config3,2,FOUND INTEGER FEASIBLE,0.000000,0.006733,1,0,-1,-1,22.000000,18.000000,0.000000,0.000000,0
neos5,config3,3,FOUND INTEGER FEASIBLE,0.000000,0.006298,1,0,-1,-1,23.000000,18.000000,0.000000,0.000000,0
neos5,config20,1,FOUND INTEGER FEASIBLE,0.000000,0.005631,0,0,-1,-1,63.000000,53.000000,0.000000,0.000000,0
neos5,config20,2,FOUND INTEGER FEASIBLE,0.000000,0.005250,0,0,-1,-1,63.000000,53.000000,0.000000,0.000000,0
neos5,config20,3,FOUND INTEGER FEASIBLE,0.000000,0.004143,0,0,-1,-1,63.000000,53.000000,0.000000,0.000000,0
neos5,config16,1,FOUND INTEGER FEASIBLE,0.008740,0.015702,1,3,0,0,17.000000,16.500000,0.000000,0.000000,0
neos5,config16,2,FOUND INTEGER FEASIBLE,0.008725,0.015267,1,3,0,0,16.500000,16.500000,0.000000,0.000000,0
neos5,config16,3,FOUND INTEGER FEASIBLE,0.009660,0.016565,1,3,0,0,17.000000,16.500000,0.000000,0.000000,0
neos5,config17,1,FOUND INTEGER FEASIBLE,0.002526,0.012556,1,2,0,0,23.000000,20.000000,0.000000,0.000000,0
neos5,config17,2,FOUND INTEGER FEASIBLE,0.001917,0.008982,1,2,0,0,22.000000,19.000000,0.000000,0.000000,0
neos5,config17,3,FOUND INTEGER FEASIBLE,0.002202,0.009941,1,2,0,0,23.000000,20.000000,0.000000,0.000000,0
neos5,config21,1,FOUND INTEGER FEASIBLE,0.000646,0.010065,0,0,0,0,63.000000,53.000000,0.000000,0.000000,0
neos5,config21,2,FOUND INTEGER FEASIBLE,0.000673,0.007176,0,0,0,0,63.000000,53.000000,0.000000,0.000000,0
neos5,config21,3,FOUND INTEGER FEASIBLE,0.000672,0.007622,0,0,0,0,63.000000,53.000000,0.000000,0.000000,0
neos5,config23,1,FOUND INTEGER FEASIBLE,0.000547,0.007495,1,0,0,0,23.000000,18.000000,0.000000,0.000000,0
neos5,config23,2,FOUND INTEGER FEASIBLE,0.000713,0.012209,1,0,0,0,22.000000,18.000000,0.000000,0.000000,0
neos5,config23,3,FOUND INTEGER FEASIBLE,0.000596,0.008788,1,0,0,0,23.000000,18.000000,0.000000,0.000000,0
neos5,config19,1,FOUND INTEGER FEASIBLE,0.000000,0.003233,0,0,-1,-1,63.000000,53.000000,0.000000,0.000000,0
neos5,config19,2,FOUND INTEGER FEASIBLE,0.000000,0.002165,0,0,-1,-1,63.000000,53.000000,0.000000,0.000000,0
neos5,config19,3,FOUND INTEGER FEASIBLE,0.000000,0.002389,0,0,-1,-1,63.000000,53.000000,0.000000,0.000000,0
neos5,config18,1,FOUND INTEGER FEASIBLE,0.000000,0.002927,0,0,-1,-1,63.000000,53.000000,0.000000,0.000000,0
neos5,config18,2,FOUND INTEGER FEASIBLE,0.000000,0.002136,0,0,-1,-1,63.000000,53.000000,0.000000,0.000000,0
neos5,config18,3,FOUND INTEGER FEASIBLE,0.000000,0.001652,0,0,-1,-1,63.000000,53.000000,0.000000,0.000000,0
neos-631710,config1,1,FOUND INTEGER FEASIBLE,0.000000,11.520934,1,0,-1,-1,556.000000,556.000000,0.000000,0.000000,0
neos-631710,config1,2,FOUND INTEGER FEASIBLE,0.000000,11.138176,1,0,-1,-1,556.000000,556.000000,0.000000,0.000000,0
neos-631710,config1,3,FOUND INTEGER FEASIBLE,0.000000,11.641140,1,0,-1,-1,556.000000,556.000000,0.000000,0.000000,0
neos-631710,config3,1,FOUND INTEGER FEASIBLE,0.000000,10.511192,1,0,-1,-1,556.000000,556.000000,0.000000,0.000000,0
neos-631710,config3,2,FOUND INTEGER FEASIBLE,0.000000,10.340750,1,0,-1,-1,556.000000,556.000000,0.000000,0.000000,0
neos-631710,config3,3,FOUND INTEGER FEASIBLE,0.000000,10.623615,1,0,-1,-1,556.000000,556.000000,0.000000,0.000000,0
neos-631710,config20,1,FOUND INTEGER FEASIBLE,0.000000,3.348549,1,0,-1,-1,556.000000,556.000000,0.000000,0.000000,0
neos-631710,config20,2,FOUND INTEGER FEASIBLE,0.000000,3.450988,1,0,-1,-1,556.000000,556.000000,0.000000,0.000000,0
neos-631710,config20,3,FOUND INTEGER FEASIBLE,0.000000,3.436827,1,0,-1,-1,556.000000,556.000000,0.000000,0.000000,0
neos-631710,config16,1,FOUND INTEGER FEASIBLE,26.848119,36.180248,1,12,0,0,257.000000,257.000000,0.000000,0.000000,0
neos-631710,config16,2,FOUND INTEGER FEASIBLE,26.832082,35.060141,1,12,0,0,257.000000,257.000000,0.000000,0.000000,0
neos-631710,config16,3,FOUND INTEGER FEASIBLE,26.787173,36.082204,1,12,0,0,257.000000,257.000000,0.000000,0.000000,0
neos-631710,config17,1,FOUND INTEGER FEASIBLE,31.001950,51.582414,1,12,0,0,500.000000,500.000000,0.000000,0.000000,0
neos-631710,config17,2,FOUND INTEGER FEASIBLE,31.340241,52.359713,1,12,0,0,500.000000,500.000000,0.000000,0.000000,0
neos-631710,config17,3,FOUND INTEGER FEASIBLE,31.163523,52.265419,1,12,0,0,500.000000,500.000000,0.000000,0.000000,0
neos-631710,config21,1,FOUND INTEGER FEASIBLE,1.342514,5.881880,1,6,1,1,556.000000,556.000000,0.000000,0.000000,0
neos-631710,config21,2,FOUND INTEGER FEASIBLE,1.351830,5.875918,1,6,1,1,556.000000,556.000000,0.000000,0.000000,0
neos-631710,config21,3,FOUND INTEGER FEASIBLE,1.341756,5.829725,1,6,1,1,556.000000,556.000000,0.000000,0.000000,0
neos-631710,config23,1,FOUND INTEGER FEASIBLE,1.515924,16.200050,2,6,1,1,556.000000,556.000000,0.000000,0.000000,0
neos-631710,config23,2,FOUND INTEGER FEASIBLE,1.336490,15.820994,2,6,1,1,556.000000,556.000000,0.000000,0.000000,0
neos-631710,config23,3,FOUND INTEGER FEASIBLE,1.331294,15.736813,2,6,1,1,556.000000,556.000000,0.000000,0.000000,0
neos-631710,config19,1,FOUND INTEGER FEASIBLE,0.000000,2.908631,0,0,-1,-1,556.000000,556.000000,0.000000,0.000000,0
neos-631710,config19,2,FOUND INTEGER FEASIBLE,0.000000,3.299563,0,0,-1,-1,556.000000,556.000000,0.000000,0.000000,0
neos-631710,config19,3,FOUND INTEGER FEASIBLE,0.000000,3.855348,0,0,-1,-1,556.000000,556.000000,0.000000,0.000000,0
neos-631710,config18,1,FOUND INTEGER FEASIBLE,0.000000,3.089728,0,0,-1,-1,556.000000,556.000000,0.000000,0.000000,0
neos-631710,config18,2,FOUND INTEGER FEASIBLE,0.000000,3.320485,0,0,-1,-1,556.000000,556.000000,0.000000,0.000000,0
neos-631710,config18,3,FOUND INTEGER FEASIBLE,0.000000,3.318010,0,0,-1,-1,556.000000,556.000000,0.000000,0.000000,0
neos-662469,config1,1,FOUND INTEGER FEASIBLE,0.000000,1.950091,1,0,-1,-1,1554871.500000,1554871.500000,0.000000,0.000000,0
neos-662469,config1,2,FOUND INTEGER FEASIBLE,0.000000,2.233335,1,0,-1,-1,4986446.500000,4986446.500000,0.000000,0.000000,0
neos-662469,config1,3,FOUND INTEGER FEASIBLE,0.000000,2.202977,1,0,-1,-1,1544956.500000,1544956.500000,0.000000,0.000000,0
neos-662469,config3,1,FOUND INTEGER FEASIBLE,0.000000,0.558091,0,0,-1,-1,12474928.000000,12474928.000000,0.000000,0.000000,0
neos-662469,config3,2,FOUND INTEGER FEASIBLE,0.000000,0.557461,0,0,-1,-1,12474928.000000,12474928.000000,0.000000,0.000000,0
neos-662469,config3,3,FOUND INTEGER FEASIBLE,0.000000,0.564859,0,0,-1,-1,12474928.000000,12474928.000000,0.000000,0.000000,0
neos-662469,config20,1,FOUND INTEGER FEASIBLE,0.000000,1.340112,1,0,-1,-1,1913146.500000,1913146.500000,0.000000,0.000000,0
neos-662469,config20,2,FOUND INTEGER FEASIBLE,0.000000,1.343383,1,0,-1,-1,6144702.000000,6144702.000000,0.000000,0.000000,0
neos-662469,config20,3,FOUND INTEGER FEASIBLE,0.000000,1.285439,1,0,-1,-1,1923170.500000,1923170.500000,0.000000,0.000000,0
neos-662469,config16,1,FOUND INTEGER FEASIBLE,0.735232,2.126673,1,13,2,2,1685170.000000,1685170.000000,0.000000,0.000000,0
neos-662469,config16,2,FOUND INTEGER FEASIBLE,1.425084,3.229964,1,13,2,2,5777027.500000,5777027.500000,0.000000,0.000000,0
neos-662469,config16,3,FOUND INTEGER FEASIBLE,1.418741,3.166557,1,13,2,2,1845230.500000,1845230.500000,0.000000,0.000000,0
neos-662469,config17,1,FOUND INTEGER FEASIBLE,0.128283,0.860757,0,0,0,0,12474928.000000,12474928.000000,0.000000,0.000000,0
neos-662469,config17,2,FOUND INTEGER FEASIBLE,0.127703,0.859271,0,0,0,0,12474928.000000,12474928.000000,0.000000,0.000000,0
neos-662469,config17,3,FOUND INTEGER FEASIBLE,0.128045,0.860355,0,0,0,0,12474928.000000,12474928.000000,0.000000,0.000000,0
neos-662469,config21,1,FOUND INTEGER FEASIBLE,0.336447,1.954860,1,8,1,1,1826205.500000,1826205.500000,0.000000,0.000000,0
neos-662469,config21,2,FOUND INTEGER FEASIBLE,0.336326,2.035957,1,8,1,1,4207075.500000,4207075.500000,0.000000,0.000000,0
neos-662469,config21,3,FOUND INTEGER FEASIBLE,0.335581,2.038046,1,8,1,1,1716255.500000,1716255.500000,0.000000,0.000000,0
neos-662469,config23,1,FOUND INTEGER FEASIBLE,0.336353,1.122253,0,8,1,1,8908710.500000,8908710.500000,0.000000,0.000000,0
neos-662469,config23,2,FOUND INTEGER FEASIBLE,0.335823,1.120976,0,8,1,1,8908710.500000,8908710.500000,0.000000,0.000000,0
neos-662469,config23,3,FOUND INTEGER FEASIBLE,0.260609,0.869542,0,8,1,1,8908710.500000,8908710.500000,0.000000,0.000000,0
neos-662469,config19,1,FOUND INTEGER FEASIBLE,0.000000,0.429689,0,0,-1,-1,12637000.000000,12637000.000000,0.000000,0.000000,0
neos-662469,config19,2,FOUND INTEGER FEASIBLE,0.000000,0.408028,0,0,-1,-1,12637000.000000,12637000.000000,0.000000,0.000000,0
neos-662469,config19,3,FOUND INTEGER FEASIBLE,0.000000,0.401332,0,0,-1,-1,12637000.000000,12637000.000000,0.000000,0.000000,0
neos-662469,config18,1,FOUND INTEGER FEASIBLE,0.000000,0.431079,0,0,-1,-1,12637000.000000,12637000.000000,0.000000,0.000000,0
neos-662469,config18,2,FOUND INTEGER FEASIBLE,0.000000,0.398317,0,0,-1,-1,12637000.000000,12637000.000000,0.000000,0.000000,0
neos-662469,config18,3,FOUND INTEGER FEASIBLE,0.000000,0.398529,0,0,-1,-1,12637000.000000,12637000.000000,0.000000,0.000000,0
neos-787933,config1,1,FOUND INTEGER FEASIBLE,0.000000,0.781775,0,0,-1,-1,30.000000,30.000000,0.000000,0.000000,0
neos-787933,config1,2,FOUND INTEGER FEASIBLE,0.000000,0.784774,0,0,-1,-1,30.000000,30.000000,0.000000,0.000000,0
neos-787933,config1,3,FOUND INTEGER FEASIBLE,0.000000,0.782134,0,0,-1,-1,30.000000,30.000000,0.000000,0.000000,0
neos-787933,config3,1,FOUND INTEGER FEASIBLE,0.000000,0.780291,0,0,-1,-1,662.000000,662.000000,0.000000,0.000000,0
neos-787933,config3,2,FOUND INTEGER FEASIBLE,0.000000,0.772791,0,0,-1,-1,662.000000,662.000000,0.000000,0.000000,0
neos-787933,config3,3,FOUND INTEGER FEASIBLE,0.000000,0.799139,0,0,-1,-1,662.000000,662.000000,0.000000,0.000000,0
neos-787933,config20,1,FOUND INTEGER FEASIBLE,0.000000,0.782154,0,0,-1,-1,867.000000,867.000000,0.000000,0.000000,0
neos-787933,config20,2,FOUND INTEGER FEASIBLE,0.000000,0.746301,0,0,-1,-1,867.000000,867.000000,0.000000,0.000000,0
neos-787933,config20,3,FOUND INTEGER FEASIBLE,0.000000,0.749287,0,0,-1,-1,867.000000,867.000000,0.000000,0.000000,0
neos-787933,config16,1,FOUND INTEGER FEASIBLE,0.001702,0.467274,0,1,0,0,30.000000,30.000000,0.000000,0.000000,0
neos-787933,config16,2,FOUND INTEGER FEASIBLE,0.003042,0.796158,0,1,0,0,30.000000,30.000000,0.000000,0.000000,0
neos-787933,config16,3,FOUND INTEGER FEASIBLE,0.003028,0.787085,0,1,0,0,30.000000,30.000000,0.000000,0.000000,0
neos-787933,config17,1,FOUND INTEGER FEASIBLE,0.000932,0.785760,0,0,0,0,662.000000,662.000000,0.000000,0.000000,0
neos-787933,config17,2,FOUND INTEGER FEASIBLE,0.000915,0.784954,0,0,0,0,662.000000,662.000000,0.000000,0.000000,0
neos-787933,config17,3,FOUND INTEGER FEASIBLE,0.000904,0.789178,0,0,0,0,662.000000,662.000000,0.000000,0.000000,0
neos-787933,config21,1,FOUND INTEGER FEASIBLE,0.000926,0.786925,0,0,0,0,867.000000,867.000000,0.000000,0.000000,0
neos-787933,config21,2,FOUND INTEGER FEASIBLE,0.000896,0.789256,0,0,0,0,867.000000,867.000000,0.000000,0.000000,0
neos-787933,config21,3,FOUND INTEGER FEASIBLE,0.000967,0.842873,0,0,0,0,867.000000,867.000000,0.000000,0.000000,0
neos-787933,config23,1,FOUND INTEGER FEASIBLE,0.000890,0.793690,0,0,0,0,662.000000,662.000000,0.000000,0.000000,0
neos-787933,config23,2,FOUND INTEGER FEASIBLE,0.000922,0.788730,0,0,0,0,662.000000,662.000000,0.000000,0.000000,0
neos-787933,config23,3,FOUND INTEGER FEASIBLE,0.000895,0.814584,0,0,0,0,662.000000,662.000000,0.000000,0.000000,0
neos-787933,config19,1,FOUND INTEGER FEASIBLE,0.000000,0.317503,0,0,-1,-1,1764.000000,1764.000000,0.000000,0.000000,0
neos-787933,config19,2,FOUND INTEGER FEASIBLE,0.000000,0.262310,0,0,-1,-1,1764.000000,1764.000000,0.000000,0.000000,0
neos-787933,config19,3,FOUND INTEGER FEASIBLE,0.000000,0.260691,0,0,-1,-1,1764.000000,1764.000000,0.000000,0.000000,0
neos-787933,config18,1,FOUND INTEGER FEASIBLE,0.000000,0.312403,0,0,-1,-1,1764.000000,1764.000000,0.000000,0.000000,0
neos-787933,config18,2,FOUND INTEGER FEASIBLE,0.000000,0.258334,0,0,-1,-1,1764.000000,1764.000000,0.000000,0.000000,0
neos-787933,config18,3,FOUND INTEGER FEASIBLE,0.000000,0.258223,0,0,-1,-1,1764.000000,1764.000000,0.000000,0.000000,0
neos-827175,config1,1,FOUND INTEGER FEASIBLE,0.000000,1.104404,1,0,-1,-1,114.001560,114.001560,0.000000,0.000000,0
neos-827175,config1,2,FOUND INTEGER FEASIBLE,0.000000,0.905017,1,0,-1,-1,114.001560,114.001560,0.000000,0.000000,0
neos-827175,config1,3,FOUND INTEGER FEASIBLE,0.000000,1.084235,1,0,-1,-1,115.001630,115.001630,0.000000,0.000000,0
neos-827175,config3,1,FOUND INTEGER FEASIBLE,0.000000,1.287030,1,0,-1,-1,114.001550,114.001550,0.000000,0.000000,0
neos-827175,config3,2,FOUND INTEGER FEASIBLE,0.000000,1.176502,1,0,-1,-1,113.001520,113.001520,0.000000,0.000000,0
neos-827175,config3,3,FOUND INTEGER FEASIBLE,0.000000,1.302372,1,0,-1,-1,114.001550,114.001550,0.000000,0.000000,0
neos-827175,config20,1,FOUND INTEGER FEASIBLE,0.000000,1.142731,1,0,-1,-1,122.013740,122.013740,0.000000,0.000000,0
neos-827175,config20,2,FOUND INTEGER FEASIBLE,0.000000,0.921240,1,0,-1,-1,122.012980,122.012980,0.000000,0.000000,0
neos-827175,config20,3,FOUND INTEGER FEASIBLE,0.000000,0.951078,1,0,-1,-1,122.013700,122.013700,0.000000,0.000000,0
neos-827175,config16,1,FOUND INTEGER FEASIBLE,1.108284,2.179683,1,5,0,0,112.001530,112.001530,0.000000,0.000000,0
neos-827175,config16,2,FOUND INTEGER FEASIBLE,1.099887,2.254010,1,5,0,0,112.001540,112.001540,0.000000,0.000000,0
neos-827175,config16,3,FOUND INTEGER FEASIBLE,1.094495,2.092701,1,5,0,0,112.001630,112.001630,0.000000,0.000000,0
neos-827175,config17,1,FOUND INTEGER FEASIBLE,0.626872,1.659682,1,2,0,0,114.001560,114.001560,0.000000,0.000000,0
neos-827175,config17,2,FOUND INTEGER FEASIBLE,0.629242,1.646382,1,2,0,0,113.001520,113.001520,0.000000,0.000000,0
neos-827175,config17,3,FOUND INTEGER FEASIBLE,0.628419,1.647861,1,2,0,0,114.001560,114.001560,0.000000,0.000000,0
neos-827175,config21,1,FOUND INTEGER FEASIBLE,0.369880,1.473999,0,3,1,1,122.013770,122.013770,0.000000,0.000000,0
neos-827175,config21,2,FOUND INTEGER FEASIBLE,0.364279,1.460978,0,3,1,1,122.013770,122.013770,0.000000,0.000000,0
neos-827175,config21,3,FOUND INTEGER FEASIBLE,0.361508,1.442996,0,3,1,1,122.013770,122.013770,0.000000,0.000000,0
neos-827175,config23,1,FOUND INTEGER FEASIBLE,0.365584,1.613656,1,3,1,1,115.001580,115.001580,0.000000,0.000000,0
neos-827175,config23,2,FOUND INTEGER FEASIBLE,0.364182,1.660943,1,3,1,1,115.001530,115.001530,0.000000,0.000000,0
neos-827175,config23,3,FOUND INTEGER FEASIBLE,0.364838,1.614261,1,3,1,1,115.001580,115.001580,0.000000,0.000000,0
neos-827175,config19,1,FOUND INTEGER FEASIBLE,0.000000,0.972167,0,0,-1,-1,122.002140,122.002140,0.000000,0.000000,0
neos-827175,config19,2,FOUND INTEGER FEASIBLE,0.000000,0.964415,0,0,-1,-1,122.002140,122.002140,0.000000,0.000000,0
neos-827175,config19,3,FOUND INTEGER FEASIBLE,0.000000,0.955942,0,0,-1,-1,122.002140,122.002140,0.000000,0.000000,0
neos-827175,config18,1,FOUND INTEGER FEASIBLE,0.000000,0.982364,0,0,-1,-1,122.002140,122.002140,0.000000,0.000000,0
neos-827175,config18,2,FOUND INTEGER FEASIBLE,0.000000,0.951016,0,0,-1,-1,122.002140,122.002140,0.000000,0.000000,0
neos-827175,config18,3,FOUND INTEGER FEASIBLE,0.000000,0.954714,0,0,-1,-1,122.002140,122.002140,0.000000,0.000000,0
neos-848589,config1,1,FOUND INTEGER FEASIBLE,0.000000,4.101415,1,0,-1,-1,36147774.716000,11101747.458200,0.000000,0.000000,0
neos-848589,config1,2,FOUND INTEGER FEASIBLE,0.000000,3.160392,1,0,-1,-1,36147774.716000,11101747.458200,0.000000,0.000000,0
neos-848589,config1,3,FOUND INTEGER FEASIBLE,0.000000,4.188895,1,0,-1,-1,36147774.716000,11101747.458200,0.000000,0.000000,0
neos-848589,config3,1,FOUND INTEGER FEASIBLE,0.000000,5.340927,0,0,-1,-1,43496840.245100,4822682.740200,0.000000,0.000000,0
neos-848589,config3,2,FOUND INTEGER FEASIBLE,0.000000,4.965925,0,0,-1,-1,43496840.245100,4822682.740200,0.000000,0.000000,0
neos-848589,config3,3,FOUND INTEGER FEASIBLE,0.000000,5.416505,0,0,-1,-1,43496840.245100,4822682.740200,0.000000,0.000000,0
neos-848589,config20,1,FOUND INTEGER FEASIBLE,0.000000,5.115571,0,0,-1,-1,43496840.245100,4822682.740200,0.000000,0.000000,0
neos-848589,config20,2,FOUND INTEGER FEASIBLE,0.000000,5.178420,0,0,-1,-1,43496840.245100,4822682.740200,0.000000,0.000000,0
neos-848589,config20,3,FOUND INTEGER FEASIBLE,0.000000,5.145590,0,0,-1,-1,43496840.245100,4822682.740200,0.000000,0.000000,0
neos-848589,config16,1,FOUND INTEGER FEASIBLE,1.298948,7.446107,1,1,0,0,36338027.013100,11101716.717300,0.000000,0.000000,0
neos-848589,config16,2,FOUND INTEGER FEASIBLE,1.161082,6.849319,1,1,0,0,36338027.013100,11101716.717300,0.000000,0.000000,0
neos-848589,config16,3,FOUND INTEGER FEASIBLE,1.151519,6.864059,1,1,0,0,36338027.013100,11101716.717300,0.000000,0.000000,0
neos-848589,config17,1,FOUND INTEGER FEASIBLE,2.201537,8.770340,0,0,0,0,43496840.245100,4822682.740200,0.000000,0.000000,0
neos-848589,config17,2,FOUND INTEGER FEASIBLE,2.198798,8.776516,0,0,0,0,43496840.245100,4822682.740200,0.000000,0.000000,0
neos-848589,config17,3,FOUND INTEGER FEASIBLE,2.206041,8.782590,0,0,0,0,43496840.245100,4822682.740200,0.000000,0.000000,0
neos-848589,config21,1,FOUND INTEGER FEASIBLE,2.197028,8.800641,0,0,0,0,43496840.245100,4822682.740200,0.000000,0.000000,0
neos-848589,config21,2,FOUND INTEGER FEASIBLE,2.185537,8.775326,0,0,0,0,43496840.245100,4822682.740200,0.000000,0.000000,0
neos-848589,config21,3,FOUND INTEGER FEASIBLE,2.202000,8.791741,0,0,0,0,43496840.245100,4822682.740200,0.000000,0.000000,0
neos-848589,config23,1,FOUND INTEGER FEASIBLE,2.197271,8.789922,0,0,0,0,43496840.245100,4822682.740200,0.000000,0.000000,0
neos-848589,config23,2,FOUND INTEGER FEASIBLE,2.182784,8.785390,0,0,0,0,43496840.245100,4822682.740200,0.000000,0.000000,0
neos-848589,config23,3,FOUND INTEGER FEASIBLE,2.186551,8.789775,0,0,0,0,43496840.245100,4822682.740200,0.000000,0.000000,0
neos-848589,config19,1,FOUND INTEGER FEASIBLE,0.000000,2.924729,0,0,-1,-1,34211338.978600,11101747.458200,0.000000,0.000000,0
neos-848589,config19,2,FOUND INTEGER FEASIBLE,0.000000,2.990837,0,0,-1,-1,34211338.978600,11101747.458200,0.000000,0.000000,0
neos-848589,config19,3,FOUND INTEGER FEASIBLE,0.000000,2.918283,0,0,-1,-1,34211338.978600,11101747.458200,0.000000,0.000000,0
neos-848589,config18,1,FOUND INTEGER FEASIBLE,0.000000,2.826724,0,0,-1,-1,34211338.978600,11101747.458200,0.000000,0.000000,0
neos-848589,config18,2,FOUND INTEGER FEASIBLE,0.000000,2.933217,0,0,-1,-1,34211338.978600,11101747.458200,0.000000,0.000000,0
neos-848589,config18,3,FOUND INTEGER FEASIBLE,0.000000,2.920036,0,0,-1,-1,34211338.978600,11101747.458200,0.000000,0.000000,0
neos-860300,config1,1,FOUND INTEGER FEASIBLE,0.000000,1.099883,2,0,-1,-1,3738.000000,3738.000000,0.000000,0.000000,0
neos-860300,config1,2,FOUND INTEGER FEASIBLE,0.000000,0.886777,2,0,-1,-1,3738.000000,3738.000000,0.000000,0.000000,0
neos-860300,config1,3,FOUND INTEGER FEASIBLE,0.000000,1.049501,2,0,-1,-1,3731.000000,3731.000000,0.000000,0.000000,0
neos-860300,config3,1,FOUND INTEGER FEASIBLE,0.000000,0.771822,2,0,-1,-1,10306.000000,10306.000000,0.000000,0.000000,0
neos-860300,config3,2,FOUND INTEGER FEASIBLE,0.000000,0.761093,2,0,-1,-1,10306.000000,10306.000000,0.000000,0.000000,0
neos-860300,config3,3,FOUND INTEGER FEASIBLE,0.000000,0.790288,2,0,-1,-1,6496.000000,6496.000000,0.000000,0.000000,0
neos-860300,config20,1,FOUND INTEGER FEASIBLE,0.000000,0.851804,2,0,-1,-1,6034.000000,6034.000000,0.000000,0.000000,0
neos-860300,config20,2,FOUND INTEGER FEASIBLE,0.000000,0.838594,2,0,-1,-1,6034.000000,6034.000000,0.000000,0.000000,0
neos-860300,config20,3,FOUND INTEGER FEASIBLE,0.000000,0.831578,2,0,-1,-1,6034.000000,6034.000000,0.000000,0.000000,0
neos-860300,config16,1,FOUND INTEGER FEASIBLE,0.197156,0.777324,0,8,0,0,4343.000000,4343.000000,0.000000,0.000000,0
neos-860300,config16,2,FOUND INTEGER FEASIBLE,0.196587,0.751098,0,8,0,0,4343.000000,4343.000000,0.000000,0.000000,0
neos-860300,config16,3,FOUND INTEGER FEASIBLE,0.196254,0.765983,0,8,0,0,4343.000000,4343.000000,0.000000,0.000000,0
neos-860300,config17,1,FOUND INTEGER FEASIBLE,0.115576,1.115140,3,4,0,0,10592.000000,10592.000000,0.000000,0.000000,0
neos-860300,config17,2,FOUND INTEGER FEASIBLE,0.114472,1.096356,3,4,0,0,10607.000000,10607.000000,0.000000,0.000000,0
neos-860300,config17,3,FOUND INTEGER FEASIBLE,0.114919,1.068161,2,4,0,0,10738.000000,10738.000000,0.000000,0.000000,0
neos-860300,config21,1,FOUND INTEGER FEASIBLE,0.151660,1.130595,2,9,0,0,7806.000000,7806.000000,0.000000,0.000000,0
neos-860300,config21,2,FOUND INTEGER FEASIBLE,0.152177,1.229225,5,9,0,0,8022.000000,8022.000000,0.000000,0.000000,0
neos-860300,config21,3,FOUND INTEGER FEASIBLE,0.151908,1.132536,2,9,0,0,7806.000000,7806.000000,0.000000,0.000000,0
neos-860300,config23,1,FOUND INTEGER FEASIBLE,0.152123,1.195251,1,9,0,0,8955.000000,8955.000000,0.000000,0.000000,0
neos-860300,config23,2,FOUND INTEGER FEASIBLE,0.151536,1.185981,1,9,0,0,8955.000000,8955.000000,0.000000,0.000000,0
neos-860300,config23,3,FOUND INTEGER FEASIBLE,0.151643,1.188752,1,9,0,0,8955.000000,8955.000000,0.000000,0.000000,0
neos-860300,config19,1,FOUND INTEGER FEASIBLE,0.000000,0.695303,0,0,-1,-1,10402.000000,10402.000000,0.000000,0.000000,0
neos-860300,config19,2,FOUND INTEGER FEASIBLE,0.000000,0.652685,0,0,-1,-1,10402.000000,10402.000000,0.000000,0.000000,0
neos-860300,config19,3,FOUND INTEGER FEASIBLE,0.000000,0.653171,0,0,-1,-1,10402.000000,10402.000000,0.000000,0.000000,0
neos-860300,config18,1,FOUND INTEGER FEASIBLE,0.000000,0.692609,0,0,-1,-1,10402.000000,10402.000000,0.000000,0.000000,0
neos-860300,config18,2,FOUND INTEGER FEASIBLE,0.000000,0.650553,0,0,-1,-1,10402.000000,10402.000000,0.000000,0.000000,0
neos-860300,config18,3,FOUND INTEGER FEASIBLE,0.000000,0.651492,0,0,-1,-1,10402.000000,10402.000000,0.000000,0.000000,0
neos-873061,config1,1,FOUND INTEGER FEASIBLE,0.000000,6.977754,4,0,-1,-1,236.260415,236.260415,0.000000,0.000000,0
neos-873061,config1,2,FOUND INTEGER FEASIBLE,0.000000,6.967699,4,0,-1,-1,237.848602,237.848602,0.000000,0.000000,0
neos-873061,config1,3,FOUND INTEGER FEASIBLE,0.000000,6.595100,3,0,-1,-1,198.436975,198.436975,0.000000,0.000000,0
neos-873061,config3,1,FOUND INTEGER FEASIBLE,0.000000,9.207019,4,0,-1,-1,240.315662,240.315662,0.000000,0.000000,0
neos-873061,config3,2,FOUND INTEGER FEASIBLE,0.000000,9.121248,4,0,-1,-1,221.758071,221.758071,0.000000,0.000000,0
neos-873061,config3,3,FOUND INTEGER FEASIBLE,0.000000,9.035417,3,0,-1,-1,227.884157,227.884157,0.000000,0.000000,0
neos-873061,config20,1,FOUND INTEGER FEASIBLE,0.000000,2.546497,0,0,-1,-1,251127.839190,251127.839190,0.000000,0.000000,0
neos-873061,config20,2,FOUND INTEGER FEASIBLE,0.000000,2.790318,0,0,-1,-1,251127.839190,251127.839190,0.000000,0.000000,0
neos-873061,config20,3,FOUND INTEGER FEASIBLE,0.000000,2.787427,0,0,-1,-1,251127.839190,251127.839190,0.000000,0.000000,0
neos-873061,config16,1,FOUND INTEGER FEASIBLE,3.738728,12.211620,5,11,2,2,266.879798,266.879798,0.000000,0.000000,0
neos-873061,config16,2,FOUND INTEGER FEASIBLE,3.764145,12.118828,4,11,2,2,258.330184,258.330184,0.000000,0.000000,0
neos-873061,config16,3,FOUND INTEGER FEASIBLE,3.781787,11.893458,3,11,2,2,227.524082,227.524082,0.000000,0.000000,0
neos-873061,config17,1,FOUND INTEGER FEASIBLE,6.165247,16.548747,4,10,2,2,236.266662,236.266662,0.000000,0.000000,0
neos-873061,config17,2,FOUND INTEGER FEASIBLE,6.174306,16.678144,5,10,2,2,231.500383,231.500383,0.000000,0.000000,0
neos-873061,config17,3,FOUND INTEGER FEASIBLE,6.168540,16.371126,3,10,2,2,254.044409,254.044409,0.000000,0.000000,0
neos-873061,config21,1,FOUND INTEGER FEASIBLE,0.644887,4.033062,0,0,0,0,251127.839190,251127.839190,0.000000,0.000000,0
neos-873061,config21,2,FOUND INTEGER FEASIBLE,0.644288,4.030467,0,0,0,0,251127.839190,251127.839190,0.000000,0.000000,0
neos-873061,config21,3,FOUND INTEGER FEASIBLE,0.647100,4.025607,0,0,0,0,251127.839190,251127.839190,0.000000,0.000000,0
neos-873061,config23,1,FOUND INTEGER FEASIBLE,0.642991,10.011070,4,0,0,0,245.832551,245.832551,0.000000,0.000000,0
neos-873061,config23,2,FOUND INTEGER FEASIBLE,0.642772,10.021581,4,0,0,0,231.571070,231.571070,0.000000,0.000000,0
neos-873061,config23,3,FOUND INTEGER FEASIBLE,0.640380,9.799274,3,0,0,0,254.801920,254.801920,0.000000,0.000000,0
neos-873061,config19,1,FOUND INTEGER FEASIBLE,0.000000,2.407159,0,0,-1,-1,251127.839190,251127.839190,0.000000,0.000000,0
neos-873061,config19,2,FOUND INTEGER FEASIBLE,0.000000,2.652532,0,0,-1,-1,251127.839190,251127.839190,0.000000,0.000000,0
neos-873061,config19,3,FOUND INTEGER FEASIBLE,0.000000,2.634358,0,0,-1,-1,251127.839190,251127.839190,0.000000,0.000000,0
neos-873061,config18,1,FOUND INTEGER FEASIBLE,0.000000,2.692438,0,0,-1,-1,251127.839190,251127.839190,0.000000,0.000000,0
neos-873061,config18,2,FOUND INTEGER FEASIBLE,0.000000,2.648184,0,0,-1,-1,251127.839190,251127.839190,0.000000,0.000000,0
neos-873061,config18,3,FOUND INTEGER FEASIBLE,0.000000,2.650543,0,0,-1,-1,251127.839190,251127.839190,0.000000,0.000000,0
neos8,config1,1,FOUND INTEGER FEASIBLE,0.000000,0.519246,2,0,-1,-1,-3707.000000,-3707.000000,0.000000,0.000000,0
neos8,config1,2,FOUND INTEGER FEASIBLE,0.000000,0.462704,1,0,-1,-1,0.000000,0.000000,0.000000,0.000000,0
neos8,config1,3,FOUND INTEGER FEASIBLE,0.000000,0.462684,2,0,-1,-1,-3707.000000,-3707.000000,0.000000,0.000000,0
neos8,config3,1,FOUND INTEGER FEASIBLE,0.000000,0.427931,0,0,-1,-1,637.000000,637.000000,0.000000,0.000000,0
neos8,config3,2,FOUND INTEGER FEASIBLE,0.000000,0.429737,0,0,-1,-1,637.000000,637.000000,0.000000,0.000000,0
neos8,config3,3,FOUND INTEGER FEASIBLE,0.000000,0.429763,0,0,-1,-1,637.000000,637.000000,0.000000,0.000000,0
neos8,config20,1,FOUND INTEGER FEASIBLE,0.000000,0.455454,2,0,-1,-1,-2869.000000,-2869.000000,0.000000,0.000000,0
neos8,config20,2,FOUND INTEGER FEASIBLE,0.000000,0.437555,2,0,-1,-1,-2869.000000,-2869.000000,0.000000,0.000000,0
neos8,config20,3,FOUND INTEGER FEASIBLE,0.000000,0.431276,2,0,-1,-1,-2869.000000,-2869.000000,0.000000,0.000000,0
neos8,config16,1,FOUND INTEGER FEASIBLE,0.035158,0.481043,0,9,0,0,0.000000,0.000000,0.000000,0.000000,0
neos8,config16,2,FOUND INTEGER FEASIBLE,0.035064,0.463979,0,9,0,0,0.000000,0.000000,0.000000,0.000000,0
neos8,config16,3,FOUND INTEGER FEASIBLE,0.035060,0.454460,0,9,0,0,0.000000,0.000000,0.000000,0.000000,0
neos8,config17,1,FOUND INTEGER FEASIBLE,0.016955,0.471024,0,0,0,0,637.000000,637.000000,0.000000,0.000000,0
neos8,config17,2,FOUND INTEGER FEASIBLE,0.017098,0.472789,0,0,0,0,637.000000,637.000000,0.000000,0.000000,0
neos8,config17,3,FOUND INTEGER FEASIBLE,0.016961,0.470965,0,0,0,0,637.000000,637.000000,0.000000,0.000000,0
neos8,config21,1,FOUND INTEGER FEASIBLE,0.058541,0.479916,0,12,0,0,637.000000,637.000000,0.000000,0.000000,0
neos8,config21,2,FOUND INTEGER FEASIBLE,0.058722,0.480053,0,12,0,0,637.000000,637.000000,0.000000,0.000000,0
neos8,config21,3,FOUND INTEGER FEASIBLE,0.058619,0.479857,0,12,0,0,637.000000,637.000000,0.000000,0.000000,0
neos8,config23,1,FOUND INTEGER FEASIBLE,0.058490,0.479585,0,12,0,0,637.000000,637.000000,0.000000,0.000000,0
neos8,config23,2,FOUND INTEGER FEASIBLE,0.058808,0.479052,0,12,0,0,637.000000,637.000000,0.000000,0.000000,0
neos8,config23,3,FOUND INTEGER FEASIBLE,0.058179,0.481127,0,12,0,0,637.000000,637.000000,0.000000,0.000000,0
neos8,config19,1,FOUND INTEGER FEASIBLE,0.000000,0.160397,0,0,-1,-1,0.000000,0.000000,0.000000,0.000000,0
neos8,config19,2,FOUND INTEGER FEASIBLE,0.000000,0.076671,0,0,-1,-1,0.000000,0.000000,0.000000,0.000000,0
neos8,config19,3,FOUND INTEGER FEASIBLE,0.000000,0.117276,0,0,-1,-1,0.000000,0.000000,0.000000,0.000000,0
neos8,config18,1,FOUND INTEGER FEASIBLE,0.000000,0.144002,0,0,-1,-1,0.000000,0.000000,0.000000,0.000000,0
neos8,config18,2,FOUND INTEGER FEASIBLE,0.000000,0.070686,0,0,-1,-1,0.000000,0.000000,0.000000,0.000000,0
neos8,config18,3,FOUND INTEGER FEASIBLE,0.000000,0.113584,0,0,-1,-1,0.000000,0.000000,0.000000,0.000000,0
neos-911970,config1,1,FOUND INTEGER FEASIBLE,0.000000,0.018993,1,0,-1,-1,274.250000,274.250000,0.000000,0.000000,0
neos-911970,config1,2,FOUND INTEGER FEASIBLE,0.000000,0.019919,1,0,-1,-1,314.660000,314.660000,0.000000,0.000000,0
neos-911970,config1,3,FOUND INTEGER FEASIBLE,0.000000,0.020396,1,0,-1,-1,281.790000,281.790000,0.000000,0.000000,0
neos-911970,config3,1,FOUND INTEGER FEASIBLE,0.000000,0.014705,0,0,-1,-1,37974.240000,383.060000,0.000000,0.000000,0
neos-911970,config3,2,FOUND INTEGER FEASIBLE,0.000000,0.016507,0,0,-1,-1,37974.240000,383.060000,0.000000,0.000000,0
neos-911970,config3,3,FOUND INTEGER FEASIBLE,0.000000,0.016139,0,0,-1,-1,37974.240000,383.060000,0.000000,0.000000,0
neos-911970,config20,1,FOUND INTEGER FEASIBLE,0.000000,0.016193,0,0,-1,-1,37974.240000,383.060000,0.000000,0.000000,0
neos-911970,config20,2,FOUND INTEGER FEASIBLE,0.000000,0.016969,0,0,-1,-1,37974.240000,383.060000,0.000000,0.000000,0
neos-911970,config20,3,FOUND INTEGER FEASIBLE,0.000000,0.015619,0,0,-1,-1,37974.240000,383.060000,0.000000,0.000000,0
neos-911970,config16,1,FOUND INTEGER FEASIBLE,0.011955,0.039166,1,10,0,0,225.030000,225.030000,0.000000,0.000000,0
neos-911970,config16,2,FOUND INTEGER FEASIBLE,0.006144,0.023735,1,10,0,0,221.750000,221.750000,0.000000,0.000000,0
neos-911970,config16,3,FOUND INTEGER FEASIBLE,0.012244,0.039517,1,10,0,0,242.170000,242.170000,0.000000,0.000000,0
neos-911970,config17,1,FOUND INTEGER FEASIBLE,0.002428,0.019454,0,0,0,0,37974.240000,383.060000,0.000000,0.000000,0
neos-911970,config17,2,FOUND INTEGER FEASIBLE,0.003912,0.026031,0,0,0,0,37974.240000,383.060000,0.000000,0.000000,0
neos-911970,config17,3,FOUND INTEGER FEASIBLE,0.002088,0.019181,0,0,0,0,37974.240000,383.060000,0.000000,0.000000,0
neos-911970,config21,1,FOUND INTEGER FEASIBLE,0.003949,0.026347,0,0,0,0,37974.240000,383.060000,0.000000,0.000000,0
neos-911970,config21,2,FOUND INTEGER FEASIBLE,0.002028,0.016157,0,0,0,0,37974.240000,383.060000,0.000000,0.000000,0
neos-911970,config21,3,FOUND INTEGER FEASIBLE,0.003941,0.026482,0,0,0,0,37974.240000,383.060000,0.000000,0.000000,0
neos-911970,config23,1,FOUND INTEGER FEASIBLE,0.003586,0.018320,0,0,0,0,37974.240000,383.060000,0.000000,0.000000,0
neos-911970,config23,2,FOUND INTEGER FEASIBLE,0.003937,0.024873,0,0,0,0,37974.240000,383.060000,0.000000,0.000000,0
neos-911970,config23,3,FOUND INTEGER FEASIBLE,0.002969,0.018158,0,0,0,0,37974.240000,383.060000,0.000000,0.000000,0
neos-911970,config19,1,FOUND INTEGER FEASIBLE,0.000000,0.004956,0,0,-1,-1,297.000000,297.000000,0.000000,0.000000,0
neos-911970,config19,2,FOUND INTEGER FEASIBLE,0.000000,0.004361,0,0,-1,-1,297.000000,297.000000,0.000000,0.000000,0
neos-911970,config19,3,FOUND INTEGER FEASIBLE,0.000000,0.005637,0,0,-1,-1,297.000000,297.000000,0.000000,0.000000,0
neos-911970,config18,1,FOUND INTEGER FEASIBLE,0.000000,0.004789,0,0,-1,-1,297.000000,297.000000,0.000000,0.000000,0
neos-911970,config18,2,FOUND INTEGER FEASIBLE,0.000000,0.003484,0,0,-1,-1,297.000000,297.000000,0.000000,0.000000,0
neos-911970,config18,3,FOUND INTEGER FEASIBLE,0.000000,0.002885,0,0,-1,-1,297.000000,297.000000,0.000000,0.000000,0
neos-933966,config1,1,FOUND INTEGER FEASIBLE,0.000000,1.465266,1,0,-1,-1,64301.000000,64301.000000,0.000000,0.000000,0
neos-933966,config1,2,FOUND INTEGER FEASIBLE,0.000000,1.225321,1,0,-1,-1,357100.000000,357100.000000,0.000000,0.000000,0
neos-933966,config1,3,FOUND INTEGER FEASIBLE,0.000000,1.530116,1,0,-1,-1,85332.000000,85332.000000,0.000000,0.000000,0
neos-933966,config3,1,FOUND INTEGER FEASIBLE,0.000000,0.291086,0,0,-1,-1,487600.000000,484000.000000,0.000000,0.000000,0
neos-933966,config3,2,FOUND INTEGER FEASIBLE,0.000000,0.288482,0,0,-1,-1,487600.000000,484000.000000,0.000000,0.000000,0
neos-933966,config3,3,FOUND INTEGER FEASIBLE,0.000000,0.289503,0,0,-1,-1,487600.000000,484000.000000,0.000000,0.000000,0
neos-933966,config20,1,FOUND INTEGER FEASIBLE,0.000000,0.473901,1,0,-1,-1,487933.000000,146371.000000,0.000000,0.000000,0
neos-933966,config20,2,FOUND INTEGER FEASIBLE,0.000000,0.458552,1,0,-1,-1,487835.000000,279241.000000,0.000000,0.000000,0
neos-933966,config20,3,FOUND INTEGER FEASIBLE,0.000000,0.474861,1,0,-1,-1,487937.000000,157376.000000,0.000000,0.000000,0
neos-933966,config16,1,FOUND INTEGER FEASIBLE,3.423574,6.580139,1,12,0,0,54322.000000,54322.000000,0.000000,0.000000,0
neos-933966,config16,2,FOUND INTEGER FEASIBLE,3.488991,6.484214,1,12,0,0,237173.000000,237173.000000,0.000000,0.000000,0
neos-933966,config16,3,FOUND INTEGER FEASIBLE,3.508031,6.615489,1,12,0,0,59329.000000,59329.000000,0.000000,0.000000,0
neos-933966,config17,1,FOUND INTEGER FEASIBLE,0.010365,0.423266,0,0,0,0,487600.000000,484000.000000,0.000000,0.000000,0
neos-933966,config17,2,FOUND INTEGER FEASIBLE,0.010333,0.416992,0,0,0,0,487600.000000,484000.000000,0.000000,0.000000,0
neos-933966,config17,3,FOUND INTEGER FEASIBLE,0.010411,0.419585,0,0,0,0,487600.000000,484000.000000,0.000000,0.000000,0
neos-933966,config21,1,FOUND INTEGER FEASIBLE,0.294057,0.577470,0,9,0,0,484214.000000,474103.000000,0.000000,0.000000,0
neos-933966,config21,2,FOUND INTEGER FEASIBLE,0.293580,0.575775,0,9,0,0,484214.000000,474103.000000,0.000000,0.000000,0
neos-933966,config21,3,FOUND INTEGER FEASIBLE,0.294397,0.577131,0,9,0,0,484214.000000,474103.000000,0.000000,0.000000,0
neos-933966,config23,1,FOUND INTEGER FEASIBLE,0.295883,0.583101,0,9,0,0,484135.000000,484000.000000,0.000000,0.000000,0
neos-933966,config23,2,FOUND INTEGER FEASIBLE,0.293893,0.574926,0,9,0,0,484135.000000,484000.000000,0.000000,0.000000,0
neos-933966,config23,3,FOUND INTEGER FEASIBLE,0.294513,0.576868,0,9,0,0,484135.000000,484000.000000,0.000000,0.000000,0
neos-933966,config19,1,FOUND INTEGER FEASIBLE,0.000000,0.108084,0,0,-1,-1,484000.000000,484000.000000,0.000000,0.000000,0
neos-933966,config19,2,FOUND INTEGER FEASIBLE,0.000000,0.082684,0,0,-1,-1,484000.000000,484000.000000,0.000000,0.000000,0
neos-933966,config19,3,FOUND INTEGER FEASIBLE,0.000000,0.079585,0,0,-1,-1,484000.000000,484000.000000,0.000000,0.000000,0
neos-933966,config18,1,FOUND INTEGER FEASIBLE,0.000000,0.106522,0,0,-1,-1,484000.000000,484000.000000,0.000000,0.000000,0
neos-933966,config18,2,FOUND INTEGER FEASIBLE,0.000000,0.079684,0,0,-1,-1,484000.000000,484000.000000,0.000000,0.000000,0
neos-933966,config18,3,FOUND INTEGER FEASIBLE,0.000000,0.080421,0,0,-1,-1,484000.000000,484000.000000,0.000000,0.000000,0
neos-950242,config1,1,FOUND INTEGER FEASIBLE,0.000000,41.160432,41,0,-1,-1,19.000000,19.000000,0.000000,0.000000,0
neos-950242,config1,2,FOUND INTEGER FEASIBLE,0.000000,8.040849,4,0,-1,-1,4.000000,4.000000,0.000000,0.000000,0
neos-950242,config1,3,FOUND INTEGER FEASIBLE,0.000000,8.817793,12,0,-1,-1,7.000000,7.000000,0.000000,0.000000,0
neos-950242,config3,1,FOUND INTEGER FEASIBLE,0.000000,14.425672,15,0,-1,-1,7.000000,7.000000,0.000000,0.000000,0
neos-950242,config3,2,FOUND INTEGER FEASIBLE,0.000000,7.066749,8,0,-1,-1,5.000000,5.000000,0.000000,0.000000,0
neos-950242,config3,3,FOUND INTEGER FEASIBLE,0.000000,8.306643,12,0,-1,-1,5.000000,5.000000,0.000000,0.000000,0
neos-950242,config20,1,FOUND INTEGER FEASIBLE,0.000000,65.735387,94,0,-1,-1,24.000000,24.000000,0.000000,0.000000,0
neos-950242,config20,2,FOUND INTEGER FEASIBLE,0.000000,85.797454,133,0,-1,-1,24.000000,24.000000,0.000000,0.000000,0
neos-950242,config20,3,FOUND INTEGER FEASIBLE,0.000000,40.660200,51,0,-1,-1,23.000000,23.000000,0.000000,0.000000,0
neos-950242,config16,1,FOUND INTEGER FEASIBLE,0.247788,34.795865,49,1,0,0,10.000000,10.000000,0.000000,0.000000,0
neos-950242,config16,2,FOUND INTEGER FEASIBLE,0.251243,13.144432,17,1,0,0,8.000000,8.000000,0.000000,0.000000,0
neos-950242,config16,3,FOUND INTEGER FEASIBLE,0.253073,26.315606,12,1,0,0,5.000000,5.000000,0.000000,0.000000,0
neos-950242,config17,1,FOUND INTEGER FEASIBLE,0.301196,12.338390,15,1,0,0,5.000000,5.000000,0.000000,0.000000,0
neos-950242,config17,2,FOUND INTEGER FEASIBLE,0.296118,11.874724,11,1,0,0,6.000000,6.000000,0.000000,0.000000,0
neos-950242,config17,3,FOUND INTEGER FEASIBLE,0.297318,8.197450,13,1,0,0,4.000000,4.000000,0.000000,0.000000,0
neos-950242,config21,1,FOUND INTEGER FEASIBLE,0.314593,116.947634,94,2,2,2,24.000000,24.000000,0.000000,0.000000,0
neos-950242,config21,2,FOUND INTEGER FEASIBLE,0.314861,152.328097,133,2,2,2,24.000000,24.000000,0.000000,0.000000,0
neos-950242,config21,3,FOUND INTEGER FEASIBLE,0.314056,71.457153,51,2,2,2,23.000000,23.000000,0.000000,0.000000,0
neos-950242,config23,1,FOUND INTEGER FEASIBLE,0.315070,14.829906,15,2,2,2,7.000000,7.000000,0.000000,0.000000,0
neos-950242,config23,2,FOUND INTEGER FEASIBLE,0.164002,6.392868,8,2,2,2,5.000000,5.000000,0.000000,0.000000,0
neos-950242,config23,3,FOUND INTEGER FEASIBLE,0.312982,8.652127,12,2,2,2,5.000000,5.000000,0.000000,0.000000,0
neos-950242,config19,1,FOUND INTEGER FEASIBLE,0.000000,0.503668,0,0,-1,-1,20.000000,20.000000,0.000000,0.000000,0
neos-950242,config19,2,FOUND INTEGER FEASIBLE,0.000000,0.487949,0,0,-1,-1,20.000000,20.000000,0.000000,0.000000,0
neos-950242,config19,3,FOUND INTEGER FEASIBLE,0.000000,0.487324,0,0,-1,-1,20.000000,20.000000,0.000000,0.000000,0
neos-950242,config18,1,FOUND INTEGER FEASIBLE,0.000000,0.503602,0,0,-1,-1,20.000000,20.000000,0.000000,0.000000,0
neos-950242,config18,2,FOUND INTEGER FEASIBLE,0.000000,0.483868,0,0,-1,-1,20.000000,20.000000,0.000000,0.000000,0
neos-950242,config18,3,FOUND INTEGER FEASIBLE,0.000000,0.487562,0,0,-1,-1,20.000000,20.000000,0.000000,0.000000,0
neos-957323,config1,1,FOUND INTEGER FEASIBLE,0.000000,1.965577,1,0,-1,-1,-220.788854,-220.788854,0.000000,0.000000,0
neos-957323,config1,2,FOUND INTEGER FEASIBLE,0.000000,1.971549,1,0,-1,-1,-199.815269,-199.815269,0.000000,0.000000,0
neos-957323,config1,3,FOUND INTEGER FEASIBLE,0.000000,1.973275,1,0,-1,-1,-222.785180,-222.785180,0.000000,0.000000,0
neos-957323,config3,1,FOUND INTEGER FEASIBLE,0.000000,1.449575,0,0,-1,-1,0.000000,0.000000,0.000000,0.000000,0
neos-957323,config3,2,FOUND INTEGER FEASIBLE,0.000000,1.439605,0,0,-1,-1,0.000000,0.000000,0.000000,0.000000,0
neos-957323,config3,3,FOUND INTEGER FEASIBLE,0.000000,1.444656,0,0,-1,-1,0.000000,0.000000,0.000000,0.000000,0
neos-957323,config20,1,FOUND INTEGER FEASIBLE,0.000000,1.763812,1,0,-1,-1,-201.725526,-201.725526,0.000000,0.000000,0
neos-957323,config20,2,FOUND INTEGER FEASIBLE,0.000000,2.799930,1,0,-1,-1,0.000000,0.000000,0.000000,0.000000,0
neos-957323,config20,3,FOUND INTEGER FEASIBLE,0.000000,2.553957,1,0,-1,-1,-145.871457,-145.871457,0.000000,0.000000,0
neos-957323,config16,1,FOUND INTEGER FEASIBLE,0.824365,2.599514,1,12,0,0,-228.774440,-228.774440,0.000000,0.000000,0
neos-957323,config16,2,FOUND INTEGER FEASIBLE,0.812876,2.545554,1,12,0,0,-219.785215,-219.785215,0.000000,0.000000,0
neos-957323,config16,3,FOUND INTEGER FEASIBLE,0.813180,2.542427,1,12,0,0,-228.774440,-228.774440,0.000000,0.000000,0
neos-957323,config17,1,FOUND INTEGER FEASIBLE,0.060900,1.554830,0,1,0,0,0.000000,0.000000,0.000000,0.000000,0
neos-957323,config17,2,FOUND INTEGER FEASIBLE,0.066531,1.538159,0,1,0,0,0.000000,0.000000,0.000000,0.000000,0
neos-957323,config17,3,FOUND INTEGER FEASIBLE,0.061279,1.535488,0,1,0,0,0.000000,0.000000,0.000000,0.000000,0
neos-957323,config21,1,FOUND INTEGER FEASIBLE,0.541837,1.963658,0,11,0,0,0.000000,0.000000,0.000000,0.000000,0
neos-957323,config21,2,FOUND INTEGER FEASIBLE,0.555875,1.976123,0,11,0,0,0.000000,0.000000,0.000000,0.000000,0
neos-957323,config21,3,FOUND INTEGER FEASIBLE,0.552520,1.983370,0,11,0,0,0.000000,0.000000,0.000000,0.000000,0
neos-957323,config23,1,FOUND INTEGER FEASIBLE,0.574108,2.017528,0,11,0,0,0.000000,0.000000,0.000000,0.000000,0
neos-957323,config23,2,FOUND INTEGER FEASIBLE,0.578742,2.009661,0,11,0,0,0.000000,0.000000,0.000000,0.000000,0
neos-957323,config23,3,FOUND INTEGER FEASIBLE,0.556000,1.983141,0,11,0,0,0.000000,0.000000,0.000000,0.000000,0
neos-957323,config19,1,FOUND INTEGER FEASIBLE,0.000000,0.249633,0,0,-1,-1,0.000000,0.000000,0.000000,0.000000,0
neos-957323,config19,2,FOUND INTEGER FEASIBLE,0.000000,0.176326,0,0,-1,-1,0.000000,0.000000,0.000000,0.000000,0
neos-957323,config19,3,FOUND INTEGER FEASIBLE,0.000000,0.178471,0,0,-1,-1,0.000000,0.000000,0.000000,0.000000,0
neos-957323,config18,1,FOUND INTEGER FEASIBLE,0.000000,0.245890,0,0,-1,-1,0.000000,0.000000,0.000000,0.000000,0
neos-957323,config18,2,FOUND INTEGER FEASIBLE,0.000000,0.179921,0,0,-1,-1,0.000000,0.000000,0.000000,0.000000,0
neos-957323,config18,3,FOUND INTEGER FEASIBLE,0.000000,0.179036,0,0,-1,-1,0.000000,0.000000,0.000000,0.000000,0
neos-960392,config1,1,FOUND INTEGER FEASIBLE,0.000000,3.310800,2,0,-1,-1,-193.000000,-193.000000,0.000000,0.000000,0
neos-960392,config1,2,FOUND INTEGER FEASIBLE,0.000000,2.759476,1,0,-1,-1,-90.000000,-90.000000,0.000000,0.000000,0
neos-960392,config1,3,FOUND INTEGER FEASIBLE,0.000000,3.326510,2,0,-1,-1,-219.000000,-219.000000,0.000000,0.000000,0
neos-960392,config3,1,FOUND INTEGER FEASIBLE,0.000000,1.893613,0,0,-1,-1,0.000000,0.000000,0.000000,0.000000,0
neos-960392,config3,2,FOUND INTEGER FEASIBLE,0.000000,2.228068,0,0,-1,-1,0.000000,0.000000,0.000000,0.000000,0
neos-960392,config3,3,FOUND INTEGER FEASIBLE,0.000000,2.257801,0,0,-1,-1,0.000000,0.000000,0.000000,0.000000,0
neos-960392,config20,1,FOUND INTEGER FEASIBLE,0.000000,3.557159,2,0,-1,-1,-198.000000,-198.000000,0.000000,0.000000,0
neos-960392,config20,2,FOUND INTEGER FEASIBLE,0.000000,3.784153,3,0,-1,-1,-80.000000,-80.000000,0.000000,0.000000,0
neos-960392,config20,3,FOUND INTEGER FEASIBLE,0.000000,3.681754,2,0,-1,-1,-210.000000,-210.000000,0.000000,0.000000,0
neos-960392,config16,1,FOUND INTEGER FEASIBLE,1.187839,3.511742,1,10,0,0,-122.000000,-122.000000,0.000000,0.000000,0
neos-960392,config16,2,FOUND INTEGER FEASIBLE,1.212263,3.574683,2,10,0,0,-120.000000,-120.000000,0.000000,0.000000,0
neos-960392,config16,3,FOUND INTEGER FEASIBLE,1.204480,3.591157,3,10,0,0,-115.000000,-115.000000,0.000000,0.000000,0
neos-960392,config17,1,FOUND INTEGER FEASIBLE,0.112509,3.347097,0,0,0,0,0.000000,0.000000,0.000000,0.000000,0
neos-960392,config17,2,FOUND INTEGER FEASIBLE,0.112702,3.329918,0,0,0,0,0.000000,0.000000,0.000000,0.000000,0
neos-960392,config17,3,FOUND INTEGER FEASIBLE,0.112064,3.349263,0,0,0,0,0.000000,0.000000,0.000000,0.000000,0
neos-960392,config21,1,FOUND INTEGER FEASIBLE,0.412903,2.587850,0,13,0,0,0.000000,0.000000,0.000000,0.000000,0
neos-960392,config21,2,FOUND INTEGER FEASIBLE,0.414064,2.623223,0,13,0,0,0.000000,0.000000,0.000000,0.000000,0
neos-960392,config21,3,FOUND INTEGER FEASIBLE,0.404219,2.570809,0,13,0,0,0.000000,0.000000,0.000000,0.000000,0
neos-960392,config23,1,FOUND INTEGER FEASIBLE,0.415984,2.604689,0,13,0,0,0.000000,0.000000,0.000000,0.000000,0
neos-960392,config23,2,FOUND INTEGER FEASIBLE,0.406222,2.575265,0,13,0,0,0.000000,0.000000,0.000000,0.000000,0
neos-960392,config23,3,FOUND INTEGER FEASIBLE,0.415417,2.606739,0,13,0,0,0.000000,0.000000,0.000000,0.000000,0
neos-960392,config19,1,FOUND INTEGER FEASIBLE,0.000000,0.110962,0,0,-1,-1,0.000000,0.000000,0.000000,0.000000,0
neos-960392,config19,2,FOUND INTEGER FEASIBLE,0.000000,0.084845,0,0,-1,-1,0.000000,0.000000,0.000000,0.000000,0
neos-960392,config19,3,FOUND INTEGER FEASIBLE,0.000000,0.084126,0,0,-1,-1,0.000000,0.000000,0.000000,0.000000,0
neos-960392,config18,1,FOUND INTEGER FEASIBLE,0.000000,0.110117,0,0,-1,-1,0.000000,0.000000,0.000000,0.000000,0
neos-960392,config18,2,FOUND INTEGER FEASIBLE,0.000000,0.086616,0,0,-1,-1,0.000000,0.000000,0.000000,0.000000,0
neos-960392,config18,3,FOUND INTEGER FEASIBLE,0.000000,0.085264,0,0,-1,-1,0.000000,0.000000,0.000000,0.000000,0
net12,config1,1,FOUND INTEGER FEASIBLE,0.000000,2.721444,4,0,-1,-1,316.000000,316.000000,0.000000,0.000000,0
net12,config1,2,FOUND INTEGER FEASIBLE,0.000000,3.324769,30,0,-1,-1,316.000000,316.000000,0.000000,0.000000,0
net12,config1,3,FOUND INTEGER FEASIBLE,0.000000,3.442307,19,0,-1,-1,337.000000,337.000000,0.000000,0.000000,0
net12,config3,1,FOUND INTEGER FEASIBLE,0.000000,0.752442,8,0,-1,-1,296.000000,296.000000,0.000000,0.000000,0
net12,config3,2,FOUND INTEGER FEASIBLE,0.000000,1.426422,27,0,-1,-1,296.000000,296.000000,0.000000,0.000000,0
net12,config3,3,FOUND INTEGER FEASIBLE,0.000000,0.892379,14,0,-1,-1,296.000000,296.000000,0.000000,0.000000,0
net12,config20,1,FOUND INTEGER FEASIBLE,0.000000,8.129867,3,0,-1,-1,337.000000,337.000000,0.000000,0.000000,0
net12,config20,2,FOUND INTEGER FEASIBLE,0.000000,7.810756,2,0,-1,-1,337.000000,337.000000,0.000000,0.000000,0
net12,config20,3,FOUND INTEGER FEASIBLE,0.000000,8.433870,6,0,-1,-1,337.000000,337.000000,0.000000,0.000000,0
net12,config16,1,FOUND INTEGER FEASIBLE,3.554660,4.430679,8,12,1,1,337.000000,337.000000,0.000000,0.000000,0
net12,config16,2,FOUND INTEGER FEASIBLE,3.563035,4.414332,5,12,1,1,337.000000,337.000000,0.000000,0.000000,0
net12,config16,3,FOUND INTEGER FEASIBLE,3.570325,4.431787,6,12,1,1,337.000000,337.000000,0.000000,0.000000,0
net12,config17,1,FOUND INTEGER FEASIBLE,0.565181,1.493212,8,2,1,1,296.000000,296.000000,0.000000,0.000000,0
net12,config17,2,FOUND INTEGER FEASIBLE,0.572103,1.454213,5,2,1,1,316.000000,316.000000,0.000000,0.000000,0
net12,config17,3,FOUND INTEGER FEASIBLE,0.567594,1.452392,6,2,1,1,296.000000,296.000000,0.000000,0.000000,0
net12,config21,1,FOUND INTEGER FEASIBLE,12.403962,24.408216,8,12,12,12,337.000000,337.000000,0.000000,0.000000,0
net12,config21,2,FOUND INTEGER FEASIBLE,12.478822,24.249463,2,12,12,12,337.000000,337.000000,0.000000,0.000000,0
net12,config21,3,FOUND INTEGER FEASIBLE,12.501259,24.258621,6,12,12,12,337.000000,337.000000,0.000000,0.000000,0
net12,config23,1,FOUND INTEGER FEASIBLE,12.556897,13.333146,21,12,12,12,296.000000,296.000000,0.000000,0.000000,0
net12,config23,2,FOUND INTEGER FEASIBLE,12.491921,13.059837,5,12,12,12,296.000000,296.000000,0.000000,0.000000,0
net12,config23,3,FOUND INTEGER FEASIBLE,12.476703,13.059961,6,12,12,12,316.000000,316.000000,0.000000,0.000000,0
net12,config19,1,FOUND INTEGER FEASIBLE,0.000000,15.987478,0,0,-1,-1,337.000000,337.000000,0.000000,0.000000,0
net12,config19,2,FOUND INTEGER FEASIBLE,0.000000,17.036763,0,0,-1,-1,337.000000,337.000000,0.000000,0.000000,0
net12,config19,3,FOUND INTEGER FEASIBLE,0.000000,16.988178,0,0,-1,-1,337.000000,337.000000,0.000000,0.000000,0
net12,config18,1,FOUND INTEGER FEASIBLE,0.000000,87.081207,0,0,-1,-1,255.000000,255.000000,0.000000,0.000000,0
net12,config18,2,FOUND INTEGER FEASIBLE,0.000000,87.167779,0,0,-1,-1,255.000000,255.000000,0.000000,0.000000,0
net12,config18,3,FOUND INTEGER FEASIBLE,0.000000,86.932705,0,0,-1,-1,255.000000,255.000000,0.000000,0.000000,0
netdiversion,config1,1,FOUND INTEGER FEASIBLE,0.000000,54.356945,16,0,-1,-1,523.000000,523.000000,0.000000,0.000000,0
netdiversion,config1,2,FOUND INTEGER FEASIBLE,0.000000,66.450835,10,0,-1,-1,463.000000,463.000000,0.000000,0.000000,0
netdiversion,config1,3,FOUND INTEGER FEASIBLE,0.000000,64.750843,14,0,-1,-1,480.000000,480.000000,0.000000,0.000000,0
netdiversion,config3,1,FOUND INTEGER FEASIBLE,0.000000,513.402158,17,0,-1,-1,9900365.000000,9900365.000000,0.000000,0.000000,0
netdiversion,config3,2,FOUND INTEGER FEASIBLE,0.000000,476.594607,10,0,-1,-1,8900303.000000,8900303.000000,0.000000,0.000000,0
netdiversion,config3,3,FOUND INTEGER FEASIBLE,0.000000,523.568618,13,0,-1,-1,9500359.000000,9500359.000000,0.000000,0.000000,0
netdiversion,config20,1,FOUND INTEGER FEASIBLE,0.000000,213.236290,2,0,-1,-1,9956946.000000,9956946.000000,0.000000,0.000000,0
netdiversion,config20,2,FOUND INTEGER FEASIBLE,0.000000,598.423929,1,0,-1,-1,9956939.000000,9956939.000000,0.000000,0.000000,0
netdiversion,config20,3,FOUND INTEGER FEASIBLE,0.000000,224.146279,6,0,-1,-1,9956939.000000,9956939.000000,0.000000,0.000000,0
netdiversion,config16,1,FOUND INTEGER FEASIBLE,8.988392,86.074098,18,7,4,4,501.000000,501.000000,0.000000,0.000000,0
netdiversion,config16,2,FOUND INTEGER FEASIBLE,8.993014,69.539462,10,7,4,4,430.000000,430.000000,0.000000,0.000000,0
netdiversion,config16,3,FOUND INTEGER FEASIBLE,8.989158,80.111497,14,7,4,4,422.000000,422.000000,0.000000,0.000000,0
netdiversion,config17,1,FOUND INTEGER FEASIBLE,350.342603,354.185434,87,5,1,0,8900517.000000,8900517.000000,0.000000,0.000000,0
netdiversion,config17,2,FOUND INTEGER FEASIBLE,350.095382,683.599183,105,5,1,0,9700757.000000,9700757.000000,0.000000,0.000000,0
netdiversion,config17,3,FOUND INTEGER FEASIBLE,350.283684,693.628072,106,5,1,0,9300620.000000,9300620.000000,0.000000,0.000000,0
netdiversion,config21,1,FOUND INTEGER FEASIBLE,210.230033,299.645413,2,4,1,1,19831688.000000,19831688.000000,0.000000,0.000000,0
netdiversion,config21,2,FOUND INTEGER FEASIBLE,210.912079,294.708055,2,4,1,1,19831119.000000,19831119.000000,0.000000,0.000000,0
netdiversion,config21,3,FOUND INTEGER FEASIBLE,212.343128,290.550062,6,4,1,1,19831744.000000,19831744.000000,0.000000,0.000000,0
netdiversion,config23,1,FOUND INTEGER FEASIBLE,208.848158,247.064027,7,4,1,1,9900297.000000,9900297.000000,0.000000,0.000000,0
netdiversion,config23,2,FOUND INTEGER FEASIBLE,212.276160,260.437676,10,4,1,1,9900348.000000,9900348.000000,0.000000,0.000000,0
netdiversion,config23,3,FOUND INTEGER FEASIBLE,209.292711,266.300628,14,4,1,1,9900475.000000,9900475.000000,0.000000,0.000000,0
netdiversion,config19,1,FOUND INTEGER FEASIBLE,0.000000,63.236849,0,0,-1,-1,410.000000,410.000000,0.000000,0.000000,0
netdiversion,config19,2,FOUND INTEGER FEASIBLE,0.000000,64.176024,0,0,-1,-1,410.000000,410.000000,0.000000,0.000000,0
netdiversion,config19,3,FOUND INTEGER FEASIBLE,0.000000,64.133904,0,0,-1,-1,410.000000,410.000000,0.000000,0.000000,0
netdiversion,config18,1,FOUND INTEGER FEASIBLE,0.000000,62.523617,0,0,-1,-1,245.000000,245.000000,0.000000,0.000000,0
netdiversion,config18,2,FOUND INTEGER FEASIBLE,0.000000,63.288958,0,0,-1,-1,245.000000,245.000000,0.000000,0.000000,0
netdiversion,config18,3,FOUND INTEGER FEASIBLE,0.000000,63.152739,0,0,-1,-1,245.000000,245.000000,0.000000,0.000000,0
nexp-150-20-8-5,config1,1,FOUND INTEGER FEASIBLE,0.000000,0.354098,1,0,-1,-1,552.000000,552.000000,0.000000,0.000000,0
nexp-150-20-8-5,config1,2,FOUND INTEGER FEASIBLE,0.000000,0.354269,1,0,-1,-1,552.000000,552.000000,0.000000,0.000000,0
nexp-150-20-8-5,config1,3,FOUND INTEGER FEASIBLE,0.000000,0.355991,1,0,-1,-1,552.000000,552.000000,0.000000,0.000000,0
nexp-150-20-8-5,config3,1,FOUND INTEGER FEASIBLE,0.000000,0.329083,1,0,-1,-1,552.000000,552.000000,0.000000,0.000000,0
nexp-150-20-8-5,config3,2,FOUND INTEGER FEASIBLE,0.000000,0.332279,1,0,-1,-1,552.000000,552.000000,0.000000,0.000000,0
nexp-150-20-8-5,config3,3,FOUND INTEGER FEASIBLE,0.000000,0.329802,1,0,-1,-1,552.000000,552.000000,0.000000,0.000000,0
nexp-150-20-8-5,config20,1,FOUND INTEGER FEASIBLE,0.000000,0.268686,1,0,-1,-1,6135.000000,6135.000000,0.000000,0.000000,0
nexp-150-20-8-5,config20,2,FOUND INTEGER FEASIBLE,0.000000,0.168483,1,0,-1,-1,6135.000000,6135.000000,0.000000,0.000000,0
nexp-150-20-8-5,config20,3,FOUND INTEGER FEASIBLE,0.000000,0.262114,1,0,-1,-1,6135.000000,6135.000000,0.000000,0.000000,0
nexp-150-20-8-5,config16,1,FOUND INTEGER FEASIBLE,0.147002,0.246798,2,12,0,0,568.000000,568.000000,0.000000,0.000000,0
nexp-150-20-8-5,config16,2,FOUND INTEGER FEASIBLE,0.287121,0.469452,2,12,0,0,560.000000,560.000000,0.000000,0.000000,0
nexp-150-20-8-5,config16,3,FOUND INTEGER FEASIBLE,0.286336,0.463993,2,12,0,0,568.000000,568.000000,0.000000,0.000000,0
nexp-150-20-8-5,config17,1,FOUND INTEGER FEASIBLE,0.261269,0.442419,2,12,0,0,536.000000,536.000000,0.000000,0.000000,0
nexp-150-20-8-5,config17,2,FOUND INTEGER FEASIBLE,0.260894,0.438296,2,12,0,0,536.000000,536.000000,0.000000,0.000000,0
nexp-150-20-8-5,config17,3,FOUND INTEGER FEASIBLE,0.261944,0.440534,2,12,0,0,536.000000,536.000000,0.000000,0.000000,0
nexp-150-20-8-5,config21,1,FOUND INTEGER FEASIBLE,0.081567,0.421742,1,6,0,0,6145.000000,6145.000000,0.000000,0.000000,0
nexp-150-20-8-5,config21,2,FOUND INTEGER FEASIBLE,0.082370,0.424214,1,6,0,0,6145.000000,6145.000000,0.000000,0.000000,0
nexp-150-20-8-5,config21,3,FOUND INTEGER FEASIBLE,0.085799,0.429090,1,6,0,0,6145.000000,6145.000000,0.000000,0.000000,0
nexp-150-20-8-5,config23,1,FOUND INTEGER FEASIBLE,0.081374,0.530252,1,6,0,0,552.000000,552.000000,0.000000,0.000000,0
nexp-150-20-8-5,config23,2,FOUND INTEGER FEASIBLE,0.081527,0.528275,1,6,0,0,552.000000,552.000000,0.000000,0.000000,0
nexp-150-20-8-5,config23,3,FOUND INTEGER FEASIBLE,0.081865,0.529132,1,6,0,0,552.000000,552.000000,0.000000,0.000000,0
nexp-150-20-8-5,config19,1,FOUND INTEGER FEASIBLE,0.000000,0.103884,0,0,-1,-1,9174.000000,9174.000000,0.000000,0.000000,0
nexp-150-20-8-5,config19,2,FOUND INTEGER FEASIBLE,0.000000,0.089713,0,0,-1,-1,9174.000000,9174.000000,0.000000,0.000000,0
nexp-150-20-8-5,config19,3,FOUND INTEGER FEASIBLE,0.000000,0.176654,0,0,-1,-1,9174.000000,9174.000000,0.000000,0.000000,0
nexp-150-20-8-5,config18,1,FOUND INTEGER FEASIBLE,0.000000,0.188747,0,0,-1,-1,9174.000000,9174.000000,0.000000,0.000000,0
nexp-150-20-8-5,config18,2,FOUND INTEGER FEASIBLE,0.000000,0.105593,0,0,-1,-1,9174.000000,9174.000000,0.000000,0.000000,0
nexp-150-20-8-5,config18,3,FOUND INTEGER FEASIBLE,0.000000,0.173465,0,0,-1,-1,9174.000000,9174.000000,0.000000,0.000000,0
ns1116954,config1,1,FOUND INTEGER FEASIBLE,0.000000,25.945132,84,0,-1,-1,0.000000,0.000000,0.000000,0.000000,0
ns1116954,config1,2,FOUND INTEGER FEASIBLE,0.000000,26.664664,87,0,-1,-1,0.000000,0.000000,0.000000,0.000000,0
ns1116954,config1,3,FOUND INTEGER FEASIBLE,0.000000,21.314088,53,0,-1,-1,0.000000,0.000000,0.000000,0.000000,0
ns1116954,config3,1,FOUND INTEGER FEASIBLE,0.000000,59.808742,241,0,-1,-1,0.000000,0.000000,0.000000,0.000000,0
ns1116954,config3,2,FOUND INTEGER FEASIBLE,0.000000,63.054142,219,0,-1,-1,0.000000,0.000000,0.000000,0.000000,0
ns1116954,config3,3,FOUND INTEGER FEASIBLE,0.000000,21.544672,37,0,-1,-1,0.000000,0.000000,0.000000,0.000000,0
ns1116954,config20,1,FOUND INTEGER FEASIBLE,0.000000,50.937124,211,0,-1,-1,0.000000,0.000000,0.000000,0.000000,0
ns1116954,config20,2,FOUND INTEGER FEASIBLE,0.000000,46.717817,167,0,-1,-1,0.000000,0.000000,0.000000,0.000000,0
ns1116954,config20,3,FOUND INTEGER FEASIBLE,0.000000,75.810774,362,0,-1,-1,0.000000,0.000000,0.000000,0.000000,0
ns1116954,config16,1,FOUND INTEGER FEASIBLE,91.933203,132.411098,126,10,0,0,0.000000,0.000000,0.000000,0.000000,0
ns1116954,config16,2,FOUND INTEGER FEASIBLE,91.974966,169.668903,185,10,1,0,0.000000,0.000000,0.000000,0.000000,0
ns1116954,config16,3,FOUND INTEGER FEASIBLE,92.482880,192.430092,306,10,2,0,0.000000,0.000000,0.000000,0.000000,0
ns1116954,config17,1,FOUND INTEGER FEASIBLE,82.698020,142.134156,246,10,0,0,0.000000,0.000000,0.000000,0.000000,0
ns1116954,config17,2,FOUND INTEGER FEASIBLE,81.494440,169.885700,508,10,4,0,0.000000,0.000000,0.000000,0.000000,0
ns1116954,config17,3,FOUND INTEGER FEASIBLE,81.748741,173.221029,420,10,3,0,0.000000,0.000000,0.000000,0.000000,0
ns1116954,config21,1,FOUND INTEGER FEASIBLE,94.600180,377.321027,1366,10,10,0,0.000000,0.000000,0.000000,0.000000,0
ns1116954,config21,2,FOUND INTEGER FEASIBLE,93.629042,361.429470,1115,10,10,0,0.000000,0.000000,0.000000,0.000000,0
ns1116954,config21,3,FOUND INTEGER FEASIBLE,94.407883,422.775457,1295,10,10,0,0.000000,0.000000,0.000000,0.000000,0
ns1116954,config23,1,FOUND INTEGER FEASIBLE,93.590355,422.182024,1709,10,10,0,0.000000,0.000000,0.000000,0.000000,0
ns1116954,config23,2,FOUND INTEGER FEASIBLE,96.561604,361.482860,1206,10,10,0,0.000000,0.000000,0.000000,0.000000,0
ns1116954,config23,3,FOUND INTEGER FEASIBLE,94.470611,310.375377,932,10,9,0,0.000000,0.000000,0.000000,0.000000,0
ns1116954,config19,1,FOUND INTEGER FEASIBLE,0.000000,160.646190,0,0,-1,-1,0.000000,0.000000,0.000000,0.000000,0
ns1116954,config19,2,FOUND INTEGER FEASIBLE,0.000000,158.935784,0,0,-1,-1,0.000000,0.000000,0.000000,0.000000,0
ns1116954,config19,3,FOUND INTEGER FEASIBLE,0.000000,158.000577,0,0,-1,-1,0.000000,0.000000,0.000000,0.000000,0
ns1116954,config18,1,FOUND INTEGER FEASIBLE,0.000000,202.873455,0,0,-1,-1,0.000000,0.000000,0.000000,0.000000,0
ns1116954,config18,2,FOUND INTEGER FEASIBLE,0.000000,203.857184,0,0,-1,-1,0.000000,0.000000,0.000000,0.000000,0
ns1116954,config18,3,FOUND INTEGER FEASIBLE,0.000000,203.923758,0,0,-1,-1,0.000000,0.000000,0.000000,0.000000,0
ns1208400,config1,1,FOUND INTEGER FEASIBLE,0.000000,265.090656,296,0,-1,-1,2.000000,2.000000,0.000000,0.000000,0
ns1208400,config1,2,FOUND INTEGER FEASIBLE,0.000000,505.503399,570,0,-1,-1,2.000000,2.000000,0.000000,0.000000,0
ns1208400,config1,3,FOUND INTEGER FEASIBLE,0.000000,315.848094,351,0,-1,-1,2.000000,2.000000,0.000000,0.000000,0
ns1208400,config3,1,FOUND INTEGER FEASIBLE,0.000000,1940.342355,2177,0,-1,-1,2.000000,2.000000,0.000000,0.000000,0
ns1208400,config3,2,FOUND INTEGER FEASIBLE,0.000000,53.834712,62,0,-1,-1,2.000000,2.000000,0.000000,0.000000,0
ns1208400,config3,3,FOUND INTEGER FEASIBLE,0.000000,218.578446,250,0,-1,-1,2.000000,2.000000,0.000000,0.000000,0
ns1208400,config20,1,FOUND INTEGER FEASIBLE,0.000000,471.809759,509,0,-1,-1,2.000000,2.000000,0.000000,0.000000,0
ns1208400,config20,2,FOUND INTEGER FEASIBLE,0.000000,216.717085,241,0,-1,-1,2.000000,2.000000,0.000000,0.000000,0
ns1208400,config20,3,FOUND INTEGER FEASIBLE,0.000000,115.489906,131,0,-1,-1,2.000000,2.000000,0.000000,0.000000,0
ns1208400,config16,1,FOUND INTEGER FEASIBLE,2.317814,246.707517,344,10,4,0,2.000000,2.000000,0.000000,0.000000,0
ns1208400,config16,2,FOUND INTEGER FEASIBLE,2.321929,766.035541,986,10,10,0,2.000000,2.000000,0.000000,0.000000,0
ns1208400,config16,3,FOUND INTEGER FEASIBLE,2.318987,375.523371,551,10,5,0,2.000000,2.000000,0.000000,0.000000,0
ns1208400,config17,1,FOUND INTEGER FEASIBLE,4.781768,1558.755300,1920,10,10,0,2.000000,2.000000,0.000000,0.000000,0
ns1208400,config17,2,FOUND INTEGER FEASIBLE,4.789780,546.085149,769,10,7,0,2.000000,2.000000,0.000000,0.000000,0
ns1208400,config17,3,FOUND INTEGER FEASIBLE,4.769121,1377.074917,1704,10,10,0,2.000000,2.000000,0.000000,0.000000,0
ns1208400,config21,1,FOUND INTEGER FEASIBLE,2.875075,409.268969,555,10,5,0,2.000000,2.000000,0.000000,0.000000,0
ns1208400,config21,2,FOUND INTEGER FEASIBLE,2.883843,146.231170,199,10,1,0,2.000000,2.000000,0.000000,0.000000,0
ns1208400,config21,3,FOUND INTEGER FEASIBLE,2.882195,43.952051,54,10,0,0,2.000000,2.000000,0.000000,0.000000,0
ns1208400,config23,1,FOUND INTEGER FEASIBLE,2.886021,186.371332,241,10,2,0,2.000000,2.000000,0.000000,0.000000,0
ns1208400,config23,2,FOUND INTEGER FEASIBLE,1.936658,47.340814,61,10,0,0,2.000000,2.000000,0.000000,0.000000,0
ns1208400,config23,3,FOUND INTEGER FEASIBLE,1.935311,1128.954300,1421,10,10,0,2.000000,2.000000,0.000000,0.000000,0
ns1208400,config19,1,FOUND INTEGER FEASIBLE,0.000000,146.760825,0,0,-1,-1,2.000000,2.000000,0.000000,0.000000,0
ns1208400,config19,2,FOUND INTEGER FEASIBLE,0.000000,147.174198,0,0,-1,-1,2.000000,2.000000,0.000000,0.000000,0
ns1208400,config19,3,FOUND INTEGER FEASIBLE,0.000000,146.744648,0,0,-1,-1,2.000000,2.000000,0.000000,0.000000,0
ns1208400,config18,1,FOUND INTEGER FEASIBLE,0.000000,19.021252,0,0,-1,-1,2.000000,2.000000,0.000000,0.000000,0
ns1208400,config18,2,FOUND INTEGER FEASIBLE,0.000000,19.031047,0,0,-1,-1,2.000000,2.000000,0.000000,0.000000,0
ns1208400,config18,3,FOUND INTEGER FEASIBLE,0.000000,19.048338,0,0,-1,-1,2.000000,2.000000,0.000000,0.000000,0
ns1644855,config1,1,FOUND INTEGER FEASIBLE,0.000000,396.142849,1,0,-1,-1,-1022.000000,-1157.333333,0.000000,0.000000,0
ns1644855,config1,2,FOUND INTEGER FEASIBLE,0.000000,395.613977,1,0,-1,-1,-1062.000000,-1157.333333,0.000000,0.000000,0
ns1644855,config1,3,FOUND INTEGER FEASIBLE,0.000000,406.219748,1,0,-1,-1,-810.000000,-871.000000,0.000000,0.000000,0
ns1644855,config3,1,FOUND INTEGER FEASIBLE,0.000000,18.782546,1,0,-1,-1,-40.000000,-1006.000000,0.000000,0.000000,0
ns1644855,config3,2,FOUND INTEGER FEASIBLE,0.000000,18.246841,1,0,-1,-1,-40.000000,-1012.000000,0.000000,0.000000,0
ns1644855,config3,3,FOUND INTEGER FEASIBLE,0.000000,18.469353,1,0,-1,-1,-20.000000,-994.000000,0.000000,0.000000,0
ns1644855,config20,1,FOUND INTEGER FEASIBLE,0.000000,52.017326,2,0,-1,-1,-120.000000,-472.000000,0.000000,0.000000,0
ns1644855,config20,2,FOUND INTEGER FEASIBLE,0.000000,51.951357,2,0,-1,-1,-120.000000,-472.000000,0.000000,0.000000,0
ns1644855,config20,3,FOUND INTEGER FEASIBLE,0.000000,55.048510,1,0,-1,-1,-180.000000,-468.000000,0.000000,0.000000,0
ns1644855,config16,1,FOUND INTEGER FEASIBLE,833.878518,3139.919828,1,12,10,10,-940.000000,-1188.000000,0.000000,0.000000,0
ns1644855,config16,2,FOUND INTEGER FEASIBLE,833.730517,3139.170375,1,12,10,10,-940.000000,-1188.000000,0.000000,0.000000,0
ns1644855,config16,3,FOUND INTEGER FEASIBLE,834.377903,3154.077268,1,12,10,10,-1174.000000,-1253.666667,0.000000,0.000000,0
ns1644855,config17,1,FOUND INTEGER FEASIBLE,63.815304,184.746229,1,10,0,0,-440.000000,-821.000000,0.000000,0.000000,0
ns1644855,config17,2,FOUND INTEGER FEASIBLE,63.718012,183.407007,1,10,0,0,-440.000000,-821.000000,0.000000,0.000000,0
ns1644855,config17,3,FOUND INTEGER FEASIBLE,63.397915,197.185364,1,10,0,0,-360.000000,-821.000000,0.000000,0.000000,0
ns1644855,config21,1,FOUND INTEGER FEASIBLE,240.425094,521.641919,2,10,0,0,-710.000000,-710.000000,0.000000,0.000000,0
ns1644855,config21,2,FOUND INTEGER FEASIBLE,239.061308,520.457199,2,10,0,0,-710.000000,-710.000000,0.000000,0.000000,0
ns1644855,config21,3,FOUND INTEGER FEASIBLE,240.249031,523.783548,2,10,0,0,-704.000000,-704.000000,0.000000,0.000000,0
ns1644855,config23,1,FOUND INTEGER FEASIBLE,240.783949,508.158597,1,10,0,0,-779.000000,-779.000000,0.000000,0.000000,0
ns1644855,config23,2,FOUND INTEGER FEASIBLE,239.820597,505.888157,1,10,0,0,-779.000000,-779.000000,0.000000,0.000000,0
ns1644855,config23,3,FOUND INTEGER FEASIBLE,241.063591,508.149790,1,10,0,0,-779.000000,-779.000000,0.000000,0.000000,0
ns1644855,config19,1,FOUND INTEGER FEASIBLE,0.000000,2.735467,0,0,-1,-1,0.000000,-1419.666667,0.000000,0.000000,0
ns1644855,config19,2,FOUND INTEGER FEASIBLE,0.000000,2.314170,0,0,-1,-1,0.000000,-1419.666667,0.000000,0.000000,0
ns1644855,config19,3,FOUND INTEGER FEASIBLE,0.000000,2.664553,0,0,-1,-1,0.000000,-1419.666667,0.000000,0.000000,0
ns1644855,config18,1,FOUND INTEGER FEASIBLE,0.000000,1.846274,0,0,-1,-1,0.000000,-1419.666667,0.000000,0.000000,0
ns1644855,config18,2,FOUND INTEGER FEASIBLE,0.000000,2.623957,0,0,-1,-1,0.000000,-1419.666667,0.000000,0.000000,0
ns1644855,config18,3,FOUND INTEGER FEASIBLE,0.000000,2.634607,0,0,-1,-1,0.000000,-1419.666667,0.000000,0.000000,0
ns1760995,config1,1,FOUND INTEGER FEASIBLE,0.000000,348.919874,13,0,-1,-1,-109.129747,-109.129747,0.000000,0.000000,0
ns1760995,config1,2,FOUND INTEGER FEASIBLE,0.000000,318.775185,12,0,-1,-1,-109.129747,-109.129747,0.000000,0.000000,0
ns1760995,config1,3,FOUND INTEGER FEASIBLE,0.000000,300.548062,5,0,-1,-1,-105.746642,-105.746642,0.000000,0.000000,0
ns1760995,config3,1,FOUND INTEGER FEASIBLE,0.000000,117.259304,1,0,-1,-1,0.000000,-91.361724,0.000000,0.000000,0
ns1760995,config3,2,FOUND INTEGER FEASIBLE,0.000000,118.552120,1,0,-1,-1,0.000000,-91.361724,0.000000,0.000000,0
ns1760995,config3,3,FOUND INTEGER FEASIBLE,0.000000,117.308793,1,0,-1,-1,0.000000,-91.361724,0.000000,0.000000,0
ns1760995,config20,1,FOUND INTEGER FEASIBLE,0.000000,76.509016,21,0,-1,-1,0.000000,-85.996536,0.000000,0.000000,0
ns1760995,config20,2,FOUND INTEGER FEASIBLE,0.000000,103.957568,33,0,-1,-1,0.000000,-85.996536,0.000000,0.000000,0
ns1760995,config20,3,FOUND INTEGER FEASIBLE,0.000000,61.332639,13,0,-1,-1,0.000000,-85.996536,0.000000,0.000000,0
ns1760995,config16,1,FOUND INTEGER FEASIBLE,201.534423,217.989181,7,12,0,0,-103.614318,-103.614318,0.000000,0.000000,0
ns1760995,config16,2,FOUND INTEGER FEASIBLE,202.133916,220.484168,65,12,0,0,-86.676906,-86.676906,0.000000,0.000000,0
ns1760995,config16,3,FOUND INTEGER FEASIBLE,202.244015,217.601125,2,12,0,0,-88.902425,-88.902425,0.000000,0.000000,0
ns1760995,config17,1,FOUND INTEGER FEASIBLE,74.828974,90.084908,1,9,0,0,0.000000,-150.828197,0.000000,0.000000,0
ns1760995,config17,2,FOUND INTEGER FEASIBLE,75.319736,90.642965,1,9,0,0,0.000000,-150.828197,0.000000,0.000000,0
ns1760995,config17,3,FOUND INTEGER FEASIBLE,75.076652,90.379332,1,9,0,0,0.000000,-150.828197,0.000000,0.000000,0
ns1760995,config21,1,FOUND INTEGER FEASIBLE,51.519223,67.593801,2,9,0,0,0.000000,-88.339426,0.000000,0.000000,0
ns1760995,config21,2,FOUND INTEGER FEASIBLE,51.218804,67.248161,2,9,0,0,0.000000,-88.339426,0.000000,0.000000,0
ns1760995,config21,3,FOUND INTEGER FEASIBLE,51.366908,67.098883,1,9,0,0,0.000000,-146.744759,0.000000,0.000000,0
ns1760995,config23,1,FOUND INTEGER FEASIBLE,51.370094,68.013272,14,9,0,0,0.000000,-150.042222,0.000000,0.000000,0
ns1760995,config23,2,FOUND INTEGER FEASIBLE,51.514602,67.885522,10,9,0,0,0.000000,-128.060112,0.000000,0.000000,0
ns1760995,config23,3,FOUND INTEGER FEASIBLE,51.310079,66.943875,2,9,0,0,0.000000,-136.291907,0.000000,0.000000,0
ns1760995,config19,1,FOUND INTEGER FEASIBLE,0.000000,21.839626,0,0,-1,-1,0.000000,-95.237381,0.000000,0.000000,0
ns1760995,config19,2,FOUND INTEGER FEASIBLE,0.000000,20.178040,0,0,-1,-1,0.000000,-95.237381,0.000000,0.000000,0
ns1760995,config19,3,FOUND INTEGER FEASIBLE,0.000000,22.343810,0,0,-1,-1,0.000000,-95.237381,0.000000,0.000000,0
ns1760995,config18,1,FOUND INTEGER FEASIBLE,0.000000,21.279190,0,0,-1,-1,0.000000,-95.237381,0.000000,0.000000,0
ns1760995,config18,2,FOUND INTEGER FEASIBLE,0.000000,21.279907,0,0,-1,-1,0.000000,-95.237381,0.000000,0.000000,0
ns1760995,config18,3,FOUND INTEGER FEASIBLE,0.000000,21.232425,0,0,-1,-1,0.000000,-95.237381,0.000000,0.000000,0
ns1830653,config1,1,FOUND INTEGER FEASIBLE,0.000000,13.393176,823,0,-1,-1,43808.000000,33808.000000,0.000000,0.000000,0
ns1830653,config1,2,FOUND INTEGER FEASIBLE,0.000000,26.104022,1061,0,-1,-1,61622.000000,47622.000000,0.000000,0.000000,0
ns1830653,config1,3,FOUND INTEGER FEASIBLE,0.000000,18.712242,863,0,-1,-1,53622.000000,35622.000000,0.000000,0.000000,0
ns1830653,config3,1,FOUND INTEGER FEASIBLE,0.000000,12.087308,497,0,-1,-1,76808.000000,44808.000000,0.000000,0.000000,0
ns1830653,config3,2,FOUND INTEGER FEASIBLE,0.000000,10.968380,487,0,-1,-1,79622.000000,39622.000000,0.000000,0.000000,0
ns1830653,config3,3,FOUND INTEGER FEASIBLE,0.000000,7.636060,400,0,-1,-1,86808.000000,40808.000000,0.000000,0.000000,0
ns1830653,config20,1,FOUND INTEGER FEASIBLE,0.000000,4.342468,190,0,-1,-1,79622.000000,42622.000000,0.000000,0.000000,0
ns1830653,config20,2,FOUND INTEGER FEASIBLE,0.000000,10.875254,303,0,-1,-1,75622.000000,43622.000000,0.000000,0.000000,0
ns1830653,config20,3,FOUND INTEGER FEASIBLE,0.000000,9.886631,391,0,-1,-1,66808.000000,40808.000000,0.000000,0.000000,0
ns1830653,config16,1,FOUND INTEGER FEASIBLE,1.124256,48.636923,1780,12,12,1,77808.000000,51808.000000,0.000000,0.000000,0
ns1830653,config16,2,FOUND INTEGER FEASIBLE,1.123441,32.896673,1067,12,12,1,122622.000000,32622.000000,0.000000,0.000000,0
ns1830653,config16,3,FOUND INTEGER FEASIBLE,1.126475,39.818955,1297,12,12,1,82622.000000,39622.000000,0.000000,0.000000,0
ns1830653,config17,1,FOUND INTEGER FEASIBLE,1.066319,20.406141,1163,10,10,0,72622.000000,38622.000000,0.000000,0.000000,0
ns1830653,config17,2,FOUND INTEGER FEASIBLE,1.066779,17.726212,1164,10,10,0,73808.000000,38808.000000,0.000000,0.000000,0
ns1830653,config17,3,FOUND INTEGER FEASIBLE,1.063262,17.715951,1031,10,10,0,82622.000000,35622.000000,0.000000,0.000000,0
ns1830653,config21,1,FOUND INTEGER FEASIBLE,0.221803,5.780503,164,3,2,1,102622.000000,41622.000000,0.000000,0.000000,0
ns1830653,config21,2,FOUND INTEGER FEASIBLE,0.221117,15.662233,570,3,3,1,77622.000000,40622.000000,0.000000,0.000000,0
ns1830653,config21,3,FOUND INTEGER FEASIBLE,0.221754,12.948009,554,3,3,1,70622.000000,36622.000000,0.000000,0.000000,0
ns1830653,config23,1,FOUND INTEGER FEASIBLE,0.221500,9.664036,365,3,3,1,76622.000000,36622.000000,0.000000,0.000000,0
ns1830653,config23,2,FOUND INTEGER FEASIBLE,0.221453,34.114204,1556,3,3,1,77622.000000,43622.000000,0.000000,0.000000,0
ns1830653,config23,3,FOUND INTEGER FEASIBLE,0.221802,5.693633,177,3,2,1,124622.000000,43622.000000,0.000000,0.000000,0
ns1830653,config19,1,FOUND INTEGER FEASIBLE,0.000000,8.126291,0,0,-1,-1,36622.000000,36622.000000,0.000000,0.000000,0
ns1830653,config19,2,FOUND INTEGER FEASIBLE,0.000000,8.095797,0,0,-1,-1,36622.000000,36622.000000,0.000000,0.000000,0
ns1830653,config19,3,FOUND INTEGER FEASIBLE,0.000000,9.139105,0,0,-1,-1,36622.000000,36622.000000,0.000000,0.000000,0
ns1830653,config18,1,FOUND INTEGER FEASIBLE,0.000000,6.036284,0,0,-1,-1,32622.000000,32622.000000,0.000000,0.000000,0
ns1830653,config18,2,FOUND INTEGER FEASIBLE,0.000000,4.995373,0,0,-1,-1,32622.000000,32622.000000,0.000000,0.000000,0
ns1830653,config18,3,FOUND INTEGER FEASIBLE,0.000000,6.033232,0,0,-1,-1,32622.000000,32622.000000,0.000000,0.000000,0
ns1952667,config1,1,FAILED TO FIND AN INTEGER FEASIBLE SOLUTION,0.000000,3600,1589,0,-1,-1,0.000000,0.000000,3.016155,3.068635,40
ns1952667,config1,2,FAILED TO FIND AN INTEGER FEASIBLE SOLUTION,0.000000,3600,1657,0,-1,-1,0.000000,0.000000,3.433160,3.433160,40
ns1952667,config1,3,FAILED TO FIND AN INTEGER FEASIBLE SOLUTION,0.000000,3600,1576,0,-1,-1,0.000000,0.000000,3.664634,3.664634,40
ns1952667,config3,1,FAILED TO FIND AN INTEGER FEASIBLE SOLUTION,0.000000,3600,1587,0,-1,-1,0.000000,0.000000,3.016155,3.068635,40
ns1952667,config3,2,FAILED TO FIND AN INTEGER FEASIBLE SOLUTION,0.000000,3600,1662,0,-1,-1,0.000000,0.000000,3.433160,3.433160,40
ns1952667,config3,3,FAILED TO FIND AN INTEGER FEASIBLE SOLUTION,0.000000,3600,1581,0,-1,-1,0.000000,0.000000,3.664634,3.664634,40
ns1952667,config20,1,FAILED TO FIND AN INTEGER FEASIBLE SOLUTION,0.000000,3600,347,0,-1,-1,0.000000,0.000000,3.909620,3.909620,39
ns1952667,config20,2,FAILED TO FIND AN INTEGER FEASIBLE SOLUTION,0.000000,3600,478,0,-1,-1,0.000000,0.000000,3.942421,3.942421,40
ns1952667,config20,3,FAILED TO FIND AN INTEGER FEASIBLE SOLUTION,0.000000,3600,450,0,-1,-1,0.000000,0.000000,3.819591,3.819591,39
ns1952667,config16,1,FAILED TO FIND AN INTEGER FEASIBLE SOLUTION,0.000003,3600,1567,0,0,0,0.000000,0.000000,3.016155,3.068635,40
ns1952667,config16,2,FAILED TO FIND AN INTEGER FEASIBLE SOLUTION,0.000004,3600,1629,0,0,0,0.000000,0.000000,3.433160,3.433160,40
ns1952667,config16,3,FAILED TO FIND AN INTEGER FEASIBLE SOLUTION,0.000018,3600,1554,0,0,0,0.000000,0.000000,3.664634,3.664634,40
ns1952667,config17,1,FAILED TO FIND AN INTEGER FEASIBLE SOLUTION,0.000002,3600,1566,0,0,0,0.000000,0.000000,3.016155,3.068635,40
ns1952667,config17,2,FAILED TO FIND AN INTEGER FEASIBLE SOLUTION,0.000017,3600,1624,0,0,0,0.000000,0.000000,3.433160,3.433160,40
ns1952667,config17,3,FAILED TO FIND AN INTEGER FEASIBLE SOLUTION,0.000003,3600,1550,0,0,0,0.000000,0.000000,3.664634,3.664634,40
ns1952667,config21,1,FAILED TO FIND AN INTEGER FEASIBLE SOLUTION,0.000017,3600,1577,0,0,0,0.000000,0.000000,3.016155,3.068635,40
ns1952667,config21,2,FAILED TO FIND AN INTEGER FEASIBLE SOLUTION,0.000003,3600,1639,0,0,0,0.000000,0.000000,3.433160,3.433160,40
ns1952667,config21,3,FAILED TO FIND AN INTEGER FEASIBLE SOLUTION,0.000018,3600,1531,0,0,0,0.000000,0.000000,3.664634,3.664634,40
ns1952667,config23,1,FAILED TO FIND AN INTEGER FEASIBLE SOLUTION,0.000002,3600,1319,0,0,0,0.000000,0.000000,3.016155,3.068635,40
ns1952667,config23,2,FAILED TO FIND AN INTEGER FEASIBLE SOLUTION,0.000015,3600,1618,0,0,0,0.000000,0.000000,3.433160,3.433160,40
ns1952667,config23,3,FAILED TO FIND AN INTEGER FEASIBLE SOLUTION,0.000013,3600,1181,0,0,0,0.000000,0.000000,3.664634,3.664634,40
ns1952667,config19,1,FAILED TO FIND AN INTEGER FEASIBLE SOLUTION,0.000000,3600,0,0,-1,-1,0.000000,0.000000,inf,inf,0
ns1952667,config19,2,FAILED TO FIND AN INTEGER FEASIBLE SOLUTION,0.000000,3600,0,0,-1,-1,0.000000,0.000000,inf,inf,0
ns1952667,config19,3,FAILED TO FIND AN INTEGER FEASIBLE SOLUTION,0.000000,3600,0,0,-1,-1,0.000000,0.000000,inf,inf,0
ns1952667,config18,1,FAILED TO FIND AN INTEGER FEASIBLE SOLUTION,0.000000,3600,0,0,-1,-1,0.000000,0.000000,inf,inf,0
ns1952667,config18,2,FAILED TO FIND AN INTEGER FEASIBLE SOLUTION,0.000000,3600,0,0,-1,-1,0.000000,0.000000,inf,inf,0
ns1952667,config18,3,FAILED TO FIND AN INTEGER FEASIBLE SOLUTION,0.000000,3600,0,0,-1,-1,0.000000,0.000000,inf,inf,0
nu25-pr12,config1,1,FOUND INTEGER FEASIBLE,0.000000,0.131135,2,0,-1,-1,55375.000000,55375.000000,0.000000,0.000000,0
nu25-pr12,config1,2,FOUND INTEGER FEASIBLE,0.000000,0.068281,2,0,-1,-1,55375.000000,55375.000000,0.000000,0.000000,0
nu25-pr12,config1,3,FOUND INTEGER FEASIBLE,0.000000,0.122275,2,0,-1,-1,55375.000000,55375.000000,0.000000,0.000000,0
nu25-pr12,config3,1,FOUND INTEGER FEASIBLE,0.000000,0.050670,0,0,-1,-1,385110.000000,385110.000000,0.000000,0.000000,0
nu25-pr12,config3,2,FOUND INTEGER FEASIBLE,0.000000,0.075017,0,0,-1,-1,385110.000000,385110.000000,0.000000,0.000000,0
nu25-pr12,config3,3,FOUND INTEGER FEASIBLE,0.000000,0.054028,0,0,-1,-1,385110.000000,385110.000000,0.000000,0.000000,0
nu25-pr12,config20,1,FOUND INTEGER FEASIBLE,0.000000,0.135098,0,0,-1,-1,447790.000000,447790.000000,0.000000,0.000000,0
nu25-pr12,config20,2,FOUND INTEGER FEASIBLE,0.000000,0.076782,0,0,-1,-1,447790.000000,447790.000000,0.000000,0.000000,0
nu25-pr12,config20,3,FOUND INTEGER FEASIBLE,0.000000,0.132782,0,0,-1,-1,447790.000000,447790.000000,0.000000,0.000000,0
nu25-pr12,config16,1,FOUND INTEGER FEASIBLE,0.061116,0.255210,2,6,6,6,55375.000000,55375.000000,0.000000,0.000000,0
nu25-pr12,config16,2,FOUND INTEGER FEASIBLE,0.034380,0.142606,2,6,6,6,55375.000000,55375.000000,0.000000,0.000000,0
nu25-pr12,config16,3,FOUND INTEGER FEASIBLE,0.059221,0.241268,2,6,6,6,55375.000000,55375.000000,0.000000,0.000000,0
nu25-pr12,config17,1,FOUND INTEGER FEASIBLE,0.020093,0.078133,0,2,1,1,66910.000000,66910.000000,0.000000,0.000000,0
nu25-pr12,config17,2,FOUND INTEGER FEASIBLE,0.019492,0.075133,0,2,1,1,66910.000000,66910.000000,0.000000,0.000000,0
nu25-pr12,config17,3,FOUND INTEGER FEASIBLE,0.019630,0.075380,0,2,1,1,66910.000000,66910.000000,0.000000,0.000000,0
nu25-pr12,config21,1,FOUND INTEGER FEASIBLE,0.022529,0.130501,0,2,2,2,447790.000000,447790.000000,0.000000,0.000000,0
nu25-pr12,config21,2,FOUND INTEGER FEASIBLE,0.022399,0.128864,0,2,2,2,447790.000000,447790.000000,0.000000,0.000000,0
nu25-pr12,config21,3,FOUND INTEGER FEASIBLE,0.022840,0.131266,0,2,2,2,447790.000000,447790.000000,0.000000,0.000000,0
nu25-pr12,config23,1,FOUND INTEGER FEASIBLE,0.022457,0.123910,0,2,2,2,385110.000000,385110.000000,0.000000,0.000000,0
nu25-pr12,config23,2,FOUND INTEGER FEASIBLE,0.022831,0.126237,0,2,2,2,385110.000000,385110.000000,0.000000,0.000000,0
nu25-pr12,config23,3,FOUND INTEGER FEASIBLE,0.022650,0.124483,0,2,2,2,385110.000000,385110.000000,0.000000,0.000000,0
nu25-pr12,config19,1,FOUND INTEGER FEASIBLE,0.000000,0.103082,0,0,-1,-1,406170.000000,406170.000000,0.000000,0.000000,0
nu25-pr12,config19,2,FOUND INTEGER FEASIBLE,0.000000,0.055020,0,0,-1,-1,406170.000000,406170.000000,0.000000,0.000000,0
nu25-pr12,config19,3,FOUND INTEGER FEASIBLE,0.000000,0.096975,0,0,-1,-1,406170.000000,406170.000000,0.000000,0.000000,0
nu25-pr12,config18,1,FOUND INTEGER FEASIBLE,0.000000,0.107136,0,0,-1,-1,406170.000000,406170.000000,0.000000,0.000000,0
nu25-pr12,config18,2,FOUND INTEGER FEASIBLE,0.000000,0.056427,0,0,-1,-1,406170.000000,406170.000000,0.000000,0.000000,0
nu25-pr12,config18,3,FOUND INTEGER FEASIBLE,0.000000,0.100075,0,0,-1,-1,406170.000000,406170.000000,0.000000,0.000000,0
nursesched-medium-hint03,config1,1,FOUND INTEGER FEASIBLE,0.000000,12.090090,6,0,-1,-1,1896.000000,1896.000000,0.000000,0.000000,0
nursesched-medium-hint03,config1,2,FOUND INTEGER FEASIBLE,0.000000,102.133986,8,0,-1,-1,3429.000000,3429.000000,0.000000,0.000000,0
nursesched-medium-hint03,config1,3,FOUND INTEGER FEASIBLE,0.000000,12.006647,8,0,-1,-1,1725.000000,1725.000000,0.000000,0.000000,0
nursesched-medium-hint03,config3,1,FOUND INTEGER FEASIBLE,0.000000,169.035934,3,0,-1,-1,5463.000000,5463.000000,0.000000,0.000000,0
nursesched-medium-hint03,config3,2,FOUND INTEGER FEASIBLE,0.000000,174.304876,3,0,-1,-1,5466.000000,5466.000000,0.000000,0.000000,0
nursesched-medium-hint03,config3,3,FOUND INTEGER FEASIBLE,0.000000,233.492272,5,0,-1,-1,6771.000000,6771.000000,0.000000,0.000000,0
nursesched-medium-hint03,config20,1,FOUND INTEGER FEASIBLE,0.000000,7.492177,5,0,-1,-1,66016.000000,66016.000000,0.000000,0.000000,0
nursesched-medium-hint03,config20,2,FOUND INTEGER FEASIBLE,0.000000,7.998411,4,0,-1,-1,65974.000000,65974.000000,0.000000,0.000000,0
nursesched-medium-hint03,config20,3,FOUND INTEGER FEASIBLE,0.000000,15.589853,8,0,-1,-1,66273.000000,66273.000000,0.000000,0.000000,0
nursesched-medium-hint03,config16,1,FOUND INTEGER FEASIBLE,4.765552,12.820125,10,13,2,2,2954.000000,2954.000000,0.000000,0.000000,0
nursesched-medium-hint03,config16,2,FOUND INTEGER FEASIBLE,4.945045,14.059593,32,13,2,2,4387.000000,4387.000000,0.000000,0.000000,0
nursesched-medium-hint03,config16,3,FOUND INTEGER FEASIBLE,4.955691,12.306294,8,13,2,2,1798.000000,1798.000000,0.000000,0.000000,0
nursesched-medium-hint03,config17,1,FOUND INTEGER FEASIBLE,13.096887,436.574058,31,12,2,1,8138.000000,8138.000000,0.000000,0.000000,0
nursesched-medium-hint03,config17,2,FOUND INTEGER FEASIBLE,13.185674,560.944453,33,12,2,1,7936.000000,7936.000000,0.000000,0.000000,0
nursesched-medium-hint03,config17,3,FOUND INTEGER FEASIBLE,13.272826,426.928030,37,12,2,1,8287.000000,8287.000000,0.000000,0.000000,0
nursesched-medium-hint03,config21,1,FOUND INTEGER FEASIBLE,0.826110,6.869241,10,13,6,6,32483.000000,32483.000000,0.000000,0.000000,0
nursesched-medium-hint03,config21,2,FOUND INTEGER FEASIBLE,1.570414,8.595763,6,13,6,6,32245.000000,32245.000000,0.000000,0.000000,0
nursesched-medium-hint03,config21,3,FOUND INTEGER FEASIBLE,1.127079,13.962188,72,13,6,6,31651.000000,31651.000000,0.000000,0.000000,0
nursesched-medium-hint03,config23,1,FOUND INTEGER FEASIBLE,0.827091,235.931567,30,13,6,6,7379.000000,7379.000000,0.000000,0.000000,0
nursesched-medium-hint03,config23,2,FOUND INTEGER FEASIBLE,0.821523,200.388197,21,13,6,6,6494.000000,6494.000000,0.000000,0.000000,0
nursesched-medium-hint03,config23,3,FOUND INTEGER FEASIBLE,1.119601,457.500409,79,13,7,6,8515.000000,8515.000000,0.000000,0.000000,0
nursesched-medium-hint03,config19,1,FOUND INTEGER FEASIBLE,0.000000,165.038681,0,0,-1,-1,1326.000000,1326.000000,0.000000,0.000000,0
nursesched-medium-hint03,config19,2,FOUND INTEGER FEASIBLE,0.000000,164.524445,0,0,-1,-1,1326.000000,1326.000000,0.000000,0.000000,0
nursesched-medium-hint03,config19,3,FOUND INTEGER FEASIBLE,0.000000,167.295155,0,0,-1,-1,1326.000000,1326.000000,0.000000,0.000000,0
nursesched-medium-hint03,config18,1,FOUND INTEGER FEASIBLE,0.000000,257.442206,0,0,-1,-1,513.000000,513.000000,0.000000,0.000000,0
nursesched-medium-hint03,config18,2,FOUND INTEGER FEASIBLE,0.000000,256.931439,0,0,-1,-1,513.000000,513.000000,0.000000,0.000000,0
nursesched-medium-hint03,config18,3,FOUND INTEGER FEASIBLE,0.000000,257.455593,0,0,-1,-1,513.000000,513.000000,0.000000,0.000000,0
nursesched-sprint02,config1,1,FOUND INTEGER FEASIBLE,0.000000,1.562246,4,0,-1,-1,102.000000,102.000000,0.000000,0.000000,0
nursesched-sprint02,config1,2,FOUND INTEGER FEASIBLE,0.000000,1.444456,5,0,-1,-1,102.000000,102.000000,0.000000,0.000000,0
nursesched-sprint02,config1,3,FOUND INTEGER FEASIBLE,0.000000,1.579887,7,0,-1,-1,99.000000,99.000000,0.000000,0.000000,0
nursesched-sprint02,config3,1,FOUND INTEGER FEASIBLE,0.000000,1.535799,3,0,-1,-1,473.000000,473.000000,0.000000,0.000000,0
nursesched-sprint02,config3,2,FOUND INTEGER FEASIBLE,0.000000,1.546501,3,0,-1,-1,470.000000,470.000000,0.000000,0.000000,0
nursesched-sprint02,config3,3,FOUND INTEGER FEASIBLE,0.000000,1.474082,7,0,-1,-1,469.000000,469.000000,0.000000,0.000000,0
nursesched-sprint02,config20,1,FOUND INTEGER FEASIBLE,0.000000,2.265366,4,0,-1,-1,1238.000000,1238.000000,0.000000,0.000000,0
nursesched-sprint02,config20,2,FOUND INTEGER FEASIBLE,0.000000,2.109170,4,0,-1,-1,1242.000000,1242.000000,0.000000,0.000000,0
nursesched-sprint02,config20,3,FOUND INTEGER FEASIBLE,0.000000,2.829330,8,0,-1,-1,1243.000000,1243.000000,0.000000,0.000000,0
nursesched-sprint02,config16,1,FOUND INTEGER FEASIBLE,0.436067,1.959539,6,13,2,2,126.000000,126.000000,0.000000,0.000000,0
nursesched-sprint02,config16,2,FOUND INTEGER FEASIBLE,0.436952,2.270804,29,13,2,2,155.000000,155.000000,0.000000,0.000000,0
nursesched-sprint02,config16,3,FOUND INTEGER FEASIBLE,0.441722,1.884486,7,13,2,2,121.000000,121.000000,0.000000,0.000000,0
nursesched-sprint02,config17,1,FOUND INTEGER FEASIBLE,0.827792,1.225110,0,12,0,0,451.000000,451.000000,0.000000,0.000000,0
nursesched-sprint02,config17,2,FOUND INTEGER FEASIBLE,1.520922,2.108749,0,12,0,0,451.000000,451.000000,0.000000,0.000000,0
nursesched-sprint02,config17,3,FOUND INTEGER FEASIBLE,1.498567,2.079022,0,12,0,0,451.000000,451.000000,0.000000,0.000000,0
nursesched-sprint02,config21,1,FOUND INTEGER FEASIBLE,0.174083,2.510014,15,13,8,8,869.000000,869.000000,0.000000,0.000000,0
nursesched-sprint02,config21,2,FOUND INTEGER FEASIBLE,0.338850,3.599131,20,13,8,8,847.000000,847.000000,0.000000,0.000000,0
nursesched-sprint02,config21,3,FOUND INTEGER FEASIBLE,0.339233,9.868800,35,13,8,8,856.000000,856.000000,0.000000,0.000000,0
nursesched-sprint02,config23,1,FOUND INTEGER FEASIBLE,0.173513,9.284197,17,13,8,8,459.000000,459.000000,0.000000,0.000000,0
nursesched-sprint02,config23,2,FOUND INTEGER FEASIBLE,0.342252,16.911733,62,13,8,8,436.000000,436.000000,0.000000,0.000000,0
nursesched-sprint02,config23,3,FOUND INTEGER FEASIBLE,0.340975,7.134847,30,13,8,8,447.000000,447.000000,0.000000,0.000000,0
nursesched-sprint02,config19,1,FOUND INTEGER FEASIBLE,0.000000,4.976255,0,0,-1,-1,61.000000,61.000000,0.000000,0.000000,0
nursesched-sprint02,config19,2,FOUND INTEGER FEASIBLE,0.000000,5.038159,0,0,-1,-1,61.000000,61.000000,0.000000,0.000000,0
nursesched-sprint02,config19,3,FOUND INTEGER FEASIBLE,0.000000,5.023956,0,0,-1,-1,61.000000,61.000000,0.000000,0.000000,0
nursesched-sprint02,config18,1,FOUND INTEGER FEASIBLE,0.000000,6.678481,0,0,-1,-1,63.000000,63.000000,0.000000,0.000000,0
nursesched-sprint02,config18,2,FOUND INTEGER FEASIBLE,0.000000,6.759869,0,0,-1,-1,63.000000,63.000000,0.000000,0.000000,0
nursesched-sprint02,config18,3,FOUND INTEGER FEASIBLE,0.000000,6.755824,0,0,-1,-1,63.000000,63.000000,0.000000,0.000000,0
nw04,config1,1,FOUND INTEGER FEASIBLE,0.000000,1.325482,2,0,-1,-1,19124.000000,19124.000000,0.000000,0.000000,0
nw04,config1,2,FOUND INTEGER FEASIBLE,0.000000,1.557007,7,0,-1,-1,18208.000000,18208.000000,0.000000,0.000000,0
nw04,config1,3,FOUND INTEGER FEASIBLE,0.000000,1.330928,2,0,-1,-1,19124.000000,19124.000000,0.000000,0.000000,0
nw04,config3,1,FOUND INTEGER FEASIBLE,0.000000,1.348339,5,0,-1,-1,41020.000000,41020.000000,0.000000,0.000000,0
nw04,config3,2,FOUND INTEGER FEASIBLE,0.000000,1.439587,7,0,-1,-1,39586.000000,39586.000000,0.000000,0.000000,0
nw04,config3,3,FOUND INTEGER FEASIBLE,0.000000,1.193004,2,0,-1,-1,20204.000000,20204.000000,0.000000,0.000000,0
nw04,config20,1,FOUND INTEGER FEASIBLE,0.000000,1.091716,0,0,-1,-1,141930.000000,141930.000000,0.000000,0.000000,0
nw04,config20,2,FOUND INTEGER FEASIBLE,0.000000,1.033769,0,0,-1,-1,141930.000000,141930.000000,0.000000,0.000000,0
nw04,config20,3,FOUND INTEGER FEASIBLE,0.000000,1.040815,0,0,-1,-1,141930.000000,141930.000000,0.000000,0.000000,0
nw04,config16,1,FOUND INTEGER FEASIBLE,0.389882,2.161910,4,3,2,2,20420.000000,20420.000000,0.000000,0.000000,0
nw04,config16,2,FOUND INTEGER FEASIBLE,0.388165,2.089291,4,3,2,2,20420.000000,20420.000000,0.000000,0.000000,0
nw04,config16,3,FOUND INTEGER FEASIBLE,0.207378,1.252647,6,3,2,2,27406.000000,27406.000000,0.000000,0.000000,0
nw04,config17,1,FOUND INTEGER FEASIBLE,0.305021,2.184338,99,9,1,0,21506.000000,21506.000000,0.000000,0.000000,0
nw04,config17,2,FOUND INTEGER FEASIBLE,0.307353,2.120483,94,9,1,0,20420.000000,20420.000000,0.000000,0.000000,0
nw04,config17,3,FOUND INTEGER FEASIBLE,0.305371,2.142355,92,9,1,0,41472.000000,41472.000000,0.000000,0.000000,0
nw04,config21,1,FOUND INTEGER FEASIBLE,0.205232,2.732268,0,2,1,1,125178.000000,125178.000000,0.000000,0.000000,0
nw04,config21,2,FOUND INTEGER FEASIBLE,0.202285,2.737994,0,2,1,1,125178.000000,125178.000000,0.000000,0.000000,0
nw04,config21,3,FOUND INTEGER FEASIBLE,0.201453,2.727284,0,2,1,1,125178.000000,125178.000000,0.000000,0.000000,0
nw04,config23,1,FOUND INTEGER FEASIBLE,0.204721,2.746628,6,2,1,1,43164.000000,43164.000000,0.000000,0.000000,0
nw04,config23,2,FOUND INTEGER FEASIBLE,0.204188,2.740879,7,2,1,1,42372.000000,42372.000000,0.000000,0.000000,0
nw04,config23,3,FOUND INTEGER FEASIBLE,0.204929,2.713350,5,2,1,1,42380.000000,42380.000000,0.000000,0.000000,0
nw04,config19,1,FOUND INTEGER FEASIBLE,0.000000,1.294933,0,0,-1,-1,39902.000000,39902.000000,0.000000,0.000000,0
nw04,config19,2,FOUND INTEGER FEASIBLE,0.000000,1.183744,0,0,-1,-1,39902.000000,39902.000000,0.000000,0.000000,0
nw04,config19,3,FOUND INTEGER FEASIBLE,0.000000,1.200348,0,0,-1,-1,39902.000000,39902.000000,0.000000,0.000000,0
nw04,config18,1,FOUND INTEGER FEASIBLE,0.000000,1.263218,0,0,-1,-1,39902.000000,39902.000000,0.000000,0.000000,0
nw04,config18,2,FOUND INTEGER FEASIBLE,0.000000,1.199351,0,0,-1,-1,39902.000000,39902.000000,0.000000,0.000000,0
nw04,config18,3,FOUND INTEGER FEASIBLE,0.000000,1.226362,0,0,-1,-1,39902.000000,39902.000000,0.000000,0.000000,0
opm2-z10-s4,config1,1,FOUND INTEGER FEASIBLE,0.000000,39.204108,1,0,-1,-1,-1982.000000,-1982.000000,0.000000,0.000000,0
opm2-z10-s4,config1,2,FOUND INTEGER FEASIBLE,0.000000,26.040210,1,0,-1,-1,-1874.000000,-1874.000000,0.000000,0.000000,0
opm2-z10-s4,config1,3,FOUND INTEGER FEASIBLE,0.000000,39.234496,1,0,-1,-1,-1982.000000,-1982.000000,0.000000,0.000000,0
opm2-z10-s4,config3,1,FOUND INTEGER FEASIBLE,0.000000,3.364150,0,0,-1,-1,0.000000,0.000000,0.000000,0.000000,0
opm2-z10-s4,config3,2,FOUND INTEGER FEASIBLE,0.000000,3.355518,0,0,-1,-1,0.000000,0.000000,0.000000,0.000000,0
opm2-z10-s4,config3,3,FOUND INTEGER FEASIBLE,0.000000,3.344543,0,0,-1,-1,0.000000,0.000000,0.000000,0.000000,0
opm2-z10-s4,config20,1,FOUND INTEGER FEASIBLE,0.000000,53.329945,1,0,-1,-1,-12455.000000,-12455.000000,0.000000,0.000000,0
opm2-z10-s4,config20,2,FOUND INTEGER FEASIBLE,0.000000,52.713174,1,0,-1,-1,-12202.000000,-12202.000000,0.000000,0.000000,0
opm2-z10-s4,config20,3,FOUND INTEGER FEASIBLE,0.000000,53.415267,2,0,-1,-1,-13144.000000,-13144.000000,0.000000,0.000000,0
opm2-z10-s4,config16,1,FOUND INTEGER FEASIBLE,23.747520,27.121719,0,5,0,0,-1874.000000,-1874.000000,0.000000,0.000000,0
opm2-z10-s4,config16,2,FOUND INTEGER FEASIBLE,23.484407,26.845772,0,5,0,0,-1874.000000,-1874.000000,0.000000,0.000000,0
opm2-z10-s4,config16,3,FOUND INTEGER FEASIBLE,22.754884,26.132260,0,5,0,0,-1874.000000,-1874.000000,0.000000,0.000000,0
opm2-z10-s4,config17,1,FOUND INTEGER FEASIBLE,0.038356,3.421164,0,1,0,0,0.000000,0.000000,0.000000,0.000000,0
opm2-z10-s4,config17,2,FOUND INTEGER FEASIBLE,0.037692,3.406267,0,1,0,0,0.000000,0.000000,0.000000,0.000000,0
opm2-z10-s4,config17,3,FOUND INTEGER FEASIBLE,0.037835,3.425416,0,1,0,0,0.000000,0.000000,0.000000,0.000000,0
opm2-z10-s4,config21,1,FOUND INTEGER FEASIBLE,55.002257,58.381920,0,8,0,0,0.000000,0.000000,0.000000,0.000000,0
opm2-z10-s4,config21,2,FOUND INTEGER FEASIBLE,55.002009,58.380563,0,8,0,0,0.000000,0.000000,0.000000,0.000000,0
opm2-z10-s4,config21,3,FOUND INTEGER FEASIBLE,55.100375,58.483505,0,8,0,0,0.000000,0.000000,0.000000,0.000000,0
opm2-z10-s4,config23,1,FOUND INTEGER FEASIBLE,55.112115,58.506930,0,8,0,0,0.000000,0.000000,0.000000,0.000000,0
opm2-z10-s4,config23,2,FOUND INTEGER FEASIBLE,55.034357,58.437096,0,8,0,0,0.000000,0.000000,0.000000,0.000000,0
opm2-z10-s4,config23,3,FOUND INTEGER FEASIBLE,55.201702,58.599291,0,8,0,0,0.000000,0.000000,0.000000,0.000000,0
opm2-z10-s4,config19,1,FOUND INTEGER FEASIBLE,0.000000,0.181194,0,0,-1,-1,0.000000,0.000000,0.000000,0.000000,0
opm2-z10-s4,config19,2,FOUND INTEGER FEASIBLE,0.000000,0.213087,0,0,-1,-1,0.000000,0.000000,0.000000,0.000000,0
opm2-z10-s4,config19,3,FOUND INTEGER FEASIBLE,0.000000,0.211129,0,0,-1,-1,0.000000,0.000000,0.000000,0.000000,0
opm2-z10-s4,config18,1,FOUND INTEGER FEASIBLE,0.000000,0.287597,0,0,-1,-1,0.000000,0.000000,0.000000,0.000000,0
opm2-z10-s4,config18,2,FOUND INTEGER FEASIBLE,0.000000,0.217344,0,0,-1,-1,0.000000,0.000000,0.000000,0.000000,0
opm2-z10-s4,config18,3,FOUND INTEGER FEASIBLE,0.000000,0.214412,0,0,-1,-1,0.000000,0.000000,0.000000,0.000000,0
p200x1188c,config1,1,FOUND INTEGER FEASIBLE,0.000000,0.019768,2,0,-1,-1,15747.000000,15747.000000,0.000000,0.000000,0
p200x1188c,config1,2,FOUND INTEGER FEASIBLE,0.000000,0.030790,2,0,-1,-1,15747.000000,15747.000000,0.000000,0.000000,0
p200x1188c,config1,3,FOUND INTEGER FEASIBLE,0.000000,0.020596,2,0,-1,-1,15747.000000,15747.000000,0.000000,0.000000,0
p200x1188c,config3,1,FOUND INTEGER FEASIBLE,0.000000,0.035717,2,0,-1,-1,18654.000000,18654.000000,0.000000,0.000000,0
p200x1188c,config3,2,FOUND INTEGER FEASIBLE,0.000000,0.018955,2,0,-1,-1,18654.000000,18654.000000,0.000000,0.000000,0
p200x1188c,config3,3,FOUND INTEGER FEASIBLE,0.000000,0.029514,2,0,-1,-1,18654.000000,18654.000000,0.000000,0.000000,0
p200x1188c,config20,1,FOUND INTEGER FEASIBLE,0.000000,0.015492,0,0,-1,-1,3584430.000000,3584430.000000,0.000000,0.000000,0
p200x1188c,config20,2,FOUND INTEGER FEASIBLE,0.000000,0.029146,0,0,-1,-1,3584430.000000,3584430.000000,0.000000,0.000000,0
p200x1188c,config20,3,FOUND INTEGER FEASIBLE,0.000000,0.016654,0,0,-1,-1,3584430.000000,3584430.000000,0.000000,0.000000,0
p200x1188c,config16,1,FOUND INTEGER FEASIBLE,0.010415,0.061534,2,3,0,0,23025.000000,23025.000000,0.000000,0.000000,0
p200x1188c,config16,2,FOUND INTEGER FEASIBLE,0.005208,0.031484,2,3,0,0,23025.000000,23025.000000,0.000000,0.000000,0
p200x1188c,config16,3,FOUND INTEGER FEASIBLE,0.009944,0.048726,2,3,0,0,23025.000000,23025.000000,0.000000,0.000000,0
p200x1188c,config17,1,FOUND INTEGER FEASIBLE,0.004761,0.028188,2,3,0,0,18329.000000,18329.000000,0.000000,0.000000,0
p200x1188c,config17,2,FOUND INTEGER FEASIBLE,0.009187,0.046616,2,3,0,0,18329.000000,18329.000000,0.000000,0.000000,0
p200x1188c,config17,3,FOUND INTEGER FEASIBLE,0.011802,0.064463,2,3,0,0,18329.000000,18329.000000,0.000000,0.000000,0
p200x1188c,config21,1,FOUND INTEGER FEASIBLE,0.007785,0.044736,0,1,1,1,3584430.000000,3584430.000000,0.000000,0.000000,0
p200x1188c,config21,2,FOUND INTEGER FEASIBLE,0.004796,0.031212,0,1,1,1,3584430.000000,3584430.000000,0.000000,0.000000,0
p200x1188c,config21,3,FOUND INTEGER FEASIBLE,0.007801,0.043826,0,1,1,1,3584430.000000,3584430.000000,0.000000,0.000000,0
p200x1188c,config23,1,FOUND INTEGER FEASIBLE,0.005285,0.037568,2,1,1,1,18654.000000,18654.000000,0.000000,0.000000,0
p200x1188c,config23,2,FOUND INTEGER FEASIBLE,0.007815,0.047414,2,1,1,1,18654.000000,18654.000000,0.000000,0.000000,0
p200x1188c,config23,3,FOUND INTEGER FEASIBLE,0.005941,0.040292,2,1,1,1,18654.000000,18654.000000,0.000000,0.000000,0
p200x1188c,config19,1,FOUND INTEGER FEASIBLE,0.000000,0.047848,0,0,-1,-1,3195992.000000,3195992.000000,0.000000,0.000000,0
p200x1188c,config19,2,FOUND INTEGER FEASIBLE,0.000000,0.017036,0,0,-1,-1,3195992.000000,3195992.000000,0.000000,0.000000,0
p200x1188c,config19,3,FOUND INTEGER FEASIBLE,0.000000,0.026462,0,0,-1,-1,3195992.000000,3195992.000000,0.000000,0.000000,0
p200x1188c,config18,1,FOUND INTEGER FEASIBLE,0.000000,0.029398,0,0,-1,-1,3195992.000000,3195992.000000,0.000000,0.000000,0
p200x1188c,config18,2,FOUND INTEGER FEASIBLE,0.000000,0.023057,0,0,-1,-1,3195992.000000,3195992.000000,0.000000,0.000000,0
p200x1188c,config18,3,FOUND INTEGER FEASIBLE,0.000000,0.019041,0,0,-1,-1,3195992.000000,3195992.000000,0.000000,0.000000,0
peg-solitaire-a3,config1,1,FAILED TO FIND AN INTEGER FEASIBLE SOLUTION,0.000000,2242.833092,12000,0,-1,-1,0.000000,0.000000,2.000000,2.000000,4
peg-solitaire-a3,config1,2,FAILED TO FIND AN INTEGER FEASIBLE SOLUTION,0.000000,2475.752965,12000,0,-1,-1,0.000000,0.000000,2.000000,2.000000,4
peg-solitaire-a3,config1,3,FAILED TO FIND AN INTEGER FEASIBLE SOLUTION,0.000000,2070.871690,12000,0,-1,-1,0.000000,0.000000,2.000000,2.000000,4
peg-solitaire-a3,config3,1,FAILED TO FIND AN INTEGER FEASIBLE SOLUTION,0.000000,1990.540199,12000,0,-1,-1,0.000000,0.000000,2.000000,2.000000,4
peg-solitaire-a3,config3,2,FAILED TO FIND AN INTEGER FEASIBLE SOLUTION,0.000000,1236.258597,12000,0,-1,-1,0.000000,0.000000,2.000000,2.000000,4
peg-solitaire-a3,config3,3,FAILED TO FIND AN INTEGER FEASIBLE SOLUTION,0.000000,2188.105246,12000,0,-1,-1,0.000000,0.000000,3.000000,3.000000,6
peg-solitaire-a3,config20,1,FAILED TO FIND AN INTEGER FEASIBLE SOLUTION,0.000000,1715.550549,12000,0,-1,-1,0.000000,0.000000,2.000000,2.000000,4
peg-solitaire-a3,config20,2,FAILED TO FIND AN INTEGER FEASIBLE SOLUTION,0.000000,1614.286141,12000,0,-1,-1,0.000000,0.000000,2.000000,2.000000,4
peg-solitaire-a3,config20,3,FAILED TO FIND AN INTEGER FEASIBLE SOLUTION,0.000000,2157.886640,12000,0,-1,-1,0.000000,0.000000,3.000000,3.000000,6
peg-solitaire-a3,config16,1,FAILED TO FIND AN INTEGER FEASIBLE SOLUTION,8.952269,1614.299960,12000,10,10,0,0.000000,0.000000,1.000000,1.000000,2
peg-solitaire-a3,config16,2,FAILED TO FIND AN INTEGER FEASIBLE SOLUTION,9.113825,1637.438496,12000,10,10,0,0.000000,0.000000,1.000000,1.000000,2
peg-solitaire-a3,config16,3,FOUND INTEGER FEASIBLE,9.109365,2054.563282,11202,10,10,0,1.000000,1.000000,0.000000,0.000000,0
peg-solitaire-a3,config17,1,FAILED TO FIND AN INTEGER FEASIBLE SOLUTION,3.136483,1979.660552,12000,13,13,13,0.000000,0.000000,2.000000,2.000000,4
peg-solitaire-a3,config17,2,FAILED TO FIND AN INTEGER FEASIBLE SOLUTION,3.504508,1237.996090,12000,13,13,13,0.000000,0.000000,2.000000,2.000000,4
peg-solitaire-a3,config17,3,FAILED TO FIND AN INTEGER FEASIBLE SOLUTION,3.143376,2188.305434,12000,13,13,13,0.000000,0.000000,3.000000,3.000000,6
peg-solitaire-a3,config21,1,FAILED TO FIND AN INTEGER FEASIBLE SOLUTION,3.384250,2058.724308,12000,13,13,12,0.000000,0.000000,1.000000,1.000000,2
peg-solitaire-a3,config21,2,FAILED TO FIND AN INTEGER FEASIBLE SOLUTION,3.393318,1356.894875,12000,13,13,12,0.000000,0.000000,1.000000,1.000000,2
peg-solitaire-a3,config21,3,FOUND INTEGER FEASIBLE,3.387860,46.076613,153,13,12,12,1.000000,1.000000,0.000000,0.000000,0
peg-solitaire-a3,config23,1,FAILED TO FIND AN INTEGER FEASIBLE SOLUTION,3.606749,2305.967950,12000,13,13,12,0.000000,0.000000,2.000000,2.000000,4
peg-solitaire-a3,config23,2,FAILED TO FIND AN INTEGER FEASIBLE SOLUTION,3.399012,2015.391828,12000,13,13,12,0.000000,0.000000,2.000000,2.000000,4
peg-solitaire-a3,config23,3,FAILED TO FIND AN INTEGER FEASIBLE SOLUTION,3.115238,1742.103108,12000,13,13,12,0.000000,0.000000,2.000000,2.000000,4
peg-solitaire-a3,config19,1,FOUND INTEGER FEASIBLE,0.000000,2492.536198,0,0,-1,-1,1.000000,1.000000,0.000000,0.000000,0
peg-solitaire-a3,config19,2,FOUND INTEGER FEASIBLE,0.000000,2496.966098,0,0,-1,-1,1.000000,1.000000,0.000000,0.000000,0
peg-solitaire-a3,config19,3,FOUND INTEGER FEASIBLE,0.000000,2489.272524,0,0,-1,-1,1.000000,1.000000,0.000000,0.000000,0
peg-solitaire-a3,config18,1,FOUND INTEGER FEASIBLE,0.000000,832.432958,0,0,-1,-1,1.000000,1.000000,0.000000,0.000000,0
peg-solitaire-a3,config18,2,FOUND INTEGER FEASIBLE,0.000000,835.077328,0,0,-1,-1,1.000000,1.000000,0.000000,0.000000,0
peg-solitaire-a3,config18,3,FOUND INTEGER FEASIBLE,0.000000,833.900255,0,0,-1,-1,1.000000,1.000000,0.000000,0.000000,0
pg5_34,config1,1,FOUND INTEGER FEASIBLE,0.000000,0.051389,3,0,-1,-1,-13041.042982,-14070.593461,0.000000,0.000000,0
pg5_34,config1,2,FOUND INTEGER FEASIBLE,0.000000,0.034539,1,0,-1,-1,-7139.552934,-7809.614286,0.000000,0.000000,0
pg5_34,config1,3,FOUND INTEGER FEASIBLE,0.000000,0.055506,3,0,-1,-1,-12549.905625,-13720.162507,0.000000,0.000000,0
pg5_34,config3,1,FOUND INTEGER FEASIBLE,0.000000,0.020405,0,0,-1,-1,0.000000,0.000000,0.000000,0.000000,0
pg5_34,config3,2,FOUND INTEGER FEASIBLE,0.000000,0.025612,0,0,-1,-1,0.000000,0.000000,0.000000,0.000000,0
pg5_34,config3,3,FOUND INTEGER FEASIBLE,0.000000,0.020567,0,0,-1,-1,0.000000,0.000000,0.000000,0.000000,0
pg5_34,config20,1,FOUND INTEGER FEASIBLE,0.000000,0.044430,2,0,-1,-1,-10821.349992,-13288.595706,0.000000,0.000000,0
pg5_34,config20,2,FOUND INTEGER FEASIBLE,0.000000,0.042463,1,0,-1,-1,-11027.548374,-13518.527101,0.000000,0.000000,0
pg5_34,config20,3,FOUND INTEGER FEASIBLE,0.000000,0.042818,2,0,-1,-1,-10821.349992,-13288.595706,0.000000,0.000000,0
pg5_34,config16,1,FOUND INTEGER FEASIBLE,0.025835,0.054366,0,11,0,0,-4090.000000,-4090.000000,0.000000,0.000000,0
pg5_34,config16,2,FOUND INTEGER FEASIBLE,0.025488,0.051055,0,11,0,0,-4090.000000,-4090.000000,0.000000,0.000000,0
pg5_34,config16,3,FOUND INTEGER FEASIBLE,0.025800,0.052287,0,11,0,0,-4090.000000,-4090.000000,0.000000,0.000000,0
pg5_34,config17,1,FOUND INTEGER FEASIBLE,0.003773,0.036851,0,0,0,0,0.000000,0.000000,0.000000,0.000000,0
pg5_34,config17,2,FOUND INTEGER FEASIBLE,0.003756,0.038635,0,0,0,0,0.000000,0.000000,0.000000,0.000000,0
pg5_34,config17,3,FOUND INTEGER FEASIBLE,0.003761,0.039088,0,0,0,0,0.000000,0.000000,0.000000,0.000000,0
pg5_34,config21,1,FOUND INTEGER FEASIBLE,0.039124,0.063332,0,4,0,0,-327.000000,-327.000000,0.000000,0.000000,0
pg5_34,config21,2,FOUND INTEGER FEASIBLE,0.039184,0.062863,0,4,0,0,-327.000000,-327.000000,0.000000,0.000000,0
pg5_34,config21,3,FOUND INTEGER FEASIBLE,0.039231,0.063302,0,4,0,0,-327.000000,-327.000000,0.000000,0.000000,0
pg5_34,config23,1,FOUND INTEGER FEASIBLE,0.039198,0.062718,0,4,0,0,0.000000,0.000000,0.000000,0.000000,0
pg5_34,config23,2,FOUND INTEGER FEASIBLE,0.039155,0.063687,0,4,0,0,0.000000,0.000000,0.000000,0.000000,0
pg5_34,config23,3,FOUND INTEGER FEASIBLE,0.039051,0.062570,0,4,0,0,0.000000,0.000000,0.000000,0.000000,0
pg5_34,config19,1,FOUND INTEGER FEASIBLE,0.000000,0.009859,0,0,-1,-1,0.000000,0.000000,0.000000,0.000000,0
pg5_34,config19,2,FOUND INTEGER FEASIBLE,0.000000,0.007068,0,0,-1,-1,0.000000,0.000000,0.000000,0.000000,0
pg5_34,config19,3,FOUND INTEGER FEASIBLE,0.000000,0.005249,0,0,-1,-1,0.000000,0.000000,0.000000,0.000000,0
pg5_34,config18,1,FOUND INTEGER FEASIBLE,0.000000,0.008578,0,0,-1,-1,0.000000,0.000000,0.000000,0.000000,0
pg5_34,config18,2,FOUND INTEGER FEASIBLE,0.000000,0.007753,0,0,-1,-1,0.000000,0.000000,0.000000,0.000000,0
pg5_34,config18,3,FOUND INTEGER FEASIBLE,0.000000,0.006101,0,0,-1,-1,0.000000,0.000000,0.000000,0.000000,0
pg,config1,1,FOUND INTEGER FEASIBLE,0.000000,0.039913,3,0,-1,-1,-6597.631946,-7959.565317,0.000000,0.000000,0
pg,config1,2,FOUND INTEGER FEASIBLE,0.000000,0.043246,3,0,-1,-1,-6125.465971,-7796.498526,0.000000,0.000000,0
pg,config1,3,FOUND INTEGER FEASIBLE,0.000000,0.033911,1,0,-1,-1,-3789.456730,-4789.116845,0.000000,0.000000,0
pg,config3,1,FOUND INTEGER FEASIBLE,0.000000,0.045412,1,0,-1,-1,-5188.542446,-7796.498526,0.000000,0.000000,0
pg,config3,2,FOUND INTEGER FEASIBLE,0.000000,0.037581,3,0,-1,-1,-5209.030707,-7796.498526,0.000000,0.000000,0
pg,config3,3,FOUND INTEGER FEASIBLE,0.000000,0.035315,1,0,-1,-1,-5188.542446,-7796.498526,0.000000,0.000000,0
pg,config20,1,FOUND INTEGER FEASIBLE,0.000000,0.018611,0,0,-1,-1,7250.000000,7250.000000,0.000000,0.000000,0
pg,config20,2,FOUND INTEGER FEASIBLE,0.000000,0.019598,0,0,-1,-1,7250.000000,7250.000000,0.000000,0.000000,0
pg,config20,3,FOUND INTEGER FEASIBLE,0.000000,0.019091,0,0,-1,-1,7250.000000,7250.000000,0.000000,0.000000,0
pg,config16,1,FOUND INTEGER FEASIBLE,0.025963,0.048049,1,11,0,0,-6994.753143,-7176.484816,0.000000,0.000000,0
pg,config16,2,FOUND INTEGER FEASIBLE,0.050580,0.095546,3,11,0,0,-7067.733352,-7357.692144,0.000000,0.000000,0
pg,config16,3,FOUND INTEGER FEASIBLE,0.026000,0.049193,1,11,0,0,-6994.753143,-7176.484816,0.000000,0.000000,0
pg,config17,1,FOUND INTEGER FEASIBLE,0.043195,0.093514,2,2,0,0,-3812.539029,-6312.853465,0.000000,0.000000,0
pg,config17,2,FOUND INTEGER FEASIBLE,0.023483,0.054663,3,2,0,0,-3745.773855,-6312.853465,0.000000,0.000000,0
pg,config17,3,FOUND INTEGER FEASIBLE,0.043235,0.092492,1,2,0,0,-3789.435363,-6312.853465,0.000000,0.000000,0
pg,config21,1,FOUND INTEGER FEASIBLE,0.001616,0.020877,0,0,0,0,7250.000000,7250.000000,0.000000,0.000000,0
pg,config21,2,FOUND INTEGER FEASIBLE,0.002905,0.032750,0,0,0,0,7250.000000,7250.000000,0.000000,0.000000,0
pg,config21,3,FOUND INTEGER FEASIBLE,0.002693,0.029990,0,0,0,0,7250.000000,7250.000000,0.000000,0.000000,0
pg,config23,1,FOUND INTEGER FEASIBLE,0.001865,0.033014,1,0,0,0,-5188.542446,-7796.498526,0.000000,0.000000,0
pg,config23,2,FOUND INTEGER FEASIBLE,0.002742,0.048479,3,0,0,0,-5209.030707,-7796.498526,0.000000,0.000000,0
pg,config23,3,FOUND INTEGER FEASIBLE,0.002144,0.038155,1,0,0,0,-5188.542446,-7796.498526,0.000000,0.000000,0
pg,config19,1,FOUND INTEGER FEASIBLE,0.000000,0.006825,0,0,-1,-1,7250.000000,7250.000000,0.000000,0.000000,0
pg,config19,2,FOUND INTEGER FEASIBLE,0.000000,0.006544,0,0,-1,-1,7250.000000,7250.000000,0.000000,0.000000,0
pg,config19,3,FOUND INTEGER FEASIBLE,0.000000,0.005762,0,0,-1,-1,7250.000000,7250.000000,0.000000,0.000000,0
pg,config18,1,FOUND INTEGER FEASIBLE,0.000000,0.007891,0,0,-1,-1,7250.000000,7250.000000,0.000000,0.000000,0
pg,config18,2,FOUND INTEGER FEASIBLE,0.000000,0.005010,0,0,-1,-1,7250.000000,7250.000000,0.000000,0.000000,0
pg,config18,3,FOUND INTEGER FEASIBLE,0.000000,0.004138,0,0,-1,-1,7250.000000,7250.000000,0.000000,0.000000,0
physiciansched3-3,config1,1,FOUND INTEGER FEASIBLE,0.000000,339.004312,229,0,-1,-1,3423609.193333,3335769.860000,0.000000,0.000000,0
physiciansched3-3,config1,2,FOUND INTEGER FEASIBLE,0.000000,84.495509,22,0,-1,-1,3304787.360000,3269718.026667,0.000000,0.000000,0
physiciansched3-3,config1,3,FOUND INTEGER FEASIBLE,0.000000,42.595576,6,0,-1,-1,2918205.160000,2913805.160000,0.000000,0.000000,0
physiciansched3-3,config3,1,FOUND INTEGER FEASIBLE,0.000000,186.853456,454,0,-1,-1,29958340.093333,3346442.986667,0.000000,0.000000,0
physiciansched3-3,config3,2,FOUND INTEGER FEASIBLE,0.000000,64.767102,210,0,-1,-1,29981814.760000,3476054.146667,0.000000,0.000000,0
physiciansched3-3,config3,3,FOUND INTEGER FEASIBLE,0.000000,45.258159,47,0,-1,-1,29999809.760000,3426005.360000,0.000000,0.000000,0
physiciansched3-3,config20,1,FOUND INTEGER FEASIBLE,0.000000,205.158818,199,0,-1,-1,29960742.093333,3365769.353333,0.000000,0.000000,0
physiciansched3-3,config20,2,FOUND INTEGER FEASIBLE,0.000000,95.020281,118,0,-1,-1,29996009.260000,3419785.153333,0.000000,0.000000,0
physiciansched3-3,config20,3,FOUND INTEGER FEASIBLE,0.000000,69.729671,96,0,-1,-1,29976312.260000,3368417.486667,0.000000,0.000000,0
physiciansched3-3,config16,1,FOUND INTEGER FEASIBLE,23.083495,85.101261,30,13,13,13,3016831.393333,3005031.393333,0.000000,0.000000,0
physiciansched3-3,config16,2,FOUND INTEGER FEASIBLE,23.041251,102.066993,48,13,13,13,3110812.353333,3082710.353333,0.000000,0.000000,0
physiciansched3-3,config16,3,FOUND INTEGER FEASIBLE,23.016064,252.879125,411,13,13,13,3435293.526667,3347589.526667,0.000000,0.000000,0
physiciansched3-3,config17,1,FOUND INTEGER FEASIBLE,7.833064,112.545395,91,13,13,13,29888534.093333,3307785.020000,0.000000,0.000000,0
physiciansched3-3,config17,2,FOUND INTEGER FEASIBLE,7.854617,115.870602,215,13,13,13,29895433.093333,3418147.860000,0.000000,0.000000,0
physiciansched3-3,config17,3,FOUND INTEGER FEASIBLE,7.952296,59.721134,84,13,13,13,29898530.093333,3295710.693333,0.000000,0.000000,0
physiciansched3-3,config21,1,FOUND INTEGER FEASIBLE,7.401715,47.951270,66,13,13,13,29897900.260000,3363671.840000,0.000000,0.000000,0
physiciansched3-3,config21,2,FOUND INTEGER FEASIBLE,7.412025,111.889419,160,13,13,13,29907261.426667,3490216.813333,0.000000,0.000000,0
physiciansched3-3,config21,3,FOUND INTEGER FEASIBLE,7.401786,210.591535,280,13,13,13,29882194.260000,3371916.813333,0.000000,0.000000,0
physiciansched3-3,config23,1,FOUND INTEGER FEASIBLE,7.412996,112.771572,91,13,13,13,29888534.093333,3307785.020000,0.000000,0.000000,0
physiciansched3-3,config23,2,FOUND INTEGER FEASIBLE,7.423633,114.607301,215,13,13,13,29895433.093333,3418147.860000,0.000000,0.000000,0
physiciansched3-3,config23,3,FOUND INTEGER FEASIBLE,7.431534,57.983247,84,13,13,13,29898530.093333,3295710.693333,0.000000,0.000000,0
physiciansched3-3,config19,1,FOUND INTEGER FEASIBLE,0.000000,471.415076,0,0,-1,-1,2703990.493333,2703990.493333,0.000000,0.000000,0
physiciansched3-3,config19,2,FOUND INTEGER FEASIBLE,0.000000,468.980241,0,0,-1,-1,2703990.493333,2703990.493333,0.000000,0.000000,0
physiciansched3-3,config19,3,FOUND INTEGER FEASIBLE,0.000000,473.208212,0,0,-1,-1,2703990.493333,2703990.493333,0.000000,0.000000,0
physiciansched3-3,config18,1,FOUND INTEGER FEASIBLE,0.000000,428.124212,0,0,-1,-1,2732955.860000,2732955.860000,0.000000,0.000000,0
physiciansched3-3,config18,2,FOUND INTEGER FEASIBLE,0.000000,429.463577,0,0,-1,-1,2732955.860000,2732955.860000,0.000000,0.000000,0
physiciansched3-3,config18,3,FOUND INTEGER FEASIBLE,0.000000,428.118069,0,0,-1,-1,2732955.860000,2732955.860000,0.000000,0.000000,0
physiciansched6-2,config1,1,FOUND INTEGER FEASIBLE,0.000000,7.104297,96,0,-1,-1,52329.000000,52229.000000,0.000000,0.000000,0
physiciansched6-2,config1,2,FOUND INTEGER FEASIBLE,0.000000,226.167779,6234,0,-1,-1,51226.500000,50926.500000,0.000000,0.000000,0
physiciansched6-2,config1,3,FOUND INTEGER FEASIBLE,0.000000,56.296161,1471,0,-1,-1,52630.000000,52430.000000,0.000000,0.000000,0
physiciansched6-2,config3,1,FOUND INTEGER FEASIBLE,0.000000,53.249644,1221,0,-1,-1,216356.000000,53931.000000,0.000000,0.000000,0
physiciansched6-2,config3,2,FOUND INTEGER FEASIBLE,0.000000,104.557249,2728,0,-1,-1,214353.000000,52128.000000,0.000000,0.000000,0
physiciansched6-2,config3,3,FOUND INTEGER FEASIBLE,0.000000,102.610203,2352,0,-1,-1,215155.000000,53031.000000,0.000000,0.000000,0
physiciansched6-2,config20,1,FOUND INTEGER FEASIBLE,0.000000,17.399366,343,0,-1,-1,215955.000000,53230.000000,0.000000,0.000000,0
physiciansched6-2,config20,2,FOUND INTEGER FEASIBLE,0.000000,5.967890,84,0,-1,-1,216155.000000,52931.000000,0.000000,0.000000,0
physiciansched6-2,config20,3,FOUND INTEGER FEASIBLE,0.000000,11.007548,207,0,-1,-1,217658.000000,54433.000000,0.000000,0.000000,0
physiciansched6-2,config16,1,FOUND INTEGER FEASIBLE,1.085496,5.734070,41,13,13,13,50724.500000,50724.500000,0.000000,0.000000,0
physiciansched6-2,config16,2,FOUND INTEGER FEASIBLE,1.092508,5.333843,58,13,13,13,50124.500000,50124.500000,0.000000,0.000000,0
physiciansched6-2,config16,3,FOUND INTEGER FEASIBLE,1.099351,6.325191,62,13,13,13,50524.000000,50524.000000,0.000000,0.000000,0
physiciansched6-2,config17,1,FOUND INTEGER FEASIBLE,1.013499,16.557034,229,13,13,13,214952.000000,51627.000000,0.000000,0.000000,0
physiciansched6-2,config17,2,FOUND INTEGER FEASIBLE,1.015952,12.565221,161,13,13,13,213851.000000,51427.000000,0.000000,0.000000,0
physiciansched6-2,config17,3,FOUND INTEGER FEASIBLE,1.013602,11.992448,154,13,13,13,213951.000000,52026.000000,0.000000,0.000000,0
physiciansched6-2,config21,1,FOUND INTEGER FEASIBLE,1.449512,8.042067,73,13,13,13,216155.000000,53231.000000,0.000000,0.000000,0
physiciansched6-2,config21,2,FOUND INTEGER FEASIBLE,0.949639,5.277114,61,13,13,13,215955.000000,52530.000000,0.000000,0.000000,0
physiciansched6-2,config21,3,FOUND INTEGER FEASIBLE,1.449519,14.127926,178,13,13,13,216054.000000,53329.000000,0.000000,0.000000,0
physiciansched6-2,config23,1,FOUND INTEGER FEASIBLE,1.451465,16.931916,229,13,13,13,214952.000000,51627.000000,0.000000,0.000000,0
physiciansched6-2,config23,2,FOUND INTEGER FEASIBLE,1.446694,12.964498,161,13,13,13,213851.000000,51427.000000,0.000000,0.000000,0
physiciansched6-2,config23,3,FOUND INTEGER FEASIBLE,1.455474,12.342909,154,13,13,13,213951.000000,52026.000000,0.000000,0.000000,0
physiciansched6-2,config19,1,FOUND INTEGER FEASIBLE,0.000000,10.293486,0,0,-1,-1,49324.000000,49324.000000,0.000000,0.000000,0
physiciansched6-2,config19,2,FOUND INTEGER FEASIBLE,0.000000,9.733750,0,0,-1,-1,49324.000000,49324.000000,0.000000,0.000000,0
physiciansched6-2,config19,3,FOUND INTEGER FEASIBLE,0.000000,10.914151,0,0,-1,-1,49324.000000,49324.000000,0.000000,0.000000,0
physiciansched6-2,config18,1,FOUND INTEGER FEASIBLE,0.000000,17.022944,0,0,-1,-1,49324.000000,49324.000000,0.000000,0.000000,0
physiciansched6-2,config18,2,FOUND INTEGER FEASIBLE,0.000000,16.928539,0,0,-1,-1,49324.000000,49324.000000,0.000000,0.000000,0
physiciansched6-2,config18,3,FOUND INTEGER FEASIBLE,0.000000,17.000492,0,0,-1,-1,49324.000000,49324.000000,0.000000,0.000000,0
piperout-08,config1,1,FAILED TO FIND AN INTEGER FEASIBLE SOLUTION,0.000000,85.342768,12000,0,-1,-1,0.000000,0.000000,14.691235,25.870244,86
piperout-08,config1,2,FAILED TO FIND AN INTEGER FEASIBLE SOLUTION,0.000000,86.689962,12000,0,-1,-1,0.000000,0.000000,13.005467,25.042442,93
piperout-08,config1,3,FAILED TO FIND AN INTEGER FEASIBLE SOLUTION,0.000000,83.416970,12000,0,-1,-1,0.000000,0.000000,11.402867,17.085873,86
piperout-08,config3,1,FAILED TO FIND AN INTEGER FEASIBLE SOLUTION,0.000000,84.400370,12000,0,-1,-1,0.000000,0.000000,13.748792,25.778204,84
piperout-08,config3,2,FAILED TO FIND AN INTEGER FEASIBLE SOLUTION,0.000000,84.286703,12000,0,-1,-1,0.000000,0.000000,9.439108,19.499892,84
piperout-08,config3,3,FAILED TO FIND AN INTEGER FEASIBLE SOLUTION,0.000000,83.110618,12000,0,-1,-1,0.000000,0.000000,13.921981,20.449517,79
piperout-08,config20,1,FAILED TO FIND AN INTEGER FEASIBLE SOLUTION,0.000000,236.602404,12000,0,-1,-1,0.000000,0.000000,11.707705,21.157379,82
piperout-08,config20,2,FAILED TO FIND AN INTEGER FEASIBLE SOLUTION,0.000000,232.286668,12000,0,-1,-1,0.000000,0.000000,11.159895,25.420680,84
piperout-08,config20,3,FAILED TO FIND AN INTEGER FEASIBLE SOLUTION,0.000000,296.601512,12000,0,-1,-1,0.000000,0.000000,13.867578,23.246081,84
piperout-08,config16,1,FAILED TO FIND AN INTEGER FEASIBLE SOLUTION,0.538298,86.348401,12000,13,13,13,0.000000,0.000000,14.691235,25.870244,86
piperout-08,config16,2,FAILED TO FIND AN INTEGER FEASIBLE SOLUTION,0.536382,87.223720,12000,13,13,13,0.000000,0.000000,13.005467,25.042442,93
piperout-08,config16,3,FAILED TO FIND AN INTEGER FEASIBLE SOLUTION,0.273470,83.553180,12000,13,13,13,0.000000,0.000000,11.402867,17.085873,86
piperout-08,config17,1,FAILED TO FIND AN INTEGER FEASIBLE SOLUTION,0.352208,85.224622,12000,13,13,13,0.000000,0.000000,13.748792,25.778204,84
piperout-08,config17,2,FAILED TO FIND AN INTEGER FEASIBLE SOLUTION,0.352018,85.425185,12000,13,13,13,0.000000,0.000000,9.439108,19.499892,84
piperout-08,config17,3,FAILED TO FIND AN INTEGER FEASIBLE SOLUTION,0.180957,83.922137,12000,13,13,13,0.000000,0.000000,13.921981,20.449517,79
piperout-08,config21,1,FAILED TO FIND AN INTEGER FEASIBLE SOLUTION,0.096520,82.245456,12000,13,13,12,0.000000,0.000000,10.764867,17.772441,87
piperout-08,config21,2,FAILED TO FIND AN INTEGER FEASIBLE SOLUTION,0.096018,82.719423,12000,13,13,12,0.000000,0.000000,5.578207,10.527738,51
piperout-08,config21,3,FAILED TO FIND AN INTEGER FEASIBLE SOLUTION,0.189221,85.604374,12000,13,13,12,0.000000,0.000000,12.792448,23.704213,85
piperout-08,config23,1,FAILED TO FIND AN INTEGER FEASIBLE SOLUTION,0.188804,83.552613,12000,13,13,12,0.000000,0.000000,10.312757,23.176048,72
piperout-08,config23,2,FAILED TO FIND AN INTEGER FEASIBLE SOLUTION,0.188616,84.694027,12000,13,13,12,0.000000,0.000000,13.286119,22.658015,86
piperout-08,config23,3,FAILED TO FIND AN INTEGER FEASIBLE SOLUTION,0.187910,83.520707,12000,13,13,12,0.000000,0.000000,11.755075,24.204748,93
piperout-08,config19,1,FOUND INTEGER FEASIBLE,0.000000,3.550394,0,0,-1,-1,250687.000000,250687.000000,0.000000,0.000000,0
piperout-08,config19,2,FOUND INTEGER FEASIBLE,0.000000,3.538362,0,0,-1,-1,250687.000000,250687.000000,0.000000,0.000000,0
piperout-08,config19,3,FOUND INTEGER FEASIBLE,0.000000,3.531580,0,0,-1,-1,250687.000000,250687.000000,0.000000,0.000000,0
piperout-08,config18,1,FOUND INTEGER FEASIBLE,0.000000,3.000388,0,0,-1,-1,125055.000000,125055.000000,0.000000,0.000000,0
piperout-08,config18,2,FOUND INTEGER FEASIBLE,0.000000,3.005242,0,0,-1,-1,125055.000000,125055.000000,0.000000,0.000000,0
piperout-08,config18,3,FOUND INTEGER FEASIBLE,0.000000,3.007090,0,0,-1,-1,125055.000000,125055.000000,0.000000,0.000000,0
piperout-27,config1,1,FAILED TO FIND AN INTEGER FEASIBLE SOLUTION,0.000000,110.987571,12000,0,-1,-1,0.000000,0.000000,18.542758,37.440284,87
piperout-27,config1,2,FAILED TO FIND AN INTEGER FEASIBLE SOLUTION,0.000000,111.335482,12000,0,-1,-1,0.000000,0.000000,22.564564,42.872534,95
piperout-27,config1,3,FAILED TO FIND AN INTEGER FEASIBLE SOLUTION,0.000000,109.385969,12000,0,-1,-1,0.000000,0.000000,19.469972,31.289753,108
piperout-27,config3,1,FAILED TO FIND AN INTEGER FEASIBLE SOLUTION,0.000000,112.076646,12000,0,-1,-1,0.000000,0.000000,18.807117,57.614994,142
piperout-27,config3,2,FAILED TO FIND AN INTEGER FEASIBLE SOLUTION,0.000000,109.572505,12000,0,-1,-1,0.000000,0.000000,17.348535,36.727052,97
piperout-27,config3,3,FAILED TO FIND AN INTEGER FEASIBLE SOLUTION,0.000000,109.983992,12000,0,-1,-1,0.000000,0.000000,9.772239,15.423652,82
piperout-27,config20,1,FAILED TO FIND AN INTEGER FEASIBLE SOLUTION,0.000000,280.385532,12000,0,-1,-1,0.000000,0.000000,20.704135,21.256791,94
piperout-27,config20,2,FAILED TO FIND AN INTEGER FEASIBLE SOLUTION,0.000000,281.999009,12000,0,-1,-1,0.000000,0.000000,28.063187,48.149051,129
piperout-27,config20,3,FAILED TO FIND AN INTEGER FEASIBLE SOLUTION,0.000000,282.631542,12000,0,-1,-1,0.000000,0.000000,30.535094,47.708662,147
piperout-27,config16,1,FAILED TO FIND AN INTEGER FEASIBLE SOLUTION,1.026220,116.369262,12000,13,13,12,0.000000,0.000000,24.760493,53.156245,132
piperout-27,config16,2,FAILED TO FIND AN INTEGER FEASIBLE SOLUTION,1.022274,115.443522,12000,13,13,12,0.000000,0.000000,23.491791,35.594641,111
piperout-27,config16,3,FAILED TO FIND AN INTEGER FEASIBLE SOLUTION,1.028461,114.442348,12000,13,13,12,0.000000,0.000000,15.608200,41.939126,149
piperout-27,config17,1,FAILED TO FIND AN INTEGER FEASIBLE SOLUTION,2.433582,111.426515,12000,12,12,9,0.000000,0.000000,2.585850,4.585850,28
piperout-27,config17,2,FAILED TO FIND AN INTEGER FEASIBLE SOLUTION,2.441176,112.582453,12000,12,12,9,0.000000,0.000000,4.135012,5.492155,37
piperout-27,config17,3,FAILED TO FIND AN INTEGER FEASIBLE SOLUTION,2.452286,112.079455,12000,12,12,9,0.000000,0.000000,2.636036,2.636036,9
piperout-27,config21,1,FAILED TO FIND AN INTEGER FEASIBLE SOLUTION,0.384525,110.893803,12000,13,13,10,0.000000,0.000000,11.743570,17.820795,72
piperout-27,config21,2,FAILED TO FIND AN INTEGER FEASIBLE SOLUTION,0.382805,110.946757,12000,13,13,10,0.000000,0.000000,13.799323,24.367239,92
piperout-27,config21,3,FAILED TO FIND AN INTEGER FEASIBLE SOLUTION,0.194840,111.300213,12000,13,13,10,0.000000,0.000000,14.738994,24.123679,92
piperout-27,config23,1,FAILED TO FIND AN INTEGER FEASIBLE SOLUTION,0.194664,109.988931,12000,13,13,10,0.000000,0.000000,14.136432,32.353956,129
piperout-27,config23,2,FAILED TO FIND AN INTEGER FEASIBLE SOLUTION,0.384414,114.679400,12000,13,13,10,0.000000,0.000000,27.612345,37.479205,116
piperout-27,config23,3,FAILED TO FIND AN INTEGER FEASIBLE SOLUTION,0.388906,114.312651,12000,13,13,10,0.000000,0.000000,27.500020,32.504166,144
piperout-27,config19,1,FOUND INTEGER FEASIBLE,0.000000,5.254965,0,0,-1,-1,8124.000000,8124.000000,0.000000,0.000000,0
piperout-27,config19,2,FOUND INTEGER FEASIBLE,0.000000,4.938131,0,0,-1,-1,8124.000000,8124.000000,0.000000,0.000000,0
piperout-27,config19,3,FOUND INTEGER FEASIBLE,0.000000,4.646903,0,0,-1,-1,8124.000000,8124.000000,0.000000,0.000000,0
piperout-27,config18,1,FOUND INTEGER FEASIBLE,0.000000,4.566308,0,0,-1,-1,8124.000000,8124.000000,0.000000,0.000000,0
piperout-27,config18,2,FOUND INTEGER FEASIBLE,0.000000,4.551831,0,0,-1,-1,8124.000000,8124.000000,0.000000,0.000000,0
piperout-27,config18,3,FOUND INTEGER FEASIBLE,0.000000,4.529345,0,0,-1,-1,8124.000000,8124.000000,0.000000,0.000000,0
pk1,config1,1,FOUND INTEGER FEASIBLE,0.000000,0.006685,1,0,-1,-1,18.000000,18.000000,0.000000,0.000000,0
pk1,config1,2,FOUND INTEGER FEASIBLE,0.000000,0.006810,1,0,-1,-1,129.000000,129.000000,0.000000,0.000000,0
pk1,config1,3,FOUND INTEGER FEASIBLE,0.000000,0.007487,1,0,-1,-1,123.000000,123.000000,0.000000,0.000000,0
pk1,config3,1,FOUND INTEGER FEASIBLE,0.000000,0.004055,0,0,-1,-1,731.000000,731.000000,0.000000,0.000000,0
pk1,config3,2,FOUND INTEGER FEASIBLE,0.000000,0.004396,0,0,-1,-1,731.000000,731.000000,0.000000,0.000000,0
pk1,config3,3,FOUND INTEGER FEASIBLE,0.000000,0.004187,0,0,-1,-1,731.000000,731.000000,0.000000,0.000000,0
pk1,config20,1,FOUND INTEGER FEASIBLE,0.000000,0.005296,0,0,-1,-1,1072.000000,1072.000000,0.000000,0.000000,0
pk1,config20,2,FOUND INTEGER FEASIBLE,0.000000,0.003766,0,0,-1,-1,1072.000000,1072.000000,0.000000,0.000000,0
pk1,config20,3,FOUND INTEGER FEASIBLE,0.000000,0.004468,0,0,-1,-1,1072.000000,1072.000000,0.000000,0.000000,0
pk1,config16,1,FOUND INTEGER FEASIBLE,0.003631,0.012296,1,9,0,0,72.000000,72.000000,0.000000,0.000000,0
pk1,config16,2,FOUND INTEGER FEASIBLE,0.003527,0.011406,1,9,0,0,189.000000,189.000000,0.000000,0.000000,0
pk1,config16,3,FOUND INTEGER FEASIBLE,0.001887,0.008517,1,9,0,0,108.000000,108.000000,0.000000,0.000000,0
pk1,config17,1,FOUND INTEGER FEASIBLE,0.000473,0.004587,0,0,0,0,731.000000,731.000000,0.000000,0.000000,0
pk1,config17,2,FOUND INTEGER FEASIBLE,0.000431,0.006268,0,0,0,0,731.000000,731.000000,0.000000,0.000000,0
pk1,config17,3,FOUND INTEGER FEASIBLE,0.000289,0.003169,0,0,0,0,731.000000,731.000000,0.000000,0.000000,0
pk1,config21,1,FOUND INTEGER FEASIBLE,0.000426,0.004927,0,0,0,0,1072.000000,1072.000000,0.000000,0.000000,0
pk1,config21,2,FOUND INTEGER FEASIBLE,0.000575,0.008003,0,0,0,0,1072.000000,1072.000000,0.000000,0.000000,0
pk1,config21,3,FOUND INTEGER FEASIBLE,0.000419,0.004691,0,0,0,0,1072.000000,1072.000000,0.000000,0.000000,0
pk1,config23,1,FOUND INTEGER FEASIBLE,0.000241,0.002513,0,0,0,0,731.000000,731.000000,0.000000,0.000000,0
pk1,config23,2,FOUND INTEGER FEASIBLE,0.000295,0.004423,0,0,0,0,731.000000,731.000000,0.000000,0.000000,0
pk1,config23,3,FOUND INTEGER FEASIBLE,0.000556,0.005865,0,0,0,0,731.000000,731.000000,0.000000,0.000000,0
pk1,config19,1,FOUND INTEGER FEASIBLE,0.000000,0.005677,0,0,-1,-1,731.000000,731.000000,0.000000,0.000000,0
pk1,config19,2,FOUND INTEGER FEASIBLE,0.000000,0.008525,0,0,-1,-1,731.000000,731.000000,0.000000,0.000000,0
pk1,config19,3,FOUND INTEGER FEASIBLE,0.000000,0.004595,0,0,-1,-1,731.000000,731.000000,0.000000,0.000000,0
pk1,config18,1,FOUND INTEGER FEASIBLE,0.000000,0.005907,0,0,-1,-1,731.000000,731.000000,0.000000,0.000000,0
pk1,config18,2,FOUND INTEGER FEASIBLE,0.000000,0.005104,0,0,-1,-1,731.000000,731.000000,0.000000,0.000000,0
pk1,config18,3,FOUND INTEGER FEASIBLE,0.000000,0.004015,0,0,-1,-1,731.000000,731.000000,0.000000,0.000000,0
proteindesign121hz512p9,config1,1,FOUND INTEGER FEASIBLE,0.000000,2.231621,3,0,-1,-1,1510.000000,1510.000000,0.000000,0.000000,0
proteindesign121hz512p9,config1,2,FOUND INTEGER FEASIBLE,0.000000,2.465241,3,0,-1,-1,1510.000000,1510.000000,0.000000,0.000000,0
proteindesign121hz512p9,config1,3,FOUND INTEGER FEASIBLE,0.000000,2.480967,3,0,-1,-1,1510.000000,1510.000000,0.000000,0.000000,0
proteindesign121hz512p9,config3,1,FOUND INTEGER FEASIBLE,0.000000,47.694189,1519,0,-1,-1,1657.000000,1657.000000,0.000000,0.000000,0
proteindesign121hz512p9,config3,2,FOUND INTEGER FEASIBLE,0.000000,32.796464,1031,0,-1,-1,2474.000000,2474.000000,0.000000,0.000000,0
proteindesign121hz512p9,config3,3,FOUND INTEGER FEASIBLE,0.000000,28.519514,919,0,-1,-1,1598.000000,1598.000000,0.000000,0.000000,0
proteindesign121hz512p9,config20,1,FOUND INTEGER FEASIBLE,0.000000,909.892747,4435,0,-1,-1,2695.000000,2695.000000,0.000000,0.000000,0
proteindesign121hz512p9,config20,2,FOUND INTEGER FEASIBLE,0.000000,241.192770,1168,0,-1,-1,1672.000000,1672.000000,0.000000,0.000000,0
proteindesign121hz512p9,config20,3,FOUND INTEGER FEASIBLE,0.000000,12.396164,63,0,-1,-1,1526.000000,1526.000000,0.000000,0.000000,0
proteindesign121hz512p9,config16,1,FOUND INTEGER FEASIBLE,0.321428,53.877670,887,13,9,2,1654.000000,1654.000000,0.000000,0.000000,0
proteindesign121hz512p9,config16,2,FOUND INTEGER FEASIBLE,0.425696,12.466040,183,13,3,2,1760.000000,1760.000000,0.000000,0.000000,0
proteindesign121hz512p9,config16,3,FOUND INTEGER FEASIBLE,0.428140,16.119137,250,13,3,2,1532.000000,1532.000000,0.000000,0.000000,0
proteindesign121hz512p9,config17,1,FOUND INTEGER FEASIBLE,0.388392,8.044282,143,10,0,0,1514.000000,1514.000000,0.000000,0.000000,0
proteindesign121hz512p9,config17,2,FOUND INTEGER FEASIBLE,0.386824,36.507348,496,10,4,0,1634.000000,1634.000000,0.000000,0.000000,0
proteindesign121hz512p9,config17,3,FOUND INTEGER FEASIBLE,0.387232,104.624706,1364,10,10,0,1534.000000,1534.000000,0.000000,0.000000,0
proteindesign121hz512p9,config21,1,FOUND INTEGER FEASIBLE,0.393679,51.200996,591,10,6,0,1564.000000,1564.000000,0.000000,0.000000,0
proteindesign121hz512p9,config21,2,FOUND INTEGER FEASIBLE,0.393469,309.448511,6967,10,10,0,2201.000000,2201.000000,0.000000,0.000000,0
proteindesign121hz512p9,config21,3,FOUND INTEGER FEASIBLE,0.392689,114.469414,1906,10,10,0,1735.000000,1735.000000,0.000000,0.000000,0
proteindesign121hz512p9,config23,1,FOUND INTEGER FEASIBLE,0.387266,26.413541,356,10,3,0,1697.000000,1697.000000,0.000000,0.000000,0
proteindesign121hz512p9,config23,2,FOUND INTEGER FEASIBLE,0.394972,58.969330,760,10,6,0,1634.000000,1634.000000,0.000000,0.000000,0
proteindesign121hz512p9,config23,3,FOUND INTEGER FEASIBLE,0.393283,76.347465,946,10,9,0,1545.000000,1545.000000,0.000000,0.000000,0
proteindesign121hz512p9,config19,1,FOUND INTEGER FEASIBLE,0.000000,2.173897,0,0,-1,-1,1509.000000,1509.000000,0.000000,0.000000,0
proteindesign121hz512p9,config19,2,FOUND INTEGER FEASIBLE,0.000000,2.103261,0,0,-1,-1,1509.000000,1509.000000,0.000000,0.000000,0
proteindesign121hz512p9,config19,3,FOUND INTEGER FEASIBLE,0.000000,2.109637,0,0,-1,-1,1509.000000,1509.000000,0.000000,0.000000,0
proteindesign121hz512p9,config18,1,FOUND INTEGER FEASIBLE,0.000000,2.206530,0,0,-1,-1,1509.000000,1509.000000,0.000000,0.000000,0
proteindesign121hz512p9,config18,2,FOUND INTEGER FEASIBLE,0.000000,1.188182,0,0,-1,-1,1509.000000,1509.000000,0.000000,0.000000,0
proteindesign121hz512p9,config18,3,FOUND INTEGER FEASIBLE,0.000000,1.174205,0,0,-1,-1,1509.000000,1509.000000,0.000000,0.000000,0
proteindesign122trx11p8,config1,1,FOUND INTEGER FEASIBLE,0.000000,60.298591,341,0,-1,-1,1773.000000,1773.000000,0.000000,0.000000,0
proteindesign122trx11p8,config1,2,FOUND INTEGER FEASIBLE,0.000000,3.027417,3,0,-1,-1,1767.000000,1767.000000,0.000000,0.000000,0
proteindesign122trx11p8,config1,3,FOUND INTEGER FEASIBLE,0.000000,3.070725,5,0,-1,-1,2188.000000,2188.000000,0.000000,0.000000,0
proteindesign122trx11p8,config3,1,FOUND INTEGER FEASIBLE,0.000000,366.317295,1745,0,-1,-1,1855.000000,1855.000000,0.000000,0.000000,0
proteindesign122trx11p8,config3,2,FOUND INTEGER FEASIBLE,0.000000,3.308298,10,0,-1,-1,1767.000000,1767.000000,0.000000,0.000000,0
proteindesign122trx11p8,config3,3,FOUND INTEGER FEASIBLE,0.000000,13.515746,62,0,-1,-1,1767.000000,1767.000000,0.000000,0.000000,0
proteindesign122trx11p8,config20,1,FOUND INTEGER FEASIBLE,0.000000,575.496726,152,0,-1,-1,1780.000000,1780.000000,0.000000,0.000000,0
proteindesign122trx11p8,config20,2,FOUND INTEGER FEASIBLE,0.000000,16.164166,10,0,-1,-1,1767.000000,1767.000000,0.000000,0.000000,0
proteindesign122trx11p8,config20,3,FOUND INTEGER FEASIBLE,0.000000,874.068459,301,0,-1,-1,1811.000000,1811.000000,0.000000,0.000000,0
proteindesign122trx11p8,config16,1,FOUND INTEGER FEASIBLE,0.453799,389.965435,1853,13,13,2,1874.000000,1874.000000,0.000000,0.000000,0
proteindesign122trx11p8,config16,2,FOUND INTEGER FEASIBLE,0.460494,46.953715,245,13,3,2,2225.000000,2225.000000,0.000000,0.000000,0
proteindesign122trx11p8,config16,3,FOUND INTEGER FEASIBLE,0.466050,129.550034,545,13,7,2,1806.000000,1806.000000,0.000000,0.000000,0
proteindesign122trx11p8,config17,1,FOUND INTEGER FEASIBLE,0.347063,47.729294,197,10,1,0,1875.000000,1875.000000,0.000000,0.000000,0
proteindesign122trx11p8,config17,2,FOUND INTEGER FEASIBLE,0.347509,301.386202,1135,10,10,0,1816.000000,1816.000000,0.000000,0.000000,0
proteindesign122trx11p8,config17,3,FOUND INTEGER FEASIBLE,0.211623,86.669735,348,10,2,0,1820.000000,1820.000000,0.000000,0.000000,0
proteindesign122trx11p8,config21,1,FOUND INTEGER FEASIBLE,0.348688,128.150560,567,10,4,0,3015.000000,3015.000000,0.000000,0.000000,0
proteindesign122trx11p8,config21,2,FOUND INTEGER FEASIBLE,0.347324,366.427632,1381,10,10,0,2198.000000,2198.000000,0.000000,0.000000,0
proteindesign122trx11p8,config21,3,FOUND INTEGER FEASIBLE,0.347577,23.749223,130,10,0,0,1918.000000,1918.000000,0.000000,0.000000,0
proteindesign122trx11p8,config23,1,FOUND INTEGER FEASIBLE,0.347068,243.859673,1148,10,10,0,1781.000000,1781.000000,0.000000,0.000000,0
proteindesign122trx11p8,config23,2,FOUND INTEGER FEASIBLE,0.342514,132.010253,510,10,5,0,1869.000000,1869.000000,0.000000,0.000000,0
proteindesign122trx11p8,config23,3,FOUND INTEGER FEASIBLE,0.348573,212.221302,833,10,9,0,2261.000000,2261.000000,0.000000,0.000000,0
proteindesign122trx11p8,config19,1,FOUND INTEGER FEASIBLE,0.000000,1.821907,0,0,-1,-1,1767.000000,1767.000000,0.000000,0.000000,0
proteindesign122trx11p8,config19,2,FOUND INTEGER FEASIBLE,0.000000,1.918819,0,0,-1,-1,1767.000000,1767.000000,0.000000,0.000000,0
proteindesign122trx11p8,config19,3,FOUND INTEGER FEASIBLE,0.000000,1.902245,0,0,-1,-1,1767.000000,1767.000000,0.000000,0.000000,0
proteindesign122trx11p8,config18,1,FOUND INTEGER FEASIBLE,0.000000,1.980116,0,0,-1,-1,1767.000000,1767.000000,0.000000,0.000000,0
proteindesign122trx11p8,config18,2,FOUND INTEGER FEASIBLE,0.000000,1.914473,0,0,-1,-1,1767.000000,1767.000000,0.000000,0.000000,0
proteindesign122trx11p8,config18,3,FOUND INTEGER FEASIBLE,0.000000,1.937044,0,0,-1,-1,1767.000000,1767.000000,0.000000,0.000000,0
qap10,config1,1,FOUND INTEGER FEASIBLE,0.000000,8.647488,1,0,-1,-1,374.000000,374.000000,0.000000,0.000000,0
qap10,config1,2,FOUND INTEGER FEASIBLE,0.000000,8.646681,1,0,-1,-1,374.000000,374.000000,0.000000,0.000000,0
qap10,config1,3,FOUND INTEGER FEASIBLE,0.000000,8.627658,1,0,-1,-1,374.000000,374.000000,0.000000,0.000000,0
qap10,config3,1,FOUND INTEGER FEASIBLE,0.000000,3.525470,1,0,-1,-1,494.000000,494.000000,0.000000,0.000000,0
qap10,config3,2,FOUND INTEGER FEASIBLE,0.000000,3.519991,1,0,-1,-1,494.000000,494.000000,0.000000,0.000000,0
qap10,config3,3,FOUND INTEGER FEASIBLE,0.000000,3.519379,1,0,-1,-1,494.000000,494.000000,0.000000,0.000000,0
qap10,config20,1,FOUND INTEGER FEASIBLE,0.000000,3.525787,1,0,-1,-1,494.000000,494.000000,0.000000,0.000000,0
qap10,config20,2,FOUND INTEGER FEASIBLE,0.000000,3.507632,1,0,-1,-1,494.000000,494.000000,0.000000,0.000000,0
qap10,config20,3,FOUND INTEGER FEASIBLE,0.000000,3.515776,1,0,-1,-1,494.000000,494.000000,0.000000,0.000000,0
qap10,config16,1,FOUND INTEGER FEASIBLE,9.760465,10.939598,89,6,1,0,438.000000,438.000000,0.000000,0.000000,0
qap10,config16,2,FOUND INTEGER FEASIBLE,9.827112,11.034805,89,6,1,0,362.000000,362.000000,0.000000,0.000000,0
qap10,config16,3,FOUND INTEGER FEASIBLE,8.827516,9.800686,90,6,1,0,446.000000,446.000000,0.000000,0.000000,0
qap10,config17,1,FOUND INTEGER FEASIBLE,13.273436,212.498438,98,8,1,0,506.000000,506.000000,0.000000,0.000000,0
qap10,config17,2,FOUND INTEGER FEASIBLE,14.005708,160.010561,75,8,0,0,546.000000,546.000000,0.000000,0.000000,0
qap10,config17,3,FOUND INTEGER FEASIBLE,14.431873,189.493179,89,8,1,0,480.000000,480.000000,0.000000,0.000000,0
qap10,config21,1,FOUND INTEGER FEASIBLE,13.542284,189.307069,94,8,1,0,480.000000,480.000000,0.000000,0.000000,0
qap10,config21,2,FOUND INTEGER FEASIBLE,13.519195,152.728651,72,8,0,0,546.000000,546.000000,0.000000,0.000000,0
qap10,config21,3,FOUND INTEGER FEASIBLE,13.560810,188.032036,88,8,1,0,480.000000,480.000000,0.000000,0.000000,0
qap10,config23,1,FOUND INTEGER FEASIBLE,13.535736,212.364028,98,8,1,0,506.000000,506.000000,0.000000,0.000000,0
qap10,config23,2,FOUND INTEGER FEASIBLE,13.567064,160.362105,75,8,0,0,546.000000,546.000000,0.000000,0.000000,0
qap10,config23,3,FOUND INTEGER FEASIBLE,13.540646,188.316025,89,8,1,0,480.000000,480.000000,0.000000,0.000000,0
qap10,config19,1,FOUND INTEGER FEASIBLE,0.000000,0.071942,0,0,-1,-1,506.000000,506.000000,0.000000,0.000000,0
qap10,config19,2,FOUND INTEGER FEASIBLE,0.000000,0.068198,0,0,-1,-1,506.000000,506.000000,0.000000,0.000000,0
qap10,config19,3,FOUND INTEGER FEASIBLE,0.000000,0.068193,0,0,-1,-1,506.000000,506.000000,0.000000,0.000000,0
qap10,config18,1,FOUND INTEGER FEASIBLE,0.000000,0.070157,0,0,-1,-1,506.000000,506.000000,0.000000,0.000000,0
qap10,config18,2,FOUND INTEGER FEASIBLE,0.000000,0.069575,0,0,-1,-1,506.000000,506.000000,0.000000,0.000000,0
qap10,config18,3,FOUND INTEGER FEASIBLE,0.000000,0.066229,0,0,-1,-1,506.000000,506.000000,0.000000,0.000000,0
radiationm18-12-05,config1,1,FOUND INTEGER FEASIBLE,0.000000,2.344654,174,0,-1,-1,65378.000000,65378.000000,0.000000,0.000000,0
radiationm18-12-05,config1,2,FOUND INTEGER FEASIBLE,0.000000,2.578055,210,0,-1,-1,70257.000000,70257.000000,0.000000,0.000000,0
radiationm18-12-05,config1,3,FOUND INTEGER FEASIBLE,0.000000,2.216228,166,0,-1,-1,65705.000000,65705.000000,0.000000,0.000000,0
radiationm18-12-05,config3,1,FOUND INTEGER FEASIBLE,0.000000,3.756691,374,0,-1,-1,62457.000000,62457.000000,0.000000,0.000000,0
radiationm18-12-05,config3,2,FOUND INTEGER FEASIBLE,0.000000,2.416564,217,0,-1,-1,66028.000000,66028.000000,0.000000,0.000000,0
radiationm18-12-05,config3,3,FOUND INTEGER FEASIBLE,0.000000,2.317350,155,0,-1,-1,51728.000000,51728.000000,0.000000,0.000000,0
radiationm18-12-05,config20,1,FOUND INTEGER FEASIBLE,0.000000,3.105822,177,0,-1,-1,63100.000000,63100.000000,0.000000,0.000000,0
radiationm18-12-05,config20,2,FOUND INTEGER FEASIBLE,0.000000,3.515147,187,0,-1,-1,68307.000000,68307.000000,0.000000,0.000000,0
radiationm18-12-05,config20,3,FOUND INTEGER FEASIBLE,0.000000,8.432986,548,0,-1,-1,64732.000000,64732.000000,0.000000,0.000000,0
radiationm18-12-05,config16,1,FOUND INTEGER FEASIBLE,0.169302,1.090778,36,10,0,0,40342.000000,40342.000000,0.000000,0.000000,0
radiationm18-12-05,config16,2,FOUND INTEGER FEASIBLE,0.169753,2.140430,135,10,1,0,45542.000000,45542.000000,0.000000,0.000000,0
radiationm18-12-05,config16,3,FOUND INTEGER FEASIBLE,0.169019,1.216845,53,10,0,0,49772.000000,49772.000000,0.000000,0.000000,0
radiationm18-12-05,config17,1,FOUND INTEGER FEASIBLE,0.058581,1.701049,161,11,0,0,27338.000000,27338.000000,0.000000,0.000000,0
radiationm18-12-05,config17,2,FOUND INTEGER FEASIBLE,0.058443,1.406060,121,11,0,0,30919.000000,30919.000000,0.000000,0.000000,0
radiationm18-12-05,config17,3,FOUND INTEGER FEASIBLE,0.046341,1.010666,127,11,1,0,29293.000000,29293.000000,0.000000,0.000000,0
radiationm18-12-05,config21,1,FOUND INTEGER FEASIBLE,0.103656,0.768256,30,7,1,1,48465.000000,48465.000000,0.000000,0.000000,0
radiationm18-12-05,config21,2,FOUND INTEGER FEASIBLE,0.108718,0.706941,22,7,1,1,48796.000000,48796.000000,0.000000,0.000000,0
radiationm18-12-05,config21,3,FOUND INTEGER FEASIBLE,0.103604,0.724395,23,7,1,1,42613.000000,42613.000000,0.000000,0.000000,0
radiationm18-12-05,config23,1,FOUND INTEGER FEASIBLE,0.103449,1.022333,104,7,1,1,57254.000000,57254.000000,0.000000,0.000000,0
radiationm18-12-05,config23,2,FOUND INTEGER FEASIBLE,0.103506,1.133581,101,7,1,1,48800.000000,48800.000000,0.000000,0.000000,0
radiationm18-12-05,config23,3,FOUND INTEGER FEASIBLE,0.103927,1.225865,152,7,1,1,53354.000000,53354.000000,0.000000,0.000000,0
radiationm18-12-05,config19,1,FOUND INTEGER FEASIBLE,0.000000,0.384253,0,0,-1,-1,105624.000000,105624.000000,0.000000,0.000000,0
radiationm18-12-05,config19,2,FOUND INTEGER FEASIBLE,0.000000,0.351955,0,0,-1,-1,105624.000000,105624.000000,0.000000,0.000000,0
radiationm18-12-05,config19,3,FOUND INTEGER FEASIBLE,0.000000,0.353614,0,0,-1,-1,105624.000000,105624.000000,0.000000,0.000000,0
radiationm18-12-05,config18,1,FOUND INTEGER FEASIBLE,0.000000,0.379256,0,0,-1,-1,105624.000000,105624.000000,0.000000,0.000000,0
radiationm18-12-05,config18,2,FOUND INTEGER FEASIBLE,0.000000,0.347319,0,0,-1,-1,105624.000000,105624.000000,0.000000,0.000000,0
radiationm18-12-05,config18,3,FOUND INTEGER FEASIBLE,0.000000,0.349489,0,0,-1,-1,105624.000000,105624.000000,0.000000,0.000000,0
radiationm40-10-02,config1,1,FAILED TO FIND AN INTEGER FEASIBLE SOLUTION,0.000000,73.196832,2266,0,-1,-1,0.000000,0.000000,0.120056,7.030014,24
radiationm40-10-02,config1,2,FAILED TO FIND AN INTEGER FEASIBLE SOLUTION,0.000000,79.719981,2470,0,-1,-1,0.000000,0.000000,0.005000,0.001250,0
radiationm40-10-02,config1,3,FAILED TO FIND AN INTEGER FEASIBLE SOLUTION,0.000000,69.591487,2196,0,-1,-1,0.000000,0.000000,3.327528,16.431882,40
radiationm40-10-02,config3,1,FAILED TO FIND AN INTEGER FEASIBLE SOLUTION,0.000000,80.363220,2168,0,-1,-1,0.000000,0.000000,0.100025,21.025006,24
radiationm40-10-02,config3,2,FOUND INTEGER FEASIBLE,0.000000,9.811277,348,0,-1,-1,446772.000000,446772.000000,0.000000,0.000000,0
radiationm40-10-02,config3,3,FAILED TO FIND AN INTEGER FEASIBLE SOLUTION,0.000000,76.999435,2361,0,-1,-1,0.000000,0.000000,0.022474,0.005618,4
radiationm40-10-02,config20,1,FAILED TO FIND AN INTEGER FEASIBLE SOLUTION,0.000000,255.285134,2178,0,-1,-1,0.000000,0.000000,0.062516,0.015629,4
radiationm40-10-02,config20,2,FAILED TO FIND AN INTEGER FEASIBLE SOLUTION,0.000000,242.475931,2325,0,-1,-1,0.000000,0.000000,0.012500,0.003125,0
radiationm40-10-02,config20,3,FAILED TO FIND AN INTEGER FEASIBLE SOLUTION,0.000000,210.873540,2242,0,-1,-1,0.000000,0.000000,0.020000,0.005000,0
radiationm40-10-02,config16,1,FOUND INTEGER FEASIBLE,0.862721,5.318426,172,13,1,1,352296.000000,352296.000000,0.000000,0.000000,0
radiationm40-10-02,config16,2,FOUND INTEGER FEASIBLE,0.908855,5.569894,158,13,1,1,285047.000000,285047.000000,0.000000,0.000000,0
radiationm40-10-02,config16,3,FOUND INTEGER FEASIBLE,0.595037,4.096746,148,13,1,1,361907.000000,361907.000000,0.000000,0.000000,0
radiationm40-10-02,config17,1,FOUND INTEGER FEASIBLE,0.266509,9.307896,262,10,2,0,288258.000000,288258.000000,0.000000,0.000000,0
radiationm40-10-02,config17,2,FOUND INTEGER FEASIBLE,0.268934,6.909015,260,10,1,0,232217.000000,232217.000000,0.000000,0.000000,0
radiationm40-10-02,config17,3,FOUND INTEGER FEASIBLE,0.278581,6.228502,181,10,1,0,273852.000000,273852.000000,0.000000,0.000000,0
radiationm40-10-02,config21,1,FOUND INTEGER FEASIBLE,0.293539,3.314148,120,6,1,1,408332.000000,408332.000000,0.000000,0.000000,0
radiationm40-10-02,config21,2,FOUND INTEGER FEASIBLE,0.290985,5.687057,231,6,2,1,397132.000000,397132.000000,0.000000,0.000000,0
radiationm40-10-02,config21,3,FOUND INTEGER FEASIBLE,0.293198,3.169687,103,6,1,1,374709.000000,374709.000000,0.000000,0.000000,0
radiationm40-10-02,config23,1,FOUND INTEGER FEASIBLE,0.158400,3.333204,159,6,1,1,360325.000000,360325.000000,0.000000,0.000000,0
radiationm40-10-02,config23,2,FOUND INTEGER FEASIBLE,0.295614,3.986815,135,6,1,1,369928.000000,369928.000000,0.000000,0.000000,0
radiationm40-10-02,config23,3,FOUND INTEGER FEASIBLE,0.291060,3.283141,98,6,1,1,373127.000000,373127.000000,0.000000,0.000000,0
radiationm40-10-02,config19,1,FOUND INTEGER FEASIBLE,0.000000,1.753297,0,0,-1,-1,2563200.000000,2563200.000000,0.000000,0.000000,0
radiationm40-10-02,config19,2,FOUND INTEGER FEASIBLE,0.000000,1.601268,0,0,-1,-1,2563200.000000,2563200.000000,0.000000,0.000000,0
radiationm40-10-02,config19,3,FOUND INTEGER FEASIBLE,0.000000,1.605750,0,0,-1,-1,2563200.000000,2563200.000000,0.000000,0.000000,0
radiationm40-10-02,config18,1,FOUND INTEGER FEASIBLE,0.000000,1.732861,0,0,-1,-1,2563200.000000,2563200.000000,0.000000,0.000000,0
radiationm40-10-02,config18,2,FOUND INTEGER FEASIBLE,0.000000,1.619739,0,0,-1,-1,2563200.000000,2563200.000000,0.000000,0.000000,0
radiationm40-10-02,config18,3,FOUND INTEGER FEASIBLE,0.000000,1.582429,0,0,-1,-1,2563200.000000,2563200.000000,0.000000,0.000000,0
rail01,config1,1,FOUND INTEGER FEASIBLE,0.000000,658.468370,12,0,-1,-1,-9.909161,-9.909161,0.000000,0.000000,0
rail01,config1,2,FOUND INTEGER FEASIBLE,0.000000,1482.179651,12,0,-1,-1,-9.913327,-9.913327,0.000000,0.000000,0
rail01,config1,3,FOUND INTEGER FEASIBLE,0.000000,634.407051,13,0,-1,-1,-9.913327,-9.913327,0.000000,0.000000,0
rail01,config3,1,FOUND INTEGER FEASIBLE,0.000000,92.334014,12,0,-1,-1,-7.406662,-7.406662,0.000000,0.000000,0
rail01,config3,2,FOUND INTEGER FEASIBLE,0.000000,97.380108,12,0,-1,-1,-7.410829,-7.410829,0.000000,0.000000,0
rail01,config3,3,FOUND INTEGER FEASIBLE,0.000000,99.088356,12,0,-1,-1,-7.435829,-7.435829,0.000000,0.000000,0
rail01,config20,1,FOUND INTEGER FEASIBLE,0.000000,147.153745,4,0,-1,-1,-8.661660,-8.661660,0.000000,0.000000,0
rail01,config20,2,FOUND INTEGER FEASIBLE,0.000000,147.325236,4,0,-1,-1,-8.661660,-8.661660,0.000000,0.000000,0
rail01,config20,3,FOUND INTEGER FEASIBLE,0.000000,125.319126,14,0,-1,-1,-13.870826,-13.870826,0.000000,0.000000,0
rail01,config16,1,FOUND INTEGER FEASIBLE,58.439991,764.173164,13,13,13,13,-25.289993,-25.289993,0.000000,0.000000,0
rail01,config16,2,FOUND INTEGER FEASIBLE,58.474728,769.591721,12,13,13,13,-25.335827,-25.335827,0.000000,0.000000,0
rail01,config16,3,FOUND INTEGER FEASIBLE,58.661665,763.872801,12,13,13,13,-25.360827,-25.360827,0.000000,0.000000,0
rail01,config17,1,FOUND INTEGER FEASIBLE,52.244766,146.827826,16,10,1,1,-12.447496,-12.447496,0.000000,0.000000,0
rail01,config17,2,FOUND INTEGER FEASIBLE,52.283750,149.104355,14,10,1,1,-12.903329,-12.903329,0.000000,0.000000,0
rail01,config17,3,FOUND INTEGER FEASIBLE,52.322887,143.922344,14,10,1,1,-12.447496,-12.447496,0.000000,0.000000,0
rail01,config21,1,FOUND INTEGER FEASIBLE,98.918649,265.065447,14,13,13,13,-14.247490,-14.247490,0.000000,0.000000,0
rail01,config21,2,FOUND INTEGER FEASIBLE,99.688255,273.833200,14,13,13,13,-13.974157,-13.974157,0.000000,0.000000,0
rail01,config21,3,FOUND INTEGER FEASIBLE,99.305526,266.523312,14,13,13,13,-14.299990,-14.299990,0.000000,0.000000,0
rail01,config23,1,FOUND INTEGER FEASIBLE,99.358250,202.224434,13,13,13,13,-12.362496,-12.362495,0.000000,0.000000,0
rail01,config23,2,FOUND INTEGER FEASIBLE,100.220951,197.621777,12,13,13,13,-12.362496,-12.362495,0.000000,0.000000,0
rail01,config23,3,FOUND INTEGER FEASIBLE,99.192566,195.181633,12,13,13,13,-12.362496,-12.362495,0.000000,0.000000,0
rail01,config19,1,FOUND INTEGER FEASIBLE,0.000000,505.904699,0,0,-1,-1,-70.382465,-70.382465,0.000000,0.000000,0
rail01,config19,2,FOUND INTEGER FEASIBLE,0.000000,502.297164,0,0,-1,-1,-70.382465,-70.382465,0.000000,0.000000,0
rail01,config19,3,FOUND INTEGER FEASIBLE,0.000000,501.931637,0,0,-1,-1,-70.382465,-70.382465,0.000000,0.000000,0
rail01,config18,1,FOUND INTEGER FEASIBLE,0.000000,342.918454,0,0,-1,-1,-65.098300,-65.098300,0.000000,0.000000,0
rail01,config18,2,FOUND INTEGER FEASIBLE,0.000000,341.919245,0,0,-1,-1,-65.098300,-65.098300,0.000000,0.000000,0
rail01,config18,3,FOUND INTEGER FEASIBLE,0.000000,340.955201,0,0,-1,-1,-65.098300,-65.098300,0.000000,0.000000,0
rail02,config1,1,FAILED TO FIND AN INTEGER FEASIBLE SOLUTION,0.000000,3600,1,0,-1,-1,0.000000,0.000000,270869.000000,100000000000000000000.000000,270869
rail02,config1,2,FAILED TO FIND AN INTEGER FEASIBLE SOLUTION,0.000000,3600,1,0,-1,-1,0.000000,0.000000,270869.000000,100000000000000000000.000000,270869
rail02,config1,3,FAILED TO FIND AN INTEGER FEASIBLE SOLUTION,0.000000,3600,1,0,-1,-1,0.000000,0.000000,270869.000000,100000000000000000000.000000,270869
rail02,config3,1,FOUND INTEGER FEASIBLE,0.000000,704.827956,0,0,-1,-1,-45.327758,-45.327758,0.000000,0.000000,0
rail02,config3,2,FOUND INTEGER FEASIBLE,0.000000,701.144778,0,0,-1,-1,-45.327758,-45.327758,0.000000,0.000000,0
rail02,config3,3,FOUND INTEGER FEASIBLE,0.000000,699.957706,0,0,-1,-1,-45.327758,-45.327758,0.000000,0.000000,0
rail02,config20,1,FOUND INTEGER FEASIBLE,0.000000,1624.141362,1,0,-1,-1,-68.733281,-68.733281,0.000000,0.000000,0
rail02,config20,2,FOUND INTEGER FEASIBLE,0.000000,3417.243677,4,0,-1,-1,-68.733281,-68.733281,0.000000,0.000000,0
rail02,config20,3,FOUND INTEGER FEASIBLE,0.000000,1595.395899,1,0,-1,-1,-68.733281,-68.733281,0.000000,0.000000,0
rail02,config16,1,FAILED TO FIND AN INTEGER FEASIBLE SOLUTION,870.693048,3600,1,6,6,6,0.000000,0.000000,2341.800000,1885.400000,11836
rail02,config16,2,FAILED TO FIND AN INTEGER FEASIBLE SOLUTION,870.432101,3600,1,6,6,6,0.000000,0.000000,2348.500000,1892.800000,11850
rail02,config16,3,FAILED TO FIND AN INTEGER FEASIBLE SOLUTION,868.874643,3600,1,6,6,6,0.000000,0.000000,2342.500000,1881.700000,11828
rail02,config17,1,FOUND INTEGER FEASIBLE,705.532405,708.539958,0,2,1,1,-45.327758,-45.327758,0.000000,0.000000,0
rail02,config17,2,FOUND INTEGER FEASIBLE,703.406376,706.407858,0,2,1,1,-45.327758,-45.327758,0.000000,0.000000,0
rail02,config17,3,FOUND INTEGER FEASIBLE,702.057391,705.038493,0,2,1,1,-45.327758,-45.327758,0.000000,0.000000,0
rail02,config21,1,FOUND INTEGER FEASIBLE,1076.438959,2735.268922,1,13,13,13,-68.733281,-68.733281,0.000000,0.000000,0
rail02,config21,2,FAILED TO FIND AN INTEGER FEASIBLE SOLUTION,1077.250574,3600,2,13,13,13,0.000000,0.000000,50.000000,36.500000,100
rail02,config21,3,FOUND INTEGER FEASIBLE,1075.798024,2732.861095,1,13,13,13,-68.733281,-68.733281,0.000000,0.000000,0
rail02,config23,1,FOUND INTEGER FEASIBLE,1075.687465,1785.622870,0,13,13,13,-45.327758,-45.327758,0.000000,0.000000,0
rail02,config23,2,FOUND INTEGER FEASIBLE,1076.804588,1787.956755,0,13,13,13,-45.327758,-45.327758,0.000000,0.000000,0
rail02,config23,3,FOUND INTEGER FEASIBLE,1078.982281,1788.619816,0,13,13,13,-45.327758,-45.327758,0.000000,0.000000,0
rail02,config19,1,FOUND INTEGER FEASIBLE,0.000000,1518.058682,0,0,-1,-1,-198.355500,-198.355500,0.000000,0.000000,0
rail02,config19,2,FOUND INTEGER FEASIBLE,0.000000,1509.139054,0,0,-1,-1,-198.355500,-198.355500,0.000000,0.000000,0
rail02,config19,3,FOUND INTEGER FEASIBLE,0.000000,1525.820398,0,0,-1,-1,-198.355500,-198.355500,0.000000,0.000000,0
rail02,config18,1,FOUND INTEGER FEASIBLE,0.000000,3030.798203,0,0,-1,-1,-193.699920,-193.699920,0.000000,0.000000,0
rail02,config18,2,FOUND INTEGER FEASIBLE,0.000000,3027.847818,0,0,-1,-1,-193.699920,-193.699920,0.000000,0.000000,0
rail02,config18,3,FOUND INTEGER FEASIBLE,0.000000,3032.399461,0,0,-1,-1,-193.699920,-193.699920,0.000000,0.000000,0
rail507,config1,1,FOUND INTEGER FEASIBLE,0.000000,3.510924,1,0,-1,-1,199.000000,199.000000,0.000000,0.000000,0
rail507,config1,2,FOUND INTEGER FEASIBLE,0.000000,3.317227,1,0,-1,-1,194.000000,194.000000,0.000000,0.000000,0
rail507,config1,3,FOUND INTEGER FEASIBLE,0.000000,2.530713,1,0,-1,-1,268.000000,268.000000,0.000000,0.000000,0
rail507,config3,1,FOUND INTEGER FEASIBLE,0.000000,3.509868,1,0,-1,-1,227.000000,227.000000,0.000000,0.000000,0
rail507,config3,2,FOUND INTEGER FEASIBLE,0.000000,3.855180,1,0,-1,-1,217.000000,217.000000,0.000000,0.000000,0
rail507,config3,3,FOUND INTEGER FEASIBLE,0.000000,3.597309,1,0,-1,-1,310.000000,310.000000,0.000000,0.000000,0
rail507,config20,1,FOUND INTEGER FEASIBLE,0.000000,0.636759,0,0,-1,-1,19711.000000,19711.000000,0.000000,0.000000,0
rail507,config20,2,FOUND INTEGER FEASIBLE,0.000000,1.115180,0,0,-1,-1,19711.000000,19711.000000,0.000000,0.000000,0
rail507,config20,3,FOUND INTEGER FEASIBLE,0.000000,1.107913,0,0,-1,-1,19711.000000,19711.000000,0.000000,0.000000,0
rail507,config16,1,FOUND INTEGER FEASIBLE,1.265233,3.860432,1,13,3,3,227.000000,227.000000,0.000000,0.000000,0
rail507,config16,2,FOUND INTEGER FEASIBLE,1.285087,3.622621,1,13,3,3,205.000000,205.000000,0.000000,0.000000,0
rail507,config16,3,FOUND INTEGER FEASIBLE,1.278686,3.764456,1,13,3,3,313.000000,313.000000,0.000000,0.000000,0
rail507,config17,1,FOUND INTEGER FEASIBLE,2.134948,5.048075,1,13,4,4,220.000000,220.000000,0.000000,0.000000,0
rail507,config17,2,FOUND INTEGER FEASIBLE,2.138858,5.030093,1,13,4,4,208.000000,208.000000,0.000000,0.000000,0
rail507,config17,3,FOUND INTEGER FEASIBLE,2.134166,4.859017,1,13,4,4,327.000000,327.000000,0.000000,0.000000,0
rail507,config21,1,FOUND INTEGER FEASIBLE,0.027451,1.310877,0,1,1,1,19711.000000,19711.000000,0.000000,0.000000,0
rail507,config21,2,FOUND INTEGER FEASIBLE,0.016740,0.989073,0,1,1,1,19711.000000,19711.000000,0.000000,0.000000,0
rail507,config21,3,FOUND INTEGER FEASIBLE,0.027144,1.315977,0,1,1,1,19711.000000,19711.000000,0.000000,0.000000,0
rail507,config23,1,FOUND INTEGER FEASIBLE,0.027381,3.482752,1,1,1,1,221.000000,221.000000,0.000000,0.000000,0
rail507,config23,2,FOUND INTEGER FEASIBLE,0.027180,4.125327,1,1,1,1,211.000000,211.000000,0.000000,0.000000,0
rail507,config23,3,FOUND INTEGER FEASIBLE,0.027363,3.887443,1,1,1,1,316.000000,316.000000,0.000000,0.000000,0
rail507,config19,1,FOUND INTEGER FEASIBLE,0.000000,0.181370,0,0,-1,-1,753.000000,753.000000,0.000000,0.000000,0
rail507,config19,2,FOUND INTEGER FEASIBLE,0.000000,0.214667,0,0,-1,-1,753.000000,753.000000,0.000000,0.000000,0
rail507,config19,3,FOUND INTEGER FEASIBLE,0.000000,0.166213,0,0,-1,-1,753.000000,753.000000,0.000000,0.000000,0
rail507,config18,1,FOUND INTEGER FEASIBLE,0.000000,0.184525,0,0,-1,-1,753.000000,753.000000,0.000000,0.000000,0
rail507,config18,2,FOUND INTEGER FEASIBLE,0.000000,0.211822,0,0,-1,-1,753.000000,753.000000,0.000000,0.000000,0
rail507,config18,3,FOUND INTEGER FEASIBLE,0.000000,0.163449,0,0,-1,-1,753.000000,753.000000,0.000000,0.000000,0
ran14x18-disj-8,config1,1,FOUND INTEGER FEASIBLE,0.000000,0.128834,2,0,-1,-1,7225.000000,7181.000000,0.000000,0.000000,0
ran14x18-disj-8,config1,2,FOUND INTEGER FEASIBLE,0.000000,0.129035,3,0,-1,-1,6104.000000,6076.000000,0.000000,0.000000,0
ran14x18-disj-8,config1,3,FOUND INTEGER FEASIBLE,0.000000,0.122221,1,0,-1,-1,5115.000000,5008.000000,0.000000,0.000000,0
ran14x18-disj-8,config3,1,FOUND INTEGER FEASIBLE,0.000000,0.067254,2,0,-1,-1,8534.000000,8494.000000,0.000000,0.000000,0
ran14x18-disj-8,config3,2,FOUND INTEGER FEASIBLE,0.000000,0.068188,3,0,-1,-1,6764.000000,6749.000000,0.000000,0.000000,0
ran14x18-disj-8,config3,3,FOUND INTEGER FEASIBLE,0.000000,0.068524,2,0,-1,-1,7249.000000,7161.000000,0.000000,0.000000,0
ran14x18-disj-8,config20,1,FOUND INTEGER FEASIBLE,0.000000,0.033507,0,0,-1,-1,43657.000000,42289.000000,0.000000,0.000000,0
ran14x18-disj-8,config20,2,FOUND INTEGER FEASIBLE,0.000000,0.018137,0,0,-1,-1,43657.000000,42289.000000,0.000000,0.000000,0
ran14x18-disj-8,config20,3,FOUND INTEGER FEASIBLE,0.000000,0.030174,0,0,-1,-1,43657.000000,42289.000000,0.000000,0.000000,0
ran14x18-disj-8,config16,1,FOUND INTEGER FEASIBLE,0.144879,0.176438,2,12,0,0,5541.000000,5541.000000,0.000000,0.000000,0
ran14x18-disj-8,config16,2,FOUND INTEGER FEASIBLE,0.079084,0.099010,3,12,0,0,5609.000000,5609.000000,0.000000,0.000000,0
ran14x18-disj-8,config16,3,FOUND INTEGER FEASIBLE,0.143859,0.172882,2,12,0,0,5702.000000,5690.000000,0.000000,0.000000,0
ran14x18-disj-8,config17,1,FOUND INTEGER FEASIBLE,0.037468,0.092797,2,10,0,0,8006.000000,7938.000000,0.000000,0.000000,0
ran14x18-disj-8,config17,2,FOUND INTEGER FEASIBLE,0.055199,0.134724,3,10,0,0,6930.000000,6930.000000,0.000000,0.000000,0
ran14x18-disj-8,config17,3,FOUND INTEGER FEASIBLE,0.054671,0.130985,2,10,0,0,7032.000000,6988.000000,0.000000,0.000000,0
ran14x18-disj-8,config21,1,FOUND INTEGER FEASIBLE,0.003149,0.041418,0,0,0,0,43657.000000,42289.000000,0.000000,0.000000,0
ran14x18-disj-8,config21,2,FOUND INTEGER FEASIBLE,0.003165,0.041604,0,0,0,0,43657.000000,42289.000000,0.000000,0.000000,0
ran14x18-disj-8,config21,3,FOUND INTEGER FEASIBLE,0.003168,0.041193,0,0,0,0,43657.000000,42289.000000,0.000000,0.000000,0
ran14x18-disj-8,config23,1,FOUND INTEGER FEASIBLE,0.003669,0.091779,2,0,0,0,8534.000000,8494.000000,0.000000,0.000000,0
ran14x18-disj-8,config23,2,FOUND INTEGER FEASIBLE,0.003102,0.080139,3,0,0,0,6764.000000,6749.000000,0.000000,0.000000,0
ran14x18-disj-8,config23,3,FOUND INTEGER FEASIBLE,0.003140,0.080361,2,0,0,0,7249.000000,7161.000000,0.000000,0.000000,0
ran14x18-disj-8,config19,1,FOUND INTEGER FEASIBLE,0.000000,0.030832,0,0,-1,-1,43155.000000,42289.000000,0.000000,0.000000,0
ran14x18-disj-8,config19,2,FOUND INTEGER FEASIBLE,0.000000,0.018069,0,0,-1,-1,43155.000000,42289.000000,0.000000,0.000000,0
ran14x18-disj-8,config19,3,FOUND INTEGER FEASIBLE,0.000000,0.027027,0,0,-1,-1,43155.000000,42289.000000,0.000000,0.000000,0
ran14x18-disj-8,config18,1,FOUND INTEGER FEASIBLE,0.000000,0.029946,0,0,-1,-1,43155.000000,42289.000000,0.000000,0.000000,0
ran14x18-disj-8,config18,2,FOUND INTEGER FEASIBLE,0.000000,0.019776,0,0,-1,-1,43155.000000,42289.000000,0.000000,0.000000,0
ran14x18-disj-8,config18,3,FOUND INTEGER FEASIBLE,0.000000,0.026958,0,0,-1,-1,43155.000000,42289.000000,0.000000,0.000000,0
rd-rplusc-21,config1,1,FAILED TO FIND AN INTEGER FEASIBLE SOLUTION,0.000000,953.683291,12000,0,-1,-1,0.000000,0.000000,0.046719,0.046719,2
rd-rplusc-21,config1,2,FAILED TO FIND AN INTEGER FEASIBLE SOLUTION,0.000000,959.315101,12000,0,-1,-1,0.000000,0.000000,0.013701,0.013701,2
rd-rplusc-21,config1,3,FAILED TO FIND AN INTEGER FEASIBLE SOLUTION,0.000000,974.984477,12000,0,-1,-1,0.000000,0.000000,0.056150,0.056150,4
rd-rplusc-21,config3,1,FAILED TO FIND AN INTEGER FEASIBLE SOLUTION,0.000000,719.831147,12000,0,-1,-1,0.000000,0.000000,0.047497,0.047497,2
rd-rplusc-21,config3,2,FAILED TO FIND AN INTEGER FEASIBLE SOLUTION,0.000000,683.944391,12000,0,-1,-1,0.000000,0.000000,0.149256,0.149256,9
rd-rplusc-21,config3,3,FAILED TO FIND AN INTEGER FEASIBLE SOLUTION,0.000000,710.465364,12000,0,-1,-1,0.000000,0.000000,0.020461,0.020461,2
rd-rplusc-21,config20,1,FAILED TO FIND AN INTEGER FEASIBLE SOLUTION,0.000000,797.319137,12000,0,-1,-1,0.000000,0.000000,0.090324,0.090324,4
rd-rplusc-21,config20,2,FAILED TO FIND AN INTEGER FEASIBLE SOLUTION,0.000000,715.360675,12000,0,-1,-1,0.000000,0.000000,0.125412,0.125412,2
rd-rplusc-21,config20,3,FAILED TO FIND AN INTEGER FEASIBLE SOLUTION,0.000000,726.324684,12000,0,-1,-1,0.000000,0.000000,0.107786,0.107786,2
rd-rplusc-21,config16,1,FAILED TO FIND AN INTEGER FEASIBLE SOLUTION,0.453019,740.273617,12000,6,6,0,0.000000,0.000000,0.022472,0.022472,2
rd-rplusc-21,config16,2,FAILED TO FIND AN INTEGER FEASIBLE SOLUTION,0.684170,694.655168,12000,6,6,0,0.000000,0.000000,0.046632,0.046632,2
rd-rplusc-21,config16,3,FAILED TO FIND AN INTEGER FEASIBLE SOLUTION,0.682798,741.659559,12000,6,6,0,0.000000,0.000000,0.034855,0.034855,2
rd-rplusc-21,config17,1,FAILED TO FIND AN INTEGER FEASIBLE SOLUTION,0.563665,723.791275,12000,8,8,0,0.000000,0.000000,0.144707,0.144707,7
rd-rplusc-21,config17,2,FAILED TO FIND AN INTEGER FEASIBLE SOLUTION,0.563728,700.968862,12000,8,8,0,0.000000,0.000000,0.108270,0.108270,4
rd-rplusc-21,config17,3,FAILED TO FIND AN INTEGER FEASIBLE SOLUTION,0.550708,717.959319,12000,8,8,0,0.000000,0.000000,0.106511,0.106511,2
rd-rplusc-21,config21,1,FAILED TO FIND AN INTEGER FEASIBLE SOLUTION,0.558410,746.854527,12000,10,10,1,0.000000,0.000000,0.113027,0.113027,4
rd-rplusc-21,config21,2,FAILED TO FIND AN INTEGER FEASIBLE SOLUTION,0.558277,736.830356,12000,10,10,1,0.000000,0.000000,0.064022,0.064022,2
rd-rplusc-21,config21,3,FAILED TO FIND AN INTEGER FEASIBLE SOLUTION,0.313646,743.072230,12000,10,10,1,0.000000,0.000000,0.045147,0.045147,2
rd-rplusc-21,config23,1,FAILED TO FIND AN INTEGER FEASIBLE SOLUTION,0.312460,720.006192,12000,10,10,1,0.000000,0.000000,0.110157,0.110157,4
rd-rplusc-21,config23,2,FAILED TO FIND AN INTEGER FEASIBLE SOLUTION,0.557362,755.402121,12000,10,10,1,0.000000,0.000000,0.106762,0.106762,2
rd-rplusc-21,config23,3,FAILED TO FIND AN INTEGER FEASIBLE SOLUTION,0.558810,758.460371,12000,10,10,1,0.000000,0.000000,0.078882,0.078882,4
rd-rplusc-21,config19,1,FOUND INTEGER FEASIBLE,0.000000,25.080567,0,0,-1,-1,181833.335815,181833.335815,0.000000,0.000000,0
rd-rplusc-21,config19,2,FOUND INTEGER FEASIBLE,0.000000,25.001187,0,0,-1,-1,181833.335815,181833.335815,0.000000,0.000000,0
rd-rplusc-21,config19,3,FOUND INTEGER FEASIBLE,0.000000,25.005870,0,0,-1,-1,181833.335815,181833.335815,0.000000,0.000000,0
rd-rplusc-21,config18,1,FOUND INTEGER FEASIBLE,0.000000,25.813596,0,0,-1,-1,175222.466883,175222.466883,0.000000,0.000000,0
rd-rplusc-21,config18,2,FOUND INTEGER FEASIBLE,0.000000,27.128953,0,0,-1,-1,175222.466883,175222.466883,0.000000,0.000000,0
rd-rplusc-21,config18,3,FOUND INTEGER FEASIBLE,0.000000,26.059149,0,0,-1,-1,175222.466883,175222.466883,0.000000,0.000000,0
reblock115,config1,1,FOUND INTEGER FEASIBLE,0.000000,0.768892,8,0,-1,-1,-31113799.051076,-31113799.051076,0.000000,0.000000,0
reblock115,config1,2,FOUND INTEGER FEASIBLE,0.000000,0.875703,8,0,-1,-1,-6963521.373231,-6963521.373231,0.000000,0.000000,0
reblock115,config1,3,FOUND INTEGER FEASIBLE,0.000000,0.934203,12,0,-1,-1,-30418446.922070,-30418446.922070,0.000000,0.000000,0
reblock115,config3,1,FOUND INTEGER FEASIBLE,0.000000,0.082635,0,0,-1,-1,0.000000,0.000000,0.000000,0.000000,0
reblock115,config3,2,FOUND INTEGER FEASIBLE,0.000000,0.082276,0,0,-1,-1,0.000000,0.000000,0.000000,0.000000,0
reblock115,config3,3,FOUND INTEGER FEASIBLE,0.000000,0.081610,0,0,-1,-1,0.000000,0.000000,0.000000,0.000000,0
reblock115,config20,1,FOUND INTEGER FEASIBLE,0.000000,0.248850,12,0,-1,-1,-29172817.522068,-29172817.522068,0.000000,0.000000,0
reblock115,config20,2,FOUND INTEGER FEASIBLE,0.000000,0.277698,13,0,-1,-1,-28741336.394285,-28741336.394285,0.000000,0.000000,0
reblock115,config20,3,FOUND INTEGER FEASIBLE,0.000000,0.245179,18,0,-1,-1,-31048418.770796,-31048418.770796,0.000000,0.000000,0
reblock115,config16,1,FOUND INTEGER FEASIBLE,0.431509,0.504647,2,8,0,0,-2235079.935786,-2235079.935786,0.000000,0.000000,0
reblock115,config16,2,FOUND INTEGER FEASIBLE,0.426778,0.496282,1,8,0,0,-2035635.180669,-2035635.180669,0.000000,0.000000,0
reblock115,config16,3,FOUND INTEGER FEASIBLE,0.428252,0.496265,2,8,0,0,-2235079.935786,-2235079.935786,0.000000,0.000000,0
reblock115,config17,1,FOUND INTEGER FEASIBLE,0.017673,0.084934,0,1,0,0,0.000000,0.000000,0.000000,0.000000,0
reblock115,config17,2,FOUND INTEGER FEASIBLE,0.017686,0.086636,0,1,0,0,0.000000,0.000000,0.000000,0.000000,0
reblock115,config17,3,FOUND INTEGER FEASIBLE,0.017898,0.086870,0,1,0,0,0.000000,0.000000,0.000000,0.000000,0
reblock115,config21,1,FOUND INTEGER FEASIBLE,0.085530,0.154372,0,10,0,0,0.000000,0.000000,0.000000,0.000000,0
reblock115,config21,2,FOUND INTEGER FEASIBLE,0.085332,0.155193,0,10,0,0,0.000000,0.000000,0.000000,0.000000,0
reblock115,config21,3,FOUND INTEGER FEASIBLE,0.085365,0.154419,0,10,0,0,0.000000,0.000000,0.000000,0.000000,0
reblock115,config23,1,FOUND INTEGER FEASIBLE,0.086846,0.155528,0,10,0,0,0.000000,0.000000,0.000000,0.000000,0
reblock115,config23,2,FOUND INTEGER FEASIBLE,0.085259,0.153898,0,10,0,0,0.000000,0.000000,0.000000,0.000000,0
reblock115,config23,3,FOUND INTEGER FEASIBLE,0.085157,0.154598,0,10,0,0,0.000000,0.000000,0.000000,0.000000,0
reblock115,config19,1,FOUND INTEGER FEASIBLE,0.000000,0.017999,0,0,-1,-1,0.000000,0.000000,0.000000,0.000000,0
reblock115,config19,2,FOUND INTEGER FEASIBLE,0.000000,0.012594,0,0,-1,-1,0.000000,0.000000,0.000000,0.000000,0
reblock115,config19,3,FOUND INTEGER FEASIBLE,0.000000,0.011561,0,0,-1,-1,0.000000,0.000000,0.000000,0.000000,0
reblock115,config18,1,FOUND INTEGER FEASIBLE,0.000000,0.018712,0,0,-1,-1,0.000000,0.000000,0.000000,0.000000,0
reblock115,config18,2,FOUND INTEGER FEASIBLE,0.000000,0.012923,0,0,-1,-1,0.000000,0.000000,0.000000,0.000000,0
reblock115,config18,3,FOUND INTEGER FEASIBLE,0.000000,0.011124,0,0,-1,-1,0.000000,0.000000,0.000000,0.000000,0
rmatr100-p10,config1,1,FOUND INTEGER FEASIBLE,0.000000,0.629522,1,0,-1,-1,548.000000,537.000000,0.000000,0.000000,0
rmatr100-p10,config1,2,FOUND INTEGER FEASIBLE,0.000000,0.626882,1,0,-1,-1,638.000000,583.000000,0.000000,0.000000,0
rmatr100-p10,config1,3,FOUND INTEGER FEASIBLE,0.000000,0.627635,1,0,-1,-1,548.000000,537.000000,0.000000,0.000000,0
rmatr100-p10,config3,1,FOUND INTEGER FEASIBLE,0.000000,0.089597,0,0,-1,-1,64849.000000,750.000000,0.000000,0.000000,0
rmatr100-p10,config3,2,FOUND INTEGER FEASIBLE,0.000000,0.088599,0,0,-1,-1,64849.000000,750.000000,0.000000,0.000000,0
rmatr100-p10,config3,3,FOUND INTEGER FEASIBLE,0.000000,0.088921,0,0,-1,-1,64849.000000,750.000000,0.000000,0.000000,0
rmatr100-p10,config20,1,FOUND INTEGER FEASIBLE,0.000000,0.093396,0,0,-1,-1,64849.000000,750.000000,0.000000,0.000000,0
rmatr100-p10,config20,2,FOUND INTEGER FEASIBLE,0.000000,0.091900,0,0,-1,-1,64849.000000,750.000000,0.000000,0.000000,0
rmatr100-p10,config20,3,FOUND INTEGER FEASIBLE,0.000000,0.089439,0,0,-1,-1,64849.000000,750.000000,0.000000,0.000000,0
rmatr100-p10,config16,1,FOUND INTEGER FEASIBLE,1.055536,1.527247,1,0,0,0,548.000000,537.000000,0.000000,0.000000,0
rmatr100-p10,config16,2,FOUND INTEGER FEASIBLE,0.569651,0.910597,1,0,0,0,638.000000,583.000000,0.000000,0.000000,0
rmatr100-p10,config16,3,FOUND INTEGER FEASIBLE,1.105356,1.749758,1,0,0,0,548.000000,537.000000,0.000000,0.000000,0
rmatr100-p10,config17,1,FOUND INTEGER FEASIBLE,0.015206,0.146335,0,0,0,0,64849.000000,750.000000,0.000000,0.000000,0
rmatr100-p10,config17,2,FOUND INTEGER FEASIBLE,0.015156,0.144154,0,0,0,0,64849.000000,750.000000,0.000000,0.000000,0
rmatr100-p10,config17,3,FOUND INTEGER FEASIBLE,0.015162,0.143249,0,0,0,0,64849.000000,750.000000,0.000000,0.000000,0
rmatr100-p10,config21,1,FOUND INTEGER FEASIBLE,0.015262,0.143629,0,0,0,0,64849.000000,750.000000,0.000000,0.000000,0
rmatr100-p10,config21,2,FOUND INTEGER FEASIBLE,0.015226,0.143450,0,0,0,0,64849.000000,750.000000,0.000000,0.000000,0
rmatr100-p10,config21,3,FOUND INTEGER FEASIBLE,0.015110,0.143064,0,0,0,0,64849.000000,750.000000,0.000000,0.000000,0
rmatr100-p10,config23,1,FOUND INTEGER FEASIBLE,0.015155,0.143843,0,0,0,0,64849.000000,750.000000,0.000000,0.000000,0
rmatr100-p10,config23,2,FOUND INTEGER FEASIBLE,0.015099,0.143190,0,0,0,0,64849.000000,750.000000,0.000000,0.000000,0
rmatr100-p10,config23,3,FOUND INTEGER FEASIBLE,0.015098,0.143451,0,0,0,0,64849.000000,750.000000,0.000000,0.000000,0
rmatr100-p10,config19,1,FOUND INTEGER FEASIBLE,0.000000,0.068784,0,0,-1,-1,56517.000000,817.000000,0.000000,0.000000,0
rmatr100-p10,config19,2,FOUND INTEGER FEASIBLE,0.000000,0.059253,0,0,-1,-1,56517.000000,817.000000,0.000000,0.000000,0
rmatr100-p10,config19,3,FOUND INTEGER FEASIBLE,0.000000,0.057343,0,0,-1,-1,56517.000000,817.000000,0.000000,0.000000,0
rmatr100-p10,config18,1,FOUND INTEGER FEASIBLE,0.000000,0.068401,0,0,-1,-1,56517.000000,817.000000,0.000000,0.000000,0
rmatr100-p10,config18,2,FOUND INTEGER FEASIBLE,0.000000,0.059571,0,0,-1,-1,56517.000000,817.000000,0.000000,0.000000,0
rmatr100-p10,config18,3,FOUND INTEGER FEASIBLE,0.000000,0.057161,0,0,-1,-1,56517.000000,817.000000,0.000000,0.000000,0
rmatr200-p5,config1,1,FOUND INTEGER FEASIBLE,0.000000,14.124620,1,0,-1,-1,5623.000000,5401.000000,0.000000,0.000000,0
rmatr200-p5,config1,2,FOUND INTEGER FEASIBLE,0.000000,14.271306,1,0,-1,-1,5623.000000,5401.000000,0.000000,0.000000,0
rmatr200-p5,config1,3,FOUND INTEGER FEASIBLE,0.000000,14.292619,1,0,-1,-1,5623.000000,5401.000000,0.000000,0.000000,0
rmatr200-p5,config3,1,FOUND INTEGER FEASIBLE,0.000000,0.521236,0,0,-1,-1,1007611.000000,6550.000000,0.000000,0.000000,0
rmatr200-p5,config3,2,FOUND INTEGER FEASIBLE,0.000000,0.522638,0,0,-1,-1,1007611.000000,6550.000000,0.000000,0.000000,0
rmatr200-p5,config3,3,FOUND INTEGER FEASIBLE,0.000000,0.525242,0,0,-1,-1,1007611.000000,6550.000000,0.000000,0.000000,0
rmatr200-p5,config20,1,FOUND INTEGER FEASIBLE,0.000000,0.547886,0,0,-1,-1,1007611.000000,6550.000000,0.000000,0.000000,0
rmatr200-p5,config20,2,FOUND INTEGER FEASIBLE,0.000000,0.515293,0,0,-1,-1,1007611.000000,6550.000000,0.000000,0.000000,0
rmatr200-p5,config20,3,FOUND INTEGER FEASIBLE,0.000000,0.511565,0,0,-1,-1,1007611.000000,6550.000000,0.000000,0.000000,0
rmatr200-p5,config16,1,FOUND INTEGER FEASIBLE,35.266970,48.813127,1,0,0,0,5623.000000,5401.000000,0.000000,0.000000,0
rmatr200-p5,config16,2,FOUND INTEGER FEASIBLE,35.567178,49.085217,1,0,0,0,5623.000000,5401.000000,0.000000,0.000000,0
rmatr200-p5,config16,3,FOUND INTEGER FEASIBLE,35.558878,49.132764,1,0,0,0,5623.000000,5401.000000,0.000000,0.000000,0
rmatr200-p5,config17,1,FOUND INTEGER FEASIBLE,0.099388,0.854929,0,0,0,0,1007611.000000,6550.000000,0.000000,0.000000,0
rmatr200-p5,config17,2,FOUND INTEGER FEASIBLE,0.100210,0.855736,0,0,0,0,1007611.000000,6550.000000,0.000000,0.000000,0
rmatr200-p5,config17,3,FOUND INTEGER FEASIBLE,0.100257,0.857316,0,0,0,0,1007611.000000,6550.000000,0.000000,0.000000,0
rmatr200-p5,config21,1,FOUND INTEGER FEASIBLE,0.099896,0.861004,0,0,0,0,1007611.000000,6550.000000,0.000000,0.000000,0
rmatr200-p5,config21,2,FOUND INTEGER FEASIBLE,0.100177,0.858158,0,0,0,0,1007611.000000,6550.000000,0.000000,0.000000,0
rmatr200-p5,config21,3,FOUND INTEGER FEASIBLE,0.099827,0.861372,0,0,0,0,1007611.000000,6550.000000,0.000000,0.000000,0
rmatr200-p5,config23,1,FOUND INTEGER FEASIBLE,0.084356,0.706123,0,0,0,0,1007611.000000,6550.000000,0.000000,0.000000,0
rmatr200-p5,config23,2,FOUND INTEGER FEASIBLE,0.099994,0.857086,0,0,0,0,1007611.000000,6550.000000,0.000000,0.000000,0
rmatr200-p5,config23,3,FOUND INTEGER FEASIBLE,0.100363,0.857940,0,0,0,0,1007611.000000,6550.000000,0.000000,0.000000,0
rmatr200-p5,config19,1,FOUND INTEGER FEASIBLE,0.000000,0.358092,0,0,-1,-1,981554.000000,6425.000000,0.000000,0.000000,0
rmatr200-p5,config19,2,FOUND INTEGER FEASIBLE,0.000000,0.310295,0,0,-1,-1,981554.000000,6425.000000,0.000000,0.000000,0
rmatr200-p5,config19,3,FOUND INTEGER FEASIBLE,0.000000,0.313768,0,0,-1,-1,981554.000000,6425.000000,0.000000,0.000000,0
rmatr200-p5,config18,1,FOUND INTEGER FEASIBLE,0.000000,0.366902,0,0,-1,-1,981554.000000,6425.000000,0.000000,0.000000,0
rmatr200-p5,config18,2,FOUND INTEGER FEASIBLE,0.000000,0.308542,0,0,-1,-1,981554.000000,6425.000000,0.000000,0.000000,0
rmatr200-p5,config18,3,FOUND INTEGER FEASIBLE,0.000000,0.314899,0,0,-1,-1,981554.000000,6425.000000,0.000000,0.000000,0
rocI-4-11,config1,1,FAILED TO FIND AN INTEGER FEASIBLE SOLUTION,0.000000,61.734860,12000,0,-1,-1,0.000000,0.000000,1.660588,0.887181,35
rocI-4-11,config1,2,FAILED TO FIND AN INTEGER FEASIBLE SOLUTION,0.000000,61.465752,12000,0,-1,-1,0.000000,0.000000,21.138784,1.911509,187
rocI-4-11,config1,3,FAILED TO FIND AN INTEGER FEASIBLE SOLUTION,0.000000,62.761894,12000,0,-1,-1,0.000000,0.000000,2.174811,1.918566,31
rocI-4-11,config3,1,FAILED TO FIND AN INTEGER FEASIBLE SOLUTION,0.000000,76.834758,12000,0,-1,-1,0.000000,0.000000,3.560434,0.382038,34
rocI-4-11,config3,2,FAILED TO FIND AN INTEGER FEASIBLE SOLUTION,0.000000,67.759787,12000,0,-1,-1,0.000000,0.000000,4.302122,0.392388,41
rocI-4-11,config3,3,FAILED TO FIND AN INTEGER FEASIBLE SOLUTION,0.000000,65.634420,12000,0,-1,-1,0.000000,0.000000,0.670842,0.391051,32
rocI-4-11,config20,1,FAILED TO FIND AN INTEGER FEASIBLE SOLUTION,0.000000,109.110494,12000,0,-1,-1,0.000000,0.000000,2.185388,1.136432,30
rocI-4-11,config20,2,FAILED TO FIND AN INTEGER FEASIBLE SOLUTION,0.000000,106.783228,12000,0,-1,-1,0.000000,0.000000,5.181078,1.073103,46
rocI-4-11,config20,3,FAILED TO FIND AN INTEGER FEASIBLE SOLUTION,0.000000,108.836716,12000,0,-1,-1,0.000000,0.000000,2.438059,2.804895,28
rocI-4-11,config16,1,FAILED TO FIND AN INTEGER FEASIBLE SOLUTION,0.162973,63.510988,12000,11,11,9,0.000000,0.000000,4.846211,2.376093,63
rocI-4-11,config16,2,FAILED TO FIND AN INTEGER FEASIBLE SOLUTION,0.163171,66.744583,12000,11,11,9,0.000000,0.000000,33.416749,2.605686,183
rocI-4-11,config16,3,FAILED TO FIND AN INTEGER FEASIBLE SOLUTION,0.163024,65.091086,12000,11,11,9,0.000000,0.000000,2.690514,2.332711,51
rocI-4-11,config17,1,FAILED TO FIND AN INTEGER FEASIBLE SOLUTION,0.105747,71.100324,12000,13,13,13,0.000000,0.000000,4.255111,0.701669,108
rocI-4-11,config17,2,FAILED TO FIND AN INTEGER FEASIBLE SOLUTION,0.105903,69.389147,12000,13,13,13,0.000000,0.000000,2.981115,0.163753,32
rocI-4-11,config17,3,FAILED TO FIND AN INTEGER FEASIBLE SOLUTION,0.105899,75.891137,12000,13,13,13,0.000000,0.000000,4.489681,0.777054,83
rocI-4-11,config21,1,FAILED TO FIND AN INTEGER FEASIBLE SOLUTION,0.380197,62.606081,12000,13,13,13,0.000000,0.000000,6.300776,1.540533,82
rocI-4-11,config21,2,FAILED TO FIND AN INTEGER FEASIBLE SOLUTION,0.380982,64.301771,12000,13,13,13,0.000000,0.000000,2.030919,1.159921,36
rocI-4-11,config21,3,FAILED TO FIND AN INTEGER FEASIBLE SOLUTION,0.380645,62.328822,12000,13,13,13,0.000000,0.000000,5.674297,1.693016,67
rocI-4-11,config23,1,FAILED TO FIND AN INTEGER FEASIBLE SOLUTION,0.381866,73.706223,12000,13,13,13,0.000000,0.000000,4.255111,0.701669,108
rocI-4-11,config23,2,FAILED TO FIND AN INTEGER FEASIBLE SOLUTION,0.383725,71.097626,12000,13,13,13,0.000000,0.000000,2.981115,0.163753,32
rocI-4-11,config23,3,FAILED TO FIND AN INTEGER FEASIBLE SOLUTION,0.385109,76.915585,12000,13,13,13,0.000000,0.000000,4.489681,0.777054,83
rocI-4-11,config19,1,FOUND INTEGER FEASIBLE,0.000000,5.023675,0,0,-1,-1,-5050303.000000,-5050303.000000,0.000000,0.000000,0
rocI-4-11,config19,2,FOUND INTEGER FEASIBLE,0.000000,6.032732,0,0,-1,-1,-5050303.000000,-5050303.000000,0.000000,0.000000,0
rocI-4-11,config19,3,FOUND INTEGER FEASIBLE,0.000000,5.022675,0,0,-1,-1,-5050303.000000,-5050303.000000,0.000000,0.000000,0
rocI-4-11,config18,1,FOUND INTEGER FEASIBLE,0.000000,5.484445,0,0,-1,-1,-5050303.000000,-5050303.000000,0.000000,0.000000,0
rocI-4-11,config18,2,FOUND INTEGER FEASIBLE,0.000000,5.507987,0,0,-1,-1,-5050303.000000,-5050303.000000,0.000000,0.000000,0
rocI-4-11,config18,3,FOUND INTEGER FEASIBLE,0.000000,5.462854,0,0,-1,-1,-5050303.000000,-5050303.000000,0.000000,0.000000,0
rocII-5-11,config1,1,FAILED TO FIND AN INTEGER FEASIBLE SOLUTION,0.000000,298.804043,12000,0,-1,-1,0.000000,0.000000,1.689092,1.074463,22
rocII-5-11,config1,2,FAILED TO FIND AN INTEGER FEASIBLE SOLUTION,0.000000,292.006219,12000,0,-1,-1,0.000000,0.000000,2.505873,1.364542,22
rocII-5-11,config1,3,FAILED TO FIND AN INTEGER FEASIBLE SOLUTION,0.000000,299.270979,12000,0,-1,-1,0.000000,0.000000,2.256558,1.793385,16
rocII-5-11,config3,1,FAILED TO FIND AN INTEGER FEASIBLE SOLUTION,0.000000,282.655408,12000,0,-1,-1,0.000000,0.000000,1.237799,0.952074,10
rocII-5-11,config3,2,FAILED TO FIND AN INTEGER FEASIBLE SOLUTION,0.000000,285.512381,12000,0,-1,-1,0.000000,0.000000,0.570396,0.284672,9
rocII-5-11,config3,3,FAILED TO FIND AN INTEGER FEASIBLE SOLUTION,0.000000,287.613665,12000,0,-1,-1,0.000000,0.000000,1.324108,1.038384,14
rocII-5-11,config20,1,FAILED TO FIND AN INTEGER FEASIBLE SOLUTION,0.000000,301.123532,12000,0,-1,-1,0.000000,0.000000,1.368387,0.905215,19
rocII-5-11,config20,2,FAILED TO FIND AN INTEGER FEASIBLE SOLUTION,0.000000,293.087916,12000,0,-1,-1,0.000000,0.000000,1.775697,1.312525,15
rocII-5-11,config20,3,FAILED TO FIND AN INTEGER FEASIBLE SOLUTION,0.000000,289.188476,12000,0,-1,-1,0.000000,0.000000,2.704202,1.293488,13
rocII-5-11,config16,1,FAILED TO FIND AN INTEGER FEASIBLE SOLUTION,0.623633,287.268146,12000,12,12,10,0.000000,0.000000,1.933851,1.124934,26
rocII-5-11,config16,2,FAILED TO FIND AN INTEGER FEASIBLE SOLUTION,0.624948,286.540141,12000,12,12,10,0.000000,0.000000,1.052988,0.437194,11
rocII-5-11,config16,3,FAILED TO FIND AN INTEGER FEASIBLE SOLUTION,0.616993,281.456427,12000,12,12,10,0.000000,0.000000,2.187135,1.358399,13
rocII-5-11,config17,1,FAILED TO FIND AN INTEGER FEASIBLE SOLUTION,0.550834,278.601748,12000,12,12,1,0.000000,0.000000,1.676870,0.654638,7
rocII-5-11,config17,2,FAILED TO FIND AN INTEGER FEASIBLE SOLUTION,0.550203,290.173979,12000,12,12,1,0.000000,0.000000,2.110235,1.017227,15
rocII-5-11,config17,3,FAILED TO FIND AN INTEGER FEASIBLE SOLUTION,0.282257,288.094007,12000,12,12,1,0.000000,0.000000,1.720507,1.104712,23
rocII-5-11,config21,1,FAILED TO FIND AN INTEGER FEASIBLE SOLUTION,0.207156,292.291026,12000,13,13,8,0.000000,0.000000,0.354175,0.166660,7
rocII-5-11,config21,2,FAILED TO FIND AN INTEGER FEASIBLE SOLUTION,0.207399,296.767311,12000,13,13,8,0.000000,0.000000,0.381898,0.194383,7
rocII-5-11,config21,3,FAILED TO FIND AN INTEGER FEASIBLE SOLUTION,0.107005,357.988907,12000,13,13,8,0.000000,0.000000,0.359176,0.171661,9
rocII-5-11,config23,1,FOUND INTEGER FEASIBLE,0.224642,4.012213,125,13,9,8,-3.260770,-3.645984,0.000003,0.000000,0
rocII-5-11,config23,2,FOUND INTEGER FEASIBLE,0.207507,4.100294,171,13,9,8,-3.258402,-3.634455,0.000007,0.000000,0
rocII-5-11,config23,3,FAILED TO FIND AN INTEGER FEASIBLE SOLUTION,0.210498,291.112179,12000,13,13,8,0.000000,0.000000,0.057973,0.057973,2
rocII-5-11,config19,1,FOUND INTEGER FEASIBLE,0.000000,5.808323,0,0,-1,-1,-3.599373,-3.599373,0.000000,0.000000,0
rocII-5-11,config19,2,FOUND INTEGER FEASIBLE,0.000000,5.800720,0,0,-1,-1,-3.599373,-3.599373,0.000000,0.000000,0
rocII-5-11,config19,3,FOUND INTEGER FEASIBLE,0.000000,5.789006,0,0,-1,-1,-3.599373,-3.599373,0.000000,0.000000,0
rocII-5-11,config18,1,FOUND INTEGER FEASIBLE,0.000000,17.129265,0,0,-1,-1,-0.648043,-0.648043,0.000000,0.000000,0
rocII-5-11,config18,2,FOUND INTEGER FEASIBLE,0.000000,18.396947,0,0,-1,-1,-0.648043,-0.648043,0.000000,0.000000,0
rocII-5-11,config18,3,FOUND INTEGER FEASIBLE,0.000000,17.381698,0,0,-1,-1,-0.648043,-0.648043,0.000000,0.000000,0
rococoB10-011000,config1,1,FOUND INTEGER FEASIBLE,0.000000,0.364406,18,0,-1,-1,76289.000000,76289.000000,0.000000,0.000000,0
rococoB10-011000,config1,2,FOUND INTEGER FEASIBLE,0.000000,0.266107,13,0,-1,-1,114829.000000,114829.000000,0.000000,0.000000,0
rococoB10-011000,config1,3,FOUND INTEGER FEASIBLE,0.000000,0.354283,13,0,-1,-1,112634.000000,112634.000000,0.000000,0.000000,0
rococoB10-011000,config3,1,FOUND INTEGER FEASIBLE,0.000000,0.141501,17,0,-1,-1,92618.000000,92618.000000,0.000000,0.000000,0
rococoB10-011000,config3,2,FOUND INTEGER FEASIBLE,0.000000,0.124895,11,0,-1,-1,116194.000000,116194.000000,0.000000,0.000000,0
rococoB10-011000,config3,3,FOUND INTEGER FEASIBLE,0.000000,0.141079,13,0,-1,-1,107001.000000,107001.000000,0.000000,0.000000,0
rococoB10-011000,config20,1,FOUND INTEGER FEASIBLE,0.000000,0.264213,2,0,-1,-1,126375.000000,126375.000000,0.000000,0.000000,0
rococoB10-011000,config20,2,FOUND INTEGER FEASIBLE,0.000000,0.273417,3,0,-1,-1,126375.000000,126375.000000,0.000000,0.000000,0
rococoB10-011000,config20,3,FOUND INTEGER FEASIBLE,0.000000,0.258003,2,0,-1,-1,126375.000000,126375.000000,0.000000,0.000000,0
rococoB10-011000,config16,1,FOUND INTEGER FEASIBLE,0.236427,0.541861,20,12,4,4,70417.000000,70417.000000,0.000000,0.000000,0
rococoB10-011000,config16,2,FOUND INTEGER FEASIBLE,0.236031,0.509915,14,12,4,4,81362.000000,81362.000000,0.000000,0.000000,0
rococoB10-011000,config16,3,FOUND INTEGER FEASIBLE,0.237454,0.507562,13,12,4,4,74912.000000,74912.000000,0.000000,0.000000,0
rococoB10-011000,config17,1,FOUND INTEGER FEASIBLE,0.037229,0.091312,0,1,0,0,60485.000000,60485.000000,0.000000,0.000000,0
rococoB10-011000,config17,2,FOUND INTEGER FEASIBLE,0.037194,0.090833,0,1,0,0,60485.000000,60485.000000,0.000000,0.000000,0
rococoB10-011000,config17,3,FOUND INTEGER FEASIBLE,0.036837,0.088719,0,1,0,0,60485.000000,60485.000000,0.000000,0.000000,0
rococoB10-011000,config21,1,FOUND INTEGER FEASIBLE,0.260203,0.619500,3,13,2,2,126375.000000,126375.000000,0.000000,0.000000,0
rococoB10-011000,config21,2,FOUND INTEGER FEASIBLE,0.260649,0.617370,2,13,2,2,126375.000000,126375.000000,0.000000,0.000000,0
rococoB10-011000,config21,3,FOUND INTEGER FEASIBLE,0.260343,0.620187,3,13,2,2,126375.000000,126375.000000,0.000000,0.000000,0
rococoB10-011000,config23,1,FOUND INTEGER FEASIBLE,0.262100,0.437024,18,13,2,2,111620.000000,111620.000000,0.000000,0.000000,0
rococoB10-011000,config23,2,FOUND INTEGER FEASIBLE,0.261795,0.439022,19,13,2,2,98764.000000,98764.000000,0.000000,0.000000,0
rococoB10-011000,config23,3,FOUND INTEGER FEASIBLE,0.260482,0.426059,13,13,2,2,105583.000000,105583.000000,0.000000,0.000000,0
rococoB10-011000,config19,1,FOUND INTEGER FEASIBLE,0.000000,0.061992,0,0,-1,-1,126375.000000,126375.000000,0.000000,0.000000,0
rococoB10-011000,config19,2,FOUND INTEGER FEASIBLE,0.000000,0.057118,0,0,-1,-1,126375.000000,126375.000000,0.000000,0.000000,0
rococoB10-011000,config19,3,FOUND INTEGER FEASIBLE,0.000000,0.056144,0,0,-1,-1,126375.000000,126375.000000,0.000000,0.000000,0
rococoB10-011000,config18,1,FOUND INTEGER FEASIBLE,0.000000,0.062754,0,0,-1,-1,126375.000000,126375.000000,0.000000,0.000000,0
rococoB10-011000,config18,2,FOUND INTEGER FEASIBLE,0.000000,0.058288,0,0,-1,-1,126375.000000,126375.000000,0.000000,0.000000,0
rococoB10-011000,config18,3,FOUND INTEGER FEASIBLE,0.000000,0.057815,0,0,-1,-1,126375.000000,126375.000000,0.000000,0.000000,0
rococoC10-001000,config1,1,FOUND INTEGER FEASIBLE,0.000000,0.149990,23,0,-1,-1,100683.000000,100683.000000,0.000000,0.000000,0
rococoC10-001000,config1,2,FOUND INTEGER FEASIBLE,0.000000,0.138145,19,0,-1,-1,135356.000000,135356.000000,0.000000,0.000000,0
rococoC10-001000,config1,3,FOUND INTEGER FEASIBLE,0.000000,0.125877,14,0,-1,-1,172314.000000,172314.000000,0.000000,0.000000,0
rococoC10-001000,config3,1,FOUND INTEGER FEASIBLE,0.000000,0.091688,19,0,-1,-1,150709.000000,150709.000000,0.000000,0.000000,0
rococoC10-001000,config3,2,FOUND INTEGER FEASIBLE,0.000000,0.089015,19,0,-1,-1,146680.000000,146680.000000,0.000000,0.000000,0
rococoC10-001000,config3,3,FOUND INTEGER FEASIBLE,0.000000,0.080107,14,0,-1,-1,189067.000000,189067.000000,0.000000,0.000000,0
rococoC10-001000,config20,1,FOUND INTEGER FEASIBLE,0.000000,0.099916,4,0,-1,-1,262689.000000,262689.000000,0.000000,0.000000,0
rococoC10-001000,config20,2,FOUND INTEGER FEASIBLE,0.000000,0.084428,3,0,-1,-1,262689.000000,262689.000000,0.000000,0.000000,0
rococoC10-001000,config20,3,FOUND INTEGER FEASIBLE,0.000000,0.089698,3,0,-1,-1,262689.000000,262689.000000,0.000000,0.000000,0
rococoC10-001000,config16,1,FOUND INTEGER FEASIBLE,0.061771,0.148909,15,12,3,3,113404.000000,113404.000000,0.000000,0.000000,0
rococoC10-001000,config16,2,FOUND INTEGER FEASIBLE,0.062192,0.144488,12,12,3,3,122148.000000,122148.000000,0.000000,0.000000,0
rococoC10-001000,config16,3,FOUND INTEGER FEASIBLE,0.062516,0.141109,10,12,3,3,117461.000000,117461.000000,0.000000,0.000000,0
rococoC10-001000,config17,1,FOUND INTEGER FEASIBLE,0.026833,0.069107,7,3,0,0,72732.000000,72732.000000,0.000000,0.000000,0
rococoC10-001000,config17,2,FOUND INTEGER FEASIBLE,0.026939,0.069485,7,3,0,0,71317.000000,71317.000000,0.000000,0.000000,0
rococoC10-001000,config17,3,FOUND INTEGER FEASIBLE,0.026932,0.069104,5,3,0,0,93348.000000,93348.000000,0.000000,0.000000,0
rococoC10-001000,config21,1,FOUND INTEGER FEASIBLE,0.037928,0.136988,13,13,2,2,262689.000000,262689.000000,0.000000,0.000000,0
rococoC10-001000,config21,2,FOUND INTEGER FEASIBLE,0.037959,0.137453,13,13,2,2,262689.000000,262689.000000,0.000000,0.000000,0
rococoC10-001000,config21,3,FOUND INTEGER FEASIBLE,0.037399,0.133182,9,13,2,2,262689.000000,262689.000000,0.000000,0.000000,0
rococoC10-001000,config23,1,FOUND INTEGER FEASIBLE,0.038135,0.158241,30,13,2,2,148593.000000,148593.000000,0.000000,0.000000,0
rococoC10-001000,config23,2,FOUND INTEGER FEASIBLE,0.037644,0.136537,17,13,2,2,158256.000000,158256.000000,0.000000,0.000000,0
rococoC10-001000,config23,3,FOUND INTEGER FEASIBLE,0.037736,0.130891,15,13,2,2,165090.000000,165090.000000,0.000000,0.000000,0
rococoC10-001000,config19,1,FOUND INTEGER FEASIBLE,0.000000,0.047387,0,0,-1,-1,262689.000000,262689.000000,0.000000,0.000000,0
rococoC10-001000,config19,2,FOUND INTEGER FEASIBLE,0.000000,0.045197,0,0,-1,-1,262689.000000,262689.000000,0.000000,0.000000,0
rococoC10-001000,config19,3,FOUND INTEGER FEASIBLE,0.000000,0.043731,0,0,-1,-1,262689.000000,262689.000000,0.000000,0.000000,0
rococoC10-001000,config18,1,FOUND INTEGER FEASIBLE,0.000000,0.048263,0,0,-1,-1,262689.000000,262689.000000,0.000000,0.000000,0
rococoC10-001000,config18,2,FOUND INTEGER FEASIBLE,0.000000,0.043813,0,0,-1,-1,262689.000000,262689.000000,0.000000,0.000000,0
rococoC10-001000,config18,3,FOUND INTEGER FEASIBLE,0.000000,0.044253,0,0,-1,-1,262689.000000,262689.000000,0.000000,0.000000,0
roi2alpha3n4,config1,1,FOUND INTEGER FEASIBLE,0.000000,2.939328,1,0,-1,-1,-24.323755,-24.323755,0.000000,0.000000,0
roi2alpha3n4,config1,2,FOUND INTEGER FEASIBLE,0.000000,2.960446,1,0,-1,-1,-24.323755,-24.323755,0.000000,0.000000,0
roi2alpha3n4,config1,3,FOUND INTEGER FEASIBLE,0.000000,2.981920,1,0,-1,-1,-24.323755,-24.323755,0.000000,0.000000,0
roi2alpha3n4,config3,1,FOUND INTEGER FEASIBLE,0.000000,2.211915,0,0,-1,-1,0.000000,0.000000,0.000000,0.000000,0
roi2alpha3n4,config3,2,FOUND INTEGER FEASIBLE,0.000000,2.186345,0,0,-1,-1,0.000000,0.000000,0.000000,0.000000,0
roi2alpha3n4,config3,3,FOUND INTEGER FEASIBLE,0.000000,2.173407,0,0,-1,-1,0.000000,0.000000,0.000000,0.000000,0
roi2alpha3n4,config20,1,FOUND INTEGER FEASIBLE,0.000000,2.511242,1,0,-1,-1,0.000000,-4.828718,0.000000,0.000000,0
roi2alpha3n4,config20,2,FOUND INTEGER FEASIBLE,0.000000,2.417393,1,0,-1,-1,0.000000,-4.828718,0.000000,0.000000,0
roi2alpha3n4,config20,3,FOUND INTEGER FEASIBLE,0.000000,2.389612,1,0,-1,-1,0.000000,-4.828718,0.000000,0.000000,0
roi2alpha3n4,config16,1,FOUND INTEGER FEASIBLE,0.651848,2.677823,0,7,0,0,-14.531682,-14.531682,0.000000,0.000000,0
roi2alpha3n4,config16,2,FOUND INTEGER FEASIBLE,0.698632,2.817098,0,7,0,0,-14.531682,-14.531682,0.000000,0.000000,0
roi2alpha3n4,config16,3,FOUND INTEGER FEASIBLE,0.701715,2.806039,0,7,0,0,-14.531682,-14.531682,0.000000,0.000000,0
roi2alpha3n4,config17,1,FOUND INTEGER FEASIBLE,0.054522,2.172705,0,1,0,0,0.000000,0.000000,0.000000,0.000000,0
roi2alpha3n4,config17,2,FOUND INTEGER FEASIBLE,0.053169,2.153940,0,1,0,0,0.000000,0.000000,0.000000,0.000000,0
roi2alpha3n4,config17,3,FOUND INTEGER FEASIBLE,0.053519,2.149594,0,1,0,0,0.000000,0.000000,0.000000,0.000000,0
roi2alpha3n4,config21,1,FOUND INTEGER FEASIBLE,0.106549,2.954212,1,2,0,0,0.000000,-2.501255,0.000000,0.000000,0
roi2alpha3n4,config21,2,FOUND INTEGER FEASIBLE,0.110301,2.977055,1,2,0,0,0.000000,-2.501255,0.000000,0.000000,0
roi2alpha3n4,config21,3,FOUND INTEGER FEASIBLE,0.110590,3.003031,1,2,0,0,0.000000,-2.501255,0.000000,0.000000,0
roi2alpha3n4,config23,1,FOUND INTEGER FEASIBLE,0.111250,2.848327,0,2,0,0,0.000000,0.000000,0.000000,0.000000,0
roi2alpha3n4,config23,2,FOUND INTEGER FEASIBLE,0.110010,2.833261,0,2,0,0,0.000000,0.000000,0.000000,0.000000,0
roi2alpha3n4,config23,3,FOUND INTEGER FEASIBLE,0.109296,2.835786,0,2,0,0,0.000000,0.000000,0.000000,0.000000,0
roi2alpha3n4,config19,1,FOUND INTEGER FEASIBLE,0.000000,0.593659,0,0,-1,-1,0.000000,0.000000,0.000000,0.000000,0
roi2alpha3n4,config19,2,FOUND INTEGER FEASIBLE,0.000000,0.398740,0,0,-1,-1,0.000000,0.000000,0.000000,0.000000,0
roi2alpha3n4,config19,3,FOUND INTEGER FEASIBLE,0.000000,0.397468,0,0,-1,-1,0.000000,0.000000,0.000000,0.000000,0
roi2alpha3n4,config18,1,FOUND INTEGER FEASIBLE,0.000000,0.592327,0,0,-1,-1,0.000000,0.000000,0.000000,0.000000,0
roi2alpha3n4,config18,2,FOUND INTEGER FEASIBLE,0.000000,0.400888,0,0,-1,-1,0.000000,0.000000,0.000000,0.000000,0
roi2alpha3n4,config18,3,FOUND INTEGER FEASIBLE,0.000000,0.400750,0,0,-1,-1,0.000000,0.000000,0.000000,0.000000,0
roi5alpha10n8,config1,1,FOUND INTEGER FEASIBLE,0.000000,8.012912,1,0,-1,-1,-13.633479,-13.633479,0.000000,0.000000,0
roi5alpha10n8,config1,2,FOUND INTEGER FEASIBLE,0.000000,8.081699,1,0,-1,-1,-13.633479,-13.633479,0.000000,0.000000,0
roi5alpha10n8,config1,3,FOUND INTEGER FEASIBLE,0.000000,7.952954,1,0,-1,-1,-13.633479,-13.633479,0.000000,0.000000,0
roi5alpha10n8,config3,1,FOUND INTEGER FEASIBLE,0.000000,4.956154,0,0,-1,-1,0.000000,0.000000,0.000000,0.000000,0
roi5alpha10n8,config3,2,FOUND INTEGER FEASIBLE,0.000000,4.900101,0,0,-1,-1,0.000000,0.000000,0.000000,0.000000,0
roi5alpha10n8,config3,3,FOUND INTEGER FEASIBLE,0.000000,4.936422,0,0,-1,-1,0.000000,0.000000,0.000000,0.000000,0
roi5alpha10n8,config20,1,FOUND INTEGER FEASIBLE,0.000000,6.546541,1,0,-1,-1,-0.000007,-1.432788,0.000000,0.000000,0
roi5alpha10n8,config20,2,FOUND INTEGER FEASIBLE,0.000000,6.293467,1,0,-1,-1,-0.000007,-1.432788,0.000000,0.000000,0
roi5alpha10n8,config20,3,FOUND INTEGER FEASIBLE,0.000000,6.490237,1,0,-1,-1,-0.000007,-1.432788,0.000000,0.000000,0
roi5alpha10n8,config16,1,FOUND INTEGER FEASIBLE,2.005403,6.981859,1,9,0,0,-17.190938,-17.190938,0.000000,0.000000,0
roi5alpha10n8,config16,2,FOUND INTEGER FEASIBLE,1.898314,6.654971,1,9,0,0,-13.788196,-13.788196,0.000000,0.000000,0
roi5alpha10n8,config16,3,FOUND INTEGER FEASIBLE,1.910765,6.730126,1,9,0,0,-15.166264,-15.166264,0.000000,0.000000,0
roi5alpha10n8,config17,1,FOUND INTEGER FEASIBLE,0.138863,4.910994,0,1,0,0,0.000000,0.000000,0.000000,0.000000,0
roi5alpha10n8,config17,2,FOUND INTEGER FEASIBLE,0.133957,3.992080,0,1,0,0,0.000000,0.000000,0.000000,0.000000,0
roi5alpha10n8,config17,3,FOUND INTEGER FEASIBLE,0.134013,4.880156,0,1,0,0,0.000000,0.000000,0.000000,0.000000,0
roi5alpha10n8,config21,1,FOUND INTEGER FEASIBLE,0.385393,8.965556,1,4,0,0,-0.000372,-1.281125,0.000000,0.000000,0
roi5alpha10n8,config21,2,FOUND INTEGER FEASIBLE,0.383989,8.935471,1,4,0,0,-0.000372,-1.281125,0.000000,0.000000,0
roi5alpha10n8,config21,3,FOUND INTEGER FEASIBLE,0.383957,7.928484,1,4,0,0,-0.000372,-1.281125,0.000000,0.000000,0
roi5alpha10n8,config23,1,FOUND INTEGER FEASIBLE,0.384735,7.946870,0,4,0,0,0.000000,0.000000,0.000000,0.000000,0
roi5alpha10n8,config23,2,FOUND INTEGER FEASIBLE,0.384811,7.963019,0,4,0,0,0.000000,0.000000,0.000000,0.000000,0
roi5alpha10n8,config23,3,FOUND INTEGER FEASIBLE,0.385293,7.049586,0,4,0,0,0.000000,0.000000,0.000000,0.000000,0
roi5alpha10n8,config19,1,FOUND INTEGER FEASIBLE,0.000000,1.698800,0,0,-1,-1,0.000000,0.000000,0.000000,0.000000,0
roi5alpha10n8,config19,2,FOUND INTEGER FEASIBLE,0.000000,1.152552,0,0,-1,-1,0.000000,0.000000,0.000000,0.000000,0
roi5alpha10n8,config19,3,FOUND INTEGER FEASIBLE,0.000000,1.136112,0,0,-1,-1,0.000000,0.000000,0.000000,0.000000,0
roi5alpha10n8,config18,1,FOUND INTEGER FEASIBLE,0.000000,1.669982,0,0,-1,-1,0.000000,0.000000,0.000000,0.000000,0
roi5alpha10n8,config18,2,FOUND INTEGER FEASIBLE,0.000000,1.165789,0,0,-1,-1,0.000000,0.000000,0.000000,0.000000,0
roi5alpha10n8,config18,3,FOUND INTEGER FEASIBLE,0.000000,1.146239,0,0,-1,-1,0.000000,0.000000,0.000000,0.000000,0
roll3000,config1,1,FOUND INTEGER FEASIBLE,0.000000,0.481975,41,0,-1,-1,17531.000000,17419.000000,0.000000,0.000000,0
roll3000,config1,2,FOUND INTEGER FEASIBLE,0.000000,0.574946,56,0,-1,-1,19001.000000,19001.000000,0.000000,0.000000,0
roll3000,config1,3,FOUND INTEGER FEASIBLE,0.000000,0.669577,73,0,-1,-1,18152.000000,18152.000000,0.000000,0.000000,0
roll3000,config3,1,FOUND INTEGER FEASIBLE,0.000000,0.461588,50,0,-1,-1,50751.800000,19483.000000,0.000000,0.000000,0
roll3000,config3,2,FOUND INTEGER FEASIBLE,0.000000,0.170988,6,0,-1,-1,50820.800000,19920.000000,0.000000,0.000000,0
roll3000,config3,3,FOUND INTEGER FEASIBLE,0.000000,0.331056,33,0,-1,-1,50768.800000,19520.000000,0.000000,0.000000,0
roll3000,config20,1,FOUND INTEGER FEASIBLE,0.000000,1.731758,48,0,-1,-1,50849.800000,20537.000000,0.000000,0.000000,0
roll3000,config20,2,FOUND INTEGER FEASIBLE,0.000000,2.896387,116,0,-1,-1,50785.800000,19797.000000,0.000000,0.000000,0
roll3000,config20,3,FOUND INTEGER FEASIBLE,0.000000,1.865913,45,0,-1,-1,49264.600000,21109.000000,0.000000,0.000000,0
roll3000,config16,1,FOUND INTEGER FEASIBLE,0.071075,0.875646,25,13,9,9,19418.400000,17892.000000,0.000000,0.000000,0
roll3000,config16,2,FOUND INTEGER FEASIBLE,0.070708,1.073015,56,13,9,9,27690.600000,19639.000000,0.000000,0.000000,0
roll3000,config16,3,FOUND INTEGER FEASIBLE,0.070879,0.868153,25,13,9,9,19880.000000,19880.000000,0.000000,0.000000,0
roll3000,config17,1,FOUND INTEGER FEASIBLE,0.094059,2.258872,190,6,2,1,48835.000000,19221.000000,0.000000,0.000000,0
roll3000,config17,2,FOUND INTEGER FEASIBLE,0.094093,0.807102,74,6,1,1,50743.800000,18279.000000,0.000000,0.000000,0
roll3000,config17,3,FOUND INTEGER FEASIBLE,0.094187,0.341286,8,6,1,1,50770.800000,18122.000000,0.000000,0.000000,0
roll3000,config21,1,FOUND INTEGER FEASIBLE,0.292238,1.228078,42,13,10,10,50899.800000,19623.000000,0.000000,0.000000,0
roll3000,config21,2,FOUND INTEGER FEASIBLE,0.292286,2.685724,227,13,11,10,48236.400000,19592.000000,0.000000,0.000000,0
roll3000,config21,3,FOUND INTEGER FEASIBLE,0.292489,1.126226,22,13,10,10,50870.800000,19578.000000,0.000000,0.000000,0
roll3000,config23,1,FOUND INTEGER FEASIBLE,0.292720,0.758320,12,13,10,10,50851.800000,18567.000000,0.000000,0.000000,0
roll3000,config23,2,FOUND INTEGER FEASIBLE,0.293010,0.717950,5,13,10,10,50820.800000,18216.000000,0.000000,0.000000,0
roll3000,config23,3,FOUND INTEGER FEASIBLE,0.292033,1.285011,82,13,10,10,50848.400000,17526.000000,0.000000,0.000000,0
roll3000,config19,1,FOUND INTEGER FEASIBLE,0.000000,2.444928,0,0,-1,-1,14826.000000,14826.000000,0.000000,0.000000,0
roll3000,config19,2,FOUND INTEGER FEASIBLE,0.000000,2.396653,0,0,-1,-1,14826.000000,14826.000000,0.000000,0.000000,0
roll3000,config19,3,FOUND INTEGER FEASIBLE,0.000000,2.398220,0,0,-1,-1,14826.000000,14826.000000,0.000000,0.000000,0
roll3000,config18,1,FOUND INTEGER FEASIBLE,0.000000,1.396378,0,0,-1,-1,16756.000000,16756.000000,0.000000,0.000000,0
roll3000,config18,2,FOUND INTEGER FEASIBLE,0.000000,1.383518,0,0,-1,-1,16756.000000,16756.000000,0.000000,0.000000,0
roll3000,config18,3,FOUND INTEGER FEASIBLE,0.000000,1.393220,0,0,-1,-1,16756.000000,16756.000000,0.000000,0.000000,0
s100,config1,1,FOUND INTEGER FEASIBLE,0.000000,492.366046,3,0,-1,-1,-0.110386,-0.110386,0.000000,0.000000,0
s100,config1,2,FOUND INTEGER FEASIBLE,0.000000,487.192176,3,0,-1,-1,-0.110386,-0.110386,0.000000,0.000000,0
s100,config1,3,FOUND INTEGER FEASIBLE,0.000000,561.302597,5,0,-1,-1,-0.114632,-0.114632,0.000000,0.000000,0
s100,config3,1,FOUND INTEGER FEASIBLE,0.000000,287.164607,1,0,-1,-1,-0.093429,-0.093429,0.000000,0.000000,0
s100,config3,2,FOUND INTEGER FEASIBLE,0.000000,290.246430,1,0,-1,-1,-0.093429,-0.093429,0.000000,0.000000,0
s100,config3,3,FOUND INTEGER FEASIBLE,0.000000,286.392188,1,0,-1,-1,-0.093429,-0.093429,0.000000,0.000000,0
s100,config20,1,FOUND INTEGER FEASIBLE,0.000000,258.601503,0,0,-1,-1,-0.031374,-0.031374,0.000000,0.000000,0
s100,config20,2,FOUND INTEGER FEASIBLE,0.000000,260.697914,0,0,-1,-1,-0.031374,-0.031374,0.000000,0.000000,0
s100,config20,3,FOUND INTEGER FEASIBLE,0.000000,266.883741,0,0,-1,-1,-0.031374,-0.031374,0.000000,0.000000,0
s100,config16,1,FAILED TO FIND AN INTEGER FEASIBLE SOLUTION,357.225890,3600,0,13,12,-1,0.000000,0.000000,364417.000000,100000000000000000000.000000,364417
s100,config16,2,FOUND INTEGER FEASIBLE,354.250967,3314.283840,4,13,13,13,-0.110344,-0.110344,0.000000,0.000000,0
s100,config16,3,FOUND INTEGER FEASIBLE,352.303905,3313.706833,4,13,13,13,-0.110344,-0.110344,0.000000,0.000000,0
s100,config17,1,FOUND INTEGER FEASIBLE,244.992614,3182.157574,2,13,13,13,-0.092342,-0.092342,0.000000,0.000000,0
s100,config17,2,FOUND INTEGER FEASIBLE,244.005021,3182.201005,2,13,13,13,-0.092342,-0.092342,0.000000,0.000000,0
s100,config17,3,FOUND INTEGER FEASIBLE,245.133500,3215.681330,3,13,13,13,-0.092341,-0.092341,0.000000,0.000000,0
s100,config21,1,FOUND INTEGER FEASIBLE,259.258789,600.006679,0,2,2,2,-0.031374,-0.031374,0.000000,0.000000,0
s100,config21,2,FOUND INTEGER FEASIBLE,258.544099,597.981721,0,2,2,2,-0.031374,-0.031374,0.000000,0.000000,0
s100,config21,3,FOUND INTEGER FEASIBLE,260.249502,599.321283,0,2,2,2,-0.031374,-0.031374,0.000000,0.000000,0
s100,config23,1,FOUND INTEGER FEASIBLE,260.966071,549.248607,2,2,2,2,-0.092342,-0.092342,0.000000,0.000000,0
s100,config23,2,FOUND INTEGER FEASIBLE,262.837714,550.986477,2,2,2,2,-0.092342,-0.092342,0.000000,0.000000,0
s100,config23,3,FOUND INTEGER FEASIBLE,263.439855,584.261129,3,2,2,2,-0.092341,-0.092341,0.000000,0.000000,0
s100,config19,1,FOUND INTEGER FEASIBLE,0.000000,501.270926,0,0,-1,-1,-0.162837,-0.162837,0.000000,0.000000,0
s100,config19,2,FOUND INTEGER FEASIBLE,0.000000,495.833554,0,0,-1,-1,-0.162837,-0.162837,0.000000,0.000000,0
s100,config19,3,FOUND INTEGER FEASIBLE,0.000000,502.054322,0,0,-1,-1,-0.162837,-0.162837,0.000000,0.000000,0
s100,config18,1,FOUND INTEGER FEASIBLE,0.000000,677.596805,0,0,-1,-1,-0.168593,-0.168593,0.000000,0.000000,0
s100,config18,2,FOUND INTEGER FEASIBLE,0.000000,679.142135,0,0,-1,-1,-0.168593,-0.168593,0.000000,0.000000,0
s100,config18,3,FOUND INTEGER FEASIBLE,0.000000,675.501236,0,0,-1,-1,-0.168593,-0.168593,0.000000,0.000000,0
s250r10,config1,1,FOUND INTEGER FEASIBLE,0.000000,39.298154,1,0,-1,-1,-0.168642,-0.168642,0.000000,0.000000,0
s250r10,config1,2,FOUND INTEGER FEASIBLE,0.000000,43.464683,1,0,-1,-1,-0.166642,-0.166642,0.000000,0.000000,0
s250r10,config1,3,FOUND INTEGER FEASIBLE,0.000000,40.792871,1,0,-1,-1,-0.168703,-0.168703,0.000000,0.000000,0
s250r10,config3,1,FOUND INTEGER FEASIBLE,0.000000,7.450495,2,0,-1,-1,2.922001,0.484501,0.000000,0.000000,0
s250r10,config3,2,FOUND INTEGER FEASIBLE,0.000000,7.473121,2,0,-1,-1,2.922001,0.484501,0.000000,0.000000,0
s250r10,config3,3,FOUND INTEGER FEASIBLE,0.000000,8.000246,5,0,-1,-1,2.920072,0.220072,0.000000,0.000000,0
s250r10,config20,1,FOUND INTEGER FEASIBLE,0.000000,10.397318,0,0,-1,-1,2.931988,-0.068012,0.000000,0.000000,0
s250r10,config20,2,FOUND INTEGER FEASIBLE,0.000000,10.655293,0,0,-1,-1,2.931988,-0.068012,0.000000,0.000000,0
s250r10,config20,3,FOUND INTEGER FEASIBLE,0.000000,10.219990,0,0,-1,-1,2.931988,-0.068012,0.000000,0.000000,0
s250r10,config16,1,FOUND INTEGER FEASIBLE,16.854786,49.610670,1,13,2,2,-0.169655,-0.169655,0.000000,0.000000,0
s250r10,config16,2,FOUND INTEGER FEASIBLE,16.810062,44.914507,1,13,2,2,-0.167655,-0.167655,0.000000,0.000000,0
s250r10,config16,3,FOUND INTEGER FEASIBLE,16.824390,46.000386,1,13,2,2,-0.168666,-0.168666,0.000000,0.000000,0
s250r10,config17,1,FOUND INTEGER FEASIBLE,2.763156,11.629514,1,6,1,1,2.919913,-0.080087,0.000000,0.000000,0
s250r10,config17,2,FOUND INTEGER FEASIBLE,2.764170,10.665976,1,6,1,1,2.921844,-0.078156,0.000000,0.000000,0
s250r10,config17,3,FOUND INTEGER FEASIBLE,2.767256,11.609521,1,6,1,1,2.919913,-0.080087,0.000000,0.000000,0
s250r10,config21,1,FOUND INTEGER FEASIBLE,6.303716,18.412919,0,2,2,2,2.931988,-0.068012,0.000000,0.000000,0
s250r10,config21,2,FOUND INTEGER FEASIBLE,6.313393,18.425950,0,2,2,2,2.931988,-0.068012,0.000000,0.000000,0
s250r10,config21,3,FOUND INTEGER FEASIBLE,6.312057,18.485317,0,2,2,2,2.931988,-0.068012,0.000000,0.000000,0
s250r10,config23,1,FOUND INTEGER FEASIBLE,6.311533,15.124165,2,2,2,2,2.922001,0.484501,0.000000,0.000000,0
s250r10,config23,2,FOUND INTEGER FEASIBLE,6.333482,15.150327,2,2,2,2,2.922001,0.484501,0.000000,0.000000,0
s250r10,config23,3,FOUND INTEGER FEASIBLE,6.315153,15.686833,5,2,2,2,2.920072,0.220072,0.000000,0.000000,0
s250r10,config19,1,FOUND INTEGER FEASIBLE,0.000000,23.268878,0,0,-1,-1,-0.053361,-0.053361,0.000000,0.000000,0
s250r10,config19,2,FOUND INTEGER FEASIBLE,0.000000,23.197648,0,0,-1,-1,-0.053361,-0.053361,0.000000,0.000000,0
s250r10,config19,3,FOUND INTEGER FEASIBLE,0.000000,23.048101,0,0,-1,-1,-0.053361,-0.053361,0.000000,0.000000,0
s250r10,config18,1,FOUND INTEGER FEASIBLE,0.000000,23.250067,0,0,-1,-1,-0.053361,-0.053361,0.000000,0.000000,0
s250r10,config18,2,FOUND INTEGER FEASIBLE,0.000000,23.209610,0,0,-1,-1,-0.053361,-0.053361,0.000000,0.000000,0
s250r10,config18,3,FOUND INTEGER FEASIBLE,0.000000,23.373998,0,0,-1,-1,-0.053361,-0.053361,0.000000,0.000000,0
satellites2-40,config1,1,FOUND INTEGER FEASIBLE,0.000000,335.381806,147,0,-1,-1,80.000000,80.000000,0.000000,0.000000,0
satellites2-40,config1,2,FOUND INTEGER FEASIBLE,0.000000,742.586405,371,0,-1,-1,6.000000,6.000000,0.000000,0.000000,0
satellites2-40,config1,3,FOUND INTEGER FEASIBLE,0.000000,746.425045,374,0,-1,-1,80.000000,80.000000,0.000000,0.000000,0
satellites2-40,config3,1,FOUND INTEGER FEASIBLE,0.000000,423.428306,147,0,-1,-1,79.000000,79.000000,0.000000,0.000000,0
satellites2-40,config3,2,FOUND INTEGER FEASIBLE,0.000000,206.601933,20,0,-1,-1,79.000000,79.000000,0.000000,0.000000,0
satellites2-40,config3,3,FOUND INTEGER FEASIBLE,0.000000,161.238570,14,0,-1,-1,79.000000,79.000000,0.000000,0.000000,0
satellites2-40,config20,1,FOUND INTEGER FEASIBLE,0.000000,99.598870,14,0,-1,-1,27.000000,27.000000,0.000000,0.000000,0
satellites2-40,config20,2,FOUND INTEGER FEASIBLE,0.000000,312.205200,147,0,-1,-1,79.000000,79.000000,0.000000,0.000000,0
satellites2-40,config20,3,FOUND INTEGER FEASIBLE,0.000000,101.555946,19,0,-1,-1,79.000000,79.000000,0.000000,0.000000,0
satellites2-40,config16,1,FOUND INTEGER FEASIBLE,263.797388,264.734137,84,12,1,0,95.000000,95.000000,0.000000,0.000000,0
satellites2-40,config16,2,FOUND INTEGER FEASIBLE,260.746235,261.316325,84,12,1,0,6.000000,6.000000,0.000000,0.000000,0
satellites2-40,config16,3,FOUND INTEGER FEASIBLE,261.237268,262.161095,86,12,1,0,6.000000,6.000000,0.000000,0.000000,0
satellites2-40,config17,1,FOUND INTEGER FEASIBLE,55.816369,56.610512,0,5,0,0,39.000000,39.000000,0.000000,0.000000,0
satellites2-40,config17,2,FOUND INTEGER FEASIBLE,55.067775,55.511828,0,5,0,0,39.000000,39.000000,0.000000,0.000000,0
satellites2-40,config17,3,FOUND INTEGER FEASIBLE,55.822530,56.608777,0,5,0,0,39.000000,39.000000,0.000000,0.000000,0
satellites2-40,config21,1,FOUND INTEGER FEASIBLE,81.157970,365.520814,9,6,1,1,91.000000,91.000000,0.000000,0.000000,0
satellites2-40,config21,2,FOUND INTEGER FEASIBLE,82.193055,369.082427,13,6,1,1,91.000000,91.000000,0.000000,0.000000,0
satellites2-40,config21,3,FOUND INTEGER FEASIBLE,81.550206,522.205527,75,6,1,1,91.000000,91.000000,0.000000,0.000000,0
satellites2-40,config23,1,FOUND INTEGER FEASIBLE,81.601412,179.269913,14,6,1,1,79.000000,79.000000,0.000000,0.000000,0
satellites2-40,config23,2,FOUND INTEGER FEASIBLE,81.036028,206.626773,14,6,1,1,27.000000,27.000000,0.000000,0.000000,0
satellites2-40,config23,3,FOUND INTEGER FEASIBLE,81.277384,286.701677,18,6,1,1,27.000000,27.000000,0.000000,0.000000,0
satellites2-40,config19,1,FOUND INTEGER FEASIBLE,0.000000,2.154465,0,0,-1,-1,39.000000,39.000000,0.000000,0.000000,0
satellites2-40,config19,2,FOUND INTEGER FEASIBLE,0.000000,2.578382,0,0,-1,-1,39.000000,39.000000,0.000000,0.000000,0
satellites2-40,config19,3,FOUND INTEGER FEASIBLE,0.000000,2.584437,0,0,-1,-1,39.000000,39.000000,0.000000,0.000000,0
satellites2-40,config18,1,FOUND INTEGER FEASIBLE,0.000000,2.404461,0,0,-1,-1,39.000000,39.000000,0.000000,0.000000,0
satellites2-40,config18,2,FOUND INTEGER FEASIBLE,0.000000,2.576253,0,0,-1,-1,39.000000,39.000000,0.000000,0.000000,0
satellites2-40,config18,3,FOUND INTEGER FEASIBLE,0.000000,2.574966,0,0,-1,-1,39.000000,39.000000,0.000000,0.000000,0
satellites2-60-fs,config1,1,FOUND INTEGER FEASIBLE,0.000000,38.818572,13,0,-1,-1,96.000000,96.000000,0.000000,0.000000,0
satellites2-60-fs,config1,2,FOUND INTEGER FEASIBLE,0.000000,89.820786,15,0,-1,-1,26.000000,26.000000,0.000000,0.000000,0
satellites2-60-fs,config1,3,FOUND INTEGER FEASIBLE,0.000000,36.367283,15,0,-1,-1,28.000000,28.000000,0.000000,0.000000,0
satellites2-60-fs,config3,1,FOUND INTEGER FEASIBLE,0.000000,108.089122,17,0,-1,-1,4.000000,4.000000,0.000000,0.000000,0
satellites2-60-fs,config3,2,FOUND INTEGER FEASIBLE,0.000000,84.492495,17,0,-1,-1,78.000000,78.000000,0.000000,0.000000,0
satellites2-60-fs,config3,3,FOUND INTEGER FEASIBLE,0.000000,78.982037,13,0,-1,-1,79.000000,79.000000,0.000000,0.000000,0
satellites2-60-fs,config20,1,FOUND INTEGER FEASIBLE,0.000000,360.123625,28,0,-1,-1,78.000000,78.000000,0.000000,0.000000,0
satellites2-60-fs,config20,2,FOUND INTEGER FEASIBLE,0.000000,317.188359,8,0,-1,-1,78.000000,78.000000,0.000000,0.000000,0
satellites2-60-fs,config20,3,FOUND INTEGER FEASIBLE,0.000000,315.137311,5,0,-1,-1,78.000000,78.000000,0.000000,0.000000,0
satellites2-60-fs,config16,1,FOUND INTEGER FEASIBLE,53.131784,53.865727,90,12,1,0,38.000000,38.000000,0.000000,0.000000,0
satellites2-60-fs,config16,2,FOUND INTEGER FEASIBLE,52.202159,52.715822,85,12,1,0,38.000000,38.000000,0.000000,0.000000,0
satellites2-60-fs,config16,3,FOUND INTEGER FEASIBLE,53.482422,54.218205,92,12,1,0,37.000000,37.000000,0.000000,0.000000,0
satellites2-60-fs,config17,1,FOUND INTEGER FEASIBLE,36.386073,36.857849,0,4,0,0,48.000000,48.000000,0.000000,0.000000,0
satellites2-60-fs,config17,2,FOUND INTEGER FEASIBLE,36.584500,37.057843,0,4,0,0,48.000000,48.000000,0.000000,0.000000,0
satellites2-60-fs,config17,3,FOUND INTEGER FEASIBLE,36.104101,36.575753,0,4,0,0,48.000000,48.000000,0.000000,0.000000,0
satellites2-60-fs,config21,1,FOUND INTEGER FEASIBLE,113.663184,115.522784,32,11,1,1,134.000000,134.000000,0.000000,0.000000,0
satellites2-60-fs,config21,2,FOUND INTEGER FEASIBLE,114.475844,116.620104,34,11,1,1,134.000000,134.000000,0.000000,0.000000,0
satellites2-60-fs,config21,3,FOUND INTEGER FEASIBLE,114.448231,115.852999,10,11,1,1,134.000000,134.000000,0.000000,0.000000,0
satellites2-60-fs,config23,1,FOUND INTEGER FEASIBLE,114.453055,115.109846,0,11,1,1,44.000000,44.000000,0.000000,0.000000,0
satellites2-60-fs,config23,2,FOUND INTEGER FEASIBLE,114.143131,114.801052,0,11,1,1,44.000000,44.000000,0.000000,0.000000,0
satellites2-60-fs,config23,3,FOUND INTEGER FEASIBLE,113.834486,114.489643,0,11,1,1,44.000000,44.000000,0.000000,0.000000,0
satellites2-60-fs,config19,1,FOUND INTEGER FEASIBLE,0.000000,0.578246,0,0,-1,-1,48.000000,48.000000,0.000000,0.000000,0
satellites2-60-fs,config19,2,FOUND INTEGER FEASIBLE,0.000000,0.560589,0,0,-1,-1,48.000000,48.000000,0.000000,0.000000,0
satellites2-60-fs,config19,3,FOUND INTEGER FEASIBLE,0.000000,0.563822,0,0,-1,-1,48.000000,48.000000,0.000000,0.000000,0
satellites2-60-fs,config18,1,FOUND INTEGER FEASIBLE,0.000000,0.578370,0,0,-1,-1,48.000000,48.000000,0.000000,0.000000,0
satellites2-60-fs,config18,2,FOUND INTEGER FEASIBLE,0.000000,0.559608,0,0,-1,-1,48.000000,48.000000,0.000000,0.000000,0
satellites2-60-fs,config18,3,FOUND INTEGER FEASIBLE,0.000000,0.562296,0,0,-1,-1,48.000000,48.000000,0.000000,0.000000,0
savsched1,config1,1,FOUND INTEGER FEASIBLE,0.000000,1011.530996,1,0,-1,-1,7499.200000,7499.200000,0.000000,0.000000,0
savsched1,config1,2,FOUND INTEGER FEASIBLE,0.000000,1016.231650,1,0,-1,-1,36948.000000,36948.000000,0.000000,0.000000,0
savsched1,config1,3,FOUND INTEGER FEASIBLE,0.000000,1006.117978,1,0,-1,-1,7406.500000,7406.500000,0.000000,0.000000,0
savsched1,config3,1,FOUND INTEGER FEASIBLE,0.000000,4.722119,0,0,-1,-1,525249.500000,313566.600000,0.000000,0.000000,0
savsched1,config3,2,FOUND INTEGER FEASIBLE,0.000000,4.639850,0,0,-1,-1,525249.500000,313566.600000,0.000000,0.000000,0
savsched1,config3,3,FOUND INTEGER FEASIBLE,0.000000,4.682319,0,0,-1,-1,525249.500000,313566.600000,0.000000,0.000000,0
savsched1,config20,1,FOUND INTEGER FEASIBLE,0.000000,7.566251,1,0,-1,-1,221414.800000,12611.600000,0.000000,0.000000,0
savsched1,config20,2,FOUND INTEGER FEASIBLE,0.000000,7.724157,1,0,-1,-1,245304.800000,35620.700000,0.000000,0.000000,0
savsched1,config20,3,FOUND INTEGER FEASIBLE,0.000000,7.607507,1,0,-1,-1,221364.800000,12564.700000,0.000000,0.000000,0
savsched1,config16,1,FAILED TO FIND AN INTEGER FEASIBLE SOLUTION,1011.219874,3600,0,13,13,-1,0.000000,0.000000,252731.000000,100000000000000000000.000000,252731
savsched1,config16,2,FAILED TO FIND AN INTEGER FEASIBLE SOLUTION,1014.262996,3600,0,13,13,-1,0.000000,0.000000,252731.000000,100000000000000000000.000000,252731
savsched1,config16,3,FAILED TO FIND AN INTEGER FEASIBLE SOLUTION,1019.931928,3600,0,13,13,-1,0.000000,0.000000,252731.000000,100000000000000000000.000000,252731
savsched1,config17,1,FOUND INTEGER FEASIBLE,0.358944,4.584426,0,1,0,0,313591.200000,313566.500000,0.000000,0.000000,0
savsched1,config17,2,FOUND INTEGER FEASIBLE,0.351357,4.486009,0,1,0,0,313591.200000,313566.500000,0.000000,0.000000,0
savsched1,config17,3,FOUND INTEGER FEASIBLE,0.356657,4.526047,0,1,0,0,313591.200000,313566.500000,0.000000,0.000000,0
savsched1,config21,1,FOUND INTEGER FEASIBLE,3.070739,13.153298,1,9,2,2,213808.300000,10699.100000,0.000000,0.000000,0
savsched1,config21,2,FOUND INTEGER FEASIBLE,3.087714,13.365546,1,9,2,2,225828.400000,22347.800000,0.000000,0.000000,0
savsched1,config21,3,FOUND INTEGER FEASIBLE,3.085622,13.248793,1,9,2,2,213788.300000,10677.200000,0.000000,0.000000,0
savsched1,config23,1,FOUND INTEGER FEASIBLE,3.095020,10.398365,0,9,2,2,515110.800000,309356.800000,0.000000,0.000000,0
savsched1,config23,2,FOUND INTEGER FEASIBLE,3.086954,10.355799,0,9,2,2,515110.800000,309356.800000,0.000000,0.000000,0
savsched1,config23,3,FOUND INTEGER FEASIBLE,3.088999,9.455883,0,9,2,2,515110.800000,309356.800000,0.000000,0.000000,0
savsched1,config19,1,FOUND INTEGER FEASIBLE,0.000000,1.483697,0,0,-1,-1,366501.100000,366501.100000,0.000000,0.000000,0
savsched1,config19,2,FOUND INTEGER FEASIBLE,0.000000,1.216003,0,0,-1,-1,366501.100000,366501.100000,0.000000,0.000000,0
savsched1,config19,3,FOUND INTEGER FEASIBLE,0.000000,1.194052,0,0,-1,-1,366501.100000,366501.100000,0.000000,0.000000,0
savsched1,config18,1,FOUND INTEGER FEASIBLE,0.000000,1.505690,0,0,-1,-1,366501.100000,366501.100000,0.000000,0.000000,0
savsched1,config18,2,FOUND INTEGER FEASIBLE,0.000000,1.173740,0,0,-1,-1,366501.100000,366501.100000,0.000000,0.000000,0
savsched1,config18,3,FOUND INTEGER FEASIBLE,0.000000,1.164046,0,0,-1,-1,366501.100000,366501.100000,0.000000,0.000000,0
sct2,config1,1,FOUND INTEGER FEASIBLE,0.000000,0.152734,1,0,-1,-1,-104.646449,-113.386050,0.000000,0.000000,0
sct2,config1,2,FOUND INTEGER FEASIBLE,0.000000,0.154976,1,0,-1,-1,203.307311,161.578240,0.000000,0.000000,0
sct2,config1,3,FOUND INTEGER FEASIBLE,0.000000,0.152818,1,0,-1,-1,-3.194202,-39.089004,0.000000,0.000000,0
sct2,config3,1,FOUND INTEGER FEASIBLE,0.000000,0.060083,0,0,-1,-1,3838.440704,1015.412037,0.000000,0.000000,0
sct2,config3,2,FOUND INTEGER FEASIBLE,0.000000,0.059638,0,0,-1,-1,3838.440704,1015.412037,0.000000,0.000000,0
sct2,config3,3,FOUND INTEGER FEASIBLE,0.000000,0.060893,0,0,-1,-1,3838.440704,1015.412037,0.000000,0.000000,0
sct2,config20,1,FOUND INTEGER FEASIBLE,0.000000,0.094877,0,0,-1,-1,3801.552108,212.038392,0.000000,0.000000,0
sct2,config20,2,FOUND INTEGER FEASIBLE,0.000000,0.077089,0,0,-1,-1,3801.552108,212.038392,0.000000,0.000000,0
sct2,config20,3,FOUND INTEGER FEASIBLE,0.000000,0.077245,0,0,-1,-1,3801.552108,212.038392,0.000000,0.000000,0
sct2,config16,1,FOUND INTEGER FEASIBLE,0.126680,0.263160,1,12,0,0,-201.029705,-201.029705,0.000000,0.000000,0
sct2,config16,2,FOUND INTEGER FEASIBLE,0.076888,0.160282,1,12,0,0,-150.662286,-155.202199,0.000000,0.000000,0
sct2,config16,3,FOUND INTEGER FEASIBLE,0.074136,0.150542,1,12,0,0,-171.475737,-181.098713,0.000000,0.000000,0
sct2,config17,1,FOUND INTEGER FEASIBLE,0.007120,0.094540,0,0,0,0,3651.911159,1015.412037,0.000000,0.000000,0
sct2,config17,2,FOUND INTEGER FEASIBLE,0.004663,0.063838,0,0,0,0,3651.911159,1015.412037,0.000000,0.000000,0
sct2,config17,3,FOUND INTEGER FEASIBLE,0.007088,0.094735,0,0,0,0,3651.911159,1015.412037,0.000000,0.000000,0
sct2,config21,1,FOUND INTEGER FEASIBLE,0.018765,0.066935,0,1,0,0,1149.074374,908.159345,0.000000,0.000000,0
sct2,config21,2,FOUND INTEGER FEASIBLE,0.022610,0.077689,0,1,0,0,1149.074374,908.159345,0.000000,0.000000,0
sct2,config21,3,FOUND INTEGER FEASIBLE,0.022706,0.077894,0,1,0,0,1149.074374,908.159345,0.000000,0.000000,0
sct2,config23,1,FOUND INTEGER FEASIBLE,0.022496,0.076115,0,1,0,0,1165.544489,1015.412037,0.000000,0.000000,0
sct2,config23,2,FOUND INTEGER FEASIBLE,0.022629,0.080885,0,1,0,0,1165.544489,1015.412037,0.000000,0.000000,0
sct2,config23,3,FOUND INTEGER FEASIBLE,0.022530,0.076625,0,1,0,0,1165.544489,1015.412037,0.000000,0.000000,0
sct2,config19,1,FOUND INTEGER FEASIBLE,0.000000,0.050588,0,0,-1,-1,3838.440704,1015.412037,0.000000,0.000000,0
sct2,config19,2,FOUND INTEGER FEASIBLE,0.000000,0.043643,0,0,-1,-1,3838.440704,1015.412037,0.000000,0.000000,0
sct2,config19,3,FOUND INTEGER FEASIBLE,0.000000,0.043383,0,0,-1,-1,3838.440704,1015.412037,0.000000,0.000000,0
sct2,config18,1,FOUND INTEGER FEASIBLE,0.000000,0.052321,0,0,-1,-1,3838.440704,1015.412037,0.000000,0.000000,0
sct2,config18,2,FOUND INTEGER FEASIBLE,0.000000,0.044725,0,0,-1,-1,3838.440704,1015.412037,0.000000,0.000000,0
sct2,config18,3,FOUND INTEGER FEASIBLE,0.000000,0.045055,0,0,-1,-1,3838.440704,1015.412037,0.000000,0.000000,0
seymour1,config1,1,FOUND INTEGER FEASIBLE,0.000000,1.251051,1,0,-1,-1,437.455433,431.506524,0.000000,0.000000,0
seymour1,config1,2,FOUND INTEGER FEASIBLE,0.000000,1.507462,1,0,-1,-1,437.377040,421.479146,0.000000,0.000000,0
seymour1,config1,3,FOUND INTEGER FEASIBLE,0.000000,1.250327,1,0,-1,-1,439.590575,434.896865,0.000000,0.000000,0
seymour1,config3,1,FOUND INTEGER FEASIBLE,0.000000,0.089064,1,0,-1,-1,1091.000000,423.991398,0.000000,0.000000,0
seymour1,config3,2,FOUND INTEGER FEASIBLE,0.000000,0.089219,1,0,-1,-1,1088.000000,420.991398,0.000000,0.000000,0
seymour1,config3,3,FOUND INTEGER FEASIBLE,0.000000,0.089032,1,0,-1,-1,1101.000000,433.991398,0.000000,0.000000,0
seymour1,config20,1,FOUND INTEGER FEASIBLE,0.000000,0.084946,0,0,-1,-1,1192.000000,507.963625,0.000000,0.000000,0
seymour1,config20,2,FOUND INTEGER FEASIBLE,0.000000,0.079677,0,0,-1,-1,1192.000000,507.963625,0.000000,0.000000,0
seymour1,config20,3,FOUND INTEGER FEASIBLE,0.000000,0.078014,0,0,-1,-1,1192.000000,507.963625,0.000000,0.000000,0
seymour1,config16,1,FOUND INTEGER FEASIBLE,3.881262,4.176671,1,9,0,0,422.542106,421.607698,0.000000,0.000000,0
seymour1,config16,2,FOUND INTEGER FEASIBLE,4.013219,4.367644,1,9,0,0,427.583514,417.984598,0.000000,0.000000,0
seymour1,config16,3,FOUND INTEGER FEASIBLE,4.010406,4.304208,1,9,0,0,422.542106,421.607698,0.000000,0.000000,0
seymour1,config17,1,FOUND INTEGER FEASIBLE,0.009498,0.068888,1,9,9,9,1092.000000,427.298069,0.000000,0.000000,0
seymour1,config17,2,FOUND INTEGER FEASIBLE,0.018761,0.136971,1,9,9,9,1088.000000,423.298069,0.000000,0.000000,0
seymour1,config17,3,FOUND INTEGER FEASIBLE,0.016818,0.123006,1,9,9,9,1100.000000,435.298069,0.000000,0.000000,0
seymour1,config21,1,FOUND INTEGER FEASIBLE,0.005704,0.100856,0,0,0,0,1191.000000,506.963625,0.000000,0.000000,0
seymour1,config21,2,FOUND INTEGER FEASIBLE,0.005671,0.102190,0,0,0,0,1191.000000,506.963625,0.000000,0.000000,0
seymour1,config21,3,FOUND INTEGER FEASIBLE,0.005643,0.100869,0,0,0,0,1191.000000,506.963625,0.000000,0.000000,0
seymour1,config23,1,FOUND INTEGER FEASIBLE,0.005643,0.112649,1,0,0,0,1092.000000,427.298069,0.000000,0.000000,0
seymour1,config23,2,FOUND INTEGER FEASIBLE,0.005676,0.110917,1,0,0,0,1088.000000,423.298069,0.000000,0.000000,0
seymour1,config23,3,FOUND INTEGER FEASIBLE,0.005766,0.113571,1,0,0,0,1100.000000,435.298069,0.000000,0.000000,0
seymour1,config19,1,FOUND INTEGER FEASIBLE,0.000000,0.022379,0,0,-1,-1,1372.000000,645.963625,0.000000,0.000000,0
seymour1,config19,2,FOUND INTEGER FEASIBLE,0.000000,0.013658,0,0,-1,-1,1372.000000,645.963625,0.000000,0.000000,0
seymour1,config19,3,FOUND INTEGER FEASIBLE,0.000000,0.016455,0,0,-1,-1,1372.000000,645.963625,0.000000,0.000000,0
seymour1,config18,1,FOUND INTEGER FEASIBLE,0.000000,0.021285,0,0,-1,-1,1372.000000,645.963625,0.000000,0.000000,0
seymour1,config18,2,FOUND INTEGER FEASIBLE,0.000000,0.016551,0,0,-1,-1,1372.000000,645.963625,0.000000,0.000000,0
seymour1,config18,3,FOUND INTEGER FEASIBLE,0.000000,0.015544,0,0,-1,-1,1372.000000,645.963625,0.000000,0.000000,0
seymour,config1,1,FOUND INTEGER FEASIBLE,0.000000,1.076913,1,0,-1,-1,462.000000,462.000000,0.000000,0.000000,0
seymour,config1,2,FOUND INTEGER FEASIBLE,0.000000,1.079885,1,0,-1,-1,447.000000,447.000000,0.000000,0.000000,0
seymour,config1,3,FOUND INTEGER FEASIBLE,0.000000,1.065968,1,0,-1,-1,560.000000,560.000000,0.000000,0.000000,0
seymour,config3,1,FOUND INTEGER FEASIBLE,0.000000,1.076851,1,0,-1,-1,462.000000,462.000000,0.000000,0.000000,0
seymour,config3,2,FOUND INTEGER FEASIBLE,0.000000,1.082918,1,0,-1,-1,447.000000,447.000000,0.000000,0.000000,0
seymour,config3,3,FOUND INTEGER FEASIBLE,0.000000,1.060627,1,0,-1,-1,560.000000,560.000000,0.000000,0.000000,0
seymour,config20,1,FOUND INTEGER FEASIBLE,0.000000,0.101816,0,0,-1,-1,1061.000000,1061.000000,0.000000,0.000000,0
seymour,config20,2,FOUND INTEGER FEASIBLE,0.000000,0.097372,0,0,-1,-1,1061.000000,1061.000000,0.000000,0.000000,0
seymour,config20,3,FOUND INTEGER FEASIBLE,0.000000,0.096895,0,0,-1,-1,1061.000000,1061.000000,0.000000,0.000000,0
seymour,config16,1,FOUND INTEGER FEASIBLE,0.822952,1.674968,1,13,13,13,464.000000,464.000000,0.000000,0.000000,0
seymour,config16,2,FOUND INTEGER FEASIBLE,0.823308,1.844761,1,13,13,13,446.000000,446.000000,0.000000,0.000000,0
seymour,config16,3,FOUND INTEGER FEASIBLE,0.824585,1.757046,1,13,13,13,562.000000,562.000000,0.000000,0.000000,0
seymour,config17,1,FOUND INTEGER FEASIBLE,0.821102,1.788315,1,13,13,13,464.000000,464.000000,0.000000,0.000000,0
seymour,config17,2,FOUND INTEGER FEASIBLE,0.822306,1.838987,1,13,13,13,446.000000,446.000000,0.000000,0.000000,0
seymour,config17,3,FOUND INTEGER FEASIBLE,0.616706,1.351281,1,13,13,13,562.000000,562.000000,0.000000,0.000000,0
seymour,config21,1,FOUND INTEGER FEASIBLE,0.005143,0.128523,0,0,0,0,1060.000000,1060.000000,0.000000,0.000000,0
seymour,config21,2,FOUND INTEGER FEASIBLE,0.003934,0.097146,0,0,0,0,1060.000000,1060.000000,0.000000,0.000000,0
seymour,config21,3,FOUND INTEGER FEASIBLE,0.005102,0.126873,0,0,0,0,1060.000000,1060.000000,0.000000,0.000000,0
seymour,config23,1,FOUND INTEGER FEASIBLE,0.006816,1.029707,1,0,0,0,464.000000,464.000000,0.000000,0.000000,0
seymour,config23,2,FOUND INTEGER FEASIBLE,0.005370,1.077805,1,0,0,0,446.000000,446.000000,0.000000,0.000000,0
seymour,config23,3,FOUND INTEGER FEASIBLE,0.005146,0.966827,1,0,0,0,562.000000,562.000000,0.000000,0.000000,0
seymour,config19,1,FOUND INTEGER FEASIBLE,0.000000,0.022001,0,0,-1,-1,1372.000000,1372.000000,0.000000,0.000000,0
seymour,config19,2,FOUND INTEGER FEASIBLE,0.000000,0.014252,0,0,-1,-1,1372.000000,1372.000000,0.000000,0.000000,0
seymour,config19,3,FOUND INTEGER FEASIBLE,0.000000,0.016663,0,0,-1,-1,1372.000000,1372.000000,0.000000,0.000000,0
seymour,config18,1,FOUND INTEGER FEASIBLE,0.000000,0.021997,0,0,-1,-1,1372.000000,1372.000000,0.000000,0.000000,0
seymour,config18,2,FOUND INTEGER FEASIBLE,0.000000,0.014922,0,0,-1,-1,1372.000000,1372.000000,0.000000,0.000000,0
seymour,config18,3,FOUND INTEGER FEASIBLE,0.000000,0.014663,0,0,-1,-1,1372.000000,1372.000000,0.000000,0.000000,0
sing326,config1,1,FOUND INTEGER FEASIBLE,0.000000,5.478392,1,0,-1,-1,15656036.328851,14056130.630753,0.000000,0.000000,0
sing326,config1,2,FOUND INTEGER FEASIBLE,0.000000,5.487634,1,0,-1,-1,14826730.805547,13503608.863380,0.000000,0.000000,0
sing326,config1,3,FOUND INTEGER FEASIBLE,0.000000,5.592434,2,0,-1,-1,14953569.404786,13014092.157148,0.000000,0.000000,0
sing326,config3,1,FOUND INTEGER FEASIBLE,0.000000,3.086496,0,0,-1,-1,477172889.407453,472761359.259662,0.000000,0.000000,0
sing326,config3,2,FOUND INTEGER FEASIBLE,0.000000,3.061450,0,0,-1,-1,477172889.407453,472761359.259662,0.000000,0.000000,0
sing326,config3,3,FOUND INTEGER FEASIBLE,0.000000,3.076730,0,0,-1,-1,477172889.407453,472761359.259662,0.000000,0.000000,0
sing326,config20,1,FOUND INTEGER FEASIBLE,0.000000,7.762074,17,0,-1,-1,47574743.782283,24441620.172455,0.000000,0.000000,0
sing326,config20,2,FOUND INTEGER FEASIBLE,0.000000,7.460428,15,0,-1,-1,56264015.711666,26569433.914536,0.000000,0.000000,0
sing326,config20,3,FOUND INTEGER FEASIBLE,0.000000,6.960378,6,0,-1,-1,48954981.125665,24478834.401263,0.000000,0.000000,0
sing326,config16,1,FOUND INTEGER FEASIBLE,4.394529,11.142947,1,13,11,11,17983496.175338,17465097.401112,0.000000,0.000000,0
sing326,config16,2,FOUND INTEGER FEASIBLE,4.435927,10.179527,1,13,11,11,16072344.694919,15910046.100135,0.000000,0.000000,0
sing326,config16,3,FOUND INTEGER FEASIBLE,4.383743,10.187388,2,13,11,11,17550826.788947,16482990.924781,0.000000,0.000000,0
sing326,config17,1,FOUND INTEGER FEASIBLE,2.209055,3.193976,0,2,1,1,481336756.842913,479550620.275492,0.000000,0.000000,0
sing326,config17,2,FOUND INTEGER FEASIBLE,2.167536,3.159694,0,2,1,1,481336756.842913,479550620.275492,0.000000,0.000000,0
sing326,config17,3,FOUND INTEGER FEASIBLE,2.186191,3.183348,0,2,1,1,481336756.842913,479550620.275492,0.000000,0.000000,0
sing326,config21,1,FOUND INTEGER FEASIBLE,4.880425,13.136570,12,13,12,12,47095393.581079,24377452.864897,0.000000,0.000000,0
sing326,config21,2,FOUND INTEGER FEASIBLE,5.573691,14.018500,16,13,12,12,55928304.172892,26554216.616603,0.000000,0.000000,0
sing326,config21,3,FOUND INTEGER FEASIBLE,4.825594,12.342128,6,13,12,12,45354729.676922,24388299.576938,0.000000,0.000000,0
sing326,config23,1,FOUND INTEGER FEASIBLE,4.901795,7.821793,0,13,12,12,487973871.597480,484307037.481670,0.000000,0.000000,0
sing326,config23,2,FOUND INTEGER FEASIBLE,4.911122,7.839086,0,13,12,12,487973871.597480,484307037.481670,0.000000,0.000000,0
sing326,config23,3,FOUND INTEGER FEASIBLE,4.907550,7.835323,0,13,12,12,487973871.597480,484307037.481670,0.000000,0.000000,0
sing326,config19,1,FOUND INTEGER FEASIBLE,0.000000,1.410508,0,0,-1,-1,441677452.206446,423623647.432380,0.000000,0.000000,0
sing326,config19,2,FOUND INTEGER FEASIBLE,0.000000,1.376355,0,0,-1,-1,441677452.206446,423623647.432380,0.000000,0.000000,0
sing326,config19,3,FOUND INTEGER FEASIBLE,0.000000,1.372829,0,0,-1,-1,441677452.206446,423623647.432380,0.000000,0.000000,0
sing326,config18,1,FOUND INTEGER FEASIBLE,0.000000,1.406469,0,0,-1,-1,441677452.206446,423623647.432380,0.000000,0.000000,0
sing326,config18,2,FOUND INTEGER FEASIBLE,0.000000,1.380667,0,0,-1,-1,441677452.206446,423623647.432380,0.000000,0.000000,0
sing326,config18,3,FOUND INTEGER FEASIBLE,0.000000,1.367119,0,0,-1,-1,441677452.206446,423623647.432380,0.000000,0.000000,0
sing44,config1,1,FOUND INTEGER FEASIBLE,0.000000,6.068098,1,0,-1,-1,10880785.356774,10095773.339509,0.000000,0.000000,0
sing44,config1,2,FOUND INTEGER FEASIBLE,0.000000,6.070025,1,0,-1,-1,13872517.179778,12751594.386633,0.000000,0.000000,0
sing44,config1,3,FOUND INTEGER FEASIBLE,0.000000,6.079860,1,0,-1,-1,10848654.790945,9978297.982051,0.000000,0.000000,0
sing44,config3,1,FOUND INTEGER FEASIBLE,0.000000,3.356752,0,0,-1,-1,522660909.775406,514935947.747793,0.000000,0.000000,0
sing44,config3,2,FOUND INTEGER FEASIBLE,0.000000,2.356148,0,0,-1,-1,522660909.775406,514935947.747793,0.000000,0.000000,0
sing44,config3,3,FOUND INTEGER FEASIBLE,0.000000,3.342790,0,0,-1,-1,522660909.775406,514935947.747793,0.000000,0.000000,0
sing44,config20,1,FOUND INTEGER FEASIBLE,0.000000,8.495224,13,0,-1,-1,60886385.802672,26184501.245134,0.000000,0.000000,0
sing44,config20,2,FOUND INTEGER FEASIBLE,0.000000,8.943186,21,0,-1,-1,54513571.126406,25885786.257758,0.000000,0.000000,0
sing44,config20,3,FOUND INTEGER FEASIBLE,0.000000,7.573932,6,0,-1,-1,73277693.064473,28391503.864034,0.000000,0.000000,0
sing44,config16,1,FOUND INTEGER FEASIBLE,4.870840,12.294481,1,13,9,9,8640340.015252,8435013.219750,0.000000,0.000000,0
sing44,config16,2,FOUND INTEGER FEASIBLE,4.883921,12.319067,1,13,9,9,10051623.142438,8988069.499486,0.000000,0.000000,0
sing44,config16,3,FOUND INTEGER FEASIBLE,4.915410,12.277790,1,13,9,9,8829948.331466,8625416.990352,0.000000,0.000000,0
sing44,config17,1,FOUND INTEGER FEASIBLE,2.374523,3.481178,0,1,0,0,438320327.808968,428727224.782536,0.000000,0.000000,0
sing44,config17,2,FOUND INTEGER FEASIBLE,2.373033,3.488476,0,1,0,0,438320327.808968,428727224.782536,0.000000,0.000000,0
sing44,config17,3,FOUND INTEGER FEASIBLE,2.350644,3.471895,0,1,0,0,438320327.808968,428727224.782536,0.000000,0.000000,0
sing44,config21,1,FOUND INTEGER FEASIBLE,5.355959,14.030479,13,13,13,13,60886385.802672,26184501.245134,0.000000,0.000000,0
sing44,config21,2,FOUND INTEGER FEASIBLE,5.367311,14.481166,21,13,13,13,54513571.126406,25885786.257758,0.000000,0.000000,0
sing44,config21,3,FOUND INTEGER FEASIBLE,5.359563,13.093120,6,13,13,13,73277693.064473,28391503.864034,0.000000,0.000000,0
sing44,config23,1,FOUND INTEGER FEASIBLE,5.344639,8.666359,0,13,13,13,522660909.775406,514935947.747793,0.000000,0.000000,0
sing44,config23,2,FOUND INTEGER FEASIBLE,6.196331,9.545545,0,13,13,13,522660909.775406,514935947.747793,0.000000,0.000000,0
sing44,config23,3,FOUND INTEGER FEASIBLE,5.353084,8.661830,0,13,13,13,522660909.775406,514935947.747793,0.000000,0.000000,0
sing44,config19,1,FOUND INTEGER FEASIBLE,0.000000,0.981121,0,0,-1,-1,493014358.932375,475073281.063980,0.000000,0.000000,0
sing44,config19,2,FOUND INTEGER FEASIBLE,0.000000,1.771059,0,0,-1,-1,493014358.932375,475073281.063980,0.000000,0.000000,0
sing44,config19,3,FOUND INTEGER FEASIBLE,0.000000,1.759373,0,0,-1,-1,493014358.932375,475073281.063980,0.000000,0.000000,0
sing44,config18,1,FOUND INTEGER FEASIBLE,0.000000,1.808956,0,0,-1,-1,493014358.932375,475073281.063980,0.000000,0.000000,0
sing44,config18,2,FOUND INTEGER FEASIBLE,0.000000,1.745053,0,0,-1,-1,493014358.932375,475073281.063980,0.000000,0.000000,0
sing44,config18,3,FOUND INTEGER FEASIBLE,0.000000,1.750239,0,0,-1,-1,493014358.932375,475073281.063980,0.000000,0.000000,0
snp-02-004-104,config1,1,FOUND INTEGER FEASIBLE,0.000000,6.912906,4,0,-1,-1,1036160999.225285,702951664.194799,0.000000,0.000000,0
snp-02-004-104,config1,2,FOUND INTEGER FEASIBLE,0.000000,7.006005,4,0,-1,-1,1020714391.574014,730096432.594865,0.000000,0.000000,0
snp-02-004-104,config1,3,FOUND INTEGER FEASIBLE,0.000000,6.829934,4,0,-1,-1,1034510675.056690,702884242.501673,0.000000,0.000000,0
snp-02-004-104,config3,1,FOUND INTEGER FEASIBLE,0.000000,3.804794,0,0,-1,-1,877122012706.584717,767496951.000953,0.000000,0.000000,0
snp-02-004-104,config3,2,FOUND INTEGER FEASIBLE,0.000000,3.775663,0,0,-1,-1,877122012706.584717,767496951.000953,0.000000,0.000000,0
snp-02-004-104,config3,3,FOUND INTEGER FEASIBLE,0.000000,3.781684,0,0,-1,-1,877122012706.584717,767496951.000953,0.000000,0.000000,0
snp-02-004-104,config20,1,FOUND INTEGER FEASIBLE,0.000000,4.858520,3,0,-1,-1,881674610833.071777,751243503.815137,0.000000,0.000000,0
snp-02-004-104,config20,2,FOUND INTEGER FEASIBLE,0.000000,4.823909,3,0,-1,-1,881458043533.756836,751388468.187181,0.000000,0.000000,0
snp-02-004-104,config20,3,FOUND INTEGER FEASIBLE,0.000000,5.355379,5,0,-1,-1,883391614368.989502,731544898.985180,0.000000,0.000000,0
snp-02-004-104,config16,1,FOUND INTEGER FEASIBLE,4.346895,11.054910,0,8,0,0,763897131.000937,763897131.000952,0.000000,0.000000,0
snp-02-004-104,config16,2,FOUND INTEGER FEASIBLE,4.344383,10.975975,0,8,0,0,763897131.000937,763897131.000952,0.000000,0.000000,0
snp-02-004-104,config16,3,FOUND INTEGER FEASIBLE,4.360523,11.011018,0,8,0,0,763897131.000937,763897131.000952,0.000000,0.000000,0
snp-02-004-104,config17,1,FOUND INTEGER FEASIBLE,1.070495,5.325875,0,1,0,0,879714967594.387451,767496951.000953,0.000000,0.000000,0
snp-02-004-104,config17,2,FOUND INTEGER FEASIBLE,1.080904,5.364324,0,1,0,0,879714967594.387451,767496951.000953,0.000000,0.000000,0
snp-02-004-104,config17,3,FOUND INTEGER FEASIBLE,1.071943,5.334339,0,1,0,0,879714967594.387451,767496951.000953,0.000000,0.000000,0
snp-02-004-104,config21,1,FOUND INTEGER FEASIBLE,1.153129,5.618558,0,2,0,0,691023848795.260986,767496951.000953,0.000000,0.000000,0
snp-02-004-104,config21,2,FOUND INTEGER FEASIBLE,1.148588,4.646276,0,2,0,0,691023848795.260986,767496951.000953,0.000000,0.000000,0
snp-02-004-104,config21,3,FOUND INTEGER FEASIBLE,1.151986,5.616322,0,2,0,0,691023848795.260986,767496951.000953,0.000000,0.000000,0
snp-02-004-104,config23,1,FOUND INTEGER FEASIBLE,1.146882,5.605367,0,2,0,0,691023848795.260986,767496951.000953,0.000000,0.000000,0
snp-02-004-104,config23,2,FOUND INTEGER FEASIBLE,1.142050,5.541522,0,2,0,0,691023848795.260986,767496951.000953,0.000000,0.000000,0
snp-02-004-104,config23,3,FOUND INTEGER FEASIBLE,1.162106,5.308117,0,2,0,0,691023848795.260986,767496951.000953,0.000000,0.000000,0
snp-02-004-104,config19,1,FOUND INTEGER FEASIBLE,0.000000,0.500032,0,0,-1,-1,8114481321.949591,767496951.000953,0.000000,0.000000,0
snp-02-004-104,config19,2,FOUND INTEGER FEASIBLE,0.000000,0.405337,0,0,-1,-1,8114481321.949591,767496951.000953,0.000000,0.000000,0
snp-02-004-104,config19,3,FOUND INTEGER FEASIBLE,0.000000,0.407785,0,0,-1,-1,8114481321.949591,767496951.000953,0.000000,0.000000,0
snp-02-004-104,config18,1,FOUND INTEGER FEASIBLE,0.000000,0.544318,0,0,-1,-1,8114481321.949591,767496951.000953,0.000000,0.000000,0
snp-02-004-104,config18,2,FOUND INTEGER FEASIBLE,0.000000,0.398712,0,0,-1,-1,8114481321.949591,767496951.000953,0.000000,0.000000,0
snp-02-004-104,config18,3,FOUND INTEGER FEASIBLE,0.000000,0.403558,0,0,-1,-1,8114481321.949591,767496951.000953,0.000000,0.000000,0
sorrell3,config1,1,FOUND INTEGER FEASIBLE,0.000000,3.286743,1,0,-1,-1,-3.000000,-3.000000,0.000000,0.000000,0
sorrell3,config1,2,FOUND INTEGER FEASIBLE,0.000000,3.338883,1,0,-1,-1,-2.000000,-2.000000,0.000000,0.000000,0
sorrell3,config1,3,FOUND INTEGER FEASIBLE,0.000000,3.393785,1,0,-1,-1,-7.000000,-7.000000,0.000000,0.000000,0
sorrell3,config3,1,FOUND INTEGER FEASIBLE,0.000000,1.921628,0,0,-1,-1,-2.000000,-2.000000,0.000000,0.000000,0
sorrell3,config3,2,FOUND INTEGER FEASIBLE,0.000000,1.902294,0,0,-1,-1,-2.000000,-2.000000,0.000000,0.000000,0
sorrell3,config3,3,FOUND INTEGER FEASIBLE,0.000000,1.902307,0,0,-1,-1,-2.000000,-2.000000,0.000000,0.000000,0
sorrell3,config20,1,FOUND INTEGER FEASIBLE,0.000000,3.210568,1,0,-1,-1,-3.000000,-3.000000,0.000000,0.000000,0
sorrell3,config20,2,FOUND INTEGER FEASIBLE,0.000000,3.305739,1,0,-1,-1,-2.000000,-2.000000,0.000000,0.000000,0
sorrell3,config20,3,FOUND INTEGER FEASIBLE,0.000000,3.386769,1,0,-1,-1,-7.000000,-7.000000,0.000000,0.000000,0
sorrell3,config16,1,FOUND INTEGER FEASIBLE,1.028643,3.006961,0,11,0,0,-4.000000,-4.000000,0.000000,0.000000,0
sorrell3,config16,2,FOUND INTEGER FEASIBLE,1.606343,3.604798,0,11,0,0,-4.000000,-4.000000,0.000000,0.000000,0
sorrell3,config16,3,FOUND INTEGER FEASIBLE,1.034702,2.976485,0,11,0,0,-4.000000,-4.000000,0.000000,0.000000,0
sorrell3,config17,1,FOUND INTEGER FEASIBLE,0.004652,2.057264,0,0,0,0,-2.000000,-2.000000,0.000000,0.000000,0
sorrell3,config17,2,FOUND INTEGER FEASIBLE,0.004529,2.041950,0,0,0,0,-2.000000,-2.000000,0.000000,0.000000,0
sorrell3,config17,3,FOUND INTEGER FEASIBLE,0.004521,2.041470,0,0,0,0,-2.000000,-2.000000,0.000000,0.000000,0
sorrell3,config21,1,FOUND INTEGER FEASIBLE,1.280204,3.414675,1,10,0,0,-2.000000,-2.000000,0.000000,0.000000,0
sorrell3,config21,2,FOUND INTEGER FEASIBLE,1.387038,4.427334,1,10,0,0,-2.000000,-2.000000,0.000000,0.000000,0
sorrell3,config21,3,FOUND INTEGER FEASIBLE,1.386470,4.412227,1,10,0,0,-7.000000,-7.000000,0.000000,0.000000,0
sorrell3,config23,1,FOUND INTEGER FEASIBLE,1.388707,3.414764,0,10,0,0,-2.000000,-2.000000,0.000000,0.000000,0
sorrell3,config23,2,FOUND INTEGER FEASIBLE,1.381114,3.406185,0,10,0,0,-2.000000,-2.000000,0.000000,0.000000,0
sorrell3,config23,3,FOUND INTEGER FEASIBLE,1.381269,3.405118,0,10,0,0,-2.000000,-2.000000,0.000000,0.000000,0
sorrell3,config19,1,FOUND INTEGER FEASIBLE,0.000000,0.502657,0,0,-1,-1,0.000000,0.000000,0.000000,0.000000,0
sorrell3,config19,2,FOUND INTEGER FEASIBLE,0.000000,0.378164,0,0,-1,-1,0.000000,0.000000,0.000000,0.000000,0
sorrell3,config19,3,FOUND INTEGER FEASIBLE,0.000000,0.379861,0,0,-1,-1,0.000000,0.000000,0.000000,0.000000,0
sorrell3,config18,1,FOUND INTEGER FEASIBLE,0.000000,0.492056,0,0,-1,-1,0.000000,0.000000,0.000000,0.000000,0
sorrell3,config18,2,FOUND INTEGER FEASIBLE,0.000000,0.426081,0,0,-1,-1,0.000000,0.000000,0.000000,0.000000,0
sorrell3,config18,3,FOUND INTEGER FEASIBLE,0.000000,0.371682,0,0,-1,-1,0.000000,0.000000,0.000000,0.000000,0
sp150x300d,config1,1,FOUND INTEGER FEASIBLE,0.000000,0.012981,4,0,-1,-1,71.000000,71.000000,0.000000,0.000000,0
sp150x300d,config1,2,FOUND INTEGER FEASIBLE,0.000000,0.012990,5,0,-1,-1,71.000000,71.000000,0.000000,0.000000,0
sp150x300d,config1,3,FOUND INTEGER FEASIBLE,0.000000,0.012356,3,0,-1,-1,71.000000,71.000000,0.000000,0.000000,0
sp150x300d,config3,1,FOUND INTEGER FEASIBLE,0.000000,0.012855,4,0,-1,-1,83.000000,83.000000,0.000000,0.000000,0
sp150x300d,config3,2,FOUND INTEGER FEASIBLE,0.000000,0.012661,5,0,-1,-1,83.000000,83.000000,0.000000,0.000000,0
sp150x300d,config3,3,FOUND INTEGER FEASIBLE,0.000000,0.012584,3,0,-1,-1,83.000000,83.000000,0.000000,0.000000,0
sp150x300d,config20,1,FOUND INTEGER FEASIBLE,0.000000,0.010976,0,0,-1,-1,300.000000,300.000000,0.000000,0.000000,0
sp150x300d,config20,2,FOUND INTEGER FEASIBLE,0.000000,0.012802,0,0,-1,-1,300.000000,300.000000,0.000000,0.000000,0
sp150x300d,config20,3,FOUND INTEGER FEASIBLE,0.000000,0.009037,0,0,-1,-1,300.000000,300.000000,0.000000,0.000000,0
sp150x300d,config16,1,FOUND INTEGER FEASIBLE,0.002634,0.018372,3,7,0,0,81.000000,81.000000,0.000000,0.000000,0
sp150x300d,config16,2,FOUND INTEGER FEASIBLE,0.002388,0.014525,4,7,0,0,81.000000,81.000000,0.000000,0.000000,0
sp150x300d,config16,3,FOUND INTEGER FEASIBLE,0.002531,0.016416,3,7,0,0,81.000000,81.000000,0.000000,0.000000,0
sp150x300d,config17,1,FOUND INTEGER FEASIBLE,0.002803,0.014627,3,7,0,0,84.000000,84.000000,0.000000,0.000000,0
sp150x300d,config17,2,FOUND INTEGER FEASIBLE,0.002505,0.019506,4,7,0,0,84.000000,84.000000,0.000000,0.000000,0
sp150x300d,config17,3,FOUND INTEGER FEASIBLE,0.002259,0.016358,3,7,0,0,84.000000,84.000000,0.000000,0.000000,0
sp150x300d,config21,1,FOUND INTEGER FEASIBLE,0.000632,0.010239,0,0,0,0,300.000000,300.000000,0.000000,0.000000,0
sp150x300d,config21,2,FOUND INTEGER FEASIBLE,0.001201,0.013428,0,0,0,0,300.000000,300.000000,0.000000,0.000000,0
sp150x300d,config21,3,FOUND INTEGER FEASIBLE,0.001235,0.013371,0,0,0,0,300.000000,300.000000,0.000000,0.000000,0
sp150x300d,config23,1,FOUND INTEGER FEASIBLE,0.000642,0.012066,4,0,0,0,83.000000,83.000000,0.000000,0.000000,0
sp150x300d,config23,2,FOUND INTEGER FEASIBLE,0.001217,0.015947,5,0,0,0,83.000000,83.000000,0.000000,0.000000,0
sp150x300d,config23,3,FOUND INTEGER FEASIBLE,0.001087,0.012606,3,0,0,0,83.000000,83.000000,0.000000,0.000000,0
sp150x300d,config19,1,FOUND INTEGER FEASIBLE,0.000000,0.011440,0,0,-1,-1,298.000000,298.000000,0.000000,0.000000,0
sp150x300d,config19,2,FOUND INTEGER FEASIBLE,0.000000,0.009659,0,0,-1,-1,298.000000,298.000000,0.000000,0.000000,0
sp150x300d,config19,3,FOUND INTEGER FEASIBLE,0.000000,0.012294,0,0,-1,-1,298.000000,298.000000,0.000000,0.000000,0
sp150x300d,config18,1,FOUND INTEGER FEASIBLE,0.000000,0.011364,0,0,-1,-1,298.000000,298.000000,0.000000,0.000000,0
sp150x300d,config18,2,FOUND INTEGER FEASIBLE,0.000000,0.010623,0,0,-1,-1,298.000000,298.000000,0.000000,0.000000,0
sp150x300d,config18,3,FOUND INTEGER FEASIBLE,0.000000,0.017213,0,0,-1,-1,298.000000,298.000000,0.000000,0.000000,0
sp97ar,config1,1,FOUND INTEGER FEASIBLE,0.000000,1.732463,1,0,-1,-1,793714168.320000,793714168.320000,0.000000,0.000000,0
sp97ar,config1,2,FOUND INTEGER FEASIBLE,0.000000,1.760021,1,0,-1,-1,766364791.360000,766364791.360000,0.000000,0.000000,0
sp97ar,config1,3,FOUND INTEGER FEASIBLE,0.000000,1.748750,1,0,-1,-1,1095123546.560000,1095123546.560000,0.000000,0.000000,0
sp97ar,config3,1,FOUND INTEGER FEASIBLE,0.000000,1.394924,1,0,-1,-1,1654202311.680000,1654202311.680000,0.000000,0.000000,0
sp97ar,config3,2,FOUND INTEGER FEASIBLE,0.000000,1.337681,1,0,-1,-1,1539995266.880000,1539995266.880000,0.000000,0.000000,0
sp97ar,config3,3,FOUND INTEGER FEASIBLE,0.000000,1.393923,1,0,-1,-1,2141230597.120000,2141230597.120000,0.000000,0.000000,0
sp97ar,config20,1,FOUND INTEGER FEASIBLE,0.000000,0.944325,0,0,-1,-1,43016868023.040062,43016868023.039993,0.000000,0.000000,0
sp97ar,config20,2,FOUND INTEGER FEASIBLE,0.000000,0.913649,0,0,-1,-1,43016868023.040062,43016868023.039993,0.000000,0.000000,0
sp97ar,config20,3,FOUND INTEGER FEASIBLE,0.000000,0.910964,0,0,-1,-1,43016868023.040062,43016868023.039993,0.000000,0.000000,0
sp97ar,config16,1,FOUND INTEGER FEASIBLE,0.947527,1.651478,1,12,0,0,828630565.120000,828630565.120000,0.000000,0.000000,0
sp97ar,config16,2,FOUND INTEGER FEASIBLE,0.939110,1.605168,1,12,0,0,806461082.560001,806461082.560000,0.000000,0.000000,0
sp97ar,config16,3,FOUND INTEGER FEASIBLE,0.937103,1.609246,1,12,0,0,848427215.040000,848427215.040000,0.000000,0.000000,0
sp97ar,config17,1,FOUND INTEGER FEASIBLE,0.517672,1.201029,1,11,0,0,1560035554.240000,1560035554.240000,0.000000,0.000000,0
sp97ar,config17,2,FOUND INTEGER FEASIBLE,0.517419,1.199283,1,11,0,0,1449677744.320000,1449677744.320000,0.000000,0.000000,0
sp97ar,config17,3,FOUND INTEGER FEASIBLE,0.517088,1.201446,1,11,0,0,1813384694.080000,1813384694.080000,0.000000,0.000000,0
sp97ar,config21,1,FOUND INTEGER FEASIBLE,0.219764,1.449956,0,1,0,0,43188584995.200058,43188584995.199997,0.000000,0.000000,0
sp97ar,config21,2,FOUND INTEGER FEASIBLE,0.219199,1.445453,0,1,0,0,43188584995.200058,43188584995.199997,0.000000,0.000000,0
sp97ar,config21,3,FOUND INTEGER FEASIBLE,0.220416,1.447792,0,1,0,0,43188584995.200058,43188584995.199997,0.000000,0.000000,0
sp97ar,config23,1,FOUND INTEGER FEASIBLE,0.221390,1.684034,1,1,0,0,1696028835.200000,1696028835.200000,0.000000,0.000000,0
sp97ar,config23,2,FOUND INTEGER FEASIBLE,0.219564,1.728159,1,1,0,0,1487979427.200000,1487979427.200000,0.000000,0.000000,0
sp97ar,config23,3,FOUND INTEGER FEASIBLE,0.219528,1.702638,1,1,0,0,2138398551.680000,2138398551.680000,0.000000,0.000000,0
sp97ar,config19,1,FOUND INTEGER FEASIBLE,0.000000,1.333512,0,0,-1,-1,11515267307.519981,11515267307.520002,0.000000,0.000000,0
sp97ar,config19,2,FOUND INTEGER FEASIBLE,0.000000,1.277603,0,0,-1,-1,11515267307.519981,11515267307.520002,0.000000,0.000000,0
sp97ar,config19,3,FOUND INTEGER FEASIBLE,0.000000,1.279717,0,0,-1,-1,11515267307.519981,11515267307.520002,0.000000,0.000000,0
sp97ar,config18,1,FOUND INTEGER FEASIBLE,0.000000,1.347281,0,0,-1,-1,11515267307.519981,11515267307.520002,0.000000,0.000000,0
sp97ar,config18,2,FOUND INTEGER FEASIBLE,0.000000,1.277621,0,0,-1,-1,11515267307.519981,11515267307.520002,0.000000,0.000000,0
sp97ar,config18,3,FOUND INTEGER FEASIBLE,0.000000,1.274008,0,0,-1,-1,11515267307.519981,11515267307.520002,0.000000,0.000000,0
sp98ar,config1,1,FOUND INTEGER FEASIBLE,0.000000,2.157819,1,0,-1,-1,643800983.200000,643800983.200000,0.000000,0.000000,0
sp98ar,config1,2,FOUND INTEGER FEASIBLE,0.000000,2.096517,1,0,-1,-1,626827050.080000,626827050.080000,0.000000,0.000000,0
sp98ar,config1,3,FOUND INTEGER FEASIBLE,0.000000,1.727068,1,0,-1,-1,845323546.400000,845323546.400000,0.000000,0.000000,0
sp98ar,config3,1,FOUND INTEGER FEASIBLE,0.000000,1.509557,1,0,-1,-1,1163655438.240000,1163655438.240000,0.000000,0.000000,0
sp98ar,config3,2,FOUND INTEGER FEASIBLE,0.000000,1.504354,1,0,-1,-1,1098061613.920000,1098061613.920000,0.000000,0.000000,0
sp98ar,config3,3,FOUND INTEGER FEASIBLE,0.000000,1.539486,1,0,-1,-1,1413942748.960000,1413942748.960000,0.000000,0.000000,0
sp98ar,config20,1,FOUND INTEGER FEASIBLE,0.000000,1.472044,0,0,-1,-1,27657208867.039993,27657208867.039997,0.000000,0.000000,0
sp98ar,config20,2,FOUND INTEGER FEASIBLE,0.000000,1.423944,0,0,-1,-1,27657208867.039993,27657208867.039997,0.000000,0.000000,0
sp98ar,config20,3,FOUND INTEGER FEASIBLE,0.000000,1.411241,0,0,-1,-1,27657208867.039993,27657208867.039997,0.000000,0.000000,0
sp98ar,config16,1,FOUND INTEGER FEASIBLE,0.827250,2.811092,1,13,2,2,690979414.880000,690979414.880000,0.000000,0.000000,0
sp98ar,config16,2,FOUND INTEGER FEASIBLE,0.869491,2.842465,1,13,2,2,655845998.240000,655845998.240000,0.000000,0.000000,0
sp98ar,config16,3,FOUND INTEGER FEASIBLE,0.869019,2.833479,1,13,2,2,828424394.880000,828424394.880000,0.000000,0.000000,0
sp98ar,config17,1,FOUND INTEGER FEASIBLE,0.333093,1.478611,1,10,0,0,1012771620.480000,1012771620.480000,0.000000,0.000000,0
sp98ar,config17,2,FOUND INTEGER FEASIBLE,0.327183,1.467939,1,10,0,0,914092640.960000,914092640.960000,0.000000,0.000000,0
sp98ar,config17,3,FOUND INTEGER FEASIBLE,0.328591,1.470153,1,10,0,0,1035536168.960000,1035536168.960000,0.000000,0.000000,0
sp98ar,config21,1,FOUND INTEGER FEASIBLE,0.279856,2.017725,0,1,0,0,27635911561.759995,27635911561.759998,0.000000,0.000000,0
sp98ar,config21,2,FOUND INTEGER FEASIBLE,0.282949,2.059341,0,1,0,0,27635911561.759995,27635911561.759998,0.000000,0.000000,0
sp98ar,config21,3,FOUND INTEGER FEASIBLE,0.282629,2.051565,0,1,0,0,27635911561.759995,27635911561.759998,0.000000,0.000000,0
sp98ar,config23,1,FOUND INTEGER FEASIBLE,0.282617,2.087564,1,1,0,0,1081941847.200000,1081941847.200000,0.000000,0.000000,0
sp98ar,config23,2,FOUND INTEGER FEASIBLE,0.285843,2.091142,1,1,0,0,1149106861.920000,1149106861.920000,0.000000,0.000000,0
sp98ar,config23,3,FOUND INTEGER FEASIBLE,0.283391,2.095985,1,1,0,0,1330057393.440000,1330057393.440000,0.000000,0.000000,0
sp98ar,config19,1,FOUND INTEGER FEASIBLE,0.000000,1.140348,0,0,-1,-1,2419258064.160000,2419258064.160000,0.000000,0.000000,0
sp98ar,config19,2,FOUND INTEGER FEASIBLE,0.000000,1.070256,0,0,-1,-1,2419258064.160000,2419258064.160000,0.000000,0.000000,0
sp98ar,config19,3,FOUND INTEGER FEASIBLE,0.000000,1.069034,0,0,-1,-1,2419258064.160000,2419258064.160000,0.000000,0.000000,0
sp98ar,config18,1,FOUND INTEGER FEASIBLE,0.000000,1.142659,0,0,-1,-1,2419258064.160000,2419258064.160000,0.000000,0.000000,0
sp98ar,config18,2,FOUND INTEGER FEASIBLE,0.000000,1.067378,0,0,-1,-1,2419258064.160000,2419258064.160000,0.000000,0.000000,0
sp98ar,config18,3,FOUND INTEGER FEASIBLE,0.000000,1.061112,0,0,-1,-1,2419258064.160000,2419258064.160000,0.000000,0.000000,0
splice1k1,config1,1,FOUND INTEGER FEASIBLE,0.000000,85.505741,2,0,-1,-1,-15.000000,-15.000000,0.000000,0.000000,0
splice1k1,config1,2,FOUND INTEGER FEASIBLE,0.000000,85.416011,2,0,-1,-1,-15.000000,-15.000000,0.000000,0.000000,0
splice1k1,config1,3,FOUND INTEGER FEASIBLE,0.000000,84.967627,2,0,-1,-1,-15.000000,-15.000000,0.000000,0.000000,0
splice1k1,config3,1,FOUND INTEGER FEASIBLE,0.000000,98.912659,13,0,-1,-1,10.000000,10.000000,0.000000,0.000000,0
splice1k1,config3,2,FOUND INTEGER FEASIBLE,0.000000,181.935994,23,0,-1,-1,-4.000000,-4.000000,0.000000,0.000000,0
splice1k1,config3,3,FOUND INTEGER FEASIBLE,0.000000,89.015909,11,0,-1,-1,-2.000000,-2.000000,0.000000,0.000000,0
splice1k1,config20,1,FOUND INTEGER FEASIBLE,0.000000,2.626672,0,0,-1,-1,-121.000000,-121.000000,0.000000,0.000000,0
splice1k1,config20,2,FOUND INTEGER FEASIBLE,0.000000,3.567374,0,0,-1,-1,-121.000000,-121.000000,0.000000,0.000000,0
splice1k1,config20,3,FOUND INTEGER FEASIBLE,0.000000,3.563420,0,0,-1,-1,-121.000000,-121.000000,0.000000,0.000000,0
splice1k1,config16,1,FOUND INTEGER FEASIBLE,155.495635,310.536505,2,4,1,1,-15.000000,-15.000000,0.000000,0.000000,0
splice1k1,config16,2,FOUND INTEGER FEASIBLE,157.687541,311.770195,2,4,1,1,-15.000000,-15.000000,0.000000,0.000000,0
splice1k1,config16,3,FOUND INTEGER FEASIBLE,156.548985,310.731031,2,4,1,1,-15.000000,-15.000000,0.000000,0.000000,0
splice1k1,config17,1,FOUND INTEGER FEASIBLE,36.639484,64.701883,14,11,0,0,-5.000000,-5.000000,0.000000,0.000000,0
splice1k1,config17,2,FOUND INTEGER FEASIBLE,35.715064,51.344206,12,11,0,0,-5.000000,-5.000000,0.000000,0.000000,0
splice1k1,config17,3,FOUND INTEGER FEASIBLE,35.750845,84.360516,42,11,0,0,-6.000000,-6.000000,0.000000,0.000000,0
splice1k1,config21,1,FOUND INTEGER FEASIBLE,1.470836,4.288995,0,2,0,0,0.000000,0.000000,0.000000,0.000000,0
splice1k1,config21,2,FOUND INTEGER FEASIBLE,0.797881,2.461318,0,2,0,0,0.000000,0.000000,0.000000,0.000000,0
splice1k1,config21,3,FOUND INTEGER FEASIBLE,0.821946,3.421833,0,2,0,0,0.000000,0.000000,0.000000,0.000000,0
splice1k1,config23,1,FOUND INTEGER FEASIBLE,0.821059,3.441591,0,2,0,0,0.000000,0.000000,0.000000,0.000000,0
splice1k1,config23,2,FOUND INTEGER FEASIBLE,0.816372,3.462256,0,2,0,0,0.000000,0.000000,0.000000,0.000000,0
splice1k1,config23,3,FOUND INTEGER FEASIBLE,0.814122,3.472393,0,2,0,0,0.000000,0.000000,0.000000,0.000000,0
splice1k1,config19,1,FOUND INTEGER FEASIBLE,0.000000,0.870574,0,0,-1,-1,0.000000,0.000000,0.000000,0.000000,0
splice1k1,config19,2,FOUND INTEGER FEASIBLE,0.000000,0.609970,0,0,-1,-1,0.000000,0.000000,0.000000,0.000000,0
splice1k1,config19,3,FOUND INTEGER FEASIBLE,0.000000,0.620526,0,0,-1,-1,0.000000,0.000000,0.000000,0.000000,0
splice1k1,config18,1,FOUND INTEGER FEASIBLE,0.000000,0.826386,0,0,-1,-1,0.000000,0.000000,0.000000,0.000000,0
splice1k1,config18,2,FOUND INTEGER FEASIBLE,0.000000,0.599870,0,0,-1,-1,0.000000,0.000000,0.000000,0.000000,0
splice1k1,config18,3,FOUND INTEGER FEASIBLE,0.000000,0.596880,0,0,-1,-1,0.000000,0.000000,0.000000,0.000000,0
square41,config1,1,FOUND INTEGER FEASIBLE,0.000000,3600,4,0,-1,-1,19.000000,19.000000,0.000000,0.000000,0
square41,config1,2,FAILED TO FIND AN INTEGER FEASIBLE SOLUTION,0.000000,3600,5,0,-1,-1,0.000000,0.000000,14.167392,24.960005,340
square41,config1,3,FAILED TO FIND AN INTEGER FEASIBLE SOLUTION,0.000000,3600,5,0,-1,-1,0.000000,0.000000,14.167392,24.960005,340
square41,config3,1,FOUND INTEGER FEASIBLE,0.000000,1645.334781,2,0,-1,-1,16.000000,16.000000,0.000000,0.000000,0
square41,config3,2,FOUND INTEGER FEASIBLE,0.000000,1649.767168,2,0,-1,-1,16.000000,16.000000,0.000000,0.000000,0
square41,config3,3,FOUND INTEGER FEASIBLE,0.000000,1537.370171,2,0,-1,-1,16.000000,16.000000,0.000000,0.000000,0
square41,config20,1,FOUND INTEGER FEASIBLE,0.000000,12.788966,0,0,-1,-1,1681.000000,1681.000000,0.000000,0.000000,0
square41,config20,2,FOUND INTEGER FEASIBLE,0.000000,11.518859,0,0,-1,-1,1681.000000,1681.000000,0.000000,0.000000,0
square41,config20,3,FOUND INTEGER FEASIBLE,0.000000,11.363787,0,0,-1,-1,1681.000000,1681.000000,0.000000,0.000000,0
square41,config16,1,FAILED TO FIND AN INTEGER FEASIBLE SOLUTION,4.197195,3600,97,5,5,0,0.000000,0.000000,15.068891,18.701706,349
square41,config16,2,FAILED TO FIND AN INTEGER FEASIBLE SOLUTION,4.180932,3600,97,5,5,0,0.000000,0.000000,15.363760,19.021798,227
square41,config16,3,FAILED TO FIND AN INTEGER FEASIBLE SOLUTION,4.210967,3600,98,5,5,0,0.000000,0.000000,15.068891,18.381831,349
square41,config17,1,FOUND INTEGER FEASIBLE,4.958711,621.996461,90,5,1,0,16.000000,16.000000,0.000000,0.000000,0
square41,config17,2,FOUND INTEGER FEASIBLE,4.948310,622.034885,87,5,1,0,16.000000,16.000000,0.000000,0.000000,0
square41,config17,3,FOUND INTEGER FEASIBLE,4.964559,622.244255,88,5,1,0,16.000000,16.000000,0.000000,0.000000,0
square41,config21,1,FOUND INTEGER FEASIBLE,2.030979,899.593376,12,2,0,0,143.000000,143.000000,0.000000,0.000000,0
square41,config21,2,FOUND INTEGER FEASIBLE,2.047504,1212.186649,16,2,0,0,143.000000,143.000000,0.000000,0.000000,0
square41,config21,3,FOUND INTEGER FEASIBLE,2.048234,1203.511001,19,2,0,0,150.000000,150.000000,0.000000,0.000000,0
square41,config23,1,FOUND INTEGER FEASIBLE,2.046914,1227.089056,7,2,1,0,20.000000,20.000000,0.000000,0.000000,0
square41,config23,2,FOUND INTEGER FEASIBLE,2.053208,1226.081342,7,2,1,0,20.000000,20.000000,0.000000,0.000000,0
square41,config23,3,FOUND INTEGER FEASIBLE,2.060892,1225.958893,8,2,1,0,20.000000,20.000000,0.000000,0.000000,0
square41,config19,1,FOUND INTEGER FEASIBLE,0.000000,16.949453,0,0,-1,-1,135.000000,135.000000,0.000000,0.000000,0
square41,config19,2,FOUND INTEGER FEASIBLE,0.000000,16.338111,0,0,-1,-1,135.000000,135.000000,0.000000,0.000000,0
square41,config19,3,FOUND INTEGER FEASIBLE,0.000000,16.322013,0,0,-1,-1,135.000000,135.000000,0.000000,0.000000,0
square41,config18,1,FOUND INTEGER FEASIBLE,0.000000,17.393148,0,0,-1,-1,135.000000,135.000000,0.000000,0.000000,0
square41,config18,2,FOUND INTEGER FEASIBLE,0.000000,16.080971,0,0,-1,-1,135.000000,135.000000,0.000000,0.000000,0
square41,config18,3,FOUND INTEGER FEASIBLE,0.000000,17.153451,0,0,-1,-1,135.000000,135.000000,0.000000,0.000000,0
square47,config1,1,FAILED TO FIND AN INTEGER FEASIBLE SOLUTION,0.000000,3600,2,0,-1,-1,0.000000,0.000000,14.667514,24.379122,417
square47,config1,2,FAILED TO FIND AN INTEGER FEASIBLE SOLUTION,0.000000,3600,2,0,-1,-1,0.000000,0.000000,14.667514,24.379122,417
square47,config1,3,FAILED TO FIND AN INTEGER FEASIBLE SOLUTION,0.000000,3600,2,0,-1,-1,0.000000,0.000000,14.667514,24.379122,417
square47,config3,1,FAILED TO FIND AN INTEGER FEASIBLE SOLUTION,0.000000,3600,2,0,-1,-1,0.000000,0.000000,14.940286,24.935077,454
square47,config3,2,FAILED TO FIND AN INTEGER FEASIBLE SOLUTION,0.000000,3600,2,0,-1,-1,0.000000,0.000000,14.940286,24.935077,454
square47,config3,3,FAILED TO FIND AN INTEGER FEASIBLE SOLUTION,0.000000,3600,2,0,-1,-1,0.000000,0.000000,14.940286,24.935077,454
square47,config20,1,FOUND INTEGER FEASIBLE,0.000000,24.390914,0,0,-1,-1,2209.000000,2209.000000,0.000000,0.000000,0
square47,config20,2,FOUND INTEGER FEASIBLE,0.000000,23.488770,0,0,-1,-1,2209.000000,2209.000000,0.000000,0.000000,0
square47,config20,3,FOUND INTEGER FEASIBLE,0.000000,23.688716,0,0,-1,-1,2209.000000,2209.000000,0.000000,0.000000,0
square47,config16,1,FAILED TO FIND AN INTEGER FEASIBLE SOLUTION,9.070957,3600,91,4,4,0,0.000000,0.000000,15.342338,18.066561,427
square47,config16,2,FAILED TO FIND AN INTEGER FEASIBLE SOLUTION,9.082438,3600,91,4,4,0,0.000000,0.000000,15.976744,20.558140,347
square47,config16,3,FAILED TO FIND AN INTEGER FEASIBLE SOLUTION,9.026879,3600,98,4,4,0,0.000000,0.000000,15.976744,20.046512,347
square47,config17,1,FAILED TO FIND AN INTEGER FEASIBLE SOLUTION,12.239127,3600,92,4,4,0,0.000000,0.000000,15.976744,20.000000,347
square47,config17,2,FAILED TO FIND AN INTEGER FEASIBLE SOLUTION,12.226266,3600,92,4,4,0,0.000000,0.000000,15.976744,20.325581,347
square47,config17,3,FAILED TO FIND AN INTEGER FEASIBLE SOLUTION,12.239814,3600,92,4,4,0,0.000000,0.000000,15.976744,19.511628,347
square47,config21,1,FOUND INTEGER FEASIBLE,3.604465,2448.564969,5,2,2,0,207.000000,207.000000,0.000000,0.000000,0
square47,config21,2,FOUND INTEGER FEASIBLE,3.575039,2449.532971,5,2,2,0,210.000000,210.000000,0.000000,0.000000,0
square47,config21,3,FOUND INTEGER FEASIBLE,3.613509,2907.839332,5,2,2,0,199.000000,199.000000,0.000000,0.000000,0
square47,config23,1,FOUND INTEGER FEASIBLE,3.596885,2455.609928,4,2,2,0,26.000000,26.000000,0.000000,0.000000,0
square47,config23,2,FOUND INTEGER FEASIBLE,3.551310,2228.588114,3,2,1,0,22.000000,22.000000,0.000000,0.000000,0
square47,config23,3,FOUND INTEGER FEASIBLE,3.518081,1819.475968,3,2,1,0,21.000000,21.000000,0.000000,0.000000,0
square47,config19,1,FOUND INTEGER FEASIBLE,0.000000,33.953670,0,0,-1,-1,155.000000,155.000000,0.000000,0.000000,0
square47,config19,2,FOUND INTEGER FEASIBLE,0.000000,30.978812,0,0,-1,-1,155.000000,155.000000,0.000000,0.000000,0
square47,config19,3,FOUND INTEGER FEASIBLE,0.000000,30.934111,0,0,-1,-1,155.000000,155.000000,0.000000,0.000000,0
square47,config18,1,FOUND INTEGER FEASIBLE,0.000000,34.262272,0,0,-1,-1,155.000000,155.000000,0.000000,0.000000,0
square47,config18,2,FOUND INTEGER FEASIBLE,0.000000,30.935418,0,0,-1,-1,155.000000,155.000000,0.000000,0.000000,0
square47,config18,3,FOUND INTEGER FEASIBLE,0.000000,30.985607,0,0,-1,-1,155.000000,155.000000,0.000000,0.000000,0
supportcase10,config1,1,FOUND INTEGER FEASIBLE,0.000000,1932.808662,13,0,-1,-1,22.000000,22.000000,0.000000,0.000000,0
supportcase10,config1,2,FOUND INTEGER FEASIBLE,0.000000,1839.953901,13,0,-1,-1,20.000000,20.000000,0.000000,0.000000,0
supportcase10,config1,3,FOUND INTEGER FEASIBLE,0.000000,1569.141094,10,0,-1,-1,21.000000,21.000000,0.000000,0.000000,0
supportcase10,config3,1,FOUND INTEGER FEASIBLE,0.000000,1398.183348,15,0,-1,-1,22.000000,22.000000,0.000000,0.000000,0
supportcase10,config3,2,FOUND INTEGER FEASIBLE,0.000000,1295.669466,15,0,-1,-1,20.000000,20.000000,0.000000,0.000000,0
supportcase10,config3,3,FOUND INTEGER FEASIBLE,0.000000,1350.903032,13,0,-1,-1,22.000000,22.000000,0.000000,0.000000,0
supportcase10,config20,1,FOUND INTEGER FEASIBLE,0.000000,2.937747,0,0,-1,-1,70.000000,70.000000,0.000000,0.000000,0
supportcase10,config20,2,FOUND INTEGER FEASIBLE,0.000000,3.048126,0,0,-1,-1,70.000000,70.000000,0.000000,0.000000,0
supportcase10,config20,3,FOUND INTEGER FEASIBLE,0.000000,3.041823,0,0,-1,-1,70.000000,70.000000,0.000000,0.000000,0
supportcase10,config16,1,FAILED TO FIND AN INTEGER FEASIBLE SOLUTION,561.044246,3600,67,11,11,0,0.000000,0.000000,214.727500,178.765000,5540
supportcase10,config16,2,FAILED TO FIND AN INTEGER FEASIBLE SOLUTION,563.757504,3600,61,11,11,0,0.000000,0.000000,286.555556,265.097222,4252
supportcase10,config16,3,FOUND INTEGER FEASIBLE,565.595075,3322.408201,67,11,10,0,23.000000,23.000000,0.000000,0.000000,0
supportcase10,config17,1,FOUND INTEGER FEASIBLE,552.327335,3078.726588,50,4,4,0,17.000000,17.000000,0.000000,0.000000,0
supportcase10,config17,2,FOUND INTEGER FEASIBLE,554.504356,3374.148689,53,4,4,0,20.000000,20.000000,0.000000,0.000000,0
supportcase10,config17,3,FOUND INTEGER FEASIBLE,553.160336,3053.313598,64,4,4,0,18.000000,18.000000,0.000000,0.000000,0
supportcase10,config21,1,FOUND INTEGER FEASIBLE,0.241998,4.222524,0,0,0,0,70.000000,70.000000,0.000000,0.000000,0
supportcase10,config21,2,FOUND INTEGER FEASIBLE,0.242085,3.224869,0,0,0,0,70.000000,70.000000,0.000000,0.000000,0
supportcase10,config21,3,FOUND INTEGER FEASIBLE,0.241380,4.218778,0,0,0,0,70.000000,70.000000,0.000000,0.000000,0
supportcase10,config23,1,FOUND INTEGER FEASIBLE,0.243534,1404.478041,15,0,0,0,22.000000,22.000000,0.000000,0.000000,0
supportcase10,config23,2,FOUND INTEGER FEASIBLE,0.241849,1301.664501,15,0,0,0,20.000000,20.000000,0.000000,0.000000,0
supportcase10,config23,3,FOUND INTEGER FEASIBLE,0.243891,1412.127535,13,0,0,0,22.000000,22.000000,0.000000,0.000000,0
supportcase10,config19,1,FOUND INTEGER FEASIBLE,0.000000,3.576666,0,0,-1,-1,23.000000,23.000000,0.000000,0.000000,0
supportcase10,config19,2,FOUND INTEGER FEASIBLE,0.000000,3.520166,0,0,-1,-1,23.000000,23.000000,0.000000,0.000000,0
supportcase10,config19,3,FOUND INTEGER FEASIBLE,0.000000,3.523478,0,0,-1,-1,23.000000,23.000000,0.000000,0.000000,0
supportcase10,config18,1,FOUND INTEGER FEASIBLE,0.000000,3.585872,0,0,-1,-1,23.000000,23.000000,0.000000,0.000000,0
supportcase10,config18,2,FOUND INTEGER FEASIBLE,0.000000,3.520826,0,0,-1,-1,23.000000,23.000000,0.000000,0.000000,0
supportcase10,config18,3,FOUND INTEGER FEASIBLE,0.000000,3.528167,0,0,-1,-1,23.000000,23.000000,0.000000,0.000000,0
supportcase12,config1,1,FOUND INTEGER FEASIBLE,0.000000,8.603413,1,0,-1,-1,-986.363707,-1195.978911,0.000000,0.000000,0
supportcase12,config1,2,FOUND INTEGER FEASIBLE,0.000000,8.273025,1,0,-1,-1,-4761.980890,-5668.982827,0.000000,0.000000,0
supportcase12,config1,3,FOUND INTEGER FEASIBLE,0.000000,8.050751,1,0,-1,-1,-5306.309476,-7372.307423,0.000000,0.000000,0
supportcase12,config3,1,FOUND INTEGER FEASIBLE,0.000000,3.531665,0,0,-1,-1,0.000000,0.000000,0.000000,0.000000,0
supportcase12,config3,2,FOUND INTEGER FEASIBLE,0.000000,3.547547,0,0,-1,-1,0.000000,0.000000,0.000000,0.000000,0
supportcase12,config3,3,FOUND INTEGER FEASIBLE,0.000000,3.514953,0,0,-1,-1,0.000000,0.000000,0.000000,0.000000,0
supportcase12,config20,1,FOUND INTEGER FEASIBLE,0.000000,3.520270,0,0,-1,-1,0.000000,0.000000,0.000000,0.000000,0
supportcase12,config20,2,FOUND INTEGER FEASIBLE,0.000000,3.437273,0,0,-1,-1,0.000000,0.000000,0.000000,0.000000,0
supportcase12,config20,3,FOUND INTEGER FEASIBLE,0.000000,3.414052,0,0,-1,-1,0.000000,0.000000,0.000000,0.000000,0
supportcase12,config16,1,FOUND INTEGER FEASIBLE,0.000014,9.009704,1,0,0,0,-986.363707,-1195.978911,0.000000,0.000000,0
supportcase12,config16,2,FOUND INTEGER FEASIBLE,0.000015,8.677038,1,0,0,0,-4761.980890,-5668.982827,0.000000,0.000000,0
supportcase12,config16,3,FOUND INTEGER FEASIBLE,0.000014,9.046436,1,0,0,0,-5306.309476,-7372.307423,0.000000,0.000000,0
supportcase12,config17,1,FOUND INTEGER FEASIBLE,0.000015,2.985433,0,0,0,0,0.000000,0.000000,0.000000,0.000000,0
supportcase12,config17,2,FOUND INTEGER FEASIBLE,0.000015,3.603561,0,0,0,0,0.000000,0.000000,0.000000,0.000000,0
supportcase12,config17,3,FOUND INTEGER FEASIBLE,0.000014,3.646831,0,0,0,0,0.000000,0.000000,0.000000,0.000000,0
supportcase12,config21,1,FOUND INTEGER FEASIBLE,0.000015,3.599682,0,0,0,0,0.000000,0.000000,0.000000,0.000000,0
supportcase12,config21,2,FOUND INTEGER FEASIBLE,0.000014,3.653265,0,0,0,0,0.000000,0.000000,0.000000,0.000000,0
supportcase12,config21,3,FOUND INTEGER FEASIBLE,0.000014,3.668991,0,0,0,0,0.000000,0.000000,0.000000,0.000000,0
supportcase12,config23,1,FOUND INTEGER FEASIBLE,0.000014,3.549756,0,0,0,0,0.000000,0.000000,0.000000,0.000000,0
supportcase12,config23,2,FOUND INTEGER FEASIBLE,0.000014,3.538949,0,0,0,0,0.000000,0.000000,0.000000,0.000000,0
supportcase12,config23,3,FOUND INTEGER FEASIBLE,0.000014,3.635273,0,0,0,0,0.000000,0.000000,0.000000,0.000000,0
supportcase12,config19,1,FOUND INTEGER FEASIBLE,0.000000,2.062650,0,0,-1,-1,0.000000,0.000000,0.000000,0.000000,0
supportcase12,config19,2,FOUND INTEGER FEASIBLE,0.000000,1.698876,0,0,-1,-1,0.000000,0.000000,0.000000,0.000000,0
supportcase12,config19,3,FOUND INTEGER FEASIBLE,0.000000,1.702367,0,0,-1,-1,0.000000,0.000000,0.000000,0.000000,0
supportcase12,config18,1,FOUND INTEGER FEASIBLE,0.000000,2.218205,0,0,-1,-1,0.000000,0.000000,0.000000,0.000000,0
supportcase12,config18,2,FOUND INTEGER FEASIBLE,0.000000,1.679358,0,0,-1,-1,0.000000,0.000000,0.000000,0.000000,0
supportcase12,config18,3,FOUND INTEGER FEASIBLE,0.000000,1.691503,0,0,-1,-1,0.000000,0.000000,0.000000,0.000000,0
supportcase18,config1,1,FOUND INTEGER FEASIBLE,0.000000,0.192857,1,0,-1,-1,85.000000,85.000000,0.000000,0.000000,0
supportcase18,config1,2,FOUND INTEGER FEASIBLE,0.000000,0.190976,1,0,-1,-1,85.000000,85.000000,0.000000,0.000000,0
supportcase18,config1,3,FOUND INTEGER FEASIBLE,0.000000,0.192343,1,0,-1,-1,85.000000,85.000000,0.000000,0.000000,0
supportcase18,config3,1,FOUND INTEGER FEASIBLE,0.000000,0.385842,28,0,-1,-1,70.000000,70.000000,0.000000,0.000000,0
supportcase18,config3,2,FOUND INTEGER FEASIBLE,0.000000,0.357646,23,0,-1,-1,68.000000,68.000000,0.000000,0.000000,0
supportcase18,config3,3,FOUND INTEGER FEASIBLE,0.000000,0.315300,16,0,-1,-1,70.000000,70.000000,0.000000,0.000000,0
supportcase18,config20,1,FOUND INTEGER FEASIBLE,0.000000,0.236858,1,0,-1,-1,120.000000,120.000000,0.000000,0.000000,0
supportcase18,config20,2,FOUND INTEGER FEASIBLE,0.000000,0.224758,1,0,-1,-1,120.000000,120.000000,0.000000,0.000000,0
supportcase18,config20,3,FOUND INTEGER FEASIBLE,0.000000,0.202904,1,0,-1,-1,120.000000,120.000000,0.000000,0.000000,0
supportcase18,config16,1,FOUND INTEGER FEASIBLE,0.080618,1.742640,369,10,3,0,64.000000,64.000000,0.000000,0.000000,0
supportcase18,config16,2,FOUND INTEGER FEASIBLE,0.086810,2.216848,562,10,4,0,62.000000,62.000000,0.000000,0.000000,0
supportcase18,config16,3,FOUND INTEGER FEASIBLE,0.086992,1.765208,435,10,3,0,63.000000,63.000000,0.000000,0.000000,0
supportcase18,config17,1,FOUND INTEGER FEASIBLE,0.075029,0.972562,124,12,0,0,78.000000,78.000000,0.000000,0.000000,0
supportcase18,config17,2,FOUND INTEGER FEASIBLE,0.052064,0.439975,44,12,0,0,76.000000,76.000000,0.000000,0.000000,0
supportcase18,config17,3,FOUND INTEGER FEASIBLE,0.086609,0.665394,59,12,0,0,77.000000,77.000000,0.000000,0.000000,0
supportcase18,config21,1,FOUND INTEGER FEASIBLE,0.076979,0.381651,1,13,2,2,120.000000,120.000000,0.000000,0.000000,0
supportcase18,config21,2,FOUND INTEGER FEASIBLE,0.076380,0.379411,1,13,2,2,120.000000,120.000000,0.000000,0.000000,0
supportcase18,config21,3,FOUND INTEGER FEASIBLE,0.086414,0.414683,1,13,2,2,120.000000,120.000000,0.000000,0.000000,0
supportcase18,config23,1,FOUND INTEGER FEASIBLE,0.076447,0.638389,16,13,2,2,70.000000,70.000000,0.000000,0.000000,0
supportcase18,config23,2,FOUND INTEGER FEASIBLE,0.052803,0.522501,12,13,2,2,69.000000,69.000000,0.000000,0.000000,0
supportcase18,config23,3,FOUND INTEGER FEASIBLE,0.076603,0.589096,14,13,2,2,73.000000,73.000000,0.000000,0.000000,0
supportcase18,config19,1,FOUND INTEGER FEASIBLE,0.000000,0.218074,0,0,-1,-1,120.000000,120.000000,0.000000,0.000000,0
supportcase18,config19,2,FOUND INTEGER FEASIBLE,0.000000,0.211968,0,0,-1,-1,120.000000,120.000000,0.000000,0.000000,0
supportcase18,config19,3,FOUND INTEGER FEASIBLE,0.000000,0.202927,0,0,-1,-1,120.000000,120.000000,0.000000,0.000000,0
supportcase18,config18,1,FOUND INTEGER FEASIBLE,0.000000,0.250606,0,0,-1,-1,120.000000,120.000000,0.000000,0.000000,0
supportcase18,config18,2,FOUND INTEGER FEASIBLE,0.000000,0.247367,0,0,-1,-1,120.000000,120.000000,0.000000,0.000000,0
supportcase18,config18,3,FOUND INTEGER FEASIBLE,0.000000,0.230191,0,0,-1,-1,120.000000,120.000000,0.000000,0.000000,0
supportcase19,config1,1,FAILED TO FIND AN INTEGER FEASIBLE SOLUTION,0.000000,3600,0,0,-1,-1,0.000000,0.000000,1429098.000000,100000000000000000000.000000,1429098
supportcase19,config1,2,FAILED TO FIND AN INTEGER FEASIBLE SOLUTION,0.000000,3600,0,0,-1,-1,0.000000,0.000000,1429098.000000,100000000000000000000.000000,1429098
supportcase19,config1,3,FAILED TO FIND AN INTEGER FEASIBLE SOLUTION,0.000000,3600,0,0,-1,-1,0.000000,0.000000,1429098.000000,100000000000000000000.000000,1429098
supportcase19,config3,1,FAILED TO FIND AN INTEGER FEASIBLE SOLUTION,0.000000,3600,0,0,-1,-1,0.000000,0.000000,1429098.000000,100000000000000000000.000000,1429098
supportcase19,config3,2,FAILED TO FIND AN INTEGER FEASIBLE SOLUTION,0.000000,3600,0,0,-1,-1,0.000000,0.000000,1429098.000000,100000000000000000000.000000,1429098
supportcase19,config3,3,FAILED TO FIND AN INTEGER FEASIBLE SOLUTION,0.000000,3600,0,0,-1,-1,0.000000,0.000000,1429098.000000,100000000000000000000.000000,1429098
supportcase19,config20,1,FAILED TO FIND AN INTEGER FEASIBLE SOLUTION,0.000000,3600,0,0,-1,-1,0.000000,0.000000,1429098.000000,100000000000000000000.000000,1429098
supportcase19,config20,2,FAILED TO FIND AN INTEGER FEASIBLE SOLUTION,0.000000,3600,0,0,-1,-1,0.000000,0.000000,1429098.000000,100000000000000000000.000000,1429098
supportcase19,config20,3,FAILED TO FIND AN INTEGER FEASIBLE SOLUTION,0.000000,3600,0,0,-1,-1,0.000000,0.000000,1429098.000000,100000000000000000000.000000,1429098
supportcase19,config16,1,FAILED TO FIND AN INTEGER FEASIBLE SOLUTION,3593.148861,3600,0,0,0,-1,0.000000,0.000000,1429098.000000,100000000000000000000.000000,1429098
supportcase19,config16,2,FAILED TO FIND AN INTEGER FEASIBLE SOLUTION,3593.203717,3600,0,0,0,-1,0.000000,0.000000,1429098.000000,100000000000000000000.000000,1429098
supportcase19,config16,3,FAILED TO FIND AN INTEGER FEASIBLE SOLUTION,3593.617454,3600,0,0,0,-1,0.000000,0.000000,1429098.000000,100000000000000000000.000000,1429098
supportcase19,config17,1,FAILED TO FIND AN INTEGER FEASIBLE SOLUTION,3593.859919,3600,0,0,0,-1,0.000000,0.000000,1429098.000000,100000000000000000000.000000,1429098
supportcase19,config17,2,FAILED TO FIND AN INTEGER FEASIBLE SOLUTION,3593.708308,3600,0,0,0,-1,0.000000,0.000000,1429098.000000,100000000000000000000.000000,1429098
supportcase19,config17,3,FAILED TO FIND AN INTEGER FEASIBLE SOLUTION,3592.952332,3600,0,0,0,-1,0.000000,0.000000,1429098.000000,100000000000000000000.000000,1429098
supportcase19,config21,1,FAILED TO FIND AN INTEGER FEASIBLE SOLUTION,3592.742430,3600,0,0,0,-1,0.000000,0.000000,1429098.000000,100000000000000000000.000000,1429098
supportcase19,config21,2,FAILED TO FIND AN INTEGER FEASIBLE SOLUTION,3592.791928,3600,0,0,0,-1,0.000000,0.000000,1429098.000000,100000000000000000000.000000,1429098
supportcase19,config21,3,FAILED TO FIND AN INTEGER FEASIBLE SOLUTION,3593.362104,3600,0,0,0,-1,0.000000,0.000000,1429098.000000,100000000000000000000.000000,1429098
supportcase19,config23,1,FAILED TO FIND AN INTEGER FEASIBLE SOLUTION,3593.939599,3600,0,0,0,-1,0.000000,0.000000,1429098.000000,100000000000000000000.000000,1429098
supportcase19,config23,2,FAILED TO FIND AN INTEGER FEASIBLE SOLUTION,3592.568232,3600,0,0,0,-1,0.000000,0.000000,1429098.000000,100000000000000000000.000000,1429098
supportcase19,config23,3,FAILED TO FIND AN INTEGER FEASIBLE SOLUTION,3592.563415,3600,0,0,0,-1,0.000000,0.000000,1429098.000000,100000000000000000000.000000,1429098
supportcase19,config19,1,FAILED TO FIND AN INTEGER FEASIBLE SOLUTION,0.000000,3600,0,0,-1,-1,0.000000,0.000000,inf,inf,0
supportcase19,config19,2,FAILED TO FIND AN INTEGER FEASIBLE SOLUTION,0.000000,3600,0,0,-1,-1,0.000000,0.000000,inf,inf,0
supportcase19,config19,3,FAILED TO FIND AN INTEGER FEASIBLE SOLUTION,0.000000,3600,0,0,-1,-1,0.000000,0.000000,inf,inf,0
supportcase19,config18,1,FAILED TO FIND AN INTEGER FEASIBLE SOLUTION,0.000000,3600,0,0,-1,-1,0.000000,0.000000,inf,inf,0
supportcase19,config18,2,FAILED TO FIND AN INTEGER FEASIBLE SOLUTION,0.000000,3600,0,0,-1,-1,0.000000,0.000000,inf,inf,0
supportcase19,config18,3,FAILED TO FIND AN INTEGER FEASIBLE SOLUTION,0.000000,3600,0,0,-1,-1,0.000000,0.000000,inf,inf,0
supportcase22,config1,1,FAILED TO FIND AN INTEGER FEASIBLE SOLUTION,0.000000,3600,12,0,-1,-1,0.000000,0.000000,0.230246,1.210775,29
supportcase22,config1,2,FAILED TO FIND AN INTEGER FEASIBLE SOLUTION,0.000000,3600,8,0,-1,-1,0.000000,0.000000,0.230246,1.210775,29
supportcase22,config1,3,FAILED TO FIND AN INTEGER FEASIBLE SOLUTION,0.000000,3600,67,0,-1,-1,0.000000,0.000000,0.230246,1.210775,29
supportcase22,config3,1,FAILED TO FIND AN INTEGER FEASIBLE SOLUTION,0.000000,3600,12,0,-1,-1,0.000000,0.000000,1.739275,1.739274,27
supportcase22,config3,2,FAILED TO FIND AN INTEGER FEASIBLE SOLUTION,0.000000,3600,9,0,-1,-1,0.000000,0.000000,1.843395,2.043394,19
supportcase22,config3,3,FAILED TO FIND AN INTEGER FEASIBLE SOLUTION,0.000000,3600,6,0,-1,-1,0.000000,0.000000,0.415877,2.087814,28
supportcase22,config20,1,FAILED TO FIND AN INTEGER FEASIBLE SOLUTION,0.000000,3600,1,0,-1,-1,0.000000,0.000000,2.645745,10.277461,231
supportcase22,config20,2,FAILED TO FIND AN INTEGER FEASIBLE SOLUTION,0.000000,3600,1,0,-1,-1,0.000000,0.000000,2.645745,10.277461,231
supportcase22,config20,3,FAILED TO FIND AN INTEGER FEASIBLE SOLUTION,0.000000,3600,1,0,-1,-1,0.000000,0.000000,2.645745,10.277461,231
supportcase22,config16,1,FAILED TO FIND AN INTEGER FEASIBLE SOLUTION,1682.545750,3600,12,1,1,1,0.000000,0.000000,0.230246,1.210775,29
supportcase22,config16,2,FAILED TO FIND AN INTEGER FEASIBLE SOLUTION,1674.399077,3600,7,1,1,1,0.000000,0.000000,0.230246,1.210775,29
supportcase22,config16,3,FAILED TO FIND AN INTEGER FEASIBLE SOLUTION,1720.188737,3600,67,1,1,1,0.000000,0.000000,0.230246,1.210775,29
supportcase22,config17,1,FAILED TO FIND AN INTEGER FEASIBLE SOLUTION,2.307248,3600,42,3,3,1,0.000000,0.000000,0.261912,1.216064,32
supportcase22,config17,2,FAILED TO FIND AN INTEGER FEASIBLE SOLUTION,2.178143,3600,38,3,3,1,0.000000,0.000000,0.397693,1.141253,24
supportcase22,config17,3,FAILED TO FIND AN INTEGER FEASIBLE SOLUTION,2.194195,3600,47,3,3,1,0.000000,0.000000,0.261920,1.216071,32
supportcase22,config21,1,FAILED TO FIND AN INTEGER FEASIBLE SOLUTION,3152.110105,3600,42,12,11,0,0.000000,0.000000,1.608627,1.608626,20
supportcase22,config21,2,FAILED TO FIND AN INTEGER FEASIBLE SOLUTION,3158.045048,3600,48,12,11,0,0.000000,0.000000,0.313157,1.098321,34
supportcase22,config21,3,FAILED TO FIND AN INTEGER FEASIBLE SOLUTION,3165.534226,3600,54,12,11,0,0.000000,0.000000,3.730218,5.109763,84
supportcase22,config23,1,FAILED TO FIND AN INTEGER FEASIBLE SOLUTION,3183.999976,3600,45,12,11,0,0.000000,0.000000,1.607551,1.607549,20
supportcase22,config23,2,FAILED TO FIND AN INTEGER FEASIBLE SOLUTION,3153.594152,3600,51,12,11,0,0.000000,0.000000,0.783605,4.309652,63
supportcase22,config23,3,FAILED TO FIND AN INTEGER FEASIBLE SOLUTION,3170.999744,3600,50,12,11,0,0.000000,0.000000,1.607551,1.607548,20
supportcase22,config19,1,FAILED TO FIND AN INTEGER FEASIBLE SOLUTION,0.000000,3600,0,0,-1,-1,0.000000,0.000000,inf,inf,0
supportcase22,config19,2,FAILED TO FIND AN INTEGER FEASIBLE SOLUTION,0.000000,3600,0,0,-1,-1,0.000000,0.000000,inf,inf,0
supportcase22,config19,3,FAILED TO FIND AN INTEGER FEASIBLE SOLUTION,0.000000,3600,0,0,-1,-1,0.000000,0.000000,inf,inf,0
supportcase22,config18,1,FAILED TO FIND AN INTEGER FEASIBLE SOLUTION,0.000000,3600,0,0,-1,-1,0.000000,0.000000,inf,inf,0
supportcase22,config18,2,FAILED TO FIND AN INTEGER FEASIBLE SOLUTION,0.000000,3600,0,0,-1,-1,0.000000,0.000000,inf,inf,0
supportcase22,config18,3,FAILED TO FIND AN INTEGER FEASIBLE SOLUTION,0.000000,3600,0,0,-1,-1,0.000000,0.000000,inf,inf,0
supportcase26,config1,1,FOUND INTEGER FEASIBLE,0.000000,0.020963,1,0,-1,-1,2202.773880,2201.879396,0.000000,0.000000,0
supportcase26,config1,2,FOUND INTEGER FEASIBLE,0.000000,0.020760,1,0,-1,-1,2202.773880,2201.879396,0.000000,0.000000,0
supportcase26,config1,3,FOUND INTEGER FEASIBLE,0.000000,0.020608,1,0,-1,-1,2202.773880,2201.879396,0.000000,0.000000,0
supportcase26,config3,1,FOUND INTEGER FEASIBLE,0.000000,0.011012,0,0,-1,-1,2201.879396,2201.879396,0.000000,0.000000,0
supportcase26,config3,2,FOUND INTEGER FEASIBLE,0.000000,0.011642,0,0,-1,-1,2201.879396,2201.879396,0.000000,0.000000,0
supportcase26,config3,3,FOUND INTEGER FEASIBLE,0.000000,0.010832,0,0,-1,-1,2201.879396,2201.879396,0.000000,0.000000,0
supportcase26,config20,1,FOUND INTEGER FEASIBLE,0.000000,0.012348,0,0,-1,-1,2537.591322,2537.591322,0.000000,0.000000,0
supportcase26,config20,2,FOUND INTEGER FEASIBLE,0.000000,0.012081,0,0,-1,-1,2537.591322,2537.591322,0.000000,0.000000,0
supportcase26,config20,3,FOUND INTEGER FEASIBLE,0.000000,0.010903,0,0,-1,-1,2537.591322,2537.591322,0.000000,0.000000,0
supportcase26,config16,1,FOUND INTEGER FEASIBLE,0.009173,0.023653,0,10,0,0,2201.879396,2201.879396,0.000000,0.000000,0
supportcase26,config16,2,FOUND INTEGER FEASIBLE,0.007800,0.017000,0,10,0,0,2201.879396,2201.879396,0.000000,0.000000,0
supportcase26,config16,3,FOUND INTEGER FEASIBLE,0.009455,0.023834,0,10,0,0,2201.879396,2201.879396,0.000000,0.000000,0
supportcase26,config17,1,FOUND INTEGER FEASIBLE,0.002943,0.016793,0,0,0,0,2201.879396,2201.879396,0.000000,0.000000,0
supportcase26,config17,2,FOUND INTEGER FEASIBLE,0.001915,0.012666,0,0,0,0,2201.879396,2201.879396,0.000000,0.000000,0
supportcase26,config17,3,FOUND INTEGER FEASIBLE,0.003090,0.017290,0,0,0,0,2201.879396,2201.879396,0.000000,0.000000,0
supportcase26,config21,1,FOUND INTEGER FEASIBLE,0.003061,0.016231,0,0,0,0,2537.591322,2537.591322,0.000000,0.000000,0
supportcase26,config21,2,FOUND INTEGER FEASIBLE,0.002478,0.012997,0,0,0,0,2537.591322,2537.591322,0.000000,0.000000,0
supportcase26,config21,3,FOUND INTEGER FEASIBLE,0.003021,0.016096,0,0,0,0,2537.591322,2537.591322,0.000000,0.000000,0
supportcase26,config23,1,FOUND INTEGER FEASIBLE,0.003028,0.017039,0,0,0,0,2201.879396,2201.879396,0.000000,0.000000,0
supportcase26,config23,2,FOUND INTEGER FEASIBLE,0.003078,0.016682,0,0,0,0,2201.879396,2201.879396,0.000000,0.000000,0
supportcase26,config23,3,FOUND INTEGER FEASIBLE,0.002713,0.015200,0,0,0,0,2201.879396,2201.879396,0.000000,0.000000,0
supportcase26,config19,1,FOUND INTEGER FEASIBLE,0.000000,0.014179,0,0,-1,-1,2537.591322,2537.591322,0.000000,0.000000,0
supportcase26,config19,2,FOUND INTEGER FEASIBLE,0.000000,0.012238,0,0,-1,-1,2537.591322,2537.591322,0.000000,0.000000,0
supportcase26,config19,3,FOUND INTEGER FEASIBLE,0.000000,0.015152,0,0,-1,-1,2537.591322,2537.591322,0.000000,0.000000,0
supportcase26,config18,1,FOUND INTEGER FEASIBLE,0.000000,0.014162,0,0,-1,-1,2537.591322,2537.591322,0.000000,0.000000,0
supportcase26,config18,2,FOUND INTEGER FEASIBLE,0.000000,0.011203,0,0,-1,-1,2537.591322,2537.591322,0.000000,0.000000,0
supportcase26,config18,3,FOUND INTEGER FEASIBLE,0.000000,0.008781,0,0,-1,-1,2537.591322,2537.591322,0.000000,0.000000,0
supportcase33,config1,1,FOUND INTEGER FEASIBLE,0.000000,5.291068,46,0,-1,-1,-180.000000,-180.000000,0.000000,0.000000,0
supportcase33,config1,2,FOUND INTEGER FEASIBLE,0.000000,1.350435,23,0,-1,-1,-185.000000,-185.000000,0.000000,0.000000,0
supportcase33,config1,3,FOUND INTEGER FEASIBLE,0.000000,1.898203,51,0,-1,-1,-160.000000,-160.000000,0.000000,0.000000,0
supportcase33,config3,1,FOUND INTEGER FEASIBLE,0.000000,0.302433,0,0,-1,-1,0.000000,0.000000,0.000000,0.000000,0
supportcase33,config3,2,FOUND INTEGER FEASIBLE,0.000000,0.305181,0,0,-1,-1,0.000000,0.000000,0.000000,0.000000,0
supportcase33,config3,3,FOUND INTEGER FEASIBLE,0.000000,0.300872,0,0,-1,-1,0.000000,0.000000,0.000000,0.000000,0
supportcase33,config20,1,FOUND INTEGER FEASIBLE,0.000000,2.631593,44,0,-1,-1,-95.000000,-95.000000,0.000000,0.000000,0
supportcase33,config20,2,FOUND INTEGER FEASIBLE,0.000000,2.443076,27,0,-1,-1,-75.000000,-75.000000,0.000000,0.000000,0
supportcase33,config20,3,FOUND INTEGER FEASIBLE,0.000000,6.500819,139,0,-1,-1,-100.000000,-100.000000,0.000000,0.000000,0
supportcase33,config16,1,FOUND INTEGER FEASIBLE,0.202820,1.359763,31,13,1,1,-110.000000,-110.000000,0.000000,0.000000,0
supportcase33,config16,2,FOUND INTEGER FEASIBLE,0.204905,2.213719,77,13,1,1,-40.000000,-40.000000,0.000000,0.000000,0
supportcase33,config16,3,FOUND INTEGER FEASIBLE,0.202701,1.547737,44,13,1,1,-75.000000,-75.000000,0.000000,0.000000,0
supportcase33,config17,1,FOUND INTEGER FEASIBLE,0.051423,0.604892,0,1,0,0,0.000000,0.000000,0.000000,0.000000,0
supportcase33,config17,2,FOUND INTEGER FEASIBLE,0.051100,0.600867,0,1,0,0,0.000000,0.000000,0.000000,0.000000,0
supportcase33,config17,3,FOUND INTEGER FEASIBLE,0.051342,0.600704,0,1,0,0,0.000000,0.000000,0.000000,0.000000,0
supportcase33,config21,1,FOUND INTEGER FEASIBLE,0.462065,0.990836,0,13,0,0,-25.000000,-25.000000,0.000000,0.000000,0
supportcase33,config21,2,FOUND INTEGER FEASIBLE,0.464522,0.998644,0,13,0,0,-25.000000,-25.000000,0.000000,0.000000,0
supportcase33,config21,3,FOUND INTEGER FEASIBLE,0.463512,0.992643,0,13,0,0,-25.000000,-25.000000,0.000000,0.000000,0
supportcase33,config23,1,FOUND INTEGER FEASIBLE,0.464354,0.995390,0,13,0,0,0.000000,0.000000,0.000000,0.000000,0
supportcase33,config23,2,FOUND INTEGER FEASIBLE,0.464401,0.994546,0,13,0,0,0.000000,0.000000,0.000000,0.000000,0
supportcase33,config23,3,FOUND INTEGER FEASIBLE,0.464126,0.993591,0,13,0,0,0.000000,0.000000,0.000000,0.000000,0
supportcase33,config19,1,FOUND INTEGER FEASIBLE,0.000000,0.246295,0,0,-1,-1,0.000000,0.000000,0.000000,0.000000,0
supportcase33,config19,2,FOUND INTEGER FEASIBLE,0.000000,0.154076,0,0,-1,-1,0.000000,0.000000,0.000000,0.000000,0
supportcase33,config19,3,FOUND INTEGER FEASIBLE,0.000000,0.157154,0,0,-1,-1,0.000000,0.000000,0.000000,0.000000,0
supportcase33,config18,1,FOUND INTEGER FEASIBLE,0.000000,0.176010,0,0,-1,-1,0.000000,0.000000,0.000000,0.000000,0
supportcase33,config18,2,FOUND INTEGER FEASIBLE,0.000000,0.156919,0,0,-1,-1,0.000000,0.000000,0.000000,0.000000,0
supportcase33,config18,3,FOUND INTEGER FEASIBLE,0.000000,0.107436,0,0,-1,-1,0.000000,0.000000,0.000000,0.000000,0
supportcase40,config1,1,FOUND INTEGER FEASIBLE,0.000000,1.585246,1,0,-1,-1,65944.212164,62720.208066,0.000000,0.000000,0
supportcase40,config1,2,FOUND INTEGER FEASIBLE,0.000000,1.648281,2,0,-1,-1,47405.950372,37728.028444,0.000000,0.000000,0
supportcase40,config1,3,FOUND INTEGER FEASIBLE,0.000000,1.698443,1,0,-1,-1,65944.212164,62720.208066,0.000000,0.000000,0
supportcase40,config3,1,FOUND INTEGER FEASIBLE,0.000000,0.197801,0,0,-1,-1,138724.092090,42616.171500,0.000000,0.000000,0
supportcase40,config3,2,FOUND INTEGER FEASIBLE,0.000000,0.197221,0,0,-1,-1,138724.092090,42616.171500,0.000000,0.000000,0
supportcase40,config3,3,FOUND INTEGER FEASIBLE,0.000000,0.197472,0,0,-1,-1,138724.092090,42616.171500,0.000000,0.000000,0
supportcase40,config20,1,FOUND INTEGER FEASIBLE,0.000000,0.171201,0,0,-1,-1,141684.717691,51246.913966,0.000000,0.000000,0
supportcase40,config20,2,FOUND INTEGER FEASIBLE,0.000000,0.172802,0,0,-1,-1,141684.717691,51246.913966,0.000000,0.000000,0
supportcase40,config20,3,FOUND INTEGER FEASIBLE,0.000000,0.173948,0,0,-1,-1,141684.717691,51246.913966,0.000000,0.000000,0
supportcase40,config16,1,FOUND INTEGER FEASIBLE,0.506210,1.459947,1,2,0,0,65624.144123,54465.411672,0.000000,0.000000,0
supportcase40,config16,2,FOUND INTEGER FEASIBLE,0.299139,1.049046,2,2,0,0,51543.634793,37669.626295,0.000000,0.000000,0
supportcase40,config16,3,FOUND INTEGER FEASIBLE,0.577359,2.028909,1,2,0,0,65624.144123,54465.411672,0.000000,0.000000,0
supportcase40,config17,1,FOUND INTEGER FEASIBLE,0.040569,0.265845,0,0,0,0,137374.299261,45412.729530,0.000000,0.000000,0
supportcase40,config17,2,FOUND INTEGER FEASIBLE,0.040522,0.262920,0,0,0,0,137374.299261,45412.729530,0.000000,0.000000,0
supportcase40,config17,3,FOUND INTEGER FEASIBLE,0.040192,0.264770,0,0,0,0,137374.299261,45412.729530,0.000000,0.000000,0
supportcase40,config21,1,FOUND INTEGER FEASIBLE,0.022691,0.232597,0,0,0,0,141412.399580,50724.660842,0.000000,0.000000,0
supportcase40,config21,2,FOUND INTEGER FEASIBLE,0.022778,0.233990,0,0,0,0,141412.399580,50724.660842,0.000000,0.000000,0
supportcase40,config21,3,FOUND INTEGER FEASIBLE,0.022652,0.232950,0,0,0,0,141412.399580,50724.660842,0.000000,0.000000,0
supportcase40,config23,1,FOUND INTEGER FEASIBLE,0.022748,0.247941,0,0,0,0,137374.299261,45412.729530,0.000000,0.000000,0
supportcase40,config23,2,FOUND INTEGER FEASIBLE,0.022730,0.246892,0,0,0,0,137374.299261,45412.729530,0.000000,0.000000,0
supportcase40,config23,3,FOUND INTEGER FEASIBLE,0.022905,0.247683,0,0,0,0,137374.299261,45412.729530,0.000000,0.000000,0
supportcase40,config19,1,FOUND INTEGER FEASIBLE,0.000000,0.207422,0,0,-1,-1,213568.377872,41336.659937,0.000000,0.000000,0
supportcase40,config19,2,FOUND INTEGER FEASIBLE,0.000000,0.173473,0,0,-1,-1,213568.377872,41336.659937,0.000000,0.000000,0
supportcase40,config19,3,FOUND INTEGER FEASIBLE,0.000000,0.175356,0,0,-1,-1,213568.377872,41336.659937,0.000000,0.000000,0
supportcase40,config18,1,FOUND INTEGER FEASIBLE,0.000000,0.165354,0,0,-1,-1,213568.377872,41336.659937,0.000000,0.000000,0
supportcase40,config18,2,FOUND INTEGER FEASIBLE,0.000000,0.123224,0,0,-1,-1,213568.377872,41336.659937,0.000000,0.000000,0
supportcase40,config18,3,FOUND INTEGER FEASIBLE,0.000000,0.175965,0,0,-1,-1,213568.377872,41336.659937,0.000000,0.000000,0
supportcase42,config1,1,FOUND INTEGER FEASIBLE,0.000000,13.896320,1,0,-1,-1,77.594091,77.594091,0.000000,0.000000,0
supportcase42,config1,2,FOUND INTEGER FEASIBLE,0.000000,13.949238,1,0,-1,-1,104.633389,104.633389,0.000000,0.000000,0
supportcase42,config1,3,FOUND INTEGER FEASIBLE,0.000000,13.804753,1,0,-1,-1,8.091641,8.091641,0.000000,0.000000,0
supportcase42,config3,1,FOUND INTEGER FEASIBLE,0.000000,1.080356,0,0,-1,-1,40.000000,40.000000,0.000000,0.000000,0
supportcase42,config3,2,FOUND INTEGER FEASIBLE,0.000000,1.080540,0,0,-1,-1,40.000000,40.000000,0.000000,0.000000,0
supportcase42,config3,3,FOUND INTEGER FEASIBLE,0.000000,1.092711,0,0,-1,-1,40.000000,40.000000,0.000000,0.000000,0
supportcase42,config20,1,FOUND INTEGER FEASIBLE,0.000000,1.623220,0,0,-1,-1,40.000000,40.000000,0.000000,0.000000,0
supportcase42,config20,2,FOUND INTEGER FEASIBLE,0.000000,1.602807,0,0,-1,-1,40.000000,40.000000,0.000000,0.000000,0
supportcase42,config20,3,FOUND INTEGER FEASIBLE,0.000000,1.612454,0,0,-1,-1,40.000000,40.000000,0.000000,0.000000,0
supportcase42,config16,1,FOUND INTEGER FEASIBLE,0.000004,14.250276,1,0,0,0,77.594091,77.594091,0.000000,0.000000,0
supportcase42,config16,2,FOUND INTEGER FEASIBLE,0.000004,14.319222,1,0,0,0,104.633389,104.633389,0.000000,0.000000,0
supportcase42,config16,3,FOUND INTEGER FEASIBLE,0.000005,14.116950,1,0,0,0,8.091641,8.091641,0.000000,0.000000,0
supportcase42,config17,1,FOUND INTEGER FEASIBLE,0.000004,1.710376,0,0,0,0,40.000000,40.000000,0.000000,0.000000,0
supportcase42,config17,2,FOUND INTEGER FEASIBLE,0.000005,1.632531,0,0,0,0,40.000000,40.000000,0.000000,0.000000,0
supportcase42,config17,3,FOUND INTEGER FEASIBLE,0.000004,1.685462,0,0,0,0,40.000000,40.000000,0.000000,0.000000,0
supportcase42,config21,1,FOUND INTEGER FEASIBLE,0.000004,1.635812,0,0,0,0,40.000000,40.000000,0.000000,0.000000,0
supportcase42,config21,2,FOUND INTEGER FEASIBLE,0.000004,1.690874,0,0,0,0,40.000000,40.000000,0.000000,0.000000,0
supportcase42,config21,3,FOUND INTEGER FEASIBLE,0.000004,1.626221,0,0,0,0,40.000000,40.000000,0.000000,0.000000,0
supportcase42,config23,1,FOUND INTEGER FEASIBLE,0.000004,1.688629,0,0,0,0,40.000000,40.000000,0.000000,0.000000,0
supportcase42,config23,2,FOUND INTEGER FEASIBLE,0.000004,1.634247,0,0,0,0,40.000000,40.000000,0.000000,0.000000,0
supportcase42,config23,3,FOUND INTEGER FEASIBLE,0.000004,1.688364,0,0,0,0,40.000000,40.000000,0.000000,0.000000,0
supportcase42,config19,1,FOUND INTEGER FEASIBLE,0.000000,0.350071,0,0,-1,-1,40.000000,40.000000,0.000000,0.000000,0
supportcase42,config19,2,FOUND INTEGER FEASIBLE,0.000000,0.224908,0,0,-1,-1,40.000000,40.000000,0.000000,0.000000,0
supportcase42,config19,3,FOUND INTEGER FEASIBLE,0.000000,0.221688,0,0,-1,-1,40.000000,40.000000,0.000000,0.000000,0
supportcase42,config18,1,FOUND INTEGER FEASIBLE,0.000000,0.275892,0,0,-1,-1,40.000000,40.000000,0.000000,0.000000,0
supportcase42,config18,2,FOUND INTEGER FEASIBLE,0.000000,0.186681,0,0,-1,-1,40.000000,40.000000,0.000000,0.000000,0
supportcase42,config18,3,FOUND INTEGER FEASIBLE,0.000000,0.191768,0,0,-1,-1,40.000000,40.000000,0.000000,0.000000,0
supportcase6,config1,1,FOUND INTEGER FEASIBLE,0.000000,6.064205,4,0,-1,-1,62392.659116,62392.659116,0.000000,0.000000,0
supportcase6,config1,2,FOUND INTEGER FEASIBLE,0.000000,5.956533,4,0,-1,-1,62392.659116,62392.659116,0.000000,0.000000,0
supportcase6,config1,3,FOUND INTEGER FEASIBLE,0.000000,5.427126,3,0,-1,-1,62392.659116,62392.659116,0.000000,0.000000,0
supportcase6,config3,1,FOUND INTEGER FEASIBLE,0.000000,3.664479,1,0,-1,-1,62444.110835,62444.110835,0.000000,0.000000,0
supportcase6,config3,2,FOUND INTEGER FEASIBLE,0.000000,3.664272,1,0,-1,-1,62444.110835,62444.110835,0.000000,0.000000,0
supportcase6,config3,3,FOUND INTEGER FEASIBLE,0.000000,3.656995,1,0,-1,-1,62444.110835,62444.110835,0.000000,0.000000,0
supportcase6,config20,1,FOUND INTEGER FEASIBLE,0.000000,2.632186,0,0,-1,-1,533400.169385,533400.169385,0.000000,0.000000,0
supportcase6,config20,2,FOUND INTEGER FEASIBLE,0.000000,2.602389,0,0,-1,-1,533400.169385,533400.169385,0.000000,0.000000,0
supportcase6,config20,3,FOUND INTEGER FEASIBLE,0.000000,2.601381,0,0,-1,-1,533400.169385,533400.169385,0.000000,0.000000,0
supportcase6,config16,1,FOUND INTEGER FEASIBLE,1.161355,6.083677,2,7,1,1,62303.746837,62303.746837,0.000000,0.000000,0
supportcase6,config16,2,FOUND INTEGER FEASIBLE,1.200946,6.223773,2,7,1,1,62303.746837,62303.746837,0.000000,0.000000,0
supportcase6,config16,3,FOUND INTEGER FEASIBLE,1.193014,6.123844,2,7,1,1,62303.746837,62303.746837,0.000000,0.000000,0
supportcase6,config17,1,FOUND INTEGER FEASIBLE,1.514967,7.190882,4,10,1,1,72388.756823,72388.756823,0.000000,0.000000,0
supportcase6,config17,2,FOUND INTEGER FEASIBLE,1.519776,7.091738,4,10,1,1,72388.756823,72388.756823,0.000000,0.000000,0
supportcase6,config17,3,FOUND INTEGER FEASIBLE,1.527038,6.525250,3,10,1,1,62372.755929,62372.755929,0.000000,0.000000,0
supportcase6,config21,1,FOUND INTEGER FEASIBLE,0.440045,2.562186,1,2,0,0,92722.894762,92722.894762,0.000000,0.000000,0
supportcase6,config21,2,FOUND INTEGER FEASIBLE,0.503449,3.487898,1,2,0,0,92722.894762,92722.894762,0.000000,0.000000,0
supportcase6,config21,3,FOUND INTEGER FEASIBLE,0.492282,3.530045,1,2,0,0,92709.287155,92709.287155,0.000000,0.000000,0
supportcase6,config23,1,FOUND INTEGER FEASIBLE,0.498634,4.372509,2,2,0,0,72544.475693,72544.475693,0.000000,0.000000,0
supportcase6,config23,2,FOUND INTEGER FEASIBLE,0.495780,4.435658,2,2,0,0,72544.475693,72544.475693,0.000000,0.000000,0
supportcase6,config23,3,FOUND INTEGER FEASIBLE,0.503510,4.051953,2,2,0,0,72513.786104,72513.786104,0.000000,0.000000,0
supportcase6,config19,1,FOUND INTEGER FEASIBLE,0.000000,3.158001,0,0,-1,-1,102597.533860,102597.533860,0.000000,0.000000,0
supportcase6,config19,2,FOUND INTEGER FEASIBLE,0.000000,2.587455,0,0,-1,-1,102597.533860,102597.533860,0.000000,0.000000,0
supportcase6,config19,3,FOUND INTEGER FEASIBLE,0.000000,2.591021,0,0,-1,-1,102597.533860,102597.533860,0.000000,0.000000,0
supportcase6,config18,1,FOUND INTEGER FEASIBLE,0.000000,2.562102,0,0,-1,-1,102597.533860,102597.533860,0.000000,0.000000,0
supportcase6,config18,2,FOUND INTEGER FEASIBLE,0.000000,2.469764,0,0,-1,-1,102597.533860,102597.533860,0.000000,0.000000,0
supportcase6,config18,3,FOUND INTEGER FEASIBLE,0.000000,2.477022,0,0,-1,-1,102597.533860,102597.533860,0.000000,0.000000,0
supportcase7,config1,1,FOUND INTEGER FEASIBLE,0.000000,5.688018,5,0,-1,-1,449.534508,-551.077771,0.000000,0.000000,0
supportcase7,config1,2,FOUND INTEGER FEASIBLE,0.000000,4.179200,1,0,-1,-1,955.310372,952.693900,0.000000,0.000000,0
supportcase7,config1,3,FOUND INTEGER FEASIBLE,0.000000,5.471810,3,0,-1,-1,267.001188,-588.413128,0.000000,0.000000,0
supportcase7,config3,1,FOUND INTEGER FEASIBLE,0.000000,1.971694,0,0,-1,-1,956.959900,952.693900,0.000000,0.000000,0
supportcase7,config3,2,FOUND INTEGER FEASIBLE,0.000000,1.949000,0,0,-1,-1,956.959900,952.693900,0.000000,0.000000,0
supportcase7,config3,3,FOUND INTEGER FEASIBLE,0.000000,2.013150,0,0,-1,-1,956.959900,952.693900,0.000000,0.000000,0
supportcase7,config20,1,FOUND INTEGER FEASIBLE,0.000000,4.092785,3,0,-1,-1,830.127079,-616.657881,0.000000,0.000000,0
supportcase7,config20,2,FOUND INTEGER FEASIBLE,0.000000,4.476895,5,0,-1,-1,882.200120,-587.141341,0.000000,0.000000,0
supportcase7,config20,3,FOUND INTEGER FEASIBLE,0.000000,4.296663,4,0,-1,-1,711.138582,-692.286259,0.000000,0.000000,0
supportcase7,config16,1,FOUND INTEGER FEASIBLE,2.666298,4.643092,0,7,0,0,952.693900,952.693900,0.000000,0.000000,0
supportcase7,config16,2,FOUND INTEGER FEASIBLE,2.572354,3.631111,0,7,0,0,952.693900,952.693900,0.000000,0.000000,0
supportcase7,config16,3,FOUND INTEGER FEASIBLE,2.719309,4.493518,0,7,0,0,952.693900,952.693900,0.000000,0.000000,0
supportcase7,config17,1,FOUND INTEGER FEASIBLE,0.163180,2.409131,0,0,0,0,956.959900,952.693900,0.000000,0.000000,0
supportcase7,config17,2,FOUND INTEGER FEASIBLE,0.164798,2.326053,0,0,0,0,956.959900,952.693900,0.000000,0.000000,0
supportcase7,config17,3,FOUND INTEGER FEASIBLE,0.158109,2.373620,0,0,0,0,956.959900,952.693900,0.000000,0.000000,0
supportcase7,config21,1,FOUND INTEGER FEASIBLE,2.993993,4.799484,0,8,0,0,952.693900,952.693900,0.000000,0.000000,0
supportcase7,config21,2,FOUND INTEGER FEASIBLE,3.049517,4.941936,0,8,0,0,952.693900,952.693900,0.000000,0.000000,0
supportcase7,config21,3,FOUND INTEGER FEASIBLE,3.029312,4.815380,0,8,0,0,952.693900,952.693900,0.000000,0.000000,0
supportcase7,config23,1,FOUND INTEGER FEASIBLE,3.171078,4.661372,0,8,0,0,952.693900,952.693900,0.000000,0.000000,0
supportcase7,config23,2,FOUND INTEGER FEASIBLE,3.029462,4.808470,0,8,0,0,952.693900,952.693900,0.000000,0.000000,0
supportcase7,config23,3,FOUND INTEGER FEASIBLE,3.057025,4.928615,0,8,0,0,952.693900,952.693900,0.000000,0.000000,0
supportcase7,config19,1,FOUND INTEGER FEASIBLE,0.000000,1.929085,0,0,-1,-1,956.959900,952.693900,0.000000,0.000000,0
supportcase7,config19,2,FOUND INTEGER FEASIBLE,0.000000,1.725986,0,0,-1,-1,956.959900,952.693900,0.000000,0.000000,0
supportcase7,config19,3,FOUND INTEGER FEASIBLE,0.000000,1.715469,0,0,-1,-1,956.959900,952.693900,0.000000,0.000000,0
supportcase7,config18,1,FOUND INTEGER FEASIBLE,0.000000,1.663117,0,0,-1,-1,956.959900,952.693900,0.000000,0.000000,0
supportcase7,config18,2,FOUND INTEGER FEASIBLE,0.000000,1.001258,0,0,-1,-1,956.959900,952.693900,0.000000,0.000000,0
supportcase7,config18,3,FOUND INTEGER FEASIBLE,0.000000,1.743154,0,0,-1,-1,956.959900,952.693900,0.000000,0.000000,0
swath1,config1,1,FOUND INTEGER FEASIBLE,0.000000,0.169753,5,0,-1,-1,967.140786,652.567702,0.000000,0.000000,0
swath1,config1,2,FOUND INTEGER FEASIBLE,0.000000,0.168503,5,0,-1,-1,669.578650,597.115283,0.000000,0.000000,0
swath1,config1,3,FOUND INTEGER FEASIBLE,0.000000,0.333112,18,0,-1,-1,1328.125249,856.865067,0.000000,0.000000,0
swath1,config3,1,FOUND INTEGER FEASIBLE,0.000000,0.169593,5,0,-1,-1,1435.236088,875.325833,0.000000,0.000000,0
swath1,config3,2,FOUND INTEGER FEASIBLE,0.000000,0.317512,26,0,-1,-1,1663.517057,1051.349853,0.000000,0.000000,0
swath1,config3,3,FOUND INTEGER FEASIBLE,0.000000,0.166939,3,0,-1,-1,1388.959193,708.131622,0.000000,0.000000,0
swath1,config20,1,FOUND INTEGER FEASIBLE,0.000000,0.125622,4,0,-1,-1,1507.923263,912.821178,0.000000,0.000000,0
swath1,config20,2,FOUND INTEGER FEASIBLE,0.000000,0.178018,7,0,-1,-1,1646.622507,1099.862507,0.000000,0.000000,0
swath1,config20,3,FOUND INTEGER FEASIBLE,0.000000,0.156022,3,0,-1,-1,1538.374879,943.868333,0.000000,0.000000,0
swath1,config16,1,FOUND INTEGER FEASIBLE,0.108850,0.600038,88,2,1,0,1396.589696,718.617046,0.000000,0.000000,0
swath1,config16,2,FOUND INTEGER FEASIBLE,0.111760,0.601033,90,2,1,0,1213.945564,664.708390,0.000000,0.000000,0
swath1,config16,3,FOUND INTEGER FEASIBLE,0.108685,0.604406,91,2,1,0,1235.961649,620.857683,0.000000,0.000000,0
swath1,config17,1,FOUND INTEGER FEASIBLE,0.107515,0.258566,1,12,0,0,1467.849265,824.153672,0.000000,0.000000,0
swath1,config17,2,FOUND INTEGER FEASIBLE,0.105916,0.257313,2,12,0,0,1422.385088,824.153672,0.000000,0.000000,0
swath1,config17,3,FOUND INTEGER FEASIBLE,0.107489,0.276046,3,12,0,0,1315.278259,832.503526,0.000000,0.000000,0
swath1,config21,1,FOUND INTEGER FEASIBLE,0.087717,0.262226,1,9,0,0,1423.506269,908.012897,0.000000,0.000000,0
swath1,config21,2,FOUND INTEGER FEASIBLE,0.089741,0.271625,2,9,0,0,1421.416834,949.322610,0.000000,0.000000,0
swath1,config21,3,FOUND INTEGER FEASIBLE,0.087982,0.260431,1,9,0,0,1644.419169,946.048198,0.000000,0.000000,0
swath1,config23,1,FOUND INTEGER FEASIBLE,0.089457,0.255156,1,9,0,0,1452.810445,781.775320,0.000000,0.000000,0
swath1,config23,2,FOUND INTEGER FEASIBLE,0.087842,0.248788,2,9,0,0,1446.989590,781.775320,0.000000,0.000000,0
swath1,config23,3,FOUND INTEGER FEASIBLE,0.088597,0.268463,3,9,0,0,1360.412302,831.010398,0.000000,0.000000,0
swath1,config19,1,FOUND INTEGER FEASIBLE,0.000000,0.126953,0,0,-1,-1,1565.804759,841.097656,0.000000,0.000000,0
swath1,config19,2,FOUND INTEGER FEASIBLE,0.000000,0.119562,0,0,-1,-1,1565.804759,841.097656,0.000000,0.000000,0
swath1,config19,3,FOUND INTEGER FEASIBLE,0.000000,0.117913,0,0,-1,-1,1565.804759,841.097656,0.000000,0.000000,0
swath1,config18,1,FOUND INTEGER FEASIBLE,0.000000,0.077037,0,0,-1,-1,1565.804759,841.097656,0.000000,0.000000,0
swath1,config18,2,FOUND INTEGER FEASIBLE,0.000000,0.116921,0,0,-1,-1,1565.804759,841.097656,0.000000,0.000000,0
swath1,config18,3,FOUND INTEGER FEASIBLE,0.000000,0.116737,0,0,-1,-1,1565.804759,841.097656,0.000000,0.000000,0
swath3,config1,1,FOUND INTEGER FEASIBLE,0.000000,0.238023,9,0,-1,-1,1338.552298,909.918804,0.000000,0.000000,0
swath3,config1,2,FOUND INTEGER FEASIBLE,0.000000,0.329334,12,0,-1,-1,715.769273,592.068544,0.000000,0.000000,0
swath3,config1,3,FOUND INTEGER FEASIBLE,0.000000,0.185988,5,0,-1,-1,1005.387429,564.049579,0.000000,0.000000,0
swath3,config3,1,FOUND INTEGER FEASIBLE,0.000000,0.186683,9,0,-1,-1,1693.296099,1084.768592,0.000000,0.000000,0
swath3,config3,2,FOUND INTEGER FEASIBLE,0.000000,0.172612,7,0,-1,-1,1326.798981,896.720198,0.000000,0.000000,0
swath3,config3,3,FOUND INTEGER FEASIBLE,0.000000,0.165672,5,0,-1,-1,1424.213820,862.076222,0.000000,0.000000,0
swath3,config20,1,FOUND INTEGER FEASIBLE,0.000000,0.202315,8,0,-1,-1,1357.394363,998.266480,0.000000,0.000000,0
swath3,config20,2,FOUND INTEGER FEASIBLE,0.000000,0.109621,6,0,-1,-1,1587.946195,1187.210693,0.000000,0.000000,0
swath3,config20,3,FOUND INTEGER FEASIBLE,0.000000,0.179834,3,0,-1,-1,1635.116219,1202.711234,0.000000,0.000000,0
swath3,config16,1,FOUND INTEGER FEASIBLE,0.095253,0.589948,96,2,1,0,1270.264504,739.901379,0.000000,0.000000,0
swath3,config16,2,FOUND INTEGER FEASIBLE,0.095044,0.597321,95,2,1,0,1097.350343,639.660411,0.000000,0.000000,0
swath3,config16,3,FOUND INTEGER FEASIBLE,0.094848,0.555080,87,2,1,0,1321.100962,611.764434,0.000000,0.000000,0
swath3,config17,1,FOUND INTEGER FEASIBLE,0.069566,0.297758,6,3,0,0,1577.907093,1071.745921,0.000000,0.000000,0
swath3,config17,2,FOUND INTEGER FEASIBLE,0.070106,0.280239,4,3,0,0,1373.015189,855.117238,0.000000,0.000000,0
swath3,config17,3,FOUND INTEGER FEASIBLE,0.069980,0.312796,4,3,0,0,1439.404699,958.622602,0.000000,0.000000,0
swath3,config21,1,FOUND INTEGER FEASIBLE,0.112149,0.333163,10,8,0,0,1370.586818,987.572045,0.000000,0.000000,0
swath3,config21,2,FOUND INTEGER FEASIBLE,0.112586,0.292916,6,8,0,0,1435.425464,959.798777,0.000000,0.000000,0
swath3,config21,3,FOUND INTEGER FEASIBLE,0.111870,0.303247,5,8,0,0,1657.107284,1058.085872,0.000000,0.000000,0
swath3,config23,1,FOUND INTEGER FEASIBLE,0.112046,0.359439,9,8,0,0,1266.222773,966.198762,0.000000,0.000000,0
swath3,config23,2,FOUND INTEGER FEASIBLE,0.112155,0.299785,3,8,0,0,1478.948372,1181.948632,0.000000,0.000000,0
swath3,config23,3,FOUND INTEGER FEASIBLE,0.112459,0.314909,7,8,0,0,1671.579865,1238.501408,0.000000,0.000000,0
swath3,config19,1,FOUND INTEGER FEASIBLE,0.000000,0.123915,0,0,-1,-1,1216.956682,1016.578502,0.000000,0.000000,0
swath3,config19,2,FOUND INTEGER FEASIBLE,0.000000,0.116637,0,0,-1,-1,1216.956682,1016.578502,0.000000,0.000000,0
swath3,config19,3,FOUND INTEGER FEASIBLE,0.000000,0.116575,0,0,-1,-1,1216.956682,1016.578502,0.000000,0.000000,0
swath3,config18,1,FOUND INTEGER FEASIBLE,0.000000,0.124257,0,0,-1,-1,1216.956682,1016.578502,0.000000,0.000000,0
swath3,config18,2,FOUND INTEGER FEASIBLE,0.000000,0.070016,0,0,-1,-1,1216.956682,1016.578502,0.000000,0.000000,0
swath3,config18,3,FOUND INTEGER FEASIBLE,0.000000,0.114708,0,0,-1,-1,1216.956682,1016.578502,0.000000,0.000000,0
tbfp-network,config1,1,FOUND INTEGER FEASIBLE,0.000000,13.313745,2,0,-1,-1,85.024306,85.024306,0.000000,0.000000,0
tbfp-network,config1,2,FOUND INTEGER FEASIBLE,0.000000,13.338069,2,0,-1,-1,85.024306,85.024306,0.000000,0.000000,0
tbfp-network,config1,3,FOUND INTEGER FEASIBLE,0.000000,13.334168,2,0,-1,-1,85.024306,85.024306,0.000000,0.000000,0
tbfp-network,config3,1,FOUND INTEGER FEASIBLE,0.000000,28.327156,13,0,-1,-1,155.872917,155.872917,0.000000,0.000000,0
tbfp-network,config3,2,FOUND INTEGER FEASIBLE,0.000000,20.980058,10,0,-1,-1,137.168750,137.168750,0.000000,0.000000,0
tbfp-network,config3,3,FOUND INTEGER FEASIBLE,0.000000,25.802253,14,0,-1,-1,131.003472,131.003472,0.000000,0.000000,0
tbfp-network,config20,1,FOUND INTEGER FEASIBLE,0.000000,11.281101,3,0,-1,-1,113.083333,113.083333,0.000000,0.000000,0
tbfp-network,config20,2,FOUND INTEGER FEASIBLE,0.000000,11.383794,3,0,-1,-1,113.083333,113.083333,0.000000,0.000000,0
tbfp-network,config20,3,FOUND INTEGER FEASIBLE,0.000000,11.364874,3,0,-1,-1,113.083333,113.083333,0.000000,0.000000,0
tbfp-network,config16,1,FOUND INTEGER FEASIBLE,9.996309,32.724857,8,10,1,1,119.163194,119.163194,0.000000,0.000000,0
tbfp-network,config16,2,FOUND INTEGER FEASIBLE,10.000431,31.250184,7,10,1,1,119.163194,119.163194,0.000000,0.000000,0
tbfp-network,config16,3,FOUND INTEGER FEASIBLE,11.008158,50.788222,17,10,1,1,159.291667,159.291667,0.000000,0.000000,0
tbfp-network,config17,1,FOUND INTEGER FEASIBLE,8.923876,18.488275,2,12,0,0,78.041667,78.041667,0.000000,0.000000,0
tbfp-network,config17,2,FOUND INTEGER FEASIBLE,8.922186,18.489082,2,12,0,0,78.041667,78.041667,0.000000,0.000000,0
tbfp-network,config17,3,FOUND INTEGER FEASIBLE,8.937860,18.493254,2,12,0,0,78.041667,78.041667,0.000000,0.000000,0
tbfp-network,config21,1,FOUND INTEGER FEASIBLE,6.688802,17.658925,3,1,1,1,113.083333,113.083333,0.000000,0.000000,0
tbfp-network,config21,2,FOUND INTEGER FEASIBLE,6.692807,17.664093,3,1,1,1,113.083333,113.083333,0.000000,0.000000,0
tbfp-network,config21,3,FOUND INTEGER FEASIBLE,6.688227,17.654334,3,1,1,1,113.083333,113.083333,0.000000,0.000000,0
tbfp-network,config23,1,FOUND INTEGER FEASIBLE,6.687452,34.384048,13,1,1,1,155.872917,155.872917,0.000000,0.000000,0
tbfp-network,config23,2,FOUND INTEGER FEASIBLE,6.701727,27.079348,10,1,1,1,137.168750,137.168750,0.000000,0.000000,0
tbfp-network,config23,3,FOUND INTEGER FEASIBLE,6.692813,31.939723,14,1,1,1,131.003472,131.003472,0.000000,0.000000,0
tbfp-network,config19,1,FOUND INTEGER FEASIBLE,0.000000,21.462464,0,0,-1,-1,28.915278,28.915278,0.000000,0.000000,0
tbfp-network,config19,2,FOUND INTEGER FEASIBLE,0.000000,20.475354,0,0,-1,-1,28.915278,28.915278,0.000000,0.000000,0
tbfp-network,config19,3,FOUND INTEGER FEASIBLE,0.000000,20.400785,0,0,-1,-1,28.915278,28.915278,0.000000,0.000000,0
tbfp-network,config18,1,FOUND INTEGER FEASIBLE,0.000000,954.819330,0,0,-1,-1,95.954861,95.954861,0.000000,0.000000,0
tbfp-network,config18,2,FOUND INTEGER FEASIBLE,0.000000,156.807007,0,0,-1,-1,95.954861,95.954861,0.000000,0.000000,0
tbfp-network,config18,3,FOUND INTEGER FEASIBLE,0.000000,154.089003,0,0,-1,-1,95.954861,95.954861,0.000000,0.000000,0
thor50dday,config1,1,FOUND INTEGER FEASIBLE,0.000000,2.004923,5,0,-1,-1,204551.000000,204551.000000,0.000000,0.000000,0
thor50dday,config1,2,FOUND INTEGER FEASIBLE,0.000000,1.895179,4,0,-1,-1,204551.000000,204551.000000,0.000000,0.000000,0
thor50dday,config1,3,FOUND INTEGER FEASIBLE,0.000000,1.055336,3,0,-1,-1,204551.000000,204551.000000,0.000000,0.000000,0
thor50dday,config3,1,FOUND INTEGER FEASIBLE,0.000000,1.584532,5,0,-1,-1,204551.000000,204551.000000,0.000000,0.000000,0
thor50dday,config3,2,FOUND INTEGER FEASIBLE,0.000000,1.515000,4,0,-1,-1,204551.000000,204551.000000,0.000000,0.000000,0
thor50dday,config3,3,FOUND INTEGER FEASIBLE,0.000000,1.445869,3,0,-1,-1,204551.000000,204551.000000,0.000000,0.000000,0
thor50dday,config20,1,FOUND INTEGER FEASIBLE,0.000000,1.011548,0,0,-1,-1,426041212.000000,426041212.000000,0.000000,0.000000,0
thor50dday,config20,2,FOUND INTEGER FEASIBLE,0.000000,1.195180,0,0,-1,-1,426041212.000000,426041212.000000,0.000000,0.000000,0
thor50dday,config20,3,FOUND INTEGER FEASIBLE,0.000000,1.192367,0,0,-1,-1,426041212.000000,426041212.000000,0.000000,0.000000,0
thor50dday,config16,1,FOUND INTEGER FEASIBLE,0.703093,2.637851,5,3,0,0,191981.000000,191981.000000,0.000000,0.000000,0
thor50dday,config16,2,FOUND INTEGER FEASIBLE,0.703751,2.568526,5,3,0,0,174051.000000,174051.000000,0.000000,0.000000,0
thor50dday,config16,3,FOUND INTEGER FEASIBLE,0.702685,2.502321,4,3,0,0,196179.000000,196179.000000,0.000000,0.000000,0
thor50dday,config17,1,FOUND INTEGER FEASIBLE,0.955289,2.698356,5,1,0,0,317653.000000,317653.000000,0.000000,0.000000,0
thor50dday,config17,2,FOUND INTEGER FEASIBLE,0.955267,2.656121,4,1,0,0,317653.000000,317653.000000,0.000000,0.000000,0
thor50dday,config17,3,FOUND INTEGER FEASIBLE,0.955121,2.604374,3,1,0,0,317653.000000,317653.000000,0.000000,0.000000,0
thor50dday,config21,1,FOUND INTEGER FEASIBLE,0.338220,1.455270,0,1,0,0,1372826.000000,1372826.000000,0.000000,0.000000,0
thor50dday,config21,2,FOUND INTEGER FEASIBLE,0.338501,1.451855,0,1,0,0,1372826.000000,1372826.000000,0.000000,0.000000,0
thor50dday,config21,3,FOUND INTEGER FEASIBLE,0.338125,1.451914,0,1,0,0,1372826.000000,1372826.000000,0.000000,0.000000,0
thor50dday,config23,1,FOUND INTEGER FEASIBLE,0.337978,1.689328,5,1,0,0,204551.000000,204551.000000,0.000000,0.000000,0
thor50dday,config23,2,FOUND INTEGER FEASIBLE,0.337565,1.646544,4,1,0,0,204551.000000,204551.000000,0.000000,0.000000,0
thor50dday,config23,3,FOUND INTEGER FEASIBLE,0.337443,1.592042,3,1,0,0,204551.000000,204551.000000,0.000000,0.000000,0
thor50dday,config19,1,FOUND INTEGER FEASIBLE,0.000000,1.615166,0,0,-1,-1,426041212.000000,426041212.000000,0.000000,0.000000,0
thor50dday,config19,2,FOUND INTEGER FEASIBLE,0.000000,1.485571,0,0,-1,-1,426041212.000000,426041212.000000,0.000000,0.000000,0
thor50dday,config19,3,FOUND INTEGER FEASIBLE,0.000000,1.474723,0,0,-1,-1,426041212.000000,426041212.000000,0.000000,0.000000,0
thor50dday,config18,1,FOUND INTEGER FEASIBLE,0.000000,1.117051,0,0,-1,-1,426041212.000000,426041212.000000,0.000000,0.000000,0
thor50dday,config18,2,FOUND INTEGER FEASIBLE,0.000000,1.029832,0,0,-1,-1,426041212.000000,426041212.000000,0.000000,0.000000,0
thor50dday,config18,3,FOUND INTEGER FEASIBLE,0.000000,1.264048,0,0,-1,-1,426041212.000000,426041212.000000,0.000000,0.000000,0
timtab1,config1,1,FOUND INTEGER FEASIBLE,0.000000,0.032735,23,0,-1,-1,1376631.000000,1339498.000000,0.000000,0.000000,0
timtab1,config1,2,FOUND INTEGER FEASIBLE,0.000000,0.021105,7,0,-1,-1,1147483.000000,1135452.000000,0.000000,0.000000,0
timtab1,config1,3,FOUND INTEGER FEASIBLE,0.000000,0.230704,79,0,-1,-1,1495413.000000,1450487.000000,0.000000,0.000000,0
timtab1,config3,1,FOUND INTEGER FEASIBLE,0.000000,0.015588,5,0,-1,-1,1168320.000000,1111927.000000,0.000000,0.000000,0
timtab1,config3,2,FOUND INTEGER FEASIBLE,0.000000,0.046826,24,0,-1,-1,1434311.000000,1396544.000000,0.000000,0.000000,0
timtab1,config3,3,FOUND INTEGER FEASIBLE,0.000000,0.018899,8,0,-1,-1,1256239.000000,1226795.000000,0.000000,0.000000,0
timtab1,config20,1,FOUND INTEGER FEASIBLE,0.000000,0.070704,15,0,-1,-1,1568898.000000,1478179.000000,0.000000,0.000000,0
timtab1,config20,2,FOUND INTEGER FEASIBLE,0.000000,0.045947,20,0,-1,-1,1462248.000000,1362684.000000,0.000000,0.000000,0
timtab1,config20,3,FOUND INTEGER FEASIBLE,0.000000,0.327160,89,0,-1,-1,1420184.000000,1381095.000000,0.000000,0.000000,0
timtab1,config16,1,FOUND INTEGER FEASIBLE,0.005100,0.051573,25,9,0,0,1399946.000000,1269840.000000,0.000000,0.000000,0
timtab1,config16,2,FOUND INTEGER FEASIBLE,0.005080,0.056711,36,9,0,0,1394645.000000,1337968.000000,0.000000,0.000000,0
timtab1,config16,3,FOUND INTEGER FEASIBLE,0.005118,0.107473,59,9,1,0,1419895.000000,1277061.000000,0.000000,0.000000,0
timtab1,config17,1,FOUND INTEGER FEASIBLE,0.003962,0.151997,83,2,1,0,1354956.000000,1275735.000000,0.000000,0.000000,0
timtab1,config17,2,FOUND INTEGER FEASIBLE,0.003568,0.223067,113,2,1,0,1411556.000000,1332024.000000,0.000000,0.000000,0
timtab1,config17,3,FOUND INTEGER FEASIBLE,0.003878,0.022236,7,2,0,0,1261063.000000,1210478.000000,0.000000,0.000000,0
timtab1,config21,1,FOUND INTEGER FEASIBLE,0.003749,0.051227,16,5,1,1,1552659.000000,1508749.000000,0.000000,0.000000,0
timtab1,config21,2,FOUND INTEGER FEASIBLE,0.003607,0.042574,13,5,1,1,1589521.000000,1515367.000000,0.000000,0.000000,0
timtab1,config21,3,FOUND INTEGER FEASIBLE,0.003781,0.055536,17,5,1,1,1522996.000000,1468675.000000,0.000000,0.000000,0
timtab1,config23,1,FOUND INTEGER FEASIBLE,0.003194,0.047596,14,5,1,1,1272326.000000,1204639.000000,0.000000,0.000000,0
timtab1,config23,2,FOUND INTEGER FEASIBLE,0.003822,0.031200,7,5,1,1,1205580.000000,1144635.000000,0.000000,0.000000,0
timtab1,config23,3,FOUND INTEGER FEASIBLE,0.003171,0.041069,10,5,1,1,1266914.000000,1194505.000000,0.000000,0.000000,0
timtab1,config19,1,FOUND INTEGER FEASIBLE,0.000000,1.066614,0,0,-1,-1,1082873.000000,1082873.000000,0.000000,0.000000,0
timtab1,config19,2,FOUND INTEGER FEASIBLE,0.000000,1.072637,0,0,-1,-1,1082873.000000,1082873.000000,0.000000,0.000000,0
timtab1,config19,3,FOUND INTEGER FEASIBLE,0.000000,1.077869,0,0,-1,-1,1082873.000000,1082873.000000,0.000000,0.000000,0
timtab1,config18,1,FOUND INTEGER FEASIBLE,0.000000,0.226692,0,0,-1,-1,1102920.000000,1102920.000000,0.000000,0.000000,0
timtab1,config18,2,FOUND INTEGER FEASIBLE,0.000000,0.225949,0,0,-1,-1,1102920.000000,1102920.000000,0.000000,0.000000,0
timtab1,config18,3,FOUND INTEGER FEASIBLE,0.000000,0.226301,0,0,-1,-1,1102920.000000,1102920.000000,0.000000,0.000000,0
tr12-30,config1,1,FOUND INTEGER FEASIBLE,0.000000,0.040233,9,0,-1,-1,270697.000000,265141.000000,0.000000,0.000000,0
tr12-30,config1,2,FOUND INTEGER FEASIBLE,0.000000,0.042252,9,0,-1,-1,273828.000000,266106.000000,0.000000,0.000000,0
tr12-30,config1,3,FOUND INTEGER FEASIBLE,0.000000,0.041606,9,0,-1,-1,265267.000000,236453.000000,0.000000,0.000000,0
tr12-30,config3,1,FOUND INTEGER FEASIBLE,0.000000,0.040817,8,0,-1,-1,292991.000000,284744.000000,0.000000,0.000000,0
tr12-30,config3,2,FOUND INTEGER FEASIBLE,0.000000,0.042171,9,0,-1,-1,288151.000000,277282.000000,0.000000,0.000000,0
tr12-30,config3,3,FOUND INTEGER FEASIBLE,0.000000,0.039043,7,0,-1,-1,275029.000000,269791.000000,0.000000,0.000000,0
tr12-30,config20,1,FOUND INTEGER FEASIBLE,0.000000,0.035902,3,0,-1,-1,255267.000000,233386.000000,0.000000,0.000000,0
tr12-30,config20,2,FOUND INTEGER FEASIBLE,0.000000,0.032452,1,0,-1,-1,260866.000000,235607.000000,0.000000,0.000000,0
tr12-30,config20,3,FOUND INTEGER FEASIBLE,0.000000,0.035988,3,0,-1,-1,259302.000000,230962.000000,0.000000,0.000000,0
tr12-30,config16,1,FOUND INTEGER FEASIBLE,0.036730,0.176272,94,6,3,2,279112.000000,261813.000000,0.000000,0.000000,0
tr12-30,config16,2,FOUND INTEGER FEASIBLE,0.037057,0.172744,92,6,3,2,285007.000000,255711.000000,0.000000,0.000000,0
tr12-30,config16,3,FOUND INTEGER FEASIBLE,0.036612,0.171571,93,6,3,2,289248.000000,270306.000000,0.000000,0.000000,0
tr12-30,config17,1,FOUND INTEGER FEASIBLE,0.045947,0.083674,6,10,0,0,281977.000000,267059.000000,0.000000,0.000000,0
tr12-30,config17,2,FOUND INTEGER FEASIBLE,0.046336,0.087890,7,10,0,0,280586.000000,268425.000000,0.000000,0.000000,0
tr12-30,config17,3,FOUND INTEGER FEASIBLE,0.046540,0.084666,6,10,0,0,280374.000000,269660.000000,0.000000,0.000000,0
tr12-30,config21,1,FOUND INTEGER FEASIBLE,0.020131,0.060631,3,3,1,1,259445.000000,234727.000000,0.000000,0.000000,0
tr12-30,config21,2,FOUND INTEGER FEASIBLE,0.019868,0.059574,3,3,1,1,259445.000000,234727.000000,0.000000,0.000000,0
tr12-30,config21,3,FOUND INTEGER FEASIBLE,0.020085,0.059959,3,3,1,1,259445.000000,234727.000000,0.000000,0.000000,0
tr12-30,config23,1,FOUND INTEGER FEASIBLE,0.019898,0.069122,8,3,1,1,290350.000000,262348.000000,0.000000,0.000000,0
tr12-30,config23,2,FOUND INTEGER FEASIBLE,0.020326,0.071585,10,3,1,1,290139.000000,279523.000000,0.000000,0.000000,0
tr12-30,config23,3,FOUND INTEGER FEASIBLE,0.019912,0.060602,5,3,1,1,288335.000000,273678.000000,0.000000,0.000000,0
tr12-30,config19,1,FOUND INTEGER FEASIBLE,0.000000,0.431261,0,0,-1,-1,146032.000000,146032.000000,0.000000,0.000000,0
tr12-30,config19,2,FOUND INTEGER FEASIBLE,0.000000,0.431586,0,0,-1,-1,146032.000000,146032.000000,0.000000,0.000000,0
tr12-30,config19,3,FOUND INTEGER FEASIBLE,0.000000,0.425608,0,0,-1,-1,146032.000000,146032.000000,0.000000,0.000000,0
tr12-30,config18,1,FOUND INTEGER FEASIBLE,0.000000,0.502857,0,0,-1,-1,141205.000000,141205.000000,0.000000,0.000000,0
tr12-30,config18,2,FOUND INTEGER FEASIBLE,0.000000,0.397092,0,0,-1,-1,141205.000000,141205.000000,0.000000,0.000000,0
tr12-30,config18,3,FOUND INTEGER FEASIBLE,0.000000,0.396332,0,0,-1,-1,141205.000000,141205.000000,0.000000,0.000000,0
traininstance2,config1,1,FAILED TO FIND AN INTEGER FEASIBLE SOLUTION,0.000000,77.899430,12000,0,-1,-1,0.000000,0.000000,0.190476,0.095238,4
traininstance2,config1,2,FAILED TO FIND AN INTEGER FEASIBLE SOLUTION,0.000000,79.454066,12000,0,-1,-1,0.000000,0.000000,0.004467,0.004467,0
traininstance2,config1,3,FOUND INTEGER FEASIBLE,0.000000,39.163330,6913,0,-1,-1,616780.000000,616780.000000,0.000000,0.000000,0
traininstance2,config3,1,FAILED TO FIND AN INTEGER FEASIBLE SOLUTION,0.000000,79.207635,12000,0,-1,-1,0.000000,0.000000,0.147368,0.073684,6
traininstance2,config3,2,FOUND INTEGER FEASIBLE,0.000000,14.392199,2220,0,-1,-1,702680.000000,702680.000000,0.000000,0.000000,0
traininstance2,config3,3,FAILED TO FIND AN INTEGER FEASIBLE SOLUTION,0.000000,23.171796,3662,0,-1,-1,0.000000,0.000000,0.133333,0.066667,6
traininstance2,config20,1,FAILED TO FIND AN INTEGER FEASIBLE SOLUTION,0.000000,286.940234,12000,0,-1,-1,0.000000,0.000000,0.227140,0.113570,4
traininstance2,config20,2,FOUND INTEGER FEASIBLE,0.000000,330.486578,10554,0,-1,-1,644200.000000,644200.000000,0.000000,0.000000,0
traininstance2,config20,3,FAILED TO FIND AN INTEGER FEASIBLE SOLUTION,0.000000,54.128861,4937,0,-1,-1,0.000000,0.000000,0.042544,0.021272,4
traininstance2,config16,1,FOUND INTEGER FEASIBLE,0.078278,11.600407,2427,5,5,0,849940.000000,849940.000000,0.000000,0.000000,0
traininstance2,config16,2,FOUND INTEGER FEASIBLE,0.078358,79.009556,10688,5,5,0,846160.000000,846160.000000,0.000000,0.000000,0
traininstance2,config16,3,FOUND INTEGER FEASIBLE,0.078291,2.599021,293,5,2,0,86420.000000,86420.000000,0.000000,0.000000,0
traininstance2,config17,1,FOUND INTEGER FEASIBLE,0.198977,69.165808,10841,7,7,1,721240.000000,721240.000000,0.000000,0.000000,0
traininstance2,config17,2,FOUND INTEGER FEASIBLE,0.199103,72.549074,10611,7,7,1,1131700.000000,1131700.000000,0.000000,0.000000,0
traininstance2,config17,3,FOUND INTEGER FEASIBLE,0.198975,80.546829,11358,7,7,1,759500.000000,759500.000000,0.000000,0.000000,0
traininstance2,config21,1,FOUND INTEGER FEASIBLE,0.074552,75.600929,10708,11,11,3,854060.000000,854060.000000,0.000000,0.000000,0
traininstance2,config21,2,FOUND INTEGER FEASIBLE,0.074557,73.693259,10647,11,11,3,247440.000000,247440.000000,0.000000,0.000000,0
traininstance2,config21,3,FOUND INTEGER FEASIBLE,0.074341,3.210625,316,11,5,3,107140.000000,107140.000000,0.000000,0.000000,0
traininstance2,config23,1,FOUND INTEGER FEASIBLE,0.074684,22.204156,4484,11,11,3,1184160.000000,1184160.000000,0.000000,0.000000,0
traininstance2,config23,2,FAILED TO FIND AN INTEGER FEASIBLE SOLUTION,0.074363,78.413723,12000,11,11,3,0.000000,0.000000,0.221498,0.110749,4
traininstance2,config23,3,FOUND INTEGER FEASIBLE,0.074787,5.480683,683,11,8,3,107020.000000,107020.000000,0.000000,0.000000,0
traininstance2,config19,1,FOUND INTEGER FEASIBLE,0.000000,0.936584,0,0,-1,-1,89770.000000,89770.000000,0.000000,0.000000,0
traininstance2,config19,2,FOUND INTEGER FEASIBLE,0.000000,0.935926,0,0,-1,-1,89770.000000,89770.000000,0.000000,0.000000,0
traininstance2,config19,3,FOUND INTEGER FEASIBLE,0.000000,0.922664,0,0,-1,-1,89770.000000,89770.000000,0.000000,0.000000,0
traininstance2,config18,1,FOUND INTEGER FEASIBLE,0.000000,0.637771,0,0,-1,-1,89770.000000,89770.000000,0.000000,0.000000,0
traininstance2,config18,2,FOUND INTEGER FEASIBLE,0.000000,0.829451,0,0,-1,-1,89770.000000,89770.000000,0.000000,0.000000,0
traininstance2,config18,3,FOUND INTEGER FEASIBLE,0.000000,0.748776,0,0,-1,-1,89770.000000,89770.000000,0.000000,0.000000,0
traininstance6,config1,1,FOUND INTEGER FEASIBLE,0.000000,11.641386,3706,0,-1,-1,889200.000000,889200.000000,0.000000,0.000000,0
traininstance6,config1,2,FOUND INTEGER FEASIBLE,0.000000,9.255935,2963,0,-1,-1,360000.000000,360000.000000,0.000000,0.000000,0
traininstance6,config1,3,FOUND INTEGER FEASIBLE,0.000000,0.917449,145,0,-1,-1,36920.000000,36920.000000,0.000000,0.000000,0
traininstance6,config3,1,FOUND INTEGER FEASIBLE,0.000000,2.166479,619,0,-1,-1,588480.000000,588480.000000,0.000000,0.000000,0
traininstance6,config3,2,FOUND INTEGER FEASIBLE,0.000000,8.160284,2130,0,-1,-1,144080.000000,144080.000000,0.000000,0.000000,0
traininstance6,config3,3,FOUND INTEGER FEASIBLE,0.000000,19.392161,5237,0,-1,-1,288240.000000,288240.000000,0.000000,0.000000,0
traininstance6,config20,1,FOUND INTEGER FEASIBLE,0.000000,150.442416,8810,0,-1,-1,231460.000000,231460.000000,0.000000,0.000000,0
traininstance6,config20,2,FOUND INTEGER FEASIBLE,0.000000,20.399647,2507,0,-1,-1,579920.000000,579920.000000,0.000000,0.000000,0
traininstance6,config20,3,FOUND INTEGER FEASIBLE,0.000000,11.012820,1458,0,-1,-1,345200.000000,345200.000000,0.000000,0.000000,0
traininstance6,config16,1,FOUND INTEGER FEASIBLE,0.039193,0.322954,5,5,0,0,46000.000000,46000.000000,0.000000,0.000000,0
traininstance6,config16,2,FOUND INTEGER FEASIBLE,0.026997,0.215991,5,5,0,0,49900.000000,49900.000000,0.000000,0.000000,0
traininstance6,config16,3,FOUND INTEGER FEASIBLE,0.038884,0.311828,5,5,0,0,46000.000000,46000.000000,0.000000,0.000000,0
traininstance6,config17,1,FOUND INTEGER FEASIBLE,0.048424,1.362753,127,6,1,1,366980.000000,366980.000000,0.000000,0.000000,0
traininstance6,config17,2,FOUND INTEGER FEASIBLE,0.048664,3.405809,444,6,4,1,47560.000000,47560.000000,0.000000,0.000000,0
traininstance6,config17,3,FOUND INTEGER FEASIBLE,0.048691,2.583486,352,6,3,1,39140.000000,39140.000000,0.000000,0.000000,0
traininstance6,config21,1,FOUND INTEGER FEASIBLE,0.038839,7.368331,1856,8,8,2,346700.000000,346700.000000,0.000000,0.000000,0
traininstance6,config21,2,FOUND INTEGER FEASIBLE,0.038996,4.259994,698,8,7,2,41580.000000,41580.000000,0.000000,0.000000,0
traininstance6,config21,3,FOUND INTEGER FEASIBLE,0.038917,13.796534,4176,8,8,2,580740.000000,580740.000000,0.000000,0.000000,0
traininstance6,config23,1,FOUND INTEGER FEASIBLE,0.039043,5.587743,1052,8,8,2,346140.000000,346140.000000,0.000000,0.000000,0
traininstance6,config23,2,FOUND INTEGER FEASIBLE,0.038856,6.361278,1549,8,8,2,366960.000000,366960.000000,0.000000,0.000000,0
traininstance6,config23,3,FOUND INTEGER FEASIBLE,0.039203,3.219052,431,8,6,2,285880.000000,285880.000000,0.000000,0.000000,0
traininstance6,config19,1,FOUND INTEGER FEASIBLE,0.000000,0.934024,0,0,-1,-1,40310.000000,40310.000000,0.000000,0.000000,0
traininstance6,config19,2,FOUND INTEGER FEASIBLE,0.000000,0.927828,0,0,-1,-1,40310.000000,40310.000000,0.000000,0.000000,0
traininstance6,config19,3,FOUND INTEGER FEASIBLE,0.000000,0.921586,0,0,-1,-1,40310.000000,40310.000000,0.000000,0.000000,0
traininstance6,config18,1,FOUND INTEGER FEASIBLE,0.000000,0.540155,0,0,-1,-1,35100.000000,35100.000000,0.000000,0.000000,0
traininstance6,config18,2,FOUND INTEGER FEASIBLE,0.000000,0.655350,0,0,-1,-1,35100.000000,35100.000000,0.000000,0.000000,0
traininstance6,config18,3,FOUND INTEGER FEASIBLE,0.000000,0.948084,0,0,-1,-1,35100.000000,35100.000000,0.000000,0.000000,0
trento1,config1,1,FOUND INTEGER FEASIBLE,0.000000,6.562592,1,0,-1,-1,669683165.044700,669683165.044700,0.000000,0.000000,0
trento1,config1,2,FOUND INTEGER FEASIBLE,0.000000,7.450784,1,0,-1,-1,598495959.036300,598495959.036300,0.000000,0.000000,0
trento1,config1,3,FOUND INTEGER FEASIBLE,0.000000,4.904379,1,0,-1,-1,1915824593.000000,1915824593.000000,0.000000,0.000000,0
trento1,config3,1,FOUND INTEGER FEASIBLE,0.000000,4.252141,1,0,-1,-1,1785991768.502500,1785991768.502500,0.000000,0.000000,0
trento1,config3,2,FOUND INTEGER FEASIBLE,0.000000,4.321166,1,0,-1,-1,1027004580.455800,1027004580.455800,0.000000,0.000000,0
trento1,config3,3,FOUND INTEGER FEASIBLE,0.000000,4.100400,1,0,-1,-1,5204533760.660299,5204533760.660300,0.000000,0.000000,0
trento1,config20,1,FOUND INTEGER FEASIBLE,0.000000,1.536675,8,0,-1,-1,9983933076.000000,9983933076.000000,0.000000,0.000000,0
trento1,config20,2,FOUND INTEGER FEASIBLE,0.000000,1.864041,11,0,-1,-1,9984232153.000000,9984232153.000000,0.000000,0.000000,0
trento1,config20,3,FOUND INTEGER FEASIBLE,0.000000,1.244039,6,0,-1,-1,9984232832.000000,9984232832.000000,0.000000,0.000000,0
trento1,config16,1,FOUND INTEGER FEASIBLE,3.843137,8.502445,1,13,2,2,607039870.001200,607039870.001200,0.000000,0.000000,0
trento1,config16,2,FOUND INTEGER FEASIBLE,3.872169,8.516960,1,13,2,2,704011784.001200,704011784.001200,0.000000,0.000000,0
trento1,config16,3,FOUND INTEGER FEASIBLE,3.877783,8.403224,1,13,2,2,3172620169.005700,3172620169.005700,0.000000,0.000000,0
trento1,config17,1,FOUND INTEGER FEASIBLE,3.621878,3.851303,1,12,0,0,2924213367.345900,2924213367.345900,0.000000,0.000000,0
trento1,config17,2,FOUND INTEGER FEASIBLE,3.628701,3.857816,1,12,0,0,1672347430.279300,1672347430.279300,0.000000,0.000000,0
trento1,config17,3,FOUND INTEGER FEASIBLE,3.621193,3.854819,1,12,0,0,2924213367.345900,2924213367.345900,0.000000,0.000000,0
trento1,config21,1,FOUND INTEGER FEASIBLE,0.198561,0.734874,1,3,0,0,9999246670.000900,9999246670.000900,0.000000,0.000000,0
trento1,config21,2,FOUND INTEGER FEASIBLE,0.199674,0.750123,1,3,0,0,9999246670.000900,9999246670.000900,0.000000,0.000000,0
trento1,config21,3,FOUND INTEGER FEASIBLE,0.202963,0.751318,1,3,0,0,9999246670.000900,9999246670.000900,0.000000,0.000000,0
trento1,config23,1,FOUND INTEGER FEASIBLE,0.202446,4.385910,1,3,0,0,1860383370.160800,1860383370.160800,0.000000,0.000000,0
trento1,config23,2,FOUND INTEGER FEASIBLE,0.200506,4.360278,1,3,0,0,1233706810.126600,1233706810.126600,0.000000,0.000000,0
trento1,config23,3,FOUND INTEGER FEASIBLE,0.198912,4.193270,1,3,0,0,6203153985.238199,6203153985.238200,0.000000,0.000000,0
trento1,config19,1,FOUND INTEGER FEASIBLE,0.000000,0.071401,0,0,-1,-1,9999999999.999998,5707141.000300,0.000000,0.000000,0
trento1,config19,2,FOUND INTEGER FEASIBLE,0.000000,0.048909,0,0,-1,-1,9999999999.999998,5707141.000300,0.000000,0.000000,0
trento1,config19,3,FOUND INTEGER FEASIBLE,0.000000,0.045640,0,0,-1,-1,9999999999.999998,5707141.000300,0.000000,0.000000,0
trento1,config18,1,FOUND INTEGER FEASIBLE,0.000000,0.050776,0,0,-1,-1,9999999999.999998,5707141.000300,0.000000,0.000000,0
trento1,config18,2,FOUND INTEGER FEASIBLE,0.000000,0.046951,0,0,-1,-1,9999999999.999998,5707141.000300,0.000000,0.000000,0
trento1,config18,3,FOUND INTEGER FEASIBLE,0.000000,0.030970,0,0,-1,-1,9999999999.999998,5707141.000300,0.000000,0.000000,0
triptim1,config1,1,FOUND INTEGER FEASIBLE,0.000000,31.726869,1,0,-1,-1,24.168100,24.168100,0.000000,0.000000,0
triptim1,config1,2,FOUND INTEGER FEASIBLE,0.000000,36.893753,1,0,-1,-1,24.181100,24.181100,0.000000,0.000000,0
triptim1,config1,3,FOUND INTEGER FEASIBLE,0.000000,34.547631,2,0,-1,-1,25.478100,25.478100,0.000000,0.000000,0
triptim1,config3,1,FOUND INTEGER FEASIBLE,0.000000,54.893517,3,0,-1,-1,27.514100,27.514100,0.000000,0.000000,0
triptim1,config3,2,FOUND INTEGER FEASIBLE,0.000000,58.291605,2,0,-1,-1,27.514100,27.514100,0.000000,0.000000,0
triptim1,config3,3,FOUND INTEGER FEASIBLE,0.000000,51.040511,2,0,-1,-1,27.514100,27.514100,0.000000,0.000000,0
triptim1,config20,1,FOUND INTEGER FEASIBLE,0.000000,51.630315,3,0,-1,-1,26.798100,26.798100,0.000000,0.000000,0
triptim1,config20,2,FOUND INTEGER FEASIBLE,0.000000,51.512329,2,0,-1,-1,26.780100,26.780100,0.000000,0.000000,0
triptim1,config20,3,FOUND INTEGER FEASIBLE,0.000000,49.718024,1,0,-1,-1,26.785100,26.785100,0.000000,0.000000,0
triptim1,config16,1,FOUND INTEGER FEASIBLE,25.800215,63.964617,1,7,3,3,25.491100,25.491100,0.000000,0.000000,0
triptim1,config16,2,FOUND INTEGER FEASIBLE,25.910896,68.083826,1,7,3,3,25.493100,25.493100,0.000000,0.000000,0
triptim1,config16,3,FOUND INTEGER FEASIBLE,25.832411,63.512979,1,7,3,3,25.492100,25.492100,0.000000,0.000000,0
triptim1,config17,1,FOUND INTEGER FEASIBLE,139.576940,191.891572,2,8,0,0,27.204100,27.204100,0.000000,0.000000,0
triptim1,config17,2,FOUND INTEGER FEASIBLE,139.658862,192.634889,3,8,0,0,27.204100,27.204100,0.000000,0.000000,0
triptim1,config17,3,FOUND INTEGER FEASIBLE,139.582600,190.217428,1,8,0,0,27.214100,27.214100,0.000000,0.000000,0
triptim1,config21,1,FOUND INTEGER FEASIBLE,83.510033,168.897385,1,13,2,2,26.810100,26.810100,0.000000,0.000000,0
triptim1,config21,2,FOUND INTEGER FEASIBLE,83.443844,164.523168,2,13,2,2,26.797100,26.797100,0.000000,0.000000,0
triptim1,config21,3,FOUND INTEGER FEASIBLE,83.399433,169.898826,1,13,2,2,26.807100,26.807100,0.000000,0.000000,0
triptim1,config23,1,FOUND INTEGER FEASIBLE,83.617306,136.345216,1,13,2,2,27.504100,27.504100,0.000000,0.000000,0
triptim1,config23,2,FOUND INTEGER FEASIBLE,83.533729,136.393474,1,13,2,2,27.504100,27.504100,0.000000,0.000000,0
triptim1,config23,3,FOUND INTEGER FEASIBLE,83.443542,136.393335,1,13,2,2,26.504100,26.504100,0.000000,0.000000,0
triptim1,config19,1,FOUND INTEGER FEASIBLE,0.000000,129.290564,0,0,-1,-1,24.176100,24.176100,0.000000,0.000000,0
triptim1,config19,2,FOUND INTEGER FEASIBLE,0.000000,131.217098,0,0,-1,-1,24.176100,24.176100,0.000000,0.000000,0
triptim1,config19,3,FOUND INTEGER FEASIBLE,0.000000,130.059532,0,0,-1,-1,24.176100,24.176100,0.000000,0.000000,0
triptim1,config18,1,FOUND INTEGER FEASIBLE,0.000000,105.971478,0,0,-1,-1,22.868100,22.868100,0.000000,0.000000,0
triptim1,config18,2,FOUND INTEGER FEASIBLE,0.000000,104.810391,0,0,-1,-1,22.868100,22.868100,0.000000,0.000000,0
triptim1,config18,3,FOUND INTEGER FEASIBLE,0.000000,105.488910,0,0,-1,-1,22.868100,22.868100,0.000000,0.000000,0
uccase12,config1,1,FOUND INTEGER FEASIBLE,0.000000,4.342758,7,0,-1,-1,11712.595505,11622.907025,0.000000,0.000000,0
uccase12,config1,2,FOUND INTEGER FEASIBLE,0.000000,3.378293,7,0,-1,-1,13044.728005,12885.625898,0.000000,0.000000,0
uccase12,config1,3,FOUND INTEGER FEASIBLE,0.000000,4.351436,7,0,-1,-1,11577.982747,11508.005134,0.000000,0.000000,0
uccase12,config3,1,FOUND INTEGER FEASIBLE,0.000000,2.393687,1,0,-1,-1,1521794.367320,1464753.681677,0.000000,0.000000,0
uccase12,config3,2,FOUND INTEGER FEASIBLE,0.000000,2.365859,1,0,-1,-1,1521794.367320,1464753.681677,0.000000,0.000000,0
uccase12,config3,3,FOUND INTEGER FEASIBLE,0.000000,2.365436,1,0,-1,-1,1521794.367320,1464753.681677,0.000000,0.000000,0
uccase12,config20,1,FOUND INTEGER FEASIBLE,0.000000,2.065338,0,0,-1,-1,897480.532850,12015.087768,0.000000,0.000000,0
uccase12,config20,2,FOUND INTEGER FEASIBLE,0.000000,2.269301,0,0,-1,-1,897480.532850,12015.087768,0.000000,0.000000,0
uccase12,config20,3,FOUND INTEGER FEASIBLE,0.000000,2.126717,0,0,-1,-1,897480.532850,12015.087768,0.000000,0.000000,0
uccase12,config16,1,FOUND INTEGER FEASIBLE,3.773958,7.922177,156,9,1,0,1491073.326613,1285428.740676,0.000000,0.000000,0
uccase12,config16,2,FOUND INTEGER FEASIBLE,3.801670,9.005656,177,9,1,0,1491237.286613,1286479.866660,0.000000,0.000000,0
uccase12,config16,3,FOUND INTEGER FEASIBLE,3.787246,7.659572,135,9,1,0,1490357.246613,1281471.089328,0.000000,0.000000,0
uccase12,config17,1,FOUND INTEGER FEASIBLE,1.548461,11.018908,54,11,1,1,1497176.821875,1412940.617115,0.000000,0.000000,0
uccase12,config17,2,FOUND INTEGER FEASIBLE,1.549163,10.609993,50,11,1,1,1510467.665875,1428870.505701,0.000000,0.000000,0
uccase12,config17,3,FOUND INTEGER FEASIBLE,1.552659,10.611195,43,11,1,1,1512564.845315,1439259.807666,0.000000,0.000000,0
uccase12,config21,1,FOUND INTEGER FEASIBLE,0.330018,2.921871,0,0,0,0,897480.532850,12015.087768,0.000000,0.000000,0
uccase12,config21,2,FOUND INTEGER FEASIBLE,0.323984,2.888577,0,0,0,0,897480.532850,12015.087768,0.000000,0.000000,0
uccase12,config21,3,FOUND INTEGER FEASIBLE,0.323392,2.904026,0,0,0,0,897480.532850,12015.087768,0.000000,0.000000,0
uccase12,config23,1,FOUND INTEGER FEASIBLE,0.324201,3.095340,1,0,0,0,1521794.367320,1464753.681677,0.000000,0.000000,0
uccase12,config23,2,FOUND INTEGER FEASIBLE,0.323838,3.096725,1,0,0,0,1521794.367320,1464753.681677,0.000000,0.000000,0
uccase12,config23,3,FOUND INTEGER FEASIBLE,0.214437,2.153074,1,0,0,0,1521794.367320,1464753.681677,0.000000,0.000000,0
uccase12,config19,1,FOUND INTEGER FEASIBLE,0.000000,1.464969,0,0,-1,-1,22729.048850,12015.087768,0.000000,0.000000,0
uccase12,config19,2,FOUND INTEGER FEASIBLE,0.000000,1.279784,0,0,-1,-1,22729.048850,12015.087768,0.000000,0.000000,0
uccase12,config19,3,FOUND INTEGER FEASIBLE,0.000000,1.275442,0,0,-1,-1,22729.048850,12015.087768,0.000000,0.000000,0
uccase12,config18,1,FOUND INTEGER FEASIBLE,0.000000,1.010912,0,0,-1,-1,22729.048850,12015.087768,0.000000,0.000000,0
uccase12,config18,2,FOUND INTEGER FEASIBLE,0.000000,1.109084,0,0,-1,-1,22729.048850,12015.087768,0.000000,0.000000,0
uccase12,config18,3,FOUND INTEGER FEASIBLE,0.000000,0.888280,0,0,-1,-1,22729.048850,12015.087768,0.000000,0.000000,0
uccase9,config1,1,FOUND INTEGER FEASIBLE,0.000000,2.762275,1,0,-1,-1,27470.783557,27078.043905,0.000000,0.000000,0
uccase9,config1,2,FAILED TO FIND AN INTEGER FEASIBLE SOLUTION,0.000000,580.471757,12000,0,-1,-1,0.000000,0.000000,0.515625,0.515625,2
uccase9,config1,3,FOUND INTEGER FEASIBLE,0.000000,2.781124,1,0,-1,-1,24199.822138,24061.633211,0.000000,0.000000,0
uccase9,config3,1,FOUND INTEGER FEASIBLE,0.000000,1.554473,1,0,-1,-1,3382822.776195,3276214.614095,0.000000,0.000000,0
uccase9,config3,2,FOUND INTEGER FEASIBLE,0.000000,0.981980,1,0,-1,-1,3382822.776195,3276214.614095,0.000000,0.000000,0
uccase9,config3,3,FOUND INTEGER FEASIBLE,0.000000,1.561477,1,0,-1,-1,3382822.776195,3276214.614095,0.000000,0.000000,0
uccase9,config20,1,FOUND INTEGER FEASIBLE,0.000000,1.811068,8,0,-1,-1,66845.674578,33605.611495,0.000000,0.000000,0
uccase9,config20,2,FAILED TO FIND AN INTEGER FEASIBLE SOLUTION,0.000000,541.546881,12000,0,-1,-1,0.000000,0.000000,0.040817,0.040817,1
uccase9,config20,3,FOUND INTEGER FEASIBLE,0.000000,1.799929,6,0,-1,-1,86290.403867,33554.834623,0.000000,0.000000,0
uccase9,config16,1,FOUND INTEGER FEASIBLE,2.297603,5.909455,62,13,1,1,243658.898299,210899.296933,0.000000,0.000000,0
uccase9,config16,2,FOUND INTEGER FEASIBLE,2.323146,4.742225,24,13,1,1,333714.510202,331993.179295,0.000000,0.000000,0
uccase9,config16,3,FOUND INTEGER FEASIBLE,2.319027,4.940008,30,13,1,1,218248.214797,158994.374472,0.000000,0.000000,0
uccase9,config17,1,FOUND INTEGER FEASIBLE,0.585098,1.862966,1,3,0,0,3285032.391305,3212138.989595,0.000000,0.000000,0
uccase9,config17,2,FOUND INTEGER FEASIBLE,0.583178,1.830700,1,3,0,0,3285032.391305,3212138.989595,0.000000,0.000000,0
uccase9,config17,3,FOUND INTEGER FEASIBLE,0.583014,1.847050,1,3,0,0,3285032.391305,3212138.989595,0.000000,0.000000,0
uccase9,config21,1,FOUND INTEGER FEASIBLE,0.816474,32.950571,811,13,9,0,1594511.613549,1287434.116751,0.000000,0.000000,0
uccase9,config21,2,FOUND INTEGER FEASIBLE,0.829639,2.232939,19,13,0,0,1458045.024164,1149379.285030,0.000000,0.000000,0
uccase9,config21,3,FOUND INTEGER FEASIBLE,0.819687,2.421410,44,13,0,0,1657448.456490,1381801.864752,0.000000,0.000000,0
uccase9,config23,1,FOUND INTEGER FEASIBLE,0.821317,506.384242,10602,13,13,0,2707024.744940,2566290.810779,0.000000,0.000000,0
uccase9,config23,2,FAILED TO FIND AN INTEGER FEASIBLE SOLUTION,0.830126,577.392288,12000,13,13,0,0.000000,0.000000,0.051595,0.051595,2
uccase9,config23,3,FAILED TO FIND AN INTEGER FEASIBLE SOLUTION,0.827173,575.720431,12000,13,13,0,0.000000,0.000000,0.033375,0.033375,3
uccase9,config19,1,FOUND INTEGER FEASIBLE,0.000000,3.097359,0,0,-1,-1,30931.877835,30931.877835,0.000000,0.000000,0
uccase9,config19,2,FOUND INTEGER FEASIBLE,0.000000,3.475682,0,0,-1,-1,30931.877835,30931.877835,0.000000,0.000000,0
uccase9,config19,3,FOUND INTEGER FEASIBLE,0.000000,3.467871,0,0,-1,-1,30931.877835,30931.877835,0.000000,0.000000,0
uccase9,config18,1,FOUND INTEGER FEASIBLE,0.000000,3.046706,0,0,-1,-1,30931.877835,30931.877835,0.000000,0.000000,0
uccase9,config18,2,FOUND INTEGER FEASIBLE,0.000000,3.074503,0,0,-1,-1,30931.877835,30931.877835,0.000000,0.000000,0
uccase9,config18,3,FOUND INTEGER FEASIBLE,0.000000,3.064718,0,0,-1,-1,30931.877835,30931.877835,0.000000,0.000000,0
uct-subprob,config1,1,FOUND INTEGER FEASIBLE,0.000000,0.257974,1,0,-1,-1,494.000000,494.000000,0.000000,0.000000,0
uct-subprob,config1,2,FOUND INTEGER FEASIBLE,0.000000,0.249555,1,0,-1,-1,388.000000,388.000000,0.000000,0.000000,0
uct-subprob,config1,3,FOUND INTEGER FEASIBLE,0.000000,0.277911,1,0,-1,-1,531.000000,531.000000,0.000000,0.000000,0
uct-subprob,config3,1,FOUND INTEGER FEASIBLE,0.000000,0.050807,0,0,-1,-1,2140.000000,380.000000,0.000000,0.000000,0
uct-subprob,config3,2,FOUND INTEGER FEASIBLE,0.000000,0.051530,0,0,-1,-1,2140.000000,380.000000,0.000000,0.000000,0
uct-subprob,config3,3,FOUND INTEGER FEASIBLE,0.000000,0.050525,0,0,-1,-1,2140.000000,380.000000,0.000000,0.000000,0
uct-subprob,config20,1,FOUND INTEGER FEASIBLE,0.000000,0.061368,1,0,-1,-1,2563.000000,718.000000,0.000000,0.000000,0
uct-subprob,config20,2,FOUND INTEGER FEASIBLE,0.000000,0.062798,1,0,-1,-1,2424.000000,591.000000,0.000000,0.000000,0
uct-subprob,config20,3,FOUND INTEGER FEASIBLE,0.000000,0.061093,1,0,-1,-1,2563.000000,705.000000,0.000000,0.000000,0
uct-subprob,config16,1,FOUND INTEGER FEASIBLE,0.203081,0.271442,1,12,0,0,408.000000,408.000000,0.000000,0.000000,0
uct-subprob,config16,2,FOUND INTEGER FEASIBLE,0.123682,0.167118,1,12,0,0,377.000000,377.000000,0.000000,0.000000,0
uct-subprob,config16,3,FOUND INTEGER FEASIBLE,0.202181,0.262994,1,12,0,0,410.000000,410.000000,0.000000,0.000000,0
uct-subprob,config17,1,FOUND INTEGER FEASIBLE,0.006053,0.072384,0,1,0,0,2006.000000,380.000000,0.000000,0.000000,0
uct-subprob,config17,2,FOUND INTEGER FEASIBLE,0.006104,0.072207,0,1,0,0,2006.000000,380.000000,0.000000,0.000000,0
uct-subprob,config17,3,FOUND INTEGER FEASIBLE,0.006104,0.072150,0,1,0,0,2006.000000,380.000000,0.000000,0.000000,0
uct-subprob,config21,1,FOUND INTEGER FEASIBLE,0.023618,0.076948,1,9,0,0,1362.000000,498.000000,0.000000,0.000000,0
uct-subprob,config21,2,FOUND INTEGER FEASIBLE,0.023561,0.075946,1,9,0,0,1334.000000,516.000000,0.000000,0.000000,0
uct-subprob,config21,3,FOUND INTEGER FEASIBLE,0.023552,0.076293,1,9,0,0,1378.000000,519.000000,0.000000,0.000000,0
uct-subprob,config23,1,FOUND INTEGER FEASIBLE,0.023655,0.074690,0,9,0,0,1254.000000,380.000000,0.000000,0.000000,0
uct-subprob,config23,2,FOUND INTEGER FEASIBLE,0.023544,0.073990,0,9,0,0,1254.000000,380.000000,0.000000,0.000000,0
uct-subprob,config23,3,FOUND INTEGER FEASIBLE,0.023563,0.074582,0,9,0,0,1254.000000,380.000000,0.000000,0.000000,0
uct-subprob,config19,1,FOUND INTEGER FEASIBLE,0.000000,0.054082,0,0,-1,-1,380.000000,380.000000,0.000000,0.000000,0
uct-subprob,config19,2,FOUND INTEGER FEASIBLE,0.000000,0.046248,0,0,-1,-1,380.000000,380.000000,0.000000,0.000000,0
uct-subprob,config19,3,FOUND INTEGER FEASIBLE,0.000000,0.044147,0,0,-1,-1,380.000000,380.000000,0.000000,0.000000,0
uct-subprob,config18,1,FOUND INTEGER FEASIBLE,0.000000,0.033795,0,0,-1,-1,380.000000,380.000000,0.000000,0.000000,0
uct-subprob,config18,2,FOUND INTEGER FEASIBLE,0.000000,0.029287,0,0,-1,-1,380.000000,380.000000,0.000000,0.000000,0
uct-subprob,config18,3,FOUND INTEGER FEASIBLE,0.000000,0.029163,0,0,-1,-1,380.000000,380.000000,0.000000,0.000000,0
unitcal_7,config1,1,FOUND INTEGER FEASIBLE,0.000000,44.181443,867,0,-1,-1,28424686.279625,25081251.129270,0.000000,0.000000,0
unitcal_7,config1,2,FOUND INTEGER FEASIBLE,0.000000,81.302483,1547,0,-1,-1,28472268.891545,25044889.809777,0.000000,0.000000,0
unitcal_7,config1,3,FOUND INTEGER FEASIBLE,0.000000,24.724954,496,0,-1,-1,29959105.413080,26715157.297506,0.000000,0.000000,0
unitcal_7,config3,1,FOUND INTEGER FEASIBLE,0.000000,128.275601,2391,0,-1,-1,29867291.848878,26607938.984111,0.000000,0.000000,0
unitcal_7,config3,2,FOUND INTEGER FEASIBLE,0.000000,117.942206,2191,0,-1,-1,29584928.532748,26174088.872881,0.000000,0.000000,0
unitcal_7,config3,3,FOUND INTEGER FEASIBLE,0.000000,21.073507,381,0,-1,-1,27370889.908842,23673369.327974,0.000000,0.000000,0
unitcal_7,config20,1,FOUND INTEGER FEASIBLE,0.000000,0.821800,0,0,-1,-1,29918932.531267,20668561.601645,0.000000,0.000000,0
unitcal_7,config20,2,FOUND INTEGER FEASIBLE,0.000000,0.673998,0,0,-1,-1,29918932.531267,20668561.601645,0.000000,0.000000,0
unitcal_7,config20,3,FOUND INTEGER FEASIBLE,0.000000,0.879179,0,0,-1,-1,29918932.531267,20668561.601645,0.000000,0.000000,0
unitcal_7,config16,1,FOUND INTEGER FEASIBLE,1.444958,62.758192,1205,13,13,12,27581064.030733,24177376.563237,0.000000,0.000000,0
unitcal_7,config16,2,FOUND INTEGER FEASIBLE,1.668417,271.536654,4995,13,13,12,30236133.560721,26801837.716110,0.000000,0.000000,0
unitcal_7,config16,3,FOUND INTEGER FEASIBLE,1.670298,125.314541,2476,13,13,12,28854694.561730,24985969.812091,0.000000,0.000000,0
unitcal_7,config17,1,FOUND INTEGER FEASIBLE,1.513992,28.403785,502,13,13,12,27725757.874105,24131122.001470,0.000000,0.000000,0
unitcal_7,config17,2,FOUND INTEGER FEASIBLE,1.513560,138.235754,2575,13,13,12,28408142.825758,25152666.967027,0.000000,0.000000,0
unitcal_7,config17,3,FOUND INTEGER FEASIBLE,1.510918,21.819632,396,13,13,12,29241357.169537,26053812.789270,0.000000,0.000000,0
unitcal_7,config21,1,FOUND INTEGER FEASIBLE,0.353473,1.455513,0,0,0,0,29971136.011362,20668561.601645,0.000000,0.000000,0
unitcal_7,config21,2,FOUND INTEGER FEASIBLE,0.352408,1.444387,0,0,0,0,29971136.011362,20668561.601645,0.000000,0.000000,0
unitcal_7,config21,3,FOUND INTEGER FEASIBLE,0.353199,1.450876,0,0,0,0,29971136.011362,20668561.601645,0.000000,0.000000,0
unitcal_7,config23,1,FOUND INTEGER FEASIBLE,0.353334,20.896095,382,0,0,0,27432831.506097,24204392.217062,0.000000,0.000000,0
unitcal_7,config23,2,FOUND INTEGER FEASIBLE,0.353799,101.899213,1883,0,0,0,29117884.134390,25223403.517516,0.000000,0.000000,0
unitcal_7,config23,3,FOUND INTEGER FEASIBLE,0.353927,8.414473,114,0,0,0,28251375.059397,24373772.689022,0.000000,0.000000,0
unitcal_7,config19,1,FOUND INTEGER FEASIBLE,0.000000,0.554276,0,0,-1,-1,28734779.287580,20668561.601645,0.000000,0.000000,0
unitcal_7,config19,2,FOUND INTEGER FEASIBLE,0.000000,0.548607,0,0,-1,-1,28734779.287580,20668561.601645,0.000000,0.000000,0
unitcal_7,config19,3,FOUND INTEGER FEASIBLE,0.000000,0.548971,0,0,-1,-1,28734779.287580,20668561.601645,0.000000,0.000000,0
unitcal_7,config18,1,FOUND INTEGER FEASIBLE,0.000000,0.378699,0,0,-1,-1,28734779.287580,20668561.601645,0.000000,0.000000,0
unitcal_7,config18,2,FOUND INTEGER FEASIBLE,0.000000,0.382434,0,0,-1,-1,28734779.287580,20668561.601645,0.000000,0.000000,0
unitcal_7,config18,3,FOUND INTEGER FEASIBLE,0.000000,0.373346,0,0,-1,-1,28734779.287580,20668561.601645,0.000000,0.000000,0
var-smallemery-m6j6,config1,1,FOUND INTEGER FEASIBLE,0.000000,4.839428,1,0,-1,-1,-85.156250,-85.156250,0.000000,0.000000,0
var-smallemery-m6j6,config1,2,FOUND INTEGER FEASIBLE,0.000000,4.938509,1,0,-1,-1,-14.312500,-14.312500,0.000000,0.000000,0
var-smallemery-m6j6,config1,3,FOUND INTEGER FEASIBLE,0.000000,4.784772,1,0,-1,-1,-86.750000,-86.750000,0.000000,0.000000,0
var-smallemery-m6j6,config3,1,FOUND INTEGER FEASIBLE,0.000000,3.715667,0,0,-1,-1,6077.593750,0.000000,0.000000,0.000000,0
var-smallemery-m6j6,config3,2,FOUND INTEGER FEASIBLE,0.000000,3.724518,0,0,-1,-1,6077.593750,0.000000,0.000000,0.000000,0
var-smallemery-m6j6,config3,3,FOUND INTEGER FEASIBLE,0.000000,3.710955,0,0,-1,-1,6077.593750,0.000000,0.000000,0.000000,0
var-smallemery-m6j6,config20,1,FOUND INTEGER FEASIBLE,0.000000,3.687253,0,0,-1,-1,6077.593750,3137.562500,0.000000,0.000000,0
var-smallemery-m6j6,config20,2,FOUND INTEGER FEASIBLE,0.000000,4.268014,0,0,-1,-1,6077.593750,3137.562500,0.000000,0.000000,0
var-smallemery-m6j6,config20,3,FOUND INTEGER FEASIBLE,0.000000,3.943376,0,0,-1,-1,6077.593750,3137.562500,0.000000,0.000000,0
var-smallemery-m6j6,config16,1,FOUND INTEGER FEASIBLE,0.969925,4.729462,0,12,0,0,0.000000,0.000000,0.000000,0.000000,0
var-smallemery-m6j6,config16,2,FOUND INTEGER FEASIBLE,0.971641,4.694992,0,12,0,0,0.000000,0.000000,0.000000,0.000000,0
var-smallemery-m6j6,config16,3,FOUND INTEGER FEASIBLE,0.968838,4.668261,0,12,0,0,0.000000,0.000000,0.000000,0.000000,0
var-smallemery-m6j6,config17,1,FOUND INTEGER FEASIBLE,0.033076,3.742345,0,1,0,0,6077.593750,0.000000,0.000000,0.000000,0
var-smallemery-m6j6,config17,2,FOUND INTEGER FEASIBLE,0.033117,3.734983,0,1,0,0,6077.593750,0.000000,0.000000,0.000000,0
var-smallemery-m6j6,config17,3,FOUND INTEGER FEASIBLE,0.033064,3.734420,0,1,0,0,6077.593750,0.000000,0.000000,0.000000,0
var-smallemery-m6j6,config21,1,FOUND INTEGER FEASIBLE,0.105128,3.823985,0,2,0,0,6077.593750,52.000000,0.000000,0.000000,0
var-smallemery-m6j6,config21,2,FOUND INTEGER FEASIBLE,0.105209,3.825987,0,2,0,0,6077.593750,52.000000,0.000000,0.000000,0
var-smallemery-m6j6,config21,3,FOUND INTEGER FEASIBLE,0.105899,3.818144,0,2,0,0,6077.593750,52.000000,0.000000,0.000000,0
var-smallemery-m6j6,config23,1,FOUND INTEGER FEASIBLE,0.105496,3.819072,0,2,0,0,6077.593750,0.000000,0.000000,0.000000,0
var-smallemery-m6j6,config23,2,FOUND INTEGER FEASIBLE,0.105092,3.821169,0,2,0,0,6077.593750,0.000000,0.000000,0.000000,0
var-smallemery-m6j6,config23,3,FOUND INTEGER FEASIBLE,0.105173,3.821118,0,2,0,0,6077.593750,0.000000,0.000000,0.000000,0
var-smallemery-m6j6,config19,1,FOUND INTEGER FEASIBLE,0.000000,0.611155,0,0,-1,-1,0.000000,0.000000,0.000000,0.000000,0
var-smallemery-m6j6,config19,2,FOUND INTEGER FEASIBLE,0.000000,0.361672,0,0,-1,-1,0.000000,0.000000,0.000000,0.000000,0
var-smallemery-m6j6,config19,3,FOUND INTEGER FEASIBLE,0.000000,0.358636,0,0,-1,-1,0.000000,0.000000,0.000000,0.000000,0
var-smallemery-m6j6,config18,1,FOUND INTEGER FEASIBLE,0.000000,0.428380,0,0,-1,-1,0.000000,0.000000,0.000000,0.000000,0
var-smallemery-m6j6,config18,2,FOUND INTEGER FEASIBLE,0.000000,0.245887,0,0,-1,-1,0.000000,0.000000,0.000000,0.000000,0
var-smallemery-m6j6,config18,3,FOUND INTEGER FEASIBLE,0.000000,0.250223,0,0,-1,-1,0.000000,0.000000,0.000000,0.000000,0
wachplan,config1,1,FOUND INTEGER FEASIBLE,0.000000,3.308049,63,0,-1,-1,-8.000000,-8.000000,0.000000,0.000000,0
wachplan,config1,2,FOUND INTEGER FEASIBLE,0.000000,1.337987,11,0,-1,-1,-8.000000,-8.000000,0.000000,0.000000,0
wachplan,config1,3,FOUND INTEGER FEASIBLE,0.000000,1.987089,19,0,-1,-1,-8.000000,-8.000000,0.000000,0.000000,0
wachplan,config3,1,FOUND INTEGER FEASIBLE,0.000000,0.908215,6,0,-1,-1,-8.000000,-8.000000,0.000000,0.000000,0
wachplan,config3,2,FOUND INTEGER FEASIBLE,0.000000,1.145648,8,0,-1,-1,-8.000000,-8.000000,0.000000,0.000000,0
wachplan,config3,3,FOUND INTEGER FEASIBLE,0.000000,0.895510,6,0,-1,-1,-8.000000,-8.000000,0.000000,0.000000,0
wachplan,config20,1,FOUND INTEGER FEASIBLE,0.000000,0.558627,16,0,-1,-1,-8.000000,-8.000000,0.000000,0.000000,0
wachplan,config20,2,FOUND INTEGER FEASIBLE,0.000000,1.028002,26,0,-1,-1,-8.000000,-8.000000,0.000000,0.000000,0
wachplan,config20,3,FOUND INTEGER FEASIBLE,0.000000,0.749080,5,0,-1,-1,-8.000000,-8.000000,0.000000,0.000000,0
wachplan,config16,1,FOUND INTEGER FEASIBLE,0.470293,8.808248,509,12,5,0,-8.000000,-8.000000,0.000000,0.000000,0
wachplan,config16,2,FOUND INTEGER FEASIBLE,0.468436,9.389535,591,12,5,0,-8.000000,-8.000000,0.000000,0.000000,0
wachplan,config16,3,FOUND INTEGER FEASIBLE,0.470117,7.507807,520,12,5,0,-8.000000,-8.000000,0.000000,0.000000,0
wachplan,config17,1,FOUND INTEGER FEASIBLE,0.401831,11.858063,612,11,7,1,-8.000000,-8.000000,0.000000,0.000000,0
wachplan,config17,2,FOUND INTEGER FEASIBLE,0.205313,11.580828,645,11,7,1,-8.000000,-8.000000,0.000000,0.000000,0
wachplan,config17,3,FOUND INTEGER FEASIBLE,0.205365,9.250231,570,11,6,1,-8.000000,-8.000000,0.000000,0.000000,0
wachplan,config21,1,FOUND INTEGER FEASIBLE,0.400418,1.114755,14,11,1,1,-8.000000,-8.000000,0.000000,0.000000,0
wachplan,config21,2,FOUND INTEGER FEASIBLE,0.401634,0.961786,10,11,1,1,-8.000000,-8.000000,0.000000,0.000000,0
wachplan,config21,3,FOUND INTEGER FEASIBLE,0.400449,1.045461,16,11,1,1,-8.000000,-8.000000,0.000000,0.000000,0
wachplan,config23,1,FOUND INTEGER FEASIBLE,0.401331,1.541708,27,11,1,1,-8.000000,-8.000000,0.000000,0.000000,0
wachplan,config23,2,FOUND INTEGER FEASIBLE,0.401604,0.977944,8,11,1,1,-8.000000,-8.000000,0.000000,0.000000,0
wachplan,config23,3,FOUND INTEGER FEASIBLE,0.400422,2.297080,52,11,1,1,-8.000000,-8.000000,0.000000,0.000000,0
wachplan,config19,1,FOUND INTEGER FEASIBLE,0.000000,4.225189,0,0,-1,-1,-8.000000,-8.000000,0.000000,0.000000,0
wachplan,config19,2,FOUND INTEGER FEASIBLE,0.000000,4.203907,0,0,-1,-1,-8.000000,-8.000000,0.000000,0.000000,0
wachplan,config19,3,FOUND INTEGER FEASIBLE,0.000000,4.506259,0,0,-1,-1,-8.000000,-8.000000,0.000000,0.000000,0
wachplan,config18,1,FOUND INTEGER FEASIBLE,0.000000,3.335142,0,0,-1,-1,-8.000000,-8.000000,0.000000,0.000000,0
wachplan,config18,2,FOUND INTEGER FEASIBLE,0.000000,3.339624,0,0,-1,-1,-8.000000,-8.000000,0.000000,0.000000,0
wachplan,config18,3,FOUND INTEGER FEASIBLE,0.000000,3.327806,0,0,-1,-1,-8.000000,-8.000000,0.000000,0.000000,0
