instance,config,seed,status,time_kernel,total_time,iterations,buckets,last_bucket,first_bucket,value,reopt_value,real_gap,proj_gap,num_frac
circ18abal,config1,1,FAILED TO FIND AN INTEGER FEASIBLE SOLUTION,0.000000,3600,201,0,-1,-1,0.000000,0.000000,16.925454,21.584393,463
circ18abal,config1,2,FAILED TO FIND AN INTEGER FEASIBLE SOLUTION,0.000000,3600,146,0,-1,-1,0.000000,0.000000,22.365770,24.063272,450
circ18abal,config1,3,FAILED TO FIND AN INTEGER FEASIBLE SOLUTION,0.000000,3600,188,0,-1,-1,0.000000,0.000000,20.448130,23.816658,446
circ18abal,config3,1,FAILED TO FIND AN INTEGER FEASIBLE SOLUTION,0.000000,3600,191,0,-1,-1,0.000000,0.000000,24.728035,27.723654,459
circ18abal,config3,2,FAILED TO FIND AN INTEGER FEASIBLE SOLUTION,0.000000,3600,193,0,-1,-1,0.000000,0.000000,24.728035,27.723654,459
circ18abal,config3,3,FAILED TO FIND AN INTEGER FEASIBLE SOLUTION,0.000000,3600,188,0,-1,-1,0.000000,0.000000,24.728035,27.723654,459
circ18abal,config20,1,FAILED TO FIND AN INTEGER FEASIBLE SOLUTION,0.000000,3600,91,0,-1,-1,0.000000,0.000000,26.813678,29.290454,412
circ18abal,config20,2,FAILED TO FIND AN INTEGER FEASIBLE SOLUTION,0.000000,3600,88,0,-1,-1,0.000000,0.000000,26.813678,29.290454,412
circ18abal,config20,3,FAILED TO FIND AN INTEGER FEASIBLE SOLUTION,0.000000,3600,74,0,-1,-1,0.000000,0.000000,26.813678,29.290454,412
circ18abal,config16,1,FAILED TO FIND AN INTEGER FEASIBLE SOLUTION,20.255927,3600,257,12,12,1,0.000000,0.000000,7.861335,7.861335,435
circ18abal,config16,2,FOUND INTEGER FEASIBLE,20.391542,643.390231,44,12,3,1,1126.000000,1126.000000,0.000000,0.000000,0
circ18abal,config16,3,FOUND INTEGER FEASIBLE,21.384920,1000.238924,76,12,4,1,1072.000000,1072.000000,0.000000,0.000000,0
circ18abal,config17,1,FOUND INTEGER FEASIBLE,105.614575,800.354951,65,12,2,0,1132.000000,1132.000000,0.000000,0.000000,0
circ18abal,config17,2,FAILED TO FIND AN INTEGER FEASIBLE SOLUTION,103.893011,3600,268,12,12,0,0.000000,0.000000,8.167523,8.186151,395
circ18abal,config17,3,FAILED TO FIND AN INTEGER FEASIBLE SOLUTION,105.743173,3600,260,12,12,0,0.000000,0.000000,9.105969,9.681825,412
circ18abal,config21,1,FOUND INTEGER FEASIBLE,114.768988,1418.379936,82,11,4,0,1314.000000,1314.000000,0.000000,0.000000,0
circ18abal,config21,2,FOUND INTEGER FEASIBLE,116.827133,1755.150371,94,11,5,0,1332.000000,1332.000000,0.000000,0.000000,0
circ18abal,config21,3,FOUND INTEGER FEASIBLE,113.667034,1170.184433,63,11,3,0,1316.000000,1316.000000,0.000000,0.000000,0
circ18abal,config23,1,FOUND INTEGER FEASIBLE,113.914046,1890.457598,127,11,6,0,1122.000000,1122.000000,0.000000,0.000000,0
circ18abal,config23,2,FAILED TO FIND AN INTEGER FEASIBLE SOLUTION,113.534435,3600,244,11,11,0,0.000000,0.000000,8.092847,8.092847,409
circ18abal,config23,3,FOUND INTEGER FEASIBLE,114.267650,1891.126517,129,11,6,0,1122.000000,1122.000000,0.000000,0.000000,0
circ18abal,config19,1,FOUND INTEGER FEASIBLE,0.000000,959.451214,0,0,-1,-1,856.000000,856.000000,0.000000,0.000000,0
circ18abal,config19,2,FOUND INTEGER FEASIBLE,0.000000,962.848049,0,0,-1,-1,856.000000,856.000000,0.000000,0.000000,0
circ18abal,config19,3,FOUND INTEGER FEASIBLE,0.000000,959.769716,0,0,-1,-1,856.000000,856.000000,0.000000,0.000000,0
circ18abal,config18,1,FOUND INTEGER FEASIBLE,0.000000,571.109572,0,0,-1,-1,868.000000,868.000000,0.000000,0.000000,0
circ18abal,config18,2,FOUND INTEGER FEASIBLE,0.000000,573.033302,0,0,-1,-1,868.000000,868.000000,0.000000,0.000000,0
circ18abal,config18,3,FOUND INTEGER FEASIBLE,0.000000,572.118630,0,0,-1,-1,868.000000,868.000000,0.000000,0.000000,0
circ18anonbal,config1,1,FAILED TO FIND AN INTEGER FEASIBLE SOLUTION,0.000000,3600,167,0,-1,-1,0.000000,0.000000,21.750129,22.732912,486
circ18anonbal,config1,2,FAILED TO FIND AN INTEGER FEASIBLE SOLUTION,0.000000,3600,170,0,-1,-1,0.000000,0.000000,21.750129,22.732912,486
circ18anonbal,config1,3,FAILED TO FIND AN INTEGER FEASIBLE SOLUTION,0.000000,3600,171,0,-1,-1,0.000000,0.000000,21.750129,22.732912,486
circ18anonbal,config3,1,FAILED TO FIND AN INTEGER FEASIBLE SOLUTION,0.000000,3600,167,0,-1,-1,0.000000,0.000000,22.064063,25.400080,440
circ18anonbal,config3,2,FAILED TO FIND AN INTEGER FEASIBLE SOLUTION,0.000000,3600,167,0,-1,-1,0.000000,0.000000,22.064063,25.400080,440
circ18anonbal,config3,3,FAILED TO FIND AN INTEGER FEASIBLE SOLUTION,0.000000,3600,117,0,-1,-1,0.000000,0.000000,22.064063,25.400080,440
circ18anonbal,config20,1,FAILED TO FIND AN INTEGER FEASIBLE SOLUTION,0.000000,3600,78,0,-1,-1,0.000000,0.000000,25.484907,26.368251,473
circ18anonbal,config20,2,FAILED TO FIND AN INTEGER FEASIBLE SOLUTION,0.000000,3600,83,0,-1,-1,0.000000,0.000000,25.484907,26.368251,473
circ18anonbal,config20,3,FAILED TO FIND AN INTEGER FEASIBLE SOLUTION,0.000000,3600,71,0,-1,-1,0.000000,0.000000,21.438612,24.562582,462
circ18anonbal,config16,1,FAILED TO FIND AN INTEGER FEASIBLE SOLUTION,35.788063,3600,226,12,12,1,0.000000,0.000000,8.274947,8.274947,438
circ18anonbal,config16,2,FOUND INTEGER FEASIBLE,35.787720,655.344054,38,12,3,1,1106.000000,1106.000000,0.000000,0.000000,0
circ18anonbal,config16,3,FAILED TO FIND AN INTEGER FEASIBLE SOLUTION,35.867837,3600,222,12,12,1,0.000000,0.000000,8.274947,8.274947,438
circ18anonbal,config17,1,FOUND INTEGER FEASIBLE,115.409132,788.347789,46,12,2,0,1092.000000,1092.000000,0.000000,0.000000,0
circ18anonbal,config17,2,FOUND INTEGER FEASIBLE,114.460157,840.979666,52,12,2,0,1066.000000,1066.000000,0.000000,0.000000,0
circ18anonbal,config17,3,FOUND INTEGER FEASIBLE,114.802796,996.956065,61,12,3,0,1088.000000,1088.000000,0.000000,0.000000,0
circ18anonbal,config21,1,FOUND INTEGER FEASIBLE,168.682261,1345.158436,120,11,4,0,1148.000000,1148.000000,0.000000,0.000000,0
circ18anonbal,config21,2,FOUND INTEGER FEASIBLE,168.442755,962.384640,101,11,2,0,1158.000000,1158.000000,0.000000,0.000000,0
circ18anonbal,config21,3,FOUND INTEGER FEASIBLE,170.453152,1090.898740,104,11,3,0,1166.000000,1166.000000,0.000000,0.000000,0
circ18anonbal,config23,1,FOUND INTEGER FEASIBLE,169.738536,1096.817341,102,11,3,0,1152.000000,1152.000000,0.000000,0.000000,0
circ18anonbal,config23,2,FOUND INTEGER FEASIBLE,170.770300,1136.590302,109,11,3,0,1180.000000,1180.000000,0.000000,0.000000,0
circ18anonbal,config23,3,FOUND INTEGER FEASIBLE,168.894335,1382.371931,123,11,4,0,1192.000000,1192.000000,0.000000,0.000000,0
circ18anonbal,config19,1,FOUND INTEGER FEASIBLE,0.000000,1409.833255,0,0,-1,-1,866.000000,866.000000,0.000000,0.000000,0
circ18anonbal,config19,2,FOUND INTEGER FEASIBLE,0.000000,1418.362634,0,0,-1,-1,866.000000,866.000000,0.000000,0.000000,0
circ18anonbal,config19,3,FOUND INTEGER FEASIBLE,0.000000,1411.628909,0,0,-1,-1,866.000000,866.000000,0.000000,0.000000,0
circ18anonbal,config18,1,FOUND INTEGER FEASIBLE,0.000000,1731.414638,0,0,-1,-1,904.000000,904.000000,0.000000,0.000000,0
circ18anonbal,config18,2,FOUND INTEGER FEASIBLE,0.000000,1730.321712,0,0,-1,-1,904.000000,904.000000,0.000000,0.000000,0
circ18anonbal,config18,3,FOUND INTEGER FEASIBLE,0.000000,1728.324611,0,0,-1,-1,904.000000,904.000000,0.000000,0.000000,0
circ18bbal,config1,1,FAILED TO FIND AN INTEGER FEASIBLE SOLUTION,0.000000,3600,196,0,-1,-1,0.000000,0.000000,27.487216,28.838389,478
circ18bbal,config1,2,FAILED TO FIND AN INTEGER FEASIBLE SOLUTION,0.000000,3600,198,0,-1,-1,0.000000,0.000000,22.592834,25.459400,472
circ18bbal,config1,3,FAILED TO FIND AN INTEGER FEASIBLE SOLUTION,0.000000,3600,197,0,-1,-1,0.000000,0.000000,27.487216,28.838389,478
circ18bbal,config3,1,FAILED TO FIND AN INTEGER FEASIBLE SOLUTION,0.000000,3600,194,0,-1,-1,0.000000,0.000000,26.605646,29.932703,493
circ18bbal,config3,2,FAILED TO FIND AN INTEGER FEASIBLE SOLUTION,0.000000,3600,191,0,-1,-1,0.000000,0.000000,26.605646,29.932703,493
circ18bbal,config3,3,FAILED TO FIND AN INTEGER FEASIBLE SOLUTION,0.000000,3600,184,0,-1,-1,0.000000,0.000000,26.605646,29.932703,493
circ18bbal,config20,1,FAILED TO FIND AN INTEGER FEASIBLE SOLUTION,0.000000,3600,89,0,-1,-1,0.000000,0.000000,17.120215,17.454819,448
circ18bbal,config20,2,FAILED TO FIND AN INTEGER FEASIBLE SOLUTION,0.000000,3600,88,0,-1,-1,0.000000,0.000000,16.773177,17.474913,445
circ18bbal,config20,3,FAILED TO FIND AN INTEGER FEASIBLE SOLUTION,0.000000,3600,92,0,-1,-1,0.000000,0.000000,16.271857,17.082940,458
circ18bbal,config16,1,FOUND INTEGER FEASIBLE,21.918026,1002.560407,75,12,4,1,1092.000000,1092.000000,0.000000,0.000000,0
circ18bbal,config16,2,FOUND INTEGER FEASIBLE,22.061184,1268.369391,101,12,5,1,1126.000000,1126.000000,0.000000,0.000000,0
circ18bbal,config16,3,FOUND INTEGER FEASIBLE,22.149791,1207.270769,92,12,5,1,1096.000000,1096.000000,0.000000,0.000000,0
circ18bbal,config17,1,FAILED TO FIND AN INTEGER FEASIBLE SOLUTION,110.774494,3600,258,12,12,0,0.000000,0.000000,7.480610,7.480610,408
circ18bbal,config17,2,FOUND INTEGER FEASIBLE,111.605044,969.099710,72,12,3,0,1136.000000,1136.000000,0.000000,0.000000,0
circ18bbal,config17,3,FOUND INTEGER FEASIBLE,109.824805,1043.700279,82,12,3,0,1184.000000,1184.000000,0.000000,0.000000,0
circ18bbal,config21,1,FOUND INTEGER FEASIBLE,114.334361,501.514811,29,11,1,0,1170.000000,1170.000000,0.000000,0.000000,0
circ18bbal,config21,2,FOUND INTEGER FEASIBLE,114.367228,502.204232,28,11,1,0,1170.000000,1170.000000,0.000000,0.000000,0
circ18bbal,config21,3,FOUND INTEGER FEASIBLE,114.578790,502.709511,30,11,1,0,1170.000000,1170.000000,0.000000,0.000000,0
circ18bbal,config23,1,FOUND INTEGER FEASIBLE,114.823746,1644.681553,106,11,5,0,1076.000000,1076.000000,0.000000,0.000000,0
circ18bbal,config23,2,FAILED TO FIND AN INTEGER FEASIBLE SOLUTION,116.524344,3600,261,11,11,0,0.000000,0.000000,12.298230,12.298230,439
circ18bbal,config23,3,FOUND INTEGER FEASIBLE,115.002027,1991.842089,145,11,6,0,1072.000000,1072.000000,0.000000,0.000000,0
circ18bbal,config19,1,FOUND INTEGER FEASIBLE,0.000000,1086.480944,0,0,-1,-1,832.000000,832.000000,0.000000,0.000000,0
circ18bbal,config19,2,FOUND INTEGER FEASIBLE,0.000000,1098.324003,0,0,-1,-1,832.000000,832.000000,0.000000,0.000000,0
circ18bbal,config19,3,FOUND INTEGER FEASIBLE,0.000000,1080.200319,0,0,-1,-1,832.000000,832.000000,0.000000,0.000000,0
circ18bbal,config18,1,FOUND INTEGER FEASIBLE,0.000000,2526.916200,0,0,-1,-1,1062.000000,1062.000000,0.000000,0.000000,0
circ18bbal,config18,2,FOUND INTEGER FEASIBLE,0.000000,2523.058172,0,0,-1,-1,1062.000000,1062.000000,0.000000,0.000000,0
circ18bbal,config18,3,FOUND INTEGER FEASIBLE,0.000000,2519.117640,0,0,-1,-1,1062.000000,1062.000000,0.000000,0.000000,0
circ18cbal,config1,1,FAILED TO FIND AN INTEGER FEASIBLE SOLUTION,0.000000,3600,192,0,-1,-1,0.000000,0.000000,29.039616,32.848122,442
circ18cbal,config1,2,FAILED TO FIND AN INTEGER FEASIBLE SOLUTION,0.000000,3600,196,0,-1,-1,0.000000,0.000000,30.459424,33.451208,496
circ18cbal,config1,3,FAILED TO FIND AN INTEGER FEASIBLE SOLUTION,0.000000,3600,147,0,-1,-1,0.000000,0.000000,30.459424,33.451208,496
circ18cbal,config3,1,FAILED TO FIND AN INTEGER FEASIBLE SOLUTION,0.000000,3600,193,0,-1,-1,0.000000,0.000000,31.783490,34.620651,491
circ18cbal,config3,2,FAILED TO FIND AN INTEGER FEASIBLE SOLUTION,0.000000,3600,178,0,-1,-1,0.000000,0.000000,29.027285,33.839652,368
circ18cbal,config3,3,FAILED TO FIND AN INTEGER FEASIBLE SOLUTION,0.000000,3600,195,0,-1,-1,0.000000,0.000000,31.783490,34.620651,491
circ18cbal,config20,1,FAILED TO FIND AN INTEGER FEASIBLE SOLUTION,0.000000,3600,92,0,-1,-1,0.000000,0.000000,27.161800,29.788359,483
circ18cbal,config20,2,FAILED TO FIND AN INTEGER FEASIBLE SOLUTION,0.000000,3600,95,0,-1,-1,0.000000,0.000000,27.161800,29.788359,483
circ18cbal,config20,3,FAILED TO FIND AN INTEGER FEASIBLE SOLUTION,0.000000,3600,91,0,-1,-1,0.000000,0.000000,27.161800,29.788359,483
circ18cbal,config16,1,FOUND INTEGER FEASIBLE,23.919679,621.255371,44,12,3,1,1076.000000,1076.000000,0.000000,0.000000,0
circ18cbal,config16,2,FOUND INTEGER FEASIBLE,23.859896,727.682692,55,12,3,1,1068.000000,1068.000000,0.000000,0.000000,0
circ18cbal,config16,3,FAILED TO FIND AN INTEGER FEASIBLE SOLUTION,23.895198,3600,252,12,12,1,0.000000,0.000000,7.568596,7.694426,370
circ18cbal,config17,1,FOUND INTEGER FEASIBLE,117.874899,719.837995,54,12,2,0,1096.000000,1096.000000,0.000000,0.000000,0
circ18cbal,config17,2,FOUND INTEGER FEASIBLE,115.527952,703.204377,49,12,2,0,1098.000000,1098.000000,0.000000,0.000000,0
circ18cbal,config17,3,FOUND INTEGER FEASIBLE,115.130401,772.715463,53,12,2,0,1112.000000,1112.000000,0.000000,0.000000,0
circ18cbal,config21,1,FOUND INTEGER FEASIBLE,101.399152,615.843633,36,11,1,0,1262.000000,1262.000000,0.000000,0.000000,0
circ18cbal,config21,2,FOUND INTEGER FEASIBLE,101.136461,1076.709180,76,11,3,0,1242.000000,1242.000000,0.000000,0.000000,0
circ18cbal,config21,3,FOUND INTEGER FEASIBLE,101.723800,1030.171267,70,11,3,0,1198.000000,1198.000000,0.000000,0.000000,0
circ18cbal,config23,1,FOUND INTEGER FEASIBLE,102.514187,2204.826817,150,11,7,0,1098.000000,1098.000000,0.000000,0.000000,0
circ18cbal,config23,2,FOUND INTEGER FEASIBLE,101.237741,1060.712406,74,11,3,0,1094.000000,1094.000000,0.000000,0.000000,0
circ18cbal,config23,3,FOUND INTEGER FEASIBLE,102.461204,1041.409679,70,11,3,0,1072.000000,1072.000000,0.000000,0.000000,0
circ18cbal,config19,1,FAILED TO FIND AN INTEGER FEASIBLE SOLUTION,0.000000,3600,0,0,-1,-1,0.000000,0.000000,inf,inf,0
circ18cbal,config19,2,FAILED TO FIND AN INTEGER FEASIBLE SOLUTION,0.000000,3600,0,0,-1,-1,0.000000,0.000000,inf,inf,0
circ18cbal,config19,3,FAILED TO FIND AN INTEGER FEASIBLE SOLUTION,0.000000,3600,0,0,-1,-1,0.000000,0.000000,inf,inf,0
circ18cbal,config18,1,FOUND INTEGER FEASIBLE,0.000000,635.069465,0,0,-1,-1,894.000000,894.000000,0.000000,0.000000,0
circ18cbal,config18,2,FOUND INTEGER FEASIBLE,0.000000,634.472329,0,0,-1,-1,894.000000,894.000000,0.000000,0.000000,0
circ18cbal,config18,3,FOUND INTEGER FEASIBLE,0.000000,634.904543,0,0,-1,-1,894.000000,894.000000,0.000000,0.000000,0
circ18dbal,config1,1,FAILED TO FIND AN INTEGER FEASIBLE SOLUTION,0.000000,3600,190,0,-1,-1,0.000000,0.000000,25.380919,28.233731,479
circ18dbal,config1,2,FAILED TO FIND AN INTEGER FEASIBLE SOLUTION,0.000000,3600,195,0,-1,-1,0.000000,0.000000,25.380919,28.233731,479
circ18dbal,config1,3,FAILED TO FIND AN INTEGER FEASIBLE SOLUTION,0.000000,3600,188,0,-1,-1,0.000000,0.000000,25.380919,28.233731,479
circ18dbal,config3,1,FOUND INTEGER FEASIBLE,0.000000,240.064609,14,0,-1,-1,1102.000000,1102.000000,0.000000,0.000000,0
circ18dbal,config3,2,FAILED TO FIND AN INTEGER FEASIBLE SOLUTION,0.000000,3600,196,0,-1,-1,0.000000,0.000000,23.765518,24.296788,498
circ18dbal,config3,3,FAILED TO FIND AN INTEGER FEASIBLE SOLUTION,0.000000,3600,192,0,-1,-1,0.000000,0.000000,23.765518,24.296788,498
circ18dbal,config20,1,FAILED TO FIND AN INTEGER FEASIBLE SOLUTION,0.000000,3600,92,0,-1,-1,0.000000,0.000000,20.419646,20.955524,465
circ18dbal,config20,2,FAILED TO FIND AN INTEGER FEASIBLE SOLUTION,0.000000,3600,93,0,-1,-1,0.000000,0.000000,20.419646,20.955524,465
circ18dbal,config20,3,FAILED TO FIND AN INTEGER FEASIBLE SOLUTION,0.000000,3600,86,0,-1,-1,0.000000,0.000000,20.419646,20.955524,465
circ18dbal,config16,1,FAILED TO FIND AN INTEGER FEASIBLE SOLUTION,28.788951,3600,252,12,12,1,0.000000,0.000000,9.207333,9.226608,431
circ18dbal,config16,2,FOUND INTEGER FEASIBLE,29.875431,726.987887,55,12,3,1,1042.000000,1042.000000,0.000000,0.000000,0
circ18dbal,config16,3,FOUND INTEGER FEASIBLE,28.717588,1812.969836,128,12,7,1,1046.000000,1046.000000,0.000000,0.000000,0
circ18dbal,config17,1,FOUND INTEGER FEASIBLE,98.880101,706.163167,57,12,2,0,1154.000000,1154.000000,0.000000,0.000000,0
circ18dbal,config17,2,FOUND INTEGER FEASIBLE,99.242040,716.232380,51,12,2,0,1116.000000,1116.000000,0.000000,0.000000,0
circ18dbal,config17,3,FOUND INTEGER FEASIBLE,99.955799,716.491512,52,12,2,0,1116.000000,1116.000000,0.000000,0.000000,0
circ18dbal,config21,1,FOUND INTEGER FEASIBLE,111.454338,1667.526371,112,11,5,0,1192.000000,1192.000000,0.000000,0.000000,0
circ18dbal,config21,2,FOUND INTEGER FEASIBLE,111.146174,765.245213,55,11,2,0,1180.000000,1180.000000,0.000000,0.000000,0
circ18dbal,config21,3,FOUND INTEGER FEASIBLE,111.375808,1411.862429,104,11,4,0,1208.000000,1208.000000,0.000000,0.000000,0
circ18dbal,config23,1,FOUND INTEGER FEASIBLE,111.253135,1662.500809,120,11,5,0,1138.000000,1138.000000,0.000000,0.000000,0
circ18dbal,config23,2,FOUND INTEGER FEASIBLE,111.296736,1041.128790,74,11,3,0,1132.000000,1132.000000,0.000000,0.000000,0
circ18dbal,config23,3,FOUND INTEGER FEASIBLE,112.355402,1887.240416,136,11,6,0,1136.000000,1136.000000,0.000000,0.000000,0
circ18dbal,config19,1,FOUND INTEGER FEASIBLE,0.000000,786.330249,0,0,-1,-1,828.000000,828.000000,0.000000,0.000000,0
circ18dbal,config19,2,FOUND INTEGER FEASIBLE,0.000000,788.020725,0,0,-1,-1,828.000000,828.000000,0.000000,0.000000,0
circ18dbal,config19,3,FOUND INTEGER FEASIBLE,0.000000,794.985612,0,0,-1,-1,828.000000,828.000000,0.000000,0.000000,0
circ18dbal,config18,1,FOUND INTEGER FEASIBLE,0.000000,2477.097187,0,0,-1,-1,860.000000,860.000000,0.000000,0.000000,0
circ18dbal,config18,2,FOUND INTEGER FEASIBLE,0.000000,2478.775730,0,0,-1,-1,860.000000,860.000000,0.000000,0.000000,0
circ18dbal,config18,3,FOUND INTEGER FEASIBLE,0.000000,2478.711110,0,0,-1,-1,860.000000,860.000000,0.000000,0.000000,0
circ18dnonbal,config1,1,FAILED TO FIND AN INTEGER FEASIBLE SOLUTION,0.000000,3600,166,0,-1,-1,0.000000,0.000000,24.010803,27.370146,437
circ18dnonbal,config1,2,FAILED TO FIND AN INTEGER FEASIBLE SOLUTION,0.000000,3600,165,0,-1,-1,0.000000,0.000000,24.010803,27.370146,437
circ18dnonbal,config1,3,FAILED TO FIND AN INTEGER FEASIBLE SOLUTION,0.000000,3600,156,0,-1,-1,0.000000,0.000000,24.010803,27.370146,437
circ18dnonbal,config3,1,FAILED TO FIND AN INTEGER FEASIBLE SOLUTION,0.000000,3600,155,0,-1,-1,0.000000,0.000000,23.240107,24.920445,480
circ18dnonbal,config3,2,FAILED TO FIND AN INTEGER FEASIBLE SOLUTION,0.000000,3600,166,0,-1,-1,0.000000,0.000000,23.240107,24.920445,480
circ18dnonbal,config3,3,FAILED TO FIND AN INTEGER FEASIBLE SOLUTION,0.000000,3600,161,0,-1,-1,0.000000,0.000000,23.240107,24.920445,480
circ18dnonbal,config20,1,FAILED TO FIND AN INTEGER FEASIBLE SOLUTION,0.000000,3600,82,0,-1,-1,0.000000,0.000000,18.951482,20.821502,435
circ18dnonbal,config20,2,FAILED TO FIND AN INTEGER FEASIBLE SOLUTION,0.000000,3600,76,0,-1,-1,0.000000,0.000000,18.951482,20.821502,435
circ18dnonbal,config20,3,FAILED TO FIND AN INTEGER FEASIBLE SOLUTION,0.000000,3600,73,0,-1,-1,0.000000,0.000000,10.165581,12.056051,432
circ18dnonbal,config16,1,FOUND INTEGER FEASIBLE,28.723156,761.882138,43,11,3,1,1026.000000,1026.000000,0.000000,0.000000,0
circ18dnonbal,config16,2,FOUND INTEGER FEASIBLE,28.711960,774.463116,48,11,3,1,986.000000,986.000000,0.000000,0.000000,0
circ18dnonbal,config16,3,FOUND INTEGER FEASIBLE,29.522536,510.242400,30,11,2,1,1014.000000,1014.000000,0.000000,0.000000,0
circ18dnonbal,config17,1,FOUND INTEGER FEASIBLE,82.930799,1026.143140,71,12,3,0,1168.000000,1168.000000,0.000000,0.000000,0
circ18dnonbal,config17,2,FOUND INTEGER FEASIBLE,82.626397,1080.457065,78,12,3,0,1134.000000,1134.000000,0.000000,0.000000,0
circ18dnonbal,config17,3,FAILED TO FIND AN INTEGER FEASIBLE SOLUTION,82.720911,3600,253,12,12,0,0.000000,0.000000,11.500382,11.586379,454
circ18dnonbal,config21,1,FAILED TO FIND AN INTEGER FEASIBLE SOLUTION,144.764608,3600,254,11,11,0,0.000000,0.000000,8.589218,9.025631,411
circ18dnonbal,config21,2,FAILED TO FIND AN INTEGER FEASIBLE SOLUTION,144.085141,3600,274,11,11,0,0.000000,0.000000,7.773190,7.773190,431
circ18dnonbal,config21,3,FOUND INTEGER FEASIBLE,144.695846,3261.070431,233,11,10,0,1188.000000,1188.000000,0.000000,0.000000,0
circ18dnonbal,config23,1,FOUND INTEGER FEASIBLE,144.110997,1403.627154,119,11,4,0,1192.000000,1192.000000,0.000000,0.000000,0
circ18dnonbal,config23,2,FOUND INTEGER FEASIBLE,144.571921,1738.630066,144,11,5,0,1168.000000,1168.000000,0.000000,0.000000,0
circ18dnonbal,config23,3,FAILED TO FIND AN INTEGER FEASIBLE SOLUTION,143.961118,3600,254,11,11,0,0.000000,0.000000,10.263078,10.263078,429
circ18dnonbal,config19,1,FOUND INTEGER FEASIBLE,0.000000,1193.654206,0,0,-1,-1,932.000000,932.000000,0.000000,0.000000,0
circ18dnonbal,config19,2,FOUND INTEGER FEASIBLE,0.000000,1188.555972,0,0,-1,-1,932.000000,932.000000,0.000000,0.000000,0
circ18dnonbal,config19,3,FOUND INTEGER FEASIBLE,0.000000,1189.112824,0,0,-1,-1,932.000000,932.000000,0.000000,0.000000,0
circ18dnonbal,config18,1,FOUND INTEGER FEASIBLE,0.000000,845.453456,0,0,-1,-1,868.000000,868.000000,0.000000,0.000000,0
circ18dnonbal,config18,2,FOUND INTEGER FEASIBLE,0.000000,845.550692,0,0,-1,-1,868.000000,868.000000,0.000000,0.000000,0
circ18dnonbal,config18,3,FOUND INTEGER FEASIBLE,0.000000,844.412421,0,0,-1,-1,868.000000,868.000000,0.000000,0.000000,0
circ18ebal,config1,1,FAILED TO FIND AN INTEGER FEASIBLE SOLUTION,0.000000,3600,193,0,-1,-1,0.000000,0.000000,21.284645,22.890882,494
circ18ebal,config1,2,FAILED TO FIND AN INTEGER FEASIBLE SOLUTION,0.000000,3600,191,0,-1,-1,0.000000,0.000000,21.284645,22.890882,494
circ18ebal,config1,3,FAILED TO FIND AN INTEGER FEASIBLE SOLUTION,0.000000,3600,192,0,-1,-1,0.000000,0.000000,21.284645,22.890882,494
circ18ebal,config3,1,FAILED TO FIND AN INTEGER FEASIBLE SOLUTION,0.000000,3600,191,0,-1,-1,0.000000,0.000000,26.248506,28.060996,500
circ18ebal,config3,2,FAILED TO FIND AN INTEGER FEASIBLE SOLUTION,0.000000,3600,183,0,-1,-1,0.000000,0.000000,26.248506,28.060996,500
circ18ebal,config3,3,FAILED TO FIND AN INTEGER FEASIBLE SOLUTION,0.000000,3600,192,0,-1,-1,0.000000,0.000000,26.248506,28.060996,500
circ18ebal,config20,1,FAILED TO FIND AN INTEGER FEASIBLE SOLUTION,0.000000,3600,87,0,-1,-1,0.000000,0.000000,18.940520,20.224541,469
circ18ebal,config20,2,FAILED TO FIND AN INTEGER FEASIBLE SOLUTION,0.000000,3600,85,0,-1,-1,0.000000,0.000000,18.940520,20.224541,469
circ18ebal,config20,3,FAILED TO FIND AN INTEGER FEASIBLE SOLUTION,0.000000,3600,85,0,-1,-1,0.000000,0.000000,18.940520,20.224541,469
circ18ebal,config16,1,FOUND INTEGER FEASIBLE,20.578616,697.395558,42,12,3,1,1068.000000,1068.000000,0.000000,0.000000,0
circ18ebal,config16,2,FOUND INTEGER FEASIBLE,20.650770,655.202539,45,12,3,1,1068.000000,1068.000000,0.000000,0.000000,0
circ18ebal,config16,3,FOUND INTEGER FEASIBLE,20.589913,1253.663555,23,12,2,1,1064.000000,1064.000000,0.000000,0.000000,0
circ18ebal,config17,1,FAILED TO FIND AN INTEGER FEASIBLE SOLUTION,81.803021,3600,248,12,12,0,0.000000,0.000000,5.500000,5.500000,11
circ18ebal,config17,2,FOUND INTEGER FEASIBLE,82.122258,993.178346,82,12,3,0,1150.000000,1150.000000,0.000000,0.000000,0
circ18ebal,config17,3,FAILED TO FIND AN INTEGER FEASIBLE SOLUTION,81.816118,3600,231,12,12,0,0.000000,0.000000,4.500000,4.500000,9
circ18ebal,config21,1,FOUND INTEGER FEASIBLE,108.080967,2181.324270,148,11,7,0,1230.000000,1230.000000,0.000000,0.000000,0
circ18ebal,config21,2,FOUND INTEGER FEASIBLE,107.473893,573.066848,38,11,1,0,1232.000000,1232.000000,0.000000,0.000000,0
circ18ebal,config21,3,FOUND INTEGER FEASIBLE,108.283924,1897.024828,131,11,6,0,1262.000000,1262.000000,0.000000,0.000000,0
circ18ebal,config23,1,FAILED TO FIND AN INTEGER FEASIBLE SOLUTION,107.979625,3600,241,11,11,0,0.000000,0.000000,7.465592,7.465592,448
circ18ebal,config23,2,FAILED TO FIND AN INTEGER FEASIBLE SOLUTION,109.396750,3600,261,11,11,0,0.000000,0.000000,8.710685,8.710685,395
circ18ebal,config23,3,FOUND INTEGER FEASIBLE,107.824492,1133.809775,81,11,3,0,1140.000000,1140.000000,0.000000,0.000000,0
circ18ebal,config19,1,FOUND INTEGER FEASIBLE,0.000000,1352.935845,0,0,-1,-1,850.000000,850.000000,0.000000,0.000000,0
circ18ebal,config19,2,FOUND INTEGER FEASIBLE,0.000000,1353.160541,0,0,-1,-1,850.000000,850.000000,0.000000,0.000000,0
circ18ebal,config19,3,FOUND INTEGER FEASIBLE,0.000000,1358.302004,0,0,-1,-1,850.000000,850.000000,0.000000,0.000000,0
circ18ebal,config18,1,FOUND INTEGER FEASIBLE,0.000000,3577.086275,0,0,-1,-1,874.000000,874.000000,0.000000,0.000000,0
circ18ebal,config18,2,FOUND INTEGER FEASIBLE,0.000000,3582.646151,0,0,-1,-1,874.000000,874.000000,0.000000,0.000000,0
circ18ebal,config18,3,FOUND INTEGER FEASIBLE,0.000000,3562.668909,0,0,-1,-1,874.000000,874.000000,0.000000,0.000000,0
circ18enonbal,config1,1,FAILED TO FIND AN INTEGER FEASIBLE SOLUTION,0.000000,3600,152,0,-1,-1,0.000000,0.000000,24.752946,29.225057,407
circ18enonbal,config1,2,FAILED TO FIND AN INTEGER FEASIBLE SOLUTION,0.000000,3600,146,0,-1,-1,0.000000,0.000000,28.099212,31.238223,466
circ18enonbal,config1,3,FAILED TO FIND AN INTEGER FEASIBLE SOLUTION,0.000000,3600,152,0,-1,-1,0.000000,0.000000,28.226321,30.628725,452
circ18enonbal,config3,1,FAILED TO FIND AN INTEGER FEASIBLE SOLUTION,0.000000,3600,140,0,-1,-1,0.000000,0.000000,16.478244,18.120587,474
circ18enonbal,config3,2,FAILED TO FIND AN INTEGER FEASIBLE SOLUTION,0.000000,3600,144,0,-1,-1,0.000000,0.000000,16.478244,18.120587,474
circ18enonbal,config3,3,FAILED TO FIND AN INTEGER FEASIBLE SOLUTION,0.000000,3600,138,0,-1,-1,0.000000,0.000000,16.478244,18.120587,474
circ18enonbal,config20,1,FAILED TO FIND AN INTEGER FEASIBLE SOLUTION,0.000000,3600,77,0,-1,-1,0.000000,0.000000,19.982340,21.181057,426
circ18enonbal,config20,2,FAILED TO FIND AN INTEGER FEASIBLE SOLUTION,0.000000,3600,71,0,-1,-1,0.000000,0.000000,19.982340,21.181057,426
circ18enonbal,config20,3,FAILED TO FIND AN INTEGER FEASIBLE SOLUTION,0.000000,3600,75,0,-1,-1,0.000000,0.000000,19.982340,21.181057,426
circ18enonbal,config16,1,FOUND INTEGER FEASIBLE,23.816670,2361.996575,138,12,9,1,1090.000000,1090.000000,0.000000,0.000000,0
circ18enonbal,config16,2,FOUND INTEGER FEASIBLE,23.766292,2704.998117,161,12,10,1,1092.000000,1092.000000,0.000000,0.000000,0
circ18enonbal,config16,3,FOUND INTEGER FEASIBLE,23.712588,2963.304095,180,12,11,1,1102.000000,1102.000000,0.000000,0.000000,0
circ18enonbal,config17,1,FOUND INTEGER FEASIBLE,175.956803,2528.914713,152,12,8,0,1160.000000,1160.000000,0.000000,0.000000,0
circ18enonbal,config17,2,FAILED TO FIND AN INTEGER FEASIBLE SOLUTION,176.294404,3600,198,12,12,0,0.000000,0.000000,7.000000,7.000000,14
circ18enonbal,config17,3,FOUND INTEGER FEASIBLE,175.852469,1298.554274,69,12,4,0,1090.000000,1090.000000,0.000000,0.000000,0
circ18enonbal,config21,1,FAILED TO FIND AN INTEGER FEASIBLE SOLUTION,245.583787,3600,211,11,11,0,0.000000,0.000000,8.259379,8.340951,422
circ18enonbal,config21,2,FOUND INTEGER FEASIBLE,245.433371,984.770248,67,11,2,0,1158.000000,1158.000000,0.000000,0.000000,0
circ18enonbal,config21,3,FOUND INTEGER FEASIBLE,244.888106,983.770233,66,11,2,0,1158.000000,1158.000000,0.000000,0.000000,0
circ18enonbal,config23,1,FOUND INTEGER FEASIBLE,245.298062,1724.822743,118,11,5,0,1122.000000,1122.000000,0.000000,0.000000,0
circ18enonbal,config23,2,FOUND INTEGER FEASIBLE,245.023123,1556.212917,104,11,4,0,1124.000000,1124.000000,0.000000,0.000000,0
circ18enonbal,config23,3,FOUND INTEGER FEASIBLE,246.523396,1168.635381,79,11,3,0,1116.000000,1116.000000,0.000000,0.000000,0
circ18enonbal,config19,1,FAILED TO FIND AN INTEGER FEASIBLE SOLUTION,0.000000,3600,0,0,-1,-1,0.000000,0.000000,inf,inf,0
circ18enonbal,config19,2,FAILED TO FIND AN INTEGER FEASIBLE SOLUTION,0.000000,3600,0,0,-1,-1,0.000000,0.000000,inf,inf,0
circ18enonbal,config19,3,FAILED TO FIND AN INTEGER FEASIBLE SOLUTION,0.000000,3600,0,0,-1,-1,0.000000,0.000000,inf,inf,0
circ18enonbal,config18,1,FOUND INTEGER FEASIBLE,0.000000,878.270808,0,0,-1,-1,912.000000,912.000000,0.000000,0.000000,0
circ18enonbal,config18,2,FOUND INTEGER FEASIBLE,0.000000,874.977396,0,0,-1,-1,912.000000,912.000000,0.000000,0.000000,0
circ18enonbal,config18,3,FOUND INTEGER FEASIBLE,0.000000,876.763110,0,0,-1,-1,912.000000,912.000000,0.000000,0.000000,0
circ18fbal,config1,1,FAILED TO FIND AN INTEGER FEASIBLE SOLUTION,0.000000,3600,199,0,-1,-1,0.000000,0.000000,18.670819,20.924460,465
circ18fbal,config1,2,FAILED TO FIND AN INTEGER FEASIBLE SOLUTION,0.000000,3600,192,0,-1,-1,0.000000,0.000000,21.529598,25.184282,442
circ18fbal,config1,3,FAILED TO FIND AN INTEGER FEASIBLE SOLUTION,0.000000,3600,188,0,-1,-1,0.000000,0.000000,22.983356,26.828350,480
circ18fbal,config3,1,FAILED TO FIND AN INTEGER FEASIBLE SOLUTION,0.000000,3600,187,0,-1,-1,0.000000,0.000000,29.910249,32.729375,490
circ18fbal,config3,2,FAILED TO FIND AN INTEGER FEASIBLE SOLUTION,0.000000,3600,188,0,-1,-1,0.000000,0.000000,29.910249,32.729375,490
circ18fbal,config3,3,FAILED TO FIND AN INTEGER FEASIBLE SOLUTION,0.000000,3600,191,0,-1,-1,0.000000,0.000000,29.910249,32.729375,490
circ18fbal,config20,1,FAILED TO FIND AN INTEGER FEASIBLE SOLUTION,0.000000,3600,90,0,-1,-1,0.000000,0.000000,26.404236,29.206640,458
circ18fbal,config20,2,FAILED TO FIND AN INTEGER FEASIBLE SOLUTION,0.000000,3600,89,0,-1,-1,0.000000,0.000000,26.404236,29.206640,458
circ18fbal,config20,3,FAILED TO FIND AN INTEGER FEASIBLE SOLUTION,0.000000,3600,90,0,-1,-1,0.000000,0.000000,26.404236,29.206640,458
circ18fbal,config16,1,FOUND INTEGER FEASIBLE,26.800680,1580.894457,118,12,6,1,1140.000000,1140.000000,0.000000,0.000000,0
circ18fbal,config16,2,FOUND INTEGER FEASIBLE,25.793218,1257.204518,96,12,5,1,1102.000000,1102.000000,0.000000,0.000000,0
circ18fbal,config16,3,FOUND INTEGER FEASIBLE,25.867369,1237.528302,91,12,5,1,1082.000000,1082.000000,0.000000,0.000000,0
circ18fbal,config17,1,FAILED TO FIND AN INTEGER FEASIBLE SOLUTION,106.848771,3600,264,12,12,0,0.000000,0.000000,9.382230,9.562495,448
circ18fbal,config17,2,FOUND INTEGER FEASIBLE,107.061860,747.586379,47,12,2,0,1184.000000,1184.000000,0.000000,0.000000,0
circ18fbal,config17,3,FOUND INTEGER FEASIBLE,107.042058,1363.329250,98,12,4,0,1182.000000,1182.000000,0.000000,0.000000,0
circ18fbal,config21,1,FAILED TO FIND AN INTEGER FEASIBLE SOLUTION,120.633363,3600,244,11,11,0,0.000000,0.000000,7.342708,7.342708,398
circ18fbal,config21,2,FOUND INTEGER FEASIBLE,120.078898,3215.918667,225,11,10,0,1194.000000,1194.000000,0.000000,0.000000,0
circ18fbal,config21,3,FOUND INTEGER FEASIBLE,120.817478,781.367187,49,11,2,0,1196.000000,1196.000000,0.000000,0.000000,0
circ18fbal,config23,1,FOUND INTEGER FEASIBLE,120.895570,1628.638524,108,11,5,0,1076.000000,1076.000000,0.000000,0.000000,0
circ18fbal,config23,2,FOUND INTEGER FEASIBLE,120.859112,1627.938273,109,11,5,0,1076.000000,1076.000000,0.000000,0.000000,0
circ18fbal,config23,3,FOUND INTEGER FEASIBLE,120.930592,2008.483982,152,11,6,0,1104.000000,1104.000000,0.000000,0.000000,0
circ18fbal,config19,1,FOUND INTEGER FEASIBLE,0.000000,1240.320255,0,0,-1,-1,882.000000,882.000000,0.000000,0.000000,0
circ18fbal,config19,2,FOUND INTEGER FEASIBLE,0.000000,1233.662362,0,0,-1,-1,882.000000,882.000000,0.000000,0.000000,0
circ18fbal,config19,3,FOUND INTEGER FEASIBLE,0.000000,1239.817066,0,0,-1,-1,882.000000,882.000000,0.000000,0.000000,0
circ18fbal,config18,1,FOUND INTEGER FEASIBLE,0.000000,504.752655,0,0,-1,-1,872.000000,872.000000,0.000000,0.000000,0
circ18fbal,config18,2,FOUND INTEGER FEASIBLE,0.000000,500.913603,0,0,-1,-1,872.000000,872.000000,0.000000,0.000000,0
circ18fbal,config18,3,FOUND INTEGER FEASIBLE,0.000000,503.575635,0,0,-1,-1,872.000000,872.000000,0.000000,0.000000,0
circ18fnonbal,config1,1,FAILED TO FIND AN INTEGER FEASIBLE SOLUTION,0.000000,3600,153,0,-1,-1,0.000000,0.000000,20.308211,26.320683,452
circ18fnonbal,config1,2,FAILED TO FIND AN INTEGER FEASIBLE SOLUTION,0.000000,3600,151,0,-1,-1,0.000000,0.000000,20.308211,26.320683,452
circ18fnonbal,config1,3,FAILED TO FIND AN INTEGER FEASIBLE SOLUTION,0.000000,3600,146,0,-1,-1,0.000000,0.000000,20.308211,26.320683,452
circ18fnonbal,config3,1,FAILED TO FIND AN INTEGER FEASIBLE SOLUTION,0.000000,3600,152,0,-1,-1,0.000000,0.000000,19.592294,22.060433,439
circ18fnonbal,config3,2,FAILED TO FIND AN INTEGER FEASIBLE SOLUTION,0.000000,3600,144,0,-1,-1,0.000000,0.000000,24.195881,26.239696,455
circ18fnonbal,config3,3,FAILED TO FIND AN INTEGER FEASIBLE SOLUTION,0.000000,3600,151,0,-1,-1,0.000000,0.000000,24.195881,26.239696,455
circ18fnonbal,config20,1,FAILED TO FIND AN INTEGER FEASIBLE SOLUTION,0.000000,3600,76,0,-1,-1,0.000000,0.000000,15.739577,18.241311,331
circ18fnonbal,config20,2,FAILED TO FIND AN INTEGER FEASIBLE SOLUTION,0.000000,3600,78,0,-1,-1,0.000000,0.000000,9.161601,10.967999,351
circ18fnonbal,config20,3,FAILED TO FIND AN INTEGER FEASIBLE SOLUTION,0.000000,3600,74,0,-1,-1,0.000000,0.000000,15.739577,18.241311,331
circ18fnonbal,config16,1,FOUND INTEGER FEASIBLE,37.710991,372.719838,17,12,2,1,1028.000000,1028.000000,0.000000,0.000000,0
circ18fnonbal,config16,2,FOUND INTEGER FEASIBLE,37.820309,1242.980591,72,12,5,1,1056.000000,1056.000000,0.000000,0.000000,0
circ18fnonbal,config16,3,FOUND INTEGER FEASIBLE,37.928328,372.746036,17,12,2,1,1028.000000,1028.000000,0.000000,0.000000,0
circ18fnonbal,config17,1,FOUND INTEGER FEASIBLE,89.688863,2340.957398,157,12,8,0,1146.000000,1146.000000,0.000000,0.000000,0
circ18fnonbal,config17,2,FOUND INTEGER FEASIBLE,89.789784,3469.282665,214,12,12,0,1130.000000,1130.000000,0.000000,0.000000,0
circ18fnonbal,config17,3,FOUND INTEGER FEASIBLE,90.039330,1557.119796,101,12,5,0,1140.000000,1140.000000,0.000000,0.000000,0
circ18fnonbal,config21,1,FOUND INTEGER FEASIBLE,134.402359,2852.196465,214,11,9,0,1166.000000,1166.000000,0.000000,0.000000,0
circ18fnonbal,config21,2,FOUND INTEGER FEASIBLE,136.761997,2175.843986,175,11,6,0,1204.000000,1204.000000,0.000000,0.000000,0
circ18fnonbal,config21,3,FAILED TO FIND AN INTEGER FEASIBLE SOLUTION,194.771628,3600,237,11,10,0,0.000000,0.000000,11.727257,11.727257,440
circ18fnonbal,config23,1,FOUND INTEGER FEASIBLE,136.477870,889.162003,90,11,2,0,1192.000000,1192.000000,0.000000,0.000000,0
circ18fnonbal,config23,2,FAILED TO FIND AN INTEGER FEASIBLE SOLUTION,134.798883,3600,242,11,11,0,0.000000,0.000000,7.731516,7.740689,387
circ18fnonbal,config23,3,FAILED TO FIND AN INTEGER FEASIBLE SOLUTION,134.669043,3600,250,11,11,0,0.000000,0.000000,11.396777,11.485725,432
circ18fnonbal,config19,1,FAILED TO FIND AN INTEGER FEASIBLE SOLUTION,0.000000,3600,0,0,-1,-1,0.000000,0.000000,inf,inf,0
circ18fnonbal,config19,2,FAILED TO FIND AN INTEGER FEASIBLE SOLUTION,0.000000,3600,0,0,-1,-1,0.000000,0.000000,inf,inf,0
circ18fnonbal,config19,3,FAILED TO FIND AN INTEGER FEASIBLE SOLUTION,0.000000,3600,0,0,-1,-1,0.000000,0.000000,inf,inf,0
circ18fnonbal,config18,1,FOUND INTEGER FEASIBLE,0.000000,1175.107882,0,0,-1,-1,882.000000,882.000000,0.000000,0.000000,0
circ18fnonbal,config18,2,FOUND INTEGER FEASIBLE,0.000000,1178.152720,0,0,-1,-1,882.000000,882.000000,0.000000,0.000000,0
circ18fnonbal,config18,3,FOUND INTEGER FEASIBLE,0.000000,1177.047480,0,0,-1,-1,882.000000,882.000000,0.000000,0.000000,0
circ18gbal,config1,1,FAILED TO FIND AN INTEGER FEASIBLE SOLUTION,0.000000,3600,199,0,-1,-1,0.000000,0.000000,17.400971,21.121002,467
circ18gbal,config1,2,FAILED TO FIND AN INTEGER FEASIBLE SOLUTION,0.000000,3600,191,0,-1,-1,0.000000,0.000000,19.720078,21.159381,475
circ18gbal,config1,3,FAILED TO FIND AN INTEGER FEASIBLE SOLUTION,0.000000,3600,198,0,-1,-1,0.000000,0.000000,19.720078,21.159381,475
circ18gbal,config3,1,FAILED TO FIND AN INTEGER FEASIBLE SOLUTION,0.000000,3600,186,0,-1,-1,0.000000,0.000000,18.519767,22.305311,473
circ18gbal,config3,2,FAILED TO FIND AN INTEGER FEASIBLE SOLUTION,0.000000,3600,192,0,-1,-1,0.000000,0.000000,17.526162,18.844346,473
circ18gbal,config3,3,FAILED TO FIND AN INTEGER FEASIBLE SOLUTION,0.000000,3600,189,0,-1,-1,0.000000,0.000000,17.846951,22.059744,456
circ18gbal,config20,1,FAILED TO FIND AN INTEGER FEASIBLE SOLUTION,0.000000,3600,87,0,-1,-1,0.000000,0.000000,17.306181,18.718736,337
circ18gbal,config20,2,FAILED TO FIND AN INTEGER FEASIBLE SOLUTION,0.000000,3600,82,0,-1,-1,0.000000,0.000000,17.306181,18.718736,337
circ18gbal,config20,3,FAILED TO FIND AN INTEGER FEASIBLE SOLUTION,0.000000,3600,87,0,-1,-1,0.000000,0.000000,17.306181,18.718736,337
circ18gbal,config16,1,FOUND INTEGER FEASIBLE,29.276702,479.204115,32,12,2,1,1114.000000,1114.000000,0.000000,0.000000,0
circ18gbal,config16,2,FOUND INTEGER FEASIBLE,29.369707,466.895105,30,12,2,1,1114.000000,1114.000000,0.000000,0.000000,0
circ18gbal,config16,3,FOUND INTEGER FEASIBLE,29.512120,471.348149,32,12,2,1,1114.000000,1114.000000,0.000000,0.000000,0
circ18gbal,config17,1,FAILED TO FIND AN INTEGER FEASIBLE SOLUTION,139.904436,3600,234,12,12,0,0.000000,0.000000,7.396491,7.396491,463
circ18gbal,config17,2,FOUND INTEGER FEASIBLE,139.542698,2091.706923,127,12,7,0,1150.000000,1150.000000,0.000000,0.000000,0
circ18gbal,config17,3,FAILED TO FIND AN INTEGER FEASIBLE SOLUTION,139.678816,3600,230,12,12,0,0.000000,0.000000,7.396491,7.396491,461
circ18gbal,config21,1,FOUND INTEGER FEASIBLE,101.756405,1387.337199,89,11,4,0,1140.000000,1140.000000,0.000000,0.000000,0
circ18gbal,config21,2,FOUND INTEGER FEASIBLE,101.102670,1319.922772,85,11,4,0,1164.000000,1164.000000,0.000000,0.000000,0
circ18gbal,config21,3,FOUND INTEGER FEASIBLE,101.327088,974.428803,67,11,2,0,1142.000000,1142.000000,0.000000,0.000000,0
circ18gbal,config23,1,FAILED TO FIND AN INTEGER FEASIBLE SOLUTION,100.813364,3600,269,11,11,0,0.000000,0.000000,9.428442,9.849059,457
circ18gbal,config23,2,FOUND INTEGER FEASIBLE,102.005276,2827.643192,200,11,9,0,1170.000000,1170.000000,0.000000,0.000000,0
circ18gbal,config23,3,FOUND INTEGER FEASIBLE,101.097343,1081.651982,78,11,3,0,1230.000000,1230.000000,0.000000,0.000000,0
circ18gbal,config19,1,FOUND INTEGER FEASIBLE,0.000000,688.053056,0,0,-1,-1,848.000000,848.000000,0.000000,0.000000,0
circ18gbal,config19,2,FOUND INTEGER FEASIBLE,0.000000,686.179993,0,0,-1,-1,848.000000,848.000000,0.000000,0.000000,0
circ18gbal,config19,3,FOUND INTEGER FEASIBLE,0.000000,683.248430,0,0,-1,-1,848.000000,848.000000,0.000000,0.000000,0
circ18gbal,config18,1,FOUND INTEGER FEASIBLE,0.000000,670.636149,0,0,-1,-1,900.000000,900.000000,0.000000,0.000000,0
circ18gbal,config18,2,FOUND INTEGER FEASIBLE,0.000000,671.579381,0,0,-1,-1,900.000000,900.000000,0.000000,0.000000,0
circ18gbal,config18,3,FOUND INTEGER FEASIBLE,0.000000,669.835325,0,0,-1,-1,900.000000,900.000000,0.000000,0.000000,0
circ18gnonbal,config1,1,FAILED TO FIND AN INTEGER FEASIBLE SOLUTION,0.000000,3600,167,0,-1,-1,0.000000,0.000000,21.050264,23.212358,468
circ18gnonbal,config1,2,FAILED TO FIND AN INTEGER FEASIBLE SOLUTION,0.000000,3600,162,0,-1,-1,0.000000,0.000000,12.584807,14.366293,449
circ18gnonbal,config1,3,FAILED TO FIND AN INTEGER FEASIBLE SOLUTION,0.000000,3600,167,0,-1,-1,0.000000,0.000000,12.328801,14.017023,424
circ18gnonbal,config3,1,FAILED TO FIND AN INTEGER FEASIBLE SOLUTION,0.000000,3600,168,0,-1,-1,0.000000,0.000000,25.360975,26.665120,482
circ18gnonbal,config3,2,FAILED TO FIND AN INTEGER FEASIBLE SOLUTION,0.000000,3600,163,0,-1,-1,0.000000,0.000000,25.360975,26.665120,482
circ18gnonbal,config3,3,FAILED TO FIND AN INTEGER FEASIBLE SOLUTION,0.000000,3600,160,0,-1,-1,0.000000,0.000000,25.360975,26.665120,482
circ18gnonbal,config20,1,FAILED TO FIND AN INTEGER FEASIBLE SOLUTION,0.000000,3600,61,0,-1,-1,0.000000,0.000000,31.257576,34.545995,442
circ18gnonbal,config20,2,FAILED TO FIND AN INTEGER FEASIBLE SOLUTION,0.000000,3600,66,0,-1,-1,0.000000,0.000000,31.257576,34.545995,442
circ18gnonbal,config20,3,FAILED TO FIND AN INTEGER FEASIBLE SOLUTION,0.000000,3600,81,0,-1,-1,0.000000,0.000000,31.257576,34.545995,442
circ18gnonbal,config16,1,FOUND INTEGER FEASIBLE,30.166722,432.146522,28,12,2,1,1028.000000,1028.000000,0.000000,0.000000,0
circ18gnonbal,config16,2,FOUND INTEGER FEASIBLE,30.267744,431.653717,28,12,2,1,1028.000000,1028.000000,0.000000,0.000000,0
circ18gnonbal,config16,3,FOUND INTEGER FEASIBLE,31.239492,438.588785,27,12,2,1,1026.000000,1026.000000,0.000000,0.000000,0
circ18gnonbal,config17,1,FOUND INTEGER FEASIBLE,113.217984,750.349602,49,12,2,0,1102.000000,1102.000000,0.000000,0.000000,0
circ18gnonbal,config17,2,FOUND INTEGER FEASIBLE,112.779253,749.766247,48,12,2,0,1102.000000,1102.000000,0.000000,0.000000,0
circ18gnonbal,config17,3,FOUND INTEGER FEASIBLE,114.200453,751.262271,47,12,2,0,1102.000000,1102.000000,0.000000,0.000000,0
circ18gnonbal,config21,1,FAILED TO FIND AN INTEGER FEASIBLE SOLUTION,181.539428,3600,247,11,11,0,0.000000,0.000000,5.000000,5.000000,10
circ18gnonbal,config21,2,FOUND INTEGER FEASIBLE,181.298502,2084.514973,145,11,6,0,1172.000000,1172.000000,0.000000,0.000000,0
circ18gnonbal,config21,3,FOUND INTEGER FEASIBLE,181.106702,2259.465384,157,11,7,0,1172.000000,1172.000000,0.000000,0.000000,0
circ18gnonbal,config23,1,FOUND INTEGER FEASIBLE,182.148981,1112.756785,75,11,3,0,1150.000000,1150.000000,0.000000,0.000000,0
circ18gnonbal,config23,2,FOUND INTEGER FEASIBLE,183.145705,935.198978,76,11,2,0,1130.000000,1130.000000,0.000000,0.000000,0
circ18gnonbal,config23,3,FOUND INTEGER FEASIBLE,184.013157,1067.621717,78,11,3,0,1150.000000,1150.000000,0.000000,0.000000,0
circ18gnonbal,config19,1,FAILED TO FIND AN INTEGER FEASIBLE SOLUTION,0.000000,3600,0,0,-1,-1,0.000000,0.000000,inf,inf,0
circ18gnonbal,config19,2,FAILED TO FIND AN INTEGER FEASIBLE SOLUTION,0.000000,3600,0,0,-1,-1,0.000000,0.000000,inf,inf,0
circ18gnonbal,config19,3,FAILED TO FIND AN INTEGER FEASIBLE SOLUTION,0.000000,3600,0,0,-1,-1,0.000000,0.000000,inf,inf,0
circ18gnonbal,config18,1,FOUND INTEGER FEASIBLE,0.000000,509.344549,0,0,-1,-1,878.000000,878.000000,0.000000,0.000000,0
circ18gnonbal,config18,2,FOUND INTEGER FEASIBLE,0.000000,507.861999,0,0,-1,-1,878.000000,878.000000,0.000000,0.000000,0
circ18gnonbal,config18,3,FOUND INTEGER FEASIBLE,0.000000,506.766445,0,0,-1,-1,878.000000,878.000000,0.000000,0.000000,0
circ18hbal,config1,1,FAILED TO FIND AN INTEGER FEASIBLE SOLUTION,0.000000,3600,188,0,-1,-1,0.000000,0.000000,16.864434,19.963346,458
circ18hbal,config1,2,FAILED TO FIND AN INTEGER FEASIBLE SOLUTION,0.000000,3600,203,0,-1,-1,0.000000,0.000000,17.405283,18.944945,455
circ18hbal,config1,3,FAILED TO FIND AN INTEGER FEASIBLE SOLUTION,0.000000,3600,198,0,-1,-1,0.000000,0.000000,14.631159,19.515387,452
circ18hbal,config3,1,FAILED TO FIND AN INTEGER FEASIBLE SOLUTION,0.000000,3600,163,0,-1,-1,0.000000,0.000000,25.378601,27.368833,468
circ18hbal,config3,2,FAILED TO FIND AN INTEGER FEASIBLE SOLUTION,0.000000,3600,189,0,-1,-1,0.000000,0.000000,25.378601,27.368833,468
circ18hbal,config3,3,FAILED TO FIND AN INTEGER FEASIBLE SOLUTION,0.000000,3600,187,0,-1,-1,0.000000,0.000000,25.378601,27.368833,468
circ18hbal,config20,1,FAILED TO FIND AN INTEGER FEASIBLE SOLUTION,0.000000,3600,89,0,-1,-1,0.000000,0.000000,21.810788,23.316585,472
circ18hbal,config20,2,FAILED TO FIND AN INTEGER FEASIBLE SOLUTION,0.000000,3600,89,0,-1,-1,0.000000,0.000000,21.810788,23.316585,472
circ18hbal,config20,3,FAILED TO FIND AN INTEGER FEASIBLE SOLUTION,0.000000,3600,93,0,-1,-1,0.000000,0.000000,21.810788,23.316585,472
circ18hbal,config16,1,FOUND INTEGER FEASIBLE,19.526828,721.060093,51,12,3,1,1054.000000,1054.000000,0.000000,0.000000,0
circ18hbal,config16,2,FOUND INTEGER FEASIBLE,21.489969,652.731386,43,12,3,1,1064.000000,1064.000000,0.000000,0.000000,0
circ18hbal,config16,3,FOUND INTEGER FEASIBLE,19.533040,1879.106697,142,12,7,1,1064.000000,1064.000000,0.000000,0.000000,0
circ18hbal,config17,1,FAILED TO FIND AN INTEGER FEASIBLE SOLUTION,130.300439,3600,230,12,12,0,0.000000,0.000000,7.000000,7.000000,14
circ18hbal,config17,2,FAILED TO FIND AN INTEGER FEASIBLE SOLUTION,129.429239,3600,231,12,12,0,0.000000,0.000000,7.516306,7.516306,380
circ18hbal,config17,3,FOUND INTEGER FEASIBLE,129.753882,3451.294360,234,12,12,0,1194.000000,1194.000000,0.000000,0.000000,0
circ18hbal,config21,1,FOUND INTEGER FEASIBLE,108.420388,1918.255730,130,11,6,0,1194.000000,1194.000000,0.000000,0.000000,0
circ18hbal,config21,2,FOUND INTEGER FEASIBLE,108.098946,1647.683980,117,11,5,0,1194.000000,1194.000000,0.000000,0.000000,0
circ18hbal,config21,3,FOUND INTEGER FEASIBLE,107.225197,1937.066339,130,11,6,0,1194.000000,1194.000000,0.000000,0.000000,0
circ18hbal,config23,1,FOUND INTEGER FEASIBLE,107.335087,2327.192607,173,11,7,0,1128.000000,1128.000000,0.000000,0.000000,0
circ18hbal,config23,2,FOUND INTEGER FEASIBLE,107.894824,1055.233068,75,11,3,0,1142.000000,1142.000000,0.000000,0.000000,0
circ18hbal,config23,3,FAILED TO FIND AN INTEGER FEASIBLE SOLUTION,107.918493,3600,236,11,11,0,0.000000,0.000000,10.045204,10.337481,414
circ18hbal,config19,1,FOUND INTEGER FEASIBLE,0.000000,1009.578880,0,0,-1,-1,864.000000,864.000000,0.000000,0.000000,0
circ18hbal,config19,2,FOUND INTEGER FEASIBLE,0.000000,1015.457632,0,0,-1,-1,864.000000,864.000000,0.000000,0.000000,0
circ18hbal,config19,3,FOUND INTEGER FEASIBLE,0.000000,1007.967263,0,0,-1,-1,864.000000,864.000000,0.000000,0.000000,0
circ18hbal,config18,1,FAILED TO FIND AN INTEGER FEASIBLE SOLUTION,0.000000,3600,0,0,-1,-1,0.000000,0.000000,inf,inf,0
circ18hbal,config18,2,FOUND INTEGER FEASIBLE,0.000000,2818.393217,0,0,-1,-1,1110.000000,1110.000000,0.000000,0.000000,0
circ18hbal,config18,3,FOUND INTEGER FEASIBLE,0.000000,2823.364626,0,0,-1,-1,1110.000000,1110.000000,0.000000,0.000000,0
circ18hnonbal,config1,1,FAILED TO FIND AN INTEGER FEASIBLE SOLUTION,0.000000,3600,153,0,-1,-1,0.000000,0.000000,20.767554,22.244625,457
circ18hnonbal,config1,2,FAILED TO FIND AN INTEGER FEASIBLE SOLUTION,0.000000,3600,151,0,-1,-1,0.000000,0.000000,20.767554,22.244625,457
circ18hnonbal,config1,3,FAILED TO FIND AN INTEGER FEASIBLE SOLUTION,0.000000,3600,159,0,-1,-1,0.000000,0.000000,20.767554,22.244625,457
circ18hnonbal,config3,1,FAILED TO FIND AN INTEGER FEASIBLE SOLUTION,0.000000,3600,157,0,-1,-1,0.000000,0.000000,22.883300,23.692757,481
circ18hnonbal,config3,2,FAILED TO FIND AN INTEGER FEASIBLE SOLUTION,0.000000,3600,155,0,-1,-1,0.000000,0.000000,22.883300,23.692757,481
circ18hnonbal,config3,3,FAILED TO FIND AN INTEGER FEASIBLE SOLUTION,0.000000,3600,159,0,-1,-1,0.000000,0.000000,22.883300,23.692757,481
circ18hnonbal,config20,1,FAILED TO FIND AN INTEGER FEASIBLE SOLUTION,0.000000,3600,78,0,-1,-1,0.000000,0.000000,14.222407,15.693854,460
circ18hnonbal,config20,2,FAILED TO FIND AN INTEGER FEASIBLE SOLUTION,0.000000,3600,79,0,-1,-1,0.000000,0.000000,14.222407,15.693854,460
circ18hnonbal,config20,3,FAILED TO FIND AN INTEGER FEASIBLE SOLUTION,0.000000,3600,76,0,-1,-1,0.000000,0.000000,16.174636,17.486265,433
circ18hnonbal,config16,1,FOUND INTEGER FEASIBLE,34.082520,1748.418778,117,11,6,1,1028.000000,1028.000000,0.000000,0.000000,0
circ18hnonbal,config16,2,FOUND INTEGER FEASIBLE,33.778633,1457.743674,104,11,5,1,1034.000000,1034.000000,0.000000,0.000000,0
circ18hnonbal,config16,3,FOUND INTEGER FEASIBLE,35.005265,1076.095689,76,11,4,1,1020.000000,1020.000000,0.000000,0.000000,0
circ18hnonbal,config17,1,FOUND INTEGER FEASIBLE,102.312527,1589.485475,109,12,5,0,1180.000000,1180.000000,0.000000,0.000000,0
circ18hnonbal,config17,2,FOUND INTEGER FEASIBLE,102.443296,1612.629295,111,12,5,0,1184.000000,1184.000000,0.000000,0.000000,0
circ18hnonbal,config17,3,FOUND INTEGER FEASIBLE,103.288840,893.435035,60,12,2,0,1146.000000,1146.000000,0.000000,0.000000,0
circ18hnonbal,config21,1,FOUND INTEGER FEASIBLE,122.114645,1491.146833,90,10,5,1,1274.000000,1274.000000,0.000000,0.000000,0
circ18hnonbal,config21,2,FOUND INTEGER FEASIBLE,120.607176,811.608809,39,10,3,1,1248.000000,1248.000000,0.000000,0.000000,0
circ18hnonbal,config21,3,FOUND INTEGER FEASIBLE,121.054189,1007.914880,56,10,3,1,1218.000000,1218.000000,0.000000,0.000000,0
circ18hnonbal,config23,1,FOUND INTEGER FEASIBLE,181.537091,2720.269685,93,10,6,1,1122.000000,1122.000000,0.000000,0.000000,0
circ18hnonbal,config23,2,FOUND INTEGER FEASIBLE,122.038632,911.657047,46,10,3,1,1120.000000,1120.000000,0.000000,0.000000,0
circ18hnonbal,config23,3,FOUND INTEGER FEASIBLE,120.670553,1466.434036,76,10,5,1,1124.000000,1124.000000,0.000000,0.000000,0
circ18hnonbal,config19,1,FOUND INTEGER FEASIBLE,0.000000,1113.409775,0,0,-1,-1,924.000000,924.000000,0.000000,0.000000,0
circ18hnonbal,config19,2,FOUND INTEGER FEASIBLE,0.000000,1111.118042,0,0,-1,-1,924.000000,924.000000,0.000000,0.000000,0
circ18hnonbal,config19,3,FOUND INTEGER FEASIBLE,0.000000,1106.162888,0,0,-1,-1,924.000000,924.000000,0.000000,0.000000,0
circ18hnonbal,config18,1,FOUND INTEGER FEASIBLE,0.000000,1969.949906,0,0,-1,-1,904.000000,904.000000,0.000000,0.000000,0
circ18hnonbal,config18,2,FOUND INTEGER FEASIBLE,0.000000,1966.892232,0,0,-1,-1,904.000000,904.000000,0.000000,0.000000,0
circ18hnonbal,config18,3,FOUND INTEGER FEASIBLE,0.000000,1969.633922,0,0,-1,-1,904.000000,904.000000,0.000000,0.000000,0
circ18ibal,config1,1,FAILED TO FIND AN INTEGER FEASIBLE SOLUTION,0.000000,3600,199,0,-1,-1,0.000000,0.000000,28.248569,31.061417,482
circ18ibal,config1,2,FAILED TO FIND AN INTEGER FEASIBLE SOLUTION,0.000000,3600,196,0,-1,-1,0.000000,0.000000,28.248569,31.061417,482
circ18ibal,config1,3,FAILED TO FIND AN INTEGER FEASIBLE SOLUTION,0.000000,3600,193,0,-1,-1,0.000000,0.000000,28.248569,31.061417,482
circ18ibal,config3,1,FAILED TO FIND AN INTEGER FEASIBLE SOLUTION,0.000000,3600,140,0,-1,-1,0.000000,0.000000,24.345543,26.196088,472
circ18ibal,config3,2,FAILED TO FIND AN INTEGER FEASIBLE SOLUTION,0.000000,3600,186,0,-1,-1,0.000000,0.000000,24.345543,26.196088,472
circ18ibal,config3,3,FAILED TO FIND AN INTEGER FEASIBLE SOLUTION,0.000000,3600,189,0,-1,-1,0.000000,0.000000,24.345543,26.196088,472
circ18ibal,config20,1,FAILED TO FIND AN INTEGER FEASIBLE SOLUTION,0.000000,3600,96,0,-1,-1,0.000000,0.000000,25.022640,28.257064,477
circ18ibal,config20,2,FAILED TO FIND AN INTEGER FEASIBLE SOLUTION,0.000000,3600,93,0,-1,-1,0.000000,0.000000,25.022640,28.257064,477
circ18ibal,config20,3,FAILED TO FIND AN INTEGER FEASIBLE SOLUTION,0.000000,3600,93,0,-1,-1,0.000000,0.000000,19.513742,21.016444,450
circ18ibal,config16,1,FOUND INTEGER FEASIBLE,19.634128,1487.710576,103,12,6,1,1144.000000,1144.000000,0.000000,0.000000,0
circ18ibal,config16,2,FOUND INTEGER FEASIBLE,19.642898,906.671249,63,12,4,1,1148.000000,1148.000000,0.000000,0.000000,0
circ18ibal,config16,3,FOUND INTEGER FEASIBLE,19.662945,655.374162,49,12,3,1,1152.000000,1152.000000,0.000000,0.000000,0
circ18ibal,config17,1,FOUND INTEGER FEASIBLE,106.455316,3191.620095,243,12,11,0,1158.000000,1158.000000,0.000000,0.000000,0
circ18ibal,config17,2,FOUND INTEGER FEASIBLE,107.975552,707.506901,57,12,2,0,1112.000000,1112.000000,0.000000,0.000000,0
circ18ibal,config17,3,FAILED TO FIND AN INTEGER FEASIBLE SOLUTION,107.819618,3600,268,12,12,0,0.000000,0.000000,6.000000,6.000000,12
circ18ibal,config21,1,FOUND INTEGER FEASIBLE,104.213498,1672.225235,119,11,5,0,1216.000000,1216.000000,0.000000,0.000000,0
circ18ibal,config21,2,FOUND INTEGER FEASIBLE,103.152565,2304.106308,166,11,7,0,1202.000000,1202.000000,0.000000,0.000000,0
circ18ibal,config21,3,FOUND INTEGER FEASIBLE,103.441817,779.595602,55,11,2,0,1212.000000,1212.000000,0.000000,0.000000,0
circ18ibal,config23,1,FOUND INTEGER FEASIBLE,103.145194,1631.695543,115,11,5,0,1136.000000,1136.000000,0.000000,0.000000,0
circ18ibal,config23,2,FOUND INTEGER FEASIBLE,103.119623,2268.554387,160,11,7,0,1154.000000,1154.000000,0.000000,0.000000,0
circ18ibal,config23,3,FOUND INTEGER FEASIBLE,103.097618,1080.925654,76,11,3,0,1160.000000,1160.000000,0.000000,0.000000,0
circ18ibal,config19,1,FOUND INTEGER FEASIBLE,0.000000,840.734346,0,0,-1,-1,836.000000,836.000000,0.000000,0.000000,0
circ18ibal,config19,2,FOUND INTEGER FEASIBLE,0.000000,895.828184,0,0,-1,-1,836.000000,836.000000,0.000000,0.000000,0
circ18ibal,config19,3,FOUND INTEGER FEASIBLE,0.000000,836.644632,0,0,-1,-1,836.000000,836.000000,0.000000,0.000000,0
circ18ibal,config18,1,FAILED TO FIND AN INTEGER FEASIBLE SOLUTION,0.000000,3600,0,0,-1,-1,0.000000,0.000000,inf,inf,0
circ18ibal,config18,2,FAILED TO FIND AN INTEGER FEASIBLE SOLUTION,0.000000,3600,0,0,-1,-1,0.000000,0.000000,inf,inf,0
circ18ibal,config18,3,FAILED TO FIND AN INTEGER FEASIBLE SOLUTION,0.000000,3600,0,0,-1,-1,0.000000,0.000000,inf,inf,0
circ18inonbal,config1,1,FAILED TO FIND AN INTEGER FEASIBLE SOLUTION,0.000000,3600,149,0,-1,-1,0.000000,0.000000,24.161256,25.393718,473
circ18inonbal,config1,2,FAILED TO FIND AN INTEGER FEASIBLE SOLUTION,0.000000,3600,159,0,-1,-1,0.000000,0.000000,24.161256,25.393718,473
circ18inonbal,config1,3,FAILED TO FIND AN INTEGER FEASIBLE SOLUTION,0.000000,3600,155,0,-1,-1,0.000000,0.000000,24.161256,25.393718,473
circ18inonbal,config3,1,FAILED TO FIND AN INTEGER FEASIBLE SOLUTION,0.000000,3600,141,0,-1,-1,0.000000,0.000000,32.154408,35.860175,457
circ18inonbal,config3,2,FAILED TO FIND AN INTEGER FEASIBLE SOLUTION,0.000000,3600,148,0,-1,-1,0.000000,0.000000,30.303721,35.128752,432
circ18inonbal,config3,3,FAILED TO FIND AN INTEGER FEASIBLE SOLUTION,0.000000,3600,150,0,-1,-1,0.000000,0.000000,32.154408,35.860175,457
circ18inonbal,config20,1,FAILED TO FIND AN INTEGER FEASIBLE SOLUTION,0.000000,3600,76,0,-1,-1,0.000000,0.000000,21.982808,23.523396,458
circ18inonbal,config20,2,FAILED TO FIND AN INTEGER FEASIBLE SOLUTION,0.000000,3600,74,0,-1,-1,0.000000,0.000000,19.617050,22.101600,439
circ18inonbal,config20,3,FAILED TO FIND AN INTEGER FEASIBLE SOLUTION,0.000000,3600,76,0,-1,-1,0.000000,0.000000,19.617050,22.101600,439
circ18inonbal,config16,1,FOUND INTEGER FEASIBLE,34.280119,1771.539981,108,12,7,1,1070.000000,1070.000000,0.000000,0.000000,0
circ18inonbal,config16,2,FAILED TO FIND AN INTEGER FEASIBLE SOLUTION,34.353102,3600,184,12,12,1,0.000000,0.000000,4.500000,4.500000,9
circ18inonbal,config16,3,FOUND INTEGER FEASIBLE,34.386080,2610.043594,154,12,10,1,1110.000000,1110.000000,0.000000,0.000000,0
circ18inonbal,config17,1,FOUND INTEGER FEASIBLE,118.610456,1286.960960,82,12,4,0,1114.000000,1114.000000,0.000000,0.000000,0
circ18inonbal,config17,2,FOUND INTEGER FEASIBLE,118.322562,1866.306648,119,12,6,0,1128.000000,1128.000000,0.000000,0.000000,0
circ18inonbal,config17,3,FOUND INTEGER FEASIBLE,118.060064,1288.322183,82,12,4,0,1140.000000,1140.000000,0.000000,0.000000,0
circ18inonbal,config21,1,FOUND INTEGER FEASIBLE,149.001770,1564.900650,89,10,5,1,1198.000000,1198.000000,0.000000,0.000000,0
circ18inonbal,config21,2,FOUND INTEGER FEASIBLE,150.400820,927.676117,47,10,3,1,1210.000000,1210.000000,0.000000,0.000000,0
circ18inonbal,config21,3,FAILED TO FIND AN INTEGER FEASIBLE SOLUTION,148.875601,3600,198,10,10,1,0.000000,0.000000,8.353451,8.353451,411
circ18inonbal,config23,1,FAILED TO FIND AN INTEGER FEASIBLE SOLUTION,151.546514,3600,193,10,10,1,0.000000,0.000000,4.500000,4.500000,9
circ18inonbal,config23,2,FAILED TO FIND AN INTEGER FEASIBLE SOLUTION,151.559180,3600,193,10,10,1,0.000000,0.000000,4.500000,4.500000,9
circ18inonbal,config23,3,FAILED TO FIND AN INTEGER FEASIBLE SOLUTION,149.166235,3600,189,10,10,1,0.000000,0.000000,7.558667,7.788048,404
circ18inonbal,config19,1,FOUND INTEGER FEASIBLE,0.000000,838.321511,0,0,-1,-1,868.000000,868.000000,0.000000,0.000000,0
circ18inonbal,config19,2,FOUND INTEGER FEASIBLE,0.000000,840.788251,0,0,-1,-1,868.000000,868.000000,0.000000,0.000000,0
circ18inonbal,config19,3,FOUND INTEGER FEASIBLE,0.000000,840.668883,0,0,-1,-1,868.000000,868.000000,0.000000,0.000000,0
circ18inonbal,config18,1,FOUND INTEGER FEASIBLE,0.000000,623.707365,0,0,-1,-1,910.000000,910.000000,0.000000,0.000000,0
circ18inonbal,config18,2,FOUND INTEGER FEASIBLE,0.000000,622.274644,0,0,-1,-1,910.000000,910.000000,0.000000,0.000000,0
circ18inonbal,config18,3,FOUND INTEGER FEASIBLE,0.000000,624.255523,0,0,-1,-1,910.000000,910.000000,0.000000,0.000000,0
circ18jbal,config1,1,FAILED TO FIND AN INTEGER FEASIBLE SOLUTION,0.000000,3600,193,0,-1,-1,0.000000,0.000000,17.836875,19.429814,445
circ18jbal,config1,2,FAILED TO FIND AN INTEGER FEASIBLE SOLUTION,0.000000,3600,198,0,-1,-1,0.000000,0.000000,17.836875,19.429814,445
circ18jbal,config1,3,FAILED TO FIND AN INTEGER FEASIBLE SOLUTION,0.000000,3600,194,0,-1,-1,0.000000,0.000000,17.836875,19.429814,445
circ18jbal,config3,1,FAILED TO FIND AN INTEGER FEASIBLE SOLUTION,0.000000,3600,194,0,-1,-1,0.000000,0.000000,25.090604,26.744105,480
circ18jbal,config3,2,FAILED TO FIND AN INTEGER FEASIBLE SOLUTION,0.000000,3600,192,0,-1,-1,0.000000,0.000000,25.090604,26.744105,480
circ18jbal,config3,3,FAILED TO FIND AN INTEGER FEASIBLE SOLUTION,0.000000,3600,190,0,-1,-1,0.000000,0.000000,25.090604,26.744105,480
circ18jbal,config20,1,FAILED TO FIND AN INTEGER FEASIBLE SOLUTION,0.000000,3600,69,0,-1,-1,0.000000,0.000000,16.154474,16.968521,441
circ18jbal,config20,2,FAILED TO FIND AN INTEGER FEASIBLE SOLUTION,0.000000,3600,91,0,-1,-1,0.000000,0.000000,16.154474,16.968521,441
circ18jbal,config20,3,FAILED TO FIND AN INTEGER FEASIBLE SOLUTION,0.000000,3600,97,0,-1,-1,0.000000,0.000000,12.618662,14.933001,444
circ18jbal,config16,1,FOUND INTEGER FEASIBLE,23.126109,1238.651721,92,12,5,1,1022.000000,1022.000000,0.000000,0.000000,0
circ18jbal,config16,2,FOUND INTEGER FEASIBLE,22.299851,626.592731,41,12,3,1,1008.000000,1008.000000,0.000000,0.000000,0
circ18jbal,config16,3,FOUND INTEGER FEASIBLE,22.310821,619.140872,44,12,3,1,1068.000000,1068.000000,0.000000,0.000000,0
circ18jbal,config17,1,FAILED TO FIND AN INTEGER FEASIBLE SOLUTION,119.724296,3600,274,12,12,0,0.000000,0.000000,7.586618,7.725281,407
circ18jbal,config17,2,FOUND INTEGER FEASIBLE,119.924560,2412.458432,201,12,8,0,1124.000000,1124.000000,0.000000,0.000000,0
circ18jbal,config17,3,FOUND INTEGER FEASIBLE,120.340869,1902.482981,161,12,6,0,1128.000000,1128.000000,0.000000,0.000000,0
circ18jbal,config21,1,FOUND INTEGER FEASIBLE,137.231242,1677.101652,115,11,5,0,1254.000000,1254.000000,0.000000,0.000000,0
circ18jbal,config21,2,FOUND INTEGER FEASIBLE,137.267069,1351.613279,82,11,4,0,1226.000000,1226.000000,0.000000,0.000000,0
circ18jbal,config21,3,FOUND INTEGER FEASIBLE,137.240973,1931.109464,134,11,6,0,1258.000000,1258.000000,0.000000,0.000000,0
circ18jbal,config23,1,FOUND INTEGER FEASIBLE,138.458881,1419.542562,101,11,4,0,1126.000000,1126.000000,0.000000,0.000000,0
circ18jbal,config23,2,FOUND INTEGER FEASIBLE,137.328255,1418.851634,97,11,4,0,1126.000000,1126.000000,0.000000,0.000000,0
circ18jbal,config23,3,FOUND INTEGER FEASIBLE,137.148153,1417.824973,99,11,4,0,1126.000000,1126.000000,0.000000,0.000000,0
circ18jbal,config19,1,FOUND INTEGER FEASIBLE,0.000000,867.586166,0,0,-1,-1,848.000000,848.000000,0.000000,0.000000,0
circ18jbal,config19,2,FOUND INTEGER FEASIBLE,0.000000,861.533731,0,0,-1,-1,848.000000,848.000000,0.000000,0.000000,0
circ18jbal,config19,3,FOUND INTEGER FEASIBLE,0.000000,864.485975,0,0,-1,-1,848.000000,848.000000,0.000000,0.000000,0
circ18jbal,config18,1,FOUND INTEGER FEASIBLE,0.000000,1023.529880,0,0,-1,-1,904.000000,904.000000,0.000000,0.000000,0
circ18jbal,config18,2,FOUND INTEGER FEASIBLE,0.000000,1014.359034,0,0,-1,-1,904.000000,904.000000,0.000000,0.000000,0
circ18jbal,config18,3,FOUND INTEGER FEASIBLE,0.000000,1011.742381,0,0,-1,-1,904.000000,904.000000,0.000000,0.000000,0
circ18jnonbal,config1,1,FAILED TO FIND AN INTEGER FEASIBLE SOLUTION,0.000000,3600,181,0,-1,-1,0.000000,0.000000,22.200871,24.534277,426
circ18jnonbal,config1,2,FAILED TO FIND AN INTEGER FEASIBLE SOLUTION,0.000000,3600,167,0,-1,-1,0.000000,0.000000,22.200871,24.534277,426
circ18jnonbal,config1,3,FAILED TO FIND AN INTEGER FEASIBLE SOLUTION,0.000000,3600,184,0,-1,-1,0.000000,0.000000,22.200871,24.534277,426
circ18jnonbal,config3,1,FAILED TO FIND AN INTEGER FEASIBLE SOLUTION,0.000000,3600,176,0,-1,-1,0.000000,0.000000,28.908834,33.674065,484
circ18jnonbal,config3,2,FAILED TO FIND AN INTEGER FEASIBLE SOLUTION,0.000000,3600,172,0,-1,-1,0.000000,0.000000,28.908834,33.674065,484
circ18jnonbal,config3,3,FAILED TO FIND AN INTEGER FEASIBLE SOLUTION,0.000000,3600,172,0,-1,-1,0.000000,0.000000,28.908834,33.674065,484
circ18jnonbal,config20,1,FAILED TO FIND AN INTEGER FEASIBLE SOLUTION,0.000000,3600,85,0,-1,-1,0.000000,0.000000,26.166734,26.946744,425
circ18jnonbal,config20,2,FAILED TO FIND AN INTEGER FEASIBLE SOLUTION,0.000000,3600,82,0,-1,-1,0.000000,0.000000,26.166734,26.946744,425
circ18jnonbal,config20,3,FAILED TO FIND AN INTEGER FEASIBLE SOLUTION,0.000000,3600,85,0,-1,-1,0.000000,0.000000,23.085098,25.690624,461
circ18jnonbal,config16,1,FOUND INTEGER FEASIBLE,26.419760,1000.357184,72,12,4,1,1080.000000,1080.000000,0.000000,0.000000,0
circ18jnonbal,config16,2,FAILED TO FIND AN INTEGER FEASIBLE SOLUTION,26.374031,3600,232,12,12,1,0.000000,0.000000,8.360445,8.360445,421
circ18jnonbal,config16,3,FOUND INTEGER FEASIBLE,26.249008,1234.374773,91,12,5,1,1114.000000,1114.000000,0.000000,0.000000,0
circ18jnonbal,config17,1,FAILED TO FIND AN INTEGER FEASIBLE SOLUTION,113.995963,3600,262,12,12,0,0.000000,0.000000,12.837842,12.949114,450
circ18jnonbal,config17,2,FOUND INTEGER FEASIBLE,113.640166,2344.937619,166,12,8,0,1176.000000,1176.000000,0.000000,0.000000,0
circ18jnonbal,config17,3,FOUND INTEGER FEASIBLE,114.394227,1057.401246,66,12,3,0,1124.000000,1124.000000,0.000000,0.000000,0
circ18jnonbal,config21,1,FAILED TO FIND AN INTEGER FEASIBLE SOLUTION,142.417037,3600,234,11,10,0,0.000000,0.000000,8.152464,8.276946,446
circ18jnonbal,config21,2,FOUND INTEGER FEASIBLE,142.142231,1074.326288,87,11,3,0,1140.000000,1140.000000,0.000000,0.000000,0
circ18jnonbal,config21,3,FOUND INTEGER FEASIBLE,142.502993,1080.685335,85,11,3,0,1140.000000,1140.000000,0.000000,0.000000,0
circ18jnonbal,config23,1,FOUND INTEGER FEASIBLE,142.016092,1379.619848,108,11,4,0,1176.000000,1176.000000,0.000000,0.000000,0
circ18jnonbal,config23,2,FAILED TO FIND AN INTEGER FEASIBLE SOLUTION,142.852954,3600,214,11,10,0,0.000000,0.000000,7.258139,7.417738,405
circ18jnonbal,config23,3,FOUND INTEGER FEASIBLE,142.795588,1614.932456,126,11,5,0,1106.000000,1106.000000,0.000000,0.000000,0
circ18jnonbal,config19,1,FOUND INTEGER FEASIBLE,0.000000,1338.982214,0,0,-1,-1,840.000000,840.000000,0.000000,0.000000,0
circ18jnonbal,config19,2,FOUND INTEGER FEASIBLE,0.000000,1347.239770,0,0,-1,-1,840.000000,840.000000,0.000000,0.000000,0
circ18jnonbal,config19,3,FOUND INTEGER FEASIBLE,0.000000,1336.879984,0,0,-1,-1,840.000000,840.000000,0.000000,0.000000,0
circ18jnonbal,config18,1,FOUND INTEGER FEASIBLE,0.000000,1399.603030,0,0,-1,-1,922.000000,922.000000,0.000000,0.000000,0
circ18jnonbal,config18,2,FOUND INTEGER FEASIBLE,0.000000,1391.671842,0,0,-1,-1,922.000000,922.000000,0.000000,0.000000,0
circ18jnonbal,config18,3,FOUND INTEGER FEASIBLE,0.000000,1393.377655,0,0,-1,-1,922.000000,922.000000,0.000000,0.000000,0
circ20abal,config1,1,FAILED TO FIND AN INTEGER FEASIBLE SOLUTION,0.000000,3600,80,0,-1,-1,0.000000,0.000000,28.440742,31.079679,617
circ20abal,config1,2,FAILED TO FIND AN INTEGER FEASIBLE SOLUTION,0.000000,3600,80,0,-1,-1,0.000000,0.000000,28.440742,31.079679,617
circ20abal,config1,3,FAILED TO FIND AN INTEGER FEASIBLE SOLUTION,0.000000,3600,78,0,-1,-1,0.000000,0.000000,28.440742,31.079679,617
circ20abal,config3,1,FAILED TO FIND AN INTEGER FEASIBLE SOLUTION,0.000000,3600,72,0,-1,-1,0.000000,0.000000,30.529463,32.546872,584
circ20abal,config3,2,FAILED TO FIND AN INTEGER FEASIBLE SOLUTION,0.000000,3600,69,0,-1,-1,0.000000,0.000000,30.529463,32.546872,584
circ20abal,config3,3,FAILED TO FIND AN INTEGER FEASIBLE SOLUTION,0.000000,3600,73,0,-1,-1,0.000000,0.000000,30.529463,32.546872,584
circ20abal,config20,1,FAILED TO FIND AN INTEGER FEASIBLE SOLUTION,0.000000,3600,37,0,-1,-1,0.000000,0.000000,34.907300,39.566893,580
circ20abal,config20,2,FAILED TO FIND AN INTEGER FEASIBLE SOLUTION,0.000000,3600,37,0,-1,-1,0.000000,0.000000,34.907300,39.566893,580
circ20abal,config20,3,FAILED TO FIND AN INTEGER FEASIBLE SOLUTION,0.000000,3600,37,0,-1,-1,0.000000,0.000000,34.907300,39.566893,580
circ20abal,config16,1,FAILED TO FIND AN INTEGER FEASIBLE SOLUTION,52.234835,3600,139,12,12,1,0.000000,0.000000,10.291602,10.493819,548
circ20abal,config16,2,FAILED TO FIND AN INTEGER FEASIBLE SOLUTION,52.231574,3600,131,12,12,1,0.000000,0.000000,10.291602,10.493819,551
circ20abal,config16,3,FOUND INTEGER FEASIBLE,53.274055,2367.065221,94,12,9,1,1372.000000,1372.000000,0.000000,0.000000,0
circ20abal,config17,1,FOUND INTEGER FEASIBLE,218.267008,1663.449661,53,12,5,0,1604.000000,1604.000000,0.000000,0.000000,0
circ20abal,config17,2,FOUND INTEGER FEASIBLE,220.552916,1467.279564,43,12,4,0,1604.000000,1604.000000,0.000000,0.000000,0
circ20abal,config17,3,FAILED TO FIND AN INTEGER FEASIBLE SOLUTION,219.151173,3600,113,12,12,0,0.000000,0.000000,8.539297,8.940395,498
circ20abal,config21,1,FOUND INTEGER FEASIBLE,256.245887,1395.419718,40,11,3,0,1556.000000,1556.000000,0.000000,0.000000,0
circ20abal,config21,2,FAILED TO FIND AN INTEGER FEASIBLE SOLUTION,257.571861,3600,112,11,11,0,0.000000,0.000000,8.147797,8.147797,492
circ20abal,config21,3,FAILED TO FIND AN INTEGER FEASIBLE SOLUTION,258.803803,3600,108,11,11,0,0.000000,0.000000,7.894784,8.097600,522
circ20abal,config23,1,FAILED TO FIND AN INTEGER FEASIBLE SOLUTION,257.871740,3600,110,11,11,0,0.000000,0.000000,5.000000,5.000000,10
circ20abal,config23,2,FAILED TO FIND AN INTEGER FEASIBLE SOLUTION,257.099300,3600,104,11,11,0,0.000000,0.000000,6.926219,6.926219,469
circ20abal,config23,3,FOUND INTEGER FEASIBLE,256.904030,2727.699253,84,11,8,0,1514.000000,1514.000000,0.000000,0.000000,0
circ20abal,config19,1,FOUND INTEGER FEASIBLE,0.000000,1929.349356,0,0,-1,-1,1158.000000,1158.000000,0.000000,0.000000,0
circ20abal,config19,2,FOUND INTEGER FEASIBLE,0.000000,1888.277693,0,0,-1,-1,1158.000000,1158.000000,0.000000,0.000000,0
circ20abal,config19,3,FOUND INTEGER FEASIBLE,0.000000,1869.470075,0,0,-1,-1,1158.000000,1158.000000,0.000000,0.000000,0
circ20abal,config18,1,FAILED TO FIND AN INTEGER FEASIBLE SOLUTION,0.000000,3600,0,0,-1,-1,0.000000,0.000000,inf,inf,0
circ20abal,config18,2,FAILED TO FIND AN INTEGER FEASIBLE SOLUTION,0.000000,3600,0,0,-1,-1,0.000000,0.000000,inf,inf,0
circ20abal,config18,3,FAILED TO FIND AN INTEGER FEASIBLE SOLUTION,0.000000,3600,0,0,-1,-1,0.000000,0.000000,inf,inf,0
circ20anonbal,config1,1,FAILED TO FIND AN INTEGER FEASIBLE SOLUTION,0.000000,3600,60,0,-1,-1,0.000000,0.000000,26.677927,28.039513,551
circ20anonbal,config1,2,FAILED TO FIND AN INTEGER FEASIBLE SOLUTION,0.000000,3600,61,0,-1,-1,0.000000,0.000000,26.677927,28.039513,551
circ20anonbal,config1,3,FAILED TO FIND AN INTEGER FEASIBLE SOLUTION,0.000000,3600,59,0,-1,-1,0.000000,0.000000,26.677927,28.039513,551
circ20anonbal,config3,1,FAILED TO FIND AN INTEGER FEASIBLE SOLUTION,0.000000,3600,57,0,-1,-1,0.000000,0.000000,22.900031,24.741086,492
circ20anonbal,config3,2,FAILED TO FIND AN INTEGER FEASIBLE SOLUTION,0.000000,3600,64,0,-1,-1,0.000000,0.000000,22.900031,24.741086,492
circ20anonbal,config3,3,FAILED TO FIND AN INTEGER FEASIBLE SOLUTION,0.000000,3600,56,0,-1,-1,0.000000,0.000000,22.900031,24.741086,492
circ20anonbal,config20,1,FAILED TO FIND AN INTEGER FEASIBLE SOLUTION,0.000000,3600,58,0,-1,-1,0.000000,0.000000,27.435838,31.427004,567
circ20anonbal,config20,2,FAILED TO FIND AN INTEGER FEASIBLE SOLUTION,0.000000,3600,59,0,-1,-1,0.000000,0.000000,27.435838,31.427004,567
circ20anonbal,config20,3,FAILED TO FIND AN INTEGER FEASIBLE SOLUTION,0.000000,3600,57,0,-1,-1,0.000000,0.000000,27.435838,31.427004,567
circ20anonbal,config16,1,FOUND INTEGER FEASIBLE,80.341592,3366.268885,101,12,12,1,1464.000000,1464.000000,0.000000,0.000000,0
circ20anonbal,config16,2,FOUND INTEGER FEASIBLE,81.506137,848.223934,19,12,3,1,1464.000000,1464.000000,0.000000,0.000000,0
circ20anonbal,config16,3,FOUND INTEGER FEASIBLE,80.652165,1079.903354,20,12,4,1,1382.000000,1382.000000,0.000000,0.000000,0
circ20anonbal,config17,1,FAILED TO FIND AN INTEGER FEASIBLE SOLUTION,279.696089,3600,93,12,12,0,0.000000,0.000000,13.761571,14.014440,552
circ20anonbal,config17,2,FOUND INTEGER FEASIBLE,277.640749,2852.907767,76,12,9,0,1536.000000,1536.000000,0.000000,0.000000,0
circ20anonbal,config17,3,FAILED TO FIND AN INTEGER FEASIBLE SOLUTION,276.724430,3600,93,12,12,0,0.000000,0.000000,13.761571,14.014440,552
circ20anonbal,config21,1,FOUND INTEGER FEASIBLE,280.716745,2351.163657,84,11,7,0,1664.000000,1664.000000,0.000000,0.000000,0
circ20anonbal,config21,2,FOUND INTEGER FEASIBLE,281.154950,3529.991428,117,11,11,0,1664.000000,1664.000000,0.000000,0.000000,0
circ20anonbal,config21,3,FOUND INTEGER FEASIBLE,281.296910,3037.151593,109,11,9,0,1556.000000,1556.000000,0.000000,0.000000,0
circ20anonbal,config23,1,FAILED TO FIND AN INTEGER FEASIBLE SOLUTION,281.134376,3600,122,11,11,0,0.000000,0.000000,9.774825,10.187964,484
circ20anonbal,config23,2,FAILED TO FIND AN INTEGER FEASIBLE SOLUTION,283.240434,3600,121,11,11,0,0.000000,0.000000,9.774825,10.187964,484
circ20anonbal,config23,3,FOUND INTEGER FEASIBLE,281.171994,2680.657948,96,11,8,0,1530.000000,1530.000000,0.000000,0.000000,0
circ20anonbal,config19,1,FAILED TO FIND AN INTEGER FEASIBLE SOLUTION,0.000000,3600,0,0,-1,-1,0.000000,0.000000,inf,inf,0
circ20anonbal,config19,2,FAILED TO FIND AN INTEGER FEASIBLE SOLUTION,0.000000,3600,0,0,-1,-1,0.000000,0.000000,inf,inf,0
circ20anonbal,config19,3,FAILED TO FIND AN INTEGER FEASIBLE SOLUTION,0.000000,3600,0,0,-1,-1,0.000000,0.000000,inf,inf,0
circ20anonbal,config18,1,FAILED TO FIND AN INTEGER FEASIBLE SOLUTION,0.000000,3600,0,0,-1,-1,0.000000,0.000000,inf,inf,0
circ20anonbal,config18,2,FAILED TO FIND AN INTEGER FEASIBLE SOLUTION,0.000000,3600,0,0,-1,-1,0.000000,0.000000,inf,inf,0
circ20anonbal,config18,3,FAILED TO FIND AN INTEGER FEASIBLE SOLUTION,0.000000,3600,0,0,-1,-1,0.000000,0.000000,inf,inf,0
circ20bbal,config1,1,FAILED TO FIND AN INTEGER FEASIBLE SOLUTION,0.000000,3600,73,0,-1,-1,0.000000,0.000000,34.285519,39.002129,552
circ20bbal,config1,2,FAILED TO FIND AN INTEGER FEASIBLE SOLUTION,0.000000,3600,76,0,-1,-1,0.000000,0.000000,34.285519,39.002129,552
circ20bbal,config1,3,FAILED TO FIND AN INTEGER FEASIBLE SOLUTION,0.000000,3600,75,0,-1,-1,0.000000,0.000000,34.285519,39.002129,552
circ20bbal,config3,1,FAILED TO FIND AN INTEGER FEASIBLE SOLUTION,0.000000,3600,59,0,-1,-1,0.000000,0.000000,24.141431,27.408741,592
circ20bbal,config3,2,FAILED TO FIND AN INTEGER FEASIBLE SOLUTION,0.000000,3600,73,0,-1,-1,0.000000,0.000000,24.141431,27.408741,592
circ20bbal,config3,3,FAILED TO FIND AN INTEGER FEASIBLE SOLUTION,0.000000,3600,75,0,-1,-1,0.000000,0.000000,24.141431,27.408741,592
circ20bbal,config20,1,FAILED TO FIND AN INTEGER FEASIBLE SOLUTION,0.000000,3600,73,0,-1,-1,0.000000,0.000000,36.929865,38.926742,601
circ20bbal,config20,2,FAILED TO FIND AN INTEGER FEASIBLE SOLUTION,0.000000,3600,75,0,-1,-1,0.000000,0.000000,36.929865,38.926742,601
circ20bbal,config20,3,FAILED TO FIND AN INTEGER FEASIBLE SOLUTION,0.000000,3600,71,0,-1,-1,0.000000,0.000000,36.929865,38.926742,601
circ20bbal,config16,1,FOUND INTEGER FEASIBLE,54.556163,995.079599,31,12,4,1,1474.000000,1474.000000,0.000000,0.000000,0
circ20bbal,config16,2,FAILED TO FIND AN INTEGER FEASIBLE SOLUTION,54.415687,3600,99,12,12,1,0.000000,0.000000,5.000000,5.000000,10
circ20bbal,config16,3,FOUND INTEGER FEASIBLE,54.315728,1449.666443,52,12,5,1,1428.000000,1428.000000,0.000000,0.000000,0
circ20bbal,config17,1,FOUND INTEGER FEASIBLE,226.391239,1047.026335,20,11,2,0,1590.000000,1590.000000,0.000000,0.000000,0
circ20bbal,config17,2,FOUND INTEGER FEASIBLE,224.775630,1044.516609,20,11,2,0,1590.000000,1590.000000,0.000000,0.000000,0
circ20bbal,config17,3,FOUND INTEGER FEASIBLE,225.242862,1044.787109,20,11,2,0,1590.000000,1590.000000,0.000000,0.000000,0
circ20bbal,config21,1,FAILED TO FIND AN INTEGER FEASIBLE SOLUTION,256.385445,3600,103,11,11,0,0.000000,0.000000,8.815526,8.815526,544
circ20bbal,config21,2,FAILED TO FIND AN INTEGER FEASIBLE SOLUTION,256.434796,3600,109,11,11,0,0.000000,0.000000,7.500000,7.500000,15
circ20bbal,config21,3,FOUND INTEGER FEASIBLE,257.673370,1317.155632,31,11,3,0,1670.000000,1670.000000,0.000000,0.000000,0
circ20bbal,config23,1,FOUND INTEGER FEASIBLE,256.767197,1919.208725,61,11,5,0,1572.000000,1572.000000,0.000000,0.000000,0
circ20bbal,config23,2,FAILED TO FIND AN INTEGER FEASIBLE SOLUTION,257.162319,3600,123,11,11,0,0.000000,0.000000,11.838452,11.919492,515
circ20bbal,config23,3,FOUND INTEGER FEASIBLE,257.913447,1919.840780,61,11,5,0,1572.000000,1572.000000,0.000000,0.000000,0
circ20bbal,config19,1,FAILED TO FIND AN INTEGER FEASIBLE SOLUTION,0.000000,3600,0,0,-1,-1,0.000000,0.000000,inf,inf,0
circ20bbal,config19,2,FAILED TO FIND AN INTEGER FEASIBLE SOLUTION,0.000000,3600,0,0,-1,-1,0.000000,0.000000,inf,inf,0
circ20bbal,config19,3,FAILED TO FIND AN INTEGER FEASIBLE SOLUTION,0.000000,3600,0,0,-1,-1,0.000000,0.000000,inf,inf,0
circ20bbal,config18,1,FOUND INTEGER FEASIBLE,0.000000,1785.630919,0,0,-1,-1,1190.000000,1190.000000,0.000000,0.000000,0
circ20bbal,config18,2,FOUND INTEGER FEASIBLE,0.000000,1786.066930,0,0,-1,-1,1190.000000,1190.000000,0.000000,0.000000,0
circ20bbal,config18,3,FOUND INTEGER FEASIBLE,0.000000,1786.949904,0,0,-1,-1,1190.000000,1190.000000,0.000000,0.000000,0
circ20bnonbal,config1,1,FAILED TO FIND AN INTEGER FEASIBLE SOLUTION,0.000000,3600,70,0,-1,-1,0.000000,0.000000,31.663581,33.400846,582
circ20bnonbal,config1,2,FAILED TO FIND AN INTEGER FEASIBLE SOLUTION,0.000000,3600,69,0,-1,-1,0.000000,0.000000,25.369453,27.497342,466
circ20bnonbal,config1,3,FAILED TO FIND AN INTEGER FEASIBLE SOLUTION,0.000000,3600,71,0,-1,-1,0.000000,0.000000,31.663581,33.400846,582
circ20bnonbal,config3,1,FAILED TO FIND AN INTEGER FEASIBLE SOLUTION,0.000000,3600,67,0,-1,-1,0.000000,0.000000,34.041819,38.369807,592
circ20bnonbal,config3,2,FAILED TO FIND AN INTEGER FEASIBLE SOLUTION,0.000000,3600,70,0,-1,-1,0.000000,0.000000,34.041819,38.369807,592
circ20bnonbal,config3,3,FAILED TO FIND AN INTEGER FEASIBLE SOLUTION,0.000000,3600,67,0,-1,-1,0.000000,0.000000,34.041819,38.369807,592
circ20bnonbal,config20,1,FAILED TO FIND AN INTEGER FEASIBLE SOLUTION,0.000000,3600,67,0,-1,-1,0.000000,0.000000,24.282713,26.595526,546
circ20bnonbal,config20,2,FOUND INTEGER FEASIBLE,0.000000,890.326161,17,0,-1,-1,1698.000000,1698.000000,0.000000,0.000000,0
circ20bnonbal,config20,3,FAILED TO FIND AN INTEGER FEASIBLE SOLUTION,0.000000,3600,69,0,-1,-1,0.000000,0.000000,24.282713,26.595526,546
circ20bnonbal,config16,1,FOUND INTEGER FEASIBLE,65.615219,2705.014972,99,12,10,1,1502.000000,1502.000000,0.000000,0.000000,0
circ20bnonbal,config16,2,FOUND INTEGER FEASIBLE,65.548021,3316.675820,116,12,12,1,1514.000000,1514.000000,0.000000,0.000000,0
circ20bnonbal,config16,3,FAILED TO FIND AN INTEGER FEASIBLE SOLUTION,66.632707,3600,135,12,12,1,0.000000,0.000000,9.877528,10.154343,470
circ20bnonbal,config17,1,FOUND INTEGER FEASIBLE,281.505077,1525.187538,33,12,4,0,1580.000000,1580.000000,0.000000,0.000000,0
circ20bnonbal,config17,2,FOUND INTEGER FEASIBLE,282.895781,1525.814675,33,12,4,0,1580.000000,1580.000000,0.000000,0.000000,0
circ20bnonbal,config17,3,FOUND INTEGER FEASIBLE,281.458493,1524.182420,33,12,4,0,1580.000000,1580.000000,0.000000,0.000000,0
circ20bnonbal,config21,1,FOUND INTEGER FEASIBLE,379.228584,3401.233038,109,11,11,1,1678.000000,1678.000000,0.000000,0.000000,0
circ20bnonbal,config21,2,FOUND INTEGER FEASIBLE,380.114674,2699.884809,88,11,9,1,1662.000000,1662.000000,0.000000,0.000000,0
circ20bnonbal,config21,3,FOUND INTEGER FEASIBLE,378.573559,2534.624666,65,11,8,1,1672.000000,1672.000000,0.000000,0.000000,0
circ20bnonbal,config23,1,FAILED TO FIND AN INTEGER FEASIBLE SOLUTION,378.717747,3600,94,11,11,1,0.000000,0.000000,10.988067,10.988067,498
circ20bnonbal,config23,2,FAILED TO FIND AN INTEGER FEASIBLE SOLUTION,383.390970,3600,106,11,11,1,0.000000,0.000000,8.234406,8.647118,460
circ20bnonbal,config23,3,FAILED TO FIND AN INTEGER FEASIBLE SOLUTION,380.856425,3600,95,11,11,1,0.000000,0.000000,9.432215,9.612120,515
circ20bnonbal,config19,1,FAILED TO FIND AN INTEGER FEASIBLE SOLUTION,0.000000,3600,0,0,-1,-1,0.000000,0.000000,inf,inf,0
circ20bnonbal,config19,2,FAILED TO FIND AN INTEGER FEASIBLE SOLUTION,0.000000,3600,0,0,-1,-1,0.000000,0.000000,inf,inf,0
circ20bnonbal,config19,3,FAILED TO FIND AN INTEGER FEASIBLE SOLUTION,0.000000,3600,0,0,-1,-1,0.000000,0.000000,inf,inf,0
circ20bnonbal,config18,1,FAILED TO FIND AN INTEGER FEASIBLE SOLUTION,0.000000,3600,0,0,-1,-1,0.000000,0.000000,inf,inf,0
circ20bnonbal,config18,2,FAILED TO FIND AN INTEGER FEASIBLE SOLUTION,0.000000,3600,0,0,-1,-1,0.000000,0.000000,inf,inf,0
circ20bnonbal,config18,3,FAILED TO FIND AN INTEGER FEASIBLE SOLUTION,0.000000,3600,0,0,-1,-1,0.000000,0.000000,inf,inf,0
circ20cbal,config1,1,FAILED TO FIND AN INTEGER FEASIBLE SOLUTION,0.000000,3600,79,0,-1,-1,0.000000,0.000000,28.599137,31.507499,593
circ20cbal,config1,2,FAILED TO FIND AN INTEGER FEASIBLE SOLUTION,0.000000,3600,79,0,-1,-1,0.000000,0.000000,28.599137,31.507499,593
circ20cbal,config1,3,FAILED TO FIND AN INTEGER FEASIBLE SOLUTION,0.000000,3600,76,0,-1,-1,0.000000,0.000000,27.485700,31.027819,599
circ20cbal,config3,1,FAILED TO FIND AN INTEGER FEASIBLE SOLUTION,0.000000,3600,77,0,-1,-1,0.000000,0.000000,30.731536,32.194314,590
circ20cbal,config3,2,FAILED TO FIND AN INTEGER FEASIBLE SOLUTION,0.000000,3600,77,0,-1,-1,0.000000,0.000000,30.731536,32.194314,590
circ20cbal,config3,3,FAILED TO FIND AN INTEGER FEASIBLE SOLUTION,0.000000,3600,75,0,-1,-1,0.000000,0.000000,30.731536,32.194314,590
circ20cbal,config20,1,FAILED TO FIND AN INTEGER FEASIBLE SOLUTION,0.000000,3600,73,0,-1,-1,0.000000,0.000000,24.876929,25.922940,573
circ20cbal,config20,2,FAILED TO FIND AN INTEGER FEASIBLE SOLUTION,0.000000,3600,76,0,-1,-1,0.000000,0.000000,18.155223,23.089988,524
circ20cbal,config20,3,FAILED TO FIND AN INTEGER FEASIBLE SOLUTION,0.000000,3600,74,0,-1,-1,0.000000,0.000000,17.867988,20.509556,571
circ20cbal,config16,1,FOUND INTEGER FEASIBLE,52.103098,1147.524219,37,12,4,1,1438.000000,1438.000000,0.000000,0.000000,0
circ20cbal,config16,2,FOUND INTEGER FEASIBLE,53.091896,1090.646737,35,12,4,1,1438.000000,1438.000000,0.000000,0.000000,0
circ20cbal,config16,3,FOUND INTEGER FEASIBLE,52.718519,1437.627202,49,12,5,1,1378.000000,1378.000000,0.000000,0.000000,0
circ20cbal,config17,1,FOUND INTEGER FEASIBLE,167.458254,1226.707223,39,12,3,0,1516.000000,1516.000000,0.000000,0.000000,0
circ20cbal,config17,2,FOUND INTEGER FEASIBLE,167.832072,1249.352628,40,12,3,0,1516.000000,1516.000000,0.000000,0.000000,0
circ20cbal,config17,3,FOUND INTEGER FEASIBLE,167.830691,1513.559277,44,12,4,0,1506.000000,1506.000000,0.000000,0.000000,0
circ20cbal,config21,1,FAILED TO FIND AN INTEGER FEASIBLE SOLUTION,153.156895,3600,110,11,11,0,0.000000,0.000000,8.500000,8.500000,17
circ20cbal,config21,2,FOUND INTEGER FEASIBLE,154.425155,2667.078770,88,11,8,0,1658.000000,1658.000000,0.000000,0.000000,0
circ20cbal,config21,3,FOUND INTEGER FEASIBLE,153.754602,3199.475016,102,11,10,0,1630.000000,1630.000000,0.000000,0.000000,0
circ20cbal,config23,1,FAILED TO FIND AN INTEGER FEASIBLE SOLUTION,154.303221,3600,125,11,11,0,0.000000,0.000000,10.527700,10.605059,525
circ20cbal,config23,2,FAILED TO FIND AN INTEGER FEASIBLE SOLUTION,153.779471,3600,135,11,11,0,0.000000,0.000000,10.229378,10.554952,538
circ20cbal,config23,3,FAILED TO FIND AN INTEGER FEASIBLE SOLUTION,153.717364,3600,135,11,11,0,0.000000,0.000000,10.229378,10.554952,538
circ20cbal,config19,1,FOUND INTEGER FEASIBLE,0.000000,3390.898850,0,0,-1,-1,1106.000000,1106.000000,0.000000,0.000000,0
circ20cbal,config19,2,FOUND INTEGER FEASIBLE,0.000000,3404.318963,0,0,-1,-1,1106.000000,1106.000000,0.000000,0.000000,0
circ20cbal,config19,3,FOUND INTEGER FEASIBLE,0.000000,3374.926685,0,0,-1,-1,1106.000000,1106.000000,0.000000,0.000000,0
circ20cbal,config18,1,FOUND INTEGER FEASIBLE,0.000000,2364.184692,0,0,-1,-1,1210.000000,1210.000000,0.000000,0.000000,0
circ20cbal,config18,2,FOUND INTEGER FEASIBLE,0.000000,2365.603252,0,0,-1,-1,1210.000000,1210.000000,0.000000,0.000000,0
circ20cbal,config18,3,FOUND INTEGER FEASIBLE,0.000000,2365.328492,0,0,-1,-1,1210.000000,1210.000000,0.000000,0.000000,0
circ20cnonbal,config1,1,FAILED TO FIND AN INTEGER FEASIBLE SOLUTION,0.000000,3600,71,0,-1,-1,0.000000,0.000000,29.555726,34.241944,564
circ20cnonbal,config1,2,FAILED TO FIND AN INTEGER FEASIBLE SOLUTION,0.000000,3600,71,0,-1,-1,0.000000,0.000000,29.555726,34.241944,564
circ20cnonbal,config1,3,FAILED TO FIND AN INTEGER FEASIBLE SOLUTION,0.000000,3600,68,0,-1,-1,0.000000,0.000000,29.555726,34.241944,564
circ20cnonbal,config3,1,FAILED TO FIND AN INTEGER FEASIBLE SOLUTION,0.000000,3600,66,0,-1,-1,0.000000,0.000000,31.479509,35.717766,563
circ20cnonbal,config3,2,FAILED TO FIND AN INTEGER FEASIBLE SOLUTION,0.000000,3600,62,0,-1,-1,0.000000,0.000000,31.028657,35.367730,610
circ20cnonbal,config3,3,FAILED TO FIND AN INTEGER FEASIBLE SOLUTION,0.000000,3600,63,0,-1,-1,0.000000,0.000000,31.479509,35.717766,563
circ20cnonbal,config20,1,FAILED TO FIND AN INTEGER FEASIBLE SOLUTION,0.000000,3600,64,0,-1,-1,0.000000,0.000000,29.870756,33.590626,501
circ20cnonbal,config20,2,FAILED TO FIND AN INTEGER FEASIBLE SOLUTION,0.000000,3600,71,0,-1,-1,0.000000,0.000000,22.952891,25.831990,575
circ20cnonbal,config20,3,FAILED TO FIND AN INTEGER FEASIBLE SOLUTION,0.000000,3600,50,0,-1,-1,0.000000,0.000000,30.387768,34.792707,561
circ20cnonbal,config16,1,FOUND INTEGER FEASIBLE,68.852911,2210.190403,66,12,8,1,1554.000000,1554.000000,0.000000,0.000000,0
circ20cnonbal,config16,2,FOUND INTEGER FEASIBLE,68.753666,2185.570847,36,12,5,1,1560.000000,1560.000000,0.000000,0.000000,0
circ20cnonbal,config16,3,FAILED TO FIND AN INTEGER FEASIBLE SOLUTION,69.809194,3600,98,12,12,1,0.000000,0.000000,9.430936,9.706440,490
circ20cnonbal,config17,1,FOUND INTEGER FEASIBLE,434.259913,3061.899305,73,12,10,0,1580.000000,1580.000000,0.000000,0.000000,0
circ20cnonbal,config17,2,FAILED TO FIND AN INTEGER FEASIBLE SOLUTION,433.324396,3600,90,12,12,0,0.000000,0.000000,9.525785,9.725898,490
circ20cnonbal,config17,3,FOUND INTEGER FEASIBLE,432.811905,1865.933132,41,12,5,0,1580.000000,1580.000000,0.000000,0.000000,0
circ20cnonbal,config21,1,FOUND INTEGER FEASIBLE,624.687646,3138.157268,94,11,9,0,1510.000000,1510.000000,0.000000,0.000000,0
circ20cnonbal,config21,2,FAILED TO FIND AN INTEGER FEASIBLE SOLUTION,623.490458,3600,103,11,11,0,0.000000,0.000000,7.500000,7.500000,15
circ20cnonbal,config21,3,FOUND INTEGER FEASIBLE,624.538248,2325.251249,52,11,6,0,1560.000000,1560.000000,0.000000,0.000000,0
circ20cnonbal,config23,1,FAILED TO FIND AN INTEGER FEASIBLE SOLUTION,624.575851,3600,110,11,11,0,0.000000,0.000000,13.900428,13.949890,535
circ20cnonbal,config23,2,FAILED TO FIND AN INTEGER FEASIBLE SOLUTION,625.718078,3600,109,11,11,0,0.000000,0.000000,15.472370,16.703967,561
circ20cnonbal,config23,3,FAILED TO FIND AN INTEGER FEASIBLE SOLUTION,629.039878,3600,109,11,11,0,0.000000,0.000000,13.348477,13.432333,528
circ20cnonbal,config19,1,FAILED TO FIND AN INTEGER FEASIBLE SOLUTION,0.000000,3600,0,0,-1,-1,0.000000,0.000000,inf,inf,0
circ20cnonbal,config19,2,FAILED TO FIND AN INTEGER FEASIBLE SOLUTION,0.000000,3600,0,0,-1,-1,0.000000,0.000000,inf,inf,0
circ20cnonbal,config19,3,FAILED TO FIND AN INTEGER FEASIBLE SOLUTION,0.000000,3600,0,0,-1,-1,0.000000,0.000000,inf,inf,0
circ20cnonbal,config18,1,FAILED TO FIND AN INTEGER FEASIBLE SOLUTION,0.000000,3600,0,0,-1,-1,0.000000,0.000000,inf,inf,0
circ20cnonbal,config18,2,FAILED TO FIND AN INTEGER FEASIBLE SOLUTION,0.000000,3600,0,0,-1,-1,0.000000,0.000000,inf,inf,0
circ20cnonbal,config18,3,FAILED TO FIND AN INTEGER FEASIBLE SOLUTION,0.000000,3600,0,0,-1,-1,0.000000,0.000000,inf,inf,0
circ20dbal,config1,1,FAILED TO FIND AN INTEGER FEASIBLE SOLUTION,0.000000,3600,76,0,-1,-1,0.000000,0.000000,33.674363,37.451542,589
circ20dbal,config1,2,FAILED TO FIND AN INTEGER FEASIBLE SOLUTION,0.000000,3600,81,0,-1,-1,0.000000,0.000000,33.674363,37.451542,589
circ20dbal,config1,3,FAILED TO FIND AN INTEGER FEASIBLE SOLUTION,0.000000,3600,74,0,-1,-1,0.000000,0.000000,33.674363,37.451542,589
circ20dbal,config3,1,FAILED TO FIND AN INTEGER FEASIBLE SOLUTION,0.000000,3600,75,0,-1,-1,0.000000,0.000000,28.385630,31.358491,581
circ20dbal,config3,2,FAILED TO FIND AN INTEGER FEASIBLE SOLUTION,0.000000,3600,69,0,-1,-1,0.000000,0.000000,28.385630,31.358491,581
circ20dbal,config3,3,FAILED TO FIND AN INTEGER FEASIBLE SOLUTION,0.000000,3600,63,0,-1,-1,0.000000,0.000000,28.385630,31.358491,581
circ20dbal,config20,1,FAILED TO FIND AN INTEGER FEASIBLE SOLUTION,0.000000,3600,68,0,-1,-1,0.000000,0.000000,20.951949,23.905647,557
circ20dbal,config20,2,FAILED TO FIND AN INTEGER FEASIBLE SOLUTION,0.000000,3600,68,0,-1,-1,0.000000,0.000000,23.623955,25.534748,534
circ20dbal,config20,3,FAILED TO FIND AN INTEGER FEASIBLE SOLUTION,0.000000,3600,73,0,-1,-1,0.000000,0.000000,23.623955,25.534748,534
circ20dbal,config16,1,FAILED TO FIND AN INTEGER FEASIBLE SOLUTION,61.001706,3600,105,12,12,1,0.000000,0.000000,8.123698,8.256819,500
circ20dbal,config16,2,FAILED TO FIND AN INTEGER FEASIBLE SOLUTION,65.448054,3600,109,12,12,1,0.000000,0.000000,8.123698,8.256819,500
circ20dbal,config16,3,FAILED TO FIND AN INTEGER FEASIBLE SOLUTION,61.676903,3600,106,12,12,1,0.000000,0.000000,8.123698,8.256819,500
circ20dbal,config17,1,FOUND INTEGER FEASIBLE,195.725443,1946.146554,57,12,6,0,1560.000000,1560.000000,0.000000,0.000000,0
circ20dbal,config17,2,FOUND INTEGER FEASIBLE,197.189351,1536.278500,44,12,4,0,1540.000000,1540.000000,0.000000,0.000000,0
circ20dbal,config17,3,FOUND INTEGER FEASIBLE,196.402379,1723.510752,50,12,5,0,1560.000000,1560.000000,0.000000,0.000000,0
circ20dbal,config21,1,FOUND INTEGER FEASIBLE,241.241288,1828.699962,47,11,5,0,1630.000000,1630.000000,0.000000,0.000000,0
circ20dbal,config21,2,FOUND INTEGER FEASIBLE,254.732472,1669.763094,41,11,4,0,1652.000000,1652.000000,0.000000,0.000000,0
circ20dbal,config21,3,FAILED TO FIND AN INTEGER FEASIBLE SOLUTION,260.485611,3600,102,11,11,0,0.000000,0.000000,7.500000,7.500000,15
circ20dbal,config23,1,FAILED TO FIND AN INTEGER FEASIBLE SOLUTION,253.489477,3600,112,11,11,0,0.000000,0.000000,8.318391,8.318391,518
circ20dbal,config23,2,FAILED TO FIND AN INTEGER FEASIBLE SOLUTION,251.860154,3600,115,11,11,0,0.000000,0.000000,8.318390,8.318390,519
circ20dbal,config23,3,FAILED TO FIND AN INTEGER FEASIBLE SOLUTION,245.909194,3600,122,11,11,0,0.000000,0.000000,10.654048,10.706221,508
circ20dbal,config19,1,FAILED TO FIND AN INTEGER FEASIBLE SOLUTION,0.000000,3600,0,0,-1,-1,0.000000,0.000000,inf,inf,0
circ20dbal,config19,2,FAILED TO FIND AN INTEGER FEASIBLE SOLUTION,0.000000,3600,0,0,-1,-1,0.000000,0.000000,inf,inf,0
circ20dbal,config19,3,FAILED TO FIND AN INTEGER FEASIBLE SOLUTION,0.000000,3600,0,0,-1,-1,0.000000,0.000000,inf,inf,0
circ20dbal,config18,1,FAILED TO FIND AN INTEGER FEASIBLE SOLUTION,0.000000,3600,0,0,-1,-1,0.000000,0.000000,inf,inf,0
circ20dbal,config18,2,FAILED TO FIND AN INTEGER FEASIBLE SOLUTION,0.000000,3600,0,0,-1,-1,0.000000,0.000000,inf,inf,0
circ20dbal,config18,3,FAILED TO FIND AN INTEGER FEASIBLE SOLUTION,0.000000,3600,0,0,-1,-1,0.000000,0.000000,inf,inf,0
circ20dnonbal,config1,1,FAILED TO FIND AN INTEGER FEASIBLE SOLUTION,0.000000,3600,39,0,-1,-1,0.000000,0.000000,26.675625,28.398804,590
circ20dnonbal,config1,2,FAILED TO FIND AN INTEGER FEASIBLE SOLUTION,0.000000,3600,38,0,-1,-1,0.000000,0.000000,26.675625,28.398804,590
circ20dnonbal,config1,3,FAILED TO FIND AN INTEGER FEASIBLE SOLUTION,0.000000,3600,38,0,-1,-1,0.000000,0.000000,26.675625,28.398804,590
circ20dnonbal,config3,1,FAILED TO FIND AN INTEGER FEASIBLE SOLUTION,0.000000,3600,35,0,-1,-1,0.000000,0.000000,21.164320,24.123638,547
circ20dnonbal,config3,2,FAILED TO FIND AN INTEGER FEASIBLE SOLUTION,0.000000,3600,32,0,-1,-1,0.000000,0.000000,21.164320,24.123638,547
circ20dnonbal,config3,3,FAILED TO FIND AN INTEGER FEASIBLE SOLUTION,0.000000,3600,30,0,-1,-1,0.000000,0.000000,21.164320,24.123638,547
circ20dnonbal,config20,1,FAILED TO FIND AN INTEGER FEASIBLE SOLUTION,0.000000,3600,45,0,-1,-1,0.000000,0.000000,19.184787,20.893834,531
circ20dnonbal,config20,2,FAILED TO FIND AN INTEGER FEASIBLE SOLUTION,0.000000,3600,48,0,-1,-1,0.000000,0.000000,17.126930,19.232166,504
circ20dnonbal,config20,3,FAILED TO FIND AN INTEGER FEASIBLE SOLUTION,0.000000,3600,64,0,-1,-1,0.000000,0.000000,14.643668,17.643802,516
circ20dnonbal,config16,1,FOUND INTEGER FEASIBLE,67.434253,2637.641481,56,11,9,1,1360.000000,1360.000000,0.000000,0.000000,0
circ20dnonbal,config16,2,FOUND INTEGER FEASIBLE,62.744206,1752.760333,54,11,6,1,1436.000000,1436.000000,0.000000,0.000000,0
circ20dnonbal,config16,3,FOUND INTEGER FEASIBLE,62.596642,1765.815881,48,11,6,1,1436.000000,1436.000000,0.000000,0.000000,0
circ20dnonbal,config17,1,FAILED TO FIND AN INTEGER FEASIBLE SOLUTION,308.505851,3600,90,12,12,0,0.000000,0.000000,9.961302,9.961302,497
circ20dnonbal,config17,2,FAILED TO FIND AN INTEGER FEASIBLE SOLUTION,297.047008,3600,88,12,12,0,0.000000,0.000000,10.042245,10.042245,477
circ20dnonbal,config17,3,FOUND INTEGER FEASIBLE,307.254419,1580.917200,33,12,4,0,1564.000000,1564.000000,0.000000,0.000000,0
circ20dnonbal,config21,1,FAILED TO FIND AN INTEGER FEASIBLE SOLUTION,405.657436,3600,78,11,11,0,0.000000,0.000000,8.000000,8.000000,16
circ20dnonbal,config21,2,FOUND INTEGER FEASIBLE,418.874312,2326.885799,30,11,4,0,1596.000000,1596.000000,0.000000,0.000000,0
circ20dnonbal,config21,3,FOUND INTEGER FEASIBLE,387.498705,1986.938483,50,11,5,0,1610.000000,1610.000000,0.000000,0.000000,0
circ20dnonbal,config23,1,FOUND INTEGER FEASIBLE,385.133955,2403.561856,67,11,7,0,1548.000000,1548.000000,0.000000,0.000000,0
circ20dnonbal,config23,2,FOUND INTEGER FEASIBLE,385.437499,2402.678389,67,11,7,0,1548.000000,1548.000000,0.000000,0.000000,0
circ20dnonbal,config23,3,FOUND INTEGER FEASIBLE,386.648152,1895.489140,44,11,5,0,1478.000000,1478.000000,0.000000,0.000000,0
circ20dnonbal,config19,1,FAILED TO FIND AN INTEGER FEASIBLE SOLUTION,0.000000,3600,0,0,-1,-1,0.000000,0.000000,inf,inf,0
circ20dnonbal,config19,2,FAILED TO FIND AN INTEGER FEASIBLE SOLUTION,0.000000,3600,0,0,-1,-1,0.000000,0.000000,inf,inf,0
circ20dnonbal,config19,3,FAILED TO FIND AN INTEGER FEASIBLE SOLUTION,0.000000,3600,0,0,-1,-1,0.000000,0.000000,inf,inf,0
circ20dnonbal,config18,1,FAILED TO FIND AN INTEGER FEASIBLE SOLUTION,0.000000,3600,0,0,-1,-1,0.000000,0.000000,inf,inf,0
circ20dnonbal,config18,2,FAILED TO FIND AN INTEGER FEASIBLE SOLUTION,0.000000,3600,0,0,-1,-1,0.000000,0.000000,inf,inf,0
circ20dnonbal,config18,3,FAILED TO FIND AN INTEGER FEASIBLE SOLUTION,0.000000,3600,0,0,-1,-1,0.000000,0.000000,inf,inf,0
circ20ebal,config1,1,FAILED TO FIND AN INTEGER FEASIBLE SOLUTION,0.000000,3600,41,0,-1,-1,0.000000,0.000000,28.974225,34.415375,579
circ20ebal,config1,2,FAILED TO FIND AN INTEGER FEASIBLE SOLUTION,0.000000,3600,40,0,-1,-1,0.000000,0.000000,30.440461,33.074600,596
circ20ebal,config1,3,FAILED TO FIND AN INTEGER FEASIBLE SOLUTION,0.000000,3600,37,0,-1,-1,0.000000,0.000000,30.593426,32.963277,599
circ20ebal,config3,1,FAILED TO FIND AN INTEGER FEASIBLE SOLUTION,0.000000,3600,36,0,-1,-1,0.000000,0.000000,25.786247,28.494683,598
circ20ebal,config3,2,FAILED TO FIND AN INTEGER FEASIBLE SOLUTION,0.000000,3600,36,0,-1,-1,0.000000,0.000000,25.786247,28.494683,598
circ20ebal,config3,3,FAILED TO FIND AN INTEGER FEASIBLE SOLUTION,0.000000,3600,37,0,-1,-1,0.000000,0.000000,22.751545,25.007320,591
circ20ebal,config20,1,FAILED TO FIND AN INTEGER FEASIBLE SOLUTION,0.000000,3600,71,0,-1,-1,0.000000,0.000000,24.395607,27.336726,563
circ20ebal,config20,2,FAILED TO FIND AN INTEGER FEASIBLE SOLUTION,0.000000,3600,72,0,-1,-1,0.000000,0.000000,24.395607,27.336726,563
circ20ebal,config20,3,FOUND INTEGER FEASIBLE,0.000000,589.254065,12,0,-1,-1,1700.000000,1700.000000,0.000000,0.000000,0
circ20ebal,config16,1,FOUND INTEGER FEASIBLE,46.562744,1545.541481,47,12,6,1,1518.000000,1518.000000,0.000000,0.000000,0
circ20ebal,config16,2,FOUND INTEGER FEASIBLE,46.544006,1530.748963,48,12,6,1,1498.000000,1498.000000,0.000000,0.000000,0
circ20ebal,config16,3,FAILED TO FIND AN INTEGER FEASIBLE SOLUTION,46.518345,3600,127,12,12,1,0.000000,0.000000,8.392254,8.873408,460
circ20ebal,config17,1,FOUND INTEGER FEASIBLE,226.588590,1415.428261,42,12,4,0,1540.000000,1540.000000,0.000000,0.000000,0
circ20ebal,config17,2,FOUND INTEGER FEASIBLE,225.509259,1413.547653,42,12,4,0,1540.000000,1540.000000,0.000000,0.000000,0
circ20ebal,config17,3,FOUND INTEGER FEASIBLE,224.654733,1412.012638,42,12,4,0,1540.000000,1540.000000,0.000000,0.000000,0
circ20ebal,config21,1,FOUND INTEGER FEASIBLE,271.514736,2102.596455,65,11,6,0,1678.000000,1678.000000,0.000000,0.000000,0
circ20ebal,config21,2,FOUND INTEGER FEASIBLE,271.815752,2103.628796,65,11,6,0,1678.000000,1678.000000,0.000000,0.000000,0
circ20ebal,config21,3,FOUND INTEGER FEASIBLE,271.203610,2103.316386,65,11,6,0,1678.000000,1678.000000,0.000000,0.000000,0
circ20ebal,config23,1,FOUND INTEGER FEASIBLE,271.144672,1759.578682,46,11,5,0,1550.000000,1550.000000,0.000000,0.000000,0
circ20ebal,config23,2,FOUND INTEGER FEASIBLE,271.474403,1927.414276,54,11,5,0,1550.000000,1550.000000,0.000000,0.000000,0
circ20ebal,config23,3,FOUND INTEGER FEASIBLE,270.428848,1712.822143,47,11,5,0,1550.000000,1550.000000,0.000000,0.000000,0
circ20ebal,config19,1,FOUND INTEGER FEASIBLE,0.000000,3286.161105,0,0,-1,-1,1128.000000,1128.000000,0.000000,0.000000,0
circ20ebal,config19,2,FOUND INTEGER FEASIBLE,0.000000,3274.420914,0,0,-1,-1,1128.000000,1128.000000,0.000000,0.000000,0
circ20ebal,config19,3,FOUND INTEGER FEASIBLE,0.000000,3286.203011,0,0,-1,-1,1128.000000,1128.000000,0.000000,0.000000,0
circ20ebal,config18,1,FAILED TO FIND AN INTEGER FEASIBLE SOLUTION,0.000000,3600,0,0,-1,-1,0.000000,0.000000,inf,inf,0
circ20ebal,config18,2,FAILED TO FIND AN INTEGER FEASIBLE SOLUTION,0.000000,3600,0,0,-1,-1,0.000000,0.000000,inf,inf,0
circ20ebal,config18,3,FAILED TO FIND AN INTEGER FEASIBLE SOLUTION,0.000000,3600,0,0,-1,-1,0.000000,0.000000,inf,inf,0
circ20enonbal,config1,1,FAILED TO FIND AN INTEGER FEASIBLE SOLUTION,0.000000,3600,36,0,-1,-1,0.000000,0.000000,33.844488,36.715109,581
circ20enonbal,config1,2,FAILED TO FIND AN INTEGER FEASIBLE SOLUTION,0.000000,3600,37,0,-1,-1,0.000000,0.000000,33.844488,36.715109,581
circ20enonbal,config1,3,FAILED TO FIND AN INTEGER FEASIBLE SOLUTION,0.000000,3600,36,0,-1,-1,0.000000,0.000000,33.844488,36.715109,581
circ20enonbal,config3,1,FAILED TO FIND AN INTEGER FEASIBLE SOLUTION,0.000000,3600,33,0,-1,-1,0.000000,0.000000,21.374257,24.085338,552
circ20enonbal,config3,2,FAILED TO FIND AN INTEGER FEASIBLE SOLUTION,0.000000,3600,32,0,-1,-1,0.000000,0.000000,21.374257,24.085338,552
circ20enonbal,config3,3,FAILED TO FIND AN INTEGER FEASIBLE SOLUTION,0.000000,3600,31,0,-1,-1,0.000000,0.000000,21.374257,24.085338,552
circ20enonbal,config20,1,FAILED TO FIND AN INTEGER FEASIBLE SOLUTION,0.000000,3600,49,0,-1,-1,0.000000,0.000000,25.781130,26.407450,562
circ20enonbal,config20,2,FAILED TO FIND AN INTEGER FEASIBLE SOLUTION,0.000000,3600,62,0,-1,-1,0.000000,0.000000,25.781130,26.407450,562
circ20enonbal,config20,3,FAILED TO FIND AN INTEGER FEASIBLE SOLUTION,0.000000,3600,65,0,-1,-1,0.000000,0.000000,25.781130,26.407450,562
circ20enonbal,config16,1,FOUND INTEGER FEASIBLE,78.790117,1348.999092,35,12,5,1,1494.000000,1494.000000,0.000000,0.000000,0
circ20enonbal,config16,2,FOUND INTEGER FEASIBLE,79.834146,3051.802724,79,12,11,1,1512.000000,1512.000000,0.000000,0.000000,0
circ20enonbal,config16,3,FOUND INTEGER FEASIBLE,78.869022,1551.870037,40,12,6,1,1528.000000,1528.000000,0.000000,0.000000,0
circ20enonbal,config17,1,FOUND INTEGER FEASIBLE,301.725551,3429.786671,106,12,11,0,1528.000000,1528.000000,0.000000,0.000000,0
circ20enonbal,config17,2,FOUND INTEGER FEASIBLE,302.598328,2811.308534,76,12,9,0,1536.000000,1536.000000,0.000000,0.000000,0
circ20enonbal,config17,3,FOUND INTEGER FEASIBLE,309.954998,3556.076550,107,12,12,0,1528.000000,1528.000000,0.000000,0.000000,0
circ20enonbal,config21,1,FAILED TO FIND AN INTEGER FEASIBLE SOLUTION,296.924446,3600,102,10,10,1,0.000000,0.000000,12.109375,12.704218,492
circ20enonbal,config21,2,FAILED TO FIND AN INTEGER FEASIBLE SOLUTION,296.044518,3600,106,10,10,1,0.000000,0.000000,7.500000,7.500000,15
circ20enonbal,config21,3,FAILED TO FIND AN INTEGER FEASIBLE SOLUTION,296.272344,3600,106,10,10,1,0.000000,0.000000,12.109375,12.704218,492
circ20enonbal,config23,1,FAILED TO FIND AN INTEGER FEASIBLE SOLUTION,306.002426,3600,108,10,10,1,0.000000,0.000000,13.484675,13.688701,535
circ20enonbal,config23,2,FAILED TO FIND AN INTEGER FEASIBLE SOLUTION,297.106077,3600,103,10,10,1,0.000000,0.000000,13.209588,13.209588,523
circ20enonbal,config23,3,FAILED TO FIND AN INTEGER FEASIBLE SOLUTION,308.428131,3600,99,10,10,1,0.000000,0.000000,10.957224,10.957224,512
circ20enonbal,config19,1,FAILED TO FIND AN INTEGER FEASIBLE SOLUTION,0.000000,3600,0,0,-1,-1,0.000000,0.000000,inf,inf,0
circ20enonbal,config19,2,FAILED TO FIND AN INTEGER FEASIBLE SOLUTION,0.000000,3600,0,0,-1,-1,0.000000,0.000000,inf,inf,0
circ20enonbal,config19,3,FAILED TO FIND AN INTEGER FEASIBLE SOLUTION,0.000000,3600,0,0,-1,-1,0.000000,0.000000,inf,inf,0
circ20enonbal,config18,1,FAILED TO FIND AN INTEGER FEASIBLE SOLUTION,0.000000,3600,0,0,-1,-1,0.000000,0.000000,inf,inf,0
circ20enonbal,config18,2,FAILED TO FIND AN INTEGER FEASIBLE SOLUTION,0.000000,3600,0,0,-1,-1,0.000000,0.000000,inf,inf,0
circ20enonbal,config18,3,FAILED TO FIND AN INTEGER FEASIBLE SOLUTION,0.000000,3600,0,0,-1,-1,0.000000,0.000000,inf,inf,0
circ20fbal,config1,1,FAILED TO FIND AN INTEGER FEASIBLE SOLUTION,0.000000,3600,40,0,-1,-1,0.000000,0.000000,23.807487,25.715345,550
circ20fbal,config1,2,FOUND INTEGER FEASIBLE,0.000000,1384.235489,19,0,-1,-1,1428.000000,1428.000000,0.000000,0.000000,0
circ20fbal,config1,3,FAILED TO FIND AN INTEGER FEASIBLE SOLUTION,0.000000,3600,38,0,-1,-1,0.000000,0.000000,11.569991,11.569991,497
circ20fbal,config3,1,FAILED TO FIND AN INTEGER FEASIBLE SOLUTION,0.000000,3600,29,0,-1,-1,0.000000,0.000000,30.824840,33.110364,587
circ20fbal,config3,2,FAILED TO FIND AN INTEGER FEASIBLE SOLUTION,0.000000,3600,35,0,-1,-1,0.000000,0.000000,30.824840,33.110364,587
circ20fbal,config3,3,FAILED TO FIND AN INTEGER FEASIBLE SOLUTION,0.000000,3600,36,0,-1,-1,0.000000,0.000000,30.824840,33.110364,587
circ20fbal,config20,1,FAILED TO FIND AN INTEGER FEASIBLE SOLUTION,0.000000,3600,71,0,-1,-1,0.000000,0.000000,13.922776,14.967734,512
circ20fbal,config20,2,FAILED TO FIND AN INTEGER FEASIBLE SOLUTION,0.000000,3600,73,0,-1,-1,0.000000,0.000000,13.328503,15.533937,481
circ20fbal,config20,3,FAILED TO FIND AN INTEGER FEASIBLE SOLUTION,0.000000,3600,72,0,-1,-1,0.000000,0.000000,12.906312,14.339911,469
circ20fbal,config16,1,FAILED TO FIND AN INTEGER FEASIBLE SOLUTION,59.501703,3600,109,12,12,1,0.000000,0.000000,7.500000,7.500000,15
circ20fbal,config16,2,FAILED TO FIND AN INTEGER FEASIBLE SOLUTION,62.486460,3600,104,12,12,1,0.000000,0.000000,8.081016,8.081016,429
circ20fbal,config16,3,FOUND INTEGER FEASIBLE,61.216589,1447.936415,44,12,5,1,1432.000000,1432.000000,0.000000,0.000000,0
circ20fbal,config17,1,FOUND INTEGER FEASIBLE,278.145421,2204.151348,56,12,7,0,1570.000000,1570.000000,0.000000,0.000000,0
circ20fbal,config17,2,FAILED TO FIND AN INTEGER FEASIBLE SOLUTION,266.550634,3600,110,12,12,0,0.000000,0.000000,8.397002,8.397002,502
circ20fbal,config17,3,FOUND INTEGER FEASIBLE,328.408329,2446.704008,38,12,4,0,1584.000000,1584.000000,0.000000,0.000000,0
circ20fbal,config21,1,FOUND INTEGER FEASIBLE,243.040057,3466.485230,116,11,11,0,1614.000000,1614.000000,0.000000,0.000000,0
circ20fbal,config21,2,FAILED TO FIND AN INTEGER FEASIBLE SOLUTION,241.365427,3600,121,11,11,0,0.000000,0.000000,11.000000,11.000000,22
circ20fbal,config21,3,FAILED TO FIND AN INTEGER FEASIBLE SOLUTION,240.848976,3600,123,11,11,0,0.000000,0.000000,11.000000,11.000000,22
circ20fbal,config23,1,FOUND INTEGER FEASIBLE,241.180354,2940.955323,96,11,9,0,1468.000000,1468.000000,0.000000,0.000000,0
circ20fbal,config23,2,FOUND INTEGER FEASIBLE,248.439820,2696.537830,87,11,8,0,1466.000000,1466.000000,0.000000,0.000000,0
circ20fbal,config23,3,FOUND INTEGER FEASIBLE,243.329605,3501.560707,108,11,11,0,1466.000000,1466.000000,0.000000,0.000000,0
circ20fbal,config19,1,FAILED TO FIND AN INTEGER FEASIBLE SOLUTION,0.000000,3600,0,0,-1,-1,0.000000,0.000000,inf,inf,0
circ20fbal,config19,2,FAILED TO FIND AN INTEGER FEASIBLE SOLUTION,0.000000,3600,0,0,-1,-1,0.000000,0.000000,inf,inf,0
circ20fbal,config19,3,FAILED TO FIND AN INTEGER FEASIBLE SOLUTION,0.000000,3600,0,0,-1,-1,0.000000,0.000000,inf,inf,0
circ20fbal,config18,1,FAILED TO FIND AN INTEGER FEASIBLE SOLUTION,0.000000,3600,0,0,-1,-1,0.000000,0.000000,inf,inf,0
circ20fbal,config18,2,FAILED TO FIND AN INTEGER FEASIBLE SOLUTION,0.000000,3600,0,0,-1,-1,0.000000,0.000000,inf,inf,0
circ20fbal,config18,3,FAILED TO FIND AN INTEGER FEASIBLE SOLUTION,0.000000,3600,0,0,-1,-1,0.000000,0.000000,inf,inf,0
circ20gbal,config1,1,FAILED TO FIND AN INTEGER FEASIBLE SOLUTION,0.000000,3600,41,0,-1,-1,0.000000,0.000000,31.264912,33.011657,610
circ20gbal,config1,2,FAILED TO FIND AN INTEGER FEASIBLE SOLUTION,0.000000,3600,41,0,-1,-1,0.000000,0.000000,31.264912,33.011657,610
circ20gbal,config1,3,FAILED TO FIND AN INTEGER FEASIBLE SOLUTION,0.000000,3600,41,0,-1,-1,0.000000,0.000000,31.264912,33.011657,610
circ20gbal,config3,1,FAILED TO FIND AN INTEGER FEASIBLE SOLUTION,0.000000,3600,38,0,-1,-1,0.000000,0.000000,25.987086,27.592377,592
circ20gbal,config3,2,FAILED TO FIND AN INTEGER FEASIBLE SOLUTION,0.000000,3600,38,0,-1,-1,0.000000,0.000000,25.987086,27.592377,592
circ20gbal,config3,3,FAILED TO FIND AN INTEGER FEASIBLE SOLUTION,0.000000,3600,36,0,-1,-1,0.000000,0.000000,25.987086,27.592377,592
circ20gbal,config20,1,FAILED TO FIND AN INTEGER FEASIBLE SOLUTION,0.000000,3600,72,0,-1,-1,0.000000,0.000000,28.157889,29.856411,562
circ20gbal,config20,2,FAILED TO FIND AN INTEGER FEASIBLE SOLUTION,0.000000,3600,74,0,-1,-1,0.000000,0.000000,28.157889,29.856411,562
circ20gbal,config20,3,FAILED TO FIND AN INTEGER FEASIBLE SOLUTION,0.000000,3600,72,0,-1,-1,0.000000,0.000000,28.157889,29.856411,562
circ20gbal,config16,1,FOUND INTEGER FEASIBLE,46.664441,1286.168552,44,12,5,1,1508.000000,1508.000000,0.000000,0.000000,0
circ20gbal,config16,2,FOUND INTEGER FEASIBLE,47.431428,1350.212746,48,12,5,1,1406.000000,1406.000000,0.000000,0.000000,0
circ20gbal,config16,3,FOUND INTEGER FEASIBLE,46.392748,1111.422370,40,12,4,1,1406.000000,1406.000000,0.000000,0.000000,0
circ20gbal,config17,1,FAILED TO FIND AN INTEGER FEASIBLE SOLUTION,237.146261,3600,110,12,12,0,0.000000,0.000000,9.113687,9.113687,491
circ20gbal,config17,2,FOUND INTEGER FEASIBLE,241.455376,1560.975068,44,12,4,0,1494.000000,1494.000000,0.000000,0.000000,0
circ20gbal,config17,3,FAILED TO FIND AN INTEGER FEASIBLE SOLUTION,238.081770,3600,130,12,12,0,0.000000,0.000000,10.494884,10.494884,537
circ20gbal,config21,1,FOUND INTEGER FEASIBLE,258.030502,1250.416904,31,11,3,0,1596.000000,1596.000000,0.000000,0.000000,0
circ20gbal,config21,2,FAILED TO FIND AN INTEGER FEASIBLE SOLUTION,262.475852,3600,110,11,11,0,0.000000,0.000000,8.285665,8.476079,462
circ20gbal,config21,3,FAILED TO FIND AN INTEGER FEASIBLE SOLUTION,267.823131,3600,105,11,11,0,0.000000,0.000000,7.725036,7.753561,539
circ20gbal,config23,1,FAILED TO FIND AN INTEGER FEASIBLE SOLUTION,257.066472,3600,118,11,11,0,0.000000,0.000000,8.059392,8.216019,498
circ20gbal,config23,2,FAILED TO FIND AN INTEGER FEASIBLE SOLUTION,267.957395,3600,119,11,11,0,0.000000,0.000000,8.059392,8.216019,498
circ20gbal,config23,3,FAILED TO FIND AN INTEGER FEASIBLE SOLUTION,264.106959,3600,119,11,11,0,0.000000,0.000000,8.054638,8.190465,515
circ20gbal,config19,1,FAILED TO FIND AN INTEGER FEASIBLE SOLUTION,0.000000,3600,0,0,-1,-1,0.000000,0.000000,inf,inf,0
circ20gbal,config19,2,FAILED TO FIND AN INTEGER FEASIBLE SOLUTION,0.000000,3600,0,0,-1,-1,0.000000,0.000000,inf,inf,0
circ20gbal,config19,3,FAILED TO FIND AN INTEGER FEASIBLE SOLUTION,0.000000,3600,0,0,-1,-1,0.000000,0.000000,inf,inf,0
circ20gbal,config18,1,FOUND INTEGER FEASIBLE,0.000000,3463.340041,0,0,-1,-1,1214.000000,1214.000000,0.000000,0.000000,0
circ20gbal,config18,2,FOUND INTEGER FEASIBLE,0.000000,3468.208153,0,0,-1,-1,1214.000000,1214.000000,0.000000,0.000000,0
circ20gbal,config18,3,FOUND INTEGER FEASIBLE,0.000000,3456.710957,0,0,-1,-1,1214.000000,1214.000000,0.000000,0.000000,0
circ20gnonbal,config1,1,FAILED TO FIND AN INTEGER FEASIBLE SOLUTION,0.000000,3600,37,0,-1,-1,0.000000,0.000000,28.835802,30.484874,575
circ20gnonbal,config1,2,FAILED TO FIND AN INTEGER FEASIBLE SOLUTION,0.000000,3600,35,0,-1,-1,0.000000,0.000000,28.835802,30.484874,575
circ20gnonbal,config1,3,FAILED TO FIND AN INTEGER FEASIBLE SOLUTION,0.000000,3600,35,0,-1,-1,0.000000,0.000000,28.835802,30.484874,575
circ20gnonbal,config3,1,FAILED TO FIND AN INTEGER FEASIBLE SOLUTION,0.000000,3600,30,0,-1,-1,0.000000,0.000000,30.441824,34.248083,598
circ20gnonbal,config3,2,FAILED TO FIND AN INTEGER FEASIBLE SOLUTION,0.000000,3600,34,0,-1,-1,0.000000,0.000000,30.441824,34.248083,598
circ20gnonbal,config3,3,FAILED TO FIND AN INTEGER FEASIBLE SOLUTION,0.000000,3600,36,0,-1,-1,0.000000,0.000000,30.441824,34.248083,598
circ20gnonbal,config20,1,FAILED TO FIND AN INTEGER FEASIBLE SOLUTION,0.000000,3600,64,0,-1,-1,0.000000,0.000000,23.989982,25.261932,552
circ20gnonbal,config20,2,FAILED TO FIND AN INTEGER FEASIBLE SOLUTION,0.000000,3600,62,0,-1,-1,0.000000,0.000000,23.989982,25.261932,552
circ20gnonbal,config20,3,FAILED TO FIND AN INTEGER FEASIBLE SOLUTION,0.000000,3600,58,0,-1,-1,0.000000,0.000000,23.989982,25.261932,552
circ20gnonbal,config16,1,FOUND INTEGER FEASIBLE,74.075163,862.387178,22,11,3,1,1322.000000,1322.000000,0.000000,0.000000,0
circ20gnonbal,config16,2,FOUND INTEGER FEASIBLE,74.525851,888.653448,24,11,3,1,1342.000000,1342.000000,0.000000,0.000000,0
circ20gnonbal,config16,3,FOUND INTEGER FEASIBLE,72.885045,858.841622,22,11,3,1,1322.000000,1322.000000,0.000000,0.000000,0
circ20gnonbal,config17,1,FOUND INTEGER FEASIBLE,309.243251,2390.586171,60,12,7,0,1512.000000,1512.000000,0.000000,0.000000,0
circ20gnonbal,config17,2,FAILED TO FIND AN INTEGER FEASIBLE SOLUTION,315.247572,3600,90,12,12,0,0.000000,0.000000,8.212320,8.212320,458
circ20gnonbal,config17,3,FOUND INTEGER FEASIBLE,307.403017,1512.111489,27,12,4,0,1540.000000,1540.000000,0.000000,0.000000,0
circ20gnonbal,config21,1,FAILED TO FIND AN INTEGER FEASIBLE SOLUTION,238.010857,3600,81,11,11,1,0.000000,0.000000,9.536986,9.537960,462
circ20gnonbal,config21,2,FAILED TO FIND AN INTEGER FEASIBLE SOLUTION,231.431358,3600,85,11,11,1,0.000000,0.000000,9.535412,9.538215,463
circ20gnonbal,config21,3,FOUND INTEGER FEASIBLE,231.351156,3205.031870,89,11,11,1,1684.000000,1684.000000,0.000000,0.000000,0
circ20gnonbal,config23,1,FOUND INTEGER FEASIBLE,232.691671,3438.446628,100,11,11,1,1522.000000,1522.000000,0.000000,0.000000,0
circ20gnonbal,config23,2,FAILED TO FIND AN INTEGER FEASIBLE SOLUTION,231.689706,3600,97,11,11,1,0.000000,0.000000,9.801318,10.116223,487
circ20gnonbal,config23,3,FOUND INTEGER FEASIBLE,231.903074,2988.021805,88,11,10,1,1506.000000,1506.000000,0.000000,0.000000,0
circ20gnonbal,config19,1,FAILED TO FIND AN INTEGER FEASIBLE SOLUTION,0.000000,3600,0,0,-1,-1,0.000000,0.000000,inf,inf,0
circ20gnonbal,config19,2,FAILED TO FIND AN INTEGER FEASIBLE SOLUTION,0.000000,3600,0,0,-1,-1,0.000000,0.000000,inf,inf,0
circ20gnonbal,config19,3,FAILED TO FIND AN INTEGER FEASIBLE SOLUTION,0.000000,3600,0,0,-1,-1,0.000000,0.000000,inf,inf,0
circ20gnonbal,config18,1,FOUND INTEGER FEASIBLE,0.000000,1886.581669,0,0,-1,-1,1146.000000,1146.000000,0.000000,0.000000,0
circ20gnonbal,config18,2,FOUND INTEGER FEASIBLE,0.000000,1903.760461,0,0,-1,-1,1146.000000,1146.000000,0.000000,0.000000,0
circ20gnonbal,config18,3,FOUND INTEGER FEASIBLE,0.000000,1903.138817,0,0,-1,-1,1146.000000,1146.000000,0.000000,0.000000,0
circ20hbal,config1,1,FAILED TO FIND AN INTEGER FEASIBLE SOLUTION,0.000000,3600,40,0,-1,-1,0.000000,0.000000,31.801685,34.163821,595
circ20hbal,config1,2,FAILED TO FIND AN INTEGER FEASIBLE SOLUTION,0.000000,3600,39,0,-1,-1,0.000000,0.000000,31.527131,34.866367,600
circ20hbal,config1,3,FAILED TO FIND AN INTEGER FEASIBLE SOLUTION,0.000000,3600,29,0,-1,-1,0.000000,0.000000,29.591249,31.508428,573
circ20hbal,config3,1,FAILED TO FIND AN INTEGER FEASIBLE SOLUTION,0.000000,3600,37,0,-1,-1,0.000000,0.000000,28.572663,31.258597,613
circ20hbal,config3,2,FAILED TO FIND AN INTEGER FEASIBLE SOLUTION,0.000000,3600,39,0,-1,-1,0.000000,0.000000,28.572663,31.258597,613
circ20hbal,config3,3,FAILED TO FIND AN INTEGER FEASIBLE SOLUTION,0.000000,3600,39,0,-1,-1,0.000000,0.000000,28.572663,31.258597,613
circ20hbal,config20,1,FAILED TO FIND AN INTEGER FEASIBLE SOLUTION,0.000000,3600,76,0,-1,-1,0.000000,0.000000,27.518744,31.631701,564
circ20hbal,config20,2,FAILED TO FIND AN INTEGER FEASIBLE SOLUTION,0.000000,3600,63,0,-1,-1,0.000000,0.000000,27.518744,31.631701,564
circ20hbal,config20,3,FAILED TO FIND AN INTEGER FEASIBLE SOLUTION,0.000000,3600,75,0,-1,-1,0.000000,0.000000,27.518744,31.631701,564
circ20hbal,config16,1,FOUND INTEGER FEASIBLE,52.711412,1227.603975,38,12,5,1,1380.000000,1380.000000,0.000000,0.000000,0
circ20hbal,config16,2,FAILED TO FIND AN INTEGER FEASIBLE SOLUTION,113.502570,3600,80,12,11,1,0.000000,0.000000,8.101937,8.101937,505
circ20hbal,config16,3,FAILED TO FIND AN INTEGER FEASIBLE SOLUTION,53.287752,3600,108,12,12,1,0.000000,0.000000,8.132317,8.132317,548
circ20hbal,config17,1,FAILED TO FIND AN INTEGER FEASIBLE SOLUTION,205.728740,3600,116,12,12,0,0.000000,0.000000,7.500000,7.500000,15
circ20hbal,config17,2,FAILED TO FIND AN INTEGER FEASIBLE SOLUTION,206.349117,3600,112,12,12,0,0.000000,0.000000,7.500000,7.500000,15
circ20hbal,config17,3,FAILED TO FIND AN INTEGER FEASIBLE SOLUTION,208.501766,3600,111,12,12,0,0.000000,0.000000,7.500000,7.500000,15
circ20hbal,config21,1,FOUND INTEGER FEASIBLE,225.480535,2794.306057,83,11,8,0,1730.000000,1730.000000,0.000000,0.000000,0
circ20hbal,config21,2,FOUND INTEGER FEASIBLE,224.514134,2792.218486,82,11,8,0,1730.000000,1730.000000,0.000000,0.000000,0
circ20hbal,config21,3,FOUND INTEGER FEASIBLE,225.409709,2795.615983,82,11,8,0,1730.000000,1730.000000,0.000000,0.000000,0
circ20hbal,config23,1,FOUND INTEGER FEASIBLE,224.842171,2997.437078,92,11,9,0,1556.000000,1556.000000,0.000000,0.000000,0
circ20hbal,config23,2,FAILED TO FIND AN INTEGER FEASIBLE SOLUTION,224.326941,3600,115,11,11,0,0.000000,0.000000,10.015180,10.072668,503
circ20hbal,config23,3,FOUND INTEGER FEASIBLE,225.652322,2352.427159,68,11,7,0,1566.000000,1566.000000,0.000000,0.000000,0
circ20hbal,config19,1,FOUND INTEGER FEASIBLE,0.000000,3239.188157,0,0,-1,-1,1136.000000,1136.000000,0.000000,0.000000,0
circ20hbal,config19,2,FOUND INTEGER FEASIBLE,0.000000,3232.264058,0,0,-1,-1,1136.000000,1136.000000,0.000000,0.000000,0
circ20hbal,config19,3,FOUND INTEGER FEASIBLE,0.000000,3245.152396,0,0,-1,-1,1136.000000,1136.000000,0.000000,0.000000,0
circ20hbal,config18,1,FAILED TO FIND AN INTEGER FEASIBLE SOLUTION,0.000000,3600,0,0,-1,-1,0.000000,0.000000,inf,inf,0
circ20hbal,config18,2,FAILED TO FIND AN INTEGER FEASIBLE SOLUTION,0.000000,3600,0,0,-1,-1,0.000000,0.000000,inf,inf,0
circ20hbal,config18,3,FAILED TO FIND AN INTEGER FEASIBLE SOLUTION,0.000000,3600,0,0,-1,-1,0.000000,0.000000,inf,inf,0
circ20ibal,config1,1,FAILED TO FIND AN INTEGER FEASIBLE SOLUTION,0.000000,3600,39,0,-1,-1,0.000000,0.000000,28.963936,30.278996,615
circ20ibal,config1,2,FAILED TO FIND AN INTEGER FEASIBLE SOLUTION,0.000000,3600,40,0,-1,-1,0.000000,0.000000,28.963936,30.278996,615
circ20ibal,config1,3,FAILED TO FIND AN INTEGER FEASIBLE SOLUTION,0.000000,3600,39,0,-1,-1,0.000000,0.000000,28.963936,30.278996,615
circ20ibal,config3,1,FAILED TO FIND AN INTEGER FEASIBLE SOLUTION,0.000000,3600,37,0,-1,-1,0.000000,0.000000,27.989028,29.212705,561
circ20ibal,config3,2,FAILED TO FIND AN INTEGER FEASIBLE SOLUTION,0.000000,3600,39,0,-1,-1,0.000000,0.000000,27.989028,29.212705,561
circ20ibal,config3,3,FAILED TO FIND AN INTEGER FEASIBLE SOLUTION,0.000000,3600,38,0,-1,-1,0.000000,0.000000,27.989028,29.212705,561
circ20ibal,config20,1,FAILED TO FIND AN INTEGER FEASIBLE SOLUTION,0.000000,3600,73,0,-1,-1,0.000000,0.000000,32.174478,34.612091,581
circ20ibal,config20,2,FAILED TO FIND AN INTEGER FEASIBLE SOLUTION,0.000000,3600,76,0,-1,-1,0.000000,0.000000,29.599275,35.000206,579
circ20ibal,config20,3,FAILED TO FIND AN INTEGER FEASIBLE SOLUTION,0.000000,3600,71,0,-1,-1,0.000000,0.000000,29.599275,35.000206,579
circ20ibal,config16,1,FAILED TO FIND AN INTEGER FEASIBLE SOLUTION,74.916645,3600,101,12,12,1,0.000000,0.000000,8.223609,8.223609,513
circ20ibal,config16,2,FOUND INTEGER FEASIBLE,76.279047,1406.726970,43,12,5,1,1422.000000,1422.000000,0.000000,0.000000,0
circ20ibal,config16,3,FAILED TO FIND AN INTEGER FEASIBLE SOLUTION,75.003646,3600,118,12,12,1,0.000000,0.000000,7.611782,7.693852,481
circ20ibal,config17,1,FOUND INTEGER FEASIBLE,213.735293,963.343163,24,12,2,0,1566.000000,1566.000000,0.000000,0.000000,0
circ20ibal,config17,2,FOUND INTEGER FEASIBLE,214.823625,2434.597881,88,12,8,0,1556.000000,1556.000000,0.000000,0.000000,0
circ20ibal,config17,3,FOUND INTEGER FEASIBLE,214.166262,966.691831,24,12,2,0,1566.000000,1566.000000,0.000000,0.000000,0
circ20ibal,config21,1,FOUND INTEGER FEASIBLE,240.370294,2034.621094,57,11,6,0,1672.000000,1672.000000,0.000000,0.000000,0
circ20ibal,config21,2,FOUND INTEGER FEASIBLE,241.183464,1984.737048,56,11,6,0,1672.000000,1672.000000,0.000000,0.000000,0
circ20ibal,config21,3,FOUND INTEGER FEASIBLE,239.968455,1985.881211,56,11,6,0,1672.000000,1672.000000,0.000000,0.000000,0
circ20ibal,config23,1,FOUND INTEGER FEASIBLE,253.904293,1438.649411,38,11,4,0,1582.000000,1582.000000,0.000000,0.000000,0
circ20ibal,config23,2,FAILED TO FIND AN INTEGER FEASIBLE SOLUTION,252.995082,3600,106,11,11,0,0.000000,0.000000,9.044147,9.044147,495
circ20ibal,config23,3,FOUND INTEGER FEASIBLE,243.416931,1430.011781,39,11,4,0,1582.000000,1582.000000,0.000000,0.000000,0
circ20ibal,config19,1,FAILED TO FIND AN INTEGER FEASIBLE SOLUTION,0.000000,3600,0,0,-1,-1,0.000000,0.000000,inf,inf,0
circ20ibal,config19,2,FAILED TO FIND AN INTEGER FEASIBLE SOLUTION,0.000000,3600,0,0,-1,-1,0.000000,0.000000,inf,inf,0
circ20ibal,config19,3,FAILED TO FIND AN INTEGER FEASIBLE SOLUTION,0.000000,3600,0,0,-1,-1,0.000000,0.000000,inf,inf,0
circ20ibal,config18,1,FOUND INTEGER FEASIBLE,0.000000,1312.800922,0,0,-1,-1,1172.000000,1172.000000,0.000000,0.000000,0
circ20ibal,config18,2,FOUND INTEGER FEASIBLE,0.000000,2157.062576,0,0,-1,-1,1172.000000,1172.000000,0.000000,0.000000,0
circ20ibal,config18,3,FOUND INTEGER FEASIBLE,0.000000,1227.757170,0,0,-1,-1,1172.000000,1172.000000,0.000000,0.000000,0
circ20inonbal,config1,1,FAILED TO FIND AN INTEGER FEASIBLE SOLUTION,0.000000,3600,38,0,-1,-1,0.000000,0.000000,25.912259,29.256256,584
circ20inonbal,config1,2,FAILED TO FIND AN INTEGER FEASIBLE SOLUTION,0.000000,3600,37,0,-1,-1,0.000000,0.000000,25.912259,29.256256,584
circ20inonbal,config1,3,FAILED TO FIND AN INTEGER FEASIBLE SOLUTION,0.000000,3600,38,0,-1,-1,0.000000,0.000000,25.912259,29.256256,584
circ20inonbal,config3,1,FAILED TO FIND AN INTEGER FEASIBLE SOLUTION,0.000000,3600,35,0,-1,-1,0.000000,0.000000,25.206213,27.705022,580
circ20inonbal,config3,2,FAILED TO FIND AN INTEGER FEASIBLE SOLUTION,0.000000,3600,36,0,-1,-1,0.000000,0.000000,25.206213,27.705022,580
circ20inonbal,config3,3,FAILED TO FIND AN INTEGER FEASIBLE SOLUTION,0.000000,3600,35,0,-1,-1,0.000000,0.000000,25.206213,27.705022,580
circ20inonbal,config20,1,FAILED TO FIND AN INTEGER FEASIBLE SOLUTION,0.000000,3600,72,0,-1,-1,0.000000,0.000000,19.406405,20.491612,571
circ20inonbal,config20,2,FAILED TO FIND AN INTEGER FEASIBLE SOLUTION,0.000000,3600,66,0,-1,-1,0.000000,0.000000,16.730868,20.949837,512
circ20inonbal,config20,3,FAILED TO FIND AN INTEGER FEASIBLE SOLUTION,0.000000,3600,69,0,-1,-1,0.000000,0.000000,20.993005,22.601656,530
circ20inonbal,config16,1,FOUND INTEGER FEASIBLE,67.754256,1995.755251,65,12,7,1,1390.000000,1390.000000,0.000000,0.000000,0
circ20inonbal,config16,2,FOUND INTEGER FEASIBLE,66.235355,1503.578567,47,12,6,1,1410.000000,1410.000000,0.000000,0.000000,0
circ20inonbal,config16,3,FOUND INTEGER FEASIBLE,66.288035,904.118535,24,12,3,1,1386.000000,1386.000000,0.000000,0.000000,0
circ20inonbal,config17,1,FOUND INTEGER FEASIBLE,261.515883,1904.461408,49,10,5,0,1528.000000,1528.000000,0.000000,0.000000,0
circ20inonbal,config17,2,FOUND INTEGER FEASIBLE,261.096626,1904.625336,50,10,5,0,1528.000000,1528.000000,0.000000,0.000000,0
circ20inonbal,config17,3,FOUND INTEGER FEASIBLE,259.157216,1902.913527,50,10,5,0,1528.000000,1528.000000,0.000000,0.000000,0
circ20inonbal,config21,1,FAILED TO FIND AN INTEGER FEASIBLE SOLUTION,319.178310,3600,145,11,11,0,0.000000,0.000000,8.908796,8.908796,511
circ20inonbal,config21,2,FAILED TO FIND AN INTEGER FEASIBLE SOLUTION,318.784040,3600,134,11,11,0,0.000000,0.000000,9.276793,9.276793,496
circ20inonbal,config21,3,FOUND INTEGER FEASIBLE,332.917798,2279.275541,94,11,6,0,1580.000000,1580.000000,0.000000,0.000000,0
circ20inonbal,config23,1,FAILED TO FIND AN INTEGER FEASIBLE SOLUTION,327.999625,3600,135,11,11,0,0.000000,0.000000,8.955113,9.679828,483
circ20inonbal,config23,2,FOUND INTEGER FEASIBLE,323.473462,3019.888886,109,11,9,0,1584.000000,1584.000000,0.000000,0.000000,0
circ20inonbal,config23,3,FOUND INTEGER FEASIBLE,321.510627,3600,104,11,8,0,1598.000000,1598.000000,0.000000,0.000000,0
circ20inonbal,config19,1,FAILED TO FIND AN INTEGER FEASIBLE SOLUTION,0.000000,3600,0,0,-1,-1,0.000000,0.000000,inf,inf,0
circ20inonbal,config19,2,FAILED TO FIND AN INTEGER FEASIBLE SOLUTION,0.000000,3600,0,0,-1,-1,0.000000,0.000000,inf,inf,0
circ20inonbal,config19,3,FAILED TO FIND AN INTEGER FEASIBLE SOLUTION,0.000000,3600,0,0,-1,-1,0.000000,0.000000,inf,inf,0
circ20inonbal,config18,1,FAILED TO FIND AN INTEGER FEASIBLE SOLUTION,0.000000,3600,0,0,-1,-1,0.000000,0.000000,inf,inf,0
circ20inonbal,config18,2,FAILED TO FIND AN INTEGER FEASIBLE SOLUTION,0.000000,3600,0,0,-1,-1,0.000000,0.000000,inf,inf,0
circ20inonbal,config18,3,FAILED TO FIND AN INTEGER FEASIBLE SOLUTION,0.000000,3600,0,0,-1,-1,0.000000,0.000000,inf,inf,0
circ20jbal,config1,1,FAILED TO FIND AN INTEGER FEASIBLE SOLUTION,0.000000,3600,37,0,-1,-1,0.000000,0.000000,31.872537,34.974379,604
circ20jbal,config1,2,FAILED TO FIND AN INTEGER FEASIBLE SOLUTION,0.000000,3600,41,0,-1,-1,0.000000,0.000000,31.872537,34.974379,604
circ20jbal,config1,3,FAILED TO FIND AN INTEGER FEASIBLE SOLUTION,0.000000,3600,40,0,-1,-1,0.000000,0.000000,31.872537,34.974379,604
circ20jbal,config3,1,FAILED TO FIND AN INTEGER FEASIBLE SOLUTION,0.000000,3600,39,0,-1,-1,0.000000,0.000000,29.344132,31.494048,609
circ20jbal,config3,2,FAILED TO FIND AN INTEGER FEASIBLE SOLUTION,0.000000,3600,36,0,-1,-1,0.000000,0.000000,29.344132,31.494048,609
circ20jbal,config3,3,FAILED TO FIND AN INTEGER FEASIBLE SOLUTION,0.000000,3600,36,0,-1,-1,0.000000,0.000000,29.344132,31.494048,609
circ20jbal,config20,1,FAILED TO FIND AN INTEGER FEASIBLE SOLUTION,0.000000,3600,74,0,-1,-1,0.000000,0.000000,29.200276,31.126618,610
circ20jbal,config20,2,FAILED TO FIND AN INTEGER FEASIBLE SOLUTION,0.000000,3600,76,0,-1,-1,0.000000,0.000000,29.200276,31.126618,610
circ20jbal,config20,3,FAILED TO FIND AN INTEGER FEASIBLE SOLUTION,0.000000,3600,67,0,-1,-1,0.000000,0.000000,29.200276,31.126618,610
circ20jbal,config16,1,FOUND INTEGER FEASIBLE,112.009634,1158.848340,29,12,4,1,1434.000000,1434.000000,0.000000,0.000000,0
circ20jbal,config16,2,FOUND INTEGER FEASIBLE,111.581322,1150.284096,30,12,4,1,1428.000000,1428.000000,0.000000,0.000000,0
circ20jbal,config16,3,FOUND INTEGER FEASIBLE,111.982291,1151.782895,27,12,4,1,1422.000000,1422.000000,0.000000,0.000000,0
circ20jbal,config17,1,FAILED TO FIND AN INTEGER FEASIBLE SOLUTION,232.610288,3600,118,12,12,0,0.000000,0.000000,7.827476,7.938572,520
circ20jbal,config17,2,FAILED TO FIND AN INTEGER FEASIBLE SOLUTION,232.967142,3600,116,12,12,0,0.000000,0.000000,10.204884,10.204884,505
circ20jbal,config17,3,FOUND INTEGER FEASIBLE,234.169955,1526.182581,46,12,4,0,1512.000000,1512.000000,0.000000,0.000000,0
circ20jbal,config21,1,FOUND INTEGER FEASIBLE,232.875065,1005.950946,21,11,2,0,1670.000000,1670.000000,0.000000,0.000000,0
circ20jbal,config21,2,FOUND INTEGER FEASIBLE,230.917752,1002.726866,21,11,2,0,1670.000000,1670.000000,0.000000,0.000000,0
circ20jbal,config21,3,FOUND INTEGER FEASIBLE,232.340376,2314.177802,63,11,7,0,1680.000000,1680.000000,0.000000,0.000000,0
circ20jbal,config23,1,FOUND INTEGER FEASIBLE,231.633654,1301.703941,39,11,3,0,1612.000000,1612.000000,0.000000,0.000000,0
circ20jbal,config23,2,FOUND INTEGER FEASIBLE,232.189285,1980.357979,68,11,6,0,1616.000000,1616.000000,0.000000,0.000000,0
circ20jbal,config23,3,FOUND INTEGER FEASIBLE,232.693232,2278.246552,70,11,7,0,1588.000000,1588.000000,0.000000,0.000000,0
circ20jbal,config19,1,FAILED TO FIND AN INTEGER FEASIBLE SOLUTION,0.000000,3600,0,0,-1,-1,0.000000,0.000000,inf,inf,0
circ20jbal,config19,2,FAILED TO FIND AN INTEGER FEASIBLE SOLUTION,0.000000,3600,0,0,-1,-1,0.000000,0.000000,inf,inf,0
circ20jbal,config19,3,FAILED TO FIND AN INTEGER FEASIBLE SOLUTION,0.000000,3600,0,0,-1,-1,0.000000,0.000000,inf,inf,0
circ20jbal,config18,1,FOUND INTEGER FEASIBLE,0.000000,1708.754205,0,0,-1,-1,1190.000000,1190.000000,0.000000,0.000000,0
circ20jbal,config18,2,FOUND INTEGER FEASIBLE,0.000000,1732.497820,0,0,-1,-1,1190.000000,1190.000000,0.000000,0.000000,0
circ20jbal,config18,3,FOUND INTEGER FEASIBLE,0.000000,1732.249171,0,0,-1,-1,1190.000000,1190.000000,0.000000,0.000000,0
circ20jnonbal,config1,1,FAILED TO FIND AN INTEGER FEASIBLE SOLUTION,0.000000,3600,35,0,-1,-1,0.000000,0.000000,32.219145,36.273140,581
circ20jnonbal,config1,2,FAILED TO FIND AN INTEGER FEASIBLE SOLUTION,0.000000,3600,35,0,-1,-1,0.000000,0.000000,32.219145,36.273140,581
circ20jnonbal,config1,3,FAILED TO FIND AN INTEGER FEASIBLE SOLUTION,0.000000,3600,37,0,-1,-1,0.000000,0.000000,32.219145,36.273140,581
circ20jnonbal,config3,1,FAILED TO FIND AN INTEGER FEASIBLE SOLUTION,0.000000,3600,30,0,-1,-1,0.000000,0.000000,29.116532,31.594745,588
circ20jnonbal,config3,2,FAILED TO FIND AN INTEGER FEASIBLE SOLUTION,0.000000,3600,29,0,-1,-1,0.000000,0.000000,29.116532,31.594745,588
circ20jnonbal,config3,3,FAILED TO FIND AN INTEGER FEASIBLE SOLUTION,0.000000,3600,22,0,-1,-1,0.000000,0.000000,29.116532,31.594745,588
circ20jnonbal,config20,1,FAILED TO FIND AN INTEGER FEASIBLE SOLUTION,0.000000,3600,67,0,-1,-1,0.000000,0.000000,18.936871,20.948018,539
circ20jnonbal,config20,2,FAILED TO FIND AN INTEGER FEASIBLE SOLUTION,0.000000,3600,66,0,-1,-1,0.000000,0.000000,18.936871,20.948018,539
circ20jnonbal,config20,3,FAILED TO FIND AN INTEGER FEASIBLE SOLUTION,0.000000,3600,66,0,-1,-1,0.000000,0.000000,18.936871,20.948018,539
circ20jnonbal,config16,1,FOUND INTEGER FEASIBLE,84.645167,1429.334495,46,11,5,1,1416.000000,1416.000000,0.000000,0.000000,0
circ20jnonbal,config16,2,FOUND INTEGER FEASIBLE,84.329428,1429.472567,46,11,5,1,1416.000000,1416.000000,0.000000,0.000000,0
circ20jnonbal,config16,3,FOUND INTEGER FEASIBLE,84.713596,1430.731706,45,11,5,1,1416.000000,1416.000000,0.000000,0.000000,0
circ20jnonbal,config17,1,FOUND INTEGER FEASIBLE,532.784447,2696.376993,59,12,8,0,1538.000000,1538.000000,0.000000,0.000000,0
circ20jnonbal,config17,2,FAILED TO FIND AN INTEGER FEASIBLE SOLUTION,530.858258,3600,85,12,12,0,0.000000,0.000000,8.010291,8.010291,527
circ20jnonbal,config17,3,FOUND INTEGER FEASIBLE,535.603935,2862.961937,66,12,9,0,1538.000000,1538.000000,0.000000,0.000000,0
circ20jnonbal,config21,1,FOUND INTEGER FEASIBLE,339.935479,1409.687670,62,11,3,0,1538.000000,1538.000000,0.000000,0.000000,0
circ20jnonbal,config21,2,FOUND INTEGER FEASIBLE,340.175821,1408.492185,62,11,3,0,1538.000000,1538.000000,0.000000,0.000000,0
circ20jnonbal,config21,3,FOUND INTEGER FEASIBLE,340.658481,1410.355023,62,11,3,0,1538.000000,1538.000000,0.000000,0.000000,0
circ20jnonbal,config23,1,FAILED TO FIND AN INTEGER FEASIBLE SOLUTION,339.684760,3600,125,11,11,0,0.000000,0.000000,10.278425,10.828652,513
circ20jnonbal,config23,2,FOUND INTEGER FEASIBLE,340.144944,1884.461600,73,11,5,0,1592.000000,1592.000000,0.000000,0.000000,0
circ20jnonbal,config23,3,FAILED TO FIND AN INTEGER FEASIBLE SOLUTION,339.976220,3600,118,11,11,0,0.000000,0.000000,8.832089,8.832089,502
circ20jnonbal,config19,1,FAILED TO FIND AN INTEGER FEASIBLE SOLUTION,0.000000,3600,0,0,-1,-1,0.000000,0.000000,inf,inf,0
circ20jnonbal,config19,2,FAILED TO FIND AN INTEGER FEASIBLE SOLUTION,0.000000,3600,0,0,-1,-1,0.000000,0.000000,inf,inf,0
circ20jnonbal,config19,3,FAILED TO FIND AN INTEGER FEASIBLE SOLUTION,0.000000,3600,0,0,-1,-1,0.000000,0.000000,inf,inf,0
circ20jnonbal,config18,1,FAILED TO FIND AN INTEGER FEASIBLE SOLUTION,0.000000,3600,0,0,-1,-1,0.000000,0.000000,inf,inf,0
circ20jnonbal,config18,2,FAILED TO FIND AN INTEGER FEASIBLE SOLUTION,0.000000,3600,0,0,-1,-1,0.000000,0.000000,inf,inf,0
circ20jnonbal,config18,3,FAILED TO FIND AN INTEGER FEASIBLE SOLUTION,0.000000,3600,0,0,-1,-1,0.000000,0.000000,inf,inf,0
