instance,config,seed,status,time_kernel,total_time,iterations,buckets,last_bucket,first_bucket,value,reopt_value,real_gap,proj_gap,num_frac
r-stop-dp-C100_3_v2_d0.25_b1,config1,1,FAILED TO FIND AN INTEGER FEASIBLE SOLUTION,0.000000,3600,350,0,-1,-1,0.000000,0.000000,13.436347,13.436347,113
r-stop-dp-C100_3_v2_d0.25_b1,config1,2,FAILED TO FIND AN INTEGER FEASIBLE SOLUTION,0.000000,3600,326,0,-1,-1,0.000000,0.000000,14.752509,14.752509,127
r-stop-dp-C100_3_v2_d0.25_b1,config1,3,FAILED TO FIND AN INTEGER FEASIBLE SOLUTION,0.000000,3600,343,0,-1,-1,0.000000,0.000000,13.100029,13.100029,99
r-stop-dp-C100_3_v2_d0.25_b1,config3,1,FOUND INTEGER FEASIBLE,0.000000,143.403770,6,0,-1,-1,0.000000,0.000000,0.000000,0.000000,0
r-stop-dp-C100_3_v2_d0.25_b1,config3,2,FOUND INTEGER FEASIBLE,0.000000,11.112840,7,0,-1,-1,0.000000,0.000000,0.000000,0.000000,0
r-stop-dp-C100_3_v2_d0.25_b1,config3,3,FOUND INTEGER FEASIBLE,0.000000,9.675839,5,0,-1,-1,0.000000,0.000000,0.000000,0.000000,0
r-stop-dp-C100_3_v2_d0.25_b1,config20,1,FAILED TO FIND AN INTEGER FEASIBLE SOLUTION,0.000000,3600,551,0,-1,-1,0.000000,0.000000,12.448758,12.448758,82
r-stop-dp-C100_3_v2_d0.25_b1,config20,2,FAILED TO FIND AN INTEGER FEASIBLE SOLUTION,0.000000,3600,538,0,-1,-1,0.000000,0.000000,11.866793,11.905062,98
r-stop-dp-C100_3_v2_d0.25_b1,config20,3,FAILED TO FIND AN INTEGER FEASIBLE SOLUTION,0.000000,3600,486,0,-1,-1,0.000000,0.000000,14.657971,14.677718,98
r-stop-dp-C100_3_v2_d0.25_b1,config16,1,FAILED TO FIND AN INTEGER FEASIBLE SOLUTION,28.541228,3600,482,12,12,0,0.000000,0.000000,1.052687,1.052687,13
r-stop-dp-C100_3_v2_d0.25_b1,config16,2,FAILED TO FIND AN INTEGER FEASIBLE SOLUTION,28.619794,3600,406,12,12,0,0.000000,0.000000,1.611812,1.611812,14
r-stop-dp-C100_3_v2_d0.25_b1,config16,3,FAILED TO FIND AN INTEGER FEASIBLE SOLUTION,27.620174,3600,426,12,12,0,0.000000,0.000000,0.936786,0.936786,7
r-stop-dp-C100_3_v2_d0.25_b1,config17,1,FOUND INTEGER FEASIBLE,1.211694,5.186676,2,10,0,0,0.000000,0.000000,0.000000,0.000000,0
r-stop-dp-C100_3_v2_d0.25_b1,config17,2,FOUND INTEGER FEASIBLE,1.202742,3.855914,1,10,0,0,0.000000,0.000000,0.000000,0.000000,0
r-stop-dp-C100_3_v2_d0.25_b1,config17,3,FOUND INTEGER FEASIBLE,1.116715,4.148783,2,10,0,0,0.000000,0.000000,0.000000,0.000000,0
r-stop-dp-C100_3_v2_d0.25_b1,config21,1,FOUND INTEGER FEASIBLE,17.435881,19.583858,0,11,0,0,0.000000,0.000000,0.000000,0.000000,0
r-stop-dp-C100_3_v2_d0.25_b1,config21,2,FOUND INTEGER FEASIBLE,17.282570,20.068697,0,11,0,0,0.000000,0.000000,0.000000,0.000000,0
r-stop-dp-C100_3_v2_d0.25_b1,config21,3,FOUND INTEGER FEASIBLE,20.272395,22.389450,0,11,0,0,0.000000,0.000000,0.000000,0.000000,0
r-stop-dp-C100_3_v2_d0.25_b1,config23,1,FOUND INTEGER FEASIBLE,19.243178,22.011927,13,11,0,0,0.000000,0.000000,0.000000,0.000000,0
r-stop-dp-C100_3_v2_d0.25_b1,config23,2,FOUND INTEGER FEASIBLE,17.121406,19.246412,15,11,0,0,0.000000,0.000000,0.000000,0.000000,0
r-stop-dp-C100_3_v2_d0.25_b1,config23,3,FOUND INTEGER FEASIBLE,17.187546,20.297092,7,11,0,0,0.000000,0.000000,0.000000,0.000000,0
r-stop-dp-C100_3_v2_d0.25_b1,config19,1,FOUND INTEGER FEASIBLE,0.000000,4.315819,0,0,-1,-1,0.000000,0.000000,0.000000,0.000000,0
r-stop-dp-C100_3_v2_d0.25_b1,config19,2,FOUND INTEGER FEASIBLE,0.000000,4.095012,0,0,-1,-1,0.000000,0.000000,0.000000,0.000000,0
r-stop-dp-C100_3_v2_d0.25_b1,config19,3,FOUND INTEGER FEASIBLE,0.000000,4.073589,0,0,-1,-1,0.000000,0.000000,0.000000,0.000000,0
r-stop-dp-C100_3_v2_d0.25_b1,config18,1,FOUND INTEGER FEASIBLE,0.000000,5.090120,0,0,-1,-1,0.000000,0.000000,0.000000,0.000000,0
r-stop-dp-C100_3_v2_d0.25_b1,config18,2,FOUND INTEGER FEASIBLE,0.000000,4.048367,0,0,-1,-1,0.000000,0.000000,0.000000,0.000000,0
r-stop-dp-C100_3_v2_d0.25_b1,config18,3,FOUND INTEGER FEASIBLE,0.000000,5.044472,0,0,-1,-1,0.000000,0.000000,0.000000,0.000000,0
r-stop-dp-C100_3_v2_d0.25_b5,config1,1,FAILED TO FIND AN INTEGER FEASIBLE SOLUTION,0.000000,3600,22,0,-1,-1,0.000000,0.000000,17.858291,17.858291,147
r-stop-dp-C100_3_v2_d0.25_b5,config1,2,FAILED TO FIND AN INTEGER FEASIBLE SOLUTION,0.000000,3600,20,0,-1,-1,0.000000,0.000000,17.859323,17.859323,136
r-stop-dp-C100_3_v2_d0.25_b5,config1,3,FAILED TO FIND AN INTEGER FEASIBLE SOLUTION,0.000000,3600,23,0,-1,-1,0.000000,0.000000,17.501185,17.501185,148
r-stop-dp-C100_3_v2_d0.25_b5,config3,1,FAILED TO FIND AN INTEGER FEASIBLE SOLUTION,0.000000,3600,1,0,-1,-1,0.000000,0.000000,1.246099,1.246099,4
r-stop-dp-C100_3_v2_d0.25_b5,config3,2,FAILED TO FIND AN INTEGER FEASIBLE SOLUTION,0.000000,3600,1,0,-1,-1,0.000000,0.000000,1.246099,1.246099,4
r-stop-dp-C100_3_v2_d0.25_b5,config3,3,FAILED TO FIND AN INTEGER FEASIBLE SOLUTION,0.000000,3600,4,0,-1,-1,0.000000,0.000000,1.239956,1.239956,7
r-stop-dp-C100_3_v2_d0.25_b5,config20,1,FAILED TO FIND AN INTEGER FEASIBLE SOLUTION,0.000000,3600,12,0,-1,-1,0.000000,0.000000,19.952535,20.262907,154
r-stop-dp-C100_3_v2_d0.25_b5,config20,2,FAILED TO FIND AN INTEGER FEASIBLE SOLUTION,0.000000,3600,12,0,-1,-1,0.000000,0.000000,19.235150,19.623203,143
r-stop-dp-C100_3_v2_d0.25_b5,config20,3,FAILED TO FIND AN INTEGER FEASIBLE SOLUTION,0.000000,3600,14,0,-1,-1,0.000000,0.000000,19.001174,19.001174,165
r-stop-dp-C100_3_v2_d0.25_b5,config16,1,FAILED TO FIND AN INTEGER FEASIBLE SOLUTION,408.918024,3600,189,12,12,0,0.000000,0.000000,13.071675,3.599574,52
r-stop-dp-C100_3_v2_d0.25_b5,config16,2,FAILED TO FIND AN INTEGER FEASIBLE SOLUTION,434.351426,3600,164,12,12,0,0.000000,0.000000,12.168069,3.622742,44
r-stop-dp-C100_3_v2_d0.25_b5,config16,3,FAILED TO FIND AN INTEGER FEASIBLE SOLUTION,441.267206,3600,202,12,12,0,0.000000,0.000000,2.812801,2.812801,22
r-stop-dp-C100_3_v2_d0.25_b5,config17,1,FOUND INTEGER FEASIBLE,26.957155,254.901126,86,8,1,0,0.000000,0.000000,0.000000,0.000000,0
r-stop-dp-C100_3_v2_d0.25_b5,config17,2,FOUND INTEGER FEASIBLE,24.333916,109.876801,84,8,1,0,0.000000,0.000000,0.000000,0.000000,0
r-stop-dp-C100_3_v2_d0.25_b5,config17,3,FOUND INTEGER FEASIBLE,26.340334,64.463052,87,8,1,0,0.000000,0.000000,0.000000,0.000000,0
r-stop-dp-C100_3_v2_d0.25_b5,config21,1,FOUND INTEGER FEASIBLE,288.717513,299.979612,2,11,0,0,0.000000,0.000000,0.000000,0.000000,0
r-stop-dp-C100_3_v2_d0.25_b5,config21,2,FOUND INTEGER FEASIBLE,304.836163,315.163000,3,11,0,0,0.000000,0.000000,0.000000,0.000000,0
r-stop-dp-C100_3_v2_d0.25_b5,config21,3,FOUND INTEGER FEASIBLE,287.618894,298.648857,3,11,0,0,0.000000,0.000000,0.000000,0.000000,0
r-stop-dp-C100_3_v2_d0.25_b5,config23,1,FOUND INTEGER FEASIBLE,296.571222,307.267907,8,11,0,0,0.000000,0.000000,0.000000,0.000000,0
r-stop-dp-C100_3_v2_d0.25_b5,config23,2,FOUND INTEGER FEASIBLE,304.731391,314.032585,5,11,0,0,0.000000,0.000000,0.000000,0.000000,0
r-stop-dp-C100_3_v2_d0.25_b5,config23,3,FOUND INTEGER FEASIBLE,286.971574,297.967639,8,11,0,0,0.000000,0.000000,0.000000,0.000000,0
r-stop-dp-C100_3_v2_d0.25_b5,config19,1,FOUND INTEGER FEASIBLE,0.000000,15.598117,0,0,-1,-1,0.000000,0.000000,0.000000,0.000000,0
r-stop-dp-C100_3_v2_d0.25_b5,config19,2,FOUND INTEGER FEASIBLE,0.000000,14.374861,0,0,-1,-1,0.000000,0.000000,0.000000,0.000000,0
r-stop-dp-C100_3_v2_d0.25_b5,config19,3,FOUND INTEGER FEASIBLE,0.000000,13.586675,0,0,-1,-1,0.000000,0.000000,0.000000,0.000000,0
r-stop-dp-C100_3_v2_d0.25_b5,config18,1,FOUND INTEGER FEASIBLE,0.000000,15.940114,0,0,-1,-1,0.000000,0.000000,0.000000,0.000000,0
r-stop-dp-C100_3_v2_d0.25_b5,config18,2,FOUND INTEGER FEASIBLE,0.000000,14.494519,0,0,-1,-1,0.000000,0.000000,0.000000,0.000000,0
r-stop-dp-C100_3_v2_d0.25_b5,config18,3,FOUND INTEGER FEASIBLE,0.000000,15.660098,0,0,-1,-1,0.000000,0.000000,0.000000,0.000000,0
r-stop-dp-C100_3_v4_d0.25_b1,config1,1,FAILED TO FIND AN INTEGER FEASIBLE SOLUTION,0.000000,3600,390,0,-1,-1,0.000000,0.000000,11.620577,11.620577,94
r-stop-dp-C100_3_v4_d0.25_b1,config1,2,FAILED TO FIND AN INTEGER FEASIBLE SOLUTION,0.000000,3600,404,0,-1,-1,0.000000,0.000000,9.950249,9.950249,83
r-stop-dp-C100_3_v4_d0.25_b1,config1,3,FAILED TO FIND AN INTEGER FEASIBLE SOLUTION,0.000000,3600,391,0,-1,-1,0.000000,0.000000,11.423201,11.423201,106
r-stop-dp-C100_3_v4_d0.25_b1,config3,1,FOUND INTEGER FEASIBLE,0.000000,131.655613,6,0,-1,-1,0.000000,0.000000,0.000000,0.000000,0
r-stop-dp-C100_3_v4_d0.25_b1,config3,2,FOUND INTEGER FEASIBLE,0.000000,10.097413,7,0,-1,-1,0.000000,0.000000,0.000000,0.000000,0
r-stop-dp-C100_3_v4_d0.25_b1,config3,3,FOUND INTEGER FEASIBLE,0.000000,8.461345,5,0,-1,-1,0.000000,0.000000,0.000000,0.000000,0
r-stop-dp-C100_3_v4_d0.25_b1,config20,1,FAILED TO FIND AN INTEGER FEASIBLE SOLUTION,0.000000,3600,630,0,-1,-1,0.000000,0.000000,8.903121,8.903121,83
r-stop-dp-C100_3_v4_d0.25_b1,config20,2,FAILED TO FIND AN INTEGER FEASIBLE SOLUTION,0.000000,3600,602,0,-1,-1,0.000000,0.000000,9.527438,9.527438,74
r-stop-dp-C100_3_v4_d0.25_b1,config20,3,FAILED TO FIND AN INTEGER FEASIBLE SOLUTION,0.000000,3600,608,0,-1,-1,0.000000,0.000000,11.581624,11.592724,92
r-stop-dp-C100_3_v4_d0.25_b1,config16,1,FAILED TO FIND AN INTEGER FEASIBLE SOLUTION,30.984627,3600,514,12,12,0,0.000000,0.000000,0.188916,0.188916,6
r-stop-dp-C100_3_v4_d0.25_b1,config16,2,FAILED TO FIND AN INTEGER FEASIBLE SOLUTION,25.453981,3600,657,13,13,1,0.000000,0.000000,12.260045,12.509352,88
r-stop-dp-C100_3_v4_d0.25_b1,config16,3,FOUND INTEGER FEASIBLE,32.866065,804.759901,210,12,4,0,-268.876870,-294.023160,0.000000,0.000000,0
r-stop-dp-C100_3_v4_d0.25_b1,config17,1,FOUND INTEGER FEASIBLE,1.201896,4.129750,2,10,0,0,0.000000,0.000000,0.000000,0.000000,0
r-stop-dp-C100_3_v4_d0.25_b1,config17,2,FOUND INTEGER FEASIBLE,1.198295,3.346698,1,10,0,0,0.000000,0.000000,0.000000,0.000000,0
r-stop-dp-C100_3_v4_d0.25_b1,config17,3,FOUND INTEGER FEASIBLE,1.200699,3.345104,2,10,0,0,0.000000,0.000000,0.000000,0.000000,0
r-stop-dp-C100_3_v4_d0.25_b1,config21,1,FOUND INTEGER FEASIBLE,14.382687,17.622525,3,11,0,0,0.000000,0.000000,0.000000,0.000000,0
r-stop-dp-C100_3_v4_d0.25_b1,config21,2,FOUND INTEGER FEASIBLE,16.382601,20.023087,2,11,0,0,0.000000,0.000000,0.000000,0.000000,0
r-stop-dp-C100_3_v4_d0.25_b1,config21,3,FOUND INTEGER FEASIBLE,15.689851,17.888339,6,11,0,0,0.000000,0.000000,0.000000,0.000000,0
r-stop-dp-C100_3_v4_d0.25_b1,config23,1,FOUND INTEGER FEASIBLE,16.584937,20.526467,6,11,0,0,0.000000,0.000000,0.000000,0.000000,0
r-stop-dp-C100_3_v4_d0.25_b1,config23,2,FOUND INTEGER FEASIBLE,15.076943,18.265651,7,11,0,0,0.000000,0.000000,0.000000,0.000000,0
r-stop-dp-C100_3_v4_d0.25_b1,config23,3,FOUND INTEGER FEASIBLE,14.142340,16.319209,5,11,0,0,0.000000,0.000000,0.000000,0.000000,0
r-stop-dp-C100_3_v4_d0.25_b1,config19,1,FOUND INTEGER FEASIBLE,0.000000,4.048343,0,0,-1,-1,0.000000,0.000000,0.000000,0.000000,0
r-stop-dp-C100_3_v4_d0.25_b1,config19,2,FOUND INTEGER FEASIBLE,0.000000,4.069444,0,0,-1,-1,0.000000,0.000000,0.000000,0.000000,0
r-stop-dp-C100_3_v4_d0.25_b1,config19,3,FOUND INTEGER FEASIBLE,0.000000,3.773711,0,0,-1,-1,0.000000,0.000000,0.000000,0.000000,0
r-stop-dp-C100_3_v4_d0.25_b1,config18,1,FOUND INTEGER FEASIBLE,0.000000,5.114219,0,0,-1,-1,0.000000,0.000000,0.000000,0.000000,0
r-stop-dp-C100_3_v4_d0.25_b1,config18,2,FOUND INTEGER FEASIBLE,0.000000,5.038956,0,0,-1,-1,0.000000,0.000000,0.000000,0.000000,0
r-stop-dp-C100_3_v4_d0.25_b1,config18,3,FOUND INTEGER FEASIBLE,0.000000,5.041739,0,0,-1,-1,0.000000,0.000000,0.000000,0.000000,0
r-stop-dp-C100_3_v4_d0.25_b5,config1,1,FAILED TO FIND AN INTEGER FEASIBLE SOLUTION,0.000000,3600,26,0,-1,-1,0.000000,0.000000,15.207716,15.207716,127
r-stop-dp-C100_3_v4_d0.25_b5,config1,2,FAILED TO FIND AN INTEGER FEASIBLE SOLUTION,0.000000,3600,18,0,-1,-1,0.000000,0.000000,15.366789,15.366789,147
r-stop-dp-C100_3_v4_d0.25_b5,config1,3,FAILED TO FIND AN INTEGER FEASIBLE SOLUTION,0.000000,3600,32,0,-1,-1,0.000000,0.000000,14.714236,14.714236,136
r-stop-dp-C100_3_v4_d0.25_b5,config3,1,FAILED TO FIND AN INTEGER FEASIBLE SOLUTION,0.000000,3600,3,0,-1,-1,0.000000,0.000000,1.197174,1.197174,9
r-stop-dp-C100_3_v4_d0.25_b5,config3,2,FAILED TO FIND AN INTEGER FEASIBLE SOLUTION,0.000000,3600,3,0,-1,-1,0.000000,0.000000,1.197174,1.197174,9
r-stop-dp-C100_3_v4_d0.25_b5,config3,3,FAILED TO FIND AN INTEGER FEASIBLE SOLUTION,0.000000,3600,2,0,-1,-1,0.000000,0.000000,1.246099,1.246099,4
r-stop-dp-C100_3_v4_d0.25_b5,config20,1,FAILED TO FIND AN INTEGER FEASIBLE SOLUTION,0.000000,3600,23,0,-1,-1,0.000000,0.000000,16.218250,16.218250,142
r-stop-dp-C100_3_v4_d0.25_b5,config20,2,FAILED TO FIND AN INTEGER FEASIBLE SOLUTION,0.000000,3600,20,0,-1,-1,0.000000,0.000000,16.825060,16.825060,140
r-stop-dp-C100_3_v4_d0.25_b5,config20,3,FAILED TO FIND AN INTEGER FEASIBLE SOLUTION,0.000000,3600,14,0,-1,-1,0.000000,0.000000,17.496204,17.650315,142
r-stop-dp-C100_3_v4_d0.25_b5,config16,1,FAILED TO FIND AN INTEGER FEASIBLE SOLUTION,445.294688,3600,62,12,12,1,0.000000,0.000000,15.178906,15.234149,136
r-stop-dp-C100_3_v4_d0.25_b5,config16,2,FAILED TO FIND AN INTEGER FEASIBLE SOLUTION,421.842721,3600,57,12,12,1,0.000000,0.000000,14.068749,14.068749,137
r-stop-dp-C100_3_v4_d0.25_b5,config16,3,FAILED TO FIND AN INTEGER FEASIBLE SOLUTION,438.877303,3600,54,12,12,1,0.000000,0.000000,15.146239,15.146239,143
r-stop-dp-C100_3_v4_d0.25_b5,config17,1,FOUND INTEGER FEASIBLE,27.948810,267.911460,86,8,1,0,0.000000,0.000000,0.000000,0.000000,0
r-stop-dp-C100_3_v4_d0.25_b5,config17,2,FOUND INTEGER FEASIBLE,25.360690,123.127038,84,8,1,0,0.000000,0.000000,0.000000,0.000000,0
r-stop-dp-C100_3_v4_d0.25_b5,config17,3,FOUND INTEGER FEASIBLE,29.134053,69.551751,87,8,1,0,0.000000,0.000000,0.000000,0.000000,0
r-stop-dp-C100_3_v4_d0.25_b5,config21,1,FOUND INTEGER FEASIBLE,815.584935,1323.929809,96,11,3,0,0.000000,0.000000,0.000000,0.000000,0
r-stop-dp-C100_3_v4_d0.25_b5,config21,2,FOUND INTEGER FEASIBLE,810.576920,2749.689909,113,11,9,0,0.000000,0.000000,0.000000,0.000000,0
r-stop-dp-C100_3_v4_d0.25_b5,config21,3,FOUND INTEGER FEASIBLE,819.630396,1332.524748,93,11,3,0,0.000000,0.000000,0.000000,0.000000,0
r-stop-dp-C100_3_v4_d0.25_b5,config23,1,FOUND INTEGER FEASIBLE,809.984328,1319.601977,93,11,3,0,0.000000,0.000000,0.000000,0.000000,0
r-stop-dp-C100_3_v4_d0.25_b5,config23,2,FOUND INTEGER FEASIBLE,821.834496,1336.653143,90,11,3,0,0.000000,0.000000,0.000000,0.000000,0
r-stop-dp-C100_3_v4_d0.25_b5,config23,3,FOUND INTEGER FEASIBLE,823.528719,1336.889239,93,11,3,0,0.000000,0.000000,0.000000,0.000000,0
r-stop-dp-C100_3_v4_d0.25_b5,config19,1,FOUND INTEGER FEASIBLE,0.000000,15.278677,0,0,-1,-1,0.000000,0.000000,0.000000,0.000000,0
r-stop-dp-C100_3_v4_d0.25_b5,config19,2,FOUND INTEGER FEASIBLE,0.000000,13.708251,0,0,-1,-1,0.000000,0.000000,0.000000,0.000000,0
r-stop-dp-C100_3_v4_d0.25_b5,config19,3,FOUND INTEGER FEASIBLE,0.000000,13.946551,0,0,-1,-1,0.000000,0.000000,0.000000,0.000000,0
r-stop-dp-C100_3_v4_d0.25_b5,config18,1,FOUND INTEGER FEASIBLE,0.000000,15.722301,0,0,-1,-1,0.000000,0.000000,0.000000,0.000000,0
r-stop-dp-C100_3_v4_d0.25_b5,config18,2,FOUND INTEGER FEASIBLE,0.000000,15.607089,0,0,-1,-1,0.000000,0.000000,0.000000,0.000000,0
r-stop-dp-C100_3_v4_d0.25_b5,config18,3,FOUND INTEGER FEASIBLE,0.000000,15.480109,0,0,-1,-1,0.000000,0.000000,0.000000,0.000000,0
r-stop-dp-C100_4_v2_d0.25_b1,config1,1,FAILED TO FIND AN INTEGER FEASIBLE SOLUTION,0.000000,3600,350,0,-1,-1,0.000000,0.000000,5.605072,5.605072,99
r-stop-dp-C100_4_v2_d0.25_b1,config1,2,FAILED TO FIND AN INTEGER FEASIBLE SOLUTION,0.000000,3600,388,0,-1,-1,0.000000,0.000000,5.303814,5.303814,108
r-stop-dp-C100_4_v2_d0.25_b1,config1,3,FAILED TO FIND AN INTEGER FEASIBLE SOLUTION,0.000000,3600,348,0,-1,-1,0.000000,0.000000,5.864547,5.864547,116
r-stop-dp-C100_4_v2_d0.25_b1,config3,1,FAILED TO FIND AN INTEGER FEASIBLE SOLUTION,0.000000,3600,92,0,-1,-1,0.000000,0.000000,0.499674,0.499674,7
r-stop-dp-C100_4_v2_d0.25_b1,config3,2,FAILED TO FIND AN INTEGER FEASIBLE SOLUTION,0.000000,3600,90,0,-1,-1,0.000000,0.000000,0.499674,0.499674,7
r-stop-dp-C100_4_v2_d0.25_b1,config3,3,FOUND INTEGER FEASIBLE,0.000000,11.729540,6,0,-1,-1,0.000000,0.000000,0.000000,0.000000,0
r-stop-dp-C100_4_v2_d0.25_b1,config20,1,FAILED TO FIND AN INTEGER FEASIBLE SOLUTION,0.000000,3600,520,0,-1,-1,0.000000,0.000000,5.465152,5.465152,82
r-stop-dp-C100_4_v2_d0.25_b1,config20,2,FAILED TO FIND AN INTEGER FEASIBLE SOLUTION,0.000000,3600,562,0,-1,-1,0.000000,0.000000,5.956353,5.956353,78
r-stop-dp-C100_4_v2_d0.25_b1,config20,3,FAILED TO FIND AN INTEGER FEASIBLE SOLUTION,0.000000,3600,260,0,-1,-1,0.000000,0.000000,5.906013,5.906013,97
r-stop-dp-C100_4_v2_d0.25_b1,config16,1,FAILED TO FIND AN INTEGER FEASIBLE SOLUTION,15.819237,3600,328,10,10,0,0.000000,0.000000,0.489676,0.489676,7
r-stop-dp-C100_4_v2_d0.25_b1,config16,2,FAILED TO FIND AN INTEGER FEASIBLE SOLUTION,18.447380,3600,354,10,10,0,0.000000,0.000000,0.591830,0.591830,7
r-stop-dp-C100_4_v2_d0.25_b1,config16,3,FAILED TO FIND AN INTEGER FEASIBLE SOLUTION,16.748532,3600,359,10,10,0,0.000000,0.000000,0.286074,0.286074,6
r-stop-dp-C100_4_v2_d0.25_b1,config17,1,FOUND INTEGER FEASIBLE,1.571087,5.552622,2,8,0,0,0.000000,0.000000,0.000000,0.000000,0
r-stop-dp-C100_4_v2_d0.25_b1,config17,2,FOUND INTEGER FEASIBLE,1.370754,4.211256,2,8,0,0,0.000000,0.000000,0.000000,0.000000,0
r-stop-dp-C100_4_v2_d0.25_b1,config17,3,FOUND INTEGER FEASIBLE,1.358252,4.518225,2,8,0,0,0.000000,0.000000,0.000000,0.000000,0
r-stop-dp-C100_4_v2_d0.25_b1,config21,1,FOUND INTEGER FEASIBLE,34.662240,37.846540,1,11,0,0,0.000000,0.000000,0.000000,0.000000,0
r-stop-dp-C100_4_v2_d0.25_b1,config21,2,FOUND INTEGER FEASIBLE,36.484757,38.691018,1,11,0,0,0.000000,0.000000,0.000000,0.000000,0
r-stop-dp-C100_4_v2_d0.25_b1,config21,3,FOUND INTEGER FEASIBLE,38.360766,41.329919,1,11,0,0,0.000000,0.000000,0.000000,0.000000,0
r-stop-dp-C100_4_v2_d0.25_b1,config23,1,FOUND INTEGER FEASIBLE,34.833666,37.143691,7,11,0,0,0.000000,0.000000,0.000000,0.000000,0
r-stop-dp-C100_4_v2_d0.25_b1,config23,2,FOUND INTEGER FEASIBLE,33.221093,36.382213,8,11,0,0,0.000000,0.000000,0.000000,0.000000,0
r-stop-dp-C100_4_v2_d0.25_b1,config23,3,FOUND INTEGER FEASIBLE,34.376624,37.578844,13,11,0,0,0.000000,0.000000,0.000000,0.000000,0
r-stop-dp-C100_4_v2_d0.25_b1,config19,1,FOUND INTEGER FEASIBLE,0.000000,4.353638,0,0,-1,-1,0.000000,0.000000,0.000000,0.000000,0
r-stop-dp-C100_4_v2_d0.25_b1,config19,2,FOUND INTEGER FEASIBLE,0.000000,4.034578,0,0,-1,-1,0.000000,0.000000,0.000000,0.000000,0
r-stop-dp-C100_4_v2_d0.25_b1,config19,3,FOUND INTEGER FEASIBLE,0.000000,4.143915,0,0,-1,-1,0.000000,0.000000,0.000000,0.000000,0
r-stop-dp-C100_4_v2_d0.25_b1,config18,1,FOUND INTEGER FEASIBLE,0.000000,5.101522,0,0,-1,-1,0.000000,0.000000,0.000000,0.000000,0
r-stop-dp-C100_4_v2_d0.25_b1,config18,2,FOUND INTEGER FEASIBLE,0.000000,5.006883,0,0,-1,-1,0.000000,0.000000,0.000000,0.000000,0
r-stop-dp-C100_4_v2_d0.25_b1,config18,3,FOUND INTEGER FEASIBLE,0.000000,5.017824,0,0,-1,-1,0.000000,0.000000,0.000000,0.000000,0
r-stop-dp-C100_4_v2_d0.25_b5,config1,1,FAILED TO FIND AN INTEGER FEASIBLE SOLUTION,0.000000,3600,19,0,-1,-1,0.000000,0.000000,7.449484,7.449484,137
r-stop-dp-C100_4_v2_d0.25_b5,config1,2,FAILED TO FIND AN INTEGER FEASIBLE SOLUTION,0.000000,3600,20,0,-1,-1,0.000000,0.000000,7.508686,7.508686,141
r-stop-dp-C100_4_v2_d0.25_b5,config1,3,FAILED TO FIND AN INTEGER FEASIBLE SOLUTION,0.000000,3600,14,0,-1,-1,0.000000,0.000000,7.477448,7.477448,139
r-stop-dp-C100_4_v2_d0.25_b5,config3,1,FAILED TO FIND AN INTEGER FEASIBLE SOLUTION,0.000000,3600,1,0,-1,-1,0.000000,0.000000,0.563993,0.563993,7
r-stop-dp-C100_4_v2_d0.25_b5,config3,2,FAILED TO FIND AN INTEGER FEASIBLE SOLUTION,0.000000,3600,1,0,-1,-1,0.000000,0.000000,0.563993,0.563993,7
r-stop-dp-C100_4_v2_d0.25_b5,config3,3,FAILED TO FIND AN INTEGER FEASIBLE SOLUTION,0.000000,3600,2,0,-1,-1,0.000000,0.000000,0.557834,0.557834,9
r-stop-dp-C100_4_v2_d0.25_b5,config20,1,FAILED TO FIND AN INTEGER FEASIBLE SOLUTION,0.000000,3600,22,0,-1,-1,0.000000,0.000000,6.976577,6.976577,135
r-stop-dp-C100_4_v2_d0.25_b5,config20,2,FAILED TO FIND AN INTEGER FEASIBLE SOLUTION,0.000000,3600,21,0,-1,-1,0.000000,0.000000,7.891522,7.891522,167
r-stop-dp-C100_4_v2_d0.25_b5,config20,3,FAILED TO FIND AN INTEGER FEASIBLE SOLUTION,0.000000,3600,24,0,-1,-1,0.000000,0.000000,7.411111,7.411111,136
r-stop-dp-C100_4_v2_d0.25_b5,config16,1,FAILED TO FIND AN INTEGER FEASIBLE SOLUTION,226.120363,3600,180,11,11,0,0.000000,0.000000,6.882548,1.357477,42
r-stop-dp-C100_4_v2_d0.25_b5,config16,2,FAILED TO FIND AN INTEGER FEASIBLE SOLUTION,247.551173,3600,234,10,10,0,0.000000,0.000000,6.862289,1.352412,42
r-stop-dp-C100_4_v2_d0.25_b5,config16,3,FAILED TO FIND AN INTEGER FEASIBLE SOLUTION,249.809458,3600,193,10,10,0,0.000000,0.000000,6.862289,1.352412,42
r-stop-dp-C100_4_v2_d0.25_b5,config17,1,FOUND INTEGER FEASIBLE,14.877422,25.760660,3,10,0,0,0.000000,0.000000,0.000000,0.000000,0
r-stop-dp-C100_4_v2_d0.25_b5,config17,2,FOUND INTEGER FEASIBLE,16.348654,25.811363,3,10,0,0,0.000000,0.000000,0.000000,0.000000,0
r-stop-dp-C100_4_v2_d0.25_b5,config17,3,FOUND INTEGER FEASIBLE,15.204658,24.452756,3,10,0,0,0.000000,0.000000,0.000000,0.000000,0
r-stop-dp-C100_4_v2_d0.25_b5,config21,1,FOUND INTEGER FEASIBLE,633.763914,643.035560,1,11,0,0,0.000000,0.000000,0.000000,0.000000,0
r-stop-dp-C100_4_v2_d0.25_b5,config21,2,FOUND INTEGER FEASIBLE,600.217659,610.788829,1,11,0,0,0.000000,0.000000,0.000000,0.000000,0
r-stop-dp-C100_4_v2_d0.25_b5,config21,3,FOUND INTEGER FEASIBLE,621.928920,633.144594,1,11,0,0,0.000000,0.000000,0.000000,0.000000,0
r-stop-dp-C100_4_v2_d0.25_b5,config23,1,FOUND INTEGER FEASIBLE,602.212091,611.455769,2,11,0,0,0.000000,0.000000,0.000000,0.000000,0
r-stop-dp-C100_4_v2_d0.25_b5,config23,2,FOUND INTEGER FEASIBLE,620.896309,630.850732,2,11,0,0,0.000000,0.000000,0.000000,0.000000,0
r-stop-dp-C100_4_v2_d0.25_b5,config23,3,FOUND INTEGER FEASIBLE,615.085421,624.089202,2,11,0,0,0.000000,0.000000,0.000000,0.000000,0
r-stop-dp-C100_4_v2_d0.25_b5,config19,1,FOUND INTEGER FEASIBLE,0.000000,14.788529,0,0,-1,-1,0.000000,0.000000,0.000000,0.000000,0
r-stop-dp-C100_4_v2_d0.25_b5,config19,2,FOUND INTEGER FEASIBLE,0.000000,14.037970,0,0,-1,-1,0.000000,0.000000,0.000000,0.000000,0
r-stop-dp-C100_4_v2_d0.25_b5,config19,3,FOUND INTEGER FEASIBLE,0.000000,14.355258,0,0,-1,-1,0.000000,0.000000,0.000000,0.000000,0
r-stop-dp-C100_4_v2_d0.25_b5,config18,1,FOUND INTEGER FEASIBLE,0.000000,15.707568,0,0,-1,-1,0.000000,0.000000,0.000000,0.000000,0
r-stop-dp-C100_4_v2_d0.25_b5,config18,2,FOUND INTEGER FEASIBLE,0.000000,15.517515,0,0,-1,-1,0.000000,0.000000,0.000000,0.000000,0
r-stop-dp-C100_4_v2_d0.25_b5,config18,3,FOUND INTEGER FEASIBLE,0.000000,15.406213,0,0,-1,-1,0.000000,0.000000,0.000000,0.000000,0
r-stop-dp-C100_4_v4_d0.25_b1,config1,1,FAILED TO FIND AN INTEGER FEASIBLE SOLUTION,0.000000,3600,437,0,-1,-1,0.000000,0.000000,4.734673,4.734673,80
r-stop-dp-C100_4_v4_d0.25_b1,config1,2,FAILED TO FIND AN INTEGER FEASIBLE SOLUTION,0.000000,3600,393,0,-1,-1,0.000000,0.000000,5.269417,5.269417,97
r-stop-dp-C100_4_v4_d0.25_b1,config1,3,FAILED TO FIND AN INTEGER FEASIBLE SOLUTION,0.000000,3600,401,0,-1,-1,0.000000,0.000000,4.769116,4.769116,92
r-stop-dp-C100_4_v4_d0.25_b1,config3,1,FAILED TO FIND AN INTEGER FEASIBLE SOLUTION,0.000000,3600,160,0,-1,-1,0.000000,0.000000,0.499674,0.499674,7
r-stop-dp-C100_4_v4_d0.25_b1,config3,2,FAILED TO FIND AN INTEGER FEASIBLE SOLUTION,0.000000,3600,152,0,-1,-1,0.000000,0.000000,0.499674,0.499674,7
r-stop-dp-C100_4_v4_d0.25_b1,config3,3,FOUND INTEGER FEASIBLE,0.000000,12.605797,6,0,-1,-1,0.000000,0.000000,0.000000,0.000000,0
r-stop-dp-C100_4_v4_d0.25_b1,config20,1,FAILED TO FIND AN INTEGER FEASIBLE SOLUTION,0.000000,3600,664,0,-1,-1,0.000000,0.000000,4.063843,4.063843,73
r-stop-dp-C100_4_v4_d0.25_b1,config20,2,FAILED TO FIND AN INTEGER FEASIBLE SOLUTION,0.000000,3600,649,0,-1,-1,0.000000,0.000000,4.264665,4.264665,82
r-stop-dp-C100_4_v4_d0.25_b1,config20,3,FAILED TO FIND AN INTEGER FEASIBLE SOLUTION,0.000000,3600,460,0,-1,-1,0.000000,0.000000,4.154569,4.154569,65
r-stop-dp-C100_4_v4_d0.25_b1,config16,1,FOUND INTEGER FEASIBLE,12.539450,1725.370566,375,12,8,0,-135.903030,-192.969730,0.000000,0.000000,0
r-stop-dp-C100_4_v4_d0.25_b1,config16,2,FOUND INTEGER FEASIBLE,11.675785,299.217024,213,12,3,0,-118.469440,-277.939900,0.000000,0.000000,0
r-stop-dp-C100_4_v4_d0.25_b1,config16,3,FOUND INTEGER FEASIBLE,13.495372,1218.324801,319,12,6,0,-214.231100,-259.360650,0.000000,0.000000,0
r-stop-dp-C100_4_v4_d0.25_b1,config17,1,FOUND INTEGER FEASIBLE,1.510978,4.790084,2,8,0,0,0.000000,0.000000,0.000000,0.000000,0
r-stop-dp-C100_4_v4_d0.25_b1,config17,2,FOUND INTEGER FEASIBLE,1.375062,3.586788,2,8,0,0,0.000000,0.000000,0.000000,0.000000,0
r-stop-dp-C100_4_v4_d0.25_b1,config17,3,FOUND INTEGER FEASIBLE,1.355579,3.531384,2,8,0,0,0.000000,0.000000,0.000000,0.000000,0
r-stop-dp-C100_4_v4_d0.25_b1,config21,1,FOUND INTEGER FEASIBLE,14.609662,17.816523,0,11,0,0,0.000000,0.000000,0.000000,0.000000,0
r-stop-dp-C100_4_v4_d0.25_b1,config21,2,FOUND INTEGER FEASIBLE,15.583995,18.788038,0,11,0,0,0.000000,0.000000,0.000000,0.000000,0
r-stop-dp-C100_4_v4_d0.25_b1,config21,3,FOUND INTEGER FEASIBLE,13.028179,16.259516,0,11,0,0,0.000000,0.000000,0.000000,0.000000,0
r-stop-dp-C100_4_v4_d0.25_b1,config23,1,FOUND INTEGER FEASIBLE,12.996479,15.214357,5,11,0,0,0.000000,0.000000,0.000000,0.000000,0
r-stop-dp-C100_4_v4_d0.25_b1,config23,2,FOUND INTEGER FEASIBLE,14.158883,16.386464,7,11,0,0,0.000000,0.000000,0.000000,0.000000,0
r-stop-dp-C100_4_v4_d0.25_b1,config23,3,FOUND INTEGER FEASIBLE,13.170250,15.418707,5,11,0,0,0.000000,0.000000,0.000000,0.000000,0
r-stop-dp-C100_4_v4_d0.25_b1,config19,1,FOUND INTEGER FEASIBLE,0.000000,4.366489,0,0,-1,-1,0.000000,0.000000,0.000000,0.000000,0
r-stop-dp-C100_4_v4_d0.25_b1,config19,2,FOUND INTEGER FEASIBLE,0.000000,4.088016,0,0,-1,-1,0.000000,0.000000,0.000000,0.000000,0
r-stop-dp-C100_4_v4_d0.25_b1,config19,3,FOUND INTEGER FEASIBLE,0.000000,4.100327,0,0,-1,-1,0.000000,0.000000,0.000000,0.000000,0
r-stop-dp-C100_4_v4_d0.25_b1,config18,1,FOUND INTEGER FEASIBLE,0.000000,4.824333,0,0,-1,-1,0.000000,0.000000,0.000000,0.000000,0
r-stop-dp-C100_4_v4_d0.25_b1,config18,2,FOUND INTEGER FEASIBLE,0.000000,4.980023,0,0,-1,-1,0.000000,0.000000,0.000000,0.000000,0
r-stop-dp-C100_4_v4_d0.25_b1,config18,3,FOUND INTEGER FEASIBLE,0.000000,5.025543,0,0,-1,-1,0.000000,0.000000,0.000000,0.000000,0
r-stop-dp-C100_4_v4_d0.25_b5,config1,1,FAILED TO FIND AN INTEGER FEASIBLE SOLUTION,0.000000,3600,18,0,-1,-1,0.000000,0.000000,6.837951,6.837951,144
r-stop-dp-C100_4_v4_d0.25_b5,config1,2,FAILED TO FIND AN INTEGER FEASIBLE SOLUTION,0.000000,3600,16,0,-1,-1,0.000000,0.000000,6.777274,6.777274,133
r-stop-dp-C100_4_v4_d0.25_b5,config1,3,FAILED TO FIND AN INTEGER FEASIBLE SOLUTION,0.000000,3600,25,0,-1,-1,0.000000,0.000000,6.102642,6.102642,119
r-stop-dp-C100_4_v4_d0.25_b5,config3,1,FAILED TO FIND AN INTEGER FEASIBLE SOLUTION,0.000000,3600,1,0,-1,-1,0.000000,0.000000,0.554846,0.554846,7
r-stop-dp-C100_4_v4_d0.25_b5,config3,2,FAILED TO FIND AN INTEGER FEASIBLE SOLUTION,0.000000,3600,1,0,-1,-1,0.000000,0.000000,0.554846,0.554846,7
r-stop-dp-C100_4_v4_d0.25_b5,config3,3,FAILED TO FIND AN INTEGER FEASIBLE SOLUTION,0.000000,3600,1,0,-1,-1,0.000000,0.000000,0.558033,0.558033,9
r-stop-dp-C100_4_v4_d0.25_b5,config20,1,FAILED TO FIND AN INTEGER FEASIBLE SOLUTION,0.000000,3600,25,0,-1,-1,0.000000,0.000000,6.253219,6.253219,122
r-stop-dp-C100_4_v4_d0.25_b5,config20,2,FAILED TO FIND AN INTEGER FEASIBLE SOLUTION,0.000000,3600,21,0,-1,-1,0.000000,0.000000,6.997412,6.997412,127
r-stop-dp-C100_4_v4_d0.25_b5,config20,3,FAILED TO FIND AN INTEGER FEASIBLE SOLUTION,0.000000,3600,25,0,-1,-1,0.000000,0.000000,6.253978,6.253978,86
r-stop-dp-C100_4_v4_d0.25_b5,config16,1,FAILED TO FIND AN INTEGER FEASIBLE SOLUTION,149.948557,3600,196,12,12,1,0.000000,0.000000,1.992849,1.992849,45
r-stop-dp-C100_4_v4_d0.25_b5,config16,2,FAILED TO FIND AN INTEGER FEASIBLE SOLUTION,148.900286,3600,171,12,12,1,0.000000,0.000000,1.407311,1.407311,41
r-stop-dp-C100_4_v4_d0.25_b5,config16,3,FAILED TO FIND AN INTEGER FEASIBLE SOLUTION,148.515748,3600,181,12,12,1,0.000000,0.000000,1.861692,1.861692,45
r-stop-dp-C100_4_v4_d0.25_b5,config17,1,FOUND INTEGER FEASIBLE,14.482015,25.741645,0,10,0,0,0.000000,0.000000,0.000000,0.000000,0
r-stop-dp-C100_4_v4_d0.25_b5,config17,2,FOUND INTEGER FEASIBLE,11.312263,21.042348,0,11,0,0,0.000000,0.000000,0.000000,0.000000,0
r-stop-dp-C100_4_v4_d0.25_b5,config17,3,FOUND INTEGER FEASIBLE,14.351281,23.187244,0,10,0,0,0.000000,0.000000,0.000000,0.000000,0
r-stop-dp-C100_4_v4_d0.25_b5,config21,1,FOUND INTEGER FEASIBLE,537.020811,547.168790,12,11,0,0,0.000000,0.000000,0.000000,0.000000,0
r-stop-dp-C100_4_v4_d0.25_b5,config21,2,FOUND INTEGER FEASIBLE,549.717641,559.001796,11,11,0,0,0.000000,0.000000,0.000000,0.000000,0
r-stop-dp-C100_4_v4_d0.25_b5,config21,3,FOUND INTEGER FEASIBLE,531.043015,541.673997,32,11,0,0,0.000000,0.000000,0.000000,0.000000,0
r-stop-dp-C100_4_v4_d0.25_b5,config23,1,FOUND INTEGER FEASIBLE,523.311991,532.960794,14,11,0,0,0.000000,0.000000,0.000000,0.000000,0
r-stop-dp-C100_4_v4_d0.25_b5,config23,2,FOUND INTEGER FEASIBLE,520.390829,530.097002,8,11,0,0,0.000000,0.000000,0.000000,0.000000,0
r-stop-dp-C100_4_v4_d0.25_b5,config23,3,FOUND INTEGER FEASIBLE,537.952138,547.092254,21,11,0,0,0.000000,0.000000,0.000000,0.000000,0
r-stop-dp-C100_4_v4_d0.25_b5,config19,1,FOUND INTEGER FEASIBLE,0.000000,14.414661,0,0,-1,-1,0.000000,0.000000,0.000000,0.000000,0
r-stop-dp-C100_4_v4_d0.25_b5,config19,2,FOUND INTEGER FEASIBLE,0.000000,13.816894,0,0,-1,-1,0.000000,0.000000,0.000000,0.000000,0
r-stop-dp-C100_4_v4_d0.25_b5,config19,3,FOUND INTEGER FEASIBLE,0.000000,13.750496,0,0,-1,-1,0.000000,0.000000,0.000000,0.000000,0
r-stop-dp-C100_4_v4_d0.25_b5,config18,1,FOUND INTEGER FEASIBLE,0.000000,15.648899,0,0,-1,-1,0.000000,0.000000,0.000000,0.000000,0
r-stop-dp-C100_4_v4_d0.25_b5,config18,2,FOUND INTEGER FEASIBLE,0.000000,15.591703,0,0,-1,-1,0.000000,0.000000,0.000000,0.000000,0
r-stop-dp-C100_4_v4_d0.25_b5,config18,3,FOUND INTEGER FEASIBLE,0.000000,15.439798,0,0,-1,-1,0.000000,0.000000,0.000000,0.000000,0
r-stop-dp-C50_3_v2_d0.25_b1,config1,1,FAILED TO FIND AN INTEGER FEASIBLE SOLUTION,0.000000,3600,6768,0,-1,-1,0.000000,0.000000,1.143356,1.143356,10
r-stop-dp-C50_3_v2_d0.25_b1,config1,2,FAILED TO FIND AN INTEGER FEASIBLE SOLUTION,0.000000,3600,6123,0,-1,-1,0.000000,0.000000,1.113927,1.113927,19
r-stop-dp-C50_3_v2_d0.25_b1,config1,3,FAILED TO FIND AN INTEGER FEASIBLE SOLUTION,0.000000,3600,6211,0,-1,-1,0.000000,0.000000,1.165345,1.165345,15
r-stop-dp-C50_3_v2_d0.25_b1,config3,1,FOUND INTEGER FEASIBLE,0.000000,4.150269,14,0,-1,-1,-44.685410,-52.906890,0.000000,0.000000,0
r-stop-dp-C50_3_v2_d0.25_b1,config3,2,FAILED TO FIND AN INTEGER FEASIBLE SOLUTION,0.000000,3600,6733,0,-1,-1,0.000000,0.000000,0.676767,0.676767,6
r-stop-dp-C50_3_v2_d0.25_b1,config3,3,FOUND INTEGER FEASIBLE,0.000000,1.509703,5,0,-1,-1,0.000000,0.000000,0.000000,0.000000,0
r-stop-dp-C50_3_v2_d0.25_b1,config20,1,FAILED TO FIND AN INTEGER FEASIBLE SOLUTION,0.000000,3600,8552,0,-1,-1,0.000000,0.000000,0.938426,0.938426,16
r-stop-dp-C50_3_v2_d0.25_b1,config20,2,FAILED TO FIND AN INTEGER FEASIBLE SOLUTION,0.000000,3600,8409,0,-1,-1,0.000000,0.000000,1.160588,1.160588,10
r-stop-dp-C50_3_v2_d0.25_b1,config20,3,FAILED TO FIND AN INTEGER FEASIBLE SOLUTION,0.000000,3600,8859,0,-1,-1,0.000000,0.000000,1.004366,1.004366,10
r-stop-dp-C50_3_v2_d0.25_b1,config16,1,FOUND INTEGER FEASIBLE,3.260684,104.038399,375,10,3,0,-120.723120,-133.856140,0.000000,0.000000,0
r-stop-dp-C50_3_v2_d0.25_b1,config16,2,FOUND INTEGER FEASIBLE,3.811097,244.031958,781,10,8,0,-48.943590,-66.882700,0.000000,0.000000,0
r-stop-dp-C50_3_v2_d0.25_b1,config16,3,FOUND INTEGER FEASIBLE,2.847078,102.939563,345,10,4,0,-116.552380,-140.399740,0.000000,0.000000,0
r-stop-dp-C50_3_v2_d0.25_b1,config17,1,FOUND INTEGER FEASIBLE,0.168701,0.568306,0,2,0,0,0.000000,0.000000,0.000000,0.000000,0
r-stop-dp-C50_3_v2_d0.25_b1,config17,2,FOUND INTEGER FEASIBLE,0.165796,0.572059,0,2,0,0,0.000000,0.000000,0.000000,0.000000,0
r-stop-dp-C50_3_v2_d0.25_b1,config17,3,FOUND INTEGER FEASIBLE,0.227422,0.743680,0,2,0,0,0.000000,0.000000,0.000000,0.000000,0
r-stop-dp-C50_3_v2_d0.25_b1,config21,1,FOUND INTEGER FEASIBLE,1.982990,2.496981,0,11,0,0,0.000000,0.000000,0.000000,0.000000,0
r-stop-dp-C50_3_v2_d0.25_b1,config21,2,FOUND INTEGER FEASIBLE,1.991765,2.521800,0,11,0,0,0.000000,0.000000,0.000000,0.000000,0
r-stop-dp-C50_3_v2_d0.25_b1,config21,3,FOUND INTEGER FEASIBLE,2.014043,2.545741,0,11,0,0,0.000000,0.000000,0.000000,0.000000,0
r-stop-dp-C50_3_v2_d0.25_b1,config23,1,FOUND INTEGER FEASIBLE,2.026368,2.538481,5,11,0,0,0.000000,0.000000,0.000000,0.000000,0
r-stop-dp-C50_3_v2_d0.25_b1,config23,2,FOUND INTEGER FEASIBLE,1.245202,1.521589,7,11,0,0,0.000000,0.000000,0.000000,0.000000,0
r-stop-dp-C50_3_v2_d0.25_b1,config23,3,FOUND INTEGER FEASIBLE,1.255906,1.537723,5,11,0,0,0.000000,0.000000,0.000000,0.000000,0
r-stop-dp-C50_3_v2_d0.25_b1,config19,1,FOUND INTEGER FEASIBLE,0.000000,0.555731,0,0,-1,-1,0.000000,0.000000,0.000000,0.000000,0
r-stop-dp-C50_3_v2_d0.25_b1,config19,2,FOUND INTEGER FEASIBLE,0.000000,0.517132,0,0,-1,-1,0.000000,0.000000,0.000000,0.000000,0
r-stop-dp-C50_3_v2_d0.25_b1,config19,3,FOUND INTEGER FEASIBLE,0.000000,0.514676,0,0,-1,-1,0.000000,0.000000,0.000000,0.000000,0
r-stop-dp-C50_3_v2_d0.25_b1,config18,1,FOUND INTEGER FEASIBLE,0.000000,0.981686,0,0,-1,-1,0.000000,0.000000,0.000000,0.000000,0
r-stop-dp-C50_3_v2_d0.25_b1,config18,2,FOUND INTEGER FEASIBLE,0.000000,0.949990,0,0,-1,-1,0.000000,0.000000,0.000000,0.000000,0
r-stop-dp-C50_3_v2_d0.25_b1,config18,3,FOUND INTEGER FEASIBLE,0.000000,0.951213,0,0,-1,-1,0.000000,0.000000,0.000000,0.000000,0
r-stop-dp-C50_3_v2_d0.25_b5,config1,1,FAILED TO FIND AN INTEGER FEASIBLE SOLUTION,0.000000,3600,605,0,-1,-1,0.000000,0.000000,3.422661,3.422661,29
r-stop-dp-C50_3_v2_d0.25_b5,config1,2,FAILED TO FIND AN INTEGER FEASIBLE SOLUTION,0.000000,3600,467,0,-1,-1,0.000000,0.000000,4.432785,4.432785,41
r-stop-dp-C50_3_v2_d0.25_b5,config1,3,FOUND INTEGER FEASIBLE,0.000000,3488.568662,528,0,-1,-1,-91.249180,-122.028130,0.000000,0.000000,0
r-stop-dp-C50_3_v2_d0.25_b5,config3,1,FAILED TO FIND AN INTEGER FEASIBLE SOLUTION,0.000000,3600,244,0,-1,-1,0.000000,0.000000,0.676767,0.676767,6
r-stop-dp-C50_3_v2_d0.25_b5,config3,2,FOUND INTEGER FEASIBLE,0.000000,29.343272,10,0,-1,-1,-21.357350,-31.086600,0.000000,0.000000,0
r-stop-dp-C50_3_v2_d0.25_b5,config3,3,FOUND INTEGER FEASIBLE,0.000000,66.053844,5,0,-1,-1,0.000000,0.000000,0.000000,0.000000,0
r-stop-dp-C50_3_v2_d0.25_b5,config20,1,FAILED TO FIND AN INTEGER FEASIBLE SOLUTION,0.000000,3600,838,0,-1,-1,0.000000,0.000000,0.894418,0.894418,14
r-stop-dp-C50_3_v2_d0.25_b5,config20,2,FAILED TO FIND AN INTEGER FEASIBLE SOLUTION,0.000000,3600,622,0,-1,-1,0.000000,0.000000,0.936799,0.936799,10
r-stop-dp-C50_3_v2_d0.25_b5,config20,3,FAILED TO FIND AN INTEGER FEASIBLE SOLUTION,0.000000,3600,448,0,-1,-1,0.000000,0.000000,3.192329,3.192329,38
r-stop-dp-C50_3_v2_d0.25_b5,config16,1,FOUND INTEGER FEASIBLE,23.051647,250.628453,208,10,2,0,-85.257560,-92.503960,0.000000,0.000000,0
r-stop-dp-C50_3_v2_d0.25_b5,config16,2,FOUND INTEGER FEASIBLE,22.168496,616.771229,328,10,3,0,-101.662960,-105.175750,0.000000,0.000000,0
r-stop-dp-C50_3_v2_d0.25_b5,config16,3,FOUND INTEGER FEASIBLE,22.965634,998.672577,389,10,4,0,-83.493850,-91.950070,0.000000,0.000000,0
r-stop-dp-C50_3_v2_d0.25_b5,config17,1,FOUND INTEGER FEASIBLE,0.810806,2.726617,0,2,0,0,0.000000,0.000000,0.000000,0.000000,0
r-stop-dp-C50_3_v2_d0.25_b5,config17,2,FOUND INTEGER FEASIBLE,0.698011,1.687086,0,2,0,0,0.000000,0.000000,0.000000,0.000000,0
r-stop-dp-C50_3_v2_d0.25_b5,config17,3,FOUND INTEGER FEASIBLE,0.855098,2.652650,0,2,0,0,0.000000,0.000000,0.000000,0.000000,0
r-stop-dp-C50_3_v2_d0.25_b5,config21,1,FOUND INTEGER FEASIBLE,114.459402,115.882528,0,11,0,0,0.000000,0.000000,0.000000,0.000000,0
r-stop-dp-C50_3_v2_d0.25_b5,config21,2,FOUND INTEGER FEASIBLE,114.440341,116.259025,0,11,0,0,0.000000,0.000000,0.000000,0.000000,0
r-stop-dp-C50_3_v2_d0.25_b5,config21,3,FOUND INTEGER FEASIBLE,109.195673,110.201682,0,11,0,0,0.000000,0.000000,0.000000,0.000000,0
r-stop-dp-C50_3_v2_d0.25_b5,config23,1,FOUND INTEGER FEASIBLE,122.813216,124.566291,2,11,0,0,0.000000,0.000000,0.000000,0.000000,0
r-stop-dp-C50_3_v2_d0.25_b5,config23,2,FOUND INTEGER FEASIBLE,113.694620,115.453443,2,11,0,0,0.000000,0.000000,0.000000,0.000000,0
r-stop-dp-C50_3_v2_d0.25_b5,config23,3,FOUND INTEGER FEASIBLE,116.340073,118.164707,2,11,0,0,0.000000,0.000000,0.000000,0.000000,0
r-stop-dp-C50_3_v2_d0.25_b5,config19,1,FOUND INTEGER FEASIBLE,0.000000,2.405794,0,0,-1,-1,0.000000,0.000000,0.000000,0.000000,0
r-stop-dp-C50_3_v2_d0.25_b5,config19,2,FOUND INTEGER FEASIBLE,0.000000,1.984712,0,0,-1,-1,0.000000,0.000000,0.000000,0.000000,0
r-stop-dp-C50_3_v2_d0.25_b5,config19,3,FOUND INTEGER FEASIBLE,0.000000,1.964832,0,0,-1,-1,0.000000,0.000000,0.000000,0.000000,0
r-stop-dp-C50_3_v2_d0.25_b5,config18,1,FOUND INTEGER FEASIBLE,0.000000,2.723804,0,0,-1,-1,0.000000,0.000000,0.000000,0.000000,0
r-stop-dp-C50_3_v2_d0.25_b5,config18,2,FOUND INTEGER FEASIBLE,0.000000,2.834811,0,0,-1,-1,0.000000,0.000000,0.000000,0.000000,0
r-stop-dp-C50_3_v2_d0.25_b5,config18,3,FOUND INTEGER FEASIBLE,0.000000,2.804137,0,0,-1,-1,0.000000,0.000000,0.000000,0.000000,0
r-stop-dp-C50_3_v4_d0.25_b1,config1,1,FAILED TO FIND AN INTEGER FEASIBLE SOLUTION,0.000000,3600,6004,0,-1,-1,0.000000,0.000000,0.119435,0.119435,4
r-stop-dp-C50_3_v4_d0.25_b1,config1,2,FAILED TO FIND AN INTEGER FEASIBLE SOLUTION,0.000000,3600,5626,0,-1,-1,0.000000,0.000000,0.236241,0.236241,6
r-stop-dp-C50_3_v4_d0.25_b1,config1,3,FAILED TO FIND AN INTEGER FEASIBLE SOLUTION,0.000000,3600,4436,0,-1,-1,0.000000,0.000000,0.223665,0.223665,6
r-stop-dp-C50_3_v4_d0.25_b1,config3,1,FOUND INTEGER FEASIBLE,0.000000,4.386160,14,0,-1,-1,-44.685410,-52.906890,0.000000,0.000000,0
r-stop-dp-C50_3_v4_d0.25_b1,config3,2,FOUND INTEGER FEASIBLE,0.000000,8.816822,22,0,-1,-1,-122.409070,-128.672610,0.000000,0.000000,0
r-stop-dp-C50_3_v4_d0.25_b1,config3,3,FOUND INTEGER FEASIBLE,0.000000,1.635770,5,0,-1,-1,0.000000,0.000000,0.000000,0.000000,0
r-stop-dp-C50_3_v4_d0.25_b1,config20,1,FOUND INTEGER FEASIBLE,0.000000,2952.155417,6343,0,-1,-1,-135.148900,-167.539460,0.000000,0.000000,0
r-stop-dp-C50_3_v4_d0.25_b1,config20,2,FAILED TO FIND AN INTEGER FEASIBLE SOLUTION,0.000000,3600,7916,0,-1,-1,0.000000,0.000000,0.147552,0.147552,6
r-stop-dp-C50_3_v4_d0.25_b1,config20,3,FAILED TO FIND AN INTEGER FEASIBLE SOLUTION,0.000000,3600,5942,0,-1,-1,0.000000,0.000000,0.238229,0.238229,7
r-stop-dp-C50_3_v4_d0.25_b1,config16,1,FOUND INTEGER FEASIBLE,2.000414,64.036353,193,11,2,0,-146.407350,-156.107070,0.000000,0.000000,0
r-stop-dp-C50_3_v4_d0.25_b1,config16,2,FOUND INTEGER FEASIBLE,2.005753,64.057913,168,11,2,0,-93.133520,-93.945190,0.000000,0.000000,0
r-stop-dp-C50_3_v4_d0.25_b1,config16,3,FOUND INTEGER FEASIBLE,2.775691,67.356982,170,11,2,0,-71.881540,-92.017540,0.000000,0.000000,0
r-stop-dp-C50_3_v4_d0.25_b1,config17,1,FOUND INTEGER FEASIBLE,0.104826,0.444358,0,2,0,0,0.000000,0.000000,0.000000,0.000000,0
r-stop-dp-C50_3_v4_d0.25_b1,config17,2,FOUND INTEGER FEASIBLE,0.201658,0.845222,0,2,0,0,0.000000,0.000000,0.000000,0.000000,0
r-stop-dp-C50_3_v4_d0.25_b1,config17,3,FOUND INTEGER FEASIBLE,0.198330,0.856302,0,2,0,0,0.000000,0.000000,0.000000,0.000000,0
r-stop-dp-C50_3_v4_d0.25_b1,config21,1,FOUND INTEGER FEASIBLE,2.356154,2.769640,0,11,0,0,0.000000,0.000000,0.000000,0.000000,0
r-stop-dp-C50_3_v4_d0.25_b1,config21,2,FOUND INTEGER FEASIBLE,1.772166,2.048103,0,11,0,0,0.000000,0.000000,0.000000,0.000000,0
r-stop-dp-C50_3_v4_d0.25_b1,config21,3,FOUND INTEGER FEASIBLE,2.540716,3.030888,0,11,0,0,0.000000,0.000000,0.000000,0.000000,0
r-stop-dp-C50_3_v4_d0.25_b1,config23,1,FOUND INTEGER FEASIBLE,2.483242,3.001385,5,12,0,0,0.000000,0.000000,0.000000,0.000000,0
r-stop-dp-C50_3_v4_d0.25_b1,config23,2,FOUND INTEGER FEASIBLE,2.529717,3.043994,7,11,0,0,0.000000,0.000000,0.000000,0.000000,0
r-stop-dp-C50_3_v4_d0.25_b1,config23,3,FOUND INTEGER FEASIBLE,2.540585,3.052015,5,11,0,0,0.000000,0.000000,0.000000,0.000000,0
r-stop-dp-C50_3_v4_d0.25_b1,config19,1,FOUND INTEGER FEASIBLE,0.000000,0.785483,0,0,-1,-1,-19.503840,-19.503840,0.000000,0.000000,0
r-stop-dp-C50_3_v4_d0.25_b1,config19,2,FOUND INTEGER FEASIBLE,0.000000,0.737505,0,0,-1,-1,-19.503840,-19.503840,0.000000,0.000000,0
r-stop-dp-C50_3_v4_d0.25_b1,config19,3,FOUND INTEGER FEASIBLE,0.000000,0.736653,0,0,-1,-1,-19.503840,-19.503840,0.000000,0.000000,0
r-stop-dp-C50_3_v4_d0.25_b1,config18,1,FOUND INTEGER FEASIBLE,0.000000,0.978991,0,0,-1,-1,-19.503840,-19.503840,0.000000,0.000000,0
r-stop-dp-C50_3_v4_d0.25_b1,config18,2,FOUND INTEGER FEASIBLE,0.000000,0.950906,0,0,-1,-1,-19.503840,-19.503840,0.000000,0.000000,0
r-stop-dp-C50_3_v4_d0.25_b1,config18,3,FOUND INTEGER FEASIBLE,0.000000,0.948804,0,0,-1,-1,-19.503840,-19.503840,0.000000,0.000000,0
r-stop-dp-C50_3_v4_d0.25_b5,config1,1,FAILED TO FIND AN INTEGER FEASIBLE SOLUTION,0.000000,3600,536,0,-1,-1,0.000000,0.000000,0.667377,0.667377,6
r-stop-dp-C50_3_v4_d0.25_b5,config1,2,FAILED TO FIND AN INTEGER FEASIBLE SOLUTION,0.000000,3600,471,0,-1,-1,0.000000,0.000000,1.288485,1.288485,16
r-stop-dp-C50_3_v4_d0.25_b5,config1,3,FAILED TO FIND AN INTEGER FEASIBLE SOLUTION,0.000000,3600,612,0,-1,-1,0.000000,0.000000,1.345989,1.345989,12
r-stop-dp-C50_3_v4_d0.25_b5,config3,1,FOUND INTEGER FEASIBLE,0.000000,766.979689,115,0,-1,-1,-145.146940,-167.257850,0.000000,0.000000,0
r-stop-dp-C50_3_v4_d0.25_b5,config3,2,FOUND INTEGER FEASIBLE,0.000000,29.144015,10,0,-1,-1,-21.357350,-31.086600,0.000000,0.000000,0
r-stop-dp-C50_3_v4_d0.25_b5,config3,3,FOUND INTEGER FEASIBLE,0.000000,71.296720,5,0,-1,-1,0.000000,0.000000,0.000000,0.000000,0
r-stop-dp-C50_3_v4_d0.25_b5,config20,1,FAILED TO FIND AN INTEGER FEASIBLE SOLUTION,0.000000,3600,607,0,-1,-1,0.000000,0.000000,0.834980,0.834980,7
r-stop-dp-C50_3_v4_d0.25_b5,config20,2,FOUND INTEGER FEASIBLE,0.000000,1424.718614,361,0,-1,-1,-118.526350,-141.666310,0.000000,0.000000,0
r-stop-dp-C50_3_v4_d0.25_b5,config20,3,FOUND INTEGER FEASIBLE,0.000000,1979.903183,547,0,-1,-1,-182.738300,-209.104560,0.000000,0.000000,0
r-stop-dp-C50_3_v4_d0.25_b5,config16,1,FOUND INTEGER FEASIBLE,21.219046,259.023037,196,11,2,0,-103.115930,-131.114350,0.000000,0.000000,0
r-stop-dp-C50_3_v4_d0.25_b5,config16,2,FOUND INTEGER FEASIBLE,19.926906,129.135182,175,11,2,0,-76.358080,-78.175310,0.000000,0.000000,0
r-stop-dp-C50_3_v4_d0.25_b5,config16,3,FOUND INTEGER FEASIBLE,19.068568,162.489414,183,11,2,0,-71.917070,-112.326570,0.000000,0.000000,0
r-stop-dp-C50_3_v4_d0.25_b5,config17,1,FOUND INTEGER FEASIBLE,0.996110,3.009850,0,2,0,0,0.000000,0.000000,0.000000,0.000000,0
r-stop-dp-C50_3_v4_d0.25_b5,config17,2,FOUND INTEGER FEASIBLE,1.077717,3.375881,0,2,0,0,0.000000,0.000000,0.000000,0.000000,0
r-stop-dp-C50_3_v4_d0.25_b5,config17,3,FOUND INTEGER FEASIBLE,0.803980,2.513117,0,2,0,0,0.000000,0.000000,0.000000,0.000000,0
r-stop-dp-C50_3_v4_d0.25_b5,config21,1,FOUND INTEGER FEASIBLE,19.846981,21.708040,0,11,0,0,0.000000,0.000000,0.000000,0.000000,0
r-stop-dp-C50_3_v4_d0.25_b5,config21,2,FOUND INTEGER FEASIBLE,20.066573,21.901223,0,11,0,0,0.000000,0.000000,0.000000,0.000000,0
r-stop-dp-C50_3_v4_d0.25_b5,config21,3,FOUND INTEGER FEASIBLE,18.089391,19.152330,0,11,0,0,0.000000,0.000000,0.000000,0.000000,0
r-stop-dp-C50_3_v4_d0.25_b5,config23,1,FOUND INTEGER FEASIBLE,17.864866,19.716800,5,11,0,0,0.000000,0.000000,0.000000,0.000000,0
r-stop-dp-C50_3_v4_d0.25_b5,config23,2,FOUND INTEGER FEASIBLE,17.480351,19.317569,5,11,0,0,0.000000,0.000000,0.000000,0.000000,0
r-stop-dp-C50_3_v4_d0.25_b5,config23,3,FOUND INTEGER FEASIBLE,17.503250,19.314467,5,11,0,0,0.000000,0.000000,0.000000,0.000000,0
r-stop-dp-C50_3_v4_d0.25_b5,config19,1,FOUND INTEGER FEASIBLE,0.000000,2.383407,0,0,-1,-1,-19.503840,-19.503840,0.000000,0.000000,0
r-stop-dp-C50_3_v4_d0.25_b5,config19,2,FOUND INTEGER FEASIBLE,0.000000,2.429100,0,0,-1,-1,-19.503840,-19.503840,0.000000,0.000000,0
r-stop-dp-C50_3_v4_d0.25_b5,config19,3,FOUND INTEGER FEASIBLE,0.000000,2.454006,0,0,-1,-1,-19.503840,-19.503840,0.000000,0.000000,0
r-stop-dp-C50_3_v4_d0.25_b5,config18,1,FOUND INTEGER FEASIBLE,0.000000,2.698453,0,0,-1,-1,-19.503840,-19.503840,0.000000,0.000000,0
r-stop-dp-C50_3_v4_d0.25_b5,config18,2,FOUND INTEGER FEASIBLE,0.000000,2.700865,0,0,-1,-1,-19.503840,-19.503840,0.000000,0.000000,0
r-stop-dp-C50_3_v4_d0.25_b5,config18,3,FOUND INTEGER FEASIBLE,0.000000,2.683181,0,0,-1,-1,-19.503840,-19.503840,0.000000,0.000000,0
r-stop-dp-C50_4_v2_d0.25_b1,config1,1,FAILED TO FIND AN INTEGER FEASIBLE SOLUTION,0.000000,3600,5470,0,-1,-1,0.000000,0.000000,0.479405,0.479405,12
r-stop-dp-C50_4_v2_d0.25_b1,config1,2,FAILED TO FIND AN INTEGER FEASIBLE SOLUTION,0.000000,3600,5087,0,-1,-1,0.000000,0.000000,0.618098,0.618098,12
r-stop-dp-C50_4_v2_d0.25_b1,config1,3,FAILED TO FIND AN INTEGER FEASIBLE SOLUTION,0.000000,3600,4944,0,-1,-1,0.000000,0.000000,0.448150,0.448150,8
r-stop-dp-C50_4_v2_d0.25_b1,config3,1,FOUND INTEGER FEASIBLE,0.000000,3.323893,9,0,-1,-1,-30.703540,-30.703540,0.000000,0.000000,0
r-stop-dp-C50_4_v2_d0.25_b1,config3,2,FOUND INTEGER FEASIBLE,0.000000,3.080537,10,0,-1,-1,-21.357350,-31.454100,0.000000,0.000000,0
r-stop-dp-C50_4_v2_d0.25_b1,config3,3,FOUND INTEGER FEASIBLE,0.000000,1.711320,5,0,-1,-1,0.000000,0.000000,0.000000,0.000000,0
r-stop-dp-C50_4_v2_d0.25_b1,config20,1,FAILED TO FIND AN INTEGER FEASIBLE SOLUTION,0.000000,3600,7262,0,-1,-1,0.000000,0.000000,0.683020,0.683020,14
r-stop-dp-C50_4_v2_d0.25_b1,config20,2,FAILED TO FIND AN INTEGER FEASIBLE SOLUTION,0.000000,3600,6384,0,-1,-1,0.000000,0.000000,0.386038,0.386038,8
r-stop-dp-C50_4_v2_d0.25_b1,config20,3,FAILED TO FIND AN INTEGER FEASIBLE SOLUTION,0.000000,3600,7152,0,-1,-1,0.000000,0.000000,0.488847,0.488847,12
r-stop-dp-C50_4_v2_d0.25_b1,config16,1,FOUND INTEGER FEASIBLE,2.514326,387.774282,795,12,8,0,-46.358300,-80.744350,0.000000,0.000000,0
r-stop-dp-C50_4_v2_d0.25_b1,config16,2,FOUND INTEGER FEASIBLE,2.974383,164.809711,399,12,4,0,-106.426480,-131.902100,0.000000,0.000000,0
r-stop-dp-C50_4_v2_d0.25_b1,config16,3,FOUND INTEGER FEASIBLE,2.530050,96.177633,269,12,3,0,-71.211510,-128.007760,0.000000,0.000000,0
r-stop-dp-C50_4_v2_d0.25_b1,config17,1,FOUND INTEGER FEASIBLE,0.351359,0.860028,0,2,0,0,0.000000,0.000000,0.000000,0.000000,0
r-stop-dp-C50_4_v2_d0.25_b1,config17,2,FOUND INTEGER FEASIBLE,0.354839,0.863527,0,2,0,0,0.000000,0.000000,0.000000,0.000000,0
r-stop-dp-C50_4_v2_d0.25_b1,config17,3,FOUND INTEGER FEASIBLE,0.357629,0.865133,0,2,0,0,0.000000,0.000000,0.000000,0.000000,0
r-stop-dp-C50_4_v2_d0.25_b1,config21,1,FOUND INTEGER FEASIBLE,2.428813,2.984366,2,11,0,0,0.000000,0.000000,0.000000,0.000000,0
r-stop-dp-C50_4_v2_d0.25_b1,config21,2,FOUND INTEGER FEASIBLE,2.574369,3.094484,1,11,0,0,0.000000,0.000000,0.000000,0.000000,0
r-stop-dp-C50_4_v2_d0.25_b1,config21,3,FOUND INTEGER FEASIBLE,2.602233,3.116756,2,11,0,0,0.000000,0.000000,0.000000,0.000000,0
r-stop-dp-C50_4_v2_d0.25_b1,config23,1,FOUND INTEGER FEASIBLE,2.584529,3.105491,0,11,0,0,0.000000,0.000000,0.000000,0.000000,0
r-stop-dp-C50_4_v2_d0.25_b1,config23,2,FOUND INTEGER FEASIBLE,2.563664,3.097817,0,11,0,0,0.000000,0.000000,0.000000,0.000000,0
r-stop-dp-C50_4_v2_d0.25_b1,config23,3,FOUND INTEGER FEASIBLE,2.571391,3.107020,0,11,0,0,0.000000,0.000000,0.000000,0.000000,0
r-stop-dp-C50_4_v2_d0.25_b1,config19,1,FOUND INTEGER FEASIBLE,0.000000,0.624949,0,0,-1,-1,0.000000,0.000000,0.000000,0.000000,0
r-stop-dp-C50_4_v2_d0.25_b1,config19,2,FOUND INTEGER FEASIBLE,0.000000,0.749219,0,0,-1,-1,0.000000,0.000000,0.000000,0.000000,0
r-stop-dp-C50_4_v2_d0.25_b1,config19,3,FOUND INTEGER FEASIBLE,0.000000,0.738164,0,0,-1,-1,0.000000,0.000000,0.000000,0.000000,0
r-stop-dp-C50_4_v2_d0.25_b1,config18,1,FOUND INTEGER FEASIBLE,0.000000,0.977473,0,0,-1,-1,0.000000,0.000000,0.000000,0.000000,0
r-stop-dp-C50_4_v2_d0.25_b1,config18,2,FOUND INTEGER FEASIBLE,0.000000,0.948030,0,0,-1,-1,0.000000,0.000000,0.000000,0.000000,0
r-stop-dp-C50_4_v2_d0.25_b1,config18,3,FOUND INTEGER FEASIBLE,0.000000,0.948847,0,0,-1,-1,0.000000,0.000000,0.000000,0.000000,0
r-stop-dp-C50_4_v2_d0.25_b5,config1,1,FAILED TO FIND AN INTEGER FEASIBLE SOLUTION,0.000000,3600,459,0,-1,-1,0.000000,0.000000,0.995539,0.995539,20
r-stop-dp-C50_4_v2_d0.25_b5,config1,2,FAILED TO FIND AN INTEGER FEASIBLE SOLUTION,0.000000,3600,279,0,-1,-1,0.000000,0.000000,2.401574,2.401574,38
r-stop-dp-C50_4_v2_d0.25_b5,config1,3,FAILED TO FIND AN INTEGER FEASIBLE SOLUTION,0.000000,3600,324,0,-1,-1,0.000000,0.000000,1.915124,1.915124,22
r-stop-dp-C50_4_v2_d0.25_b5,config3,1,FAILED TO FIND AN INTEGER FEASIBLE SOLUTION,0.000000,3600,85,0,-1,-1,0.000000,0.000000,0.319242,0.319242,6
r-stop-dp-C50_4_v2_d0.25_b5,config3,2,FOUND INTEGER FEASIBLE,0.000000,118.216590,10,0,-1,-1,-21.357350,-31.086600,0.000000,0.000000,0
r-stop-dp-C50_4_v2_d0.25_b5,config3,3,FOUND INTEGER FEASIBLE,0.000000,67.458139,5,0,-1,-1,0.000000,0.000000,0.000000,0.000000,0
r-stop-dp-C50_4_v2_d0.25_b5,config20,1,FAILED TO FIND AN INTEGER FEASIBLE SOLUTION,0.000000,3600,452,0,-1,-1,0.000000,0.000000,1.657870,1.657870,37
r-stop-dp-C50_4_v2_d0.25_b5,config20,2,FAILED TO FIND AN INTEGER FEASIBLE SOLUTION,0.000000,3600,419,0,-1,-1,0.000000,0.000000,1.050619,1.050619,29
r-stop-dp-C50_4_v2_d0.25_b5,config20,3,FAILED TO FIND AN INTEGER FEASIBLE SOLUTION,0.000000,3600,568,0,-1,-1,0.000000,0.000000,1.507342,1.507342,25
r-stop-dp-C50_4_v2_d0.25_b5,config16,1,FOUND INTEGER FEASIBLE,7.200094,25.302179,203,12,2,0,-64.032250,-128.755230,0.000000,0.000000,0
r-stop-dp-C50_4_v2_d0.25_b5,config16,2,FOUND INTEGER FEASIBLE,8.136065,19.233373,192,12,2,0,-37.240620,-105.102260,0.000000,0.000000,0
r-stop-dp-C50_4_v2_d0.25_b5,config16,3,FOUND INTEGER FEASIBLE,7.929452,18.359080,205,12,2,0,-37.240620,-105.102260,0.000000,0.000000,0
r-stop-dp-C50_4_v2_d0.25_b5,config17,1,FOUND INTEGER FEASIBLE,0.969255,1.948148,0,2,0,0,0.000000,0.000000,0.000000,0.000000,0
r-stop-dp-C50_4_v2_d0.25_b5,config17,2,FOUND INTEGER FEASIBLE,1.120626,2.912302,0,2,0,0,0.000000,0.000000,0.000000,0.000000,0
r-stop-dp-C50_4_v2_d0.25_b5,config17,3,FOUND INTEGER FEASIBLE,1.197788,2.558337,0,2,0,0,0.000000,0.000000,0.000000,0.000000,0
r-stop-dp-C50_4_v2_d0.25_b5,config21,1,FOUND INTEGER FEASIBLE,22.032482,23.865667,0,10,0,0,0.000000,0.000000,0.000000,0.000000,0
r-stop-dp-C50_4_v2_d0.25_b5,config21,2,FOUND INTEGER FEASIBLE,21.682076,22.691673,0,10,0,0,0.000000,0.000000,0.000000,0.000000,0
r-stop-dp-C50_4_v2_d0.25_b5,config21,3,FOUND INTEGER FEASIBLE,21.569558,23.374643,0,10,0,0,0.000000,0.000000,0.000000,0.000000,0
r-stop-dp-C50_4_v2_d0.25_b5,config23,1,FOUND INTEGER FEASIBLE,24.826899,25.839107,6,10,0,0,0.000000,0.000000,0.000000,0.000000,0
r-stop-dp-C50_4_v2_d0.25_b5,config23,2,FOUND INTEGER FEASIBLE,22.023381,23.028257,5,10,0,0,0.000000,0.000000,0.000000,0.000000,0
r-stop-dp-C50_4_v2_d0.25_b5,config23,3,FOUND INTEGER FEASIBLE,25.068347,26.795647,5,10,0,0,0.000000,0.000000,0.000000,0.000000,0
r-stop-dp-C50_4_v2_d0.25_b5,config19,1,FOUND INTEGER FEASIBLE,0.000000,2.287640,0,0,-1,-1,0.000000,0.000000,0.000000,0.000000,0
r-stop-dp-C50_4_v2_d0.25_b5,config19,2,FOUND INTEGER FEASIBLE,0.000000,2.306418,0,0,-1,-1,0.000000,0.000000,0.000000,0.000000,0
r-stop-dp-C50_4_v2_d0.25_b5,config19,3,FOUND INTEGER FEASIBLE,0.000000,2.355449,0,0,-1,-1,0.000000,0.000000,0.000000,0.000000,0
r-stop-dp-C50_4_v2_d0.25_b5,config18,1,FOUND INTEGER FEASIBLE,0.000000,2.727990,0,0,-1,-1,0.000000,0.000000,0.000000,0.000000,0
r-stop-dp-C50_4_v2_d0.25_b5,config18,2,FOUND INTEGER FEASIBLE,0.000000,2.822497,0,0,-1,-1,0.000000,0.000000,0.000000,0.000000,0
r-stop-dp-C50_4_v2_d0.25_b5,config18,3,FOUND INTEGER FEASIBLE,0.000000,2.831967,0,0,-1,-1,0.000000,0.000000,0.000000,0.000000,0
r-stop-dp-C50_4_v4_d0.25_b1,config1,1,FOUND INTEGER FEASIBLE,0.000000,850.249953,1124,0,-1,-1,-132.799860,-232.352920,0.000000,0.000000,0
r-stop-dp-C50_4_v4_d0.25_b1,config1,2,FAILED TO FIND AN INTEGER FEASIBLE SOLUTION,0.000000,3600,4229,0,-1,-1,0.000000,0.000000,0.155917,0.155917,6
r-stop-dp-C50_4_v4_d0.25_b1,config1,3,FAILED TO FIND AN INTEGER FEASIBLE SOLUTION,0.000000,3600,4122,0,-1,-1,0.000000,0.000000,0.155297,0.155297,6
r-stop-dp-C50_4_v4_d0.25_b1,config3,1,FOUND INTEGER FEASIBLE,0.000000,3.317763,9,0,-1,-1,-30.703540,-30.703540,0.000000,0.000000,0
r-stop-dp-C50_4_v4_d0.25_b1,config3,2,FOUND INTEGER FEASIBLE,0.000000,3.059769,10,0,-1,-1,-21.357350,-31.454100,0.000000,0.000000,0
r-stop-dp-C50_4_v4_d0.25_b1,config3,3,FOUND INTEGER FEASIBLE,0.000000,1.701348,5,0,-1,-1,0.000000,0.000000,0.000000,0.000000,0
r-stop-dp-C50_4_v4_d0.25_b1,config20,1,FAILED TO FIND AN INTEGER FEASIBLE SOLUTION,0.000000,3600,6163,0,-1,-1,0.000000,0.000000,0.145339,0.145339,6
r-stop-dp-C50_4_v4_d0.25_b1,config20,2,FAILED TO FIND AN INTEGER FEASIBLE SOLUTION,0.000000,3600,6094,0,-1,-1,0.000000,0.000000,0.273934,0.273934,12
r-stop-dp-C50_4_v4_d0.25_b1,config20,3,FAILED TO FIND AN INTEGER FEASIBLE SOLUTION,0.000000,3600,5944,0,-1,-1,0.000000,0.000000,0.192213,0.192213,6
r-stop-dp-C50_4_v4_d0.25_b1,config16,1,FOUND INTEGER FEASIBLE,2.402456,319.021879,778,10,8,1,-225.597440,-270.344080,0.000000,0.000000,0
r-stop-dp-C50_4_v4_d0.25_b1,config16,2,FOUND INTEGER FEASIBLE,2.414775,230.088754,638,10,6,1,-121.816440,-172.330290,0.000000,0.000000,0
r-stop-dp-C50_4_v4_d0.25_b1,config16,3,FAILED TO FIND AN INTEGER FEASIBLE SOLUTION,1.329636,3600,6118,11,11,1,0.000000,0.000000,0.042722,0.042722,6
r-stop-dp-C50_4_v4_d0.25_b1,config17,1,FOUND INTEGER FEASIBLE,0.150461,0.658168,0,2,0,0,0.000000,0.000000,0.000000,0.000000,0
r-stop-dp-C50_4_v4_d0.25_b1,config17,2,FOUND INTEGER FEASIBLE,0.150002,0.629017,0,2,0,0,0.000000,0.000000,0.000000,0.000000,0
r-stop-dp-C50_4_v4_d0.25_b1,config17,3,FOUND INTEGER FEASIBLE,0.212412,1.260039,0,2,0,0,0.000000,0.000000,0.000000,0.000000,0
r-stop-dp-C50_4_v4_d0.25_b1,config21,1,FOUND INTEGER FEASIBLE,2.348161,2.752397,0,11,0,0,0.000000,0.000000,0.000000,0.000000,0
r-stop-dp-C50_4_v4_d0.25_b1,config21,2,FOUND INTEGER FEASIBLE,2.556441,3.045580,0,11,0,0,0.000000,0.000000,0.000000,0.000000,0
r-stop-dp-C50_4_v4_d0.25_b1,config21,3,FOUND INTEGER FEASIBLE,2.540724,3.063180,0,11,0,0,0.000000,0.000000,0.000000,0.000000,0
r-stop-dp-C50_4_v4_d0.25_b1,config23,1,FOUND INTEGER FEASIBLE,2.546111,3.055671,1,11,0,0,0.000000,0.000000,0.000000,0.000000,0
r-stop-dp-C50_4_v4_d0.25_b1,config23,2,FOUND INTEGER FEASIBLE,2.519197,3.038672,2,11,0,0,0.000000,0.000000,0.000000,0.000000,0
r-stop-dp-C50_4_v4_d0.25_b1,config23,3,FOUND INTEGER FEASIBLE,2.536373,3.047497,1,11,0,0,0.000000,0.000000,0.000000,0.000000,0
r-stop-dp-C50_4_v4_d0.25_b1,config19,1,FOUND INTEGER FEASIBLE,0.000000,0.548022,0,0,-1,-1,-19.503840,-19.503840,0.000000,0.000000,0
r-stop-dp-C50_4_v4_d0.25_b1,config19,2,FOUND INTEGER FEASIBLE,0.000000,0.741895,0,0,-1,-1,-19.503840,-19.503840,0.000000,0.000000,0
r-stop-dp-C50_4_v4_d0.25_b1,config19,3,FOUND INTEGER FEASIBLE,0.000000,0.512588,0,0,-1,-1,-19.503840,-19.503840,0.000000,0.000000,0
r-stop-dp-C50_4_v4_d0.25_b1,config18,1,FOUND INTEGER FEASIBLE,0.000000,0.964711,0,0,-1,-1,-19.503840,-19.503840,0.000000,0.000000,0
r-stop-dp-C50_4_v4_d0.25_b1,config18,2,FOUND INTEGER FEASIBLE,0.000000,0.952246,0,0,-1,-1,-19.503840,-19.503840,0.000000,0.000000,0
r-stop-dp-C50_4_v4_d0.25_b1,config18,3,FOUND INTEGER FEASIBLE,0.000000,0.945682,0,0,-1,-1,-19.503840,-19.503840,0.000000,0.000000,0
r-stop-dp-C50_4_v4_d0.25_b5,config1,1,FAILED TO FIND AN INTEGER FEASIBLE SOLUTION,0.000000,3600,304,0,-1,-1,0.000000,0.000000,0.692185,0.692185,15
r-stop-dp-C50_4_v4_d0.25_b5,config1,2,FAILED TO FIND AN INTEGER FEASIBLE SOLUTION,0.000000,3600,362,0,-1,-1,0.000000,0.000000,1.161547,1.161547,32
r-stop-dp-C50_4_v4_d0.25_b5,config1,3,FAILED TO FIND AN INTEGER FEASIBLE SOLUTION,0.000000,3600,361,0,-1,-1,0.000000,0.000000,0.642174,0.642174,13
r-stop-dp-C50_4_v4_d0.25_b5,config3,1,FOUND INTEGER FEASIBLE,0.000000,363.109484,38,0,-1,-1,-87.095260,-153.127310,0.000000,0.000000,0
r-stop-dp-C50_4_v4_d0.25_b5,config3,2,FOUND INTEGER FEASIBLE,0.000000,106.589522,10,0,-1,-1,-21.357350,-31.086600,0.000000,0.000000,0
r-stop-dp-C50_4_v4_d0.25_b5,config3,3,FOUND INTEGER FEASIBLE,0.000000,67.006635,5,0,-1,-1,0.000000,0.000000,0.000000,0.000000,0
r-stop-dp-C50_4_v4_d0.25_b5,config20,1,FAILED TO FIND AN INTEGER FEASIBLE SOLUTION,0.000000,3600,671,0,-1,-1,0.000000,0.000000,0.258941,0.258941,6
r-stop-dp-C50_4_v4_d0.25_b5,config20,2,FAILED TO FIND AN INTEGER FEASIBLE SOLUTION,0.000000,3600,684,0,-1,-1,0.000000,0.000000,0.209391,0.209391,6
r-stop-dp-C50_4_v4_d0.25_b5,config20,3,FOUND INTEGER FEASIBLE,0.000000,2712.162999,537,0,-1,-1,-175.563440,-245.892420,0.000000,0.000000,0
r-stop-dp-C50_4_v4_d0.25_b5,config16,1,FOUND INTEGER FEASIBLE,8.561695,169.539749,193,10,2,0,-95.583550,-114.232710,0.000000,0.000000,0
r-stop-dp-C50_4_v4_d0.25_b5,config16,2,FOUND INTEGER FEASIBLE,8.479871,38.876791,162,10,1,0,-9.622940,-49.888120,0.000000,0.000000,0
r-stop-dp-C50_4_v4_d0.25_b5,config16,3,FOUND INTEGER FEASIBLE,8.429737,240.572725,200,10,2,0,-115.426330,-154.259510,0.000000,0.000000,0
r-stop-dp-C50_4_v4_d0.25_b5,config17,1,FOUND INTEGER FEASIBLE,0.874426,2.959233,0,2,0,0,0.000000,0.000000,0.000000,0.000000,0
r-stop-dp-C50_4_v4_d0.25_b5,config17,2,FOUND INTEGER FEASIBLE,0.884529,2.968181,0,2,0,0,0.000000,0.000000,0.000000,0.000000,0
r-stop-dp-C50_4_v4_d0.25_b5,config17,3,FOUND INTEGER FEASIBLE,0.882588,2.931330,0,2,0,0,0.000000,0.000000,0.000000,0.000000,0
r-stop-dp-C50_4_v4_d0.25_b5,config21,1,FOUND INTEGER FEASIBLE,26.735824,28.548801,0,11,0,0,0.000000,0.000000,0.000000,0.000000,0
r-stop-dp-C50_4_v4_d0.25_b5,config21,2,FOUND INTEGER FEASIBLE,30.397761,31.411080,0,11,0,0,0.000000,0.000000,0.000000,0.000000,0
r-stop-dp-C50_4_v4_d0.25_b5,config21,3,FOUND INTEGER FEASIBLE,28.761221,29.851449,0,11,0,0,0.000000,0.000000,0.000000,0.000000,0
r-stop-dp-C50_4_v4_d0.25_b5,config23,1,FOUND INTEGER FEASIBLE,28.830153,30.674910,5,11,0,0,0.000000,0.000000,0.000000,0.000000,0
r-stop-dp-C50_4_v4_d0.25_b5,config23,2,FOUND INTEGER FEASIBLE,30.222168,32.071669,7,11,0,0,0.000000,0.000000,0.000000,0.000000,0
r-stop-dp-C50_4_v4_d0.25_b5,config23,3,FOUND INTEGER FEASIBLE,29.360618,31.153686,5,11,0,0,0.000000,0.000000,0.000000,0.000000,0
r-stop-dp-C50_4_v4_d0.25_b5,config19,1,FOUND INTEGER FEASIBLE,0.000000,2.397450,0,0,-1,-1,-19.503840,-19.503840,0.000000,0.000000,0
r-stop-dp-C50_4_v4_d0.25_b5,config19,2,FOUND INTEGER FEASIBLE,0.000000,2.399378,0,0,-1,-1,-19.503840,-19.503840,0.000000,0.000000,0
r-stop-dp-C50_4_v4_d0.25_b5,config19,3,FOUND INTEGER FEASIBLE,0.000000,1.588544,0,0,-1,-1,-19.503840,-19.503840,0.000000,0.000000,0
r-stop-dp-C50_4_v4_d0.25_b5,config18,1,FOUND INTEGER FEASIBLE,0.000000,1.944492,0,0,-1,-1,-19.503840,-19.503840,0.000000,0.000000,0
r-stop-dp-C50_4_v4_d0.25_b5,config18,2,FOUND INTEGER FEASIBLE,0.000000,2.823619,0,0,-1,-1,-19.503840,-19.503840,0.000000,0.000000,0
r-stop-dp-C50_4_v4_d0.25_b5,config18,3,FOUND INTEGER FEASIBLE,0.000000,2.842416,0,0,-1,-1,-19.503840,-19.503840,0.000000,0.000000,0
r-stop-dp-R100_3_v2_d0.25_b1,config1,1,FAILED TO FIND AN INTEGER FEASIBLE SOLUTION,0.000000,3600,205,0,-1,-1,0.000000,0.000000,16.898306,16.898306,129
r-stop-dp-R100_3_v2_d0.25_b1,config1,2,FAILED TO FIND AN INTEGER FEASIBLE SOLUTION,0.000000,3600,192,0,-1,-1,0.000000,0.000000,16.833137,17.162933,135
r-stop-dp-R100_3_v2_d0.25_b1,config1,3,FAILED TO FIND AN INTEGER FEASIBLE SOLUTION,0.000000,3600,155,0,-1,-1,0.000000,0.000000,17.773660,17.773660,130
r-stop-dp-R100_3_v2_d0.25_b1,config3,1,FOUND INTEGER FEASIBLE,0.000000,239.337625,5,0,-1,-1,0.000000,0.000000,0.000000,0.000000,0
r-stop-dp-R100_3_v2_d0.25_b1,config3,2,FOUND INTEGER FEASIBLE,0.000000,235.568272,5,0,-1,-1,0.000000,0.000000,0.000000,0.000000,0
r-stop-dp-R100_3_v2_d0.25_b1,config3,3,FOUND INTEGER FEASIBLE,0.000000,8.100862,3,0,-1,-1,0.000000,0.000000,0.000000,0.000000,0
r-stop-dp-R100_3_v2_d0.25_b1,config20,1,FAILED TO FIND AN INTEGER FEASIBLE SOLUTION,0.000000,3600,371,0,-1,-1,0.000000,0.000000,14.603934,14.603934,118
r-stop-dp-R100_3_v2_d0.25_b1,config20,2,FAILED TO FIND AN INTEGER FEASIBLE SOLUTION,0.000000,3600,362,0,-1,-1,0.000000,0.000000,12.879139,12.879139,108
r-stop-dp-R100_3_v2_d0.25_b1,config20,3,FAILED TO FIND AN INTEGER FEASIBLE SOLUTION,0.000000,3600,348,0,-1,-1,0.000000,0.000000,14.971632,15.343592,112
r-stop-dp-R100_3_v2_d0.25_b1,config16,1,FAILED TO FIND AN INTEGER FEASIBLE SOLUTION,18.007346,3600,561,12,12,0,0.000000,0.000000,0.683626,0.683626,6
r-stop-dp-R100_3_v2_d0.25_b1,config16,2,FOUND INTEGER FEASIBLE,18.059737,108.901658,252,12,2,0,-22.425150,-29.380890,0.000000,0.000000,0
r-stop-dp-R100_3_v2_d0.25_b1,config16,3,FOUND INTEGER FEASIBLE,18.650487,98.294885,291,12,2,0,-15.865040,-17.521800,0.000000,0.000000,0
r-stop-dp-R100_3_v2_d0.25_b1,config17,1,FOUND INTEGER FEASIBLE,1.369782,5.006631,2,7,0,0,0.000000,0.000000,0.000000,0.000000,0
r-stop-dp-R100_3_v2_d0.25_b1,config17,2,FOUND INTEGER FEASIBLE,1.351404,3.835876,2,7,0,0,0.000000,0.000000,0.000000,0.000000,0
r-stop-dp-R100_3_v2_d0.25_b1,config17,3,FOUND INTEGER FEASIBLE,1.371106,3.922036,2,7,0,0,0.000000,0.000000,0.000000,0.000000,0
r-stop-dp-R100_3_v2_d0.25_b1,config21,1,FOUND INTEGER FEASIBLE,13.856975,18.051231,0,12,0,0,-0.010500,-0.010500,0.000000,0.000000,0
r-stop-dp-R100_3_v2_d0.25_b1,config21,2,FOUND INTEGER FEASIBLE,12.831194,16.757480,0,12,0,0,-0.010500,-0.010500,0.000000,0.000000,0
r-stop-dp-R100_3_v2_d0.25_b1,config21,3,FOUND INTEGER FEASIBLE,12.810513,17.133547,0,12,0,0,-0.010500,-0.010500,0.000000,0.000000,0
r-stop-dp-R100_3_v2_d0.25_b1,config23,1,FOUND INTEGER FEASIBLE,11.614875,14.601755,0,12,0,0,-0.010500,-0.010500,0.000000,0.000000,0
r-stop-dp-R100_3_v2_d0.25_b1,config23,2,FOUND INTEGER FEASIBLE,11.563403,14.510300,0,12,0,0,-0.010500,-0.010500,0.000000,0.000000,0
r-stop-dp-R100_3_v2_d0.25_b1,config23,3,FOUND INTEGER FEASIBLE,13.330413,16.487711,0,12,0,0,-0.010500,-0.010500,0.000000,0.000000,0
r-stop-dp-R100_3_v2_d0.25_b1,config19,1,FOUND INTEGER FEASIBLE,0.000000,4.562357,0,0,-1,-1,0.000000,0.000000,0.000000,0.000000,0
r-stop-dp-R100_3_v2_d0.25_b1,config19,2,FOUND INTEGER FEASIBLE,0.000000,4.658946,0,0,-1,-1,0.000000,0.000000,0.000000,0.000000,0
r-stop-dp-R100_3_v2_d0.25_b1,config19,3,FOUND INTEGER FEASIBLE,0.000000,910.912563,0,0,-1,-1,0.000000,0.000000,0.000000,0.000000,0
r-stop-dp-R100_3_v2_d0.25_b1,config18,1,FOUND INTEGER FEASIBLE,0.000000,5.619009,0,0,-1,-1,0.000000,0.000000,0.000000,0.000000,0
r-stop-dp-R100_3_v2_d0.25_b1,config18,2,FOUND INTEGER FEASIBLE,0.000000,5.533496,0,0,-1,-1,0.000000,0.000000,0.000000,0.000000,0
r-stop-dp-R100_3_v2_d0.25_b1,config18,3,FOUND INTEGER FEASIBLE,0.000000,5.550277,0,0,-1,-1,0.000000,0.000000,0.000000,0.000000,0
r-stop-dp-R100_3_v2_d0.25_b5,config1,1,FAILED TO FIND AN INTEGER FEASIBLE SOLUTION,0.000000,3600,14,0,-1,-1,0.000000,0.000000,20.532753,20.532753,189
r-stop-dp-R100_3_v2_d0.25_b5,config1,2,FAILED TO FIND AN INTEGER FEASIBLE SOLUTION,0.000000,3600,17,0,-1,-1,0.000000,0.000000,20.351077,20.352128,176
r-stop-dp-R100_3_v2_d0.25_b5,config1,3,FAILED TO FIND AN INTEGER FEASIBLE SOLUTION,0.000000,3600,13,0,-1,-1,0.000000,0.000000,20.308164,20.308164,176
r-stop-dp-R100_3_v2_d0.25_b5,config3,1,FAILED TO FIND AN INTEGER FEASIBLE SOLUTION,0.000000,3600,1,0,-1,-1,0.000000,0.000000,1.451371,1.451371,9
r-stop-dp-R100_3_v2_d0.25_b5,config3,2,FAILED TO FIND AN INTEGER FEASIBLE SOLUTION,0.000000,3600,1,0,-1,-1,0.000000,0.000000,1.451371,1.451371,9
r-stop-dp-R100_3_v2_d0.25_b5,config3,3,FAILED TO FIND AN INTEGER FEASIBLE SOLUTION,0.000000,3600,1,0,-1,-1,0.000000,0.000000,1.254477,1.254477,4
r-stop-dp-R100_3_v2_d0.25_b5,config20,1,FAILED TO FIND AN INTEGER FEASIBLE SOLUTION,0.000000,3600,14,0,-1,-1,0.000000,0.000000,22.514774,22.973578,190
r-stop-dp-R100_3_v2_d0.25_b5,config20,2,FAILED TO FIND AN INTEGER FEASIBLE SOLUTION,0.000000,3600,14,0,-1,-1,0.000000,0.000000,22.828028,22.895119,197
r-stop-dp-R100_3_v2_d0.25_b5,config20,3,FAILED TO FIND AN INTEGER FEASIBLE SOLUTION,0.000000,3600,14,0,-1,-1,0.000000,0.000000,22.566109,22.566109,198
r-stop-dp-R100_3_v2_d0.25_b5,config16,1,FAILED TO FIND AN INTEGER FEASIBLE SOLUTION,303.507586,3600,179,12,12,0,0.000000,0.000000,4.060424,4.060424,29
r-stop-dp-R100_3_v2_d0.25_b5,config16,2,FAILED TO FIND AN INTEGER FEASIBLE SOLUTION,289.015081,3600,170,12,12,0,0.000000,0.000000,6.224568,6.224568,41
r-stop-dp-R100_3_v2_d0.25_b5,config16,3,FAILED TO FIND AN INTEGER FEASIBLE SOLUTION,284.612054,3600,203,12,12,0,0.000000,0.000000,5.432376,5.432376,31
r-stop-dp-R100_3_v2_d0.25_b5,config17,1,FOUND INTEGER FEASIBLE,8.107012,21.139767,0,8,0,0,0.000000,0.000000,0.000000,0.000000,0
r-stop-dp-R100_3_v2_d0.25_b5,config17,2,FOUND INTEGER FEASIBLE,7.421550,19.140761,0,8,0,0,0.000000,0.000000,0.000000,0.000000,0
r-stop-dp-R100_3_v2_d0.25_b5,config17,3,FOUND INTEGER FEASIBLE,6.762254,20.534689,0,8,0,0,0.000000,0.000000,0.000000,0.000000,0
r-stop-dp-R100_3_v2_d0.25_b5,config21,1,FOUND INTEGER FEASIBLE,37.326459,340.167066,100,13,3,1,0.000000,0.000000,0.000000,0.000000,0
r-stop-dp-R100_3_v2_d0.25_b5,config21,2,FAILED TO FIND AN INTEGER FEASIBLE SOLUTION,543.006667,3600,152,11,11,1,0.000000,0.000000,0.634596,0.634596,6
r-stop-dp-R100_3_v2_d0.25_b5,config21,3,FOUND INTEGER FEASIBLE,564.254345,579.082691,15,11,1,1,-25.995950,-31.880320,0.000000,0.000000,0
r-stop-dp-R100_3_v2_d0.25_b5,config23,1,FOUND INTEGER FEASIBLE,576.721735,591.820684,4,11,1,1,0.000000,0.000000,0.000000,0.000000,0
r-stop-dp-R100_3_v2_d0.25_b5,config23,2,FOUND INTEGER FEASIBLE,561.430253,574.383898,8,11,1,1,0.000000,0.000000,0.000000,0.000000,0
r-stop-dp-R100_3_v2_d0.25_b5,config23,3,FOUND INTEGER FEASIBLE,560.193599,572.030627,5,11,1,1,0.000000,0.000000,0.000000,0.000000,0
r-stop-dp-R100_3_v2_d0.25_b5,config19,1,FOUND INTEGER FEASIBLE,0.000000,17.036098,0,0,-1,-1,0.000000,0.000000,0.000000,0.000000,0
r-stop-dp-R100_3_v2_d0.25_b5,config19,2,FOUND INTEGER FEASIBLE,0.000000,15.487635,0,0,-1,-1,0.000000,0.000000,0.000000,0.000000,0
r-stop-dp-R100_3_v2_d0.25_b5,config19,3,FOUND INTEGER FEASIBLE,0.000000,15.960236,0,0,-1,-1,0.000000,0.000000,0.000000,0.000000,0
r-stop-dp-R100_3_v2_d0.25_b5,config18,1,FOUND INTEGER FEASIBLE,0.000000,18.520797,0,0,-1,-1,0.000000,0.000000,0.000000,0.000000,0
r-stop-dp-R100_3_v2_d0.25_b5,config18,2,FOUND INTEGER FEASIBLE,0.000000,18.359390,0,0,-1,-1,0.000000,0.000000,0.000000,0.000000,0
r-stop-dp-R100_3_v2_d0.25_b5,config18,3,FOUND INTEGER FEASIBLE,0.000000,18.310733,0,0,-1,-1,0.000000,0.000000,0.000000,0.000000,0
r-stop-dp-R100_3_v4_d0.25_b1,config1,1,FAILED TO FIND AN INTEGER FEASIBLE SOLUTION,0.000000,3600,321,0,-1,-1,0.000000,0.000000,12.181442,12.181442,107
r-stop-dp-R100_3_v4_d0.25_b1,config1,2,FAILED TO FIND AN INTEGER FEASIBLE SOLUTION,0.000000,3600,275,0,-1,-1,0.000000,0.000000,13.670788,13.915343,101
r-stop-dp-R100_3_v4_d0.25_b1,config1,3,FAILED TO FIND AN INTEGER FEASIBLE SOLUTION,0.000000,3600,343,0,-1,-1,0.000000,0.000000,10.209990,10.392131,79
r-stop-dp-R100_3_v4_d0.25_b1,config3,1,FOUND INTEGER FEASIBLE,0.000000,230.163127,5,0,-1,-1,0.000000,0.000000,0.000000,0.000000,0
r-stop-dp-R100_3_v4_d0.25_b1,config3,2,FOUND INTEGER FEASIBLE,0.000000,230.615342,5,0,-1,-1,0.000000,0.000000,0.000000,0.000000,0
r-stop-dp-R100_3_v4_d0.25_b1,config3,3,FOUND INTEGER FEASIBLE,0.000000,6.879731,3,0,-1,-1,0.000000,0.000000,0.000000,0.000000,0
r-stop-dp-R100_3_v4_d0.25_b1,config20,1,FAILED TO FIND AN INTEGER FEASIBLE SOLUTION,0.000000,3600,575,0,-1,-1,0.000000,0.000000,7.116672,7.116672,68
r-stop-dp-R100_3_v4_d0.25_b1,config20,2,FAILED TO FIND AN INTEGER FEASIBLE SOLUTION,0.000000,3600,538,0,-1,-1,0.000000,0.000000,11.584307,11.677588,99
r-stop-dp-R100_3_v4_d0.25_b1,config20,3,FAILED TO FIND AN INTEGER FEASIBLE SOLUTION,0.000000,3600,355,0,-1,-1,0.000000,0.000000,13.568248,13.568248,106
r-stop-dp-R100_3_v4_d0.25_b1,config16,1,FOUND INTEGER FEASIBLE,16.811318,57.077810,196,11,2,0,-86.445890,-117.464070,0.000000,0.000000,0
r-stop-dp-R100_3_v4_d0.25_b1,config16,2,FOUND INTEGER FEASIBLE,19.331496,45.906081,212,11,2,0,-65.728140,-85.427580,0.000000,0.000000,0
r-stop-dp-R100_3_v4_d0.25_b1,config16,3,FOUND INTEGER FEASIBLE,17.960353,343.146109,240,11,3,0,-45.508790,-61.560080,0.000000,0.000000,0
r-stop-dp-R100_3_v4_d0.25_b1,config17,1,FOUND INTEGER FEASIBLE,1.415337,5.107611,2,7,0,0,0.000000,0.000000,0.000000,0.000000,0
r-stop-dp-R100_3_v4_d0.25_b1,config17,2,FOUND INTEGER FEASIBLE,1.821470,4.854422,2,7,0,0,0.000000,0.000000,0.000000,0.000000,0
r-stop-dp-R100_3_v4_d0.25_b1,config17,3,FOUND INTEGER FEASIBLE,1.381118,3.880718,2,7,0,0,0.000000,0.000000,0.000000,0.000000,0
r-stop-dp-R100_3_v4_d0.25_b1,config21,1,FOUND INTEGER FEASIBLE,10.022887,13.516151,4,12,0,0,-19.224520,-26.493520,0.000000,0.000000,0
r-stop-dp-R100_3_v4_d0.25_b1,config21,2,FOUND INTEGER FEASIBLE,9.340831,12.819031,4,12,0,0,-19.224520,-26.493520,0.000000,0.000000,0
r-stop-dp-R100_3_v4_d0.25_b1,config21,3,FOUND INTEGER FEASIBLE,8.730889,11.914971,2,12,0,0,-19.224520,-26.493520,0.000000,0.000000,0
r-stop-dp-R100_3_v4_d0.25_b1,config23,1,FOUND INTEGER FEASIBLE,11.326182,14.640168,0,12,0,0,-16.504020,-23.773020,0.000000,0.000000,0
r-stop-dp-R100_3_v4_d0.25_b1,config23,2,FOUND INTEGER FEASIBLE,10.479934,13.938193,0,12,0,0,-16.504020,-23.773020,0.000000,0.000000,0
r-stop-dp-R100_3_v4_d0.25_b1,config23,3,FOUND INTEGER FEASIBLE,11.378519,14.896682,0,12,0,0,-16.504020,-23.773020,0.000000,0.000000,0
r-stop-dp-R100_3_v4_d0.25_b1,config19,1,FOUND INTEGER FEASIBLE,0.000000,4.257555,0,0,-1,-1,0.000000,0.000000,0.000000,0.000000,0
r-stop-dp-R100_3_v4_d0.25_b1,config19,2,FOUND INTEGER FEASIBLE,0.000000,4.491950,0,0,-1,-1,0.000000,0.000000,0.000000,0.000000,0
r-stop-dp-R100_3_v4_d0.25_b1,config19,3,FOUND INTEGER FEASIBLE,0.000000,4.406061,0,0,-1,-1,0.000000,0.000000,0.000000,0.000000,0
r-stop-dp-R100_3_v4_d0.25_b1,config18,1,FOUND INTEGER FEASIBLE,0.000000,5.652404,0,0,-1,-1,0.000000,0.000000,0.000000,0.000000,0
r-stop-dp-R100_3_v4_d0.25_b1,config18,2,FOUND INTEGER FEASIBLE,0.000000,5.580749,0,0,-1,-1,0.000000,0.000000,0.000000,0.000000,0
r-stop-dp-R100_3_v4_d0.25_b1,config18,3,FOUND INTEGER FEASIBLE,0.000000,5.572734,0,0,-1,-1,0.000000,0.000000,0.000000,0.000000,0
r-stop-dp-R100_3_v4_d0.25_b5,config1,1,FAILED TO FIND AN INTEGER FEASIBLE SOLUTION,0.000000,3600,15,0,-1,-1,0.000000,0.000000,18.154175,18.154175,181
r-stop-dp-R100_3_v4_d0.25_b5,config1,2,FAILED TO FIND AN INTEGER FEASIBLE SOLUTION,0.000000,3600,14,0,-1,-1,0.000000,0.000000,18.063857,18.063857,154
r-stop-dp-R100_3_v4_d0.25_b5,config1,3,FAILED TO FIND AN INTEGER FEASIBLE SOLUTION,0.000000,3600,15,0,-1,-1,0.000000,0.000000,17.835177,17.835177,166
r-stop-dp-R100_3_v4_d0.25_b5,config3,1,FAILED TO FIND AN INTEGER FEASIBLE SOLUTION,0.000000,3600,1,0,-1,-1,0.000000,0.000000,1.451371,1.451371,9
r-stop-dp-R100_3_v4_d0.25_b5,config3,2,FAILED TO FIND AN INTEGER FEASIBLE SOLUTION,0.000000,3600,1,0,-1,-1,0.000000,0.000000,1.451371,1.451371,9
r-stop-dp-R100_3_v4_d0.25_b5,config3,3,FAILED TO FIND AN INTEGER FEASIBLE SOLUTION,0.000000,3600,1,0,-1,-1,0.000000,0.000000,1.254477,1.254477,4
r-stop-dp-R100_3_v4_d0.25_b5,config20,1,FAILED TO FIND AN INTEGER FEASIBLE SOLUTION,0.000000,3600,21,0,-1,-1,0.000000,0.000000,19.438555,19.517607,165
r-stop-dp-R100_3_v4_d0.25_b5,config20,2,FAILED TO FIND AN INTEGER FEASIBLE SOLUTION,0.000000,3600,21,0,-1,-1,0.000000,0.000000,18.603088,19.144801,159
r-stop-dp-R100_3_v4_d0.25_b5,config20,3,FAILED TO FIND AN INTEGER FEASIBLE SOLUTION,0.000000,3600,21,0,-1,-1,0.000000,0.000000,19.514644,19.514644,169
r-stop-dp-R100_3_v4_d0.25_b5,config16,1,FOUND INTEGER FEASIBLE,272.040676,1038.722958,140,11,3,0,-77.361220,-80.229700,0.000000,0.000000,0
r-stop-dp-R100_3_v4_d0.25_b5,config16,2,FOUND INTEGER FEASIBLE,265.392520,2585.944497,171,11,9,0,-90.230410,-113.868420,0.000000,0.000000,0
r-stop-dp-R100_3_v4_d0.25_b5,config16,3,FAILED TO FIND AN INTEGER FEASIBLE SOLUTION,271.128281,3600,175,11,11,0,0.000000,0.000000,3.380333,3.380333,21
r-stop-dp-R100_3_v4_d0.25_b5,config17,1,FOUND INTEGER FEASIBLE,7.237412,19.126696,0,8,0,0,0.000000,0.000000,0.000000,0.000000,0
r-stop-dp-R100_3_v4_d0.25_b5,config17,2,FOUND INTEGER FEASIBLE,6.797922,17.995413,0,8,0,0,0.000000,0.000000,0.000000,0.000000,0
r-stop-dp-R100_3_v4_d0.25_b5,config17,3,FOUND INTEGER FEASIBLE,6.916356,17.743618,0,8,0,0,0.000000,0.000000,0.000000,0.000000,0
r-stop-dp-R100_3_v4_d0.25_b5,config21,1,FOUND INTEGER FEASIBLE,86.579675,96.280594,0,12,0,0,0.000000,0.000000,0.000000,0.000000,0
r-stop-dp-R100_3_v4_d0.25_b5,config21,2,FOUND INTEGER FEASIBLE,86.881361,99.635455,0,12,0,0,0.000000,0.000000,0.000000,0.000000,0
r-stop-dp-R100_3_v4_d0.25_b5,config21,3,FOUND INTEGER FEASIBLE,81.799818,94.229429,0,12,0,0,0.000000,0.000000,0.000000,0.000000,0
r-stop-dp-R100_3_v4_d0.25_b5,config23,1,FOUND INTEGER FEASIBLE,84.766821,97.173439,0,12,0,0,0.000000,0.000000,0.000000,0.000000,0
r-stop-dp-R100_3_v4_d0.25_b5,config23,2,FOUND INTEGER FEASIBLE,87.683642,98.373534,0,12,0,0,0.000000,0.000000,0.000000,0.000000,0
r-stop-dp-R100_3_v4_d0.25_b5,config23,3,FOUND INTEGER FEASIBLE,84.283198,98.095786,0,12,0,0,0.000000,0.000000,0.000000,0.000000,0
r-stop-dp-R100_3_v4_d0.25_b5,config19,1,FOUND INTEGER FEASIBLE,0.000000,17.064460,0,0,-1,-1,0.000000,0.000000,0.000000,0.000000,0
r-stop-dp-R100_3_v4_d0.25_b5,config19,2,FOUND INTEGER FEASIBLE,0.000000,15.952155,0,0,-1,-1,0.000000,0.000000,0.000000,0.000000,0
r-stop-dp-R100_3_v4_d0.25_b5,config19,3,FOUND INTEGER FEASIBLE,0.000000,15.880487,0,0,-1,-1,0.000000,0.000000,0.000000,0.000000,0
r-stop-dp-R100_3_v4_d0.25_b5,config18,1,FOUND INTEGER FEASIBLE,0.000000,18.490433,0,0,-1,-1,0.000000,0.000000,0.000000,0.000000,0
r-stop-dp-R100_3_v4_d0.25_b5,config18,2,FOUND INTEGER FEASIBLE,0.000000,18.653323,0,0,-1,-1,0.000000,0.000000,0.000000,0.000000,0
r-stop-dp-R100_3_v4_d0.25_b5,config18,3,FOUND INTEGER FEASIBLE,0.000000,18.364016,0,0,-1,-1,0.000000,0.000000,0.000000,0.000000,0
r-stop-dp-R100_4_v2_d0.25_b1,config1,1,FAILED TO FIND AN INTEGER FEASIBLE SOLUTION,0.000000,3600,215,0,-1,-1,0.000000,0.000000,7.484427,7.484427,132
r-stop-dp-R100_4_v2_d0.25_b1,config1,2,FAILED TO FIND AN INTEGER FEASIBLE SOLUTION,0.000000,3600,220,0,-1,-1,0.000000,0.000000,7.524157,7.524157,139
r-stop-dp-R100_4_v2_d0.25_b1,config1,3,FAILED TO FIND AN INTEGER FEASIBLE SOLUTION,0.000000,3600,240,0,-1,-1,0.000000,0.000000,6.307292,6.307292,133
r-stop-dp-R100_4_v2_d0.25_b1,config3,1,FOUND INTEGER FEASIBLE,0.000000,163.925359,5,0,-1,-1,0.000000,0.000000,0.000000,0.000000,0
r-stop-dp-R100_4_v2_d0.25_b1,config3,2,FOUND INTEGER FEASIBLE,0.000000,164.030489,5,0,-1,-1,0.000000,0.000000,0.000000,0.000000,0
r-stop-dp-R100_4_v2_d0.25_b1,config3,3,FOUND INTEGER FEASIBLE,0.000000,13.543362,9,0,-1,-1,0.000000,0.000000,0.000000,0.000000,0
r-stop-dp-R100_4_v2_d0.25_b1,config20,1,FAILED TO FIND AN INTEGER FEASIBLE SOLUTION,0.000000,3600,420,0,-1,-1,0.000000,0.000000,4.931945,4.931945,96
r-stop-dp-R100_4_v2_d0.25_b1,config20,2,FAILED TO FIND AN INTEGER FEASIBLE SOLUTION,0.000000,3600,427,0,-1,-1,0.000000,0.000000,5.697260,5.697260,109
r-stop-dp-R100_4_v2_d0.25_b1,config20,3,FAILED TO FIND AN INTEGER FEASIBLE SOLUTION,0.000000,3600,406,0,-1,-1,0.000000,0.000000,5.467440,5.467440,90
r-stop-dp-R100_4_v2_d0.25_b1,config16,1,FAILED TO FIND AN INTEGER FEASIBLE SOLUTION,23.086011,3600,560,11,11,1,0.000000,0.000000,3.541142,3.541142,53
r-stop-dp-R100_4_v2_d0.25_b1,config16,2,FAILED TO FIND AN INTEGER FEASIBLE SOLUTION,23.346895,3600,611,11,11,1,0.000000,0.000000,3.785010,3.785010,66
r-stop-dp-R100_4_v2_d0.25_b1,config16,3,FAILED TO FIND AN INTEGER FEASIBLE SOLUTION,22.504554,3600,553,11,11,1,0.000000,0.000000,3.284167,3.284167,65
r-stop-dp-R100_4_v2_d0.25_b1,config17,1,FOUND INTEGER FEASIBLE,1.436603,5.001152,3,10,0,0,0.000000,0.000000,0.000000,0.000000,0
r-stop-dp-R100_4_v2_d0.25_b1,config17,2,FOUND INTEGER FEASIBLE,1.079967,4.565630,3,10,0,0,0.000000,0.000000,0.000000,0.000000,0
r-stop-dp-R100_4_v2_d0.25_b1,config17,3,FOUND INTEGER FEASIBLE,0.855791,3.855632,3,10,0,0,0.000000,0.000000,0.000000,0.000000,0
r-stop-dp-R100_4_v2_d0.25_b1,config21,1,FOUND INTEGER FEASIBLE,11.088417,14.512687,2,12,0,0,0.000000,0.000000,0.000000,0.000000,0
r-stop-dp-R100_4_v2_d0.25_b1,config21,2,FOUND INTEGER FEASIBLE,10.506046,12.976405,2,12,0,0,0.000000,0.000000,0.000000,0.000000,0
r-stop-dp-R100_4_v2_d0.25_b1,config21,3,FOUND INTEGER FEASIBLE,9.441643,13.003147,2,12,0,0,0.000000,0.000000,0.000000,0.000000,0
r-stop-dp-R100_4_v2_d0.25_b1,config23,1,FOUND INTEGER FEASIBLE,10.942912,13.507310,0,12,0,0,0.000000,0.000000,0.000000,0.000000,0
r-stop-dp-R100_4_v2_d0.25_b1,config23,2,FOUND INTEGER FEASIBLE,9.451344,12.880658,0,12,0,0,0.000000,0.000000,0.000000,0.000000,0
r-stop-dp-R100_4_v2_d0.25_b1,config23,3,FOUND INTEGER FEASIBLE,9.473387,12.860789,0,12,0,0,0.000000,0.000000,0.000000,0.000000,0
r-stop-dp-R100_4_v2_d0.25_b1,config19,1,FOUND INTEGER FEASIBLE,0.000000,4.605933,0,0,-1,-1,0.000000,0.000000,0.000000,0.000000,0
r-stop-dp-R100_4_v2_d0.25_b1,config19,2,FOUND INTEGER FEASIBLE,0.000000,4.431008,0,0,-1,-1,0.000000,0.000000,0.000000,0.000000,0
r-stop-dp-R100_4_v2_d0.25_b1,config19,3,FOUND INTEGER FEASIBLE,0.000000,4.631472,0,0,-1,-1,0.000000,0.000000,0.000000,0.000000,0
r-stop-dp-R100_4_v2_d0.25_b1,config18,1,FOUND INTEGER FEASIBLE,0.000000,5.337534,0,0,-1,-1,0.000000,0.000000,0.000000,0.000000,0
r-stop-dp-R100_4_v2_d0.25_b1,config18,2,FOUND INTEGER FEASIBLE,0.000000,5.399390,0,0,-1,-1,0.000000,0.000000,0.000000,0.000000,0
r-stop-dp-R100_4_v2_d0.25_b1,config18,3,FOUND INTEGER FEASIBLE,0.000000,4.846473,0,0,-1,-1,0.000000,0.000000,0.000000,0.000000,0
r-stop-dp-R100_4_v2_d0.25_b5,config1,1,FAILED TO FIND AN INTEGER FEASIBLE SOLUTION,0.000000,3600,18,0,-1,-1,0.000000,0.000000,9.050373,9.050373,172
r-stop-dp-R100_4_v2_d0.25_b5,config1,2,FAILED TO FIND AN INTEGER FEASIBLE SOLUTION,0.000000,3600,20,0,-1,-1,0.000000,0.000000,9.205539,9.205539,169
r-stop-dp-R100_4_v2_d0.25_b5,config1,3,FAILED TO FIND AN INTEGER FEASIBLE SOLUTION,0.000000,3600,16,0,-1,-1,0.000000,0.000000,9.187213,9.187213,171
r-stop-dp-R100_4_v2_d0.25_b5,config3,1,FAILED TO FIND AN INTEGER FEASIBLE SOLUTION,0.000000,3600,1,0,-1,-1,0.000000,0.000000,0.573964,0.573964,4
r-stop-dp-R100_4_v2_d0.25_b5,config3,2,FAILED TO FIND AN INTEGER FEASIBLE SOLUTION,0.000000,3600,1,0,-1,-1,0.000000,0.000000,0.573964,0.573964,4
r-stop-dp-R100_4_v2_d0.25_b5,config3,3,FOUND INTEGER FEASIBLE,0.000000,3300.705226,5,0,-1,-1,0.000000,0.000000,0.000000,0.000000,0
r-stop-dp-R100_4_v2_d0.25_b5,config20,1,FAILED TO FIND AN INTEGER FEASIBLE SOLUTION,0.000000,3600,20,0,-1,-1,0.000000,0.000000,10.819467,10.819467,184
r-stop-dp-R100_4_v2_d0.25_b5,config20,2,FAILED TO FIND AN INTEGER FEASIBLE SOLUTION,0.000000,3600,20,0,-1,-1,0.000000,0.000000,10.611002,10.611002,181
r-stop-dp-R100_4_v2_d0.25_b5,config20,3,FAILED TO FIND AN INTEGER FEASIBLE SOLUTION,0.000000,3600,22,0,-1,-1,0.000000,0.000000,10.131425,10.131425,176
r-stop-dp-R100_4_v2_d0.25_b5,config16,1,FAILED TO FIND AN INTEGER FEASIBLE SOLUTION,229.129873,3600,89,11,11,1,0.000000,0.000000,8.591968,8.591968,154
r-stop-dp-R100_4_v2_d0.25_b5,config16,2,FAILED TO FIND AN INTEGER FEASIBLE SOLUTION,220.462573,3600,91,11,11,1,0.000000,0.000000,8.579132,8.579132,153
r-stop-dp-R100_4_v2_d0.25_b5,config16,3,FAILED TO FIND AN INTEGER FEASIBLE SOLUTION,214.593099,3600,99,11,11,1,0.000000,0.000000,7.422039,7.422039,128
r-stop-dp-R100_4_v2_d0.25_b5,config17,1,FOUND INTEGER FEASIBLE,6.710917,18.041219,0,8,0,0,0.000000,0.000000,0.000000,0.000000,0
r-stop-dp-R100_4_v2_d0.25_b5,config17,2,FOUND INTEGER FEASIBLE,5.804644,16.437981,0,8,0,0,0.000000,0.000000,0.000000,0.000000,0
r-stop-dp-R100_4_v2_d0.25_b5,config17,3,FOUND INTEGER FEASIBLE,6.650646,18.811660,0,8,0,0,0.000000,0.000000,0.000000,0.000000,0
r-stop-dp-R100_4_v2_d0.25_b5,config21,1,FOUND INTEGER FEASIBLE,263.886447,274.409961,1,12,0,0,0.000000,0.000000,0.000000,0.000000,0
r-stop-dp-R100_4_v2_d0.25_b5,config21,2,FOUND INTEGER FEASIBLE,267.748015,279.477840,1,12,0,0,0.000000,0.000000,0.000000,0.000000,0
r-stop-dp-R100_4_v2_d0.25_b5,config21,3,FOUND INTEGER FEASIBLE,268.774266,280.713724,1,12,0,0,0.000000,0.000000,0.000000,0.000000,0
r-stop-dp-R100_4_v2_d0.25_b5,config23,1,FOUND INTEGER FEASIBLE,263.199133,274.389349,1,12,0,0,0.000000,0.000000,0.000000,0.000000,0
r-stop-dp-R100_4_v2_d0.25_b5,config23,2,FOUND INTEGER FEASIBLE,252.260115,263.780917,1,12,0,0,0.000000,0.000000,0.000000,0.000000,0
r-stop-dp-R100_4_v2_d0.25_b5,config23,3,FOUND INTEGER FEASIBLE,253.372236,263.731755,1,12,0,0,0.000000,0.000000,0.000000,0.000000,0
r-stop-dp-R100_4_v2_d0.25_b5,config19,1,FOUND INTEGER FEASIBLE,0.000000,16.704436,0,0,-1,-1,0.000000,0.000000,0.000000,0.000000,0
r-stop-dp-R100_4_v2_d0.25_b5,config19,2,FOUND INTEGER FEASIBLE,0.000000,15.917229,0,0,-1,-1,0.000000,0.000000,0.000000,0.000000,0
r-stop-dp-R100_4_v2_d0.25_b5,config19,3,FOUND INTEGER FEASIBLE,0.000000,15.789564,0,0,-1,-1,0.000000,0.000000,0.000000,0.000000,0
r-stop-dp-R100_4_v2_d0.25_b5,config18,1,FOUND INTEGER FEASIBLE,0.000000,18.805104,0,0,-1,-1,0.000000,0.000000,0.000000,0.000000,0
r-stop-dp-R100_4_v2_d0.25_b5,config18,2,FOUND INTEGER FEASIBLE,0.000000,18.380497,0,0,-1,-1,0.000000,0.000000,0.000000,0.000000,0
r-stop-dp-R100_4_v2_d0.25_b5,config18,3,FOUND INTEGER FEASIBLE,0.000000,18.414503,0,0,-1,-1,0.000000,0.000000,0.000000,0.000000,0
r-stop-dp-R100_4_v4_d0.25_b1,config1,1,FAILED TO FIND AN INTEGER FEASIBLE SOLUTION,0.000000,3600,232,0,-1,-1,0.000000,0.000000,6.201292,6.201292,90
r-stop-dp-R100_4_v4_d0.25_b1,config1,2,FAILED TO FIND AN INTEGER FEASIBLE SOLUTION,0.000000,3600,241,0,-1,-1,0.000000,0.000000,6.164847,6.164847,105
r-stop-dp-R100_4_v4_d0.25_b1,config1,3,FAILED TO FIND AN INTEGER FEASIBLE SOLUTION,0.000000,3600,255,0,-1,-1,0.000000,0.000000,5.640878,5.640878,95
r-stop-dp-R100_4_v4_d0.25_b1,config3,1,FOUND INTEGER FEASIBLE,0.000000,172.173649,5,0,-1,-1,0.000000,0.000000,0.000000,0.000000,0
r-stop-dp-R100_4_v4_d0.25_b1,config3,2,FOUND INTEGER FEASIBLE,0.000000,173.939231,5,0,-1,-1,0.000000,0.000000,0.000000,0.000000,0
r-stop-dp-R100_4_v4_d0.25_b1,config3,3,FOUND INTEGER FEASIBLE,0.000000,12.518768,9,0,-1,-1,0.000000,0.000000,0.000000,0.000000,0
r-stop-dp-R100_4_v4_d0.25_b1,config20,1,FAILED TO FIND AN INTEGER FEASIBLE SOLUTION,0.000000,3600,548,0,-1,-1,0.000000,0.000000,4.061622,4.061622,88
r-stop-dp-R100_4_v4_d0.25_b1,config20,2,FAILED TO FIND AN INTEGER FEASIBLE SOLUTION,0.000000,3600,485,0,-1,-1,0.000000,0.000000,5.791665,5.791665,107
r-stop-dp-R100_4_v4_d0.25_b1,config20,3,FAILED TO FIND AN INTEGER FEASIBLE SOLUTION,0.000000,3600,548,0,-1,-1,0.000000,0.000000,3.455776,3.455776,73
r-stop-dp-R100_4_v4_d0.25_b1,config16,1,FOUND INTEGER FEASIBLE,17.061369,356.696025,192,11,3,0,-97.730640,-144.694220,0.000000,0.000000,0
r-stop-dp-R100_4_v4_d0.25_b1,config16,2,FOUND INTEGER FEASIBLE,17.782383,871.099923,217,11,4,0,-73.383760,-119.819290,0.000000,0.000000,0
r-stop-dp-R100_4_v4_d0.25_b1,config16,3,FOUND INTEGER FEASIBLE,18.342922,74.894674,179,11,2,0,-76.110240,-160.085470,0.000000,0.000000,0
r-stop-dp-R100_4_v4_d0.25_b1,config17,1,FOUND INTEGER FEASIBLE,0.857620,4.317335,2,10,0,0,0.000000,0.000000,0.000000,0.000000,0
r-stop-dp-R100_4_v4_d0.25_b1,config17,2,FOUND INTEGER FEASIBLE,1.061987,4.580249,1,10,0,0,0.000000,0.000000,0.000000,0.000000,0
r-stop-dp-R100_4_v4_d0.25_b1,config17,3,FOUND INTEGER FEASIBLE,1.413386,4.431199,2,10,0,0,0.000000,0.000000,0.000000,0.000000,0
r-stop-dp-R100_4_v4_d0.25_b1,config21,1,FOUND INTEGER FEASIBLE,8.478265,11.872219,2,12,0,0,0.000000,0.000000,0.000000,0.000000,0
r-stop-dp-R100_4_v4_d0.25_b1,config21,2,FOUND INTEGER FEASIBLE,9.517111,12.922461,2,12,0,0,0.000000,0.000000,0.000000,0.000000,0
r-stop-dp-R100_4_v4_d0.25_b1,config21,3,FOUND INTEGER FEASIBLE,9.683769,12.131132,2,12,0,0,0.000000,0.000000,0.000000,0.000000,0
r-stop-dp-R100_4_v4_d0.25_b1,config23,1,FOUND INTEGER FEASIBLE,8.437023,12.375871,0,12,0,0,0.000000,0.000000,0.000000,0.000000,0
r-stop-dp-R100_4_v4_d0.25_b1,config23,2,FOUND INTEGER FEASIBLE,8.332731,10.851044,0,12,0,0,0.000000,0.000000,0.000000,0.000000,0
r-stop-dp-R100_4_v4_d0.25_b1,config23,3,FOUND INTEGER FEASIBLE,7.752792,11.294147,0,12,0,0,0.000000,0.000000,0.000000,0.000000,0
r-stop-dp-R100_4_v4_d0.25_b1,config19,1,FOUND INTEGER FEASIBLE,0.000000,4.424931,0,0,-1,-1,0.000000,0.000000,0.000000,0.000000,0
r-stop-dp-R100_4_v4_d0.25_b1,config19,2,FOUND INTEGER FEASIBLE,0.000000,4.516470,0,0,-1,-1,0.000000,0.000000,0.000000,0.000000,0
r-stop-dp-R100_4_v4_d0.25_b1,config19,3,FOUND INTEGER FEASIBLE,0.000000,4.471970,0,0,-1,-1,0.000000,0.000000,0.000000,0.000000,0
r-stop-dp-R100_4_v4_d0.25_b1,config18,1,FOUND INTEGER FEASIBLE,0.000000,5.323750,0,0,-1,-1,0.000000,0.000000,0.000000,0.000000,0
r-stop-dp-R100_4_v4_d0.25_b1,config18,2,FOUND INTEGER FEASIBLE,0.000000,5.301519,0,0,-1,-1,0.000000,0.000000,0.000000,0.000000,0
r-stop-dp-R100_4_v4_d0.25_b1,config18,3,FOUND INTEGER FEASIBLE,0.000000,5.246674,0,0,-1,-1,0.000000,0.000000,0.000000,0.000000,0
r-stop-dp-R100_4_v4_d0.25_b5,config1,1,FAILED TO FIND AN INTEGER FEASIBLE SOLUTION,0.000000,3600,23,0,-1,-1,0.000000,0.000000,8.104735,8.104735,150
r-stop-dp-R100_4_v4_d0.25_b5,config1,2,FAILED TO FIND AN INTEGER FEASIBLE SOLUTION,0.000000,3600,23,0,-1,-1,0.000000,0.000000,8.219386,8.219386,163
r-stop-dp-R100_4_v4_d0.25_b5,config1,3,FAILED TO FIND AN INTEGER FEASIBLE SOLUTION,0.000000,3600,22,0,-1,-1,0.000000,0.000000,8.003234,8.003234,156
r-stop-dp-R100_4_v4_d0.25_b5,config3,1,FAILED TO FIND AN INTEGER FEASIBLE SOLUTION,0.000000,3600,5,0,-1,-1,0.000000,0.000000,0.553829,0.553829,4
r-stop-dp-R100_4_v4_d0.25_b5,config3,2,FAILED TO FIND AN INTEGER FEASIBLE SOLUTION,0.000000,3600,5,0,-1,-1,0.000000,0.000000,0.553829,0.553829,4
r-stop-dp-R100_4_v4_d0.25_b5,config3,3,FOUND INTEGER FEASIBLE,0.000000,3502.784688,5,0,-1,-1,0.000000,0.000000,0.000000,0.000000,0
r-stop-dp-R100_4_v4_d0.25_b5,config20,1,FAILED TO FIND AN INTEGER FEASIBLE SOLUTION,0.000000,3600,17,0,-1,-1,0.000000,0.000000,9.481741,9.481741,162
r-stop-dp-R100_4_v4_d0.25_b5,config20,2,FAILED TO FIND AN INTEGER FEASIBLE SOLUTION,0.000000,3600,16,0,-1,-1,0.000000,0.000000,9.552468,9.552468,182
r-stop-dp-R100_4_v4_d0.25_b5,config20,3,FAILED TO FIND AN INTEGER FEASIBLE SOLUTION,0.000000,3600,17,0,-1,-1,0.000000,0.000000,9.494500,9.494500,154
r-stop-dp-R100_4_v4_d0.25_b5,config16,1,FAILED TO FIND AN INTEGER FEASIBLE SOLUTION,316.394569,3600,130,11,11,0,0.000000,0.000000,1.814278,1.814278,27
r-stop-dp-R100_4_v4_d0.25_b5,config16,2,FAILED TO FIND AN INTEGER FEASIBLE SOLUTION,325.778593,3600,160,11,10,0,0.000000,0.000000,1.728688,1.728688,36
r-stop-dp-R100_4_v4_d0.25_b5,config16,3,FAILED TO FIND AN INTEGER FEASIBLE SOLUTION,322.771966,3600,169,11,11,0,0.000000,0.000000,1.862313,1.862313,29
r-stop-dp-R100_4_v4_d0.25_b5,config17,1,FOUND INTEGER FEASIBLE,6.629092,17.958009,0,8,0,0,0.000000,0.000000,0.000000,0.000000,0
r-stop-dp-R100_4_v4_d0.25_b5,config17,2,FOUND INTEGER FEASIBLE,5.996259,17.839110,0,8,0,0,0.000000,0.000000,0.000000,0.000000,0
r-stop-dp-R100_4_v4_d0.25_b5,config17,3,FOUND INTEGER FEASIBLE,5.777104,17.098905,0,8,0,0,0.000000,0.000000,0.000000,0.000000,0
r-stop-dp-R100_4_v4_d0.25_b5,config21,1,FOUND INTEGER FEASIBLE,81.481761,94.079523,0,12,0,0,0.000000,0.000000,0.000000,0.000000,0
r-stop-dp-R100_4_v4_d0.25_b5,config21,2,FOUND INTEGER FEASIBLE,81.305798,93.763092,0,12,0,0,0.000000,0.000000,0.000000,0.000000,0
r-stop-dp-R100_4_v4_d0.25_b5,config21,3,FOUND INTEGER FEASIBLE,86.048492,97.165799,0,12,0,0,0.000000,0.000000,0.000000,0.000000,0
r-stop-dp-R100_4_v4_d0.25_b5,config23,1,FOUND INTEGER FEASIBLE,84.855833,96.355350,0,12,0,0,0.000000,0.000000,0.000000,0.000000,0
r-stop-dp-R100_4_v4_d0.25_b5,config23,2,FOUND INTEGER FEASIBLE,82.906525,92.472277,0,12,0,0,0.000000,0.000000,0.000000,0.000000,0
r-stop-dp-R100_4_v4_d0.25_b5,config23,3,FOUND INTEGER FEASIBLE,87.929147,99.350672,0,12,0,0,0.000000,0.000000,0.000000,0.000000,0
r-stop-dp-R100_4_v4_d0.25_b5,config19,1,FOUND INTEGER FEASIBLE,0.000000,17.712042,0,0,-1,-1,0.000000,0.000000,0.000000,0.000000,0
r-stop-dp-R100_4_v4_d0.25_b5,config19,2,FOUND INTEGER FEASIBLE,0.000000,17.019765,0,0,-1,-1,0.000000,0.000000,0.000000,0.000000,0
r-stop-dp-R100_4_v4_d0.25_b5,config19,3,FOUND INTEGER FEASIBLE,0.000000,16.523302,0,0,-1,-1,0.000000,0.000000,0.000000,0.000000,0
r-stop-dp-R100_4_v4_d0.25_b5,config18,1,FOUND INTEGER FEASIBLE,0.000000,18.633443,0,0,-1,-1,0.000000,0.000000,0.000000,0.000000,0
r-stop-dp-R100_4_v4_d0.25_b5,config18,2,FOUND INTEGER FEASIBLE,0.000000,18.419036,0,0,-1,-1,0.000000,0.000000,0.000000,0.000000,0
r-stop-dp-R100_4_v4_d0.25_b5,config18,3,FOUND INTEGER FEASIBLE,0.000000,18.369995,0,0,-1,-1,0.000000,0.000000,0.000000,0.000000,0
r-stop-dp-R50_3_v2_d0.25_b1,config1,1,FAILED TO FIND AN INTEGER FEASIBLE SOLUTION,0.000000,3600,9995,0,-1,-1,0.000000,0.000000,0.667697,0.667697,9
r-stop-dp-R50_3_v2_d0.25_b1,config1,2,FAILED TO FIND AN INTEGER FEASIBLE SOLUTION,0.000000,3600,7820,0,-1,-1,0.000000,0.000000,0.580476,0.580476,10
r-stop-dp-R50_3_v2_d0.25_b1,config1,3,FOUND INTEGER FEASIBLE,0.000000,1747.561770,4857,0,-1,-1,-48.759200,-51.655760,0.000000,0.000000,0
r-stop-dp-R50_3_v2_d0.25_b1,config3,1,FOUND INTEGER FEASIBLE,0.000000,4.649810,15,0,-1,-1,-43.027220,-55.091140,0.000000,0.000000,0
r-stop-dp-R50_3_v2_d0.25_b1,config3,2,FAILED TO FIND AN INTEGER FEASIBLE SOLUTION,0.000000,3600,7576,0,-1,-1,0.000000,0.000000,0.949557,0.949557,8
r-stop-dp-R50_3_v2_d0.25_b1,config3,3,FOUND INTEGER FEASIBLE,0.000000,1.892936,3,0,-1,-1,0.000000,0.000000,0.000000,0.000000,0
r-stop-dp-R50_3_v2_d0.25_b1,config20,1,FAILED TO FIND AN INTEGER FEASIBLE SOLUTION,0.000000,3600,7815,0,-1,-1,0.000000,0.000000,0.347078,0.347078,9
r-stop-dp-R50_3_v2_d0.25_b1,config20,2,FAILED TO FIND AN INTEGER FEASIBLE SOLUTION,0.000000,3600,8020,0,-1,-1,0.000000,0.000000,1.435770,1.435770,12
r-stop-dp-R50_3_v2_d0.25_b1,config20,3,FAILED TO FIND AN INTEGER FEASIBLE SOLUTION,0.000000,3600,7907,0,-1,-1,0.000000,0.000000,0.794482,0.794482,9
r-stop-dp-R50_3_v2_d0.25_b1,config16,1,FOUND INTEGER FEASIBLE,3.651956,149.222050,520,11,5,0,-89.649160,-97.095780,0.000000,0.000000,0
r-stop-dp-R50_3_v2_d0.25_b1,config16,2,FOUND INTEGER FEASIBLE,3.125038,61.612572,180,11,2,0,-63.566330,-63.809330,0.000000,0.000000,0
r-stop-dp-R50_3_v2_d0.25_b1,config16,3,FOUND INTEGER FEASIBLE,3.138239,51.768812,181,11,2,0,-43.552180,-54.636320,0.000000,0.000000,0
r-stop-dp-R50_3_v2_d0.25_b1,config17,1,FOUND INTEGER FEASIBLE,0.187621,0.755158,0,2,0,0,0.000000,0.000000,0.000000,0.000000,0
r-stop-dp-R50_3_v2_d0.25_b1,config17,2,FOUND INTEGER FEASIBLE,0.206863,0.783887,0,2,0,0,0.000000,0.000000,0.000000,0.000000,0
r-stop-dp-R50_3_v2_d0.25_b1,config17,3,FOUND INTEGER FEASIBLE,0.189903,0.767792,0,2,0,0,0.000000,0.000000,0.000000,0.000000,0
r-stop-dp-R50_3_v2_d0.25_b1,config21,1,FOUND INTEGER FEASIBLE,2.891854,3.502909,86,12,1,0,-4.030200,-16.290350,0.000000,0.000000,0
r-stop-dp-R50_3_v2_d0.25_b1,config21,2,FOUND INTEGER FEASIBLE,2.887859,3.499384,85,12,1,0,-6.158480,-18.418630,0.000000,0.000000,0
r-stop-dp-R50_3_v2_d0.25_b1,config21,3,FOUND INTEGER FEASIBLE,2.173123,2.544876,86,12,1,0,-11.018200,-23.386350,0.000000,0.000000,0
r-stop-dp-R50_3_v2_d0.25_b1,config23,1,FOUND INTEGER FEASIBLE,2.877143,3.469031,85,12,1,0,-0.896440,-19.870350,0.000000,0.000000,0
r-stop-dp-R50_3_v2_d0.25_b1,config23,2,FOUND INTEGER FEASIBLE,2.903636,3.524594,85,12,1,0,-6.158480,-18.418630,0.000000,0.000000,0
r-stop-dp-R50_3_v2_d0.25_b1,config23,3,FOUND INTEGER FEASIBLE,2.721419,3.197237,85,12,1,0,-0.896440,-19.870350,0.000000,0.000000,0
r-stop-dp-R50_3_v2_d0.25_b1,config19,1,FOUND INTEGER FEASIBLE,0.000000,0.613072,0,0,-1,-1,0.000000,0.000000,0.000000,0.000000,0
r-stop-dp-R50_3_v2_d0.25_b1,config19,2,FOUND INTEGER FEASIBLE,0.000000,0.596499,0,0,-1,-1,0.000000,0.000000,0.000000,0.000000,0
r-stop-dp-R50_3_v2_d0.25_b1,config19,3,FOUND INTEGER FEASIBLE,0.000000,0.588121,0,0,-1,-1,0.000000,0.000000,0.000000,0.000000,0
r-stop-dp-R50_3_v2_d0.25_b1,config18,1,FOUND INTEGER FEASIBLE,0.000000,0.751815,0,0,-1,-1,0.000000,0.000000,0.000000,0.000000,0
r-stop-dp-R50_3_v2_d0.25_b1,config18,2,FOUND INTEGER FEASIBLE,0.000000,0.741057,0,0,-1,-1,0.000000,0.000000,0.000000,0.000000,0
r-stop-dp-R50_3_v2_d0.25_b1,config18,3,FOUND INTEGER FEASIBLE,0.000000,0.743697,0,0,-1,-1,0.000000,0.000000,0.000000,0.000000,0
r-stop-dp-R50_3_v2_d0.25_b5,config1,1,FAILED TO FIND AN INTEGER FEASIBLE SOLUTION,0.000000,3600,538,0,-1,-1,0.000000,0.000000,1.643271,1.643271,14
r-stop-dp-R50_3_v2_d0.25_b5,config1,2,FAILED TO FIND AN INTEGER FEASIBLE SOLUTION,0.000000,3600,731,0,-1,-1,0.000000,0.000000,1.512175,1.512175,18
r-stop-dp-R50_3_v2_d0.25_b5,config1,3,FAILED TO FIND AN INTEGER FEASIBLE SOLUTION,0.000000,3600,841,0,-1,-1,0.000000,0.000000,2.559356,2.559356,17
r-stop-dp-R50_3_v2_d0.25_b5,config3,1,FOUND INTEGER FEASIBLE,0.000000,34.628640,11,0,-1,-1,-36.674840,-45.537990,0.000000,0.000000,0
r-stop-dp-R50_3_v2_d0.25_b5,config3,2,FOUND INTEGER FEASIBLE,0.000000,51.339084,17,0,-1,-1,-47.785630,-60.518920,0.000000,0.000000,0
r-stop-dp-R50_3_v2_d0.25_b5,config3,3,FOUND INTEGER FEASIBLE,0.000000,5.779647,3,0,-1,-1,0.000000,0.000000,0.000000,0.000000,0
r-stop-dp-R50_3_v2_d0.25_b5,config20,1,FAILED TO FIND AN INTEGER FEASIBLE SOLUTION,0.000000,3600,348,0,-1,-1,0.000000,0.000000,5.073855,5.073855,38
r-stop-dp-R50_3_v2_d0.25_b5,config20,2,FAILED TO FIND AN INTEGER FEASIBLE SOLUTION,0.000000,3600,415,0,-1,-1,0.000000,0.000000,2.384822,2.384822,18
r-stop-dp-R50_3_v2_d0.25_b5,config20,3,FAILED TO FIND AN INTEGER FEASIBLE SOLUTION,0.000000,3600,505,0,-1,-1,0.000000,0.000000,2.579402,2.579402,21
r-stop-dp-R50_3_v2_d0.25_b5,config16,1,FOUND INTEGER FEASIBLE,9.693321,68.987610,179,11,2,0,-49.603980,-50.247980,0.000000,0.000000,0
r-stop-dp-R50_3_v2_d0.25_b5,config16,2,FOUND INTEGER FEASIBLE,11.177742,69.988879,218,11,2,0,-10.415080,-22.838660,0.000000,0.000000,0
r-stop-dp-R50_3_v2_d0.25_b5,config16,3,FOUND INTEGER FEASIBLE,9.568286,123.455071,212,11,2,0,-24.802820,-40.071460,0.000000,0.000000,0
r-stop-dp-R50_3_v2_d0.25_b5,config17,1,FOUND INTEGER FEASIBLE,0.975584,2.555488,0,2,0,0,0.000000,0.000000,0.000000,0.000000,0
r-stop-dp-R50_3_v2_d0.25_b5,config17,2,FOUND INTEGER FEASIBLE,0.874391,2.852615,0,2,0,0,0.000000,0.000000,0.000000,0.000000,0
r-stop-dp-R50_3_v2_d0.25_b5,config17,3,FOUND INTEGER FEASIBLE,0.793139,1.918576,0,2,0,0,0.000000,0.000000,0.000000,0.000000,0
r-stop-dp-R50_3_v2_d0.25_b5,config21,1,FOUND INTEGER FEASIBLE,31.476809,55.823139,92,11,1,0,-79.711990,-92.794620,0.000000,0.000000,0
r-stop-dp-R50_3_v2_d0.25_b5,config21,2,FOUND INTEGER FEASIBLE,37.464266,146.139784,131,11,1,0,-12.675540,-21.033060,0.000000,0.000000,0
r-stop-dp-R50_3_v2_d0.25_b5,config21,3,FOUND INTEGER FEASIBLE,34.799956,58.511728,92,11,1,0,-26.668000,-44.239710,0.000000,0.000000,0
r-stop-dp-R50_3_v2_d0.25_b5,config23,1,FOUND INTEGER FEASIBLE,38.775582,356.971179,201,11,2,0,-6.370200,-25.223660,0.000000,0.000000,0
r-stop-dp-R50_3_v2_d0.25_b5,config23,2,FOUND INTEGER FEASIBLE,34.511389,351.679809,175,11,2,0,-28.420240,-38.808410,0.000000,0.000000,0
r-stop-dp-R50_3_v2_d0.25_b5,config23,3,FOUND INTEGER FEASIBLE,31.332707,699.912324,304,11,3,0,-58.149560,-68.036610,0.000000,0.000000,0
r-stop-dp-R50_3_v2_d0.25_b5,config19,1,FOUND INTEGER FEASIBLE,0.000000,2.178493,0,0,-1,-1,0.000000,0.000000,0.000000,0.000000,0
r-stop-dp-R50_3_v2_d0.25_b5,config19,2,FOUND INTEGER FEASIBLE,0.000000,2.120895,0,0,-1,-1,0.000000,0.000000,0.000000,0.000000,0
r-stop-dp-R50_3_v2_d0.25_b5,config19,3,FOUND INTEGER FEASIBLE,0.000000,2.020740,0,0,-1,-1,0.000000,0.000000,0.000000,0.000000,0
r-stop-dp-R50_3_v2_d0.25_b5,config18,1,FOUND INTEGER FEASIBLE,0.000000,2.750611,0,0,-1,-1,0.000000,0.000000,0.000000,0.000000,0
r-stop-dp-R50_3_v2_d0.25_b5,config18,2,FOUND INTEGER FEASIBLE,0.000000,2.700481,0,0,-1,-1,0.000000,0.000000,0.000000,0.000000,0
r-stop-dp-R50_3_v2_d0.25_b5,config18,3,FOUND INTEGER FEASIBLE,0.000000,2.703853,0,0,-1,-1,0.000000,0.000000,0.000000,0.000000,0
r-stop-dp-R50_3_v4_d0.25_b1,config1,1,FOUND INTEGER FEASIBLE,0.000000,2569.965945,7401,0,-1,-1,-81.169670,-110.797180,0.000000,0.000000,0
r-stop-dp-R50_3_v4_d0.25_b1,config1,2,FOUND INTEGER FEASIBLE,0.000000,778.729513,2319,0,-1,-1,-127.543970,-154.339030,0.000000,0.000000,0
r-stop-dp-R50_3_v4_d0.25_b1,config1,3,FOUND INTEGER FEASIBLE,0.000000,1037.639198,3045,0,-1,-1,-122.757680,-138.031330,0.000000,0.000000,0
r-stop-dp-R50_3_v4_d0.25_b1,config3,1,FOUND INTEGER FEASIBLE,0.000000,3.911470,10,0,-1,-1,-59.346080,-63.925880,0.000000,0.000000,0
r-stop-dp-R50_3_v4_d0.25_b1,config3,2,FOUND INTEGER FEASIBLE,0.000000,80.196669,298,0,-1,-1,-94.526690,-133.771190,0.000000,0.000000,0
r-stop-dp-R50_3_v4_d0.25_b1,config3,3,FOUND INTEGER FEASIBLE,0.000000,1.817660,3,0,-1,-1,0.000000,0.000000,0.000000,0.000000,0
r-stop-dp-R50_3_v4_d0.25_b1,config20,1,FOUND INTEGER FEASIBLE,0.000000,2414.659914,5049,0,-1,-1,-35.803710,-52.528180,0.000000,0.000000,0
r-stop-dp-R50_3_v4_d0.25_b1,config20,2,FOUND INTEGER FEASIBLE,0.000000,904.022011,2009,0,-1,-1,-45.145830,-80.470950,0.000000,0.000000,0
r-stop-dp-R50_3_v4_d0.25_b1,config20,3,FOUND INTEGER FEASIBLE,0.000000,349.861083,842,0,-1,-1,-71.043940,-111.748220,0.000000,0.000000,0
r-stop-dp-R50_3_v4_d0.25_b1,config16,1,FOUND INTEGER FEASIBLE,2.432817,77.451927,173,11,2,0,-73.748530,-81.873330,0.000000,0.000000,0
r-stop-dp-R50_3_v4_d0.25_b1,config16,2,FOUND INTEGER FEASIBLE,3.414388,72.990113,179,11,2,0,-76.166870,-99.350030,0.000000,0.000000,0
r-stop-dp-R50_3_v4_d0.25_b1,config16,3,FOUND INTEGER FEASIBLE,3.605533,58.405024,173,11,2,0,-75.269410,-92.749250,0.000000,0.000000,0
r-stop-dp-R50_3_v4_d0.25_b1,config17,1,FOUND INTEGER FEASIBLE,0.089311,0.445546,0,2,0,0,0.000000,0.000000,0.000000,0.000000,0
r-stop-dp-R50_3_v4_d0.25_b1,config17,2,FOUND INTEGER FEASIBLE,0.088578,0.448540,0,2,0,0,0.000000,0.000000,0.000000,0.000000,0
r-stop-dp-R50_3_v4_d0.25_b1,config17,3,FOUND INTEGER FEASIBLE,0.088956,0.441544,0,2,0,0,0.000000,0.000000,0.000000,0.000000,0
r-stop-dp-R50_3_v4_d0.25_b1,config21,1,FOUND INTEGER FEASIBLE,2.482422,3.079273,0,11,0,0,0.000000,0.000000,0.000000,0.000000,0
r-stop-dp-R50_3_v4_d0.25_b1,config21,2,FOUND INTEGER FEASIBLE,2.514189,3.096047,0,11,0,0,0.000000,0.000000,0.000000,0.000000,0
r-stop-dp-R50_3_v4_d0.25_b1,config21,3,FOUND INTEGER FEASIBLE,2.476631,3.047111,0,11,0,0,0.000000,0.000000,0.000000,0.000000,0
r-stop-dp-R50_3_v4_d0.25_b1,config23,1,FOUND INTEGER FEASIBLE,2.175390,2.486609,2,11,0,0,0.000000,0.000000,0.000000,0.000000,0
r-stop-dp-R50_3_v4_d0.25_b1,config23,2,FOUND INTEGER FEASIBLE,1.907123,2.336633,2,11,0,0,0.000000,0.000000,0.000000,0.000000,0
r-stop-dp-R50_3_v4_d0.25_b1,config23,3,FOUND INTEGER FEASIBLE,2.509959,3.066113,1,11,0,0,0.000000,0.000000,0.000000,0.000000,0
r-stop-dp-R50_3_v4_d0.25_b1,config19,1,FOUND INTEGER FEASIBLE,0.000000,0.620961,0,0,-1,-1,-1.317530,-7.175590,0.000000,0.000000,0
r-stop-dp-R50_3_v4_d0.25_b1,config19,2,FOUND INTEGER FEASIBLE,0.000000,0.560629,0,0,-1,-1,-1.317530,-7.175590,0.000000,0.000000,0
r-stop-dp-R50_3_v4_d0.25_b1,config19,3,FOUND INTEGER FEASIBLE,0.000000,0.545752,0,0,-1,-1,-1.317530,-7.175590,0.000000,0.000000,0
r-stop-dp-R50_3_v4_d0.25_b1,config18,1,FOUND INTEGER FEASIBLE,0.000000,0.712166,0,0,-1,-1,-1.317530,-7.175590,0.000000,0.000000,0
r-stop-dp-R50_3_v4_d0.25_b1,config18,2,FOUND INTEGER FEASIBLE,0.000000,0.705590,0,0,-1,-1,-1.317530,-7.175590,0.000000,0.000000,0
r-stop-dp-R50_3_v4_d0.25_b1,config18,3,FOUND INTEGER FEASIBLE,0.000000,0.702141,0,0,-1,-1,-1.317530,-7.175590,0.000000,0.000000,0
r-stop-dp-R50_3_v4_d0.25_b5,config1,1,FOUND INTEGER FEASIBLE,0.000000,2657.468488,820,0,-1,-1,-138.798160,-145.475250,0.000000,0.000000,0
r-stop-dp-R50_3_v4_d0.25_b5,config1,2,FOUND INTEGER FEASIBLE,0.000000,1710.873835,533,0,-1,-1,-136.289490,-167.404660,0.000000,0.000000,0
r-stop-dp-R50_3_v4_d0.25_b5,config1,3,FOUND INTEGER FEASIBLE,0.000000,1420.262599,473,0,-1,-1,-145.864360,-166.025780,0.000000,0.000000,0
r-stop-dp-R50_3_v4_d0.25_b5,config3,1,FOUND INTEGER FEASIBLE,0.000000,53.483176,11,0,-1,-1,-70.510450,-70.510450,0.000000,0.000000,0
r-stop-dp-R50_3_v4_d0.25_b5,config3,2,FOUND INTEGER FEASIBLE,0.000000,41.157645,10,0,-1,-1,-14.860480,-21.906400,0.000000,0.000000,0
r-stop-dp-R50_3_v4_d0.25_b5,config3,3,FOUND INTEGER FEASIBLE,0.000000,5.789885,3,0,-1,-1,0.000000,0.000000,0.000000,0.000000,0
r-stop-dp-R50_3_v4_d0.25_b5,config20,1,FOUND INTEGER FEASIBLE,0.000000,2983.253008,544,0,-1,-1,-78.959160,-134.199690,0.000000,0.000000,0
r-stop-dp-R50_3_v4_d0.25_b5,config20,2,FOUND INTEGER FEASIBLE,0.000000,2159.455092,398,0,-1,-1,-122.090570,-134.140990,0.000000,0.000000,0
r-stop-dp-R50_3_v4_d0.25_b5,config20,3,FOUND INTEGER FEASIBLE,0.000000,2878.673446,538,0,-1,-1,-123.640800,-140.475770,0.000000,0.000000,0
r-stop-dp-R50_3_v4_d0.25_b5,config16,1,FOUND INTEGER FEASIBLE,16.356419,72.911349,231,11,2,0,-64.505320,-93.375540,0.000000,0.000000,0
r-stop-dp-R50_3_v4_d0.25_b5,config16,2,FOUND INTEGER FEASIBLE,15.343821,66.859949,232,11,2,0,-89.593660,-96.839920,0.000000,0.000000,0
r-stop-dp-R50_3_v4_d0.25_b5,config16,3,FOUND INTEGER FEASIBLE,16.488132,89.376168,233,11,2,0,-61.224560,-67.784680,0.000000,0.000000,0
r-stop-dp-R50_3_v4_d0.25_b5,config17,1,FOUND INTEGER FEASIBLE,0.788234,2.554811,0,2,0,0,0.000000,0.000000,0.000000,0.000000,0
r-stop-dp-R50_3_v4_d0.25_b5,config17,2,FOUND INTEGER FEASIBLE,0.667088,3.595652,0,2,0,0,0.000000,0.000000,0.000000,0.000000,0
r-stop-dp-R50_3_v4_d0.25_b5,config17,3,FOUND INTEGER FEASIBLE,0.666618,2.904000,0,2,0,0,0.000000,0.000000,0.000000,0.000000,0
r-stop-dp-R50_3_v4_d0.25_b5,config21,1,FOUND INTEGER FEASIBLE,17.468838,19.642950,0,11,0,0,0.000000,0.000000,0.000000,0.000000,0
r-stop-dp-R50_3_v4_d0.25_b5,config21,2,FOUND INTEGER FEASIBLE,15.396214,17.442346,0,11,0,0,0.000000,0.000000,0.000000,0.000000,0
r-stop-dp-R50_3_v4_d0.25_b5,config21,3,FOUND INTEGER FEASIBLE,19.214627,20.363837,0,11,0,0,0.000000,0.000000,0.000000,0.000000,0
r-stop-dp-R50_3_v4_d0.25_b5,config23,1,FOUND INTEGER FEASIBLE,16.913195,18.989568,5,11,0,0,0.000000,0.000000,0.000000,0.000000,0
r-stop-dp-R50_3_v4_d0.25_b5,config23,2,FOUND INTEGER FEASIBLE,18.207362,20.264496,5,11,0,0,0.000000,0.000000,0.000000,0.000000,0
r-stop-dp-R50_3_v4_d0.25_b5,config23,3,FOUND INTEGER FEASIBLE,17.173523,19.273076,3,11,0,0,0.000000,0.000000,0.000000,0.000000,0
r-stop-dp-R50_3_v4_d0.25_b5,config19,1,FOUND INTEGER FEASIBLE,0.000000,2.048196,0,0,-1,-1,-1.317530,-7.175590,0.000000,0.000000,0
r-stop-dp-R50_3_v4_d0.25_b5,config19,2,FOUND INTEGER FEASIBLE,0.000000,1.922974,0,0,-1,-1,-1.317530,-7.175590,0.000000,0.000000,0
r-stop-dp-R50_3_v4_d0.25_b5,config19,3,FOUND INTEGER FEASIBLE,0.000000,1.989779,0,0,-1,-1,-1.317530,-7.175590,0.000000,0.000000,0
r-stop-dp-R50_3_v4_d0.25_b5,config18,1,FOUND INTEGER FEASIBLE,0.000000,2.531571,0,0,-1,-1,-1.317530,-7.175590,0.000000,0.000000,0
r-stop-dp-R50_3_v4_d0.25_b5,config18,2,FOUND INTEGER FEASIBLE,0.000000,2.557903,0,0,-1,-1,-1.317530,-7.175590,0.000000,0.000000,0
r-stop-dp-R50_3_v4_d0.25_b5,config18,3,FOUND INTEGER FEASIBLE,0.000000,2.543492,0,0,-1,-1,-1.317530,-7.175590,0.000000,0.000000,0
r-stop-dp-R50_4_v2_d0.25_b1,config1,1,FAILED TO FIND AN INTEGER FEASIBLE SOLUTION,0.000000,3600,8869,0,-1,-1,0.000000,0.000000,0.482113,0.482113,12
r-stop-dp-R50_4_v2_d0.25_b1,config1,2,FOUND INTEGER FEASIBLE,0.000000,870.312351,2295,0,-1,-1,-15.777150,-24.848340,0.000000,0.000000,0
r-stop-dp-R50_4_v2_d0.25_b1,config1,3,FAILED TO FIND AN INTEGER FEASIBLE SOLUTION,0.000000,3600,9108,0,-1,-1,0.000000,0.000000,0.417756,0.417756,9
r-stop-dp-R50_4_v2_d0.25_b1,config3,1,FAILED TO FIND AN INTEGER FEASIBLE SOLUTION,0.000000,3600,9036,0,-1,-1,0.000000,0.000000,0.018660,0.018660,4
r-stop-dp-R50_4_v2_d0.25_b1,config3,2,FOUND INTEGER FEASIBLE,0.000000,3.936364,10,0,-1,-1,-22.048080,-35.433480,0.000000,0.000000,0
r-stop-dp-R50_4_v2_d0.25_b1,config3,3,FOUND INTEGER FEASIBLE,0.000000,2.213319,5,0,-1,-1,0.000000,0.000000,0.000000,0.000000,0
r-stop-dp-R50_4_v2_d0.25_b1,config20,1,FAILED TO FIND AN INTEGER FEASIBLE SOLUTION,0.000000,3600,6180,0,-1,-1,0.000000,0.000000,0.273069,0.273069,6
r-stop-dp-R50_4_v2_d0.25_b1,config20,2,FAILED TO FIND AN INTEGER FEASIBLE SOLUTION,0.000000,3600,6674,0,-1,-1,0.000000,0.000000,0.032330,0.032330,6
r-stop-dp-R50_4_v2_d0.25_b1,config20,3,FAILED TO FIND AN INTEGER FEASIBLE SOLUTION,0.000000,3600,6569,0,-1,-1,0.000000,0.000000,0.424667,0.424667,9
r-stop-dp-R50_4_v2_d0.25_b1,config16,1,FOUND INTEGER FEASIBLE,3.180389,77.498569,225,12,2,0,-35.557810,-101.045330,0.000000,0.000000,0
r-stop-dp-R50_4_v2_d0.25_b1,config16,2,FOUND INTEGER FEASIBLE,2.973360,65.186792,174,11,2,0,-56.806310,-57.354870,0.000000,0.000000,0
r-stop-dp-R50_4_v2_d0.25_b1,config16,3,FOUND INTEGER FEASIBLE,2.983764,74.395198,222,11,2,0,-22.403700,-47.660430,0.000000,0.000000,0
r-stop-dp-R50_4_v2_d0.25_b1,config17,1,FOUND INTEGER FEASIBLE,0.100596,0.401961,0,2,0,0,0.000000,0.000000,0.000000,0.000000,0
r-stop-dp-R50_4_v2_d0.25_b1,config17,2,FOUND INTEGER FEASIBLE,0.191956,0.782381,0,2,0,0,0.000000,0.000000,0.000000,0.000000,0
r-stop-dp-R50_4_v2_d0.25_b1,config17,3,FOUND INTEGER FEASIBLE,0.190060,0.768549,0,2,0,0,0.000000,0.000000,0.000000,0.000000,0
r-stop-dp-R50_4_v2_d0.25_b1,config21,1,FOUND INTEGER FEASIBLE,3.374101,3.986872,85,12,1,0,-21.655530,-38.823290,0.000000,0.000000,0
r-stop-dp-R50_4_v2_d0.25_b1,config21,2,FOUND INTEGER FEASIBLE,3.053425,3.577127,98,12,1,0,-26.160890,-37.433600,0.000000,0.000000,0
r-stop-dp-R50_4_v2_d0.25_b1,config21,3,FOUND INTEGER FEASIBLE,3.391565,4.014469,85,12,1,0,-21.655530,-38.823290,0.000000,0.000000,0
r-stop-dp-R50_4_v2_d0.25_b1,config23,1,FOUND INTEGER FEASIBLE,2.573872,3.172619,97,12,1,0,-3.155530,-33.825690,0.000000,0.000000,0
r-stop-dp-R50_4_v2_d0.25_b1,config23,2,FOUND INTEGER FEASIBLE,2.567663,3.168480,98,12,1,0,-26.160890,-37.433600,0.000000,0.000000,0
r-stop-dp-R50_4_v2_d0.25_b1,config23,3,FOUND INTEGER FEASIBLE,2.406283,2.878117,85,12,1,0,-21.655530,-38.823290,0.000000,0.000000,0
r-stop-dp-R50_4_v2_d0.25_b1,config19,1,FOUND INTEGER FEASIBLE,0.000000,0.610133,0,0,-1,-1,0.000000,0.000000,0.000000,0.000000,0
r-stop-dp-R50_4_v2_d0.25_b1,config19,2,FOUND INTEGER FEASIBLE,0.000000,0.587281,0,0,-1,-1,0.000000,0.000000,0.000000,0.000000,0
r-stop-dp-R50_4_v2_d0.25_b1,config19,3,FOUND INTEGER FEASIBLE,0.000000,0.586305,0,0,-1,-1,0.000000,0.000000,0.000000,0.000000,0
r-stop-dp-R50_4_v2_d0.25_b1,config18,1,FOUND INTEGER FEASIBLE,0.000000,0.614553,0,0,-1,-1,0.000000,0.000000,0.000000,0.000000,0
r-stop-dp-R50_4_v2_d0.25_b1,config18,2,FOUND INTEGER FEASIBLE,0.000000,0.755997,0,0,-1,-1,0.000000,0.000000,0.000000,0.000000,0
r-stop-dp-R50_4_v2_d0.25_b1,config18,3,FOUND INTEGER FEASIBLE,0.000000,0.741105,0,0,-1,-1,0.000000,0.000000,0.000000,0.000000,0
r-stop-dp-R50_4_v2_d0.25_b5,config1,1,FAILED TO FIND AN INTEGER FEASIBLE SOLUTION,0.000000,3600,747,0,-1,-1,0.000000,0.000000,1.695890,1.695890,20
r-stop-dp-R50_4_v2_d0.25_b5,config1,2,FAILED TO FIND AN INTEGER FEASIBLE SOLUTION,0.000000,3600,599,0,-1,-1,0.000000,0.000000,0.879450,0.879450,14
r-stop-dp-R50_4_v2_d0.25_b5,config1,3,FAILED TO FIND AN INTEGER FEASIBLE SOLUTION,0.000000,3600,802,0,-1,-1,0.000000,0.000000,0.451222,0.451222,6
r-stop-dp-R50_4_v2_d0.25_b5,config3,1,FAILED TO FIND AN INTEGER FEASIBLE SOLUTION,0.000000,3600,296,0,-1,-1,0.000000,0.000000,0.559741,0.559741,6
r-stop-dp-R50_4_v2_d0.25_b5,config3,2,FOUND INTEGER FEASIBLE,0.000000,75.319301,10,0,-1,-1,-22.048080,-35.433480,0.000000,0.000000,0
r-stop-dp-R50_4_v2_d0.25_b5,config3,3,FOUND INTEGER FEASIBLE,0.000000,70.707351,5,0,-1,-1,0.000000,0.000000,0.000000,0.000000,0
r-stop-dp-R50_4_v2_d0.25_b5,config20,1,FAILED TO FIND AN INTEGER FEASIBLE SOLUTION,0.000000,3600,634,0,-1,-1,0.000000,0.000000,0.896436,0.896436,17
r-stop-dp-R50_4_v2_d0.25_b5,config20,2,FAILED TO FIND AN INTEGER FEASIBLE SOLUTION,0.000000,3600,487,0,-1,-1,0.000000,0.000000,1.628672,1.628672,24
r-stop-dp-R50_4_v2_d0.25_b5,config20,3,FAILED TO FIND AN INTEGER FEASIBLE SOLUTION,0.000000,3600,508,0,-1,-1,0.000000,0.000000,0.900083,0.900083,10
r-stop-dp-R50_4_v2_d0.25_b5,config16,1,FOUND INTEGER FEASIBLE,10.225067,69.862430,231,11,2,0,-18.544040,-18.544040,0.000000,0.000000,0
r-stop-dp-R50_4_v2_d0.25_b5,config16,2,FOUND INTEGER FEASIBLE,11.136869,395.104140,301,11,3,0,-52.653310,-57.942310,0.000000,0.000000,0
r-stop-dp-R50_4_v2_d0.25_b5,config16,3,FOUND INTEGER FEASIBLE,10.516287,71.442754,206,11,2,0,-13.332760,-22.646240,0.000000,0.000000,0
r-stop-dp-R50_4_v2_d0.25_b5,config17,1,FOUND INTEGER FEASIBLE,1.291468,3.251363,0,2,0,0,0.000000,0.000000,0.000000,0.000000,0
r-stop-dp-R50_4_v2_d0.25_b5,config17,2,FOUND INTEGER FEASIBLE,1.061611,2.568857,0,2,0,0,0.000000,0.000000,0.000000,0.000000,0
r-stop-dp-R50_4_v2_d0.25_b5,config17,3,FOUND INTEGER FEASIBLE,1.131103,3.169929,0,2,0,0,0.000000,0.000000,0.000000,0.000000,0
r-stop-dp-R50_4_v2_d0.25_b5,config21,1,FOUND INTEGER FEASIBLE,100.871855,102.936353,2,11,0,0,0.000000,-13.202400,0.000000,0.000000,0
r-stop-dp-R50_4_v2_d0.25_b5,config21,2,FOUND INTEGER FEASIBLE,104.402277,105.986825,1,11,0,0,-18.500000,-18.500000,0.000000,0.000000,0
r-stop-dp-R50_4_v2_d0.25_b5,config21,3,FOUND INTEGER FEASIBLE,109.461733,111.521633,2,11,0,0,0.000000,-13.202400,0.000000,0.000000,0
r-stop-dp-R50_4_v2_d0.25_b5,config23,1,FOUND INTEGER FEASIBLE,106.389228,107.990730,0,11,0,0,0.000000,0.000000,0.000000,0.000000,0
r-stop-dp-R50_4_v2_d0.25_b5,config23,2,FOUND INTEGER FEASIBLE,103.585810,105.718856,0,11,0,0,0.000000,0.000000,0.000000,0.000000,0
r-stop-dp-R50_4_v2_d0.25_b5,config23,3,FOUND INTEGER FEASIBLE,112.219298,114.281598,0,11,0,0,0.000000,0.000000,0.000000,0.000000,0
r-stop-dp-R50_4_v2_d0.25_b5,config19,1,FOUND INTEGER FEASIBLE,0.000000,2.248869,0,0,-1,-1,0.000000,0.000000,0.000000,0.000000,0
r-stop-dp-R50_4_v2_d0.25_b5,config19,2,FOUND INTEGER FEASIBLE,0.000000,2.036501,0,0,-1,-1,0.000000,0.000000,0.000000,0.000000,0
r-stop-dp-R50_4_v2_d0.25_b5,config19,3,FOUND INTEGER FEASIBLE,0.000000,2.147656,0,0,-1,-1,0.000000,0.000000,0.000000,0.000000,0
r-stop-dp-R50_4_v2_d0.25_b5,config18,1,FOUND INTEGER FEASIBLE,0.000000,2.659630,0,0,-1,-1,0.000000,0.000000,0.000000,0.000000,0
r-stop-dp-R50_4_v2_d0.25_b5,config18,2,FOUND INTEGER FEASIBLE,0.000000,2.717540,0,0,-1,-1,0.000000,0.000000,0.000000,0.000000,0
r-stop-dp-R50_4_v2_d0.25_b5,config18,3,FOUND INTEGER FEASIBLE,0.000000,2.693760,0,0,-1,-1,0.000000,0.000000,0.000000,0.000000,0
r-stop-dp-R50_4_v4_d0.25_b1,config1,1,FOUND INTEGER FEASIBLE,0.000000,876.660344,2194,0,-1,-1,-65.222910,-107.792820,0.000000,0.000000,0
r-stop-dp-R50_4_v4_d0.25_b1,config1,2,FOUND INTEGER FEASIBLE,0.000000,819.046452,2145,0,-1,-1,-127.494990,-189.451850,0.000000,0.000000,0
r-stop-dp-R50_4_v4_d0.25_b1,config1,3,FOUND INTEGER FEASIBLE,0.000000,569.871176,1541,0,-1,-1,-125.539760,-145.681790,0.000000,0.000000,0
r-stop-dp-R50_4_v4_d0.25_b1,config3,1,FOUND INTEGER FEASIBLE,0.000000,14.336664,44,0,-1,-1,-111.839710,-167.970310,0.000000,0.000000,0
r-stop-dp-R50_4_v4_d0.25_b1,config3,2,FOUND INTEGER FEASIBLE,0.000000,3.834511,10,0,-1,-1,-22.048080,-35.433480,0.000000,0.000000,0
r-stop-dp-R50_4_v4_d0.25_b1,config3,3,FOUND INTEGER FEASIBLE,0.000000,2.199076,5,0,-1,-1,0.000000,0.000000,0.000000,0.000000,0
r-stop-dp-R50_4_v4_d0.25_b1,config20,1,FOUND INTEGER FEASIBLE,0.000000,786.843252,1545,0,-1,-1,-105.367730,-179.955810,0.000000,0.000000,0
r-stop-dp-R50_4_v4_d0.25_b1,config20,2,FOUND INTEGER FEASIBLE,0.000000,708.858428,1537,0,-1,-1,-127.448100,-169.814260,0.000000,0.000000,0
r-stop-dp-R50_4_v4_d0.25_b1,config20,3,FOUND INTEGER FEASIBLE,0.000000,647.174884,1446,0,-1,-1,-112.074620,-126.543380,0.000000,0.000000,0
r-stop-dp-R50_4_v4_d0.25_b1,config16,1,FOUND INTEGER FEASIBLE,1.975631,134.942925,337,11,3,1,-113.265360,-202.704190,0.000000,0.000000,0
r-stop-dp-R50_4_v4_d0.25_b1,config16,2,FOUND INTEGER FEASIBLE,2.982113,183.019577,562,11,5,1,-114.678330,-175.915630,0.000000,0.000000,0
r-stop-dp-R50_4_v4_d0.25_b1,config16,3,FOUND INTEGER FEASIBLE,3.642535,197.030234,556,11,5,1,-91.053640,-158.825690,0.000000,0.000000,0
r-stop-dp-R50_4_v4_d0.25_b1,config17,1,FOUND INTEGER FEASIBLE,0.089460,0.442079,0,2,0,0,0.000000,0.000000,0.000000,0.000000,0
r-stop-dp-R50_4_v4_d0.25_b1,config17,2,FOUND INTEGER FEASIBLE,0.168729,0.854337,0,2,0,0,0.000000,0.000000,0.000000,0.000000,0
r-stop-dp-R50_4_v4_d0.25_b1,config17,3,FOUND INTEGER FEASIBLE,0.166541,0.866975,0,2,0,0,0.000000,0.000000,0.000000,0.000000,0
r-stop-dp-R50_4_v4_d0.25_b1,config21,1,FOUND INTEGER FEASIBLE,3.508570,4.112626,0,11,0,0,0.000000,0.000000,0.000000,0.000000,0
r-stop-dp-R50_4_v4_d0.25_b1,config21,2,FOUND INTEGER FEASIBLE,2.360304,2.933790,1,12,0,0,0.000000,0.000000,0.000000,0.000000,0
r-stop-dp-R50_4_v4_d0.25_b1,config21,3,FOUND INTEGER FEASIBLE,2.637783,3.213205,0,11,0,0,0.000000,0.000000,0.000000,0.000000,0
r-stop-dp-R50_4_v4_d0.25_b1,config23,1,FOUND INTEGER FEASIBLE,2.594440,2.894042,0,11,0,0,0.000000,0.000000,0.000000,0.000000,0
r-stop-dp-R50_4_v4_d0.25_b1,config23,2,FOUND INTEGER FEASIBLE,2.463909,2.911544,0,11,0,0,0.000000,0.000000,0.000000,0.000000,0
r-stop-dp-R50_4_v4_d0.25_b1,config23,3,FOUND INTEGER FEASIBLE,3.062359,3.665162,0,11,0,0,0.000000,0.000000,0.000000,0.000000,0
r-stop-dp-R50_4_v4_d0.25_b1,config19,1,FOUND INTEGER FEASIBLE,0.000000,0.614164,0,0,-1,-1,-1.317530,-7.175590,0.000000,0.000000,0
r-stop-dp-R50_4_v4_d0.25_b1,config19,2,FOUND INTEGER FEASIBLE,0.000000,0.600687,0,0,-1,-1,-1.317530,-7.175590,0.000000,0.000000,0
r-stop-dp-R50_4_v4_d0.25_b1,config19,3,FOUND INTEGER FEASIBLE,0.000000,0.524257,0,0,-1,-1,-1.317530,-7.175590,0.000000,0.000000,0
r-stop-dp-R50_4_v4_d0.25_b1,config18,1,FOUND INTEGER FEASIBLE,0.000000,0.709297,0,0,-1,-1,-1.317530,-7.175590,0.000000,0.000000,0
r-stop-dp-R50_4_v4_d0.25_b1,config18,2,FOUND INTEGER FEASIBLE,0.000000,0.697527,0,0,-1,-1,-1.317530,-7.175590,0.000000,0.000000,0
r-stop-dp-R50_4_v4_d0.25_b1,config18,3,FOUND INTEGER FEASIBLE,0.000000,0.698053,0,0,-1,-1,-1.317530,-7.175590,0.000000,0.000000,0
r-stop-dp-R50_4_v4_d0.25_b5,config1,1,FOUND INTEGER FEASIBLE,0.000000,1452.185777,397,0,-1,-1,-66.587080,-146.755020,0.000000,0.000000,0
r-stop-dp-R50_4_v4_d0.25_b5,config1,2,FOUND INTEGER FEASIBLE,0.000000,868.085494,251,0,-1,-1,-109.754070,-144.590520,0.000000,0.000000,0
r-stop-dp-R50_4_v4_d0.25_b5,config1,3,FOUND INTEGER FEASIBLE,0.000000,1900.709376,363,0,-1,-1,-113.488720,-129.775600,0.000000,0.000000,0
r-stop-dp-R50_4_v4_d0.25_b5,config3,1,FOUND INTEGER FEASIBLE,0.000000,1427.509141,179,0,-1,-1,-61.154410,-111.215760,0.000000,0.000000,0
r-stop-dp-R50_4_v4_d0.25_b5,config3,2,FOUND INTEGER FEASIBLE,0.000000,72.162512,10,0,-1,-1,-22.048080,-35.433480,0.000000,0.000000,0
r-stop-dp-R50_4_v4_d0.25_b5,config3,3,FOUND INTEGER FEASIBLE,0.000000,70.497308,5,0,-1,-1,0.000000,0.000000,0.000000,0.000000,0
r-stop-dp-R50_4_v4_d0.25_b5,config20,1,FAILED TO FIND AN INTEGER FEASIBLE SOLUTION,0.000000,3600,550,0,-1,-1,0.000000,0.000000,0.351639,0.351639,6
r-stop-dp-R50_4_v4_d0.25_b5,config20,2,FAILED TO FIND AN INTEGER FEASIBLE SOLUTION,0.000000,3600,403,0,-1,-1,0.000000,0.000000,0.812869,0.812869,11
r-stop-dp-R50_4_v4_d0.25_b5,config20,3,FOUND INTEGER FEASIBLE,0.000000,3185.276854,448,0,-1,-1,-89.402110,-118.355350,0.000000,0.000000,0
r-stop-dp-R50_4_v4_d0.25_b5,config16,1,FOUND INTEGER FEASIBLE,5.832986,98.573475,141,11,2,1,-75.943780,-156.605930,0.000000,0.000000,0
r-stop-dp-R50_4_v4_d0.25_b5,config16,2,FOUND INTEGER FEASIBLE,7.379060,31.336622,143,11,2,1,-49.761050,-147.113640,0.000000,0.000000,0
r-stop-dp-R50_4_v4_d0.25_b5,config16,3,FOUND INTEGER FEASIBLE,7.224430,10.098146,20,11,1,1,-143.983040,-188.366100,0.000000,0.000000,0
r-stop-dp-R50_4_v4_d0.25_b5,config17,1,FOUND INTEGER FEASIBLE,0.765957,3.012788,0,2,0,0,0.000000,0.000000,0.000000,0.000000,0
r-stop-dp-R50_4_v4_d0.25_b5,config17,2,FOUND INTEGER FEASIBLE,1.210347,2.883509,0,2,0,0,0.000000,0.000000,0.000000,0.000000,0
r-stop-dp-R50_4_v4_d0.25_b5,config17,3,FOUND INTEGER FEASIBLE,0.874685,2.686200,0,2,0,0,0.000000,0.000000,0.000000,0.000000,0
r-stop-dp-R50_4_v4_d0.25_b5,config21,1,FOUND INTEGER FEASIBLE,24.970633,27.027962,0,11,0,0,0.000000,0.000000,0.000000,0.000000,0
r-stop-dp-R50_4_v4_d0.25_b5,config21,2,FOUND INTEGER FEASIBLE,25.792525,26.967537,0,11,0,0,0.000000,0.000000,0.000000,0.000000,0
r-stop-dp-R50_4_v4_d0.25_b5,config21,3,FOUND INTEGER FEASIBLE,26.198768,27.418369,0,11,0,0,0.000000,0.000000,0.000000,0.000000,0
r-stop-dp-R50_4_v4_d0.25_b5,config23,1,FOUND INTEGER FEASIBLE,29.369326,31.385633,7,11,0,0,0.000000,0.000000,0.000000,0.000000,0
r-stop-dp-R50_4_v4_d0.25_b5,config23,2,FOUND INTEGER FEASIBLE,25.472804,27.540115,7,11,0,0,0.000000,0.000000,0.000000,0.000000,0
r-stop-dp-R50_4_v4_d0.25_b5,config23,3,FOUND INTEGER FEASIBLE,24.104743,26.172790,5,11,0,0,0.000000,0.000000,0.000000,0.000000,0
r-stop-dp-R50_4_v4_d0.25_b5,config19,1,FOUND INTEGER FEASIBLE,0.000000,2.040174,0,0,-1,-1,-1.317530,-7.175590,0.000000,0.000000,0
r-stop-dp-R50_4_v4_d0.25_b5,config19,2,FOUND INTEGER FEASIBLE,0.000000,1.953872,0,0,-1,-1,-1.317530,-7.175590,0.000000,0.000000,0
r-stop-dp-R50_4_v4_d0.25_b5,config19,3,FOUND INTEGER FEASIBLE,0.000000,2.064764,0,0,-1,-1,-1.317530,-7.175590,0.000000,0.000000,0
r-stop-dp-R50_4_v4_d0.25_b5,config18,1,FOUND INTEGER FEASIBLE,0.000000,2.601298,0,0,-1,-1,-1.317530,-7.175590,0.000000,0.000000,0
r-stop-dp-R50_4_v4_d0.25_b5,config18,2,FOUND INTEGER FEASIBLE,0.000000,2.554780,0,0,-1,-1,-1.317530,-7.175590,0.000000,0.000000,0
r-stop-dp-R50_4_v4_d0.25_b5,config18,3,FOUND INTEGER FEASIBLE,0.000000,2.551195,0,0,-1,-1,-1.317530,-7.175590,0.000000,0.000000,0
r-stop-dp-RC100_3_v2_d0.25_b1,config1,1,FAILED TO FIND AN INTEGER FEASIBLE SOLUTION,0.000000,3600,395,0,-1,-1,0.000000,0.000000,14.591377,14.591377,133
r-stop-dp-RC100_3_v2_d0.25_b1,config1,2,FAILED TO FIND AN INTEGER FEASIBLE SOLUTION,0.000000,3600,387,0,-1,-1,0.000000,0.000000,13.809180,13.821298,123
r-stop-dp-RC100_3_v2_d0.25_b1,config1,3,FAILED TO FIND AN INTEGER FEASIBLE SOLUTION,0.000000,3600,389,0,-1,-1,0.000000,0.000000,14.206076,14.206076,108
r-stop-dp-RC100_3_v2_d0.25_b1,config3,1,FOUND INTEGER FEASIBLE,0.000000,10.137071,3,0,-1,-1,0.000000,0.000000,0.000000,0.000000,0
r-stop-dp-RC100_3_v2_d0.25_b1,config3,2,FOUND INTEGER FEASIBLE,0.000000,10.210863,3,0,-1,-1,0.000000,0.000000,0.000000,0.000000,0
r-stop-dp-RC100_3_v2_d0.25_b1,config3,3,FOUND INTEGER FEASIBLE,0.000000,11.941925,4,0,-1,-1,0.000000,0.000000,0.000000,0.000000,0
r-stop-dp-RC100_3_v2_d0.25_b1,config20,1,FAILED TO FIND AN INTEGER FEASIBLE SOLUTION,0.000000,3600,225,0,-1,-1,0.000000,0.000000,14.535789,14.954081,102
r-stop-dp-RC100_3_v2_d0.25_b1,config20,2,FAILED TO FIND AN INTEGER FEASIBLE SOLUTION,0.000000,3600,225,0,-1,-1,0.000000,0.000000,15.778718,15.778718,136
r-stop-dp-RC100_3_v2_d0.25_b1,config20,3,FAILED TO FIND AN INTEGER FEASIBLE SOLUTION,0.000000,3600,236,0,-1,-1,0.000000,0.000000,14.708373,14.708373,136
r-stop-dp-RC100_3_v2_d0.25_b1,config16,1,FAILED TO FIND AN INTEGER FEASIBLE SOLUTION,44.581536,3600,512,12,12,1,0.000000,0.000000,14.438424,14.438424,111
r-stop-dp-RC100_3_v2_d0.25_b1,config16,2,FAILED TO FIND AN INTEGER FEASIBLE SOLUTION,45.983377,3600,518,12,12,1,0.000000,0.000000,11.742889,12.011306,100
r-stop-dp-RC100_3_v2_d0.25_b1,config16,3,FAILED TO FIND AN INTEGER FEASIBLE SOLUTION,44.918242,3600,469,12,12,1,0.000000,0.000000,13.051217,13.051217,107
r-stop-dp-RC100_3_v2_d0.25_b1,config17,1,FOUND INTEGER FEASIBLE,1.187932,4.922699,1,7,0,0,0.000000,0.000000,0.000000,0.000000,0
r-stop-dp-RC100_3_v2_d0.25_b1,config17,2,FOUND INTEGER FEASIBLE,1.192895,4.757495,1,7,0,0,0.000000,0.000000,0.000000,0.000000,0
r-stop-dp-RC100_3_v2_d0.25_b1,config17,3,FOUND INTEGER FEASIBLE,1.584592,5.370615,2,7,0,0,0.000000,0.000000,0.000000,0.000000,0
r-stop-dp-RC100_3_v2_d0.25_b1,config21,1,FOUND INTEGER FEASIBLE,11.725362,15.921664,0,11,0,0,0.000000,0.000000,0.000000,0.000000,0
r-stop-dp-RC100_3_v2_d0.25_b1,config21,2,FOUND INTEGER FEASIBLE,11.519189,14.106358,0,11,0,0,0.000000,0.000000,0.000000,0.000000,0
r-stop-dp-RC100_3_v2_d0.25_b1,config21,3,FOUND INTEGER FEASIBLE,11.783002,16.533384,0,11,0,0,0.000000,0.000000,0.000000,0.000000,0
r-stop-dp-RC100_3_v2_d0.25_b1,config23,1,FOUND INTEGER FEASIBLE,10.517399,13.946902,4,11,0,0,0.000000,0.000000,0.000000,0.000000,0
r-stop-dp-RC100_3_v2_d0.25_b1,config23,2,FOUND INTEGER FEASIBLE,11.393873,14.961747,4,11,0,0,0.000000,0.000000,0.000000,0.000000,0
r-stop-dp-RC100_3_v2_d0.25_b1,config23,3,FOUND INTEGER FEASIBLE,11.385483,13.978892,10,11,0,0,0.000000,0.000000,0.000000,0.000000,0
r-stop-dp-RC100_3_v2_d0.25_b1,config19,1,FOUND INTEGER FEASIBLE,0.000000,4.237396,0,0,-1,-1,-1.255030,-11.204230,0.000000,0.000000,0
r-stop-dp-RC100_3_v2_d0.25_b1,config19,2,FOUND INTEGER FEASIBLE,0.000000,4.225648,0,0,-1,-1,-1.255030,-11.204230,0.000000,0.000000,0
r-stop-dp-RC100_3_v2_d0.25_b1,config19,3,FOUND INTEGER FEASIBLE,0.000000,4.433976,0,0,-1,-1,-1.255030,-11.204230,0.000000,0.000000,0
r-stop-dp-RC100_3_v2_d0.25_b1,config18,1,FOUND INTEGER FEASIBLE,0.000000,5.510736,0,0,-1,-1,-1.255030,-11.204230,0.000000,0.000000,0
r-stop-dp-RC100_3_v2_d0.25_b1,config18,2,FOUND INTEGER FEASIBLE,0.000000,5.299025,0,0,-1,-1,-1.255030,-11.204230,0.000000,0.000000,0
r-stop-dp-RC100_3_v2_d0.25_b1,config18,3,FOUND INTEGER FEASIBLE,0.000000,4.810879,0,0,-1,-1,-1.255030,-11.204230,0.000000,0.000000,0
r-stop-dp-RC100_3_v2_d0.25_b5,config1,1,FAILED TO FIND AN INTEGER FEASIBLE SOLUTION,0.000000,3600,28,0,-1,-1,0.000000,0.000000,17.834338,17.834338,179
r-stop-dp-RC100_3_v2_d0.25_b5,config1,2,FAILED TO FIND AN INTEGER FEASIBLE SOLUTION,0.000000,3600,28,0,-1,-1,0.000000,0.000000,17.547753,17.547753,159
r-stop-dp-RC100_3_v2_d0.25_b5,config1,3,FAILED TO FIND AN INTEGER FEASIBLE SOLUTION,0.000000,3600,28,0,-1,-1,0.000000,0.000000,17.651799,17.651799,186
r-stop-dp-RC100_3_v2_d0.25_b5,config3,1,FOUND INTEGER FEASIBLE,0.000000,579.022128,3,0,-1,-1,0.000000,0.000000,0.000000,0.000000,0
r-stop-dp-RC100_3_v2_d0.25_b5,config3,2,FOUND INTEGER FEASIBLE,0.000000,591.050372,3,0,-1,-1,0.000000,0.000000,0.000000,0.000000,0
r-stop-dp-RC100_3_v2_d0.25_b5,config3,3,FAILED TO FIND AN INTEGER FEASIBLE SOLUTION,0.000000,3600,1,0,-1,-1,0.000000,0.000000,1.393151,1.393151,4
r-stop-dp-RC100_3_v2_d0.25_b5,config20,1,FAILED TO FIND AN INTEGER FEASIBLE SOLUTION,0.000000,3600,10,0,-1,-1,0.000000,0.000000,21.472487,21.588203,176
r-stop-dp-RC100_3_v2_d0.25_b5,config20,2,FAILED TO FIND AN INTEGER FEASIBLE SOLUTION,0.000000,3600,10,0,-1,-1,0.000000,0.000000,21.278105,21.291112,171
r-stop-dp-RC100_3_v2_d0.25_b5,config20,3,FAILED TO FIND AN INTEGER FEASIBLE SOLUTION,0.000000,3600,8,0,-1,-1,0.000000,0.000000,20.201444,20.265498,150
r-stop-dp-RC100_3_v2_d0.25_b5,config16,1,FAILED TO FIND AN INTEGER FEASIBLE SOLUTION,348.814075,3600,141,11,11,0,0.000000,0.000000,4.120762,4.120762,31
r-stop-dp-RC100_3_v2_d0.25_b5,config16,2,FAILED TO FIND AN INTEGER FEASIBLE SOLUTION,354.958397,3600,133,11,11,0,0.000000,0.000000,3.855982,3.855982,31
r-stop-dp-RC100_3_v2_d0.25_b5,config16,3,FAILED TO FIND AN INTEGER FEASIBLE SOLUTION,357.721572,3600,139,11,11,0,0.000000,0.000000,2.188592,2.188592,8
r-stop-dp-RC100_3_v2_d0.25_b5,config17,1,FOUND INTEGER FEASIBLE,8.849667,22.251911,1,8,0,0,0.000000,0.000000,0.000000,0.000000,0
r-stop-dp-RC100_3_v2_d0.25_b5,config17,2,FOUND INTEGER FEASIBLE,10.859636,22.767321,1,8,0,0,0.000000,0.000000,0.000000,0.000000,0
r-stop-dp-RC100_3_v2_d0.25_b5,config17,3,FOUND INTEGER FEASIBLE,10.205222,22.900866,1,8,0,0,0.000000,0.000000,0.000000,0.000000,0
r-stop-dp-RC100_3_v2_d0.25_b5,config21,1,FOUND INTEGER FEASIBLE,412.910144,424.281499,0,11,0,0,0.000000,0.000000,0.000000,0.000000,0
r-stop-dp-RC100_3_v2_d0.25_b5,config21,2,FOUND INTEGER FEASIBLE,404.261186,417.006199,0,11,0,0,0.000000,0.000000,0.000000,0.000000,0
r-stop-dp-RC100_3_v2_d0.25_b5,config21,3,FOUND INTEGER FEASIBLE,411.237646,424.840674,0,11,0,0,0.000000,0.000000,0.000000,0.000000,0
r-stop-dp-RC100_3_v2_d0.25_b5,config23,1,FOUND INTEGER FEASIBLE,404.479803,418.779801,4,11,0,0,0.000000,0.000000,0.000000,0.000000,0
r-stop-dp-RC100_3_v2_d0.25_b5,config23,2,FOUND INTEGER FEASIBLE,404.068862,416.054881,4,11,0,0,0.000000,0.000000,0.000000,0.000000,0
r-stop-dp-RC100_3_v2_d0.25_b5,config23,3,FOUND INTEGER FEASIBLE,401.844480,415.320795,5,11,0,0,0.000000,0.000000,0.000000,0.000000,0
r-stop-dp-RC100_3_v2_d0.25_b5,config19,1,FOUND INTEGER FEASIBLE,0.000000,15.445746,0,0,-1,-1,-1.255030,-11.204230,0.000000,0.000000,0
r-stop-dp-RC100_3_v2_d0.25_b5,config19,2,FOUND INTEGER FEASIBLE,0.000000,15.343894,0,0,-1,-1,-1.255030,-11.204230,0.000000,0.000000,0
r-stop-dp-RC100_3_v2_d0.25_b5,config19,3,FOUND INTEGER FEASIBLE,0.000000,14.717205,0,0,-1,-1,-1.255030,-11.204230,0.000000,0.000000,0
r-stop-dp-RC100_3_v2_d0.25_b5,config18,1,FOUND INTEGER FEASIBLE,0.000000,18.711160,0,0,-1,-1,-1.255030,-11.204230,0.000000,0.000000,0
r-stop-dp-RC100_3_v2_d0.25_b5,config18,2,FOUND INTEGER FEASIBLE,0.000000,18.234148,0,0,-1,-1,-1.255030,-11.204230,0.000000,0.000000,0
r-stop-dp-RC100_3_v2_d0.25_b5,config18,3,FOUND INTEGER FEASIBLE,0.000000,18.341109,0,0,-1,-1,-1.255030,-11.204230,0.000000,0.000000,0
r-stop-dp-RC100_3_v4_d0.25_b1,config1,1,FAILED TO FIND AN INTEGER FEASIBLE SOLUTION,0.000000,3600,473,0,-1,-1,0.000000,0.000000,9.223979,9.223979,74
r-stop-dp-RC100_3_v4_d0.25_b1,config1,2,FAILED TO FIND AN INTEGER FEASIBLE SOLUTION,0.000000,3600,454,0,-1,-1,0.000000,0.000000,10.591671,10.591671,108
r-stop-dp-RC100_3_v4_d0.25_b1,config1,3,FAILED TO FIND AN INTEGER FEASIBLE SOLUTION,0.000000,3600,455,0,-1,-1,0.000000,0.000000,8.716320,8.716320,90
r-stop-dp-RC100_3_v4_d0.25_b1,config3,1,FOUND INTEGER FEASIBLE,0.000000,10.203584,3,0,-1,-1,0.000000,0.000000,0.000000,0.000000,0
r-stop-dp-RC100_3_v4_d0.25_b1,config3,2,FOUND INTEGER FEASIBLE,0.000000,10.140183,3,0,-1,-1,0.000000,0.000000,0.000000,0.000000,0
r-stop-dp-RC100_3_v4_d0.25_b1,config3,3,FOUND INTEGER FEASIBLE,0.000000,12.304290,4,0,-1,-1,0.000000,0.000000,0.000000,0.000000,0
r-stop-dp-RC100_3_v4_d0.25_b1,config20,1,FAILED TO FIND AN INTEGER FEASIBLE SOLUTION,0.000000,3600,332,0,-1,-1,0.000000,0.000000,11.823415,11.823415,105
r-stop-dp-RC100_3_v4_d0.25_b1,config20,2,FAILED TO FIND AN INTEGER FEASIBLE SOLUTION,0.000000,3600,284,0,-1,-1,0.000000,0.000000,13.197937,13.197937,127
r-stop-dp-RC100_3_v4_d0.25_b1,config20,3,FAILED TO FIND AN INTEGER FEASIBLE SOLUTION,0.000000,3600,283,0,-1,-1,0.000000,0.000000,12.375811,12.452764,104
r-stop-dp-RC100_3_v4_d0.25_b1,config16,1,FAILED TO FIND AN INTEGER FEASIBLE SOLUTION,27.085154,3600,665,11,11,1,0.000000,0.000000,7.023694,7.023694,58
r-stop-dp-RC100_3_v4_d0.25_b1,config16,2,FAILED TO FIND AN INTEGER FEASIBLE SOLUTION,31.355807,3600,690,11,11,1,0.000000,0.000000,7.249514,7.249514,76
r-stop-dp-RC100_3_v4_d0.25_b1,config16,3,FAILED TO FIND AN INTEGER FEASIBLE SOLUTION,32.328126,3600,647,11,11,1,0.000000,0.000000,7.844382,7.844382,57
r-stop-dp-RC100_3_v4_d0.25_b1,config17,1,FOUND INTEGER FEASIBLE,1.245374,5.480212,1,7,0,0,0.000000,0.000000,0.000000,0.000000,0
r-stop-dp-RC100_3_v4_d0.25_b1,config17,2,FOUND INTEGER FEASIBLE,1.669107,5.915139,1,7,0,0,0.000000,0.000000,0.000000,0.000000,0
r-stop-dp-RC100_3_v4_d0.25_b1,config17,3,FOUND INTEGER FEASIBLE,1.198577,5.403972,2,7,0,0,0.000000,0.000000,0.000000,0.000000,0
r-stop-dp-RC100_3_v4_d0.25_b1,config21,1,FOUND INTEGER FEASIBLE,13.113283,16.671152,0,11,0,0,0.000000,0.000000,0.000000,0.000000,0
r-stop-dp-RC100_3_v4_d0.25_b1,config21,2,FOUND INTEGER FEASIBLE,13.527562,17.224459,0,12,0,0,0.000000,0.000000,0.000000,0.000000,0
r-stop-dp-RC100_3_v4_d0.25_b1,config21,3,FOUND INTEGER FEASIBLE,14.687450,17.585221,0,11,0,0,0.000000,0.000000,0.000000,0.000000,0
r-stop-dp-RC100_3_v4_d0.25_b1,config23,1,FOUND INTEGER FEASIBLE,11.897938,14.485191,6,11,0,0,0.000000,0.000000,0.000000,0.000000,0
r-stop-dp-RC100_3_v4_d0.25_b1,config23,2,FOUND INTEGER FEASIBLE,13.349371,16.587115,3,11,0,0,0.000000,0.000000,0.000000,0.000000,0
r-stop-dp-RC100_3_v4_d0.25_b1,config23,3,FOUND INTEGER FEASIBLE,13.120871,15.680965,4,11,0,0,0.000000,0.000000,0.000000,0.000000,0
r-stop-dp-RC100_3_v4_d0.25_b1,config19,1,FOUND INTEGER FEASIBLE,0.000000,4.572484,0,0,-1,-1,-1.255030,-11.204230,0.000000,0.000000,0
r-stop-dp-RC100_3_v4_d0.25_b1,config19,2,FOUND INTEGER FEASIBLE,0.000000,4.586659,0,0,-1,-1,-1.255030,-11.204230,0.000000,0.000000,0
r-stop-dp-RC100_3_v4_d0.25_b1,config19,3,FOUND INTEGER FEASIBLE,0.000000,4.540411,0,0,-1,-1,-1.255030,-11.204230,0.000000,0.000000,0
r-stop-dp-RC100_3_v4_d0.25_b1,config18,1,FOUND INTEGER FEASIBLE,0.000000,5.586554,0,0,-1,-1,-1.255030,-11.204230,0.000000,0.000000,0
r-stop-dp-RC100_3_v4_d0.25_b1,config18,2,FOUND INTEGER FEASIBLE,0.000000,5.590800,0,0,-1,-1,-1.255030,-11.204230,0.000000,0.000000,0
r-stop-dp-RC100_3_v4_d0.25_b1,config18,3,FOUND INTEGER FEASIBLE,0.000000,5.563310,0,0,-1,-1,-1.255030,-11.204230,0.000000,0.000000,0
r-stop-dp-RC100_3_v4_d0.25_b5,config1,1,FAILED TO FIND AN INTEGER FEASIBLE SOLUTION,0.000000,3600,27,0,-1,-1,0.000000,0.000000,15.756592,15.756592,185
r-stop-dp-RC100_3_v4_d0.25_b5,config1,2,FAILED TO FIND AN INTEGER FEASIBLE SOLUTION,0.000000,3600,29,0,-1,-1,0.000000,0.000000,15.756592,15.756592,185
r-stop-dp-RC100_3_v4_d0.25_b5,config1,3,FAILED TO FIND AN INTEGER FEASIBLE SOLUTION,0.000000,3600,26,0,-1,-1,0.000000,0.000000,15.756592,15.756592,185
r-stop-dp-RC100_3_v4_d0.25_b5,config3,1,FAILED TO FIND AN INTEGER FEASIBLE SOLUTION,0.000000,3600,1,0,-1,-1,0.000000,0.000000,1.332813,1.332813,9
r-stop-dp-RC100_3_v4_d0.25_b5,config3,2,FAILED TO FIND AN INTEGER FEASIBLE SOLUTION,0.000000,3600,1,0,-1,-1,0.000000,0.000000,1.332813,1.332813,9
r-stop-dp-RC100_3_v4_d0.25_b5,config3,3,FAILED TO FIND AN INTEGER FEASIBLE SOLUTION,0.000000,3600,1,0,-1,-1,0.000000,0.000000,1.393151,1.393151,4
r-stop-dp-RC100_3_v4_d0.25_b5,config20,1,FAILED TO FIND AN INTEGER FEASIBLE SOLUTION,0.000000,3600,11,0,-1,-1,0.000000,0.000000,17.602104,17.800689,159
r-stop-dp-RC100_3_v4_d0.25_b5,config20,2,FAILED TO FIND AN INTEGER FEASIBLE SOLUTION,0.000000,3600,13,0,-1,-1,0.000000,0.000000,17.131583,17.131583,173
r-stop-dp-RC100_3_v4_d0.25_b5,config20,3,FAILED TO FIND AN INTEGER FEASIBLE SOLUTION,0.000000,3600,12,0,-1,-1,0.000000,0.000000,17.644969,17.827513,151
r-stop-dp-RC100_3_v4_d0.25_b5,config16,1,FAILED TO FIND AN INTEGER FEASIBLE SOLUTION,282.531532,3600,39,11,11,1,0.000000,0.000000,19.667601,19.667601,206
r-stop-dp-RC100_3_v4_d0.25_b5,config16,2,FAILED TO FIND AN INTEGER FEASIBLE SOLUTION,270.465529,3600,46,11,11,1,0.000000,0.000000,18.956816,18.956816,177
r-stop-dp-RC100_3_v4_d0.25_b5,config16,3,FAILED TO FIND AN INTEGER FEASIBLE SOLUTION,267.455592,3600,40,11,11,1,0.000000,0.000000,19.407043,19.407043,152
r-stop-dp-RC100_3_v4_d0.25_b5,config17,1,FOUND INTEGER FEASIBLE,10.194564,22.432062,0,8,0,0,0.000000,0.000000,0.000000,0.000000,0
r-stop-dp-RC100_3_v4_d0.25_b5,config17,2,FOUND INTEGER FEASIBLE,9.928428,21.126998,0,8,0,0,0.000000,0.000000,0.000000,0.000000,0
r-stop-dp-RC100_3_v4_d0.25_b5,config17,3,FOUND INTEGER FEASIBLE,10.823191,24.081268,0,8,0,0,0.000000,0.000000,0.000000,0.000000,0
r-stop-dp-RC100_3_v4_d0.25_b5,config21,1,FOUND INTEGER FEASIBLE,960.823121,1908.203817,105,11,5,0,0.000000,0.000000,0.000000,0.000000,0
r-stop-dp-RC100_3_v4_d0.25_b5,config21,2,FOUND INTEGER FEASIBLE,692.906667,2081.638740,107,12,6,0,0.000000,0.000000,0.000000,0.000000,0
r-stop-dp-RC100_3_v4_d0.25_b5,config21,3,FOUND INTEGER FEASIBLE,971.620166,2136.769320,103,11,6,0,0.000000,0.000000,0.000000,0.000000,0
r-stop-dp-RC100_3_v4_d0.25_b5,config23,1,FOUND INTEGER FEASIBLE,951.883189,1456.334391,97,11,3,0,0.000000,0.000000,0.000000,0.000000,0
r-stop-dp-RC100_3_v4_d0.25_b5,config23,2,FOUND INTEGER FEASIBLE,971.058246,2581.873739,112,11,8,0,0.000000,0.000000,0.000000,0.000000,0
r-stop-dp-RC100_3_v4_d0.25_b5,config23,3,FOUND INTEGER FEASIBLE,961.314301,2132.797647,107,11,6,0,0.000000,0.000000,0.000000,0.000000,0
r-stop-dp-RC100_3_v4_d0.25_b5,config19,1,FOUND INTEGER FEASIBLE,0.000000,15.553699,0,0,-1,-1,-1.255030,-11.204230,0.000000,0.000000,0
r-stop-dp-RC100_3_v4_d0.25_b5,config19,2,FOUND INTEGER FEASIBLE,0.000000,14.750852,0,0,-1,-1,-1.255030,-11.204230,0.000000,0.000000,0
r-stop-dp-RC100_3_v4_d0.25_b5,config19,3,FOUND INTEGER FEASIBLE,0.000000,14.493647,0,0,-1,-1,-1.255030,-11.204230,0.000000,0.000000,0
r-stop-dp-RC100_3_v4_d0.25_b5,config18,1,FOUND INTEGER FEASIBLE,0.000000,17.475436,0,0,-1,-1,-1.255030,-11.204230,0.000000,0.000000,0
r-stop-dp-RC100_3_v4_d0.25_b5,config18,2,FOUND INTEGER FEASIBLE,0.000000,17.225234,0,0,-1,-1,-1.255030,-11.204230,0.000000,0.000000,0
r-stop-dp-RC100_3_v4_d0.25_b5,config18,3,FOUND INTEGER FEASIBLE,0.000000,17.022664,0,0,-1,-1,-1.255030,-11.204230,0.000000,0.000000,0
r-stop-dp-RC100_4_v2_d0.25_b1,config1,1,FAILED TO FIND AN INTEGER FEASIBLE SOLUTION,0.000000,3600,554,0,-1,-1,0.000000,0.000000,7.450078,7.450078,116
r-stop-dp-RC100_4_v2_d0.25_b1,config1,2,FAILED TO FIND AN INTEGER FEASIBLE SOLUTION,0.000000,3600,574,0,-1,-1,0.000000,0.000000,6.657205,6.657205,109
r-stop-dp-RC100_4_v2_d0.25_b1,config1,3,FAILED TO FIND AN INTEGER FEASIBLE SOLUTION,0.000000,3600,563,0,-1,-1,0.000000,0.000000,6.345252,6.345252,96
r-stop-dp-RC100_4_v2_d0.25_b1,config3,1,FOUND INTEGER FEASIBLE,0.000000,14.593575,7,0,-1,-1,0.000000,0.000000,0.000000,0.000000,0
r-stop-dp-RC100_4_v2_d0.25_b1,config3,2,FAILED TO FIND AN INTEGER FEASIBLE SOLUTION,0.000000,3600,287,0,-1,-1,0.000000,0.000000,0.368419,0.368419,6
r-stop-dp-RC100_4_v2_d0.25_b1,config3,3,FOUND INTEGER FEASIBLE,0.000000,12.759457,5,0,-1,-1,0.000000,0.000000,0.000000,0.000000,0
r-stop-dp-RC100_4_v2_d0.25_b1,config20,1,FAILED TO FIND AN INTEGER FEASIBLE SOLUTION,0.000000,3600,339,0,-1,-1,0.000000,0.000000,8.154697,8.154697,109
r-stop-dp-RC100_4_v2_d0.25_b1,config20,2,FAILED TO FIND AN INTEGER FEASIBLE SOLUTION,0.000000,3600,329,0,-1,-1,0.000000,0.000000,9.104693,9.104693,131
r-stop-dp-RC100_4_v2_d0.25_b1,config20,3,FAILED TO FIND AN INTEGER FEASIBLE SOLUTION,0.000000,3600,335,0,-1,-1,0.000000,0.000000,8.212501,8.212501,111
r-stop-dp-RC100_4_v2_d0.25_b1,config16,1,FAILED TO FIND AN INTEGER FEASIBLE SOLUTION,14.630171,3600,520,10,10,1,0.000000,0.000000,2.263354,2.263354,36
r-stop-dp-RC100_4_v2_d0.25_b1,config16,2,FAILED TO FIND AN INTEGER FEASIBLE SOLUTION,17.619494,3600,603,10,10,1,0.000000,0.000000,2.207974,2.207974,32
r-stop-dp-RC100_4_v2_d0.25_b1,config16,3,FAILED TO FIND AN INTEGER FEASIBLE SOLUTION,16.611613,3600,522,10,10,1,0.000000,0.000000,2.334150,2.334150,45
r-stop-dp-RC100_4_v2_d0.25_b1,config17,1,FOUND INTEGER FEASIBLE,1.039431,4.856175,1,6,0,0,0.000000,0.000000,0.000000,0.000000,0
r-stop-dp-RC100_4_v2_d0.25_b1,config17,2,FOUND INTEGER FEASIBLE,0.993745,4.414491,1,6,0,0,0.000000,0.000000,0.000000,0.000000,0
r-stop-dp-RC100_4_v2_d0.25_b1,config17,3,FOUND INTEGER FEASIBLE,1.011192,4.549179,1,6,0,0,0.000000,0.000000,0.000000,0.000000,0
r-stop-dp-RC100_4_v2_d0.25_b1,config21,1,FOUND INTEGER FEASIBLE,15.208462,18.931670,2,12,0,0,0.000000,0.000000,0.000000,0.000000,0
r-stop-dp-RC100_4_v2_d0.25_b1,config21,2,FOUND INTEGER FEASIBLE,29.536348,33.129440,0,11,0,0,0.000000,0.000000,0.000000,0.000000,0
r-stop-dp-RC100_4_v2_d0.25_b1,config21,3,FOUND INTEGER FEASIBLE,32.849088,36.336827,0,11,0,0,0.000000,0.000000,0.000000,0.000000,0
r-stop-dp-RC100_4_v2_d0.25_b1,config23,1,FOUND INTEGER FEASIBLE,28.631236,32.232338,14,11,0,0,0.000000,0.000000,0.000000,0.000000,0
r-stop-dp-RC100_4_v2_d0.25_b1,config23,2,FOUND INTEGER FEASIBLE,31.816536,35.580819,8,11,0,0,0.000000,0.000000,0.000000,0.000000,0
r-stop-dp-RC100_4_v2_d0.25_b1,config23,3,FOUND INTEGER FEASIBLE,30.525773,34.152162,4,11,0,0,0.000000,0.000000,0.000000,0.000000,0
r-stop-dp-RC100_4_v2_d0.25_b1,config19,1,FOUND INTEGER FEASIBLE,0.000000,4.459735,0,0,-1,-1,-1.255030,-11.204230,0.000000,0.000000,0
r-stop-dp-RC100_4_v2_d0.25_b1,config19,2,FOUND INTEGER FEASIBLE,0.000000,4.280037,0,0,-1,-1,-1.255030,-11.204230,0.000000,0.000000,0
r-stop-dp-RC100_4_v2_d0.25_b1,config19,3,FOUND INTEGER FEASIBLE,0.000000,3.836722,0,0,-1,-1,-1.255030,-11.204230,0.000000,0.000000,0
r-stop-dp-RC100_4_v2_d0.25_b1,config18,1,FOUND INTEGER FEASIBLE,0.000000,5.522814,0,0,-1,-1,-1.255030,-11.204230,0.000000,0.000000,0
r-stop-dp-RC100_4_v2_d0.25_b1,config18,2,FOUND INTEGER FEASIBLE,0.000000,5.452101,0,0,-1,-1,-1.255030,-11.204230,0.000000,0.000000,0
r-stop-dp-RC100_4_v2_d0.25_b1,config18,3,FOUND INTEGER FEASIBLE,0.000000,5.458023,0,0,-1,-1,-1.255030,-11.204230,0.000000,0.000000,0
r-stop-dp-RC100_4_v2_d0.25_b5,config1,1,FAILED TO FIND AN INTEGER FEASIBLE SOLUTION,0.000000,3600,38,0,-1,-1,0.000000,0.000000,10.374589,10.374589,166
r-stop-dp-RC100_4_v2_d0.25_b5,config1,2,FAILED TO FIND AN INTEGER FEASIBLE SOLUTION,0.000000,3600,40,0,-1,-1,0.000000,0.000000,10.305221,10.305221,176
r-stop-dp-RC100_4_v2_d0.25_b5,config1,3,FAILED TO FIND AN INTEGER FEASIBLE SOLUTION,0.000000,3600,43,0,-1,-1,0.000000,0.000000,10.366087,10.366087,165
r-stop-dp-RC100_4_v2_d0.25_b5,config3,1,FAILED TO FIND AN INTEGER FEASIBLE SOLUTION,0.000000,3600,1,0,-1,-1,0.000000,0.000000,0.801735,0.801735,4
r-stop-dp-RC100_4_v2_d0.25_b5,config3,2,FAILED TO FIND AN INTEGER FEASIBLE SOLUTION,0.000000,3600,1,0,-1,-1,0.000000,0.000000,0.801735,0.801735,4
r-stop-dp-RC100_4_v2_d0.25_b5,config3,3,FAILED TO FIND AN INTEGER FEASIBLE SOLUTION,0.000000,3600,3,0,-1,-1,0.000000,0.000000,0.764827,0.764827,8
r-stop-dp-RC100_4_v2_d0.25_b5,config20,1,FAILED TO FIND AN INTEGER FEASIBLE SOLUTION,0.000000,3600,13,0,-1,-1,0.000000,0.000000,12.057852,12.057852,187
r-stop-dp-RC100_4_v2_d0.25_b5,config20,2,FAILED TO FIND AN INTEGER FEASIBLE SOLUTION,0.000000,3600,13,0,-1,-1,0.000000,0.000000,12.191121,12.191121,163
r-stop-dp-RC100_4_v2_d0.25_b5,config20,3,FAILED TO FIND AN INTEGER FEASIBLE SOLUTION,0.000000,3600,13,0,-1,-1,0.000000,0.000000,11.742613,11.742613,170
r-stop-dp-RC100_4_v2_d0.25_b5,config16,1,FAILED TO FIND AN INTEGER FEASIBLE SOLUTION,974.462941,3600,80,11,11,1,0.000000,0.000000,7.521208,7.521208,104
r-stop-dp-RC100_4_v2_d0.25_b5,config16,2,FAILED TO FIND AN INTEGER FEASIBLE SOLUTION,974.604725,3600,93,11,11,1,0.000000,0.000000,7.710067,7.710067,128
r-stop-dp-RC100_4_v2_d0.25_b5,config16,3,FAILED TO FIND AN INTEGER FEASIBLE SOLUTION,985.127328,3600,94,11,11,1,0.000000,0.000000,7.531416,7.531416,125
r-stop-dp-RC100_4_v2_d0.25_b5,config17,1,FOUND INTEGER FEASIBLE,5.414769,19.584747,2,9,0,0,0.000000,0.000000,0.000000,0.000000,0
r-stop-dp-RC100_4_v2_d0.25_b5,config17,2,FOUND INTEGER FEASIBLE,6.597122,19.590224,1,9,0,0,0.000000,0.000000,0.000000,0.000000,0
r-stop-dp-RC100_4_v2_d0.25_b5,config17,3,FOUND INTEGER FEASIBLE,6.255686,16.691983,2,9,0,0,0.000000,0.000000,0.000000,0.000000,0
r-stop-dp-RC100_4_v2_d0.25_b5,config21,1,FOUND INTEGER FEASIBLE,510.210088,522.596221,1,11,0,0,0.000000,0.000000,0.000000,0.000000,0
r-stop-dp-RC100_4_v2_d0.25_b5,config21,2,FOUND INTEGER FEASIBLE,511.864234,523.514067,1,11,0,0,0.000000,0.000000,0.000000,0.000000,0
r-stop-dp-RC100_4_v2_d0.25_b5,config21,3,FOUND INTEGER FEASIBLE,525.818396,538.417545,1,11,0,0,0.000000,0.000000,0.000000,0.000000,0
r-stop-dp-RC100_4_v2_d0.25_b5,config23,1,FOUND INTEGER FEASIBLE,515.135688,526.837695,6,11,0,0,0.000000,0.000000,0.000000,0.000000,0
r-stop-dp-RC100_4_v2_d0.25_b5,config23,2,FOUND INTEGER FEASIBLE,527.411254,538.845555,6,11,0,0,0.000000,0.000000,0.000000,0.000000,0
r-stop-dp-RC100_4_v2_d0.25_b5,config23,3,FOUND INTEGER FEASIBLE,519.075407,530.661368,11,11,0,0,0.000000,0.000000,0.000000,0.000000,0
r-stop-dp-RC100_4_v2_d0.25_b5,config19,1,FOUND INTEGER FEASIBLE,0.000000,15.596665,0,0,-1,-1,-1.255030,-11.204230,0.000000,0.000000,0
r-stop-dp-RC100_4_v2_d0.25_b5,config19,2,FOUND INTEGER FEASIBLE,0.000000,14.829884,0,0,-1,-1,-1.255030,-11.204230,0.000000,0.000000,0
r-stop-dp-RC100_4_v2_d0.25_b5,config19,3,FOUND INTEGER FEASIBLE,0.000000,15.208905,0,0,-1,-1,-1.255030,-11.204230,0.000000,0.000000,0
r-stop-dp-RC100_4_v2_d0.25_b5,config18,1,FOUND INTEGER FEASIBLE,0.000000,18.070475,0,0,-1,-1,-1.255030,-11.204230,0.000000,0.000000,0
r-stop-dp-RC100_4_v2_d0.25_b5,config18,2,FOUND INTEGER FEASIBLE,0.000000,17.782903,0,0,-1,-1,-1.255030,-11.204230,0.000000,0.000000,0
r-stop-dp-RC100_4_v2_d0.25_b5,config18,3,FOUND INTEGER FEASIBLE,0.000000,17.530882,0,0,-1,-1,-1.255030,-11.204230,0.000000,0.000000,0
r-stop-dp-RC100_4_v4_d0.25_b1,config1,1,FAILED TO FIND AN INTEGER FEASIBLE SOLUTION,0.000000,3600,528,0,-1,-1,0.000000,0.000000,5.721077,5.721077,82
r-stop-dp-RC100_4_v4_d0.25_b1,config1,2,FAILED TO FIND AN INTEGER FEASIBLE SOLUTION,0.000000,3600,569,0,-1,-1,0.000000,0.000000,6.280386,6.280386,91
r-stop-dp-RC100_4_v4_d0.25_b1,config1,3,FAILED TO FIND AN INTEGER FEASIBLE SOLUTION,0.000000,3600,533,0,-1,-1,0.000000,0.000000,5.158410,5.158410,78
r-stop-dp-RC100_4_v4_d0.25_b1,config3,1,FOUND INTEGER FEASIBLE,0.000000,14.345652,7,0,-1,-1,0.000000,0.000000,0.000000,0.000000,0
r-stop-dp-RC100_4_v4_d0.25_b1,config3,2,FAILED TO FIND AN INTEGER FEASIBLE SOLUTION,0.000000,3600,347,0,-1,-1,0.000000,0.000000,0.368419,0.368419,6
r-stop-dp-RC100_4_v4_d0.25_b1,config3,3,FOUND INTEGER FEASIBLE,0.000000,12.795749,5,0,-1,-1,0.000000,0.000000,0.000000,0.000000,0
r-stop-dp-RC100_4_v4_d0.25_b1,config20,1,FAILED TO FIND AN INTEGER FEASIBLE SOLUTION,0.000000,3600,315,0,-1,-1,0.000000,0.000000,6.059973,6.059973,108
r-stop-dp-RC100_4_v4_d0.25_b1,config20,2,FAILED TO FIND AN INTEGER FEASIBLE SOLUTION,0.000000,3600,303,0,-1,-1,0.000000,0.000000,5.388203,5.388203,82
r-stop-dp-RC100_4_v4_d0.25_b1,config20,3,FAILED TO FIND AN INTEGER FEASIBLE SOLUTION,0.000000,3600,373,0,-1,-1,0.000000,0.000000,6.208210,6.208210,92
r-stop-dp-RC100_4_v4_d0.25_b1,config16,1,FAILED TO FIND AN INTEGER FEASIBLE SOLUTION,15.389854,3600,652,10,10,0,0.000000,0.000000,0.096142,0.096142,6
r-stop-dp-RC100_4_v4_d0.25_b1,config16,2,FOUND INTEGER FEASIBLE,18.562123,45.944656,185,10,2,0,-104.581700,-166.009680,0.000000,0.000000,0
r-stop-dp-RC100_4_v4_d0.25_b1,config16,3,FOUND INTEGER FEASIBLE,16.289771,382.356014,262,10,3,0,-63.870350,-128.907910,0.000000,0.000000,0
r-stop-dp-RC100_4_v4_d0.25_b1,config17,1,FOUND INTEGER FEASIBLE,0.980837,4.220432,1,6,0,0,0.000000,0.000000,0.000000,0.000000,0
r-stop-dp-RC100_4_v4_d0.25_b1,config17,2,FOUND INTEGER FEASIBLE,0.985742,4.476508,1,6,0,0,0.000000,0.000000,0.000000,0.000000,0
r-stop-dp-RC100_4_v4_d0.25_b1,config17,3,FOUND INTEGER FEASIBLE,0.976863,4.457091,1,6,0,0,0.000000,0.000000,0.000000,0.000000,0
r-stop-dp-RC100_4_v4_d0.25_b1,config21,1,FAILED TO FIND AN INTEGER FEASIBLE SOLUTION,34.699790,3600,455,11,11,0,0.000000,0.000000,0.739737,0.739737,9
r-stop-dp-RC100_4_v4_d0.25_b1,config21,2,FOUND INTEGER FEASIBLE,36.111144,2908.203461,454,11,9,0,-88.345880,-141.248030,0.000000,0.000000,0
r-stop-dp-RC100_4_v4_d0.25_b1,config21,3,FOUND INTEGER FEASIBLE,35.468422,445.450300,119,11,2,0,-79.059940,-106.047520,0.000000,0.000000,0
r-stop-dp-RC100_4_v4_d0.25_b1,config23,1,FOUND INTEGER FEASIBLE,32.260756,1052.228982,182,11,4,0,-122.996740,-170.356890,0.000000,0.000000,0
r-stop-dp-RC100_4_v4_d0.25_b1,config23,2,FOUND INTEGER FEASIBLE,19.849556,172.187026,116,12,1,0,-59.550430,-118.220130,0.000000,0.000000,0
r-stop-dp-RC100_4_v4_d0.25_b1,config23,3,FOUND INTEGER FEASIBLE,33.741180,639.864527,155,11,3,0,0.000000,0.000000,0.000000,0.000000,0
r-stop-dp-RC100_4_v4_d0.25_b1,config19,1,FOUND INTEGER FEASIBLE,0.000000,4.454210,0,0,-1,-1,-1.255030,-11.204230,0.000000,0.000000,0
r-stop-dp-RC100_4_v4_d0.25_b1,config19,2,FOUND INTEGER FEASIBLE,0.000000,4.202621,0,0,-1,-1,-1.255030,-11.204230,0.000000,0.000000,0
r-stop-dp-RC100_4_v4_d0.25_b1,config19,3,FOUND INTEGER FEASIBLE,0.000000,4.194086,0,0,-1,-1,-1.255030,-11.204230,0.000000,0.000000,0
r-stop-dp-RC100_4_v4_d0.25_b1,config18,1,FOUND INTEGER FEASIBLE,0.000000,5.264251,0,0,-1,-1,-1.255030,-11.204230,0.000000,0.000000,0
r-stop-dp-RC100_4_v4_d0.25_b1,config18,2,FOUND INTEGER FEASIBLE,0.000000,5.192066,0,0,-1,-1,-1.255030,-11.204230,0.000000,0.000000,0
r-stop-dp-RC100_4_v4_d0.25_b1,config18,3,FOUND INTEGER FEASIBLE,0.000000,5.159831,0,0,-1,-1,-1.255030,-11.204230,0.000000,0.000000,0
r-stop-dp-RC100_4_v4_d0.25_b5,config1,1,FAILED TO FIND AN INTEGER FEASIBLE SOLUTION,0.000000,3600,38,0,-1,-1,0.000000,0.000000,8.750829,8.750829,130
r-stop-dp-RC100_4_v4_d0.25_b5,config1,2,FAILED TO FIND AN INTEGER FEASIBLE SOLUTION,0.000000,3600,44,0,-1,-1,0.000000,0.000000,9.011092,9.011092,171
r-stop-dp-RC100_4_v4_d0.25_b5,config1,3,FAILED TO FIND AN INTEGER FEASIBLE SOLUTION,0.000000,3600,36,0,-1,-1,0.000000,0.000000,8.969551,8.969551,170
r-stop-dp-RC100_4_v4_d0.25_b5,config3,1,FAILED TO FIND AN INTEGER FEASIBLE SOLUTION,0.000000,3600,1,0,-1,-1,0.000000,0.000000,0.811634,0.811634,6
r-stop-dp-RC100_4_v4_d0.25_b5,config3,2,FAILED TO FIND AN INTEGER FEASIBLE SOLUTION,0.000000,3600,1,0,-1,-1,0.000000,0.000000,0.811634,0.811634,6
r-stop-dp-RC100_4_v4_d0.25_b5,config3,3,FOUND INTEGER FEASIBLE,0.000000,1395.339417,5,0,-1,-1,0.000000,0.000000,0.000000,0.000000,0
r-stop-dp-RC100_4_v4_d0.25_b5,config20,1,FAILED TO FIND AN INTEGER FEASIBLE SOLUTION,0.000000,3600,19,0,-1,-1,0.000000,0.000000,9.644041,9.644041,140
r-stop-dp-RC100_4_v4_d0.25_b5,config20,2,FAILED TO FIND AN INTEGER FEASIBLE SOLUTION,0.000000,3600,19,0,-1,-1,0.000000,0.000000,10.108982,10.108982,162
r-stop-dp-RC100_4_v4_d0.25_b5,config20,3,FAILED TO FIND AN INTEGER FEASIBLE SOLUTION,0.000000,3600,19,0,-1,-1,0.000000,0.000000,10.306126,10.306126,147
r-stop-dp-RC100_4_v4_d0.25_b5,config16,1,FOUND INTEGER FEASIBLE,127.219805,1009.418980,214,10,4,0,-62.657910,-79.295540,0.000000,0.000000,0
r-stop-dp-RC100_4_v4_d0.25_b5,config16,2,FOUND INTEGER FEASIBLE,126.660947,490.626388,184,10,2,0,-28.481760,-49.148750,0.000000,0.000000,0
r-stop-dp-RC100_4_v4_d0.25_b5,config16,3,FOUND INTEGER FEASIBLE,121.771955,936.715489,195,10,4,0,-20.339050,-101.276450,0.000000,0.000000,0
r-stop-dp-RC100_4_v4_d0.25_b5,config17,1,FOUND INTEGER FEASIBLE,6.218388,18.434625,3,9,0,0,0.000000,0.000000,0.000000,0.000000,0
r-stop-dp-RC100_4_v4_d0.25_b5,config17,2,FOUND INTEGER FEASIBLE,6.521341,18.822861,1,9,0,0,0.000000,0.000000,0.000000,0.000000,0
r-stop-dp-RC100_4_v4_d0.25_b5,config17,3,FOUND INTEGER FEASIBLE,5.430459,17.475604,3,9,0,0,0.000000,0.000000,0.000000,0.000000,0
r-stop-dp-RC100_4_v4_d0.25_b5,config21,1,FOUND INTEGER FEASIBLE,668.677728,1451.724675,99,11,4,0,0.000000,0.000000,0.000000,0.000000,0
r-stop-dp-RC100_4_v4_d0.25_b5,config21,2,FOUND INTEGER FEASIBLE,692.131559,1471.790655,99,11,4,0,0.000000,0.000000,0.000000,0.000000,0
r-stop-dp-RC100_4_v4_d0.25_b5,config21,3,FOUND INTEGER FEASIBLE,682.376670,1218.962717,93,11,3,0,0.000000,0.000000,0.000000,0.000000,0
r-stop-dp-RC100_4_v4_d0.25_b5,config23,1,FOUND INTEGER FEASIBLE,692.357961,1229.914016,96,11,3,0,0.000000,0.000000,0.000000,0.000000,0
r-stop-dp-RC100_4_v4_d0.25_b5,config23,2,FOUND INTEGER FEASIBLE,686.197162,1227.035208,96,11,3,0,0.000000,0.000000,0.000000,0.000000,0
r-stop-dp-RC100_4_v4_d0.25_b5,config23,3,FOUND INTEGER FEASIBLE,676.559923,1218.043230,93,11,3,0,0.000000,0.000000,0.000000,0.000000,0
r-stop-dp-RC100_4_v4_d0.25_b5,config19,1,FOUND INTEGER FEASIBLE,0.000000,16.090385,0,0,-1,-1,-1.255030,-11.204230,0.000000,0.000000,0
r-stop-dp-RC100_4_v4_d0.25_b5,config19,2,FOUND INTEGER FEASIBLE,0.000000,14.677826,0,0,-1,-1,-1.255030,-11.204230,0.000000,0.000000,0
r-stop-dp-RC100_4_v4_d0.25_b5,config19,3,FOUND INTEGER FEASIBLE,0.000000,14.843488,0,0,-1,-1,-1.255030,-11.204230,0.000000,0.000000,0
r-stop-dp-RC100_4_v4_d0.25_b5,config18,1,FOUND INTEGER FEASIBLE,0.000000,18.709005,0,0,-1,-1,-1.255030,-11.204230,0.000000,0.000000,0
r-stop-dp-RC100_4_v4_d0.25_b5,config18,2,FOUND INTEGER FEASIBLE,0.000000,17.653894,0,0,-1,-1,-1.255030,-11.204230,0.000000,0.000000,0
r-stop-dp-RC100_4_v4_d0.25_b5,config18,3,FOUND INTEGER FEASIBLE,0.000000,17.799298,0,0,-1,-1,-1.255030,-11.204230,0.000000,0.000000,0
r-stop-dp-RC50_3_v2_d0.25_b1,config1,1,FAILED TO FIND AN INTEGER FEASIBLE SOLUTION,0.000000,3600,8787,0,-1,-1,0.000000,0.000000,0.212490,0.212490,9
r-stop-dp-RC50_3_v2_d0.25_b1,config1,2,FOUND INTEGER FEASIBLE,0.000000,3068.295119,7322,0,-1,-1,-70.150840,-87.183950,0.000000,0.000000,0
r-stop-dp-RC50_3_v2_d0.25_b1,config1,3,FAILED TO FIND AN INTEGER FEASIBLE SOLUTION,0.000000,3600,8977,0,-1,-1,0.000000,0.000000,0.389145,0.389145,6
r-stop-dp-RC50_3_v2_d0.25_b1,config3,1,FOUND INTEGER FEASIBLE,0.000000,4.529645,13,0,-1,-1,-15.874280,-32.289360,0.000000,0.000000,0
r-stop-dp-RC50_3_v2_d0.25_b1,config3,2,FOUND INTEGER FEASIBLE,0.000000,1768.554534,4414,0,-1,-1,-13.173100,-15.830950,0.000000,0.000000,0
r-stop-dp-RC50_3_v2_d0.25_b1,config3,3,FOUND INTEGER FEASIBLE,0.000000,1.393416,5,0,-1,-1,0.000000,0.000000,0.000000,0.000000,0
r-stop-dp-RC50_3_v2_d0.25_b1,config20,1,FOUND INTEGER FEASIBLE,0.000000,1511.380200,3087,0,-1,-1,-64.481690,-87.879910,0.000000,0.000000,0
r-stop-dp-RC50_3_v2_d0.25_b1,config20,2,FAILED TO FIND AN INTEGER FEASIBLE SOLUTION,0.000000,3600,6629,0,-1,-1,0.000000,0.000000,0.273592,0.273592,6
r-stop-dp-RC50_3_v2_d0.25_b1,config20,3,FOUND INTEGER FEASIBLE,0.000000,1987.158743,3737,0,-1,-1,-41.392780,-60.555280,0.000000,0.000000,0
r-stop-dp-RC50_3_v2_d0.25_b1,config16,1,FOUND INTEGER FEASIBLE,3.894890,81.482671,186,10,2,0,-74.723620,-75.547520,0.000000,0.000000,0
r-stop-dp-RC50_3_v2_d0.25_b1,config16,2,FOUND INTEGER FEASIBLE,3.566028,205.806451,631,11,6,0,-4.867790,-14.590010,0.000000,0.000000,0
r-stop-dp-RC50_3_v2_d0.25_b1,config16,3,FOUND INTEGER FEASIBLE,3.166943,62.465278,191,10,2,0,-97.244120,-97.365120,0.000000,0.000000,0
r-stop-dp-RC50_3_v2_d0.25_b1,config17,1,FOUND INTEGER FEASIBLE,0.198793,0.714358,0,2,0,0,0.000000,0.000000,0.000000,0.000000,0
r-stop-dp-RC50_3_v2_d0.25_b1,config17,2,FOUND INTEGER FEASIBLE,0.155969,0.546305,0,2,0,0,0.000000,0.000000,0.000000,0.000000,0
r-stop-dp-RC50_3_v2_d0.25_b1,config17,3,FOUND INTEGER FEASIBLE,0.194486,0.653657,0,2,0,0,0.000000,0.000000,0.000000,0.000000,0
r-stop-dp-RC50_3_v2_d0.25_b1,config21,1,FOUND INTEGER FEASIBLE,1.304637,1.810729,0,11,0,0,0.000000,0.000000,0.000000,0.000000,0
r-stop-dp-RC50_3_v2_d0.25_b1,config21,2,FOUND INTEGER FEASIBLE,0.727078,1.025331,0,11,0,0,0.000000,0.000000,0.000000,0.000000,0
r-stop-dp-RC50_3_v2_d0.25_b1,config21,3,FOUND INTEGER FEASIBLE,1.381867,1.897913,0,11,0,0,0.000000,0.000000,0.000000,0.000000,0
r-stop-dp-RC50_3_v2_d0.25_b1,config23,1,FOUND INTEGER FEASIBLE,1.379067,1.888088,7,11,0,0,0.000000,0.000000,0.000000,0.000000,0
r-stop-dp-RC50_3_v2_d0.25_b1,config23,2,FOUND INTEGER FEASIBLE,1.072972,1.477951,7,11,0,0,0.000000,0.000000,0.000000,0.000000,0
r-stop-dp-RC50_3_v2_d0.25_b1,config23,3,FOUND INTEGER FEASIBLE,1.383686,1.902921,5,11,0,0,0.000000,0.000000,0.000000,0.000000,0
r-stop-dp-RC50_3_v2_d0.25_b1,config19,1,FOUND INTEGER FEASIBLE,0.000000,0.532947,0,0,-1,-1,0.000000,0.000000,0.000000,0.000000,0
r-stop-dp-RC50_3_v2_d0.25_b1,config19,2,FOUND INTEGER FEASIBLE,0.000000,0.504873,0,0,-1,-1,0.000000,0.000000,0.000000,0.000000,0
r-stop-dp-RC50_3_v2_d0.25_b1,config19,3,FOUND INTEGER FEASIBLE,0.000000,0.498340,0,0,-1,-1,0.000000,0.000000,0.000000,0.000000,0
r-stop-dp-RC50_3_v2_d0.25_b1,config18,1,FOUND INTEGER FEASIBLE,0.000000,0.659776,0,0,-1,-1,0.000000,0.000000,0.000000,0.000000,0
r-stop-dp-RC50_3_v2_d0.25_b1,config18,2,FOUND INTEGER FEASIBLE,0.000000,0.636357,0,0,-1,-1,0.000000,0.000000,0.000000,0.000000,0
r-stop-dp-RC50_3_v2_d0.25_b1,config18,3,FOUND INTEGER FEASIBLE,0.000000,0.640787,0,0,-1,-1,0.000000,0.000000,0.000000,0.000000,0
r-stop-dp-RC50_3_v2_d0.25_b5,config1,1,FOUND INTEGER FEASIBLE,0.000000,1815.955315,435,0,-1,-1,-65.305550,-76.446690,0.000000,0.000000,0
r-stop-dp-RC50_3_v2_d0.25_b5,config1,2,FAILED TO FIND AN INTEGER FEASIBLE SOLUTION,0.000000,3600,663,0,-1,-1,0.000000,0.000000,1.441897,1.441897,16
r-stop-dp-RC50_3_v2_d0.25_b5,config1,3,FAILED TO FIND AN INTEGER FEASIBLE SOLUTION,0.000000,3600,648,0,-1,-1,0.000000,0.000000,1.966593,1.966593,17
r-stop-dp-RC50_3_v2_d0.25_b5,config3,1,FOUND INTEGER FEASIBLE,0.000000,42.737319,9,0,-1,-1,-21.653320,-29.241120,0.000000,0.000000,0
r-stop-dp-RC50_3_v2_d0.25_b5,config3,2,FOUND INTEGER FEASIBLE,0.000000,2698.200344,679,0,-1,-1,-56.637740,-63.732240,0.000000,0.000000,0
r-stop-dp-RC50_3_v2_d0.25_b5,config3,3,FOUND INTEGER FEASIBLE,0.000000,26.849685,5,0,-1,-1,0.000000,0.000000,0.000000,0.000000,0
r-stop-dp-RC50_3_v2_d0.25_b5,config20,1,FAILED TO FIND AN INTEGER FEASIBLE SOLUTION,0.000000,3600,741,0,-1,-1,0.000000,0.000000,0.405865,0.405865,9
r-stop-dp-RC50_3_v2_d0.25_b5,config20,2,FOUND INTEGER FEASIBLE,0.000000,1778.970470,322,0,-1,-1,-42.464980,-70.837580,0.000000,0.000000,0
r-stop-dp-RC50_3_v2_d0.25_b5,config20,3,FAILED TO FIND AN INTEGER FEASIBLE SOLUTION,0.000000,3600,593,0,-1,-1,0.000000,0.000000,0.906531,0.906531,14
r-stop-dp-RC50_3_v2_d0.25_b5,config16,1,FOUND INTEGER FEASIBLE,14.232433,3107.971532,822,12,12,1,-40.581600,-54.086990,0.000000,0.000000,0
r-stop-dp-RC50_3_v2_d0.25_b5,config16,2,FOUND INTEGER FEASIBLE,13.444964,1694.006069,386,12,7,1,-39.177240,-63.900700,0.000000,0.000000,0
r-stop-dp-RC50_3_v2_d0.25_b5,config16,3,FOUND INTEGER FEASIBLE,15.637972,1774.965242,423,12,7,1,-28.083740,-39.672560,0.000000,0.000000,0
r-stop-dp-RC50_3_v2_d0.25_b5,config17,1,FOUND INTEGER FEASIBLE,1.771725,3.744535,0,2,0,0,0.000000,0.000000,0.000000,0.000000,0
r-stop-dp-RC50_3_v2_d0.25_b5,config17,2,FOUND INTEGER FEASIBLE,1.721422,3.526854,0,2,0,0,0.000000,0.000000,0.000000,0.000000,0
r-stop-dp-RC50_3_v2_d0.25_b5,config17,3,FOUND INTEGER FEASIBLE,1.159020,2.936981,0,2,0,0,0.000000,0.000000,0.000000,0.000000,0
r-stop-dp-RC50_3_v2_d0.25_b5,config21,1,FOUND INTEGER FEASIBLE,86.297039,88.208044,4,11,0,0,0.000000,0.000000,0.000000,0.000000,0
r-stop-dp-RC50_3_v2_d0.25_b5,config21,2,FOUND INTEGER FEASIBLE,80.296585,82.193853,1,11,0,0,0.000000,0.000000,0.000000,0.000000,0
r-stop-dp-RC50_3_v2_d0.25_b5,config21,3,FOUND INTEGER FEASIBLE,81.870403,83.702314,4,11,0,0,0.000000,0.000000,0.000000,0.000000,0
r-stop-dp-RC50_3_v2_d0.25_b5,config23,1,FOUND INTEGER FEASIBLE,75.006960,76.853060,1,11,0,0,0.000000,0.000000,0.000000,0.000000,0
r-stop-dp-RC50_3_v2_d0.25_b5,config23,2,FOUND INTEGER FEASIBLE,81.200348,82.409437,2,11,0,0,0.000000,0.000000,0.000000,0.000000,0
r-stop-dp-RC50_3_v2_d0.25_b5,config23,3,FOUND INTEGER FEASIBLE,84.634213,86.490677,1,11,0,0,0.000000,0.000000,0.000000,0.000000,0
r-stop-dp-RC50_3_v2_d0.25_b5,config19,1,FOUND INTEGER FEASIBLE,0.000000,1.789014,0,0,-1,-1,0.000000,0.000000,0.000000,0.000000,0
r-stop-dp-RC50_3_v2_d0.25_b5,config19,2,FOUND INTEGER FEASIBLE,0.000000,1.871234,0,0,-1,-1,0.000000,0.000000,0.000000,0.000000,0
r-stop-dp-RC50_3_v2_d0.25_b5,config19,3,FOUND INTEGER FEASIBLE,0.000000,1.894720,0,0,-1,-1,0.000000,0.000000,0.000000,0.000000,0
r-stop-dp-RC50_3_v2_d0.25_b5,config18,1,FOUND INTEGER FEASIBLE,0.000000,2.344911,0,0,-1,-1,0.000000,0.000000,0.000000,0.000000,0
r-stop-dp-RC50_3_v2_d0.25_b5,config18,2,FOUND INTEGER FEASIBLE,0.000000,2.336369,0,0,-1,-1,0.000000,0.000000,0.000000,0.000000,0
r-stop-dp-RC50_3_v2_d0.25_b5,config18,3,FOUND INTEGER FEASIBLE,0.000000,2.345989,0,0,-1,-1,0.000000,0.000000,0.000000,0.000000,0
r-stop-dp-RC50_3_v4_d0.25_b1,config1,1,FOUND INTEGER FEASIBLE,0.000000,208.292863,545,0,-1,-1,-190.358150,-211.258030,0.000000,0.000000,0
r-stop-dp-RC50_3_v4_d0.25_b1,config1,2,FOUND INTEGER FEASIBLE,0.000000,440.759786,1087,0,-1,-1,-107.092780,-160.810130,0.000000,0.000000,0
r-stop-dp-RC50_3_v4_d0.25_b1,config1,3,FOUND INTEGER FEASIBLE,0.000000,611.163765,1535,0,-1,-1,-70.098020,-107.400740,0.000000,0.000000,0
r-stop-dp-RC50_3_v4_d0.25_b1,config3,1,FOUND INTEGER FEASIBLE,0.000000,4.764263,13,0,-1,-1,-43.179240,-43.179240,0.000000,0.000000,0
r-stop-dp-RC50_3_v4_d0.25_b1,config3,2,FOUND INTEGER FEASIBLE,0.000000,7.056902,25,0,-1,-1,-137.987580,-178.233790,0.000000,0.000000,0
r-stop-dp-RC50_3_v4_d0.25_b1,config3,3,FOUND INTEGER FEASIBLE,0.000000,2.286194,5,0,-1,-1,0.000000,0.000000,0.000000,0.000000,0
r-stop-dp-RC50_3_v4_d0.25_b1,config20,1,FOUND INTEGER FEASIBLE,0.000000,274.685240,574,0,-1,-1,-157.531690,-190.022160,0.000000,0.000000,0
r-stop-dp-RC50_3_v4_d0.25_b1,config20,2,FOUND INTEGER FEASIBLE,0.000000,1221.387024,2409,0,-1,-1,-142.199400,-184.995420,0.000000,0.000000,0
r-stop-dp-RC50_3_v4_d0.25_b1,config20,3,FOUND INTEGER FEASIBLE,0.000000,151.301237,325,0,-1,-1,-143.709890,-189.227280,0.000000,0.000000,0
r-stop-dp-RC50_3_v4_d0.25_b1,config16,1,FOUND INTEGER FEASIBLE,3.510486,74.616641,205,8,2,0,-101.600590,-112.423570,0.000000,0.000000,0
r-stop-dp-RC50_3_v4_d0.25_b1,config16,2,FOUND INTEGER FEASIBLE,3.311789,70.375240,179,8,2,0,-100.428850,-116.725450,0.000000,0.000000,0
r-stop-dp-RC50_3_v4_d0.25_b1,config16,3,FOUND INTEGER FEASIBLE,4.303928,60.024545,186,8,2,0,-53.121520,-70.152730,0.000000,0.000000,0
r-stop-dp-RC50_3_v4_d0.25_b1,config17,1,FOUND INTEGER FEASIBLE,0.135024,0.630111,0,2,0,0,0.000000,0.000000,0.000000,0.000000,0
r-stop-dp-RC50_3_v4_d0.25_b1,config17,2,FOUND INTEGER FEASIBLE,0.176601,0.815996,0,2,0,0,0.000000,0.000000,0.000000,0.000000,0
r-stop-dp-RC50_3_v4_d0.25_b1,config17,3,FOUND INTEGER FEASIBLE,0.177105,0.808839,0,2,0,0,0.000000,0.000000,0.000000,0.000000,0
r-stop-dp-RC50_3_v4_d0.25_b1,config21,1,FOUND INTEGER FEASIBLE,2.265670,2.743905,0,11,0,0,0.000000,0.000000,0.000000,0.000000,0
r-stop-dp-RC50_3_v4_d0.25_b1,config21,2,FOUND INTEGER FEASIBLE,2.425465,2.712467,0,11,0,0,0.000000,0.000000,0.000000,0.000000,0
r-stop-dp-RC50_3_v4_d0.25_b1,config21,3,FOUND INTEGER FEASIBLE,2.258028,2.759226,0,11,0,0,0.000000,0.000000,0.000000,0.000000,0
r-stop-dp-RC50_3_v4_d0.25_b1,config23,1,FOUND INTEGER FEASIBLE,2.257844,2.749982,5,11,0,0,0.000000,0.000000,0.000000,0.000000,0
r-stop-dp-RC50_3_v4_d0.25_b1,config23,2,FOUND INTEGER FEASIBLE,2.246433,2.749371,7,11,0,0,0.000000,0.000000,0.000000,0.000000,0
r-stop-dp-RC50_3_v4_d0.25_b1,config23,3,FOUND INTEGER FEASIBLE,2.333052,2.869447,5,11,0,0,0.000000,0.000000,0.000000,0.000000,0
r-stop-dp-RC50_3_v4_d0.25_b1,config19,1,FOUND INTEGER FEASIBLE,0.000000,0.458597,0,0,-1,-1,-7.203660,-7.203660,0.000000,0.000000,0
r-stop-dp-RC50_3_v4_d0.25_b1,config19,2,FOUND INTEGER FEASIBLE,0.000000,0.497024,0,0,-1,-1,-7.203660,-7.203660,0.000000,0.000000,0
r-stop-dp-RC50_3_v4_d0.25_b1,config19,3,FOUND INTEGER FEASIBLE,0.000000,0.516956,0,0,-1,-1,-7.203660,-7.203660,0.000000,0.000000,0
r-stop-dp-RC50_3_v4_d0.25_b1,config18,1,FOUND INTEGER FEASIBLE,0.000000,0.635916,0,0,-1,-1,-7.203660,-7.203660,0.000000,0.000000,0
r-stop-dp-RC50_3_v4_d0.25_b1,config18,2,FOUND INTEGER FEASIBLE,0.000000,0.627736,0,0,-1,-1,-7.203660,-7.203660,0.000000,0.000000,0
r-stop-dp-RC50_3_v4_d0.25_b1,config18,3,FOUND INTEGER FEASIBLE,0.000000,0.637463,0,0,-1,-1,-7.203660,-7.203660,0.000000,0.000000,0
r-stop-dp-RC50_3_v4_d0.25_b5,config1,1,FOUND INTEGER FEASIBLE,0.000000,3088.677660,817,0,-1,-1,-160.324970,-194.152730,0.000000,0.000000,0
r-stop-dp-RC50_3_v4_d0.25_b5,config1,2,FOUND INTEGER FEASIBLE,0.000000,3481.630104,605,0,-1,-1,-101.261040,-147.250330,0.000000,0.000000,0
r-stop-dp-RC50_3_v4_d0.25_b5,config1,3,FOUND INTEGER FEASIBLE,0.000000,1204.762579,318,0,-1,-1,-195.068070,-213.551600,0.000000,0.000000,0
r-stop-dp-RC50_3_v4_d0.25_b5,config3,1,FOUND INTEGER FEASIBLE,0.000000,48.356024,12,0,-1,-1,-43.413320,-43.413320,0.000000,0.000000,0
r-stop-dp-RC50_3_v4_d0.25_b5,config3,2,FOUND INTEGER FEASIBLE,0.000000,63.183350,20,0,-1,-1,-119.874950,-151.124990,0.000000,0.000000,0
r-stop-dp-RC50_3_v4_d0.25_b5,config3,3,FOUND INTEGER FEASIBLE,0.000000,26.370172,5,0,-1,-1,0.000000,0.000000,0.000000,0.000000,0
r-stop-dp-RC50_3_v4_d0.25_b5,config20,1,FOUND INTEGER FEASIBLE,0.000000,2651.332968,354,0,-1,-1,-93.687620,-134.776340,0.000000,0.000000,0
r-stop-dp-RC50_3_v4_d0.25_b5,config20,2,FOUND INTEGER FEASIBLE,0.000000,3211.129195,571,0,-1,-1,-159.576130,-203.390980,0.000000,0.000000,0
r-stop-dp-RC50_3_v4_d0.25_b5,config20,3,FAILED TO FIND AN INTEGER FEASIBLE SOLUTION,0.000000,3600,530,0,-1,-1,0.000000,0.000000,0.212667,0.212667,9
r-stop-dp-RC50_3_v4_d0.25_b5,config16,1,FOUND INTEGER FEASIBLE,17.023732,214.312500,198,9,2,0,-158.865140,-175.634630,0.000000,0.000000,0
r-stop-dp-RC50_3_v4_d0.25_b5,config16,2,FOUND INTEGER FEASIBLE,19.656194,117.301043,182,9,2,0,-68.713510,-77.075130,0.000000,0.000000,0
r-stop-dp-RC50_3_v4_d0.25_b5,config16,3,FOUND INTEGER FEASIBLE,17.067806,163.050436,174,9,2,0,-131.229000,-131.361020,0.000000,0.000000,0
r-stop-dp-RC50_3_v4_d0.25_b5,config17,1,FOUND INTEGER FEASIBLE,0.794767,2.795024,0,2,0,0,0.000000,0.000000,0.000000,0.000000,0
r-stop-dp-RC50_3_v4_d0.25_b5,config17,2,FOUND INTEGER FEASIBLE,1.115551,3.272472,0,2,0,0,0.000000,0.000000,0.000000,0.000000,0
r-stop-dp-RC50_3_v4_d0.25_b5,config17,3,FOUND INTEGER FEASIBLE,0.795857,2.797440,0,2,0,0,0.000000,0.000000,0.000000,0.000000,0
r-stop-dp-RC50_3_v4_d0.25_b5,config21,1,FOUND INTEGER FEASIBLE,18.473438,19.874137,0,11,0,0,0.000000,0.000000,0.000000,0.000000,0
r-stop-dp-RC50_3_v4_d0.25_b5,config21,2,FOUND INTEGER FEASIBLE,20.091970,21.505763,0,11,0,0,0.000000,0.000000,0.000000,0.000000,0
r-stop-dp-RC50_3_v4_d0.25_b5,config21,3,FOUND INTEGER FEASIBLE,20.640993,22.112713,0,11,0,0,0.000000,0.000000,0.000000,0.000000,0
r-stop-dp-RC50_3_v4_d0.25_b5,config23,1,FOUND INTEGER FEASIBLE,20.168579,21.980462,7,11,0,0,0.000000,0.000000,0.000000,0.000000,0
r-stop-dp-RC50_3_v4_d0.25_b5,config23,2,FOUND INTEGER FEASIBLE,18.927112,20.747025,5,11,0,0,0.000000,0.000000,0.000000,0.000000,0
r-stop-dp-RC50_3_v4_d0.25_b5,config23,3,FOUND INTEGER FEASIBLE,21.817564,23.637415,5,11,0,0,0.000000,0.000000,0.000000,0.000000,0
r-stop-dp-RC50_3_v4_d0.25_b5,config19,1,FOUND INTEGER FEASIBLE,0.000000,1.976469,0,0,-1,-1,-7.203660,-7.203660,0.000000,0.000000,0
r-stop-dp-RC50_3_v4_d0.25_b5,config19,2,FOUND INTEGER FEASIBLE,0.000000,1.865092,0,0,-1,-1,-7.203660,-7.203660,0.000000,0.000000,0
r-stop-dp-RC50_3_v4_d0.25_b5,config19,3,FOUND INTEGER FEASIBLE,0.000000,1.877856,0,0,-1,-1,-7.203660,-7.203660,0.000000,0.000000,0
r-stop-dp-RC50_3_v4_d0.25_b5,config18,1,FOUND INTEGER FEASIBLE,0.000000,2.308542,0,0,-1,-1,-7.203660,-7.203660,0.000000,0.000000,0
r-stop-dp-RC50_3_v4_d0.25_b5,config18,2,FOUND INTEGER FEASIBLE,0.000000,2.300155,0,0,-1,-1,-7.203660,-7.203660,0.000000,0.000000,0
r-stop-dp-RC50_3_v4_d0.25_b5,config18,3,FOUND INTEGER FEASIBLE,0.000000,2.310179,0,0,-1,-1,-7.203660,-7.203660,0.000000,0.000000,0
r-stop-dp-RC50_4_v2_d0.25_b1,config1,1,FOUND INTEGER FEASIBLE,0.000000,2032.319896,4899,0,-1,-1,-43.450520,-59.444520,0.000000,0.000000,0
r-stop-dp-RC50_4_v2_d0.25_b1,config1,2,FAILED TO FIND AN INTEGER FEASIBLE SOLUTION,0.000000,3600,8479,0,-1,-1,0.000000,0.000000,0.132602,0.132602,4
r-stop-dp-RC50_4_v2_d0.25_b1,config1,3,FAILED TO FIND AN INTEGER FEASIBLE SOLUTION,0.000000,3600,6759,0,-1,-1,0.000000,0.000000,0.061185,0.061185,6
r-stop-dp-RC50_4_v2_d0.25_b1,config3,1,FOUND INTEGER FEASIBLE,0.000000,4.617813,13,0,-1,-1,-23.911800,-39.483960,0.000000,0.000000,0
r-stop-dp-RC50_4_v2_d0.25_b1,config3,2,FOUND INTEGER FEASIBLE,0.000000,1633.446803,3979,0,-1,-1,-20.976170,-59.953000,0.000000,0.000000,0
r-stop-dp-RC50_4_v2_d0.25_b1,config3,3,FOUND INTEGER FEASIBLE,0.000000,2.246055,5,0,-1,-1,0.000000,0.000000,0.000000,0.000000,0
r-stop-dp-RC50_4_v2_d0.25_b1,config20,1,FOUND INTEGER FEASIBLE,0.000000,2372.155294,4926,0,-1,-1,-60.061380,-92.756790,0.000000,0.000000,0
r-stop-dp-RC50_4_v2_d0.25_b1,config20,2,FAILED TO FIND AN INTEGER FEASIBLE SOLUTION,0.000000,3600,6543,0,-1,-1,0.000000,0.000000,0.276715,0.276715,6
r-stop-dp-RC50_4_v2_d0.25_b1,config20,3,FOUND INTEGER FEASIBLE,0.000000,1140.269934,2206,0,-1,-1,-19.627260,-78.202330,0.000000,0.000000,0
r-stop-dp-RC50_4_v2_d0.25_b1,config16,1,FAILED TO FIND AN INTEGER FEASIBLE SOLUTION,2.964728,3600,10061,11,11,1,0.000000,0.000000,0.274840,0.274840,6
r-stop-dp-RC50_4_v2_d0.25_b1,config16,2,FOUND INTEGER FEASIBLE,2.961317,280.755970,818,11,8,1,-44.394000,-66.529080,0.000000,0.000000,0
r-stop-dp-RC50_4_v2_d0.25_b1,config16,3,FOUND INTEGER FEASIBLE,2.997142,386.739056,1195,11,11,1,-64.588920,-87.045740,0.000000,0.000000,0
r-stop-dp-RC50_4_v2_d0.25_b1,config17,1,FOUND INTEGER FEASIBLE,0.207841,0.896966,0,2,0,0,0.000000,0.000000,0.000000,0.000000,0
r-stop-dp-RC50_4_v2_d0.25_b1,config17,2,FOUND INTEGER FEASIBLE,0.196691,0.804620,0,2,0,0,0.000000,0.000000,0.000000,0.000000,0
r-stop-dp-RC50_4_v2_d0.25_b1,config17,3,FOUND INTEGER FEASIBLE,0.162036,0.721760,0,2,0,0,0.000000,0.000000,0.000000,0.000000,0
r-stop-dp-RC50_4_v2_d0.25_b1,config21,1,FOUND INTEGER FEASIBLE,2.061221,2.464761,0,11,0,0,0.000000,0.000000,0.000000,0.000000,0
r-stop-dp-RC50_4_v2_d0.25_b1,config21,2,FOUND INTEGER FEASIBLE,2.148906,2.435019,0,11,0,0,0.000000,0.000000,0.000000,0.000000,0
r-stop-dp-RC50_4_v2_d0.25_b1,config21,3,FOUND INTEGER FEASIBLE,1.586273,2.030260,0,11,0,0,0.000000,0.000000,0.000000,0.000000,0
r-stop-dp-RC50_4_v2_d0.25_b1,config23,1,FOUND INTEGER FEASIBLE,2.595446,3.130314,0,11,0,0,0.000000,0.000000,0.000000,0.000000,0
r-stop-dp-RC50_4_v2_d0.25_b1,config23,2,FOUND INTEGER FEASIBLE,2.209405,2.764965,0,11,0,0,0.000000,0.000000,0.000000,0.000000,0
r-stop-dp-RC50_4_v2_d0.25_b1,config23,3,FOUND INTEGER FEASIBLE,2.051539,2.444897,0,11,0,0,0.000000,0.000000,0.000000,0.000000,0
r-stop-dp-RC50_4_v2_d0.25_b1,config19,1,FOUND INTEGER FEASIBLE,0.000000,0.541814,0,0,-1,-1,0.000000,0.000000,0.000000,0.000000,0
r-stop-dp-RC50_4_v2_d0.25_b1,config19,2,FOUND INTEGER FEASIBLE,0.000000,0.498427,0,0,-1,-1,0.000000,0.000000,0.000000,0.000000,0
r-stop-dp-RC50_4_v2_d0.25_b1,config19,3,FOUND INTEGER FEASIBLE,0.000000,0.497695,0,0,-1,-1,0.000000,0.000000,0.000000,0.000000,0
r-stop-dp-RC50_4_v2_d0.25_b1,config18,1,FOUND INTEGER FEASIBLE,0.000000,0.643548,0,0,-1,-1,0.000000,0.000000,0.000000,0.000000,0
r-stop-dp-RC50_4_v2_d0.25_b1,config18,2,FOUND INTEGER FEASIBLE,0.000000,0.628720,0,0,-1,-1,0.000000,0.000000,0.000000,0.000000,0
r-stop-dp-RC50_4_v2_d0.25_b1,config18,3,FOUND INTEGER FEASIBLE,0.000000,0.638438,0,0,-1,-1,0.000000,0.000000,0.000000,0.000000,0
r-stop-dp-RC50_4_v2_d0.25_b5,config1,1,FAILED TO FIND AN INTEGER FEASIBLE SOLUTION,0.000000,3600,734,0,-1,-1,0.000000,0.000000,0.839260,0.839260,10
r-stop-dp-RC50_4_v2_d0.25_b5,config1,2,FOUND INTEGER FEASIBLE,0.000000,2100.597301,693,0,-1,-1,-60.283290,-95.970780,0.000000,0.000000,0
r-stop-dp-RC50_4_v2_d0.25_b5,config1,3,FOUND INTEGER FEASIBLE,0.000000,3248.114195,1201,0,-1,-1,-20.239920,-35.578360,0.000000,0.000000,0
r-stop-dp-RC50_4_v2_d0.25_b5,config3,1,FOUND INTEGER FEASIBLE,0.000000,25.740492,13,0,-1,-1,-19.214280,-34.786440,0.000000,0.000000,0
r-stop-dp-RC50_4_v2_d0.25_b5,config3,2,FOUND INTEGER FEASIBLE,0.000000,1829.633096,432,0,-1,-1,-10.549650,-26.028130,0.000000,0.000000,0
r-stop-dp-RC50_4_v2_d0.25_b5,config3,3,FOUND INTEGER FEASIBLE,0.000000,6.295305,5,0,-1,-1,0.000000,0.000000,0.000000,0.000000,0
r-stop-dp-RC50_4_v2_d0.25_b5,config20,1,FAILED TO FIND AN INTEGER FEASIBLE SOLUTION,0.000000,3600,524,0,-1,-1,0.000000,0.000000,0.587616,0.587616,9
r-stop-dp-RC50_4_v2_d0.25_b5,config20,2,FOUND INTEGER FEASIBLE,0.000000,1857.685287,496,0,-1,-1,-34.143230,-53.575930,0.000000,0.000000,0
r-stop-dp-RC50_4_v2_d0.25_b5,config20,3,FAILED TO FIND AN INTEGER FEASIBLE SOLUTION,0.000000,3600,858,0,-1,-1,0.000000,0.000000,0.542079,0.542079,16
r-stop-dp-RC50_4_v2_d0.25_b5,config16,1,FOUND INTEGER FEASIBLE,9.481709,75.223206,176,8,2,1,-96.191060,-115.310210,0.000000,0.000000,0
r-stop-dp-RC50_4_v2_d0.25_b5,config16,2,FOUND INTEGER FEASIBLE,9.802246,317.359595,283,8,3,1,-65.046160,-101.053450,0.000000,0.000000,0
r-stop-dp-RC50_4_v2_d0.25_b5,config16,3,FOUND INTEGER FEASIBLE,9.047222,56.021250,184,9,2,1,-60.122650,-60.122650,0.000000,0.000000,0
r-stop-dp-RC50_4_v2_d0.25_b5,config17,1,FOUND INTEGER FEASIBLE,0.702202,2.491327,0,2,0,0,0.000000,0.000000,0.000000,0.000000,0
r-stop-dp-RC50_4_v2_d0.25_b5,config17,2,FOUND INTEGER FEASIBLE,0.549651,1.542692,0,2,0,0,0.000000,0.000000,0.000000,0.000000,0
r-stop-dp-RC50_4_v2_d0.25_b5,config17,3,FOUND INTEGER FEASIBLE,0.626985,1.611823,0,2,0,0,0.000000,0.000000,0.000000,0.000000,0
r-stop-dp-RC50_4_v2_d0.25_b5,config21,1,FOUND INTEGER FEASIBLE,101.441839,103.253718,0,11,0,0,0.000000,0.000000,0.000000,0.000000,0
r-stop-dp-RC50_4_v2_d0.25_b5,config21,2,FOUND INTEGER FEASIBLE,113.722167,115.601136,0,11,0,0,0.000000,0.000000,0.000000,0.000000,0
r-stop-dp-RC50_4_v2_d0.25_b5,config21,3,FOUND INTEGER FEASIBLE,107.046344,108.611056,0,11,0,0,0.000000,0.000000,0.000000,0.000000,0
r-stop-dp-RC50_4_v2_d0.25_b5,config23,1,FOUND INTEGER FEASIBLE,104.861561,105.874523,7,11,0,0,0.000000,0.000000,0.000000,0.000000,0
r-stop-dp-RC50_4_v2_d0.25_b5,config23,2,FOUND INTEGER FEASIBLE,101.626789,103.506782,3,11,0,0,0.000000,0.000000,0.000000,0.000000,0
r-stop-dp-RC50_4_v2_d0.25_b5,config23,3,FOUND INTEGER FEASIBLE,105.111403,106.550736,5,11,0,0,0.000000,0.000000,0.000000,0.000000,0
r-stop-dp-RC50_4_v2_d0.25_b5,config19,1,FOUND INTEGER FEASIBLE,0.000000,2.001116,0,0,-1,-1,0.000000,0.000000,0.000000,0.000000,0
r-stop-dp-RC50_4_v2_d0.25_b5,config19,2,FOUND INTEGER FEASIBLE,0.000000,1.888989,0,0,-1,-1,0.000000,0.000000,0.000000,0.000000,0
r-stop-dp-RC50_4_v2_d0.25_b5,config19,3,FOUND INTEGER FEASIBLE,0.000000,1.881640,0,0,-1,-1,0.000000,0.000000,0.000000,0.000000,0
r-stop-dp-RC50_4_v2_d0.25_b5,config18,1,FOUND INTEGER FEASIBLE,0.000000,2.279154,0,0,-1,-1,0.000000,0.000000,0.000000,0.000000,0
r-stop-dp-RC50_4_v2_d0.25_b5,config18,2,FOUND INTEGER FEASIBLE,0.000000,2.319352,0,0,-1,-1,0.000000,0.000000,0.000000,0.000000,0
r-stop-dp-RC50_4_v2_d0.25_b5,config18,3,FOUND INTEGER FEASIBLE,0.000000,2.342970,0,0,-1,-1,0.000000,0.000000,0.000000,0.000000,0
r-stop-dp-RC50_4_v4_d0.25_b1,config1,1,FOUND INTEGER FEASIBLE,0.000000,1559.736909,4254,0,-1,-1,-95.330800,-154.750990,0.000000,0.000000,0
r-stop-dp-RC50_4_v4_d0.25_b1,config1,2,FOUND INTEGER FEASIBLE,0.000000,307.918313,845,0,-1,-1,-127.905610,-147.674410,0.000000,0.000000,0
r-stop-dp-RC50_4_v4_d0.25_b1,config1,3,FOUND INTEGER FEASIBLE,0.000000,315.526865,807,0,-1,-1,-165.613910,-206.899310,0.000000,0.000000,0
r-stop-dp-RC50_4_v4_d0.25_b1,config3,1,FOUND INTEGER FEASIBLE,0.000000,4.424085,13,0,-1,-1,-23.911800,-39.483960,0.000000,0.000000,0
r-stop-dp-RC50_4_v4_d0.25_b1,config3,2,FOUND INTEGER FEASIBLE,0.000000,93.665879,247,0,-1,-1,-164.579730,-235.087610,0.000000,0.000000,0
r-stop-dp-RC50_4_v4_d0.25_b1,config3,3,FOUND INTEGER FEASIBLE,0.000000,2.221281,5,0,-1,-1,0.000000,0.000000,0.000000,0.000000,0
r-stop-dp-RC50_4_v4_d0.25_b1,config20,1,FOUND INTEGER FEASIBLE,0.000000,1143.152534,2461,0,-1,-1,-80.039790,-122.770280,0.000000,0.000000,0
r-stop-dp-RC50_4_v4_d0.25_b1,config20,2,FOUND INTEGER FEASIBLE,0.000000,183.531316,384,0,-1,-1,-126.930680,-170.045150,0.000000,0.000000,0
r-stop-dp-RC50_4_v4_d0.25_b1,config20,3,FOUND INTEGER FEASIBLE,0.000000,1953.828170,3797,0,-1,-1,-117.013110,-166.261700,0.000000,0.000000,0
r-stop-dp-RC50_4_v4_d0.25_b1,config16,1,FOUND INTEGER FEASIBLE,2.963293,84.144999,184,6,2,0,-118.527280,-175.183220,0.000000,0.000000,0
r-stop-dp-RC50_4_v4_d0.25_b1,config16,2,FOUND INTEGER FEASIBLE,3.578784,80.112484,179,6,2,0,-104.543290,-147.696010,0.000000,0.000000,0
r-stop-dp-RC50_4_v4_d0.25_b1,config16,3,FOUND INTEGER FEASIBLE,2.794289,74.734752,176,7,2,0,-109.482300,-126.854800,0.000000,0.000000,0
r-stop-dp-RC50_4_v4_d0.25_b1,config17,1,FOUND INTEGER FEASIBLE,0.176877,0.849705,0,2,0,0,0.000000,0.000000,0.000000,0.000000,0
r-stop-dp-RC50_4_v4_d0.25_b1,config17,2,FOUND INTEGER FEASIBLE,0.170857,0.788264,0,2,0,0,0.000000,0.000000,0.000000,0.000000,0
r-stop-dp-RC50_4_v4_d0.25_b1,config17,3,FOUND INTEGER FEASIBLE,0.172964,0.781465,0,2,0,0,0.000000,0.000000,0.000000,0.000000,0
r-stop-dp-RC50_4_v4_d0.25_b1,config21,1,FOUND INTEGER FEASIBLE,1.839399,2.230391,0,11,0,0,0.000000,0.000000,0.000000,0.000000,0
r-stop-dp-RC50_4_v4_d0.25_b1,config21,2,FOUND INTEGER FEASIBLE,2.844037,3.377924,0,11,0,0,0.000000,0.000000,0.000000,0.000000,0
r-stop-dp-RC50_4_v4_d0.25_b1,config21,3,FOUND INTEGER FEASIBLE,2.786142,3.329626,0,11,0,0,0.000000,0.000000,0.000000,0.000000,0
r-stop-dp-RC50_4_v4_d0.25_b1,config23,1,FOUND INTEGER FEASIBLE,2.068768,2.464230,1,11,0,0,0.000000,0.000000,0.000000,0.000000,0
r-stop-dp-RC50_4_v4_d0.25_b1,config23,2,FOUND INTEGER FEASIBLE,2.265279,2.766859,2,11,0,0,0.000000,0.000000,0.000000,0.000000,0
r-stop-dp-RC50_4_v4_d0.25_b1,config23,3,FOUND INTEGER FEASIBLE,2.263872,2.777238,1,11,0,0,0.000000,0.000000,0.000000,0.000000,0
r-stop-dp-RC50_4_v4_d0.25_b1,config19,1,FOUND INTEGER FEASIBLE,0.000000,0.537905,0,0,-1,-1,-7.203660,-7.203660,0.000000,0.000000,0
r-stop-dp-RC50_4_v4_d0.25_b1,config19,2,FOUND INTEGER FEASIBLE,0.000000,0.499504,0,0,-1,-1,-7.203660,-7.203660,0.000000,0.000000,0
r-stop-dp-RC50_4_v4_d0.25_b1,config19,3,FOUND INTEGER FEASIBLE,0.000000,0.497320,0,0,-1,-1,-7.203660,-7.203660,0.000000,0.000000,0
r-stop-dp-RC50_4_v4_d0.25_b1,config18,1,FOUND INTEGER FEASIBLE,0.000000,0.659247,0,0,-1,-1,-7.203660,-7.203660,0.000000,0.000000,0
r-stop-dp-RC50_4_v4_d0.25_b1,config18,2,FOUND INTEGER FEASIBLE,0.000000,0.627450,0,0,-1,-1,-7.203660,-7.203660,0.000000,0.000000,0
r-stop-dp-RC50_4_v4_d0.25_b1,config18,3,FOUND INTEGER FEASIBLE,0.000000,0.638439,0,0,-1,-1,-7.203660,-7.203660,0.000000,0.000000,0
r-stop-dp-RC50_4_v4_d0.25_b5,config1,1,FOUND INTEGER FEASIBLE,0.000000,1259.010949,412,0,-1,-1,-110.420030,-155.065340,0.000000,0.000000,0
r-stop-dp-RC50_4_v4_d0.25_b5,config1,2,FOUND INTEGER FEASIBLE,0.000000,1029.769746,393,0,-1,-1,-75.341190,-132.787780,0.000000,0.000000,0
r-stop-dp-RC50_4_v4_d0.25_b5,config1,3,FOUND INTEGER FEASIBLE,0.000000,880.355218,300,0,-1,-1,-151.143360,-185.123780,0.000000,0.000000,0
r-stop-dp-RC50_4_v4_d0.25_b5,config3,1,FOUND INTEGER FEASIBLE,0.000000,589.577576,211,0,-1,-1,-128.980660,-157.853680,0.000000,0.000000,0
r-stop-dp-RC50_4_v4_d0.25_b5,config3,2,FOUND INTEGER FEASIBLE,0.000000,32.252392,22,0,-1,-1,-80.395160,-146.807210,0.000000,0.000000,0
r-stop-dp-RC50_4_v4_d0.25_b5,config3,3,FOUND INTEGER FEASIBLE,0.000000,6.416971,5,0,-1,-1,0.000000,0.000000,0.000000,0.000000,0
r-stop-dp-RC50_4_v4_d0.25_b5,config20,1,FOUND INTEGER FEASIBLE,0.000000,591.860488,149,0,-1,-1,-142.900550,-183.874830,0.000000,0.000000,0
r-stop-dp-RC50_4_v4_d0.25_b5,config20,2,FOUND INTEGER FEASIBLE,0.000000,979.300601,201,0,-1,-1,-162.663240,-237.027520,0.000000,0.000000,0
r-stop-dp-RC50_4_v4_d0.25_b5,config20,3,FOUND INTEGER FEASIBLE,0.000000,504.646453,118,0,-1,-1,-140.929930,-188.650370,0.000000,0.000000,0
r-stop-dp-RC50_4_v4_d0.25_b5,config16,1,FOUND INTEGER FEASIBLE,9.656375,34.004077,209,6,1,0,-25.869120,-30.038400,0.000000,0.000000,0
r-stop-dp-RC50_4_v4_d0.25_b5,config16,2,FOUND INTEGER FEASIBLE,9.010174,69.678367,226,6,2,0,-98.595330,-107.878520,0.000000,0.000000,0
r-stop-dp-RC50_4_v4_d0.25_b5,config16,3,FOUND INTEGER FEASIBLE,10.032443,86.527585,214,6,2,0,-96.663690,-135.984720,0.000000,0.000000,0
r-stop-dp-RC50_4_v4_d0.25_b5,config17,1,FOUND INTEGER FEASIBLE,0.747731,2.614579,0,2,0,0,0.000000,0.000000,0.000000,0.000000,0
r-stop-dp-RC50_4_v4_d0.25_b5,config17,2,FOUND INTEGER FEASIBLE,0.642411,2.792480,0,2,0,0,0.000000,0.000000,0.000000,0.000000,0
r-stop-dp-RC50_4_v4_d0.25_b5,config17,3,FOUND INTEGER FEASIBLE,0.496011,2.508842,0,2,0,0,0.000000,0.000000,0.000000,0.000000,0
r-stop-dp-RC50_4_v4_d0.25_b5,config21,1,FOUND INTEGER FEASIBLE,40.257899,41.266643,0,11,0,0,0.000000,0.000000,0.000000,0.000000,0
r-stop-dp-RC50_4_v4_d0.25_b5,config21,2,FOUND INTEGER FEASIBLE,34.880819,36.786267,0,11,0,0,0.000000,0.000000,0.000000,0.000000,0
r-stop-dp-RC50_4_v4_d0.25_b5,config21,3,FOUND INTEGER FEASIBLE,39.364484,41.144548,0,11,0,0,0.000000,0.000000,0.000000,0.000000,0
r-stop-dp-RC50_4_v4_d0.25_b5,config23,1,FOUND INTEGER FEASIBLE,33.966839,35.762474,7,11,0,0,0.000000,0.000000,0.000000,0.000000,0
r-stop-dp-RC50_4_v4_d0.25_b5,config23,2,FOUND INTEGER FEASIBLE,34.973900,36.759906,8,11,0,0,0.000000,0.000000,0.000000,0.000000,0
r-stop-dp-RC50_4_v4_d0.25_b5,config23,3,FOUND INTEGER FEASIBLE,34.550281,36.364195,5,11,0,0,0.000000,0.000000,0.000000,0.000000,0
r-stop-dp-RC50_4_v4_d0.25_b5,config19,1,FOUND INTEGER FEASIBLE,0.000000,2.022219,0,0,-1,-1,-7.203660,-7.203660,0.000000,0.000000,0
r-stop-dp-RC50_4_v4_d0.25_b5,config19,2,FOUND INTEGER FEASIBLE,0.000000,1.878518,0,0,-1,-1,-7.203660,-7.203660,0.000000,0.000000,0
r-stop-dp-RC50_4_v4_d0.25_b5,config19,3,FOUND INTEGER FEASIBLE,0.000000,1.882252,0,0,-1,-1,-7.203660,-7.203660,0.000000,0.000000,0
r-stop-dp-RC50_4_v4_d0.25_b5,config18,1,FOUND INTEGER FEASIBLE,0.000000,2.375205,0,0,-1,-1,-7.203660,-7.203660,0.000000,0.000000,0
r-stop-dp-RC50_4_v4_d0.25_b5,config18,2,FOUND INTEGER FEASIBLE,0.000000,2.364870,0,0,-1,-1,-7.203660,-7.203660,0.000000,0.000000,0
r-stop-dp-RC50_4_v4_d0.25_b5,config18,3,FOUND INTEGER FEASIBLE,0.000000,1.915622,0,0,-1,-1,-7.203660,-7.203660,0.000000,0.000000,0
