instance,config,seed,status,time_kernel,total_time,iterations,buckets,last_bucket,first_bucket,value,reopt_value,real_gap,proj_gap,num_frac
30n20b8,config1,1,FAILED TO FIND AN INTEGER FEASIBLE SOLUTION,0.000000,48.322044,12000,0,-1,-1,0.000000,0.000000,2.969149,3.169149,10
30n20b8,config1,2,FAILED TO FIND AN INTEGER FEASIBLE SOLUTION,0.000000,50.396082,12000,0,-1,-1,0.000000,0.000000,1.358491,1.358491,5
30n20b8,config1,3,FAILED TO FIND AN INTEGER FEASIBLE SOLUTION,0.000000,54.173859,12000,0,-1,-1,0.000000,0.000000,0.358491,0.358491,2
30n20b8,config3,1,FOUND INTEGER FEASIBLE,0.000000,39.336548,10460,0,-1,-1,1559.000000,1559.000000,0.000000,0.000000,0
30n20b8,config3,2,FAILED TO FIND AN INTEGER FEASIBLE SOLUTION,0.000000,47.093468,12000,0,-1,-1,0.000000,0.000000,1.927639,1.927639,6
30n20b8,config3,3,FAILED TO FIND AN INTEGER FEASIBLE SOLUTION,0.000000,48.244189,12000,0,-1,-1,0.000000,0.000000,0.400000,0.400000,3
30n20b8,config20,1,FAILED TO FIND AN INTEGER FEASIBLE SOLUTION,0.000000,211.109611,12000,0,-1,-1,0.000000,0.000000,0.606383,2.063830,6
30n20b8,config20,2,FAILED TO FIND AN INTEGER FEASIBLE SOLUTION,0.000000,220.740230,12000,0,-1,-1,0.000000,0.000000,0.140845,2.859155,2
30n20b8,config20,3,FAILED TO FIND AN INTEGER FEASIBLE SOLUTION,0.000000,244.273701,12000,0,-1,-1,0.000000,0.000000,0.858491,1.358491,5
30n20b8,config16,1,FAILED TO FIND AN INTEGER FEASIBLE SOLUTION,0.190959,38.988205,12000,11,11,1,0.000000,0.000000,1.233491,1.858491,5
30n20b8,config16,2,FAILED TO FIND AN INTEGER FEASIBLE SOLUTION,0.258874,39.767309,12000,11,11,1,0.000000,0.000000,0.358491,0.358491,2
30n20b8,config16,3,FAILED TO FIND AN INTEGER FEASIBLE SOLUTION,0.128375,37.865485,12000,11,11,1,0.000000,0.000000,0.358491,0.358491,2
30n20b8,config17,1,FOUND INTEGER FEASIBLE,0.014788,2.611910,1002,10,9,0,5530.000000,5530.000000,0.000000,0.000000,0
30n20b8,config17,2,FAILED TO FIND AN INTEGER FEASIBLE SOLUTION,0.014743,45.823630,12000,10,10,0,0.000000,0.000000,0.612012,1.527505,5
30n20b8,config17,3,FAILED TO FIND AN INTEGER FEASIBLE SOLUTION,0.029524,51.033809,12000,10,10,0,0.000000,0.000000,0.555556,2.444444,2
30n20b8,config21,1,FOUND INTEGER FEASIBLE,0.026182,3.241683,850,9,8,0,5530.000000,5530.000000,0.000000,0.000000,0
30n20b8,config21,2,FAILED TO FIND AN INTEGER FEASIBLE SOLUTION,0.027342,44.316278,12000,9,9,0,0.000000,0.000000,0.253521,1.169014,3
30n20b8,config21,3,FOUND INTEGER FEASIBLE,0.013298,0.691760,244,9,1,0,906.000000,906.000000,0.000000,0.000000,0
30n20b8,config23,1,FOUND INTEGER FEASIBLE,0.026236,37.817489,10630,9,9,0,2730.000000,2730.000000,0.000000,0.000000,0
30n20b8,config23,2,FAILED TO FIND AN INTEGER FEASIBLE SOLUTION,0.026048,37.493835,12000,9,9,0,0.000000,0.000000,0.469767,1.600000,3
30n20b8,config23,3,FOUND INTEGER FEASIBLE,0.026164,2.602101,579,9,5,0,5530.000000,5530.000000,0.000000,0.000000,0
30n20b8,config19,1,FOUND INTEGER FEASIBLE,0.000000,5.253154,0,0,-1,-1,3567.000000,3567.000000,0.000000,0.000000,0
30n20b8,config19,2,FOUND INTEGER FEASIBLE,0.000000,5.248374,0,0,-1,-1,3567.000000,3567.000000,0.000000,0.000000,0
30n20b8,config19,3,FOUND INTEGER FEASIBLE,0.000000,5.225021,0,0,-1,-1,3567.000000,3567.000000,0.000000,0.000000,0
30n20b8,config18,1,FOUND INTEGER FEASIBLE,0.000000,3.774278,0,0,-1,-1,453.000000,453.000000,0.000000,0.000000,0
30n20b8,config18,2,FOUND INTEGER FEASIBLE,0.000000,4.219272,0,0,-1,-1,453.000000,453.000000,0.000000,0.000000,0
30n20b8,config18,3,FOUND INTEGER FEASIBLE,0.000000,3.209415,0,0,-1,-1,453.000000,453.000000,0.000000,0.000000,0
50v-10,config1,1,FOUND INTEGER FEASIBLE,0.000000,0.028547,4,0,-1,-1,20171.079947,20171.079947,0.000000,0.000000,0
50v-10,config1,2,FOUND INTEGER FEASIBLE,0.000000,0.054158,4,0,-1,-1,9559.729975,9559.729975,0.000000,0.000000,0
50v-10,config1,3,FOUND INTEGER FEASIBLE,0.000000,0.041070,2,0,-1,-1,9544.509972,9544.509972,0.000000,0.000000,0
50v-10,config3,1,FOUND INTEGER FEASIBLE,0.000000,0.021071,0,0,-1,-1,14047637.242963,14047637.242963,0.000000,0.000000,0
50v-10,config3,2,FOUND INTEGER FEASIBLE,0.000000,0.019787,0,0,-1,-1,14047637.242963,14047637.242963,0.000000,0.000000,0
50v-10,config3,3,FOUND INTEGER FEASIBLE,0.000000,0.020897,0,0,-1,-1,14047637.242963,14047637.242963,0.000000,0.000000,0
50v-10,config20,1,FOUND INTEGER FEASIBLE,0.000000,0.028159,0,0,-1,-1,14205494.682632,14205494.682632,0.000000,0.000000,0
50v-10,config20,2,FOUND INTEGER FEASIBLE,0.000000,0.018195,0,0,-1,-1,14205494.682632,14205494.682632,0.000000,0.000000,0
50v-10,config20,3,FOUND INTEGER FEASIBLE,0.000000,0.025635,0,0,-1,-1,14205494.682632,14205494.682632,0.000000,0.000000,0
50v-10,config16,1,FOUND INTEGER FEASIBLE,0.012231,0.070533,4,0,0,0,20171.079947,20171.079947,0.000000,0.000000,0
50v-10,config16,2,FOUND INTEGER FEASIBLE,0.009545,0.054730,4,0,0,0,9559.729975,9559.729975,0.000000,0.000000,0
50v-10,config16,3,FOUND INTEGER FEASIBLE,0.009185,0.046093,2,0,0,0,9544.509972,9544.509972,0.000000,0.000000,0
50v-10,config17,1,FOUND INTEGER FEASIBLE,0.004154,0.027795,0,0,0,0,14047637.242963,14047637.242963,0.000000,0.000000,0
50v-10,config17,2,FOUND INTEGER FEASIBLE,0.005142,0.035418,0,0,0,0,14047637.242963,14047637.242963,0.000000,0.000000,0
50v-10,config17,3,FOUND INTEGER FEASIBLE,0.004139,0.028040,0,0,0,0,14047637.242963,14047637.242963,0.000000,0.000000,0
50v-10,config21,1,FOUND INTEGER FEASIBLE,0.002425,0.028396,0,0,0,0,14205494.682632,14205494.682632,0.000000,0.000000,0
50v-10,config21,2,FOUND INTEGER FEASIBLE,0.002442,0.028282,0,0,0,0,14205494.682632,14205494.682632,0.000000,0.000000,0
50v-10,config21,3,FOUND INTEGER FEASIBLE,0.002472,0.028238,0,0,0,0,14205494.682632,14205494.682632,0.000000,0.000000,0
50v-10,config23,1,FOUND INTEGER FEASIBLE,0.001972,0.026013,0,0,0,0,14047637.242963,14047637.242963,0.000000,0.000000,0
50v-10,config23,2,FOUND INTEGER FEASIBLE,0.002500,0.031880,0,0,0,0,14047637.242963,14047637.242963,0.000000,0.000000,0
50v-10,config23,3,FOUND INTEGER FEASIBLE,0.001507,0.023689,0,0,0,0,14047637.242963,14047637.242963,0.000000,0.000000,0
50v-10,config19,1,FOUND INTEGER FEASIBLE,0.000000,0.018462,0,0,-1,-1,14205494.682632,14205494.682632,0.000000,0.000000,0
50v-10,config19,2,FOUND INTEGER FEASIBLE,0.000000,0.016034,0,0,-1,-1,14205494.682632,14205494.682632,0.000000,0.000000,0
50v-10,config19,3,FOUND INTEGER FEASIBLE,0.000000,0.015369,0,0,-1,-1,14205494.682632,14205494.682632,0.000000,0.000000,0
50v-10,config18,1,FOUND INTEGER FEASIBLE,0.000000,0.017788,0,0,-1,-1,14205494.682632,14205494.682632,0.000000,0.000000,0
50v-10,config18,2,FOUND INTEGER FEASIBLE,0.000000,0.017227,0,0,-1,-1,14205494.682632,14205494.682632,0.000000,0.000000,0
50v-10,config18,3,FOUND INTEGER FEASIBLE,0.000000,0.015082,0,0,-1,-1,14205494.682632,14205494.682632,0.000000,0.000000,0
academictimetablesmall,config1,1,FAILED TO FIND AN INTEGER FEASIBLE SOLUTION,0.000000,3600,4912,0,-1,-1,0.000000,0.000000,53.977169,45.326204,326
academictimetablesmall,config1,2,FAILED TO FIND AN INTEGER FEASIBLE SOLUTION,0.000000,3600,4744,0,-1,-1,0.000000,0.000000,47.245740,42.711881,434
academictimetablesmall,config1,3,FAILED TO FIND AN INTEGER FEASIBLE SOLUTION,0.000000,3600,5132,0,-1,-1,0.000000,0.000000,51.361816,42.127822,413
academictimetablesmall,config3,1,FAILED TO FIND AN INTEGER FEASIBLE SOLUTION,0.000000,3600,5008,0,-1,-1,0.000000,0.000000,43.866527,39.750070,334
academictimetablesmall,config3,2,FAILED TO FIND AN INTEGER FEASIBLE SOLUTION,0.000000,3600,4901,0,-1,-1,0.000000,0.000000,46.352295,39.735328,369
academictimetablesmall,config3,3,FAILED TO FIND AN INTEGER FEASIBLE SOLUTION,0.000000,3600,5095,0,-1,-1,0.000000,0.000000,52.489024,40.515237,392
academictimetablesmall,config20,1,FAILED TO FIND AN INTEGER FEASIBLE SOLUTION,0.000000,3600,3374,0,-1,-1,0.000000,0.000000,38.809747,33.532498,217
academictimetablesmall,config20,2,FAILED TO FIND AN INTEGER FEASIBLE SOLUTION,0.000000,3600,3273,0,-1,-1,0.000000,0.000000,42.096761,35.058219,296
academictimetablesmall,config20,3,FAILED TO FIND AN INTEGER FEASIBLE SOLUTION,0.000000,3600,3423,0,-1,-1,0.000000,0.000000,45.751629,41.070343,351
academictimetablesmall,config16,1,FAILED TO FIND AN INTEGER FEASIBLE SOLUTION,0.698397,3600,4538,12,12,1,0.000000,0.000000,54.997900,36.277802,341
academictimetablesmall,config16,2,FAILED TO FIND AN INTEGER FEASIBLE SOLUTION,0.797546,3600,4739,12,12,1,0.000000,0.000000,38.168908,22.546499,160
academictimetablesmall,config16,3,FAILED TO FIND AN INTEGER FEASIBLE SOLUTION,1.036999,3600,4702,12,12,1,0.000000,0.000000,42.011640,33.969312,297
academictimetablesmall,config17,1,FAILED TO FIND AN INTEGER FEASIBLE SOLUTION,5.491886,3600,4659,11,11,6,0.000000,0.000000,38.972564,24.971282,257
academictimetablesmall,config17,2,FAILED TO FIND AN INTEGER FEASIBLE SOLUTION,5.059012,3600,3815,11,11,6,0.000000,0.000000,52.871507,45.391680,460
academictimetablesmall,config17,3,FAILED TO FIND AN INTEGER FEASIBLE SOLUTION,5.094311,3600,4630,11,11,6,0.000000,0.000000,36.108005,36.358849,282
academictimetablesmall,config21,1,FAILED TO FIND AN INTEGER FEASIBLE SOLUTION,1.967371,3600,4718,12,12,1,0.000000,0.000000,30.200000,18.000000,131
academictimetablesmall,config21,2,FAILED TO FIND AN INTEGER FEASIBLE SOLUTION,1.354398,3600,4447,12,12,1,0.000000,0.000000,41.885865,24.594860,202
academictimetablesmall,config21,3,FAILED TO FIND AN INTEGER FEASIBLE SOLUTION,2.565649,3600,4705,12,12,1,0.000000,0.000000,33.907407,20.935185,264
academictimetablesmall,config23,1,FAILED TO FIND AN INTEGER FEASIBLE SOLUTION,1.824366,3600,4774,12,12,1,0.000000,0.000000,39.325059,20.293144,173
academictimetablesmall,config23,2,FAILED TO FIND AN INTEGER FEASIBLE SOLUTION,1.966803,3600,4558,12,12,1,0.000000,0.000000,38.660039,32.274692,355
academictimetablesmall,config23,3,FAILED TO FIND AN INTEGER FEASIBLE SOLUTION,1.955029,3600,4749,12,12,1,0.000000,0.000000,29.149912,21.930776,180
academictimetablesmall,config19,1,FOUND INTEGER FEASIBLE,0.000000,436.257702,0,0,-1,-1,2252.000000,2252.000000,0.000000,0.000000,0
academictimetablesmall,config19,2,FOUND INTEGER FEASIBLE,0.000000,437.557961,0,0,-1,-1,2252.000000,2252.000000,0.000000,0.000000,0
academictimetablesmall,config19,3,FOUND INTEGER FEASIBLE,0.000000,438.144981,0,0,-1,-1,2252.000000,2252.000000,0.000000,0.000000,0
academictimetablesmall,config18,1,FOUND INTEGER FEASIBLE,0.000000,708.262428,0,0,-1,-1,2629.000000,2629.000000,0.000000,0.000000,0
academictimetablesmall,config18,2,FOUND INTEGER FEASIBLE,0.000000,705.194055,0,0,-1,-1,2629.000000,2629.000000,0.000000,0.000000,0
academictimetablesmall,config18,3,FOUND INTEGER FEASIBLE,0.000000,707.885928,0,0,-1,-1,2629.000000,2629.000000,0.000000,0.000000,0
air05,config1,1,FOUND INTEGER FEASIBLE,0.000000,1.577025,1,0,-1,-1,28539.000000,28539.000000,0.000000,0.000000,0
air05,config1,2,FOUND INTEGER FEASIBLE,0.000000,1.558098,1,0,-1,-1,28539.000000,28539.000000,0.000000,0.000000,0
air05,config1,3,FOUND INTEGER FEASIBLE,0.000000,1.564378,1,0,-1,-1,28539.000000,28539.000000,0.000000,0.000000,0
air05,config3,1,FOUND INTEGER FEASIBLE,0.000000,2.419116,4,0,-1,-1,39298.000000,39298.000000,0.000000,0.000000,0
air05,config3,2,FOUND INTEGER FEASIBLE,0.000000,2.419441,4,0,-1,-1,39298.000000,39298.000000,0.000000,0.000000,0
air05,config3,3,FOUND INTEGER FEASIBLE,0.000000,2.372100,4,0,-1,-1,39298.000000,39298.000000,0.000000,0.000000,0
air05,config20,1,FOUND INTEGER FEASIBLE,0.000000,0.854757,1,0,-1,-1,60111.000000,60111.000000,0.000000,0.000000,0
air05,config20,2,FOUND INTEGER FEASIBLE,0.000000,0.848892,1,0,-1,-1,60111.000000,60111.000000,0.000000,0.000000,0
air05,config20,3,FOUND INTEGER FEASIBLE,0.000000,0.847442,1,0,-1,-1,60111.000000,60111.000000,0.000000,0.000000,0
air05,config16,1,FOUND INTEGER FEASIBLE,0.174822,2.088773,4,3,1,1,28059.000000,28059.000000,0.000000,0.000000,0
air05,config16,2,FOUND INTEGER FEASIBLE,0.172364,2.039262,4,3,1,1,28059.000000,28059.000000,0.000000,0.000000,0
air05,config16,3,FOUND INTEGER FEASIBLE,0.171276,2.040846,4,3,1,1,28059.000000,28059.000000,0.000000,0.000000,0
air05,config17,1,FOUND INTEGER FEASIBLE,0.289664,4.543597,13,6,1,1,39319.000000,39319.000000,0.000000,0.000000,0
air05,config17,2,FOUND INTEGER FEASIBLE,0.291409,4.432507,12,6,1,1,40251.000000,40251.000000,0.000000,0.000000,0
air05,config17,3,FOUND INTEGER FEASIBLE,0.147052,2.299038,6,6,1,1,40101.000000,40101.000000,0.000000,0.000000,0
air05,config21,1,FOUND INTEGER FEASIBLE,0.857615,9.508062,31,12,0,0,43005.000000,43005.000000,0.000000,0.000000,0
air05,config21,2,FOUND INTEGER FEASIBLE,0.437291,5.109750,21,12,0,0,44370.000000,44370.000000,0.000000,0.000000,0
air05,config21,3,FOUND INTEGER FEASIBLE,0.647739,5.354364,13,12,0,0,43653.000000,43653.000000,0.000000,0.000000,0
air05,config23,1,FOUND INTEGER FEASIBLE,0.642016,2.793176,11,12,0,0,38119.000000,38119.000000,0.000000,0.000000,0
air05,config23,2,FOUND INTEGER FEASIBLE,0.858234,2.953551,9,12,0,0,38134.000000,38134.000000,0.000000,0.000000,0
air05,config23,3,FOUND INTEGER FEASIBLE,0.866148,4.029023,13,12,0,0,38192.000000,38192.000000,0.000000,0.000000,0
air05,config19,1,FOUND INTEGER FEASIBLE,0.000000,0.031192,0,0,-1,-1,29888.000000,29888.000000,0.000000,0.000000,0
air05,config19,2,FOUND INTEGER FEASIBLE,0.000000,0.021846,0,0,-1,-1,29888.000000,29888.000000,0.000000,0.000000,0
air05,config19,3,FOUND INTEGER FEASIBLE,0.000000,0.019927,0,0,-1,-1,29888.000000,29888.000000,0.000000,0.000000,0
air05,config18,1,FOUND INTEGER FEASIBLE,0.000000,0.030887,0,0,-1,-1,29888.000000,29888.000000,0.000000,0.000000,0
air05,config18,2,FOUND INTEGER FEASIBLE,0.000000,0.023781,0,0,-1,-1,29888.000000,29888.000000,0.000000,0.000000,0
air05,config18,3,FOUND INTEGER FEASIBLE,0.000000,0.022026,0,0,-1,-1,29888.000000,29888.000000,0.000000,0.000000,0
app1-1,config1,1,FOUND INTEGER FEASIBLE,0.000000,0.208958,4,0,-1,-1,-1.000000,-1.000000,0.000000,0.000000,0
app1-1,config1,2,FOUND INTEGER FEASIBLE,0.000000,0.209162,4,0,-1,-1,-1.000000,-1.000000,0.000000,0.000000,0
app1-1,config1,3,FOUND INTEGER FEASIBLE,0.000000,0.210478,4,0,-1,-1,-1.000000,-1.000000,0.000000,0.000000,0
app1-1,config3,1,FOUND INTEGER FEASIBLE,0.000000,0.266065,9,0,-1,-1,0.000000,0.000000,0.000000,0.000000,0
app1-1,config3,2,FOUND INTEGER FEASIBLE,0.000000,0.259691,8,0,-1,-1,-1.000000,-1.000000,0.000000,0.000000,0
app1-1,config3,3,FOUND INTEGER FEASIBLE,0.000000,0.244359,7,0,-1,-1,-1.000000,-1.000000,0.000000,0.000000,0
app1-1,config20,1,FOUND INTEGER FEASIBLE,0.000000,0.372864,7,0,-1,-1,-1.000000,-1.000000,0.000000,0.000000,0
app1-1,config20,2,FOUND INTEGER FEASIBLE,0.000000,0.305184,7,0,-1,-1,-1.000000,-1.000000,0.000000,0.000000,0
app1-1,config20,3,FOUND INTEGER FEASIBLE,0.000000,0.363313,6,0,-1,-1,-1.000000,-1.000000,0.000000,0.000000,0
app1-1,config16,1,FOUND INTEGER FEASIBLE,0.025457,0.217035,84,5,1,0,-2.000000,-2.000000,0.000000,0.000000,0
app1-1,config16,2,FOUND INTEGER FEASIBLE,0.024263,0.194757,84,5,1,0,-2.000000,-2.000000,0.000000,0.000000,0
app1-1,config16,3,FOUND INTEGER FEASIBLE,0.024495,0.195657,84,5,1,0,-2.000000,-2.000000,0.000000,0.000000,0
app1-1,config17,1,FOUND INTEGER FEASIBLE,0.016674,0.168596,12,11,0,0,-1.000000,-1.000000,0.000000,0.000000,0
app1-1,config17,2,FOUND INTEGER FEASIBLE,0.012970,0.152105,11,11,0,0,-1.000000,-1.000000,0.000000,0.000000,0
app1-1,config17,3,FOUND INTEGER FEASIBLE,0.017439,0.179398,7,11,0,0,-1.000000,-1.000000,0.000000,0.000000,0
app1-1,config21,1,FOUND INTEGER FEASIBLE,0.137268,0.317877,102,10,1,0,-1.000000,-1.000000,0.000000,0.000000,0
app1-1,config21,2,FOUND INTEGER FEASIBLE,0.102405,0.261128,108,10,1,0,-1.000000,-1.000000,0.000000,0.000000,0
app1-1,config21,3,FOUND INTEGER FEASIBLE,0.102585,0.239477,96,10,1,0,-1.000000,-1.000000,0.000000,0.000000,0
app1-1,config23,1,FOUND INTEGER FEASIBLE,0.134628,0.310982,94,10,1,0,-1.000000,-1.000000,0.000000,0.000000,0
app1-1,config23,2,FOUND INTEGER FEASIBLE,0.132914,0.309348,94,10,1,0,-1.000000,-1.000000,0.000000,0.000000,0
app1-1,config23,3,FOUND INTEGER FEASIBLE,0.113945,0.263295,97,10,1,0,-1.000000,-1.000000,0.000000,0.000000,0
app1-1,config19,1,FOUND INTEGER FEASIBLE,0.000000,0.769957,0,0,-1,-1,0.000000,0.000000,0.000000,0.000000,0
app1-1,config19,2,FOUND INTEGER FEASIBLE,0.000000,0.763184,0,0,-1,-1,0.000000,0.000000,0.000000,0.000000,0
app1-1,config19,3,FOUND INTEGER FEASIBLE,0.000000,0.765054,0,0,-1,-1,0.000000,0.000000,0.000000,0.000000,0
app1-1,config18,1,FOUND INTEGER FEASIBLE,0.000000,0.834450,0,0,-1,-1,-2.000000,-2.000000,0.000000,0.000000,0
app1-1,config18,2,FOUND INTEGER FEASIBLE,0.000000,0.828392,0,0,-1,-1,-2.000000,-2.000000,0.000000,0.000000,0
app1-1,config18,3,FOUND INTEGER FEASIBLE,0.000000,0.828362,0,0,-1,-1,-2.000000,-2.000000,0.000000,0.000000,0
app1-2,config1,1,FOUND INTEGER FEASIBLE,0.000000,4.150518,6,0,-1,-1,-24.000000,-24.000000,0.000000,0.000000,0
app1-2,config1,2,FOUND INTEGER FEASIBLE,0.000000,4.155142,6,0,-1,-1,-24.000000,-24.000000,0.000003,0.000000,0
app1-2,config1,3,FOUND INTEGER FEASIBLE,0.000000,4.450627,10,0,-1,-1,-23.000000,-23.000000,0.000000,0.000000,0
app1-2,config3,1,FOUND INTEGER FEASIBLE,0.000000,5.931324,26,0,-1,-1,-23.000000,-23.000000,0.000000,0.000000,0
app1-2,config3,2,FOUND INTEGER FEASIBLE,0.000000,6.354026,29,0,-1,-1,-23.000000,-23.000000,0.000000,0.000000,0
app1-2,config3,3,FOUND INTEGER FEASIBLE,0.000000,4.835743,17,0,-1,-1,-24.000000,-24.000000,0.000000,0.000000,0
app1-2,config20,1,FOUND INTEGER FEASIBLE,0.000000,7.035022,19,0,-1,-1,-20.000000,-20.000000,0.000000,0.000000,0
app1-2,config20,2,FOUND INTEGER FEASIBLE,0.000000,7.284066,8,0,-1,-1,-20.000000,-20.000000,0.000003,0.000000,0
app1-2,config20,3,FOUND INTEGER FEASIBLE,0.000000,6.227212,7,0,-1,-1,-20.000000,-20.000000,0.000000,0.000000,0
app1-2,config16,1,FOUND INTEGER FEASIBLE,0.501597,4.546108,25,11,1,1,-23.000000,-23.000000,0.000000,0.000000,0
app1-2,config16,2,FOUND INTEGER FEASIBLE,0.494026,4.177698,16,11,1,1,-23.000000,-23.000000,0.000000,0.000000,0
app1-2,config16,3,FOUND INTEGER FEASIBLE,0.499781,4.014085,11,11,1,1,-23.000000,-23.000000,0.000000,0.000000,0
app1-2,config17,1,FOUND INTEGER FEASIBLE,0.318167,31.054286,747,10,8,0,-22.000000,-22.000000,0.000000,0.000000,0
app1-2,config17,2,FOUND INTEGER FEASIBLE,0.357462,25.363491,763,10,8,0,-21.000000,-21.000000,0.000000,0.000000,0
app1-2,config17,3,FOUND INTEGER FEASIBLE,0.183355,26.262590,753,10,8,0,-22.000000,-22.000000,0.000000,0.000000,0
app1-2,config21,1,FOUND INTEGER FEASIBLE,3.709188,7.790961,126,11,1,0,-24.000000,-24.000000,0.000000,0.000000,0
app1-2,config21,2,FOUND INTEGER FEASIBLE,4.738705,8.325016,128,11,1,0,-24.000000,-24.000000,0.000000,0.000000,0
app1-2,config21,3,FOUND INTEGER FEASIBLE,4.848213,8.941121,108,11,1,0,-24.000000,-24.000000,0.000000,0.000000,0
app1-2,config23,1,FOUND INTEGER FEASIBLE,4.759856,7.370661,109,11,1,0,-24.000000,-24.000000,0.000000,0.000000,0
app1-2,config23,2,FOUND INTEGER FEASIBLE,3.695506,7.134682,115,11,1,0,-24.000000,-24.000000,0.000000,0.000000,0
app1-2,config23,3,FOUND INTEGER FEASIBLE,3.727569,6.847707,110,11,1,0,-23.000000,-23.000000,0.000000,0.000000,0
app1-2,config19,1,FOUND INTEGER FEASIBLE,0.000000,34.390221,0,0,-1,-1,-37.000000,-37.000000,0.000000,0.000000,0
app1-2,config19,2,FOUND INTEGER FEASIBLE,0.000000,34.308315,0,0,-1,-1,-37.000000,-37.000000,0.000000,0.000000,0
app1-2,config19,3,FOUND INTEGER FEASIBLE,0.000000,37.346412,0,0,-1,-1,-37.000000,-37.000000,0.000000,0.000000,0
app1-2,config18,1,FOUND INTEGER FEASIBLE,0.000000,84.294728,0,0,-1,-1,-41.000000,-41.000000,0.000000,0.000000,0
app1-2,config18,2,FOUND INTEGER FEASIBLE,0.000000,84.314567,0,0,-1,-1,-41.000000,-41.000000,0.000000,0.000000,0
app1-2,config18,3,FOUND INTEGER FEASIBLE,0.000000,84.294883,0,0,-1,-1,-41.000000,-41.000000,0.000000,0.000000,0
assign1-5-8,config1,1,FOUND INTEGER FEASIBLE,0.000000,0.029198,1,0,-1,-1,246.000000,246.000000,0.000000,0.000000,0
assign1-5-8,config1,2,FOUND INTEGER FEASIBLE,0.000000,0.023931,1,0,-1,-1,246.000000,246.000000,0.000000,0.000000,0
assign1-5-8,config1,3,FOUND INTEGER FEASIBLE,0.000000,0.023548,1,0,-1,-1,256.000000,256.000000,0.000000,0.000000,0
assign1-5-8,config3,1,FOUND INTEGER FEASIBLE,0.000000,0.013957,0,0,-1,-1,474.000000,239.000000,0.000000,0.000000,0
assign1-5-8,config3,2,FOUND INTEGER FEASIBLE,0.000000,0.016714,0,0,-1,-1,474.000000,239.000000,0.000000,0.000000,0
assign1-5-8,config3,3,FOUND INTEGER FEASIBLE,0.000000,0.014852,0,0,-1,-1,474.000000,239.000000,0.000000,0.000000,0
assign1-5-8,config20,1,FOUND INTEGER FEASIBLE,0.000000,0.012241,0,0,-1,-1,474.000000,274.000000,0.000000,0.000000,0
assign1-5-8,config20,2,FOUND INTEGER FEASIBLE,0.000000,0.011870,0,0,-1,-1,474.000000,274.000000,0.000000,0.000000,0
assign1-5-8,config20,3,FOUND INTEGER FEASIBLE,0.000000,0.016368,0,0,-1,-1,474.000000,274.000000,0.000000,0.000000,0
assign1-5-8,config16,1,FOUND INTEGER FEASIBLE,0.012265,0.022447,1,7,0,0,241.000000,241.000000,0.000000,0.000000,0
assign1-5-8,config16,2,FOUND INTEGER FEASIBLE,0.012074,0.022293,1,7,0,0,240.000000,240.000000,0.000000,0.000000,0
assign1-5-8,config16,3,FOUND INTEGER FEASIBLE,0.031061,0.055819,1,7,0,0,233.000000,233.000000,0.000000,0.000000,0
assign1-5-8,config17,1,FOUND INTEGER FEASIBLE,0.001730,0.014671,0,0,0,0,474.000000,239.000000,0.000000,0.000000,0
assign1-5-8,config17,2,FOUND INTEGER FEASIBLE,0.002157,0.018410,0,0,0,0,474.000000,239.000000,0.000000,0.000000,0
assign1-5-8,config17,3,FOUND INTEGER FEASIBLE,0.002131,0.018270,0,0,0,0,474.000000,239.000000,0.000000,0.000000,0
assign1-5-8,config21,1,FOUND INTEGER FEASIBLE,0.002115,0.018089,0,0,0,0,474.000000,274.000000,0.000000,0.000000,0
assign1-5-8,config21,2,FOUND INTEGER FEASIBLE,0.002075,0.017789,0,0,0,0,474.000000,274.000000,0.000000,0.000000,0
assign1-5-8,config21,3,FOUND INTEGER FEASIBLE,0.001770,0.015911,0,0,0,0,474.000000,274.000000,0.000000,0.000000,0
assign1-5-8,config23,1,FOUND INTEGER FEASIBLE,0.002083,0.017747,0,0,0,0,474.000000,239.000000,0.000000,0.000000,0
assign1-5-8,config23,2,FOUND INTEGER FEASIBLE,0.002095,0.017737,0,0,0,0,474.000000,239.000000,0.000000,0.000000,0
assign1-5-8,config23,3,FOUND INTEGER FEASIBLE,0.002105,0.017805,0,0,0,0,474.000000,239.000000,0.000000,0.000000,0
assign1-5-8,config19,1,FOUND INTEGER FEASIBLE,0.000000,0.011167,0,0,-1,-1,252.000000,252.000000,0.000000,0.000000,0
assign1-5-8,config19,2,FOUND INTEGER FEASIBLE,0.000000,0.010647,0,0,-1,-1,252.000000,252.000000,0.000000,0.000000,0
assign1-5-8,config19,3,FOUND INTEGER FEASIBLE,0.000000,0.008171,0,0,-1,-1,252.000000,252.000000,0.000000,0.000000,0
assign1-5-8,config18,1,FOUND INTEGER FEASIBLE,0.000000,0.005454,0,0,-1,-1,252.000000,252.000000,0.000000,0.000000,0
assign1-5-8,config18,2,FOUND INTEGER FEASIBLE,0.000000,0.010154,0,0,-1,-1,252.000000,252.000000,0.000000,0.000000,0
assign1-5-8,config18,3,FOUND INTEGER FEASIBLE,0.000000,0.009296,0,0,-1,-1,252.000000,252.000000,0.000000,0.000000,0
atlanta-ip,config1,1,FOUND INTEGER FEASIBLE,0.000000,7.198387,3,0,-1,-1,108.010182,108.010182,0.000000,0.000000,0
atlanta-ip,config1,2,FOUND INTEGER FEASIBLE,0.000000,7.293260,3,0,-1,-1,108.010318,108.010318,0.000000,0.000000,0
atlanta-ip,config1,3,FOUND INTEGER FEASIBLE,0.000000,7.859936,21,0,-1,-1,138.010854,138.010854,0.000000,0.000000,0
atlanta-ip,config3,1,FOUND INTEGER FEASIBLE,0.000000,1.174295,3,0,-1,-1,150.010283,150.010283,0.000000,0.000000,0
atlanta-ip,config3,2,FOUND INTEGER FEASIBLE,0.000000,2.102949,3,0,-1,-1,186.010282,186.010282,0.000000,0.000000,0
atlanta-ip,config3,3,FOUND INTEGER FEASIBLE,0.000000,2.133634,5,0,-1,-1,138.010313,138.010313,0.000000,0.000000,0
atlanta-ip,config20,1,FOUND INTEGER FEASIBLE,0.000000,5.977585,52,0,-1,-1,198.081946,198.081946,0.000000,0.000000,0
atlanta-ip,config20,2,FOUND INTEGER FEASIBLE,0.000000,4.947439,38,0,-1,-1,198.082464,198.082464,0.000000,0.000000,0
atlanta-ip,config20,3,FOUND INTEGER FEASIBLE,0.000000,4.798953,35,0,-1,-1,198.082092,198.082092,0.000000,0.000000,0
atlanta-ip,config16,1,FOUND INTEGER FEASIBLE,5.465245,11.144317,280,12,4,2,160.016203,160.016203,0.000000,0.000000,0
atlanta-ip,config16,2,FOUND INTEGER FEASIBLE,3.061151,8.966948,234,12,4,2,144.011792,144.011792,0.000000,0.000000,0
atlanta-ip,config16,3,FOUND INTEGER FEASIBLE,4.134380,10.122865,328,12,4,2,186.028910,186.028910,0.000000,0.000000,0
atlanta-ip,config17,1,FOUND INTEGER FEASIBLE,0.506619,1.771205,1,6,1,1,140.009935,140.009935,0.000000,0.000000,0
atlanta-ip,config17,2,FOUND INTEGER FEASIBLE,0.268155,1.057295,1,6,1,1,140.009935,140.009935,0.000000,0.000000,0
atlanta-ip,config17,3,FOUND INTEGER FEASIBLE,0.504208,1.759234,1,6,1,1,140.009935,140.009935,0.000000,0.000000,0
atlanta-ip,config21,1,FOUND INTEGER FEASIBLE,1.923068,3.158351,47,12,1,1,170.044763,170.044763,0.000000,0.000000,0
atlanta-ip,config21,2,FOUND INTEGER FEASIBLE,1.477790,2.386088,32,12,1,1,170.045951,170.045951,0.000000,0.000000,0
atlanta-ip,config21,3,FOUND INTEGER FEASIBLE,1.936932,3.416795,35,12,1,1,170.045475,170.045475,0.000000,0.000000,0
atlanta-ip,config23,1,FOUND INTEGER FEASIBLE,2.126601,3.605584,56,12,1,1,156.010972,156.010972,0.000000,0.000000,0
atlanta-ip,config23,2,FOUND INTEGER FEASIBLE,1.473547,2.425136,74,12,1,1,150.011596,150.011596,0.000000,0.000000,0
atlanta-ip,config23,3,FOUND INTEGER FEASIBLE,1.480454,2.452340,88,12,1,1,152.011210,152.011210,0.000000,0.000000,0
atlanta-ip,config19,1,FOUND INTEGER FEASIBLE,0.000000,237.192426,0,0,-1,-1,102.010277,102.010277,0.000000,0.000000,0
atlanta-ip,config19,2,FOUND INTEGER FEASIBLE,0.000000,238.652711,0,0,-1,-1,102.010277,102.010277,0.000000,0.000000,0
atlanta-ip,config19,3,FOUND INTEGER FEASIBLE,0.000000,237.234136,0,0,-1,-1,102.010277,102.010277,0.000000,0.000000,0
atlanta-ip,config18,1,FOUND INTEGER FEASIBLE,0.000000,80.556502,0,0,-1,-1,103.010018,103.010018,0.000000,0.000000,0
atlanta-ip,config18,2,FOUND INTEGER FEASIBLE,0.000000,80.110792,0,0,-1,-1,103.010018,103.010018,0.000000,0.000000,0
atlanta-ip,config18,3,FOUND INTEGER FEASIBLE,0.000000,80.004614,0,0,-1,-1,103.010018,103.010018,0.000000,0.000000,0
b1c1s1,config1,1,FOUND INTEGER FEASIBLE,0.000000,0.548976,8,0,-1,-1,54661.150323,42089.510000,0.000000,0.000000,0
b1c1s1,config1,2,FOUND INTEGER FEASIBLE,0.000000,0.875222,7,0,-1,-1,62448.557209,42869.940000,0.000000,0.000000,0
b1c1s1,config1,3,FOUND INTEGER FEASIBLE,0.000000,0.492162,6,0,-1,-1,57804.273305,36984.280000,0.000000,0.000000,0
b1c1s1,config3,1,FOUND INTEGER FEASIBLE,0.000000,0.865131,6,0,-1,-1,60709.857800,40680.250000,0.000000,0.000000,0
b1c1s1,config3,2,FOUND INTEGER FEASIBLE,0.000000,0.955580,6,0,-1,-1,66906.353048,48317.050000,0.000000,0.000000,0
b1c1s1,config3,3,FOUND INTEGER FEASIBLE,0.000000,0.808537,6,0,-1,-1,68389.412548,42561.150000,0.000000,0.000000,0
b1c1s1,config20,1,FOUND INTEGER FEASIBLE,0.000000,0.115369,0,0,-1,-1,119162.682667,74803.520000,0.000000,0.000000,0
b1c1s1,config20,2,FOUND INTEGER FEASIBLE,0.000000,0.060311,0,0,-1,-1,119162.682667,74803.520000,0.000000,0.000000,0
b1c1s1,config20,3,FOUND INTEGER FEASIBLE,0.000000,0.102333,0,0,-1,-1,119162.682667,74803.520000,0.000000,0.000000,0
b1c1s1,config16,1,FOUND INTEGER FEASIBLE,0.102275,0.387813,100,5,1,0,74076.443800,47650.650000,0.000000,0.000000,0
b1c1s1,config16,2,FOUND INTEGER FEASIBLE,0.102128,0.411350,114,5,1,0,70677.182548,51227.950000,0.000000,0.000000,0
b1c1s1,config16,3,FOUND INTEGER FEASIBLE,0.102276,0.391100,125,5,1,0,66469.132657,47407.650000,0.000000,0.000000,0
b1c1s1,config17,1,FOUND INTEGER FEASIBLE,0.698538,0.928347,8,7,0,0,58215.660000,39996.120000,0.000000,0.000000,0
b1c1s1,config17,2,FOUND INTEGER FEASIBLE,0.697432,0.944816,7,7,0,0,62058.011454,43990.450000,0.000000,0.000000,0
b1c1s1,config17,3,FOUND INTEGER FEASIBLE,0.933975,1.225969,4,7,0,0,65242.687077,38852.450000,0.000000,0.000000,0
b1c1s1,config21,1,FOUND INTEGER FEASIBLE,0.034645,0.129058,0,0,0,0,119162.682667,74803.520000,0.000000,0.000000,0
b1c1s1,config21,2,FOUND INTEGER FEASIBLE,0.034442,0.120502,0,0,0,0,119162.682667,74803.520000,0.000000,0.000000,0
b1c1s1,config21,3,FOUND INTEGER FEASIBLE,0.034164,0.118970,0,0,0,0,119162.682667,74803.520000,0.000000,0.000000,0
b1c1s1,config23,1,FOUND INTEGER FEASIBLE,0.034332,0.818922,6,0,0,0,60709.857800,40680.250000,0.000000,0.000000,0
b1c1s1,config23,2,FOUND INTEGER FEASIBLE,0.034512,0.915813,6,0,0,0,66906.353048,48317.050000,0.000000,0.000000,0
b1c1s1,config23,3,FOUND INTEGER FEASIBLE,0.034901,0.777756,6,0,0,0,68389.412548,42561.150000,0.000000,0.000000,0
b1c1s1,config19,1,FOUND INTEGER FEASIBLE,0.000000,0.072403,0,0,-1,-1,107285.881081,74803.520000,0.000000,0.000000,0
b1c1s1,config19,2,FOUND INTEGER FEASIBLE,0.000000,0.039691,0,0,-1,-1,107285.881081,74803.520000,0.000000,0.000000,0
b1c1s1,config19,3,FOUND INTEGER FEASIBLE,0.000000,0.074257,0,0,-1,-1,107285.881081,74803.520000,0.000000,0.000000,0
b1c1s1,config18,1,FOUND INTEGER FEASIBLE,0.000000,0.086128,0,0,-1,-1,107285.881081,74803.520000,0.000000,0.000000,0
b1c1s1,config18,2,FOUND INTEGER FEASIBLE,0.000000,0.077236,0,0,-1,-1,107285.881081,74803.520000,0.000000,0.000000,0
b1c1s1,config18,3,FOUND INTEGER FEASIBLE,0.000000,0.042237,0,0,-1,-1,107285.881081,74803.520000,0.000000,0.000000,0
bab2,config1,1,FAILED TO FIND AN INTEGER FEASIBLE SOLUTION,0.000000,3600,1030,0,-1,-1,0.000000,0.000000,9.000000,5.000000,18
bab2,config1,2,FAILED TO FIND AN INTEGER FEASIBLE SOLUTION,0.000000,3600,822,0,-1,-1,0.000000,0.000000,6.000000,3.000000,12
bab2,config1,3,FAILED TO FIND AN INTEGER FEASIBLE SOLUTION,0.000000,3600,882,0,-1,-1,0.000000,0.000000,4.000000,2.000000,8
bab2,config3,1,FAILED TO FIND AN INTEGER FEASIBLE SOLUTION,0.000000,3600,987,0,-1,-1,0.000000,0.000000,9.000000,5.000000,18
bab2,config3,2,FAILED TO FIND AN INTEGER FEASIBLE SOLUTION,0.000000,3600,794,0,-1,-1,0.000000,0.000000,7.000000,3.500000,14
bab2,config3,3,FAILED TO FIND AN INTEGER FEASIBLE SOLUTION,0.000000,3600,745,0,-1,-1,0.000000,0.000000,5.000000,2.500000,10
bab2,config20,1,FAILED TO FIND AN INTEGER FEASIBLE SOLUTION,0.000000,3600,632,0,-1,-1,0.000000,0.000000,7.000000,4.000000,14
bab2,config20,2,FAILED TO FIND AN INTEGER FEASIBLE SOLUTION,0.000000,3600,599,0,-1,-1,0.000000,0.000000,14.000000,8.000000,28
bab2,config20,3,FAILED TO FIND AN INTEGER FEASIBLE SOLUTION,0.000000,3600,451,0,-1,-1,0.000000,0.000000,6.000000,3.000000,12
bab2,config16,1,FAILED TO FIND AN INTEGER FEASIBLE SOLUTION,15.163992,3600,586,3,3,2,0.000000,0.000000,12.000000,6.000000,24
bab2,config16,2,FAILED TO FIND AN INTEGER FEASIBLE SOLUTION,15.691719,3600,591,3,3,2,0.000000,0.000000,10.000000,5.000000,20
bab2,config16,3,FAILED TO FIND AN INTEGER FEASIBLE SOLUTION,14.850355,3600,661,3,3,2,0.000000,0.000000,4.000000,2.000000,8
bab2,config17,1,FAILED TO FIND AN INTEGER FEASIBLE SOLUTION,14.956696,3600,1259,11,11,1,0.000000,0.000000,8.000000,4.000000,16
bab2,config17,2,FAILED TO FIND AN INTEGER FEASIBLE SOLUTION,18.531881,3600,1207,11,11,1,0.000000,0.000000,8.000000,4.500000,16
bab2,config17,3,FAILED TO FIND AN INTEGER FEASIBLE SOLUTION,16.950718,3600,1365,11,11,1,0.000000,0.000000,10.000000,5.500000,20
bab2,config21,1,FAILED TO FIND AN INTEGER FEASIBLE SOLUTION,10.262037,3600,689,9,9,1,0.000000,0.000000,5.000000,3.000000,10
bab2,config21,2,FAILED TO FIND AN INTEGER FEASIBLE SOLUTION,7.946913,3600,809,9,9,1,0.000000,0.000000,11.000000,6.000000,22
bab2,config21,3,FAILED TO FIND AN INTEGER FEASIBLE SOLUTION,7.797548,3600,1122,9,9,1,0.000000,0.000000,11.000000,6.000000,22
bab2,config23,1,FAILED TO FIND AN INTEGER FEASIBLE SOLUTION,7.887520,3600,803,9,9,1,0.000000,0.000000,9.000000,4.500000,18
bab2,config23,2,FAILED TO FIND AN INTEGER FEASIBLE SOLUTION,9.911111,3600,654,9,9,1,0.000000,0.000000,9.000000,4.500000,18
bab2,config23,3,FAILED TO FIND AN INTEGER FEASIBLE SOLUTION,9.332056,3600,592,9,9,1,0.000000,0.000000,3.000000,1.500000,6
bab2,config19,1,FOUND INTEGER FEASIBLE,0.000000,604.348418,0,0,-1,-1,-353245.650500,-353245.650500,0.000000,0.000000,0
bab2,config19,2,FOUND INTEGER FEASIBLE,0.000000,600.785008,0,0,-1,-1,-353245.650500,-353245.650500,0.000000,0.000000,0
bab2,config19,3,FOUND INTEGER FEASIBLE,0.000000,603.356714,0,0,-1,-1,-353245.650500,-353245.650500,0.000000,0.000000,0
bab2,config18,1,FOUND INTEGER FEASIBLE,0.000000,702.223727,0,0,-1,-1,-348721.385000,-348721.385000,0.000000,0.000000,0
bab2,config18,2,FOUND INTEGER FEASIBLE,0.000000,702.099746,0,0,-1,-1,-348721.385000,-348721.385000,0.000000,0.000000,0
bab2,config18,3,FOUND INTEGER FEASIBLE,0.000000,700.038366,0,0,-1,-1,-348721.385000,-348721.385000,0.000000,0.000000,0
bab6,config1,1,FOUND INTEGER FEASIBLE,0.000000,124.377453,268,0,-1,-1,-112626.455000,-112626.455000,0.000000,0.000000,0
bab6,config1,2,FOUND INTEGER FEASIBLE,0.000000,855.840592,2067,0,-1,-1,-55975.798700,-55975.798700,0.000000,0.000000,0
bab6,config1,3,FOUND INTEGER FEASIBLE,0.000000,64.466348,107,0,-1,-1,-122705.631400,-122705.631400,0.000000,0.000000,0
bab6,config3,1,FOUND INTEGER FEASIBLE,0.000000,124.998579,267,0,-1,-1,24089.926700,24089.926700,0.000000,0.000000,0
bab6,config3,2,FAILED TO FIND AN INTEGER FEASIBLE SOLUTION,0.000000,3600,8307,0,-1,-1,0.000000,0.000000,0.500000,0.500000,1
bab6,config3,3,FOUND INTEGER FEASIBLE,0.000000,64.434133,127,0,-1,-1,38953.260000,38953.260000,0.000000,0.000000,0
bab6,config20,1,FOUND INTEGER FEASIBLE,0.000000,101.849439,390,0,-1,-1,-14154.723700,-14154.723700,0.000000,0.000000,0
bab6,config20,2,FOUND INTEGER FEASIBLE,0.000000,681.636071,824,0,-1,-1,-14970.724900,-14970.724900,0.000000,0.000000,0
bab6,config20,3,FOUND INTEGER FEASIBLE,0.000000,1538.438780,6661,0,-1,-1,-14913.810900,-14913.810900,0.000000,0.000000,0
bab6,config16,1,FOUND INTEGER FEASIBLE,6.322318,62.336699,189,6,3,2,-136055.129200,-136055.129200,0.000000,0.000000,0
bab6,config16,2,FOUND INTEGER FEASIBLE,5.471505,45.342207,56,6,2,2,-136741.647100,-136741.647100,0.000000,0.000000,0
bab6,config16,3,FOUND INTEGER FEASIBLE,6.279507,304.359109,976,6,6,2,-71935.168200,-71935.168200,0.000000,0.000000,0
bab6,config17,1,FOUND INTEGER FEASIBLE,28.971404,46.392039,119,11,1,1,33268.743600,33268.743600,0.000000,0.000000,0
bab6,config17,2,FOUND INTEGER FEASIBLE,30.639791,91.259175,545,11,5,1,25642.971100,25642.971100,0.000000,0.000000,0
bab6,config17,3,FOUND INTEGER FEASIBLE,23.185789,38.746048,77,11,1,1,35200.168000,35200.168000,0.000000,0.000000,0
bab6,config21,1,FOUND INTEGER FEASIBLE,7.171829,3452.378677,10073,10,10,1,-10888.259700,-10888.259700,0.000000,0.000000,0
bab6,config21,2,FOUND INTEGER FEASIBLE,6.419701,197.488151,752,10,8,1,5988.606100,5988.606100,0.000000,0.000000,0
bab6,config21,3,FOUND INTEGER FEASIBLE,7.175385,162.324869,732,10,9,1,-1024.588800,-1024.588800,0.000000,0.000000,0
bab6,config23,1,FOUND INTEGER FEASIBLE,6.367806,295.765924,1623,10,10,1,15520.104200,15520.104200,0.000000,0.000000,0
bab6,config23,2,FOUND INTEGER FEASIBLE,7.145667,567.430527,1505,10,10,1,3840.265400,3840.265400,0.000000,0.000000,0
bab6,config23,3,FOUND INTEGER FEASIBLE,7.110656,474.723341,2088,10,10,1,5754.044700,5754.044700,0.000000,0.000000,0
bab6,config19,1,FOUND INTEGER FEASIBLE,0.000000,431.866229,0,0,-1,-1,-273869.001200,-273869.001200,0.000000,0.000000,0
bab6,config19,2,FOUND INTEGER FEASIBLE,0.000000,431.462465,0,0,-1,-1,-273869.001200,-273869.001200,0.000000,0.000000,0
bab6,config19,3,FOUND INTEGER FEASIBLE,0.000000,429.170952,0,0,-1,-1,-273869.001200,-273869.001200,0.000000,0.000000,0
bab6,config18,1,FOUND INTEGER FEASIBLE,0.000000,634.567054,0,0,-1,-1,-276028.685900,-276028.685900,0.000000,0.000000,0
bab6,config18,2,FOUND INTEGER FEASIBLE,0.000000,636.351842,0,0,-1,-1,-276028.685900,-276028.685900,0.000000,0.000000,0
bab6,config18,3,FOUND INTEGER FEASIBLE,0.000000,632.726091,0,0,-1,-1,-276028.685900,-276028.685900,0.000000,0.000000,0
beasleyC3,config1,1,FOUND INTEGER FEASIBLE,0.000000,0.091738,8,0,-1,-1,892.000000,892.000000,0.000000,0.000000,0
beasleyC3,config1,2,FOUND INTEGER FEASIBLE,0.000000,0.085999,9,0,-1,-1,865.000000,865.000000,0.000000,0.000000,0
beasleyC3,config1,3,FOUND INTEGER FEASIBLE,0.000000,0.078615,6,0,-1,-1,863.000000,863.000000,0.000000,0.000000,0
beasleyC3,config3,1,FOUND INTEGER FEASIBLE,0.000000,0.090683,8,0,-1,-1,932.000000,932.000000,0.000000,0.000000,0
beasleyC3,config3,2,FOUND INTEGER FEASIBLE,0.000000,0.096424,9,0,-1,-1,869.000000,869.000000,0.000000,0.000000,0
beasleyC3,config3,3,FOUND INTEGER FEASIBLE,0.000000,0.090663,8,0,-1,-1,887.000000,887.000000,0.000000,0.000000,0
beasleyC3,config20,1,FOUND INTEGER FEASIBLE,0.000000,0.035642,2,0,-1,-1,4882.000000,4882.000000,0.000000,0.000000,0
beasleyC3,config20,2,FOUND INTEGER FEASIBLE,0.000000,0.034767,2,0,-1,-1,4882.000000,4882.000000,0.000000,0.000000,0
beasleyC3,config20,3,FOUND INTEGER FEASIBLE,0.000000,0.034554,2,0,-1,-1,4882.000000,4882.000000,0.000000,0.000000,0
beasleyC3,config16,1,FOUND INTEGER FEASIBLE,0.026690,0.071750,7,7,0,0,929.000000,929.000000,0.000000,0.000000,0
beasleyC3,config16,2,FOUND INTEGER FEASIBLE,0.024511,0.079879,9,7,0,0,934.000000,934.000000,0.000000,0.000000,0
beasleyC3,config16,3,FOUND INTEGER FEASIBLE,0.023540,0.068326,7,7,0,0,931.000000,931.000000,0.000000,0.000000,0
beasleyC3,config17,1,FOUND INTEGER FEASIBLE,0.025743,0.072871,8,6,0,0,914.000000,914.000000,0.000000,0.000000,0
beasleyC3,config17,2,FOUND INTEGER FEASIBLE,0.028531,0.079541,8,6,0,0,928.000000,928.000000,0.000000,0.000000,0
beasleyC3,config17,3,FOUND INTEGER FEASIBLE,0.028745,0.078392,7,6,0,0,938.000000,938.000000,0.000000,0.000000,0
beasleyC3,config21,1,FOUND INTEGER FEASIBLE,0.065407,0.087423,0,4,0,0,1116.000000,1116.000000,0.000000,0.000000,0
beasleyC3,config21,2,FOUND INTEGER FEASIBLE,0.065437,0.087499,0,4,0,0,1116.000000,1116.000000,0.000000,0.000000,0
beasleyC3,config21,3,FOUND INTEGER FEASIBLE,0.065846,0.088027,0,4,0,0,1116.000000,1116.000000,0.000000,0.000000,0
beasleyC3,config23,1,FOUND INTEGER FEASIBLE,0.066129,0.088749,2,4,0,0,1035.000000,1035.000000,0.000000,0.000000,0
beasleyC3,config23,2,FOUND INTEGER FEASIBLE,0.069526,0.097029,2,4,0,0,1035.000000,1035.000000,0.000000,0.000000,0
beasleyC3,config23,3,FOUND INTEGER FEASIBLE,0.069524,0.095724,2,4,0,0,1035.000000,1035.000000,0.000000,0.000000,0
beasleyC3,config19,1,FOUND INTEGER FEASIBLE,0.000000,0.054759,0,0,-1,-1,954.000000,954.000000,0.000000,0.000000,0
beasleyC3,config19,2,FOUND INTEGER FEASIBLE,0.000000,0.053476,0,0,-1,-1,954.000000,954.000000,0.000000,0.000000,0
beasleyC3,config19,3,FOUND INTEGER FEASIBLE,0.000000,0.053327,0,0,-1,-1,954.000000,954.000000,0.000000,0.000000,0
beasleyC3,config18,1,FOUND INTEGER FEASIBLE,0.000000,0.047904,0,0,-1,-1,954.000000,954.000000,0.000000,0.000000,0
beasleyC3,config18,2,FOUND INTEGER FEASIBLE,0.000000,0.032800,0,0,-1,-1,954.000000,954.000000,0.000000,0.000000,0
beasleyC3,config18,3,FOUND INTEGER FEASIBLE,0.000000,0.053346,0,0,-1,-1,954.000000,954.000000,0.000000,0.000000,0
binkar10_1,config1,1,FOUND INTEGER FEASIBLE,0.000000,0.052904,2,0,-1,-1,6816.330017,6807.490014,0.000000,0.000000,0
binkar10_1,config1,2,FOUND INTEGER FEASIBLE,0.000000,0.063822,4,0,-1,-1,1007882.000065,7554.990054,0.000000,0.000000,0
binkar10_1,config1,3,FOUND INTEGER FEASIBLE,0.000000,0.110595,14,0,-1,-1,8109.120042,7684.270021,0.000000,0.000000,0
binkar10_1,config3,1,FOUND INTEGER FEASIBLE,0.000000,0.045122,1,0,-1,-1,12194.830089,11954.320088,0.000000,0.000000,0
binkar10_1,config3,2,FOUND INTEGER FEASIBLE,0.000000,0.045188,1,0,-1,-1,12222.820085,11982.310084,0.000000,0.000000,0
binkar10_1,config3,3,FOUND INTEGER FEASIBLE,0.000000,0.047064,1,0,-1,-1,12194.830089,11954.320088,0.000000,0.000000,0
binkar10_1,config20,1,FOUND INTEGER FEASIBLE,0.000000,0.063648,18,0,-1,-1,1010629.300031,9998.440012,0.000000,0.000000,0
binkar10_1,config20,2,FOUND INTEGER FEASIBLE,0.000000,0.049880,8,0,-1,-1,2011032.480051,1010204.890033,0.000000,0.000000,0
binkar10_1,config20,3,FOUND INTEGER FEASIBLE,0.000000,0.053791,13,0,-1,-1,2010645.390072,1009339.760033,0.000000,0.000000,0
binkar10_1,config16,1,FOUND INTEGER FEASIBLE,0.033798,0.050450,0,9,0,0,10212.290106,10212.290106,0.000000,0.000000,0
binkar10_1,config16,2,FOUND INTEGER FEASIBLE,0.042081,0.058500,0,9,0,0,10212.290106,10212.290106,0.000000,0.000000,0
binkar10_1,config16,3,FOUND INTEGER FEASIBLE,0.037898,0.057123,0,9,0,0,10212.290106,10212.290106,0.000000,0.000000,0
binkar10_1,config17,1,FOUND INTEGER FEASIBLE,0.017056,0.047008,3,2,0,0,12156.380066,11965.230060,0.000000,0.000000,0
binkar10_1,config17,2,FOUND INTEGER FEASIBLE,0.016921,0.046689,3,2,0,0,12156.380066,11965.230060,0.000000,0.000000,0
binkar10_1,config17,3,FOUND INTEGER FEASIBLE,0.017064,0.045249,3,2,0,0,12156.380066,11965.230060,0.000000,0.000000,0
binkar10_1,config21,1,FOUND INTEGER FEASIBLE,0.030502,0.056408,1,7,0,0,1009980.030020,9214.199989,0.000000,0.000000,0
binkar10_1,config21,2,FOUND INTEGER FEASIBLE,0.025564,0.048955,1,7,0,0,1009980.030020,9214.199989,0.000000,0.000000,0
binkar10_1,config21,3,FOUND INTEGER FEASIBLE,0.025637,0.049107,1,7,0,0,1009980.030020,9214.199989,0.000000,0.000000,0
binkar10_1,config23,1,FOUND INTEGER FEASIBLE,0.030002,0.056763,1,7,0,0,10896.050029,10791.680027,0.000000,0.000000,0
binkar10_1,config23,2,FOUND INTEGER FEASIBLE,0.025451,0.049162,1,7,0,0,10896.050029,10791.680027,0.000000,0.000000,0
binkar10_1,config23,3,FOUND INTEGER FEASIBLE,0.025488,0.049186,1,7,0,0,10896.050029,10791.680027,0.000000,0.000000,0
binkar10_1,config19,1,FOUND INTEGER FEASIBLE,0.000000,0.024968,0,0,-1,-1,11857.730086,10529.910064,0.000000,0.000000,0
binkar10_1,config19,2,FOUND INTEGER FEASIBLE,0.000000,0.017768,0,0,-1,-1,11857.730086,10529.910064,0.000000,0.000000,0
binkar10_1,config19,3,FOUND INTEGER FEASIBLE,0.000000,0.022356,0,0,-1,-1,11857.730086,10529.910064,0.000000,0.000000,0
binkar10_1,config18,1,FOUND INTEGER FEASIBLE,0.000000,0.033004,0,0,-1,-1,11857.730086,10529.910064,0.000000,0.000000,0
binkar10_1,config18,2,FOUND INTEGER FEASIBLE,0.000000,0.015642,0,0,-1,-1,11857.730086,10529.910064,0.000000,0.000000,0
binkar10_1,config18,3,FOUND INTEGER FEASIBLE,0.000000,0.011135,0,0,-1,-1,11857.730086,10529.910064,0.000000,0.000000,0
blp-ar98,config1,1,FOUND INTEGER FEASIBLE,0.000000,3.054592,18,0,-1,-1,19065.451410,19065.451410,0.000000,0.000000,0
blp-ar98,config1,2,FOUND INTEGER FEASIBLE,0.000000,1.633473,5,0,-1,-1,10302.917795,10302.917795,0.000000,0.000000,0
blp-ar98,config1,3,FOUND INTEGER FEASIBLE,0.000000,2.480664,13,0,-1,-1,13711.395533,13711.395533,0.000000,0.000000,0
blp-ar98,config3,1,FOUND INTEGER FEASIBLE,0.000000,1.240444,3,0,-1,-1,13819.339317,13819.339317,0.000000,0.000000,0
blp-ar98,config3,2,FOUND INTEGER FEASIBLE,0.000000,1.225188,3,0,-1,-1,13819.339317,13819.339317,0.000000,0.000000,0
blp-ar98,config3,3,FOUND INTEGER FEASIBLE,0.000000,1.232092,3,0,-1,-1,13728.402190,13728.402190,0.000000,0.000000,0
blp-ar98,config20,1,FOUND INTEGER FEASIBLE,0.000000,1.381864,29,0,-1,-1,21782.845154,21782.845154,0.000000,0.000000,0
blp-ar98,config20,2,FOUND INTEGER FEASIBLE,0.000000,1.088567,8,0,-1,-1,21247.395101,21247.395101,0.000000,0.000000,0
blp-ar98,config20,3,FOUND INTEGER FEASIBLE,0.000000,1.135544,11,0,-1,-1,21829.215498,21829.215498,0.000000,0.000000,0
blp-ar98,config16,1,FOUND INTEGER FEASIBLE,0.163587,1.372616,15,12,2,2,12990.116605,12990.116605,0.000000,0.000000,0
blp-ar98,config16,2,FOUND INTEGER FEASIBLE,0.161825,1.353540,13,12,2,2,12596.711840,12596.711840,0.000000,0.000000,0
blp-ar98,config16,3,FOUND INTEGER FEASIBLE,0.164644,1.172613,4,12,2,2,11310.716288,11310.716288,0.000000,0.000000,0
blp-ar98,config17,1,FOUND INTEGER FEASIBLE,0.146056,1.421058,19,10,1,1,15833.750267,15833.750267,0.000000,0.000000,0
blp-ar98,config17,2,FOUND INTEGER FEASIBLE,0.147151,1.379675,15,10,1,1,14784.708635,14784.708635,0.000000,0.000000,0
blp-ar98,config17,3,FOUND INTEGER FEASIBLE,0.145002,1.243988,11,10,1,1,14340.900733,14340.900733,0.000000,0.000000,0
blp-ar98,config21,1,FOUND INTEGER FEASIBLE,0.298821,1.652193,21,4,0,0,17263.990302,17263.990302,0.000000,0.000000,0
blp-ar98,config21,2,FOUND INTEGER FEASIBLE,0.292392,1.503098,15,4,0,0,17378.852750,17378.852750,0.000000,0.000000,0
blp-ar98,config21,3,FOUND INTEGER FEASIBLE,0.284974,1.846038,36,4,0,0,17028.118142,17028.118142,0.000000,0.000000,0
blp-ar98,config23,1,FOUND INTEGER FEASIBLE,0.219470,1.283159,26,4,0,0,15228.090142,15228.090142,0.000000,0.000000,0
blp-ar98,config23,2,FOUND INTEGER FEASIBLE,0.290462,2.371020,67,4,0,0,16691.874299,16691.874299,0.000000,0.000000,0
blp-ar98,config23,3,FOUND INTEGER FEASIBLE,0.289666,1.632331,25,4,0,0,14307.241954,14307.241954,0.000000,0.000000,0
blp-ar98,config19,1,FOUND INTEGER FEASIBLE,0.000000,5.372831,0,0,-1,-1,6874.629466,6874.629466,0.000000,0.000000,0
blp-ar98,config19,2,FOUND INTEGER FEASIBLE,0.000000,5.525967,0,0,-1,-1,6874.629466,6874.629466,0.000000,0.000000,0
blp-ar98,config19,3,FOUND INTEGER FEASIBLE,0.000000,5.549164,0,0,-1,-1,6874.629466,6874.629466,0.000000,0.000000,0
blp-ar98,config18,1,FOUND INTEGER FEASIBLE,0.000000,3.333361,0,0,-1,-1,6720.748643,6720.748643,0.000000,0.000000,0
blp-ar98,config18,2,FOUND INTEGER FEASIBLE,0.000000,3.451499,0,0,-1,-1,6720.748643,6720.748643,0.000000,0.000000,0
blp-ar98,config18,3,FOUND INTEGER FEASIBLE,0.000000,3.462854,0,0,-1,-1,6720.748643,6720.748643,0.000000,0.000000,0
blp-ic98,config1,1,FOUND INTEGER FEASIBLE,0.000000,0.980744,1,0,-1,-1,5511.407242,5511.407242,0.000000,0.000000,0
blp-ic98,config1,2,FOUND INTEGER FEASIBLE,0.000000,0.981418,1,0,-1,-1,5320.827187,5320.827187,0.000000,0.000000,0
blp-ic98,config1,3,FOUND INTEGER FEASIBLE,0.000000,0.976247,1,0,-1,-1,7269.446915,7269.446915,0.000000,0.000000,0
blp-ic98,config3,1,FOUND INTEGER FEASIBLE,0.000000,0.881972,1,0,-1,-1,10804.704802,10804.704802,0.000000,0.000000,0
blp-ic98,config3,2,FOUND INTEGER FEASIBLE,0.000000,0.906489,2,0,-1,-1,10327.058690,10327.058690,0.000000,0.000000,0
blp-ic98,config3,3,FOUND INTEGER FEASIBLE,0.000000,0.885177,1,0,-1,-1,13082.740778,13082.740778,0.000000,0.000000,0
blp-ic98,config20,1,FOUND INTEGER FEASIBLE,0.000000,0.901415,1,0,-1,-1,20595.962386,20595.962386,0.000000,0.000000,0
blp-ic98,config20,2,FOUND INTEGER FEASIBLE,0.000000,0.844918,1,0,-1,-1,20050.990598,20050.990598,0.000000,0.000000,0
blp-ic98,config20,3,FOUND INTEGER FEASIBLE,0.000000,0.843243,1,0,-1,-1,20595.962386,20595.962386,0.000000,0.000000,0
blp-ic98,config16,1,FOUND INTEGER FEASIBLE,0.150031,0.647000,1,10,0,0,6878.345898,6878.345898,0.000000,0.000000,0
blp-ic98,config16,2,FOUND INTEGER FEASIBLE,0.150137,0.652955,1,10,0,0,6623.589520,6623.589520,0.000000,0.000000,0
blp-ic98,config16,3,FOUND INTEGER FEASIBLE,0.151135,0.657583,1,10,0,0,6995.994333,6995.994333,0.000000,0.000000,0
blp-ic98,config17,1,FOUND INTEGER FEASIBLE,0.096896,0.766676,3,8,0,0,9254.933922,9254.933922,0.000000,0.000000,0
blp-ic98,config17,2,FOUND INTEGER FEASIBLE,0.098896,0.765701,3,8,0,0,9254.933922,9254.933922,0.000000,0.000000,0
blp-ic98,config17,3,FOUND INTEGER FEASIBLE,0.098731,0.740421,3,8,0,0,11438.840629,11438.840629,0.000000,0.000000,0
blp-ic98,config21,1,FOUND INTEGER FEASIBLE,0.136152,1.059148,13,2,0,0,11791.596250,11791.596250,0.000000,0.000000,0
blp-ic98,config21,2,FOUND INTEGER FEASIBLE,0.118177,0.835308,4,2,0,0,12482.153187,12482.153187,0.000000,0.000000,0
blp-ic98,config21,3,FOUND INTEGER FEASIBLE,0.101700,0.730880,5,2,0,0,12150.269381,12150.269381,0.000000,0.000000,0
blp-ic98,config23,1,FOUND INTEGER FEASIBLE,0.136291,0.945519,1,2,0,0,9374.670797,9374.670797,0.000000,0.000000,0
blp-ic98,config23,2,FOUND INTEGER FEASIBLE,0.134813,0.919676,1,2,0,0,8643.335453,8643.335453,0.000000,0.000000,0
blp-ic98,config23,3,FOUND INTEGER FEASIBLE,0.113018,0.795929,1,2,0,0,10484.841974,10484.841974,0.000000,0.000000,0
blp-ic98,config19,1,FOUND INTEGER FEASIBLE,0.000000,0.941301,0,0,-1,-1,19051.033274,19051.033274,0.000000,0.000000,0
blp-ic98,config19,2,FOUND INTEGER FEASIBLE,0.000000,0.892245,0,0,-1,-1,19051.033274,19051.033274,0.000000,0.000000,0
blp-ic98,config19,3,FOUND INTEGER FEASIBLE,0.000000,0.886084,0,0,-1,-1,19051.033274,19051.033274,0.000000,0.000000,0
blp-ic98,config18,1,FOUND INTEGER FEASIBLE,0.000000,0.977849,0,0,-1,-1,19051.033274,19051.033274,0.000000,0.000000,0
blp-ic98,config18,2,FOUND INTEGER FEASIBLE,0.000000,0.899084,0,0,-1,-1,19051.033274,19051.033274,0.000000,0.000000,0
blp-ic98,config18,3,FOUND INTEGER FEASIBLE,0.000000,0.891389,0,0,-1,-1,19051.033274,19051.033274,0.000000,0.000000,0
bnatt400,config1,1,FAILED TO FIND AN INTEGER FEASIBLE SOLUTION,0.000000,466.736719,12000,0,-1,-1,0.000000,0.000000,8.479233,11.241138,76
bnatt400,config1,2,FAILED TO FIND AN INTEGER FEASIBLE SOLUTION,0.000000,474.053195,12000,0,-1,-1,0.000000,0.000000,7.249008,10.272817,37
bnatt400,config1,3,FAILED TO FIND AN INTEGER FEASIBLE SOLUTION,0.000000,477.700571,12000,0,-1,-1,0.000000,0.000000,6.621429,8.669048,34
bnatt400,config3,1,FAILED TO FIND AN INTEGER FEASIBLE SOLUTION,0.000000,469.224707,12000,0,-1,-1,0.000000,0.000000,6.500000,7.833333,18
bnatt400,config3,2,FAILED TO FIND AN INTEGER FEASIBLE SOLUTION,0.000000,471.782802,12000,0,-1,-1,0.000000,0.000000,6.688889,8.255556,40
bnatt400,config3,3,FAILED TO FIND AN INTEGER FEASIBLE SOLUTION,0.000000,461.307296,12000,0,-1,-1,0.000000,0.000000,6.273968,9.440317,62
bnatt400,config20,1,FAILED TO FIND AN INTEGER FEASIBLE SOLUTION,0.000000,675.540787,12000,0,-1,-1,0.000000,0.000000,6.646892,10.480225,57
bnatt400,config20,2,FAILED TO FIND AN INTEGER FEASIBLE SOLUTION,0.000000,654.006356,12000,0,-1,-1,0.000000,0.000000,6.344444,9.344444,25
bnatt400,config20,3,FAILED TO FIND AN INTEGER FEASIBLE SOLUTION,0.000000,667.781557,12000,0,-1,-1,0.000000,0.000000,5.316138,8.554233,32
bnatt400,config16,1,FAILED TO FIND AN INTEGER FEASIBLE SOLUTION,0.618073,461.701031,12000,11,11,11,0.000000,0.000000,8.479233,11.241138,76
bnatt400,config16,2,FAILED TO FIND AN INTEGER FEASIBLE SOLUTION,0.610330,489.888034,12000,11,11,11,0.000000,0.000000,7.249008,10.272817,37
bnatt400,config16,3,FAILED TO FIND AN INTEGER FEASIBLE SOLUTION,0.611652,478.289154,12000,11,11,11,0.000000,0.000000,6.621429,8.669048,34
bnatt400,config17,1,FAILED TO FIND AN INTEGER FEASIBLE SOLUTION,0.695460,475.402462,12000,11,11,1,0.000000,0.000000,5.305556,7.472222,36
bnatt400,config17,2,FAILED TO FIND AN INTEGER FEASIBLE SOLUTION,0.687815,474.550994,12000,11,11,1,0.000000,0.000000,5.563492,6.753968,23
bnatt400,config17,3,FAILED TO FIND AN INTEGER FEASIBLE SOLUTION,0.346457,475.690976,12000,11,11,1,0.000000,0.000000,9.075347,10.658681,53
bnatt400,config21,1,FAILED TO FIND AN INTEGER FEASIBLE SOLUTION,1.031934,498.847560,12000,12,12,8,0.000000,0.000000,4.714820,6.379172,67
bnatt400,config21,2,FAILED TO FIND AN INTEGER FEASIBLE SOLUTION,0.519794,489.105780,12000,12,12,8,0.000000,0.000000,6.250000,10.583333,31
bnatt400,config21,3,FAILED TO FIND AN INTEGER FEASIBLE SOLUTION,0.761075,493.769778,12000,12,12,8,0.000000,0.000000,6.406349,10.073016,34
bnatt400,config23,1,FAILED TO FIND AN INTEGER FEASIBLE SOLUTION,1.026024,459.411575,12000,12,12,8,0.000000,0.000000,5.376455,9.709788,45
bnatt400,config23,2,FAILED TO FIND AN INTEGER FEASIBLE SOLUTION,0.767453,491.327696,12000,12,12,8,0.000000,0.000000,5.777778,9.111111,28
bnatt400,config23,3,FAILED TO FIND AN INTEGER FEASIBLE SOLUTION,1.028645,492.632550,12000,12,12,8,0.000000,0.000000,4.450000,6.400000,35
bnatt400,config19,1,FAILED TO FIND AN INTEGER FEASIBLE SOLUTION,0.000000,3600,0,0,-1,-1,0.000000,0.000000,inf,inf,0
bnatt400,config19,2,FAILED TO FIND AN INTEGER FEASIBLE SOLUTION,0.000000,3600,0,0,-1,-1,0.000000,0.000000,inf,inf,0
bnatt400,config19,3,FAILED TO FIND AN INTEGER FEASIBLE SOLUTION,0.000000,3600,0,0,-1,-1,0.000000,0.000000,inf,inf,0
bnatt400,config18,1,FAILED TO FIND AN INTEGER FEASIBLE SOLUTION,0.000000,3600,0,0,-1,-1,0.000000,0.000000,inf,inf,0
bnatt400,config18,2,FAILED TO FIND AN INTEGER FEASIBLE SOLUTION,0.000000,3600,0,0,-1,-1,0.000000,0.000000,inf,inf,0
bnatt400,config18,3,FAILED TO FIND AN INTEGER FEASIBLE SOLUTION,0.000000,3600,0,0,-1,-1,0.000000,0.000000,inf,inf,0
bppc4-08,config1,1,FOUND INTEGER FEASIBLE,0.000000,0.101278,1,0,-1,-1,80.000000,80.000000,0.000000,0.000000,0
bppc4-08,config1,2,FOUND INTEGER FEASIBLE,0.000000,0.102749,1,0,-1,-1,76.000000,76.000000,0.000000,0.000000,0
bppc4-08,config1,3,FOUND INTEGER FEASIBLE,0.000000,0.102274,1,0,-1,-1,98.000000,98.000000,0.000000,0.000000,0
bppc4-08,config3,1,FOUND INTEGER FEASIBLE,0.000000,0.054841,0,0,-1,-1,5159.000000,290.000000,0.000000,0.000000,0
bppc4-08,config3,2,FOUND INTEGER FEASIBLE,0.000000,0.055130,0,0,-1,-1,5159.000000,290.000000,0.000000,0.000000,0
bppc4-08,config3,3,FOUND INTEGER FEASIBLE,0.000000,0.054957,0,0,-1,-1,5159.000000,290.000000,0.000000,0.000000,0
bppc4-08,config20,1,FOUND INTEGER FEASIBLE,0.000000,0.045509,0,0,-1,-1,5159.000000,290.000000,0.000000,0.000000,0
bppc4-08,config20,2,FOUND INTEGER FEASIBLE,0.000000,0.040386,0,0,-1,-1,5159.000000,290.000000,0.000000,0.000000,0
bppc4-08,config20,3,FOUND INTEGER FEASIBLE,0.000000,0.040071,0,0,-1,-1,5159.000000,290.000000,0.000000,0.000000,0
bppc4-08,config16,1,FOUND INTEGER FEASIBLE,0.051671,0.170054,1,10,0,0,97.000000,97.000000,0.000000,0.000000,0
bppc4-08,config16,2,FOUND INTEGER FEASIBLE,0.051916,0.166728,1,10,0,0,97.000000,97.000000,0.000000,0.000000,0
bppc4-08,config16,3,FOUND INTEGER FEASIBLE,0.050906,0.146221,1,10,0,0,111.000000,111.000000,0.000000,0.000000,0
bppc4-08,config17,1,FOUND INTEGER FEASIBLE,0.001997,0.055675,0,0,0,0,5159.000000,290.000000,0.000000,0.000000,0
bppc4-08,config17,2,FOUND INTEGER FEASIBLE,0.002379,0.063465,0,0,0,0,5159.000000,290.000000,0.000000,0.000000,0
bppc4-08,config17,3,FOUND INTEGER FEASIBLE,0.002491,0.063339,0,0,0,0,5159.000000,290.000000,0.000000,0.000000,0
bppc4-08,config21,1,FOUND INTEGER FEASIBLE,0.002021,0.055398,0,0,0,0,5159.000000,290.000000,0.000000,0.000000,0
bppc4-08,config21,2,FOUND INTEGER FEASIBLE,0.002410,0.063215,0,0,0,0,5159.000000,290.000000,0.000000,0.000000,0
bppc4-08,config21,3,FOUND INTEGER FEASIBLE,0.002467,0.063237,0,0,0,0,5159.000000,290.000000,0.000000,0.000000,0
bppc4-08,config23,1,FOUND INTEGER FEASIBLE,0.002011,0.055645,0,0,0,0,5159.000000,290.000000,0.000000,0.000000,0
bppc4-08,config23,2,FOUND INTEGER FEASIBLE,0.002437,0.064041,0,0,0,0,5159.000000,290.000000,0.000000,0.000000,0
bppc4-08,config23,3,FOUND INTEGER FEASIBLE,0.001948,0.052536,0,0,0,0,5159.000000,290.000000,0.000000,0.000000,0
bppc4-08,config19,1,FOUND INTEGER FEASIBLE,0.000000,0.038717,0,0,-1,-1,298.000000,298.000000,0.000000,0.000000,0
bppc4-08,config19,2,FOUND INTEGER FEASIBLE,0.000000,0.032496,0,0,-1,-1,298.000000,298.000000,0.000000,0.000000,0
bppc4-08,config19,3,FOUND INTEGER FEASIBLE,0.000000,0.020614,0,0,-1,-1,298.000000,298.000000,0.000000,0.000000,0
bppc4-08,config18,1,FOUND INTEGER FEASIBLE,0.000000,0.037437,0,0,-1,-1,298.000000,298.000000,0.000000,0.000000,0
bppc4-08,config18,2,FOUND INTEGER FEASIBLE,0.000000,0.022575,0,0,-1,-1,298.000000,298.000000,0.000000,0.000000,0
bppc4-08,config18,3,FOUND INTEGER FEASIBLE,0.000000,0.029840,0,0,-1,-1,298.000000,298.000000,0.000000,0.000000,0
brazil3,config1,1,FOUND INTEGER FEASIBLE,0.000000,11.554521,10,0,-1,-1,177.000000,177.000000,0.000000,0.000000,0
brazil3,config1,2,FOUND INTEGER FEASIBLE,0.000000,6.918579,5,0,-1,-1,204.000000,204.000000,0.000000,0.000000,0
brazil3,config1,3,FOUND INTEGER FEASIBLE,0.000000,12.835890,8,0,-1,-1,190.000000,190.000000,0.000000,0.000000,0
brazil3,config3,1,FOUND INTEGER FEASIBLE,0.000000,23.513369,16,0,-1,-1,274.000000,274.000000,0.000000,0.000000,0
brazil3,config3,2,FOUND INTEGER FEASIBLE,0.000000,16.788464,11,0,-1,-1,195.000000,195.000000,0.000000,0.000000,0
brazil3,config3,3,FOUND INTEGER FEASIBLE,0.000000,9.928219,8,0,-1,-1,199.000000,199.000000,0.000000,0.000000,0
brazil3,config20,1,FOUND INTEGER FEASIBLE,0.000000,2.681913,4,0,-1,-1,428.000000,428.000000,0.000000,0.000000,0
brazil3,config20,2,FOUND INTEGER FEASIBLE,0.000000,2.671239,5,0,-1,-1,428.000000,428.000000,0.000000,0.000000,0
brazil3,config20,3,FOUND INTEGER FEASIBLE,0.000000,3.350696,5,0,-1,-1,434.000000,434.000000,0.000000,0.000000,0
brazil3,config16,1,FOUND INTEGER FEASIBLE,1.327891,9.210342,9,7,2,2,147.000000,147.000000,0.000000,0.000000,0
brazil3,config16,2,FOUND INTEGER FEASIBLE,1.378455,7.198180,8,7,2,2,134.000000,134.000000,0.000000,0.000000,0
brazil3,config16,3,FOUND INTEGER FEASIBLE,1.378018,8.578253,8,7,2,2,186.000000,186.000000,0.000000,0.000000,0
brazil3,config17,1,FOUND INTEGER FEASIBLE,0.646051,8.726367,13,6,2,2,243.000000,243.000000,0.000000,0.000000,0
brazil3,config17,2,FOUND INTEGER FEASIBLE,0.652835,10.399779,15,6,2,2,266.000000,266.000000,0.000000,0.000000,0
brazil3,config17,3,FOUND INTEGER FEASIBLE,1.275479,32.589004,31,6,2,2,295.000000,295.000000,0.000000,0.000000,0
brazil3,config21,1,FOUND INTEGER FEASIBLE,0.674720,7.497369,14,8,1,1,430.000000,430.000000,0.000000,0.000000,0
brazil3,config21,2,FOUND INTEGER FEASIBLE,1.345017,3.871438,6,8,1,1,431.000000,431.000000,0.000000,0.000000,0
brazil3,config21,3,FOUND INTEGER FEASIBLE,0.678976,8.839809,22,8,1,1,430.000000,430.000000,0.000000,0.000000,0
brazil3,config23,1,FOUND INTEGER FEASIBLE,0.991726,8.905205,7,8,1,1,214.000000,214.000000,0.000000,0.000000,0
brazil3,config23,2,FOUND INTEGER FEASIBLE,1.313893,7.546723,14,8,1,1,185.000000,185.000000,0.000000,0.000000,0
brazil3,config23,3,FOUND INTEGER FEASIBLE,1.321723,10.198458,13,8,1,1,210.000000,210.000000,0.000000,0.000000,0
brazil3,config19,1,FOUND INTEGER FEASIBLE,0.000000,86.083981,0,0,-1,-1,72.000000,72.000000,0.000000,0.000000,0
brazil3,config19,2,FOUND INTEGER FEASIBLE,0.000000,87.299870,0,0,-1,-1,72.000000,72.000000,0.000000,0.000000,0
brazil3,config19,3,FOUND INTEGER FEASIBLE,0.000000,86.380478,0,0,-1,-1,72.000000,72.000000,0.000000,0.000000,0
brazil3,config18,1,FOUND INTEGER FEASIBLE,0.000000,36.104552,0,0,-1,-1,72.000000,72.000000,0.000000,0.000000,0
brazil3,config18,2,FOUND INTEGER FEASIBLE,0.000000,36.098820,0,0,-1,-1,72.000000,72.000000,0.000000,0.000000,0
brazil3,config18,3,FOUND INTEGER FEASIBLE,0.000000,36.235560,0,0,-1,-1,72.000000,72.000000,0.000000,0.000000,0
buildingenergy,config1,1,FOUND INTEGER FEASIBLE,0.000000,178.997037,1,0,-1,-1,35858.099763,33672.088512,0.000000,0.000000,0
buildingenergy,config1,2,FOUND INTEGER FEASIBLE,0.000000,176.079823,1,0,-1,-1,36235.069913,33749.449207,0.000000,0.000000,0
buildingenergy,config1,3,FOUND INTEGER FEASIBLE,0.000000,132.441434,1,0,-1,-1,36219.020501,33527.853408,0.000000,0.000000,0
buildingenergy,config3,1,FOUND INTEGER FEASIBLE,0.000000,4.184312,1,0,-1,-1,15802658.531228,14253353.470356,0.000000,0.000000,0
buildingenergy,config3,2,FOUND INTEGER FEASIBLE,0.000000,4.149518,1,0,-1,-1,15802934.276210,14253629.220426,0.000000,0.000000,0
buildingenergy,config3,3,FOUND INTEGER FEASIBLE,0.000000,4.174574,1,0,-1,-1,15802934.276210,14253629.220426,0.000000,0.000000,0
buildingenergy,config20,1,FOUND INTEGER FEASIBLE,0.000000,5.085450,1,0,-1,-1,15802658.531228,14253353.470356,0.000000,0.000000,0
buildingenergy,config20,2,FOUND INTEGER FEASIBLE,0.000000,5.135828,1,0,-1,-1,15802934.276210,14253629.220426,0.000000,0.000000,0
buildingenergy,config20,3,FOUND INTEGER FEASIBLE,0.000000,5.150359,1,0,-1,-1,15802934.276210,14253629.220426,0.000000,0.000000,0
buildingenergy,config16,1,FOUND INTEGER FEASIBLE,0.000016,121.895272,1,0,0,0,35858.099763,33672.088512,0.000000,0.000000,0
buildingenergy,config16,2,FOUND INTEGER FEASIBLE,0.000012,118.104494,1,0,0,0,36235.069913,33749.449207,0.000000,0.000000,0
buildingenergy,config16,3,FOUND INTEGER FEASIBLE,0.000025,88.369873,1,0,0,0,36219.020501,33527.853408,0.000000,0.000000,0
buildingenergy,config17,1,FOUND INTEGER FEASIBLE,0.000017,3.865762,1,0,0,0,15802658.531228,14253353.470356,0.000000,0.000000,0
buildingenergy,config17,2,FOUND INTEGER FEASIBLE,0.000017,3.902257,1,0,0,0,15802934.276210,14253629.220426,0.000000,0.000000,0
buildingenergy,config17,3,FOUND INTEGER FEASIBLE,0.000017,3.879658,1,0,0,0,15802934.276210,14253629.220426,0.000000,0.000000,0
buildingenergy,config21,1,FOUND INTEGER FEASIBLE,0.000018,3.925051,1,0,0,0,15802658.531228,14253353.470356,0.000000,0.000000,0
buildingenergy,config21,2,FOUND INTEGER FEASIBLE,0.000017,3.909629,1,0,0,0,15802934.276210,14253629.220426,0.000000,0.000000,0
buildingenergy,config21,3,FOUND INTEGER FEASIBLE,0.000018,3.954178,1,0,0,0,15802934.276210,14253629.220426,0.000000,0.000000,0
buildingenergy,config23,1,FOUND INTEGER FEASIBLE,0.000018,3.882816,1,0,0,0,15802658.531228,14253353.470356,0.000000,0.000000,0
buildingenergy,config23,2,FOUND INTEGER FEASIBLE,0.000017,3.917221,1,0,0,0,15802934.276210,14253629.220426,0.000000,0.000000,0
buildingenergy,config23,3,FOUND INTEGER FEASIBLE,0.000018,4.019463,1,0,0,0,15802934.276210,14253629.220426,0.000000,0.000000,0
buildingenergy,config19,1,FOUND INTEGER FEASIBLE,0.000000,0.718287,0,0,-1,-1,8142244.272363,7357805.226506,0.000000,0.000000,0
buildingenergy,config19,2,FOUND INTEGER FEASIBLE,0.000000,0.398639,0,0,-1,-1,8142244.272363,7357805.226506,0.000000,0.000000,0
buildingenergy,config19,3,FOUND INTEGER FEASIBLE,0.000000,0.544118,0,0,-1,-1,8142244.272363,7357805.226506,0.000000,0.000000,0
buildingenergy,config18,1,FOUND INTEGER FEASIBLE,0.000000,0.616149,0,0,-1,-1,8142244.272363,7357805.226506,0.000000,0.000000,0
buildingenergy,config18,2,FOUND INTEGER FEASIBLE,0.000000,0.540749,0,0,-1,-1,8142244.272363,7357805.226506,0.000000,0.000000,0
buildingenergy,config18,3,FOUND INTEGER FEASIBLE,0.000000,0.535123,0,0,-1,-1,8142244.272363,7357805.226506,0.000000,0.000000,0
cbs-cta,config1,1,FOUND INTEGER FEASIBLE,0.000000,0.562545,1,0,-1,-1,145749.848543,56230.801549,0.000000,0.000000,0
cbs-cta,config1,2,FOUND INTEGER FEASIBLE,0.000000,0.567165,1,0,-1,-1,164401.817329,55842.373196,0.000001,0.000000,0
cbs-cta,config1,3,FOUND INTEGER FEASIBLE,0.000000,0.563139,1,0,-1,-1,426500.129140,56015.008020,0.000000,0.000000,0
cbs-cta,config3,1,FOUND INTEGER FEASIBLE,0.000000,0.255012,0,0,-1,-1,30953468173.624607,10364883.208225,0.000000,0.000000,0
cbs-cta,config3,2,FOUND INTEGER FEASIBLE,0.000000,0.253026,0,0,-1,-1,30953468173.624607,10364883.208225,0.000000,0.000000,0
cbs-cta,config3,3,FOUND INTEGER FEASIBLE,0.000000,0.252372,0,0,-1,-1,30953468173.624607,10364883.208225,0.000000,0.000000,0
cbs-cta,config20,1,FOUND INTEGER FEASIBLE,0.000000,0.248958,0,0,-1,-1,30083482285.189465,908924466.663873,0.000000,0.000000,0
cbs-cta,config20,2,FOUND INTEGER FEASIBLE,0.000000,0.158780,0,0,-1,-1,30083482285.189465,908924466.663873,0.000000,0.000000,0
cbs-cta,config20,3,FOUND INTEGER FEASIBLE,0.000000,0.237746,0,0,-1,-1,30083482285.189465,908924466.663873,0.000000,0.000000,0
cbs-cta,config16,1,FOUND INTEGER FEASIBLE,0.153552,0.560968,2,10,0,0,121700.625920,54077.375373,0.000000,0.000000,0
cbs-cta,config16,2,FOUND INTEGER FEASIBLE,0.144723,0.489133,2,10,0,0,466136.086191,58792.625032,0.000000,0.000000,0
cbs-cta,config16,3,FOUND INTEGER FEASIBLE,0.200103,0.706651,2,10,0,0,1002624.405878,54250.010196,0.000000,0.000000,0
cbs-cta,config17,1,FOUND INTEGER FEASIBLE,0.065571,0.319096,0,0,0,0,30953468173.624607,10364883.208225,0.000000,0.000000,0
cbs-cta,config17,2,FOUND INTEGER FEASIBLE,0.065543,0.307833,0,0,0,0,30953468173.624607,10364883.208225,0.000000,0.000000,0
cbs-cta,config17,3,FOUND INTEGER FEASIBLE,0.065261,0.307461,0,0,0,0,30953468173.624607,10364883.208225,0.000000,0.000000,0
cbs-cta,config21,1,FOUND INTEGER FEASIBLE,0.066772,0.304833,0,0,0,0,30083482285.189465,908924466.663873,0.000000,0.000000,0
cbs-cta,config21,2,FOUND INTEGER FEASIBLE,0.066882,0.309845,0,0,0,0,30083482285.189465,908924466.663873,0.000000,0.000000,0
cbs-cta,config21,3,FOUND INTEGER FEASIBLE,0.066944,0.314161,0,0,0,0,30083482285.189465,908924466.663873,0.000000,0.000000,0
cbs-cta,config23,1,FOUND INTEGER FEASIBLE,0.066996,0.311315,0,0,0,0,30953468173.624607,10364883.208225,0.000000,0.000000,0
cbs-cta,config23,2,FOUND INTEGER FEASIBLE,0.067707,0.328849,0,0,0,0,30953468173.624607,10364883.208225,0.000000,0.000000,0
cbs-cta,config23,3,FOUND INTEGER FEASIBLE,0.067097,0.314795,0,0,0,0,30953468173.624607,10364883.208225,0.000000,0.000000,0
cbs-cta,config19,1,FOUND INTEGER FEASIBLE,0.000000,0.165457,0,0,-1,-1,9682394075.985462,10364883.208225,0.000000,0.000000,0
cbs-cta,config19,2,FOUND INTEGER FEASIBLE,0.000000,0.090432,0,0,-1,-1,9682394075.985462,10364883.208225,0.000000,0.000000,0
cbs-cta,config19,3,FOUND INTEGER FEASIBLE,0.000000,0.140956,0,0,-1,-1,9682394075.985462,10364883.208225,0.000000,0.000000,0
cbs-cta,config18,1,FOUND INTEGER FEASIBLE,0.000000,0.164109,0,0,-1,-1,9682394075.985462,10364883.208225,0.000000,0.000000,0
cbs-cta,config18,2,FOUND INTEGER FEASIBLE,0.000000,0.087073,0,0,-1,-1,9682394075.985462,10364883.208225,0.000000,0.000000,0
cbs-cta,config18,3,FOUND INTEGER FEASIBLE,0.000000,0.141934,0,0,-1,-1,9682394075.985462,10364883.208225,0.000000,0.000000,0
chromaticindex1024-7,config1,1,FOUND INTEGER FEASIBLE,0.000000,78.236386,1,0,-1,-1,4.000000,4.000000,0.000000,0.000000,0
chromaticindex1024-7,config1,2,FOUND INTEGER FEASIBLE,0.000000,84.299654,1,0,-1,-1,4.000000,4.000000,0.000000,0.000000,0
chromaticindex1024-7,config1,3,FOUND INTEGER FEASIBLE,0.000000,85.498904,1,0,-1,-1,4.000000,4.000000,0.000000,0.000000,0
chromaticindex1024-7,config3,1,FOUND INTEGER FEASIBLE,0.000000,83.389324,1,0,-1,-1,4.000000,4.000000,0.000000,0.000000,0
chromaticindex1024-7,config3,2,FOUND INTEGER FEASIBLE,0.000000,99.905497,1,0,-1,-1,4.000000,4.000000,0.000000,0.000000,0
chromaticindex1024-7,config3,3,FOUND INTEGER FEASIBLE,0.000000,102.237928,1,0,-1,-1,4.000000,4.000000,0.000000,0.000000,0
chromaticindex1024-7,config20,1,FOUND INTEGER FEASIBLE,0.000000,5.123224,1,0,-1,-1,4.000000,4.000000,0.000000,0.000000,0
chromaticindex1024-7,config20,2,FOUND INTEGER FEASIBLE,0.000000,5.313355,2,0,-1,-1,4.000000,4.000000,0.000000,0.000000,0
chromaticindex1024-7,config20,3,FOUND INTEGER FEASIBLE,0.000000,5.122467,1,0,-1,-1,4.000000,4.000000,0.000000,0.000000,0
chromaticindex1024-7,config16,1,FOUND INTEGER FEASIBLE,65.664018,68.693952,2,10,5,5,4.000000,4.000000,0.000000,0.000000,0
chromaticindex1024-7,config16,2,FOUND INTEGER FEASIBLE,68.535131,71.482522,4,10,5,5,4.000000,4.000000,0.000000,0.000000,0
chromaticindex1024-7,config16,3,FOUND INTEGER FEASIBLE,71.036665,73.848653,4,10,5,5,4.000000,4.000000,0.000000,0.000000,0
chromaticindex1024-7,config17,1,FOUND INTEGER FEASIBLE,52.622382,56.111117,1,10,5,5,4.000000,4.000000,0.000000,0.000000,0
chromaticindex1024-7,config17,2,FOUND INTEGER FEASIBLE,49.064639,52.637626,2,10,5,5,4.000000,4.000000,0.000000,0.000000,0
chromaticindex1024-7,config17,3,FOUND INTEGER FEASIBLE,48.559486,51.848373,1,10,5,5,4.000000,4.000000,0.000000,0.000000,0
chromaticindex1024-7,config21,1,FOUND INTEGER FEASIBLE,26.368558,139.277864,326,10,10,6,4.000000,4.000000,0.000000,0.000000,0
chromaticindex1024-7,config21,2,FOUND INTEGER FEASIBLE,25.054480,138.502068,328,10,10,6,4.000000,4.000000,0.000000,0.000000,0
chromaticindex1024-7,config21,3,FOUND INTEGER FEASIBLE,24.244120,138.306484,330,10,10,6,4.000000,4.000000,0.000000,0.000000,0
chromaticindex1024-7,config23,1,FOUND INTEGER FEASIBLE,23.280970,135.268368,328,10,10,6,4.000000,4.000000,0.000000,0.000000,0
chromaticindex1024-7,config23,2,FOUND INTEGER FEASIBLE,22.197035,132.511207,329,10,10,6,4.000000,4.000000,0.000000,0.000000,0
chromaticindex1024-7,config23,3,FOUND INTEGER FEASIBLE,22.658773,134.198365,330,10,10,6,4.000000,4.000000,0.000000,0.000000,0
chromaticindex1024-7,config19,1,FOUND INTEGER FEASIBLE,0.000000,4.054043,0,0,-1,-1,4.000000,4.000000,0.000000,0.000000,0
chromaticindex1024-7,config19,2,FOUND INTEGER FEASIBLE,0.000000,4.034871,0,0,-1,-1,4.000000,4.000000,0.000000,0.000000,0
chromaticindex1024-7,config19,3,FOUND INTEGER FEASIBLE,0.000000,4.044140,0,0,-1,-1,4.000000,4.000000,0.000000,0.000000,0
chromaticindex1024-7,config18,1,FOUND INTEGER FEASIBLE,0.000000,4.020655,0,0,-1,-1,4.000000,4.000000,0.000000,0.000000,0
chromaticindex1024-7,config18,2,FOUND INTEGER FEASIBLE,0.000000,4.041417,0,0,-1,-1,4.000000,4.000000,0.000000,0.000000,0
chromaticindex1024-7,config18,3,FOUND INTEGER FEASIBLE,0.000000,4.011965,0,0,-1,-1,4.000000,4.000000,0.000000,0.000000,0
chromaticindex512-7,config1,1,FOUND INTEGER FEASIBLE,0.000000,21.743980,1,0,-1,-1,4.000000,4.000000,0.000000,0.000000,0
chromaticindex512-7,config1,2,FOUND INTEGER FEASIBLE,0.000000,23.526236,1,0,-1,-1,4.000000,4.000000,0.000000,0.000000,0
chromaticindex512-7,config1,3,FOUND INTEGER FEASIBLE,0.000000,25.669562,1,0,-1,-1,4.000000,4.000000,0.000000,0.000000,0
chromaticindex512-7,config3,1,FOUND INTEGER FEASIBLE,0.000000,17.869992,1,0,-1,-1,4.000000,4.000000,0.000000,0.000000,0
chromaticindex512-7,config3,2,FOUND INTEGER FEASIBLE,0.000000,20.217106,1,0,-1,-1,4.000000,4.000000,0.000000,0.000000,0
chromaticindex512-7,config3,3,FOUND INTEGER FEASIBLE,0.000000,23.544584,1,0,-1,-1,4.000000,4.000000,0.000000,0.000000,0
chromaticindex512-7,config20,1,FOUND INTEGER FEASIBLE,0.000000,2.743159,1,0,-1,-1,4.000000,4.000000,0.000000,0.000000,0
chromaticindex512-7,config20,2,FOUND INTEGER FEASIBLE,0.000000,2.714726,1,0,-1,-1,4.000000,4.000000,0.000000,0.000000,0
chromaticindex512-7,config20,3,FOUND INTEGER FEASIBLE,0.000000,2.866797,2,0,-1,-1,4.000000,4.000000,0.000000,0.000000,0
chromaticindex512-7,config16,1,FOUND INTEGER FEASIBLE,15.705155,17.706577,1,10,5,5,4.000000,4.000000,0.000000,0.000000,0
chromaticindex512-7,config16,2,FOUND INTEGER FEASIBLE,18.260674,20.451986,1,10,5,5,4.000000,4.000000,0.000000,0.000000,0
chromaticindex512-7,config16,3,FOUND INTEGER FEASIBLE,17.883999,19.889482,1,10,5,5,4.000000,4.000000,0.000000,0.000000,0
chromaticindex512-7,config17,1,FOUND INTEGER FEASIBLE,15.661916,16.695274,1,10,2,2,4.000000,4.000000,0.000000,0.000000,0
chromaticindex512-7,config17,2,FOUND INTEGER FEASIBLE,15.873332,16.594521,1,10,2,2,4.000000,4.000000,0.000000,0.000000,0
chromaticindex512-7,config17,3,FOUND INTEGER FEASIBLE,17.243294,18.584120,1,10,2,2,4.000000,4.000000,0.000000,0.000000,0
chromaticindex512-7,config21,1,FOUND INTEGER FEASIBLE,8.381232,58.136853,328,10,10,6,4.000000,4.000000,0.000000,0.000000,0
chromaticindex512-7,config21,2,FOUND INTEGER FEASIBLE,8.997407,56.795195,329,10,10,6,4.000000,4.000000,0.000000,0.000000,0
chromaticindex512-7,config21,3,FOUND INTEGER FEASIBLE,9.960817,59.885249,330,10,10,6,4.000000,4.000000,0.000000,0.000000,0
chromaticindex512-7,config23,1,FOUND INTEGER FEASIBLE,9.815699,58.708219,327,10,10,6,4.000000,4.000000,0.000000,0.000000,0
chromaticindex512-7,config23,2,FOUND INTEGER FEASIBLE,8.964522,56.176725,328,10,10,6,4.000000,4.000000,0.000000,0.000000,0
chromaticindex512-7,config23,3,FOUND INTEGER FEASIBLE,8.448819,55.616183,328,10,10,6,4.000000,4.000000,0.000000,0.000000,0
chromaticindex512-7,config19,1,FOUND INTEGER FEASIBLE,0.000000,2.436869,0,0,-1,-1,4.000000,4.000000,0.000000,0.000000,0
chromaticindex512-7,config19,2,FOUND INTEGER FEASIBLE,0.000000,2.398057,0,0,-1,-1,4.000000,4.000000,0.000000,0.000000,0
chromaticindex512-7,config19,3,FOUND INTEGER FEASIBLE,0.000000,2.324231,0,0,-1,-1,4.000000,4.000000,0.000000,0.000000,0
chromaticindex512-7,config18,1,FOUND INTEGER FEASIBLE,0.000000,2.412020,0,0,-1,-1,4.000000,4.000000,0.000000,0.000000,0
chromaticindex512-7,config18,2,FOUND INTEGER FEASIBLE,0.000000,2.320630,0,0,-1,-1,4.000000,4.000000,0.000000,0.000000,0
chromaticindex512-7,config18,3,FOUND INTEGER FEASIBLE,0.000000,2.318008,0,0,-1,-1,4.000000,4.000000,0.000000,0.000000,0
cmflsp50-24-8-8,config1,1,FOUND INTEGER FEASIBLE,0.000000,599.258691,10252,0,-1,-1,68836663.325611,67642265.052100,0.000000,0.000000,0
cmflsp50-24-8-8,config1,2,FOUND INTEGER FEASIBLE,0.000000,34.540495,569,0,-1,-1,68314914.962222,67070319.918400,0.000000,0.000000,0
cmflsp50-24-8-8,config1,3,FAILED TO FIND AN INTEGER FEASIBLE SOLUTION,0.000000,684.574427,12000,0,-1,-1,0.000000,0.000000,0.356136,0.356136,10
cmflsp50-24-8-8,config3,1,FAILED TO FIND AN INTEGER FEASIBLE SOLUTION,0.000000,678.879018,12000,0,-1,-1,0.000000,0.000000,0.096209,0.096209,8
cmflsp50-24-8-8,config3,2,FAILED TO FIND AN INTEGER FEASIBLE SOLUTION,0.000000,700.372094,12000,0,-1,-1,0.000000,0.000000,0.167200,0.167200,13
cmflsp50-24-8-8,config3,3,FAILED TO FIND AN INTEGER FEASIBLE SOLUTION,0.000000,696.349341,12000,0,-1,-1,0.000000,0.000000,0.035281,0.035281,1
cmflsp50-24-8-8,config20,1,FAILED TO FIND AN INTEGER FEASIBLE SOLUTION,0.000000,537.729108,12000,0,-1,-1,0.000000,0.000000,0.103834,0.103834,5
cmflsp50-24-8-8,config20,2,FOUND INTEGER FEASIBLE,0.000000,393.860398,9433,0,-1,-1,69239624.469816,68454706.482800,0.000000,0.000000,0
cmflsp50-24-8-8,config20,3,FOUND INTEGER FEASIBLE,0.000000,170.280154,3964,0,-1,-1,69468223.111347,68316785.482000,0.000000,0.000000,0
cmflsp50-24-8-8,config16,1,FAILED TO FIND AN INTEGER FEASIBLE SOLUTION,4.684367,467.020580,12000,12,12,0,0.000000,0.000000,0.021912,0.021912,4
cmflsp50-24-8-8,config16,2,FAILED TO FIND AN INTEGER FEASIBLE SOLUTION,4.681051,465.454667,12000,12,12,0,0.000000,0.000000,0.061677,0.061677,4
cmflsp50-24-8-8,config16,3,FOUND INTEGER FEASIBLE,4.826996,398.318225,10017,12,12,0,67583632.743704,66469782.558800,0.000000,0.000000,0
cmflsp50-24-8-8,config17,1,FAILED TO FIND AN INTEGER FEASIBLE SOLUTION,5.175313,477.327945,12000,2,2,0,0.000000,0.000000,0.443112,0.443112,17
cmflsp50-24-8-8,config17,2,FAILED TO FIND AN INTEGER FEASIBLE SOLUTION,4.117560,462.304903,12000,2,2,0,0.000000,0.000000,0.208751,0.208751,4
cmflsp50-24-8-8,config17,3,FAILED TO FIND AN INTEGER FEASIBLE SOLUTION,5.473836,482.456157,12000,2,2,0,0.000000,0.000000,0.109399,0.109399,5
cmflsp50-24-8-8,config21,1,FAILED TO FIND AN INTEGER FEASIBLE SOLUTION,8.605652,461.038570,12000,12,12,0,0.000000,0.000000,0.091914,0.091914,2
cmflsp50-24-8-8,config21,2,FOUND INTEGER FEASIBLE,7.562290,419.461224,10575,12,12,0,67866012.569720,67228010.124900,0.000000,0.000000,0
cmflsp50-24-8-8,config21,3,FOUND INTEGER FEASIBLE,8.529998,329.172882,8344,12,12,0,67601928.655048,66877080.906600,0.000000,0.000000,0
cmflsp50-24-8-8,config23,1,FAILED TO FIND AN INTEGER FEASIBLE SOLUTION,7.573577,463.085387,12000,12,12,0,0.000000,0.000000,0.144592,0.144592,13
cmflsp50-24-8-8,config23,2,FAILED TO FIND AN INTEGER FEASIBLE SOLUTION,7.280383,465.115630,12000,12,12,0,0.000000,0.000000,0.172079,0.172079,5
cmflsp50-24-8-8,config23,3,FAILED TO FIND AN INTEGER FEASIBLE SOLUTION,7.503698,457.448312,12000,12,12,0,0.000000,0.000000,0.142615,0.142615,12
cmflsp50-24-8-8,config19,1,FOUND INTEGER FEASIBLE,0.000000,26.286248,0,0,-1,-1,57935160.815000,57935160.815000,0.000000,0.000000,0
cmflsp50-24-8-8,config19,2,FOUND INTEGER FEASIBLE,0.000000,27.298300,0,0,-1,-1,57935160.815000,57935160.815000,0.000000,0.000000,0
cmflsp50-24-8-8,config19,3,FOUND INTEGER FEASIBLE,0.000000,28.280275,0,0,-1,-1,57935160.815000,57935160.815000,0.000000,0.000000,0
cmflsp50-24-8-8,config18,1,FOUND INTEGER FEASIBLE,0.000000,50.038806,0,0,-1,-1,58134304.078200,58134304.078200,0.000000,0.000000,0
cmflsp50-24-8-8,config18,2,FOUND INTEGER FEASIBLE,0.000000,50.100557,0,0,-1,-1,58134304.078200,58134304.078200,0.000000,0.000000,0
cmflsp50-24-8-8,config18,3,FOUND INTEGER FEASIBLE,0.000000,49.954628,0,0,-1,-1,58134304.078200,58134304.078200,0.000000,0.000000,0
CMS750_4,config1,1,FOUND INTEGER FEASIBLE,0.000000,1.882846,23,0,-1,-1,523.000000,523.000000,0.000000,0.000000,0
CMS750_4,config1,2,FOUND INTEGER FEASIBLE,0.000000,2.551122,48,0,-1,-1,568.000000,568.000000,0.000000,0.000000,0
CMS750_4,config1,3,FOUND INTEGER FEASIBLE,0.000000,2.129173,30,0,-1,-1,479.000000,479.000000,0.000000,0.000000,0
CMS750_4,config3,1,FOUND INTEGER FEASIBLE,0.000000,0.303439,0,0,-1,-1,993.000000,993.000000,0.000000,0.000000,0
CMS750_4,config3,2,FOUND INTEGER FEASIBLE,0.000000,0.567067,0,0,-1,-1,993.000000,993.000000,0.000000,0.000000,0
CMS750_4,config3,3,FOUND INTEGER FEASIBLE,0.000000,0.564703,0,0,-1,-1,993.000000,993.000000,0.000000,0.000000,0
CMS750_4,config20,1,FOUND INTEGER FEASIBLE,0.000000,2.095184,63,0,-1,-1,422.000000,422.000000,0.000000,0.000000,0
CMS750_4,config20,2,FOUND INTEGER FEASIBLE,0.000000,2.969395,138,0,-1,-1,527.000000,527.000000,0.000000,0.000000,0
CMS750_4,config20,3,FOUND INTEGER FEASIBLE,0.000000,2.707798,112,0,-1,-1,501.000000,501.000000,0.000000,0.000000,0
CMS750_4,config16,1,FOUND INTEGER FEASIBLE,0.107525,0.661154,0,11,0,0,993.000000,993.000000,0.000000,0.000000,0
CMS750_4,config16,2,FOUND INTEGER FEASIBLE,0.143907,0.866433,0,11,0,0,993.000000,993.000000,0.000000,0.000000,0
CMS750_4,config16,3,FOUND INTEGER FEASIBLE,0.140752,0.810274,0,11,0,0,993.000000,993.000000,0.000000,0.000000,0
CMS750_4,config17,1,FOUND INTEGER FEASIBLE,0.047175,0.560664,0,0,0,0,993.000000,993.000000,0.000000,0.000000,0
CMS750_4,config17,2,FOUND INTEGER FEASIBLE,0.047326,0.564869,0,0,0,0,993.000000,993.000000,0.000000,0.000000,0
CMS750_4,config17,3,FOUND INTEGER FEASIBLE,0.047583,0.561233,0,0,0,0,993.000000,993.000000,0.000000,0.000000,0
CMS750_4,config21,1,FOUND INTEGER FEASIBLE,0.236908,0.956517,0,11,0,0,993.000000,993.000000,0.000000,0.000000,0
CMS750_4,config21,2,FOUND INTEGER FEASIBLE,0.233640,0.953210,0,11,0,0,993.000000,993.000000,0.000000,0.000000,0
CMS750_4,config21,3,FOUND INTEGER FEASIBLE,0.236121,0.967927,0,11,0,0,993.000000,993.000000,0.000000,0.000000,0
CMS750_4,config23,1,FOUND INTEGER FEASIBLE,0.234197,0.959294,0,11,0,0,993.000000,993.000000,0.000000,0.000000,0
CMS750_4,config23,2,FOUND INTEGER FEASIBLE,0.176666,0.732081,0,11,0,0,993.000000,993.000000,0.000000,0.000000,0
CMS750_4,config23,3,FOUND INTEGER FEASIBLE,0.174966,0.706613,0,11,0,0,993.000000,993.000000,0.000000,0.000000,0
CMS750_4,config19,1,FOUND INTEGER FEASIBLE,0.000000,0.841842,0,0,-1,-1,993.000000,993.000000,0.000000,0.000000,0
CMS750_4,config19,2,FOUND INTEGER FEASIBLE,0.000000,0.817564,0,0,-1,-1,993.000000,993.000000,0.000000,0.000000,0
CMS750_4,config19,3,FOUND INTEGER FEASIBLE,0.000000,0.827322,0,0,-1,-1,993.000000,993.000000,0.000000,0.000000,0
CMS750_4,config18,1,FOUND INTEGER FEASIBLE,0.000000,0.835356,0,0,-1,-1,993.000000,993.000000,0.000000,0.000000,0
CMS750_4,config18,2,FOUND INTEGER FEASIBLE,0.000000,0.800401,0,0,-1,-1,993.000000,993.000000,0.000000,0.000000,0
CMS750_4,config18,3,FOUND INTEGER FEASIBLE,0.000000,0.819729,0,0,-1,-1,993.000000,993.000000,0.000000,0.000000,0
co-100,config1,1,FOUND INTEGER FEASIBLE,0.000000,8.820541,12,0,-1,-1,11878821.980000,11878821.980000,0.000000,0.000000,0
co-100,config1,2,FOUND INTEGER FEASIBLE,0.000000,10.055987,18,0,-1,-1,12004871.710000,12004871.710000,0.000000,0.000000,0
co-100,config1,3,FOUND INTEGER FEASIBLE,0.000000,8.951050,13,0,-1,-1,11938528.040000,11938528.040000,0.000000,0.000000,0
co-100,config3,1,FOUND INTEGER FEASIBLE,0.000000,36.417869,169,0,-1,-1,40366335.620000,40366335.620000,0.000000,0.000000,0
co-100,config3,2,FOUND INTEGER FEASIBLE,0.000000,55.261072,281,0,-1,-1,36977999.360000,36977999.360000,0.000000,0.000000,0
co-100,config3,3,FOUND INTEGER FEASIBLE,0.000000,23.512742,97,0,-1,-1,35216995.430000,35216995.430000,0.000000,0.000000,0
co-100,config20,1,FOUND INTEGER FEASIBLE,0.000000,10.639711,27,0,-1,-1,31475373.260000,31475373.260000,0.000000,0.000000,0
co-100,config20,2,FOUND INTEGER FEASIBLE,0.000000,8.853363,8,0,-1,-1,31566746.460000,31566746.460000,0.000000,0.000000,0
co-100,config20,3,FOUND INTEGER FEASIBLE,0.000000,8.503102,5,0,-1,-1,31570934.640000,31570934.640000,0.000000,0.000000,0
co-100,config16,1,FOUND INTEGER FEASIBLE,0.221468,9.737402,19,6,2,2,10862300.410000,10862300.410000,0.000000,0.000000,0
co-100,config16,2,FOUND INTEGER FEASIBLE,0.256653,8.714894,17,6,2,2,12087419.050000,12087419.050000,0.000000,0.000000,0
co-100,config16,3,FOUND INTEGER FEASIBLE,0.219103,10.852581,65,6,2,2,12031098.390000,12031098.390000,0.000000,0.000000,0
co-100,config17,1,FOUND INTEGER FEASIBLE,0.315281,9.203197,38,2,2,2,17766824.110000,17766824.110000,0.000000,0.000000,0
co-100,config17,2,FOUND INTEGER FEASIBLE,0.322379,9.122497,13,2,2,2,16977749.270000,16977749.270000,0.000000,0.000000,0
co-100,config17,3,FOUND INTEGER FEASIBLE,0.452966,9.556398,11,2,2,2,18694309.150000,18694309.150000,0.000000,0.000000,0
co-100,config21,1,FOUND INTEGER FEASIBLE,2.174186,8.484625,1,12,1,1,9577814.070000,9577814.070000,0.000000,0.000000,0
co-100,config21,2,FOUND INTEGER FEASIBLE,2.152825,8.441070,1,12,1,1,9577814.070000,9577814.070000,0.000000,0.000000,0
co-100,config21,3,FOUND INTEGER FEASIBLE,2.158949,8.440329,1,12,1,1,9577814.070000,9577814.070000,0.000000,0.000000,0
co-100,config23,1,FOUND INTEGER FEASIBLE,2.169647,9.512159,15,12,1,1,7243384.340000,7243384.340000,0.000000,0.000000,0
co-100,config23,2,FOUND INTEGER FEASIBLE,2.163192,10.243829,5,12,1,1,7239784.340000,7239784.340000,0.000000,0.000000,0
co-100,config23,3,FOUND INTEGER FEASIBLE,2.160778,8.193758,5,12,1,1,9523059.000000,9523059.000000,0.000000,0.000000,0
co-100,config19,1,FOUND INTEGER FEASIBLE,0.000000,9.096285,0,0,-1,-1,29457460.940000,29457460.940000,0.000000,0.000000,0
co-100,config19,2,FOUND INTEGER FEASIBLE,0.000000,8.916978,0,0,-1,-1,29457460.940000,29457460.940000,0.000000,0.000000,0
co-100,config19,3,FOUND INTEGER FEASIBLE,0.000000,7.873334,0,0,-1,-1,29457460.940000,29457460.940000,0.000000,0.000000,0
co-100,config18,1,FOUND INTEGER FEASIBLE,0.000000,8.716719,0,0,-1,-1,29457460.940000,29457460.940000,0.000000,0.000000,0
co-100,config18,2,FOUND INTEGER FEASIBLE,0.000000,8.865250,0,0,-1,-1,29457460.940000,29457460.940000,0.000000,0.000000,0
co-100,config18,3,FOUND INTEGER FEASIBLE,0.000000,8.855190,0,0,-1,-1,29457460.940000,29457460.940000,0.000000,0.000000,0
cod105,config1,1,FOUND INTEGER FEASIBLE,0.000000,2.539871,1,0,-1,-1,0.000000,0.000000,0.000000,0.000000,0
cod105,config1,2,FOUND INTEGER FEASIBLE,0.000000,3.144267,1,0,-1,-1,0.000000,0.000000,0.000000,0.000000,0
cod105,config1,3,FOUND INTEGER FEASIBLE,0.000000,2.828480,1,0,-1,-1,0.000000,0.000000,0.000000,0.000000,0
cod105,config3,1,FOUND INTEGER FEASIBLE,0.000000,0.199513,0,0,-1,-1,0.000000,0.000000,0.000000,0.000000,0
cod105,config3,2,FOUND INTEGER FEASIBLE,0.000000,0.123300,0,0,-1,-1,0.000000,0.000000,0.000000,0.000000,0
cod105,config3,3,FOUND INTEGER FEASIBLE,0.000000,0.195886,0,0,-1,-1,0.000000,0.000000,0.000000,0.000000,0
cod105,config20,1,FOUND INTEGER FEASIBLE,0.000000,4.571571,1,0,-1,-1,0.000000,0.000000,0.000000,0.000000,0
cod105,config20,2,FOUND INTEGER FEASIBLE,0.000000,5.036414,1,0,-1,-1,0.000000,0.000000,0.000000,0.000000,0
cod105,config20,3,FOUND INTEGER FEASIBLE,0.000000,5.029768,1,0,-1,-1,0.000000,0.000000,0.000000,0.000000,0
cod105,config16,1,FOUND INTEGER FEASIBLE,2.550013,4.254635,1,9,0,0,0.000000,0.000000,0.000000,0.000000,0
cod105,config16,2,FOUND INTEGER FEASIBLE,3.172740,4.920556,1,9,0,0,0.000000,0.000000,0.000000,0.000000,0
cod105,config16,3,FOUND INTEGER FEASIBLE,1.591107,3.322063,1,9,0,0,0.000000,0.000000,0.000000,0.000000,0
cod105,config17,1,FOUND INTEGER FEASIBLE,0.002897,0.228901,0,0,0,0,0.000000,0.000000,0.000000,0.000000,0
cod105,config17,2,FOUND INTEGER FEASIBLE,0.002763,0.228629,0,0,0,0,0.000000,0.000000,0.000000,0.000000,0
cod105,config17,3,FOUND INTEGER FEASIBLE,0.002718,0.210028,0,0,0,0,0.000000,0.000000,0.000000,0.000000,0
cod105,config21,1,FOUND INTEGER FEASIBLE,2.350360,3.800805,1,9,0,0,0.000000,0.000000,0.000000,0.000000,0
cod105,config21,2,FOUND INTEGER FEASIBLE,2.531202,3.928124,1,9,0,0,0.000000,0.000000,0.000000,0.000000,0
cod105,config21,3,FOUND INTEGER FEASIBLE,1.601646,2.920938,1,9,0,0,0.000000,0.000000,0.000000,0.000000,0
cod105,config23,1,FOUND INTEGER FEASIBLE,1.583394,1.678734,0,9,0,0,0.000000,0.000000,0.000000,0.000000,0
cod105,config23,2,FOUND INTEGER FEASIBLE,2.257840,2.409105,0,9,0,0,0.000000,0.000000,0.000000,0.000000,0
cod105,config23,3,FOUND INTEGER FEASIBLE,2.547360,2.722547,0,9,0,0,0.000000,0.000000,0.000000,0.000000,0
cod105,config19,1,FOUND INTEGER FEASIBLE,0.000000,0.041039,0,0,-1,-1,0.000000,0.000000,0.000000,0.000000,0
cod105,config19,2,FOUND INTEGER FEASIBLE,0.000000,0.024069,0,0,-1,-1,0.000000,0.000000,0.000000,0.000000,0
cod105,config19,3,FOUND INTEGER FEASIBLE,0.000000,0.022046,0,0,-1,-1,0.000000,0.000000,0.000000,0.000000,0
cod105,config18,1,FOUND INTEGER FEASIBLE,0.000000,0.040634,0,0,-1,-1,0.000000,0.000000,0.000000,0.000000,0
cod105,config18,2,FOUND INTEGER FEASIBLE,0.000000,0.024023,0,0,-1,-1,0.000000,0.000000,0.000000,0.000000,0
cod105,config18,3,FOUND INTEGER FEASIBLE,0.000000,0.022309,0,0,-1,-1,0.000000,0.000000,0.000000,0.000000,0
comp07-2idx,config1,1,FOUND INTEGER FEASIBLE,0.000000,5.401174,21,0,-1,-1,559.000000,559.000000,0.000000,0.000000,0
comp07-2idx,config1,2,FOUND INTEGER FEASIBLE,0.000000,5.230933,20,0,-1,-1,1901.000000,1901.000000,0.000000,0.000000,0
comp07-2idx,config1,3,FOUND INTEGER FEASIBLE,0.000000,6.425375,24,0,-1,-1,1542.000000,1542.000000,0.000000,0.000000,0
comp07-2idx,config3,1,FOUND INTEGER FEASIBLE,0.000000,4.374087,18,0,-1,-1,2404.000000,2404.000000,0.000000,0.000000,0
comp07-2idx,config3,2,FOUND INTEGER FEASIBLE,0.000000,4.467545,16,0,-1,-1,1749.000000,1749.000000,0.000000,0.000000,0
comp07-2idx,config3,3,FOUND INTEGER FEASIBLE,0.000000,4.473867,22,0,-1,-1,2316.000000,2316.000000,0.000000,0.000000,0
comp07-2idx,config20,1,FOUND INTEGER FEASIBLE,0.000000,0.914551,1,0,-1,-1,18486.000000,18486.000000,0.000000,0.000000,0
comp07-2idx,config20,2,FOUND INTEGER FEASIBLE,0.000000,0.907399,1,0,-1,-1,16569.000000,16569.000000,0.000000,0.000000,0
comp07-2idx,config20,3,FOUND INTEGER FEASIBLE,0.000000,0.892953,1,0,-1,-1,18685.000000,18685.000000,0.000000,0.000000,0
comp07-2idx,config16,1,FOUND INTEGER FEASIBLE,5.478248,9.987233,148,12,2,1,949.000000,949.000000,0.000000,0.000000,0
comp07-2idx,config16,2,FOUND INTEGER FEASIBLE,5.468990,12.157136,128,12,2,1,890.000000,890.000000,0.000000,0.000000,0
comp07-2idx,config16,3,FOUND INTEGER FEASIBLE,5.455854,14.829709,184,12,2,1,979.000000,979.000000,0.000000,0.000000,0
comp07-2idx,config17,1,FOUND INTEGER FEASIBLE,6.245317,8.743683,158,11,1,0,1119.000000,1119.000000,0.000000,0.000000,0
comp07-2idx,config17,2,FOUND INTEGER FEASIBLE,6.097748,7.967404,151,11,1,0,1118.000000,1118.000000,0.000000,0.000000,0
comp07-2idx,config17,3,FOUND INTEGER FEASIBLE,6.101858,8.315692,170,11,1,0,1620.000000,1620.000000,0.000000,0.000000,0
comp07-2idx,config21,1,FOUND INTEGER FEASIBLE,2.343172,6.527942,182,12,2,1,10326.000000,10326.000000,0.000000,0.000000,0
comp07-2idx,config21,2,FOUND INTEGER FEASIBLE,1.953321,4.704171,96,12,1,1,7977.000000,7977.000000,0.000000,0.000000,0
comp07-2idx,config21,3,FOUND INTEGER FEASIBLE,2.359601,4.604111,72,12,1,1,11783.000000,11783.000000,0.000000,0.000000,0
comp07-2idx,config23,1,FOUND INTEGER FEASIBLE,2.372170,6.582225,116,12,1,1,4852.000000,4852.000000,0.000000,0.000000,0
comp07-2idx,config23,2,FOUND INTEGER FEASIBLE,2.357318,7.143862,128,12,2,1,1763.000000,1763.000000,0.000000,0.000000,0
comp07-2idx,config23,3,FOUND INTEGER FEASIBLE,2.370109,5.287702,84,12,1,1,3252.000000,3252.000000,0.000000,0.000000,0
comp07-2idx,config19,1,FOUND INTEGER FEASIBLE,0.000000,0.568162,0,0,-1,-1,18775.000000,18775.000000,0.000000,0.000000,0
comp07-2idx,config19,2,FOUND INTEGER FEASIBLE,0.000000,0.533200,0,0,-1,-1,18775.000000,18775.000000,0.000000,0.000000,0
comp07-2idx,config19,3,FOUND INTEGER FEASIBLE,0.000000,0.539017,0,0,-1,-1,18775.000000,18775.000000,0.000000,0.000000,0
comp07-2idx,config18,1,FOUND INTEGER FEASIBLE,0.000000,0.589301,0,0,-1,-1,18775.000000,18775.000000,0.000000,0.000000,0
comp07-2idx,config18,2,FOUND INTEGER FEASIBLE,0.000000,0.534905,0,0,-1,-1,18775.000000,18775.000000,0.000000,0.000000,0
comp07-2idx,config18,3,FOUND INTEGER FEASIBLE,0.000000,0.536383,0,0,-1,-1,18775.000000,18775.000000,0.000000,0.000000,0
comp21-2idx,config1,1,FOUND INTEGER FEASIBLE,0.000000,2.373007,20,0,-1,-1,861.000000,861.000000,0.000000,0.000000,0
comp21-2idx,config1,2,FOUND INTEGER FEASIBLE,0.000000,2.379814,18,0,-1,-1,1344.000000,1344.000000,0.000000,0.000000,0
comp21-2idx,config1,3,FOUND INTEGER FEASIBLE,0.000000,2.490509,25,0,-1,-1,1006.000000,1006.000000,0.000000,0.000000,0
comp21-2idx,config3,1,FOUND INTEGER FEASIBLE,0.000000,2.320346,25,0,-1,-1,1979.000000,1979.000000,0.000000,0.000000,0
comp21-2idx,config3,2,FOUND INTEGER FEASIBLE,0.000000,2.353337,22,0,-1,-1,1886.000000,1886.000000,0.000000,0.000000,0
comp21-2idx,config3,3,FOUND INTEGER FEASIBLE,0.000000,2.373396,24,0,-1,-1,905.000000,905.000000,0.000000,0.000000,0
comp21-2idx,config20,1,FOUND INTEGER FEASIBLE,0.000000,0.535126,1,0,-1,-1,16712.000000,16712.000000,0.000000,0.000000,0
comp21-2idx,config20,2,FOUND INTEGER FEASIBLE,0.000000,0.529749,1,0,-1,-1,15137.000000,15137.000000,0.000000,0.000000,0
comp21-2idx,config20,3,FOUND INTEGER FEASIBLE,0.000000,0.520791,1,0,-1,-1,16851.000000,16851.000000,0.000000,0.000000,0
comp21-2idx,config16,1,FOUND INTEGER FEASIBLE,3.419721,4.631023,19,12,2,2,1057.000000,1057.000000,0.000000,0.000000,0
comp21-2idx,config16,2,FOUND INTEGER FEASIBLE,2.712152,3.735418,19,12,2,2,1241.000000,1241.000000,0.000000,0.000000,0
comp21-2idx,config16,3,FOUND INTEGER FEASIBLE,2.734948,3.706518,21,12,2,2,1899.000000,1899.000000,0.000000,0.000000,0
comp21-2idx,config17,1,FOUND INTEGER FEASIBLE,2.018737,2.980478,19,12,2,2,1497.000000,1497.000000,0.000000,0.000000,0
comp21-2idx,config17,2,FOUND INTEGER FEASIBLE,2.007114,3.605742,18,12,2,2,1485.000000,1485.000000,0.000000,0.000000,0
comp21-2idx,config17,3,FOUND INTEGER FEASIBLE,2.008419,3.063791,24,12,2,2,1815.000000,1815.000000,0.000000,0.000000,0
comp21-2idx,config21,1,FOUND INTEGER FEASIBLE,4.797662,5.144975,1,3,1,1,16615.000000,16615.000000,0.000000,0.000000,0
comp21-2idx,config21,2,FOUND INTEGER FEASIBLE,4.555640,4.860234,1,3,1,1,14930.000000,14930.000000,0.000000,0.000000,0
comp21-2idx,config21,3,FOUND INTEGER FEASIBLE,4.828436,5.159051,1,3,1,1,16582.000000,16582.000000,0.000000,0.000000,0
comp21-2idx,config23,1,FOUND INTEGER FEASIBLE,4.805989,5.761538,22,3,1,1,997.000000,997.000000,0.000000,0.000000,0
comp21-2idx,config23,2,FOUND INTEGER FEASIBLE,3.855023,4.617146,16,3,1,1,977.000000,977.000000,0.000000,0.000000,0
comp21-2idx,config23,3,FOUND INTEGER FEASIBLE,4.600490,5.462714,21,3,1,1,1526.000000,1526.000000,0.000000,0.000000,0
comp21-2idx,config19,1,FOUND INTEGER FEASIBLE,0.000000,0.409125,0,0,-1,-1,17016.000000,17016.000000,0.000000,0.000000,0
comp21-2idx,config19,2,FOUND INTEGER FEASIBLE,0.000000,0.458365,0,0,-1,-1,17016.000000,17016.000000,0.000000,0.000000,0
comp21-2idx,config19,3,FOUND INTEGER FEASIBLE,0.000000,0.447653,0,0,-1,-1,17016.000000,17016.000000,0.000000,0.000000,0
comp21-2idx,config18,1,FOUND INTEGER FEASIBLE,0.000000,0.497197,0,0,-1,-1,17016.000000,17016.000000,0.000000,0.000000,0
comp21-2idx,config18,2,FOUND INTEGER FEASIBLE,0.000000,0.453912,0,0,-1,-1,17016.000000,17016.000000,0.000000,0.000000,0
comp21-2idx,config18,3,FOUND INTEGER FEASIBLE,0.000000,0.463375,0,0,-1,-1,17016.000000,17016.000000,0.000000,0.000000,0
cost266-UUE,config1,1,FOUND INTEGER FEASIBLE,0.000000,0.175420,2,0,-1,-1,40542528.900000,39300436.900000,0.000000,0.000000,0
cost266-UUE,config1,2,FOUND INTEGER FEASIBLE,0.000000,0.187615,3,0,-1,-1,38912269.560000,36372040.300000,0.000000,0.000000,0
cost266-UUE,config1,3,FOUND INTEGER FEASIBLE,0.000000,0.142375,1,0,-1,-1,35706595.880000,35635920.500000,0.000000,0.000000,0
cost266-UUE,config3,1,FOUND INTEGER FEASIBLE,0.000000,0.226752,2,0,-1,-1,40886198.540000,39524473.780000,0.000000,0.000000,0
cost266-UUE,config3,2,FOUND INTEGER FEASIBLE,0.000000,0.243841,3,0,-1,-1,39102452.920000,37281431.500000,0.000000,0.000000,0
cost266-UUE,config3,3,FOUND INTEGER FEASIBLE,0.000000,0.219958,2,0,-1,-1,39367690.240000,38008768.360000,0.000000,0.000000,0
cost266-UUE,config20,1,FOUND INTEGER FEASIBLE,0.000000,0.170892,2,0,-1,-1,36362416.220000,33524645.100000,0.000000,0.000000,0
cost266-UUE,config20,2,FOUND INTEGER FEASIBLE,0.000000,0.126349,3,0,-1,-1,40458097.880000,36495857.720000,0.000000,0.000000,0
cost266-UUE,config20,3,FOUND INTEGER FEASIBLE,0.000000,0.178431,3,0,-1,-1,38216896.725000,35216591.300000,0.000000,0.000000,0
cost266-UUE,config16,1,FOUND INTEGER FEASIBLE,0.260224,0.408987,2,2,0,0,40734248.510000,39300436.900000,0.000000,0.000000,0
cost266-UUE,config16,2,FOUND INTEGER FEASIBLE,0.259405,0.399101,3,2,0,0,39021587.000000,36685164.940000,0.000000,0.000000,0
cost266-UUE,config16,3,FOUND INTEGER FEASIBLE,0.260097,0.395180,1,2,0,0,35742783.140000,35635920.500000,0.000000,0.000000,0
cost266-UUE,config17,1,FOUND INTEGER FEASIBLE,0.351499,0.633032,2,1,0,0,41238123.680000,39730505.420000,0.000000,0.000000,0
cost266-UUE,config17,2,FOUND INTEGER FEASIBLE,0.355544,0.598836,3,1,0,0,39038725.550000,37058469.420000,0.000000,0.000000,0
cost266-UUE,config17,3,FOUND INTEGER FEASIBLE,0.344152,0.582640,2,1,0,0,39673733.160000,38311151.680000,0.000000,0.000000,0
cost266-UUE,config21,1,FOUND INTEGER FEASIBLE,0.209742,0.335342,1,10,0,0,39295577.055000,34189301.360000,0.000000,0.000000,0
cost266-UUE,config21,2,FOUND INTEGER FEASIBLE,0.209821,0.355472,3,10,0,0,38786940.900000,34473340.340000,0.000000,0.000000,0
cost266-UUE,config21,3,FOUND INTEGER FEASIBLE,0.211405,0.334361,2,10,0,0,39311952.060000,34507836.200000,0.000000,0.000000,0
cost266-UUE,config23,1,FOUND INTEGER FEASIBLE,0.209143,0.370736,2,10,0,0,37891265.880000,36530621.760000,0.000000,0.000000,0
cost266-UUE,config23,2,FOUND INTEGER FEASIBLE,0.210582,0.383085,3,10,0,0,37896043.400000,37014430.680000,0.000000,0.000000,0
cost266-UUE,config23,3,FOUND INTEGER FEASIBLE,0.211240,0.366275,1,10,0,0,36801330.520000,36009841.960000,0.000000,0.000000,0
cost266-UUE,config19,1,FOUND INTEGER FEASIBLE,0.000000,0.207513,0,0,-1,-1,30821086.280000,30821086.280000,0.000000,0.000000,0
cost266-UUE,config19,2,FOUND INTEGER FEASIBLE,0.000000,0.104174,0,0,-1,-1,30821086.280000,30821086.280000,0.000000,0.000000,0
cost266-UUE,config19,3,FOUND INTEGER FEASIBLE,0.000000,0.168639,0,0,-1,-1,30821086.280000,30821086.280000,0.000000,0.000000,0
cost266-UUE,config18,1,FOUND INTEGER FEASIBLE,0.000000,0.102218,0,0,-1,-1,30821086.280000,30821086.280000,0.000000,0.000000,0
cost266-UUE,config18,2,FOUND INTEGER FEASIBLE,0.000000,0.197643,0,0,-1,-1,30821086.280000,30821086.280000,0.000000,0.000000,0
cost266-UUE,config18,3,FOUND INTEGER FEASIBLE,0.000000,0.103388,0,0,-1,-1,30821086.280000,30821086.280000,0.000000,0.000000,0
cryptanalysiskb128n5obj16,config1,1,FAILED TO FIND AN INTEGER FEASIBLE SOLUTION,0.000000,3600,50,0,-1,-1,0.000000,0.000000,667.903074,414.939959,14124
cryptanalysiskb128n5obj16,config1,2,FAILED TO FIND AN INTEGER FEASIBLE SOLUTION,0.000000,3600,48,0,-1,-1,0.000000,0.000000,1254.594418,572.461681,16633
cryptanalysiskb128n5obj16,config1,3,FAILED TO FIND AN INTEGER FEASIBLE SOLUTION,0.000000,3600,53,0,-1,-1,0.000000,0.000000,1057.303074,504.955031,15512
cryptanalysiskb128n5obj16,config3,1,FAILED TO FIND AN INTEGER FEASIBLE SOLUTION,0.000000,3600,410,0,-1,-1,0.000000,0.000000,5.333333,5.333333,16
cryptanalysiskb128n5obj16,config3,2,FAILED TO FIND AN INTEGER FEASIBLE SOLUTION,0.000000,3600,263,0,-1,-1,0.000000,0.000000,5.833333,5.833333,16
cryptanalysiskb128n5obj16,config3,3,FAILED TO FIND AN INTEGER FEASIBLE SOLUTION,0.000000,3600,473,0,-1,-1,0.000000,0.000000,5.333333,5.333333,12
cryptanalysiskb128n5obj16,config20,1,FAILED TO FIND AN INTEGER FEASIBLE SOLUTION,0.000000,3600,83,0,-1,-1,0.000000,0.000000,1217.388323,559.278988,17319
cryptanalysiskb128n5obj16,config20,2,FAILED TO FIND AN INTEGER FEASIBLE SOLUTION,0.000000,3600,81,0,-1,-1,0.000000,0.000000,940.226800,529.914383,15373
cryptanalysiskb128n5obj16,config20,3,FAILED TO FIND AN INTEGER FEASIBLE SOLUTION,0.000000,3600,84,0,-1,-1,0.000000,0.000000,935.236418,532.269546,16735
cryptanalysiskb128n5obj16,config16,1,FAILED TO FIND AN INTEGER FEASIBLE SOLUTION,78.400363,3600,76,10,10,10,0.000000,0.000000,667.903074,414.939959,14124
cryptanalysiskb128n5obj16,config16,2,FAILED TO FIND AN INTEGER FEASIBLE SOLUTION,76.833201,3600,66,10,10,10,0.000000,0.000000,1254.594418,572.461681,16633
cryptanalysiskb128n5obj16,config16,3,FAILED TO FIND AN INTEGER FEASIBLE SOLUTION,72.589262,3600,71,10,10,10,0.000000,0.000000,1057.303074,504.955031,15512
cryptanalysiskb128n5obj16,config17,1,FAILED TO FIND AN INTEGER FEASIBLE SOLUTION,1494.373532,3600,83,8,8,5,0.000000,0.000000,665.569442,509.657342,5950
cryptanalysiskb128n5obj16,config17,2,FAILED TO FIND AN INTEGER FEASIBLE SOLUTION,8.809771,3600,137,8,8,5,0.000000,0.000000,699.393073,479.778900,15923
cryptanalysiskb128n5obj16,config17,3,FAILED TO FIND AN INTEGER FEASIBLE SOLUTION,9.946140,3600,135,8,8,5,0.000000,0.000000,1173.273130,624.159619,15687
cryptanalysiskb128n5obj16,config21,1,FAILED TO FIND AN INTEGER FEASIBLE SOLUTION,183.038660,3600,67,10,10,10,0.000000,0.000000,1132.958515,579.586711,15782
cryptanalysiskb128n5obj16,config21,2,FAILED TO FIND AN INTEGER FEASIBLE SOLUTION,178.010322,3600,66,10,10,10,0.000000,0.000000,940.226800,529.914383,15373
cryptanalysiskb128n5obj16,config21,3,FAILED TO FIND AN INTEGER FEASIBLE SOLUTION,185.907471,3600,65,10,10,10,0.000000,0.000000,935.236418,532.269546,16735
cryptanalysiskb128n5obj16,config23,1,FAILED TO FIND AN INTEGER FEASIBLE SOLUTION,182.829888,3600,426,10,10,10,0.000000,0.000000,5.333333,5.333333,16
cryptanalysiskb128n5obj16,config23,2,FAILED TO FIND AN INTEGER FEASIBLE SOLUTION,185.921225,3600,279,10,10,10,0.000000,0.000000,5.833333,5.833333,16
cryptanalysiskb128n5obj16,config23,3,FAILED TO FIND AN INTEGER FEASIBLE SOLUTION,191.638289,3600,490,10,10,10,0.000000,0.000000,5.333333,5.333333,12
cryptanalysiskb128n5obj16,config19,1,FAILED TO FIND AN INTEGER FEASIBLE SOLUTION,0.000000,3600,0,0,-1,-1,0.000000,0.000000,inf,inf,0
cryptanalysiskb128n5obj16,config19,2,FAILED TO FIND AN INTEGER FEASIBLE SOLUTION,0.000000,3600,0,0,-1,-1,0.000000,0.000000,inf,inf,0
cryptanalysiskb128n5obj16,config19,3,FAILED TO FIND AN INTEGER FEASIBLE SOLUTION,0.000000,3600,0,0,-1,-1,0.000000,0.000000,inf,inf,0
cryptanalysiskb128n5obj16,config18,1,FAILED TO FIND AN INTEGER FEASIBLE SOLUTION,0.000000,3600,0,0,-1,-1,0.000000,0.000000,inf,inf,0
cryptanalysiskb128n5obj16,config18,2,FAILED TO FIND AN INTEGER FEASIBLE SOLUTION,0.000000,3600,0,0,-1,-1,0.000000,0.000000,inf,inf,0
cryptanalysiskb128n5obj16,config18,3,FAILED TO FIND AN INTEGER FEASIBLE SOLUTION,0.000000,3600,0,0,-1,-1,0.000000,0.000000,inf,inf,0
csched007,config1,1,FOUND INTEGER FEASIBLE,0.000000,9.280687,1723,0,-1,-1,672.000000,672.000000,0.000000,0.000000,0
csched007,config1,2,FOUND INTEGER FEASIBLE,0.000000,4.602590,729,0,-1,-1,771.000000,771.000000,0.000000,0.000000,0
csched007,config1,3,FOUND INTEGER FEASIBLE,0.000000,9.093734,1624,0,-1,-1,651.000000,651.000000,0.000000,0.000000,0
csched007,config3,1,FOUND INTEGER FEASIBLE,0.000000,13.454750,2524,0,-1,-1,740.000000,740.000000,0.000000,0.000000,0
csched007,config3,2,FOUND INTEGER FEASIBLE,0.000000,8.454792,1513,0,-1,-1,683.000000,683.000000,0.000000,0.000000,0
csched007,config3,3,FOUND INTEGER FEASIBLE,0.000000,2.338075,273,0,-1,-1,729.000000,729.000000,0.000000,0.000000,0
csched007,config20,1,FOUND INTEGER FEASIBLE,0.000000,2.288425,1056,0,-1,-1,774.000000,774.000000,0.000000,0.000000,0
csched007,config20,2,FOUND INTEGER FEASIBLE,0.000000,3.366591,1975,0,-1,-1,709.000000,709.000000,0.000000,0.000000,0
csched007,config20,3,FOUND INTEGER FEASIBLE,0.000000,3.949507,2390,0,-1,-1,692.000000,692.000000,0.000000,0.000000,0
csched007,config16,1,FOUND INTEGER FEASIBLE,0.043011,0.488026,494,10,5,1,679.000000,679.000000,0.000000,0.000000,0
csched007,config16,2,FOUND INTEGER FEASIBLE,0.068157,2.364122,1762,10,10,1,717.000000,717.000000,0.000000,0.000000,0
csched007,config16,3,FOUND INTEGER FEASIBLE,0.087304,0.800242,427,10,4,1,622.000000,622.000000,0.000000,0.000000,0
csched007,config17,1,FOUND INTEGER FEASIBLE,0.037636,0.875833,595,5,5,0,727.000000,727.000000,0.000000,0.000000,0
csched007,config17,2,FOUND INTEGER FEASIBLE,0.043012,0.812811,371,5,3,0,693.000000,693.000000,0.000000,0.000000,0
csched007,config17,3,FOUND INTEGER FEASIBLE,0.036328,2.198796,1656,5,5,0,707.000000,707.000000,0.000000,0.000000,0
csched007,config21,1,FOUND INTEGER FEASIBLE,0.035529,1.700065,870,8,8,0,737.000000,737.000000,0.000000,0.000000,0
csched007,config21,2,FOUND INTEGER FEASIBLE,0.035517,0.787626,363,8,3,0,693.000000,693.000000,0.000000,0.000000,0
csched007,config21,3,FOUND INTEGER FEASIBLE,0.036069,0.621051,282,8,2,0,699.000000,699.000000,0.000000,0.000000,0
csched007,config23,1,FOUND INTEGER FEASIBLE,0.035522,0.819427,405,8,4,0,700.000000,700.000000,0.000000,0.000000,0
csched007,config23,2,FOUND INTEGER FEASIBLE,0.035830,1.203545,622,8,6,0,665.000000,665.000000,0.000000,0.000000,0
csched007,config23,3,FOUND INTEGER FEASIBLE,0.030356,5.674265,5075,8,8,0,732.000000,732.000000,0.000000,0.000000,0
csched007,config19,1,FOUND INTEGER FEASIBLE,0.000000,4.065895,0,0,-1,-1,463.000000,463.000000,0.000000,0.000000,0
csched007,config19,2,FOUND INTEGER FEASIBLE,0.000000,4.090184,0,0,-1,-1,463.000000,463.000000,0.000000,0.000000,0
csched007,config19,3,FOUND INTEGER FEASIBLE,0.000000,4.088086,0,0,-1,-1,463.000000,463.000000,0.000000,0.000000,0
csched007,config18,1,FOUND INTEGER FEASIBLE,0.000000,89.915939,0,0,-1,-1,464.000000,464.000000,0.000000,0.000000,0
csched007,config18,2,FOUND INTEGER FEASIBLE,0.000000,90.120596,0,0,-1,-1,464.000000,464.000000,0.000000,0.000000,0
csched007,config18,3,FOUND INTEGER FEASIBLE,0.000000,89.965169,0,0,-1,-1,464.000000,464.000000,0.000000,0.000000,0
csched008,config1,1,FOUND INTEGER FEASIBLE,0.000000,2.590984,376,0,-1,-1,189.000000,189.000000,0.000000,0.000000,0
csched008,config1,2,FOUND INTEGER FEASIBLE,0.000000,2.043913,256,0,-1,-1,189.000000,189.000000,0.000000,0.000000,0
csched008,config1,3,FOUND INTEGER FEASIBLE,0.000000,0.307632,25,0,-1,-1,188.000000,188.000000,0.000000,0.000000,0
csched008,config3,1,FOUND INTEGER FEASIBLE,0.000000,1.440228,203,0,-1,-1,190.000000,190.000000,0.000000,0.000000,0
csched008,config3,2,FOUND INTEGER FEASIBLE,0.000000,0.809028,94,0,-1,-1,190.000000,189.000000,0.000000,0.000000,0
csched008,config3,3,FOUND INTEGER FEASIBLE,0.000000,2.473323,399,0,-1,-1,190.000000,189.000000,0.000000,0.000000,0
csched008,config20,1,FOUND INTEGER FEASIBLE,0.000000,0.394246,165,0,-1,-1,190.000000,190.000000,0.000000,0.000000,0
csched008,config20,2,FOUND INTEGER FEASIBLE,0.000000,0.302929,121,0,-1,-1,190.000000,190.000000,0.000000,0.000000,0
csched008,config20,3,FOUND INTEGER FEASIBLE,0.000000,0.489028,216,0,-1,-1,190.000000,190.000000,0.000000,0.000000,0
csched008,config16,1,FOUND INTEGER FEASIBLE,0.061579,0.267096,95,10,0,0,189.000000,189.000000,0.000000,0.000000,0
csched008,config16,2,FOUND INTEGER FEASIBLE,0.062201,0.234358,72,10,0,0,189.000000,189.000000,0.000000,0.000000,0
csched008,config16,3,FOUND INTEGER FEASIBLE,0.065855,0.415761,174,10,1,0,190.000000,189.000000,0.000000,0.000000,0
csched008,config17,1,FOUND INTEGER FEASIBLE,0.027181,0.861942,477,7,4,0,190.000000,189.000000,0.000000,0.000000,0
csched008,config17,2,FOUND INTEGER FEASIBLE,0.026906,0.298256,136,7,0,0,190.000000,190.000000,0.000000,0.000000,0
csched008,config17,3,FOUND INTEGER FEASIBLE,0.026879,0.430459,226,7,1,0,190.000000,190.000000,0.000000,0.000000,0
csched008,config21,1,FOUND INTEGER FEASIBLE,0.030091,0.567823,323,10,2,0,190.000000,189.000000,0.000000,0.000000,0
csched008,config21,2,FOUND INTEGER FEASIBLE,0.029160,0.234704,109,10,0,0,190.000000,189.000000,0.000000,0.000000,0
csched008,config21,3,FOUND INTEGER FEASIBLE,0.029480,0.496515,260,10,1,0,190.000000,189.000000,0.000000,0.000000,0
csched008,config23,1,FOUND INTEGER FEASIBLE,0.029278,0.100023,10,10,0,0,190.000000,190.000000,0.000000,0.000000,0
csched008,config23,2,FOUND INTEGER FEASIBLE,0.025817,0.320690,166,10,1,0,190.000000,190.000000,0.000000,0.000000,0
csched008,config23,3,FOUND INTEGER FEASIBLE,0.025859,0.174995,70,10,0,0,190.000000,189.000000,0.000000,0.000000,0
csched008,config19,1,FOUND INTEGER FEASIBLE,0.000000,2.861970,0,0,-1,-1,186.000000,186.000000,0.000000,0.000000,0
csched008,config19,2,FOUND INTEGER FEASIBLE,0.000000,2.865162,0,0,-1,-1,186.000000,186.000000,0.000000,0.000000,0
csched008,config19,3,FOUND INTEGER FEASIBLE,0.000000,2.868228,0,0,-1,-1,186.000000,186.000000,0.000000,0.000000,0
csched008,config18,1,FOUND INTEGER FEASIBLE,0.000000,3.346190,0,0,-1,-1,185.000000,185.000000,0.000000,0.000000,0
csched008,config18,2,FOUND INTEGER FEASIBLE,0.000000,4.358628,0,0,-1,-1,185.000000,185.000000,0.000000,0.000000,0
csched008,config18,3,FOUND INTEGER FEASIBLE,0.000000,4.351291,0,0,-1,-1,185.000000,185.000000,0.000000,0.000000,0
cvs16r128-89,config1,1,FOUND INTEGER FEASIBLE,0.000000,0.289445,1,0,-1,-1,-2.000000,-2.000000,0.000000,0.000000,0
cvs16r128-89,config1,2,FOUND INTEGER FEASIBLE,0.000000,0.289406,1,0,-1,-1,-2.000000,-2.000000,0.000000,0.000000,0
cvs16r128-89,config1,3,FOUND INTEGER FEASIBLE,0.000000,0.290881,1,0,-1,-1,-2.000000,-2.000000,0.000000,0.000000,0
cvs16r128-89,config3,1,FOUND INTEGER FEASIBLE,0.000000,0.078816,0,0,-1,-1,0.000000,0.000000,0.000000,0.000000,0
cvs16r128-89,config3,2,FOUND INTEGER FEASIBLE,0.000000,0.079010,0,0,-1,-1,0.000000,0.000000,0.000000,0.000000,0
cvs16r128-89,config3,3,FOUND INTEGER FEASIBLE,0.000000,0.079320,0,0,-1,-1,0.000000,0.000000,0.000000,0.000000,0
cvs16r128-89,config20,1,FOUND INTEGER FEASIBLE,0.000000,0.392376,1,0,-1,-1,-2.000000,-2.000000,0.000000,0.000000,0
cvs16r128-89,config20,2,FOUND INTEGER FEASIBLE,0.000000,0.313266,1,0,-1,-1,-2.000000,-2.000000,0.000000,0.000000,0
cvs16r128-89,config20,3,FOUND INTEGER FEASIBLE,0.000000,0.387176,1,0,-1,-1,-2.000000,-2.000000,0.000000,0.000000,0
cvs16r128-89,config16,1,FOUND INTEGER FEASIBLE,0.553597,0.622456,0,3,0,0,-11.000000,-11.000000,0.000000,0.000000,0
cvs16r128-89,config16,2,FOUND INTEGER FEASIBLE,0.548688,0.617444,0,3,0,0,-11.000000,-11.000000,0.000000,0.000000,0
cvs16r128-89,config16,3,FOUND INTEGER FEASIBLE,0.542775,0.601037,0,3,0,0,-11.000000,-11.000000,0.000000,0.000000,0
cvs16r128-89,config17,1,FOUND INTEGER FEASIBLE,0.006603,0.081878,0,1,0,0,0.000000,0.000000,0.000000,0.000000,0
cvs16r128-89,config17,2,FOUND INTEGER FEASIBLE,0.006677,0.082910,0,1,0,0,0.000000,0.000000,0.000000,0.000000,0
cvs16r128-89,config17,3,FOUND INTEGER FEASIBLE,0.004348,0.070840,0,1,0,0,0.000000,0.000000,0.000000,0.000000,0
cvs16r128-89,config21,1,FOUND INTEGER FEASIBLE,0.457536,0.524696,0,3,0,0,-11.000000,-11.000000,0.000000,0.000000,0
cvs16r128-89,config21,2,FOUND INTEGER FEASIBLE,0.340414,0.402683,0,3,0,0,-11.000000,-11.000000,0.000000,0.000000,0
cvs16r128-89,config21,3,FOUND INTEGER FEASIBLE,0.460186,0.528045,0,3,0,0,-11.000000,-11.000000,0.000000,0.000000,0
cvs16r128-89,config23,1,FOUND INTEGER FEASIBLE,0.460139,0.527768,0,3,0,0,0.000000,0.000000,0.000000,0.000000,0
cvs16r128-89,config23,2,FOUND INTEGER FEASIBLE,0.459536,0.518865,0,3,0,0,0.000000,0.000000,0.000000,0.000000,0
cvs16r128-89,config23,3,FOUND INTEGER FEASIBLE,0.458220,0.525833,0,3,0,0,0.000000,0.000000,0.000000,0.000000,0
cvs16r128-89,config19,1,FOUND INTEGER FEASIBLE,0.000000,0.016950,0,0,-1,-1,0.000000,0.000000,0.000000,0.000000,0
cvs16r128-89,config19,2,FOUND INTEGER FEASIBLE,0.000000,0.009267,0,0,-1,-1,0.000000,0.000000,0.000000,0.000000,0
cvs16r128-89,config19,3,FOUND INTEGER FEASIBLE,0.000000,0.011291,0,0,-1,-1,0.000000,0.000000,0.000000,0.000000,0
cvs16r128-89,config18,1,FOUND INTEGER FEASIBLE,0.000000,0.009654,0,0,-1,-1,0.000000,0.000000,0.000000,0.000000,0
cvs16r128-89,config18,2,FOUND INTEGER FEASIBLE,0.000000,0.012491,0,0,-1,-1,0.000000,0.000000,0.000000,0.000000,0
cvs16r128-89,config18,3,FOUND INTEGER FEASIBLE,0.000000,0.013313,0,0,-1,-1,0.000000,0.000000,0.000000,0.000000,0
dano3_3,config1,1,FOUND INTEGER FEASIBLE,0.000000,6.203929,1,0,-1,-1,620.597739,576.396385,0.000000,0.000000,0
dano3_3,config1,2,FOUND INTEGER FEASIBLE,0.000000,6.130409,1,0,-1,-1,620.597739,576.396385,0.000000,0.000000,0
dano3_3,config1,3,FOUND INTEGER FEASIBLE,0.000000,6.171562,1,0,-1,-1,611.189703,576.344633,0.000000,0.000000,0
dano3_3,config3,1,FOUND INTEGER FEASIBLE,0.000000,1.840764,1,0,-1,-1,23000.000000,581.584375,0.000000,0.000000,0
dano3_3,config3,2,FOUND INTEGER FEASIBLE,0.000000,1.847333,1,0,-1,-1,23000.000000,581.584375,0.000000,0.000000,0
dano3_3,config3,3,FOUND INTEGER FEASIBLE,0.000000,1.880549,1,0,-1,-1,23000.000000,582.481746,0.000000,0.000000,0
dano3_3,config20,1,FOUND INTEGER FEASIBLE,0.000000,2.509669,1,0,-1,-1,23000.000000,582.481773,0.000000,0.000000,0
dano3_3,config20,2,FOUND INTEGER FEASIBLE,0.000000,2.415352,1,0,-1,-1,23000.000000,581.584375,0.000000,0.000000,0
dano3_3,config20,3,FOUND INTEGER FEASIBLE,0.000000,2.613269,1,0,-1,-1,23000.000000,582.506001,0.000000,0.000000,0
dano3_3,config16,1,FOUND INTEGER FEASIBLE,25.581478,32.148111,1,6,0,0,583.730889,576.407689,0.000000,0.000000,0
dano3_3,config16,2,FOUND INTEGER FEASIBLE,25.153330,30.168262,1,6,0,0,583.730889,576.407689,0.000000,0.000000,0
dano3_3,config16,3,FOUND INTEGER FEASIBLE,25.956692,31.800924,1,6,0,0,583.730889,576.407689,0.000000,0.000000,0
dano3_3,config17,1,FOUND INTEGER FEASIBLE,3.106165,3.639332,1,7,0,0,23000.000000,585.444949,0.000000,0.000000,0
dano3_3,config17,2,FOUND INTEGER FEASIBLE,3.019256,3.448039,1,7,0,0,23000.000000,650.500000,0.000000,0.000000,0
dano3_3,config17,3,FOUND INTEGER FEASIBLE,3.041961,3.423916,1,7,0,0,23000.000000,583.700583,0.000000,0.000000,0
dano3_3,config21,1,FOUND INTEGER FEASIBLE,1.915930,3.119552,1,8,0,0,23000.000000,583.939414,0.000000,0.000000,0
dano3_3,config21,2,FOUND INTEGER FEASIBLE,3.695334,5.094372,1,8,0,0,23000.000000,583.939414,0.000000,0.000000,0
dano3_3,config21,3,FOUND INTEGER FEASIBLE,2.872994,4.210486,1,8,0,0,23000.000000,583.396094,0.000000,0.000000,0
dano3_3,config23,1,FOUND INTEGER FEASIBLE,2.605581,3.824002,1,8,0,0,23000.000000,616.666667,0.000000,0.000000,0
dano3_3,config23,2,FOUND INTEGER FEASIBLE,2.875653,4.095329,1,8,0,0,23000.000000,616.666667,0.000000,0.000000,0
dano3_3,config23,3,FOUND INTEGER FEASIBLE,2.731561,4.166544,1,8,0,0,23000.000000,584.381055,0.000000,0.000000,0
dano3_3,config19,1,FOUND INTEGER FEASIBLE,0.000000,17.187429,0,0,-1,-1,577.455291,577.455291,0.000000,0.000000,0
dano3_3,config19,2,FOUND INTEGER FEASIBLE,0.000000,16.113513,0,0,-1,-1,577.455291,577.455291,0.000000,0.000000,0
dano3_3,config19,3,FOUND INTEGER FEASIBLE,0.000000,16.133899,0,0,-1,-1,577.455291,577.455291,0.000000,0.000000,0
dano3_3,config18,1,FOUND INTEGER FEASIBLE,0.000000,19.858323,0,0,-1,-1,576.437123,576.437123,0.000000,0.000000,0
dano3_3,config18,2,FOUND INTEGER FEASIBLE,0.000000,19.918108,0,0,-1,-1,576.437123,576.437123,0.000000,0.000000,0
dano3_3,config18,3,FOUND INTEGER FEASIBLE,0.000000,19.806197,0,0,-1,-1,576.437123,576.437123,0.000000,0.000000,0
dano3_5,config1,1,FOUND INTEGER FEASIBLE,0.000000,5.686800,1,0,-1,-1,685.535660,578.752760,0.000000,0.000000,0
dano3_5,config1,2,FOUND INTEGER FEASIBLE,0.000000,5.698663,1,0,-1,-1,685.535660,578.752760,0.000000,0.000000,0
dano3_5,config1,3,FOUND INTEGER FEASIBLE,0.000000,5.665580,1,0,-1,-1,646.184953,578.648269,0.000000,0.000000,0
dano3_5,config3,1,FOUND INTEGER FEASIBLE,0.000000,2.242400,1,0,-1,-1,23000.000000,587.890058,0.000000,0.000000,0
dano3_5,config3,2,FOUND INTEGER FEASIBLE,0.000000,1.234486,1,0,-1,-1,23000.000000,587.890058,0.000000,0.000000,0
dano3_5,config3,3,FOUND INTEGER FEASIBLE,0.000000,2.362545,1,0,-1,-1,23000.000000,583.389156,0.000000,0.000000,0
dano3_5,config20,1,FOUND INTEGER FEASIBLE,0.000000,2.886314,1,0,-1,-1,23000.000000,588.488076,0.000000,0.000000,0
dano3_5,config20,2,FOUND INTEGER FEASIBLE,0.000000,2.884391,1,0,-1,-1,23000.000000,588.488076,0.000000,0.000000,0
dano3_5,config20,3,FOUND INTEGER FEASIBLE,0.000000,2.979865,1,0,-1,-1,23000.000000,586.200377,0.000000,0.000000,0
dano3_5,config16,1,FOUND INTEGER FEASIBLE,22.577373,31.810136,1,5,0,0,584.931319,578.648269,0.000000,0.000000,0
dano3_5,config16,2,FOUND INTEGER FEASIBLE,22.741139,32.906303,1,5,0,0,584.931319,578.648269,0.000000,0.000000,0
dano3_5,config16,3,FOUND INTEGER FEASIBLE,24.116418,33.600154,1,5,0,0,583.622841,578.728198,0.000000,0.000000,0
dano3_5,config17,1,FOUND INTEGER FEASIBLE,3.042061,4.062538,1,10,0,0,22000.000000,584.112291,0.000000,0.000000,0
dano3_5,config17,2,FOUND INTEGER FEASIBLE,2.101801,3.078714,1,10,0,0,22000.000000,583.833959,0.000000,0.000000,0
dano3_5,config17,3,FOUND INTEGER FEASIBLE,3.044977,4.137072,1,10,0,0,22000.000000,590.827327,0.000000,0.000000,0
dano3_5,config21,1,FOUND INTEGER FEASIBLE,3.319338,4.668524,1,10,0,0,22000.000000,585.633547,0.000000,0.000000,0
dano3_5,config21,2,FOUND INTEGER FEASIBLE,2.924188,3.726598,1,10,0,0,22000.000000,585.384255,0.000000,0.000000,0
dano3_5,config21,3,FOUND INTEGER FEASIBLE,2.638176,3.541904,1,10,0,0,22000.000000,585.540894,0.000000,0.000000,0
dano3_5,config23,1,FOUND INTEGER FEASIBLE,2.898646,3.701976,1,10,0,0,22000.000000,586.715231,0.000000,0.000000,0
dano3_5,config23,2,FOUND INTEGER FEASIBLE,2.918047,3.878830,1,10,0,0,22000.000000,588.148435,0.000000,0.000000,0
dano3_5,config23,3,FOUND INTEGER FEASIBLE,2.904315,3.726342,1,10,0,0,22000.000000,587.132793,0.000000,0.000000,0
dano3_5,config19,1,FOUND INTEGER FEASIBLE,0.000000,34.555579,0,0,-1,-1,578.648269,578.648269,0.000000,0.000000,0
dano3_5,config19,2,FOUND INTEGER FEASIBLE,0.000000,35.374659,0,0,-1,-1,578.648269,578.648269,0.000000,0.000000,0
dano3_5,config19,3,FOUND INTEGER FEASIBLE,0.000000,34.561496,0,0,-1,-1,578.648269,578.648269,0.000000,0.000000,0
dano3_5,config18,1,FOUND INTEGER FEASIBLE,0.000000,34.730488,0,0,-1,-1,578.648269,578.648269,0.000000,0.000000,0
dano3_5,config18,2,FOUND INTEGER FEASIBLE,0.000000,34.796347,0,0,-1,-1,578.648269,578.648269,0.000000,0.000000,0
dano3_5,config18,3,FOUND INTEGER FEASIBLE,0.000000,34.767579,0,0,-1,-1,578.648269,578.648269,0.000000,0.000000,0
decomp2,config1,1,FOUND INTEGER FEASIBLE,0.000000,0.552604,1,0,-1,-1,-160.000000,-160.000000,0.000000,0.000000,0
decomp2,config1,2,FOUND INTEGER FEASIBLE,0.000000,0.554514,1,0,-1,-1,-160.000000,-160.000000,0.000000,0.000000,0
decomp2,config1,3,FOUND INTEGER FEASIBLE,0.000000,0.553924,1,0,-1,-1,-160.000000,-160.000000,0.000000,0.000000,0
decomp2,config3,1,FOUND INTEGER FEASIBLE,0.000000,0.881078,12,0,-1,-1,-56.000000,-56.000000,0.000000,0.000000,0
decomp2,config3,2,FOUND INTEGER FEASIBLE,0.000000,0.868904,12,0,-1,-1,-58.000000,-58.000000,0.000000,0.000000,0
decomp2,config3,3,FOUND INTEGER FEASIBLE,0.000000,0.923613,14,0,-1,-1,-46.000000,-46.000000,0.000000,0.000000,0
decomp2,config20,1,FOUND INTEGER FEASIBLE,0.000000,0.961633,18,0,-1,-1,84.000000,84.000000,0.000000,0.000000,0
decomp2,config20,2,FOUND INTEGER FEASIBLE,0.000000,0.968918,19,0,-1,-1,84.000000,84.000000,0.000000,0.000000,0
decomp2,config20,3,FOUND INTEGER FEASIBLE,0.000000,0.956629,18,0,-1,-1,80.000000,80.000000,0.000000,0.000000,0
decomp2,config16,1,FOUND INTEGER FEASIBLE,0.025546,1.044016,126,8,1,0,-51.000000,-51.000000,0.000000,0.000000,0
decomp2,config16,2,FOUND INTEGER FEASIBLE,0.048954,2.199751,161,8,1,0,-29.000000,-29.000000,0.000000,0.000000,0
decomp2,config16,3,FOUND INTEGER FEASIBLE,0.025829,0.949353,111,8,1,0,-78.000000,-78.000000,0.000000,0.000000,0
decomp2,config17,1,FOUND INTEGER FEASIBLE,0.067483,0.799067,22,10,1,1,-38.000000,-38.000000,0.000000,0.000000,0
decomp2,config17,2,FOUND INTEGER FEASIBLE,0.067449,0.914935,36,10,1,1,-30.000000,-30.000000,0.000000,0.000000,0
decomp2,config17,3,FOUND INTEGER FEASIBLE,0.067513,0.779981,19,10,1,1,-48.000000,-48.000000,0.000000,0.000000,0
decomp2,config21,1,FOUND INTEGER FEASIBLE,0.084290,4.947660,735,10,7,0,47.000000,47.000000,0.000000,0.000000,0
decomp2,config21,2,FOUND INTEGER FEASIBLE,0.084278,4.654251,678,10,7,0,61.000000,61.000000,0.000000,0.000000,0
decomp2,config21,3,FOUND INTEGER FEASIBLE,0.084974,3.548731,462,10,3,0,46.000000,46.000000,0.000000,0.000000,0
decomp2,config23,1,FOUND INTEGER FEASIBLE,0.084769,5.338519,830,10,9,0,40.000000,40.000000,0.000000,0.000000,0
decomp2,config23,2,FOUND INTEGER FEASIBLE,0.084933,2.341410,224,10,1,0,46.000000,46.000000,0.000000,0.000000,0
decomp2,config23,3,FOUND INTEGER FEASIBLE,0.062707,2.879970,398,10,3,0,62.000000,62.000000,0.000000,0.000000,0
decomp2,config19,1,FOUND INTEGER FEASIBLE,0.000000,0.208461,0,0,-1,-1,-44.000000,-44.000000,0.000000,0.000000,0
decomp2,config19,2,FOUND INTEGER FEASIBLE,0.000000,0.280421,0,0,-1,-1,-44.000000,-44.000000,0.000000,0.000000,0
decomp2,config19,3,FOUND INTEGER FEASIBLE,0.000000,0.282423,0,0,-1,-1,-44.000000,-44.000000,0.000000,0.000000,0
decomp2,config18,1,FOUND INTEGER FEASIBLE,0.000000,0.186270,0,0,-1,-1,-44.000000,-44.000000,0.000000,0.000000,0
decomp2,config18,2,FOUND INTEGER FEASIBLE,0.000000,0.296609,0,0,-1,-1,-44.000000,-44.000000,0.000000,0.000000,0
decomp2,config18,3,FOUND INTEGER FEASIBLE,0.000000,0.283201,0,0,-1,-1,-44.000000,-44.000000,0.000000,0.000000,0
drayage-100-23,config1,1,FOUND INTEGER FEASIBLE,0.000000,0.243957,4,0,-1,-1,144638.643665,144638.643665,0.000000,0.000000,0
drayage-100-23,config1,2,FOUND INTEGER FEASIBLE,0.000000,0.247390,4,0,-1,-1,144945.500507,144945.500507,0.000000,0.000000,0
drayage-100-23,config1,3,FOUND INTEGER FEASIBLE,0.000000,0.285483,6,0,-1,-1,144638.643665,144638.643665,0.000000,0.000000,0
drayage-100-23,config3,1,FOUND INTEGER FEASIBLE,0.000000,0.171564,2,0,-1,-1,794235.581818,794235.581818,0.000000,0.000000,0
drayage-100-23,config3,2,FOUND INTEGER FEASIBLE,0.000000,0.172574,2,0,-1,-1,794235.581818,794235.581818,0.000000,0.000000,0
drayage-100-23,config3,3,FOUND INTEGER FEASIBLE,0.000000,0.172205,2,0,-1,-1,794235.581818,794235.581818,0.000000,0.000000,0
drayage-100-23,config20,1,FOUND INTEGER FEASIBLE,0.000000,0.170093,1,0,-1,-1,288589.986076,288589.986076,0.000000,0.000000,0
drayage-100-23,config20,2,FOUND INTEGER FEASIBLE,0.000000,0.110477,1,0,-1,-1,288589.986076,288589.986076,0.000000,0.000000,0
drayage-100-23,config20,3,FOUND INTEGER FEASIBLE,0.000000,0.164675,1,0,-1,-1,282477.440758,282477.440758,0.000000,0.000000,0
drayage-100-23,config16,1,FOUND INTEGER FEASIBLE,0.052091,0.400023,42,10,1,1,103333.874073,103333.874073,0.000000,0.000000,0
drayage-100-23,config16,2,FOUND INTEGER FEASIBLE,0.051808,0.605561,106,10,1,1,103333.874073,103333.874073,0.000000,0.000000,0
drayage-100-23,config16,3,FOUND INTEGER FEASIBLE,0.051737,0.330689,35,10,1,1,103333.874073,103333.874073,0.000000,0.000000,0
drayage-100-23,config17,1,FOUND INTEGER FEASIBLE,0.040008,0.195218,0,8,0,0,296054.858265,296054.858265,0.000000,0.000000,0
drayage-100-23,config17,2,FOUND INTEGER FEASIBLE,0.039717,0.194402,0,8,0,0,296054.858265,296054.858265,0.000000,0.000000,0
drayage-100-23,config17,3,FOUND INTEGER FEASIBLE,0.029752,0.157712,0,8,0,0,296054.858265,296054.858265,0.000000,0.000000,0
drayage-100-23,config21,1,FOUND INTEGER FEASIBLE,0.041944,0.189909,1,9,0,0,238356.398506,238356.398506,0.000000,0.000000,0
drayage-100-23,config21,2,FOUND INTEGER FEASIBLE,0.042076,0.196668,1,9,0,0,256937.214031,256937.214031,0.000000,0.000000,0
drayage-100-23,config21,3,FOUND INTEGER FEASIBLE,0.042076,0.193284,1,9,0,0,242590.170708,242590.170708,0.000000,0.000000,0
drayage-100-23,config23,1,FOUND INTEGER FEASIBLE,0.042193,0.200145,1,9,0,0,235486.012688,235486.012688,0.000000,0.000000,0
drayage-100-23,config23,2,FOUND INTEGER FEASIBLE,0.042195,0.191536,1,9,0,0,235486.012688,235486.012688,0.000000,0.000000,0
drayage-100-23,config23,3,FOUND INTEGER FEASIBLE,0.031303,0.162834,1,9,0,0,235486.012688,235486.012688,0.000000,0.000000,0
drayage-100-23,config19,1,FOUND INTEGER FEASIBLE,0.000000,0.045119,0,0,-1,-1,985824.910583,985824.910583,0.000000,0.000000,0
drayage-100-23,config19,2,FOUND INTEGER FEASIBLE,0.000000,0.022204,0,0,-1,-1,985824.910583,985824.910583,0.000000,0.000000,0
drayage-100-23,config19,3,FOUND INTEGER FEASIBLE,0.000000,0.030017,0,0,-1,-1,985824.910583,985824.910583,0.000000,0.000000,0
drayage-100-23,config18,1,FOUND INTEGER FEASIBLE,0.000000,0.046350,0,0,-1,-1,985824.910583,985824.910583,0.000000,0.000000,0
drayage-100-23,config18,2,FOUND INTEGER FEASIBLE,0.000000,0.020857,0,0,-1,-1,985824.910583,985824.910583,0.000000,0.000000,0
drayage-100-23,config18,3,FOUND INTEGER FEASIBLE,0.000000,0.030320,0,0,-1,-1,985824.910583,985824.910583,0.000000,0.000000,0
drayage-25-23,config1,1,FOUND INTEGER FEASIBLE,0.000000,0.240221,3,0,-1,-1,147542.337513,147542.337513,0.000000,0.000000,0
drayage-25-23,config1,2,FOUND INTEGER FEASIBLE,0.000000,0.239105,3,0,-1,-1,157628.422565,157628.422565,0.000000,0.000000,0
drayage-25-23,config1,3,FOUND INTEGER FEASIBLE,0.000000,0.240910,3,0,-1,-1,147542.337513,147542.337513,0.000000,0.000000,0
drayage-25-23,config3,1,FOUND INTEGER FEASIBLE,0.000000,0.161997,1,0,-1,-1,816269.235878,816269.235878,0.000000,0.000000,0
drayage-25-23,config3,2,FOUND INTEGER FEASIBLE,0.000000,0.159705,1,0,-1,-1,816269.235878,816269.235878,0.000000,0.000000,0
drayage-25-23,config3,3,FOUND INTEGER FEASIBLE,0.000000,0.175375,2,0,-1,-1,816269.235878,816269.235878,0.000000,0.000000,0
drayage-25-23,config20,1,FOUND INTEGER FEASIBLE,0.000000,0.189487,1,0,-1,-1,243641.116619,243641.116619,0.000000,0.000000,0
drayage-25-23,config20,2,FOUND INTEGER FEASIBLE,0.000000,0.107143,1,0,-1,-1,243641.116619,243641.116619,0.000000,0.000000,0
drayage-25-23,config20,3,FOUND INTEGER FEASIBLE,0.000000,0.095489,1,0,-1,-1,240042.915630,240042.915630,0.000000,0.000000,0
drayage-25-23,config16,1,FOUND INTEGER FEASIBLE,0.051644,0.576652,99,11,2,1,122504.389286,122504.389286,0.000000,0.000000,0
drayage-25-23,config16,2,FOUND INTEGER FEASIBLE,0.051686,0.619501,115,11,2,1,116652.076435,116652.076435,0.000000,0.000000,0
drayage-25-23,config16,3,FOUND INTEGER FEASIBLE,0.051777,0.616492,112,11,2,1,140804.146214,140804.146214,0.000000,0.000000,0
drayage-25-23,config17,1,FOUND INTEGER FEASIBLE,0.041271,0.210941,1,5,0,0,390190.231762,390190.231762,0.000000,0.000000,0
drayage-25-23,config17,2,FOUND INTEGER FEASIBLE,0.041274,0.208848,1,5,0,0,390190.231762,390190.231762,0.000000,0.000000,0
drayage-25-23,config17,3,FOUND INTEGER FEASIBLE,0.031105,0.160670,1,5,0,0,379252.397060,379252.397060,0.000000,0.000000,0
drayage-25-23,config21,1,FOUND INTEGER FEASIBLE,0.050014,0.215206,1,10,0,0,490687.705536,490687.705536,0.000000,0.000000,0
drayage-25-23,config21,2,FOUND INTEGER FEASIBLE,0.037439,0.178908,1,10,0,0,490687.705536,490687.705536,0.000000,0.000000,0
drayage-25-23,config21,3,FOUND INTEGER FEASIBLE,0.049943,0.222612,1,10,0,0,490687.705536,490687.705536,0.000000,0.000000,0
drayage-25-23,config23,1,FOUND INTEGER FEASIBLE,0.050124,0.219551,1,10,0,0,209560.838928,209560.838928,0.000000,0.000000,0
drayage-25-23,config23,2,FOUND INTEGER FEASIBLE,0.050153,0.212485,1,10,0,0,209560.838928,209560.838928,0.000000,0.000000,0
drayage-25-23,config23,3,FOUND INTEGER FEASIBLE,0.049854,0.214581,1,10,0,0,238914.401550,238914.401550,0.000000,0.000000,0
drayage-25-23,config19,1,FOUND INTEGER FEASIBLE,0.000000,0.044444,0,0,-1,-1,985824.910583,985824.910583,0.000000,0.000000,0
drayage-25-23,config19,2,FOUND INTEGER FEASIBLE,0.000000,0.034358,0,0,-1,-1,985824.910583,985824.910583,0.000000,0.000000,0
drayage-25-23,config19,3,FOUND INTEGER FEASIBLE,0.000000,0.030718,0,0,-1,-1,985824.910583,985824.910583,0.000000,0.000000,0
drayage-25-23,config18,1,FOUND INTEGER FEASIBLE,0.000000,0.044449,0,0,-1,-1,985824.910583,985824.910583,0.000000,0.000000,0
drayage-25-23,config18,2,FOUND INTEGER FEASIBLE,0.000000,0.031948,0,0,-1,-1,985824.910583,985824.910583,0.000000,0.000000,0
drayage-25-23,config18,3,FOUND INTEGER FEASIBLE,0.000000,0.020345,0,0,-1,-1,985824.910583,985824.910583,0.000000,0.000000,0
dws008-01,config1,1,FAILED TO FIND AN INTEGER FEASIBLE SOLUTION,0.000000,263.718982,12000,0,-1,-1,0.000000,0.000000,1.130867,1.130867,8
dws008-01,config1,2,FAILED TO FIND AN INTEGER FEASIBLE SOLUTION,0.000000,258.364007,12000,0,-1,-1,0.000000,0.000000,0.903967,0.893537,22
dws008-01,config1,3,FAILED TO FIND AN INTEGER FEASIBLE SOLUTION,0.000000,258.126073,12000,0,-1,-1,0.000000,0.000000,1.086790,1.086790,17
dws008-01,config3,1,FAILED TO FIND AN INTEGER FEASIBLE SOLUTION,0.000000,261.873887,12000,0,-1,-1,0.000000,0.000000,1.041473,1.008891,18
dws008-01,config3,2,FAILED TO FIND AN INTEGER FEASIBLE SOLUTION,0.000000,256.797732,12000,0,-1,-1,0.000000,0.000000,0.520216,0.520216,8
dws008-01,config3,3,FAILED TO FIND AN INTEGER FEASIBLE SOLUTION,0.000000,261.452104,12000,0,-1,-1,0.000000,0.000000,0.694098,0.694098,10
dws008-01,config20,1,FAILED TO FIND AN INTEGER FEASIBLE SOLUTION,0.000000,131.242249,12000,0,-1,-1,0.000000,0.000000,0.962420,0.962420,15
dws008-01,config20,2,FAILED TO FIND AN INTEGER FEASIBLE SOLUTION,0.000000,133.378440,12000,0,-1,-1,0.000000,0.000000,0.899075,0.899075,12
dws008-01,config20,3,FAILED TO FIND AN INTEGER FEASIBLE SOLUTION,0.000000,132.706063,12000,0,-1,-1,0.000000,0.000000,0.847925,0.847925,9
dws008-01,config16,1,FAILED TO FIND AN INTEGER FEASIBLE SOLUTION,0.050355,123.505239,12000,5,5,1,0.000000,0.000000,0.800856,0.763056,18
dws008-01,config16,2,FAILED TO FIND AN INTEGER FEASIBLE SOLUTION,0.035507,117.075535,12000,5,5,1,0.000000,0.000000,1.053856,1.053856,12
dws008-01,config16,3,FAILED TO FIND AN INTEGER FEASIBLE SOLUTION,0.034212,112.190988,12000,5,5,1,0.000000,0.000000,1.058126,1.058126,9
dws008-01,config17,1,FAILED TO FIND AN INTEGER FEASIBLE SOLUTION,0.083092,119.469190,12000,5,5,1,0.000000,0.000000,1.058761,1.058761,15
dws008-01,config17,2,FAILED TO FIND AN INTEGER FEASIBLE SOLUTION,0.076958,118.220174,12000,5,5,1,0.000000,0.000000,0.859861,0.859861,11
dws008-01,config17,3,FAILED TO FIND AN INTEGER FEASIBLE SOLUTION,0.059721,125.887518,12000,5,5,1,0.000000,0.000000,1.009035,1.009035,12
dws008-01,config21,1,FAILED TO FIND AN INTEGER FEASIBLE SOLUTION,0.144821,119.780207,12000,12,12,2,0.000000,0.000000,0.984176,0.984176,11
dws008-01,config21,2,FAILED TO FIND AN INTEGER FEASIBLE SOLUTION,0.194036,114.446506,12000,12,12,2,0.000000,0.000000,0.927719,0.927719,15
dws008-01,config21,3,FAILED TO FIND AN INTEGER FEASIBLE SOLUTION,0.146491,113.392204,12000,12,12,2,0.000000,0.000000,0.882145,0.882145,12
dws008-01,config23,1,FAILED TO FIND AN INTEGER FEASIBLE SOLUTION,0.196446,121.381758,12000,12,12,2,0.000000,0.000000,1.097623,1.031526,29
dws008-01,config23,2,FAILED TO FIND AN INTEGER FEASIBLE SOLUTION,0.145927,110.093489,12000,12,12,2,0.000000,0.000000,0.954751,0.954751,15
dws008-01,config23,3,FAILED TO FIND AN INTEGER FEASIBLE SOLUTION,0.197946,119.903553,12000,12,12,2,0.000000,0.000000,0.844770,0.844770,11
dws008-01,config19,1,FOUND INTEGER FEASIBLE,0.000000,4.429919,0,0,-1,-1,55962.518269,55962.518269,0.000000,0.000000,0
dws008-01,config19,2,FOUND INTEGER FEASIBLE,0.000000,4.794137,0,0,-1,-1,55962.518269,55962.518269,0.000000,0.000000,0
dws008-01,config19,3,FOUND INTEGER FEASIBLE,0.000000,4.798824,0,0,-1,-1,55962.518269,55962.518269,0.000000,0.000000,0
dws008-01,config18,1,FOUND INTEGER FEASIBLE,0.000000,7.861484,0,0,-1,-1,54446.154373,54446.154373,0.000000,0.000000,0
dws008-01,config18,2,FOUND INTEGER FEASIBLE,0.000000,7.996904,0,0,-1,-1,54446.154373,54446.154373,0.000000,0.000000,0
dws008-01,config18,3,FOUND INTEGER FEASIBLE,0.000000,7.983195,0,0,-1,-1,54446.154373,54446.154373,0.000000,0.000000,0
eil33-2,config1,1,FOUND INTEGER FEASIBLE,0.000000,0.381344,11,0,-1,-1,1094.532044,1094.532044,0.000000,0.000000,0
eil33-2,config1,2,FOUND INTEGER FEASIBLE,0.000000,1.242334,54,0,-1,-1,1299.557689,1299.557689,0.000000,0.000000,0
eil33-2,config1,3,FOUND INTEGER FEASIBLE,0.000000,1.844368,78,0,-1,-1,1701.699920,1701.699920,0.000000,0.000000,0
eil33-2,config3,1,FOUND INTEGER FEASIBLE,0.000000,1.483557,60,0,-1,-1,1869.944653,1869.944653,0.000000,0.000000,0
eil33-2,config3,2,FOUND INTEGER FEASIBLE,0.000000,2.256674,108,0,-1,-1,1598.696531,1598.696531,0.000000,0.000000,0
eil33-2,config3,3,FOUND INTEGER FEASIBLE,0.000000,5.562579,376,0,-1,-1,1963.024177,1963.024177,0.000000,0.000000,0
eil33-2,config20,1,FOUND INTEGER FEASIBLE,0.000000,0.113933,0,0,-1,-1,5050.240144,5050.240144,0.000000,0.000000,0
eil33-2,config20,2,FOUND INTEGER FEASIBLE,0.000000,0.062917,0,0,-1,-1,5050.240144,5050.240144,0.000000,0.000000,0
eil33-2,config20,3,FOUND INTEGER FEASIBLE,0.000000,0.100174,0,0,-1,-1,5050.240144,5050.240144,0.000000,0.000000,0
eil33-2,config16,1,FOUND INTEGER FEASIBLE,0.033948,0.258470,11,1,1,1,1094.532044,1094.532044,0.000000,0.000000,0
eil33-2,config16,2,FOUND INTEGER FEASIBLE,0.031920,0.519365,54,1,1,1,1299.557689,1299.557689,0.000000,0.000000,0
eil33-2,config16,3,FOUND INTEGER FEASIBLE,0.033008,0.733624,78,1,1,1,1701.699920,1701.699920,0.000000,0.000000,0
eil33-2,config17,1,FOUND INTEGER FEASIBLE,0.033635,0.784143,159,9,1,0,1862.625364,1862.625364,0.000000,0.000000,0
eil33-2,config17,2,FOUND INTEGER FEASIBLE,0.033278,0.712475,152,9,1,0,1769.461069,1769.461069,0.000000,0.000000,0
eil33-2,config17,3,FOUND INTEGER FEASIBLE,0.036154,0.450101,123,9,1,0,1395.885926,1395.885926,0.000000,0.000000,0
eil33-2,config21,1,FOUND INTEGER FEASIBLE,0.012246,1.188035,272,2,2,0,2044.592991,2044.592991,0.000000,0.000000,0
eil33-2,config21,2,FOUND INTEGER FEASIBLE,0.022849,0.873897,86,2,1,0,1300.206999,1300.206999,0.000000,0.000000,0
eil33-2,config21,3,FOUND INTEGER FEASIBLE,0.022637,1.450365,167,2,1,0,1618.820713,1618.820713,0.000000,0.000000,0
eil33-2,config23,1,FOUND INTEGER FEASIBLE,0.014701,0.834597,126,2,1,0,1278.241341,1278.241341,0.000000,0.000000,0
eil33-2,config23,2,FOUND INTEGER FEASIBLE,0.022621,2.050437,263,2,2,0,1407.278111,1407.278111,0.000000,0.000000,0
eil33-2,config23,3,FOUND INTEGER FEASIBLE,0.015046,1.264109,203,2,1,0,1429.610676,1429.610676,0.000000,0.000000,0
eil33-2,config19,1,FOUND INTEGER FEASIBLE,0.000000,0.024050,0,0,-1,-1,5050.240144,5050.240144,0.000000,0.000000,0
eil33-2,config19,2,FOUND INTEGER FEASIBLE,0.000000,0.016221,0,0,-1,-1,5050.240144,5050.240144,0.000000,0.000000,0
eil33-2,config19,3,FOUND INTEGER FEASIBLE,0.000000,0.014814,0,0,-1,-1,5050.240144,5050.240144,0.000000,0.000000,0
eil33-2,config18,1,FOUND INTEGER FEASIBLE,0.000000,0.024170,0,0,-1,-1,5050.240144,5050.240144,0.000000,0.000000,0
eil33-2,config18,2,FOUND INTEGER FEASIBLE,0.000000,0.016303,0,0,-1,-1,5050.240144,5050.240144,0.000000,0.000000,0
eil33-2,config18,3,FOUND INTEGER FEASIBLE,0.000000,0.016263,0,0,-1,-1,5050.240144,5050.240144,0.000000,0.000000,0
eilA101-2,config1,1,FOUND INTEGER FEASIBLE,0.000000,1523.881694,3246,0,-1,-1,2187.089138,2187.089138,0.000000,0.000000,0
eilA101-2,config1,2,FOUND INTEGER FEASIBLE,0.000000,569.445714,1218,0,-1,-1,3283.623868,3283.623868,0.000000,0.000000,0
eilA101-2,config1,3,FOUND INTEGER FEASIBLE,0.000000,1783.861018,3770,0,-1,-1,2204.241681,2204.241681,0.000000,0.000000,0
eilA101-2,config3,1,FOUND INTEGER FEASIBLE,0.000000,983.041453,2131,0,-1,-1,2627.022906,2627.022906,0.000000,0.000000,0
eilA101-2,config3,2,FOUND INTEGER FEASIBLE,0.000000,746.461315,1598,0,-1,-1,2488.393206,2488.393206,0.000000,0.000000,0
eilA101-2,config3,3,FOUND INTEGER FEASIBLE,0.000000,612.220468,1312,0,-1,-1,2241.340430,2241.340430,0.000000,0.000000,0
eilA101-2,config20,1,FOUND INTEGER FEASIBLE,0.000000,2.238781,0,0,-1,-1,4989.422626,4989.422626,0.000000,0.000000,0
eilA101-2,config20,2,FOUND INTEGER FEASIBLE,0.000000,2.139994,0,0,-1,-1,4989.422626,4989.422626,0.000000,0.000000,0
eilA101-2,config20,3,FOUND INTEGER FEASIBLE,0.000000,1.231829,0,0,-1,-1,4989.422626,4989.422626,0.000000,0.000000,0
eilA101-2,config16,1,FOUND INTEGER FEASIBLE,0.407119,903.428888,3246,1,1,1,2187.089138,2187.089138,0.000000,0.000000,0
eilA101-2,config16,2,FOUND INTEGER FEASIBLE,0.719585,342.486847,1218,1,1,1,3283.623868,3283.623868,0.000000,0.000000,0
eilA101-2,config16,3,FOUND INTEGER FEASIBLE,0.581003,1075.362415,3770,1,1,1,2204.241681,2204.241681,0.000000,0.000000,0
eilA101-2,config17,1,FOUND INTEGER FEASIBLE,0.929072,351.683710,1255,10,10,0,2165.405865,2165.405865,0.000000,0.000000,0
eilA101-2,config17,2,FOUND INTEGER FEASIBLE,0.930193,173.650860,611,10,7,0,1116.074796,1116.074796,0.000000,0.000000,0
eilA101-2,config17,3,FOUND INTEGER FEASIBLE,0.906986,637.574479,2288,10,10,0,2335.799719,2335.799719,0.000000,0.000000,0
eilA101-2,config21,1,FOUND INTEGER FEASIBLE,0.466116,61.095837,187,2,2,0,1343.348244,1343.348244,0.000000,0.000000,0
eilA101-2,config21,2,FOUND INTEGER FEASIBLE,0.584696,265.371962,943,2,2,0,2424.843116,2424.843116,0.000000,0.000000,0
eilA101-2,config21,3,FOUND INTEGER FEASIBLE,0.595851,674.251034,2400,2,2,0,2560.273265,2560.273265,0.000000,0.000000,0
eilA101-2,config23,1,FOUND INTEGER FEASIBLE,0.590906,570.893915,1988,2,2,0,2668.678453,2668.678453,0.000000,0.000000,0
eilA101-2,config23,2,FOUND INTEGER FEASIBLE,0.589652,1257.469273,4517,2,2,0,2830.038974,2830.038974,0.000000,0.000000,0
eilA101-2,config23,3,FOUND INTEGER FEASIBLE,0.595434,1093.461772,4010,2,2,0,2649.185641,2649.185641,0.000000,0.000000,0
eilA101-2,config19,1,FOUND INTEGER FEASIBLE,0.000000,0.386008,0,0,-1,-1,4989.422626,4989.422626,0.000000,0.000000,0
eilA101-2,config19,2,FOUND INTEGER FEASIBLE,0.000000,0.270983,0,0,-1,-1,4989.422626,4989.422626,0.000000,0.000000,0
eilA101-2,config19,3,FOUND INTEGER FEASIBLE,0.000000,0.263681,0,0,-1,-1,4989.422626,4989.422626,0.000000,0.000000,0
eilA101-2,config18,1,FOUND INTEGER FEASIBLE,0.000000,0.401838,0,0,-1,-1,4989.422626,4989.422626,0.000000,0.000000,0
eilA101-2,config18,2,FOUND INTEGER FEASIBLE,0.000000,0.256512,0,0,-1,-1,4989.422626,4989.422626,0.000000,0.000000,0
eilA101-2,config18,3,FOUND INTEGER FEASIBLE,0.000000,0.255197,0,0,-1,-1,4989.422626,4989.422626,0.000000,0.000000,0
enlight_hard,config1,1,FAILED TO FIND AN INTEGER FEASIBLE SOLUTION,0.000000,1.156189,2001,0,-1,-1,0.000000,0.000000,0.500000,0.500000,1
enlight_hard,config1,2,FAILED TO FIND AN INTEGER FEASIBLE SOLUTION,0.000000,1.539309,2001,0,-1,-1,0.000000,0.000000,0.500000,0.500000,1
enlight_hard,config1,3,FAILED TO FIND AN INTEGER FEASIBLE SOLUTION,0.000000,1.513913,2001,0,-1,-1,0.000000,0.000000,0.500000,0.500000,1
enlight_hard,config3,1,FAILED TO FIND AN INTEGER FEASIBLE SOLUTION,0.000000,1.553277,2001,0,-1,-1,0.000000,0.000000,0.500000,0.500000,1
enlight_hard,config3,2,FAILED TO FIND AN INTEGER FEASIBLE SOLUTION,0.000000,1.529636,2001,0,-1,-1,0.000000,0.000000,0.500000,0.500000,1
enlight_hard,config3,3,FAILED TO FIND AN INTEGER FEASIBLE SOLUTION,0.000000,1.498590,2001,0,-1,-1,0.000000,0.000000,0.500000,0.500000,1
enlight_hard,config20,1,FAILED TO FIND AN INTEGER FEASIBLE SOLUTION,0.000000,2.988522,2001,0,-1,-1,0.000000,0.000000,0.500000,0.500000,1
enlight_hard,config20,2,FAILED TO FIND AN INTEGER FEASIBLE SOLUTION,0.000000,2.985128,2001,0,-1,-1,0.000000,0.000000,0.500000,0.500000,1
enlight_hard,config20,3,FAILED TO FIND AN INTEGER FEASIBLE SOLUTION,0.000000,3.034095,2001,0,-1,-1,0.000000,0.000000,0.500000,0.500000,1
enlight_hard,config16,1,FAILED TO FIND AN INTEGER FEASIBLE SOLUTION,0.003860,1.224582,2005,2,2,1,0.000000,0.000000,0.500000,0.500000,1
enlight_hard,config16,2,FAILED TO FIND AN INTEGER FEASIBLE SOLUTION,0.002696,1.199241,2002,2,2,1,0.000000,0.000000,1.000000,1.000000,2
enlight_hard,config16,3,FAILED TO FIND AN INTEGER FEASIBLE SOLUTION,0.002616,1.223997,2003,2,2,1,0.000000,0.000000,1.000000,1.000000,2
enlight_hard,config17,1,FAILED TO FIND AN INTEGER FEASIBLE SOLUTION,0.003732,1.242861,2001,2,2,1,0.000000,0.000000,1.000000,1.000000,2
enlight_hard,config17,2,FAILED TO FIND AN INTEGER FEASIBLE SOLUTION,0.002292,1.023558,2001,2,2,1,0.000000,0.000000,1.000000,1.000000,2
enlight_hard,config17,3,FAILED TO FIND AN INTEGER FEASIBLE SOLUTION,0.002652,1.222309,2001,2,2,1,0.000000,0.000000,0.500000,0.500000,1
enlight_hard,config21,1,FAILED TO FIND AN INTEGER FEASIBLE SOLUTION,0.002561,1.220711,2001,2,2,2,0.000000,0.000000,0.500000,0.500000,1
enlight_hard,config21,2,FAILED TO FIND AN INTEGER FEASIBLE SOLUTION,0.003388,1.188260,2001,2,2,2,0.000000,0.000000,0.500000,0.500000,1
enlight_hard,config21,3,FAILED TO FIND AN INTEGER FEASIBLE SOLUTION,0.002751,0.922421,2001,2,2,2,0.000000,0.000000,0.500000,0.500000,1
enlight_hard,config23,1,FAILED TO FIND AN INTEGER FEASIBLE SOLUTION,0.002850,0.930552,2001,2,2,2,0.000000,0.000000,0.500000,0.500000,1
enlight_hard,config23,2,FAILED TO FIND AN INTEGER FEASIBLE SOLUTION,0.001796,0.908202,2001,2,2,2,0.000000,0.000000,0.500000,0.500000,1
enlight_hard,config23,3,FAILED TO FIND AN INTEGER FEASIBLE SOLUTION,0.002222,1.203616,2001,2,2,2,0.000000,0.000000,0.500000,0.500000,1
enlight_hard,config19,1,FOUND INTEGER FEASIBLE,0.000000,0.013348,0,0,-1,-1,37.000000,37.000000,0.000000,0.000000,0
enlight_hard,config19,2,FOUND INTEGER FEASIBLE,0.000000,0.014653,0,0,-1,-1,37.000000,37.000000,0.000000,0.000000,0
enlight_hard,config19,3,FOUND INTEGER FEASIBLE,0.000000,0.009649,0,0,-1,-1,37.000000,37.000000,0.000000,0.000000,0
enlight_hard,config18,1,FOUND INTEGER FEASIBLE,0.000000,0.014390,0,0,-1,-1,37.000000,37.000000,0.000000,0.000000,0
enlight_hard,config18,2,FOUND INTEGER FEASIBLE,0.000000,0.013662,0,0,-1,-1,37.000000,37.000000,0.000000,0.000000,0
enlight_hard,config18,3,FOUND INTEGER FEASIBLE,0.000000,0.010739,0,0,-1,-1,37.000000,37.000000,0.000000,0.000000,0
ex10,config1,1,FAILED TO FIND AN INTEGER FEASIBLE SOLUTION,0.000000,3600,1,0,-1,-1,0.000000,0.000000,17680.000000,100000000000000000000.000000,17680
ex10,config1,2,FAILED TO FIND AN INTEGER FEASIBLE SOLUTION,0.000000,3600,1,0,-1,-1,0.000000,0.000000,17680.000000,100000000000000000000.000000,17680
ex10,config1,3,FAILED TO FIND AN INTEGER FEASIBLE SOLUTION,0.000000,3600,1,0,-1,-1,0.000000,0.000000,17680.000000,100000000000000000000.000000,17680
ex10,config3,1,FAILED TO FIND AN INTEGER FEASIBLE SOLUTION,0.000000,3600,1,0,-1,-1,0.000000,0.000000,17680.000000,100000000000000000000.000000,17680
ex10,config3,2,FAILED TO FIND AN INTEGER FEASIBLE SOLUTION,0.000000,3600,1,0,-1,-1,0.000000,0.000000,17680.000000,100000000000000000000.000000,17680
ex10,config3,3,FAILED TO FIND AN INTEGER FEASIBLE SOLUTION,0.000000,3600,1,0,-1,-1,0.000000,0.000000,17680.000000,100000000000000000000.000000,17680
ex10,config20,1,FAILED TO FIND AN INTEGER FEASIBLE SOLUTION,0.000000,3600,1,0,-1,-1,0.000000,0.000000,17680.000000,100000000000000000000.000000,17680
ex10,config20,2,FAILED TO FIND AN INTEGER FEASIBLE SOLUTION,0.000000,3600,1,0,-1,-1,0.000000,0.000000,17680.000000,100000000000000000000.000000,17680
ex10,config20,3,FAILED TO FIND AN INTEGER FEASIBLE SOLUTION,0.000000,3600,1,0,-1,-1,0.000000,0.000000,17680.000000,100000000000000000000.000000,17680
ex10,config16,1,FAILED TO FIND AN INTEGER FEASIBLE SOLUTION,3598.136033,3600,0,10,-1,-1,0.000000,0.000000,17680.000000,100000000000000000000.000000,17680
ex10,config16,2,FAILED TO FIND AN INTEGER FEASIBLE SOLUTION,3598.116728,3600,0,10,-1,-1,0.000000,0.000000,17680.000000,100000000000000000000.000000,17680
ex10,config16,3,FAILED TO FIND AN INTEGER FEASIBLE SOLUTION,3597.964261,3600,0,10,-1,-1,0.000000,0.000000,17680.000000,100000000000000000000.000000,17680
ex10,config17,1,FAILED TO FIND AN INTEGER FEASIBLE SOLUTION,3597.794135,3600,0,10,-1,-1,0.000000,0.000000,17680.000000,100000000000000000000.000000,17680
ex10,config17,2,FAILED TO FIND AN INTEGER FEASIBLE SOLUTION,3597.999752,3600,0,10,-1,-1,0.000000,0.000000,17680.000000,100000000000000000000.000000,17680
ex10,config17,3,FAILED TO FIND AN INTEGER FEASIBLE SOLUTION,3597.652579,3600,0,10,-1,-1,0.000000,0.000000,17680.000000,100000000000000000000.000000,17680
ex10,config21,1,FAILED TO FIND AN INTEGER FEASIBLE SOLUTION,3598.098394,3600,0,10,-1,-1,0.000000,0.000000,17680.000000,100000000000000000000.000000,17680
ex10,config21,2,FAILED TO FIND AN INTEGER FEASIBLE SOLUTION,3598.545399,3600,0,10,-1,-1,0.000000,0.000000,17680.000000,100000000000000000000.000000,17680
ex10,config21,3,FAILED TO FIND AN INTEGER FEASIBLE SOLUTION,3597.974834,3600,0,10,-1,-1,0.000000,0.000000,17680.000000,100000000000000000000.000000,17680
ex10,config23,1,FAILED TO FIND AN INTEGER FEASIBLE SOLUTION,3597.723448,3600,0,10,-1,-1,0.000000,0.000000,17680.000000,100000000000000000000.000000,17680
ex10,config23,2,FAILED TO FIND AN INTEGER FEASIBLE SOLUTION,3599.108222,3600,0,10,-1,-1,0.000000,0.000000,17680.000000,100000000000000000000.000000,17680
ex10,config23,3,FAILED TO FIND AN INTEGER FEASIBLE SOLUTION,3599.419278,3600,0,10,-1,-1,0.000000,0.000000,17680.000000,100000000000000000000.000000,17680
ex10,config19,1,FOUND INTEGER FEASIBLE,0.000000,16.114695,0,0,-1,-1,100.000000,100.000000,0.000000,0.000000,0
ex10,config19,2,FOUND INTEGER FEASIBLE,0.000000,15.952442,0,0,-1,-1,100.000000,100.000000,0.000000,0.000000,0
ex10,config19,3,FOUND INTEGER FEASIBLE,0.000000,16.051423,0,0,-1,-1,100.000000,100.000000,0.000000,0.000000,0
ex10,config18,1,FOUND INTEGER FEASIBLE,0.000000,16.367496,0,0,-1,-1,100.000000,100.000000,0.000000,0.000000,0
ex10,config18,2,FOUND INTEGER FEASIBLE,0.000000,15.206709,0,0,-1,-1,100.000000,100.000000,0.000000,0.000000,0
ex10,config18,3,FOUND INTEGER FEASIBLE,0.000000,16.344893,0,0,-1,-1,100.000000,100.000000,0.000000,0.000000,0
ex9,config1,1,FAILED TO FIND AN INTEGER FEASIBLE SOLUTION,0.000000,3600,12,0,-1,-1,0.000000,0.000000,69.308491,70.889710,1570
ex9,config1,2,FAILED TO FIND AN INTEGER FEASIBLE SOLUTION,0.000000,3600,14,0,-1,-1,0.000000,0.000000,69.602136,70.721084,1687
ex9,config1,3,FAILED TO FIND AN INTEGER FEASIBLE SOLUTION,0.000000,3600,13,0,-1,-1,0.000000,0.000000,75.808926,74.557054,1606
ex9,config3,1,FAILED TO FIND AN INTEGER FEASIBLE SOLUTION,0.000000,3600,7,0,-1,-1,0.000000,0.000000,71.469004,72.935486,1805
ex9,config3,2,FAILED TO FIND AN INTEGER FEASIBLE SOLUTION,0.000000,3600,7,0,-1,-1,0.000000,0.000000,71.469004,72.935486,1805
ex9,config3,3,FAILED TO FIND AN INTEGER FEASIBLE SOLUTION,0.000000,3600,7,0,-1,-1,0.000000,0.000000,71.469004,72.935486,1805
ex9,config20,1,FOUND INTEGER FEASIBLE,0.000000,1448.845467,7,0,-1,-1,81.000000,81.000000,0.000000,0.000000,0
ex9,config20,2,FOUND INTEGER FEASIBLE,0.000000,1452.603937,7,0,-1,-1,81.000000,81.000000,0.000000,0.000000,0
ex9,config20,3,FOUND INTEGER FEASIBLE,0.000000,1427.659262,7,0,-1,-1,81.000000,81.000000,0.000000,0.000000,0
ex9,config16,1,FAILED TO FIND AN INTEGER FEASIBLE SOLUTION,1676.538855,3600,2,9,9,-1,0.000000,0.000000,10404.000000,100000000000000000000.000000,10404
ex9,config16,2,FAILED TO FIND AN INTEGER FEASIBLE SOLUTION,1718.018642,3600,2,9,9,-1,0.000000,0.000000,10404.000000,100000000000000000000.000000,10404
ex9,config16,3,FAILED TO FIND AN INTEGER FEASIBLE SOLUTION,1703.025766,3600,2,9,9,-1,0.000000,0.000000,10404.000000,100000000000000000000.000000,10404
ex9,config17,1,FAILED TO FIND AN INTEGER FEASIBLE SOLUTION,1631.158678,3600,29,9,9,0,0.000000,0.000000,71.829675,71.652632,1821
ex9,config17,2,FAILED TO FIND AN INTEGER FEASIBLE SOLUTION,1615.973340,3600,20,9,9,3,0.000000,0.000000,77.485467,73.668668,1692
ex9,config17,3,FAILED TO FIND AN INTEGER FEASIBLE SOLUTION,1652.218896,3600,19,9,9,3,0.000000,0.000000,77.485467,73.668668,1692
ex9,config21,1,FOUND INTEGER FEASIBLE,142.048359,2449.745080,15,5,4,1,81.000000,81.000000,0.000000,0.000000,0
ex9,config21,2,FOUND INTEGER FEASIBLE,139.573281,2448.649093,15,5,4,1,81.000000,81.000000,0.000000,0.000000,0
ex9,config21,3,FOUND INTEGER FEASIBLE,143.738552,2449.876572,15,5,4,1,81.000000,81.000000,0.000000,0.000000,0
ex9,config23,1,FAILED TO FIND AN INTEGER FEASIBLE SOLUTION,138.103775,3600,26,5,5,1,0.000000,0.000000,73.729323,73.192896,1844
ex9,config23,2,FAILED TO FIND AN INTEGER FEASIBLE SOLUTION,146.831789,3600,26,5,5,1,0.000000,0.000000,73.729323,73.192896,1844
ex9,config23,3,FAILED TO FIND AN INTEGER FEASIBLE SOLUTION,143.863924,3600,26,5,5,1,0.000000,0.000000,73.729323,73.192896,1844
ex9,config19,1,FOUND INTEGER FEASIBLE,0.000000,2.493604,0,0,-1,-1,81.000000,81.000000,0.000000,0.000000,0
ex9,config19,2,FOUND INTEGER FEASIBLE,0.000000,3.136416,0,0,-1,-1,81.000000,81.000000,0.000000,0.000000,0
ex9,config19,3,FOUND INTEGER FEASIBLE,0.000000,3.095767,0,0,-1,-1,81.000000,81.000000,0.000000,0.000000,0
ex9,config18,1,FOUND INTEGER FEASIBLE,0.000000,2.924036,0,0,-1,-1,81.000000,81.000000,0.000000,0.000000,0
ex9,config18,2,FOUND INTEGER FEASIBLE,0.000000,3.125653,0,0,-1,-1,81.000000,81.000000,0.000000,0.000000,0
ex9,config18,3,FOUND INTEGER FEASIBLE,0.000000,3.138407,0,0,-1,-1,81.000000,81.000000,0.000000,0.000000,0
exp-1-500-5-5,config1,1,FOUND INTEGER FEASIBLE,0.000000,0.023723,3,0,-1,-1,156799.000000,154744.000000,0.000000,0.000000,0
exp-1-500-5-5,config1,2,FOUND INTEGER FEASIBLE,0.000000,0.017613,3,0,-1,-1,175329.000000,175295.000000,0.000000,0.000000,0
exp-1-500-5-5,config1,3,FOUND INTEGER FEASIBLE,0.000000,0.020487,3,0,-1,-1,140369.000000,139083.000000,0.000000,0.000000,0
exp-1-500-5-5,config3,1,FOUND INTEGER FEASIBLE,0.000000,0.013424,0,0,-1,-1,215730.000000,215730.000000,0.000000,0.000000,0
exp-1-500-5-5,config3,2,FOUND INTEGER FEASIBLE,0.000000,0.013892,0,0,-1,-1,215730.000000,215730.000000,0.000000,0.000000,0
exp-1-500-5-5,config3,3,FOUND INTEGER FEASIBLE,0.000000,0.010842,0,0,-1,-1,215730.000000,215730.000000,0.000000,0.000000,0
exp-1-500-5-5,config20,1,FOUND INTEGER FEASIBLE,0.000000,0.016914,0,0,-1,-1,423478.000000,244518.000000,0.000000,0.000000,0
exp-1-500-5-5,config20,2,FOUND INTEGER FEASIBLE,0.000000,0.014807,0,0,-1,-1,423478.000000,244518.000000,0.000000,0.000000,0
exp-1-500-5-5,config20,3,FOUND INTEGER FEASIBLE,0.000000,0.015133,0,0,-1,-1,423478.000000,244518.000000,0.000000,0.000000,0
exp-1-500-5-5,config16,1,FOUND INTEGER FEASIBLE,0.006558,0.029416,3,9,0,0,131821.000000,130722.000000,0.000000,0.000000,0
exp-1-500-5-5,config16,2,FOUND INTEGER FEASIBLE,0.007473,0.033004,3,9,0,0,151455.000000,150184.000000,0.000000,0.000000,0
exp-1-500-5-5,config16,3,FOUND INTEGER FEASIBLE,0.007301,0.031493,3,9,0,0,129229.000000,128725.000000,0.000000,0.000000,0
exp-1-500-5-5,config17,1,FOUND INTEGER FEASIBLE,0.003401,0.020155,0,0,0,0,215730.000000,215730.000000,0.000000,0.000000,0
exp-1-500-5-5,config17,2,FOUND INTEGER FEASIBLE,0.003421,0.020277,0,0,0,0,215730.000000,215730.000000,0.000000,0.000000,0
exp-1-500-5-5,config17,3,FOUND INTEGER FEASIBLE,0.002836,0.018199,0,0,0,0,215730.000000,215730.000000,0.000000,0.000000,0
exp-1-500-5-5,config21,1,FOUND INTEGER FEASIBLE,0.004614,0.021307,0,0,0,0,423478.000000,244518.000000,0.000000,0.000000,0
exp-1-500-5-5,config21,2,FOUND INTEGER FEASIBLE,0.003488,0.017409,0,0,0,0,423478.000000,244518.000000,0.000000,0.000000,0
exp-1-500-5-5,config21,3,FOUND INTEGER FEASIBLE,0.004488,0.022184,0,0,0,0,423478.000000,244518.000000,0.000000,0.000000,0
exp-1-500-5-5,config23,1,FOUND INTEGER FEASIBLE,0.004794,0.021544,0,0,0,0,215730.000000,215730.000000,0.000000,0.000000,0
exp-1-500-5-5,config23,2,FOUND INTEGER FEASIBLE,0.004470,0.021182,0,0,0,0,215730.000000,215730.000000,0.000000,0.000000,0
exp-1-500-5-5,config23,3,FOUND INTEGER FEASIBLE,0.004490,0.021361,0,0,0,0,215730.000000,215730.000000,0.000000,0.000000,0
exp-1-500-5-5,config19,1,FOUND INTEGER FEASIBLE,0.000000,0.014528,0,0,-1,-1,469193.000000,185936.000000,0.000000,0.000000,0
exp-1-500-5-5,config19,2,FOUND INTEGER FEASIBLE,0.000000,0.011398,0,0,-1,-1,469193.000000,185936.000000,0.000000,0.000000,0
exp-1-500-5-5,config19,3,FOUND INTEGER FEASIBLE,0.000000,0.011072,0,0,-1,-1,469193.000000,185936.000000,0.000000,0.000000,0
exp-1-500-5-5,config18,1,FOUND INTEGER FEASIBLE,0.000000,0.014090,0,0,-1,-1,469193.000000,185936.000000,0.000000,0.000000,0
exp-1-500-5-5,config18,2,FOUND INTEGER FEASIBLE,0.000000,0.012433,0,0,-1,-1,469193.000000,185936.000000,0.000000,0.000000,0
exp-1-500-5-5,config18,3,FOUND INTEGER FEASIBLE,0.000000,0.011100,0,0,-1,-1,469193.000000,185936.000000,0.000000,0.000000,0
fast0507,config1,1,FOUND INTEGER FEASIBLE,0.000000,2.208855,1,0,-1,-1,204.000000,204.000000,0.000000,0.000000,0
fast0507,config1,2,FOUND INTEGER FEASIBLE,0.000000,2.011987,1,0,-1,-1,196.000000,196.000000,0.000000,0.000000,0
fast0507,config1,3,FOUND INTEGER FEASIBLE,0.000000,2.114400,1,0,-1,-1,265.000000,265.000000,0.000000,0.000000,0
fast0507,config3,1,FOUND INTEGER FEASIBLE,0.000000,2.558147,1,0,-1,-1,223.000000,223.000000,0.000000,0.000000,0
fast0507,config3,2,FOUND INTEGER FEASIBLE,0.000000,2.678179,1,0,-1,-1,215.000000,215.000000,0.000000,0.000000,0
fast0507,config3,3,FOUND INTEGER FEASIBLE,0.000000,2.657759,1,0,-1,-1,312.000000,312.000000,0.000000,0.000000,0
fast0507,config20,1,FOUND INTEGER FEASIBLE,0.000000,0.522777,0,0,-1,-1,39777.000000,39777.000000,0.000000,0.000000,0
fast0507,config20,2,FOUND INTEGER FEASIBLE,0.000000,0.938155,0,0,-1,-1,39777.000000,39777.000000,0.000000,0.000000,0
fast0507,config20,3,FOUND INTEGER FEASIBLE,0.000000,0.922909,0,0,-1,-1,39777.000000,39777.000000,0.000000,0.000000,0
fast0507,config16,1,FOUND INTEGER FEASIBLE,0.892453,1.774595,1,11,0,0,207.000000,207.000000,0.000000,0.000000,0
fast0507,config16,2,FOUND INTEGER FEASIBLE,0.914976,1.759122,1,11,0,0,206.000000,206.000000,0.000000,0.000000,0
fast0507,config16,3,FOUND INTEGER FEASIBLE,0.892280,1.764499,1,11,0,0,235.000000,235.000000,0.000000,0.000000,0
fast0507,config17,1,FOUND INTEGER FEASIBLE,1.587367,2.431084,1,11,0,0,241.000000,241.000000,0.000000,0.000000,0
fast0507,config17,2,FOUND INTEGER FEASIBLE,1.603615,2.470978,1,11,0,0,217.000000,217.000000,0.000000,0.000000,0
fast0507,config17,3,FOUND INTEGER FEASIBLE,0.989796,1.420966,1,11,0,0,241.000000,241.000000,0.000000,0.000000,0
fast0507,config21,1,FOUND INTEGER FEASIBLE,0.009948,0.754001,0,0,0,0,39727.000000,39727.000000,0.000000,0.000000,0
fast0507,config21,2,FOUND INTEGER FEASIBLE,0.013252,0.984083,0,0,0,0,39727.000000,39727.000000,0.000000,0.000000,0
fast0507,config21,3,FOUND INTEGER FEASIBLE,0.013214,1.005120,0,0,0,0,39727.000000,39727.000000,0.000000,0.000000,0
fast0507,config23,1,FOUND INTEGER FEASIBLE,0.013612,2.483965,1,0,0,0,222.000000,222.000000,0.000000,0.000000,0
fast0507,config23,2,FOUND INTEGER FEASIBLE,0.013268,3.155249,1,0,0,0,212.000000,212.000000,0.000000,0.000000,0
fast0507,config23,3,FOUND INTEGER FEASIBLE,0.013231,2.447116,1,0,0,0,309.000000,309.000000,0.000000,0.000000,0
fast0507,config19,1,FOUND INTEGER FEASIBLE,0.000000,0.126858,0,0,-1,-1,122425.000000,122425.000000,0.000000,0.000000,0
fast0507,config19,2,FOUND INTEGER FEASIBLE,0.000000,0.154128,0,0,-1,-1,122425.000000,122425.000000,0.000000,0.000000,0
fast0507,config19,3,FOUND INTEGER FEASIBLE,0.000000,0.117026,0,0,-1,-1,122425.000000,122425.000000,0.000000,0.000000,0
fast0507,config18,1,FOUND INTEGER FEASIBLE,0.000000,0.226274,0,0,-1,-1,122425.000000,122425.000000,0.000000,0.000000,0
fast0507,config18,2,FOUND INTEGER FEASIBLE,0.000000,0.150872,0,0,-1,-1,122425.000000,122425.000000,0.000000,0.000000,0
fast0507,config18,3,FOUND INTEGER FEASIBLE,0.000000,0.152933,0,0,-1,-1,122425.000000,122425.000000,0.000000,0.000000,0
fastxgemm-n2r6s0t2,config1,1,FOUND INTEGER FEASIBLE,0.000000,0.093621,2,0,-1,-1,2633.000000,2633.000000,0.000000,0.000000,0
fastxgemm-n2r6s0t2,config1,2,FOUND INTEGER FEASIBLE,0.000000,0.153364,8,0,-1,-1,3333.000000,2933.000000,0.000000,0.000000,0
fastxgemm-n2r6s0t2,config1,3,FOUND INTEGER FEASIBLE,0.000000,0.092495,2,0,-1,-1,2036.000000,2036.000000,0.000000,0.000000,0
fastxgemm-n2r6s0t2,config3,1,FOUND INTEGER FEASIBLE,0.000000,0.083185,1,0,-1,-1,4372.720000,3527.000000,0.000000,0.000000,0
fastxgemm-n2r6s0t2,config3,2,FOUND INTEGER FEASIBLE,0.000000,0.134036,6,0,-1,-1,4172.720000,3833.000000,0.000000,0.000000,0
fastxgemm-n2r6s0t2,config3,3,FOUND INTEGER FEASIBLE,0.000000,0.083295,1,0,-1,-1,5372.720000,3830.000000,0.000000,0.000000,0
fastxgemm-n2r6s0t2,config20,1,FOUND INTEGER FEASIBLE,0.000000,0.091294,1,0,-1,-1,5072.720000,872.000000,0.000000,0.000000,0
fastxgemm-n2r6s0t2,config20,2,FOUND INTEGER FEASIBLE,0.000000,0.055125,1,0,-1,-1,4772.720000,866.000000,0.000000,0.000000,0
fastxgemm-n2r6s0t2,config20,3,FOUND INTEGER FEASIBLE,0.000000,0.085898,1,0,-1,-1,4872.720000,872.000000,0.000000,0.000000,0
fastxgemm-n2r6s0t2,config16,1,FOUND INTEGER FEASIBLE,0.027096,0.122369,12,4,0,0,2927.000000,2927.000000,0.000000,0.000000,0
fastxgemm-n2r6s0t2,config16,2,FOUND INTEGER FEASIBLE,0.024446,0.094077,3,4,0,0,2327.000000,2327.000000,0.000000,0.000000,0
fastxgemm-n2r6s0t2,config16,3,FOUND INTEGER FEASIBLE,0.026499,0.114097,10,4,0,0,2930.000000,2930.000000,0.000000,0.000000,0
fastxgemm-n2r6s0t2,config17,1,FOUND INTEGER FEASIBLE,0.021410,0.082713,1,2,0,0,6172.720000,2327.000000,0.000000,0.000000,0
fastxgemm-n2r6s0t2,config17,2,FOUND INTEGER FEASIBLE,0.021763,0.082784,1,2,0,0,6172.720000,2327.000000,0.000000,0.000000,0
fastxgemm-n2r6s0t2,config17,3,FOUND INTEGER FEASIBLE,0.021782,0.090496,1,2,0,0,6172.720000,2327.000000,0.000000,0.000000,0
fastxgemm-n2r6s0t2,config21,1,FOUND INTEGER FEASIBLE,0.021026,0.084165,3,4,0,0,4272.660000,2630.000000,0.000000,0.000000,0
fastxgemm-n2r6s0t2,config21,2,FOUND INTEGER FEASIBLE,0.020895,0.075924,1,4,0,0,4272.660000,2933.000000,0.000000,0.000000,0
fastxgemm-n2r6s0t2,config21,3,FOUND INTEGER FEASIBLE,0.021148,0.077219,3,4,0,0,4272.660000,2933.000000,0.000000,0.000000,0
fastxgemm-n2r6s0t2,config23,1,FOUND INTEGER FEASIBLE,0.020998,0.078718,5,4,0,0,3972.660000,2030.000000,0.000000,0.000000,0
fastxgemm-n2r6s0t2,config23,2,FOUND INTEGER FEASIBLE,0.021165,0.086312,7,4,0,0,4572.660000,2027.000000,0.000000,0.000000,0
fastxgemm-n2r6s0t2,config23,3,FOUND INTEGER FEASIBLE,0.020936,0.084522,5,4,0,0,4572.660000,2927.000000,0.000000,0.000000,0
fastxgemm-n2r6s0t2,config19,1,FOUND INTEGER FEASIBLE,0.000000,0.059664,0,0,-1,-1,2072.450000,2027.000000,0.000000,0.000000,0
fastxgemm-n2r6s0t2,config19,2,FOUND INTEGER FEASIBLE,0.000000,0.032971,0,0,-1,-1,2072.450000,2027.000000,0.000000,0.000000,0
fastxgemm-n2r6s0t2,config19,3,FOUND INTEGER FEASIBLE,0.000000,0.053555,0,0,-1,-1,2072.450000,2027.000000,0.000000,0.000000,0
fastxgemm-n2r6s0t2,config18,1,FOUND INTEGER FEASIBLE,0.000000,0.059916,0,0,-1,-1,2072.450000,2027.000000,0.000000,0.000000,0
fastxgemm-n2r6s0t2,config18,2,FOUND INTEGER FEASIBLE,0.000000,0.069737,0,0,-1,-1,2072.450000,2027.000000,0.000000,0.000000,0
fastxgemm-n2r6s0t2,config18,3,FOUND INTEGER FEASIBLE,0.000000,0.031524,0,0,-1,-1,2072.450000,2027.000000,0.000000,0.000000,0
fhnw-binpack4-48,config1,1,FAILED TO FIND AN INTEGER FEASIBLE SOLUTION,0.000000,115.357672,12000,0,-1,-1,0.000000,0.000000,1.572143,1.572143,26
fhnw-binpack4-48,config1,2,FAILED TO FIND AN INTEGER FEASIBLE SOLUTION,0.000000,109.919826,12000,0,-1,-1,0.000000,0.000000,1.618889,1.618889,22
fhnw-binpack4-48,config1,3,FAILED TO FIND AN INTEGER FEASIBLE SOLUTION,0.000000,113.150918,12000,0,-1,-1,0.000000,0.000000,1.717778,1.717778,32
fhnw-binpack4-48,config3,1,FAILED TO FIND AN INTEGER FEASIBLE SOLUTION,0.000000,116.859230,12000,0,-1,-1,0.000000,0.000000,2.222857,2.222857,22
fhnw-binpack4-48,config3,2,FAILED TO FIND AN INTEGER FEASIBLE SOLUTION,0.000000,123.246644,12000,0,-1,-1,0.000000,0.000000,1.680000,1.680000,20
fhnw-binpack4-48,config3,3,FAILED TO FIND AN INTEGER FEASIBLE SOLUTION,0.000000,111.157193,12000,0,-1,-1,0.000000,0.000000,1.410714,1.410714,18
fhnw-binpack4-48,config20,1,FAILED TO FIND AN INTEGER FEASIBLE SOLUTION,0.000000,42.946653,12000,0,-1,-1,0.000000,0.000000,1.920000,1.920000,26
fhnw-binpack4-48,config20,2,FAILED TO FIND AN INTEGER FEASIBLE SOLUTION,0.000000,44.650946,12000,0,-1,-1,0.000000,0.000000,2.136349,2.136349,36
fhnw-binpack4-48,config20,3,FAILED TO FIND AN INTEGER FEASIBLE SOLUTION,0.000000,42.896212,12000,0,-1,-1,0.000000,0.000000,3.167500,3.167500,42
fhnw-binpack4-48,config16,1,FAILED TO FIND AN INTEGER FEASIBLE SOLUTION,0.494048,28.890207,12000,6,6,0,0.000000,0.000000,1.580714,1.580714,20
fhnw-binpack4-48,config16,2,FAILED TO FIND AN INTEGER FEASIBLE SOLUTION,0.485387,29.746968,12000,6,6,0,0.000000,0.000000,0.880000,0.880000,12
fhnw-binpack4-48,config16,3,FAILED TO FIND AN INTEGER FEASIBLE SOLUTION,0.485756,30.742298,12000,6,6,0,0.000000,0.000000,0.740000,0.740000,8
fhnw-binpack4-48,config17,1,FAILED TO FIND AN INTEGER FEASIBLE SOLUTION,0.612651,29.090541,12000,3,3,0,0.000000,0.000000,2.258824,1.129412,22
fhnw-binpack4-48,config17,2,FAILED TO FIND AN INTEGER FEASIBLE SOLUTION,0.607986,30.237512,12000,3,3,0,0.000000,0.000000,0.900000,0.900000,12
fhnw-binpack4-48,config17,3,FAILED TO FIND AN INTEGER FEASIBLE SOLUTION,0.458620,31.866496,12000,3,3,0,0.000000,0.000000,0.942857,0.942857,8
fhnw-binpack4-48,config21,1,FAILED TO FIND AN INTEGER FEASIBLE SOLUTION,0.348248,30.564408,12000,7,7,0,0.000000,0.000000,0.160714,0.160714,4
fhnw-binpack4-48,config21,2,FOUND INTEGER FEASIBLE,0.351862,15.184242,5680,7,7,0,0.000000,0.000000,0.000000,0.000000,0
fhnw-binpack4-48,config21,3,FAILED TO FIND AN INTEGER FEASIBLE SOLUTION,0.359141,31.306521,12000,7,7,0,0.000000,0.000000,0.060000,0.060000,2
fhnw-binpack4-48,config23,1,FAILED TO FIND AN INTEGER FEASIBLE SOLUTION,0.263034,29.835981,12000,7,7,0,0.000000,0.000000,0.300000,0.300000,4
fhnw-binpack4-48,config23,2,FOUND INTEGER FEASIBLE,0.261053,0.585779,262,7,1,0,0.000000,0.000000,0.000000,0.000000,0
fhnw-binpack4-48,config23,3,FOUND INTEGER FEASIBLE,0.350785,1.879563,867,7,7,0,0.000000,0.000000,0.000000,0.000000,0
fhnw-binpack4-48,config19,1,FOUND INTEGER FEASIBLE,0.000000,809.925206,0,0,-1,-1,0.000000,0.000000,0.000000,0.000000,0
fhnw-binpack4-48,config19,2,FOUND INTEGER FEASIBLE,0.000000,807.096947,0,0,-1,-1,0.000000,0.000000,0.000000,0.000000,0
fhnw-binpack4-48,config19,3,FOUND INTEGER FEASIBLE,0.000000,806.094203,0,0,-1,-1,0.000000,0.000000,0.000000,0.000000,0
fhnw-binpack4-48,config18,1,FOUND INTEGER FEASIBLE,0.000000,431.244977,0,0,-1,-1,0.000000,0.000000,0.000000,0.000000,0
fhnw-binpack4-48,config18,2,FOUND INTEGER FEASIBLE,0.000000,432.983424,0,0,-1,-1,0.000000,0.000000,0.000000,0.000000,0
fhnw-binpack4-48,config18,3,FOUND INTEGER FEASIBLE,0.000000,432.298890,0,0,-1,-1,0.000000,0.000000,0.000000,0.000000,0
fiball,config1,1,FOUND INTEGER FEASIBLE,0.000000,0.980146,6,0,-1,-1,211.000000,211.000000,0.000000,0.000000,0
fiball,config1,2,FOUND INTEGER FEASIBLE,0.000000,0.947768,6,0,-1,-1,191.000000,191.000000,0.000000,0.000000,0
fiball,config1,3,FOUND INTEGER FEASIBLE,0.000000,0.768274,6,0,-1,-1,183.000000,183.000000,0.000000,0.000000,0
fiball,config3,1,FOUND INTEGER FEASIBLE,0.000000,1.247654,13,0,-1,-1,442.000000,442.000000,0.000000,0.000000,0
fiball,config3,2,FOUND INTEGER FEASIBLE,0.000000,1.065507,11,0,-1,-1,419.000000,419.000000,0.000000,0.000000,0
fiball,config3,3,FOUND INTEGER FEASIBLE,0.000000,0.905109,6,0,-1,-1,416.000000,416.000000,0.000000,0.000000,0
fiball,config20,1,FOUND INTEGER FEASIBLE,0.000000,0.545398,3,0,-1,-1,646.000000,646.000000,0.000000,0.000000,0
fiball,config20,2,FOUND INTEGER FEASIBLE,0.000000,1.221580,5,0,-1,-1,645.000000,645.000000,0.000000,0.000000,0
fiball,config20,3,FOUND INTEGER FEASIBLE,0.000000,1.146486,4,0,-1,-1,637.000000,637.000000,0.000000,0.000000,0
fiball,config16,1,FOUND INTEGER FEASIBLE,0.148417,1.052490,4,7,0,0,217.000000,217.000000,0.000000,0.000000,0
fiball,config16,2,FOUND INTEGER FEASIBLE,0.147115,1.019088,6,7,0,0,194.000000,194.000000,0.000000,0.000000,0
fiball,config16,3,FOUND INTEGER FEASIBLE,0.147313,1.024024,4,7,0,0,191.000000,191.000000,0.000000,0.000000,0
fiball,config17,1,FOUND INTEGER FEASIBLE,0.130667,0.935496,5,11,0,0,359.000000,359.000000,0.000000,0.000000,0
fiball,config17,2,FOUND INTEGER FEASIBLE,0.097340,0.761867,8,11,0,0,351.000000,351.000000,0.000000,0.000000,0
fiball,config17,3,FOUND INTEGER FEASIBLE,0.097077,0.838579,12,11,0,0,287.000000,287.000000,0.000000,0.000000,0
fiball,config21,1,FOUND INTEGER FEASIBLE,0.141078,1.349767,13,9,0,0,651.000000,651.000000,0.000000,0.000000,0
fiball,config21,2,FOUND INTEGER FEASIBLE,0.139427,1.100998,9,9,0,0,698.000000,698.000000,0.000000,0.000000,0
fiball,config21,3,FOUND INTEGER FEASIBLE,0.140798,1.157159,12,9,0,0,685.000000,685.000000,0.000000,0.000000,0
fiball,config23,1,FOUND INTEGER FEASIBLE,0.138984,0.939148,3,9,0,0,386.000000,386.000000,0.000000,0.000000,0
fiball,config23,2,FOUND INTEGER FEASIBLE,0.141476,1.095910,9,9,0,0,377.000000,377.000000,0.000000,0.000000,0
fiball,config23,3,FOUND INTEGER FEASIBLE,0.140236,1.246024,14,9,0,0,356.000000,356.000000,0.000000,0.000000,0
fiball,config19,1,FOUND INTEGER FEASIBLE,0.000000,0.469922,0,0,-1,-1,2150.000000,2150.000000,0.000000,0.000000,0
fiball,config19,2,FOUND INTEGER FEASIBLE,0.000000,0.438418,0,0,-1,-1,2150.000000,2150.000000,0.000000,0.000000,0
fiball,config19,3,FOUND INTEGER FEASIBLE,0.000000,0.428970,0,0,-1,-1,2150.000000,2150.000000,0.000000,0.000000,0
fiball,config18,1,FOUND INTEGER FEASIBLE,0.000000,0.472010,0,0,-1,-1,2150.000000,2150.000000,0.000000,0.000000,0
fiball,config18,2,FOUND INTEGER FEASIBLE,0.000000,0.423710,0,0,-1,-1,2150.000000,2150.000000,0.000000,0.000000,0
fiball,config18,3,FOUND INTEGER FEASIBLE,0.000000,0.427196,0,0,-1,-1,2150.000000,2150.000000,0.000000,0.000000,0
gen-ip002,config1,1,FOUND INTEGER FEASIBLE,0.000000,0.008256,1,0,-1,-1,-3995.658806,-3995.658806,0.000000,0.000000,0
gen-ip002,config1,2,FOUND INTEGER FEASIBLE,0.000000,0.009094,1,0,-1,-1,-4341.322309,-4341.322309,0.000000,0.000000,0
gen-ip002,config1,3,FOUND INTEGER FEASIBLE,0.000000,0.009867,1,0,-1,-1,-3972.843049,-3972.843049,0.000000,0.000000,0
gen-ip002,config3,1,FOUND INTEGER FEASIBLE,0.000000,0.004503,0,0,-1,-1,0.000000,0.000000,0.000000,0.000000,0
gen-ip002,config3,2,FOUND INTEGER FEASIBLE,0.000000,0.004323,0,0,-1,-1,0.000000,0.000000,0.000000,0.000000,0
gen-ip002,config3,3,FOUND INTEGER FEASIBLE,0.000000,0.003591,0,0,-1,-1,0.000000,0.000000,0.000000,0.000000,0
gen-ip002,config20,1,FOUND INTEGER FEASIBLE,0.000000,0.006244,0,0,-1,-1,0.000000,0.000000,0.000000,0.000000,0
gen-ip002,config20,2,FOUND INTEGER FEASIBLE,0.000000,0.007804,0,0,-1,-1,0.000000,0.000000,0.000000,0.000000,0
gen-ip002,config20,3,FOUND INTEGER FEASIBLE,0.000000,0.006036,0,0,-1,-1,0.000000,0.000000,0.000000,0.000000,0
gen-ip002,config16,1,FOUND INTEGER FEASIBLE,0.000002,0.008663,1,0,0,0,-3995.658806,-3995.658806,0.000000,0.000000,0
gen-ip002,config16,2,FOUND INTEGER FEASIBLE,0.000002,0.010291,1,0,0,0,-4341.322309,-4341.322309,0.000000,0.000000,0
gen-ip002,config16,3,FOUND INTEGER FEASIBLE,0.000002,0.010637,1,0,0,0,-3972.843049,-3972.843049,0.000000,0.000000,0
gen-ip002,config17,1,FOUND INTEGER FEASIBLE,0.000001,0.006459,0,0,0,0,0.000000,0.000000,0.000000,0.000000,0
gen-ip002,config17,2,FOUND INTEGER FEASIBLE,0.000001,0.006037,0,0,0,0,0.000000,0.000000,0.000000,0.000000,0
gen-ip002,config17,3,FOUND INTEGER FEASIBLE,0.000001,0.006105,0,0,0,0,0.000000,0.000000,0.000000,0.000000,0
gen-ip002,config21,1,FOUND INTEGER FEASIBLE,0.000001,0.005016,0,0,0,0,0.000000,0.000000,0.000000,0.000000,0
gen-ip002,config21,2,FOUND INTEGER FEASIBLE,0.000001,0.008080,0,0,0,0,0.000000,0.000000,0.000000,0.000000,0
gen-ip002,config21,3,FOUND INTEGER FEASIBLE,0.000001,0.005983,0,0,0,0,0.000000,0.000000,0.000000,0.000000,0
gen-ip002,config23,1,FOUND INTEGER FEASIBLE,0.000001,0.006061,0,0,0,0,0.000000,0.000000,0.000000,0.000000,0
gen-ip002,config23,2,FOUND INTEGER FEASIBLE,0.000001,0.006303,0,0,0,0,0.000000,0.000000,0.000000,0.000000,0
gen-ip002,config23,3,FOUND INTEGER FEASIBLE,0.000001,0.007865,0,0,0,0,0.000000,0.000000,0.000000,0.000000,0
gen-ip002,config19,1,FOUND INTEGER FEASIBLE,0.000000,0.004215,0,0,-1,-1,0.000000,0.000000,0.000000,0.000000,0
gen-ip002,config19,2,FOUND INTEGER FEASIBLE,0.000000,0.002779,0,0,-1,-1,0.000000,0.000000,0.000000,0.000000,0
gen-ip002,config19,3,FOUND INTEGER FEASIBLE,0.000000,0.002198,0,0,-1,-1,0.000000,0.000000,0.000000,0.000000,0
gen-ip002,config18,1,FOUND INTEGER FEASIBLE,0.000000,0.004909,0,0,-1,-1,0.000000,0.000000,0.000000,0.000000,0
gen-ip002,config18,2,FOUND INTEGER FEASIBLE,0.000000,0.002337,0,0,-1,-1,0.000000,0.000000,0.000000,0.000000,0
gen-ip002,config18,3,FOUND INTEGER FEASIBLE,0.000000,0.004526,0,0,-1,-1,0.000000,0.000000,0.000000,0.000000,0
gen-ip054,config1,1,FOUND INTEGER FEASIBLE,0.000000,0.005074,1,0,-1,-1,8613.134267,8613.134267,0.000000,0.000000,0
gen-ip054,config1,2,FOUND INTEGER FEASIBLE,0.000000,0.012947,1,0,-1,-1,7628.234088,7628.234088,0.000000,0.000000,0
gen-ip054,config1,3,FOUND INTEGER FEASIBLE,0.000000,0.005579,1,0,-1,-1,8108.280499,8108.280499,0.000000,0.000000,0
gen-ip054,config3,1,FOUND INTEGER FEASIBLE,0.000000,0.003460,1,0,-1,-1,18201.944620,18201.944620,0.000000,0.000000,0
gen-ip054,config3,2,FOUND INTEGER FEASIBLE,0.000000,0.003844,1,0,-1,-1,18201.944620,18201.944620,0.000000,0.000000,0
gen-ip054,config3,3,FOUND INTEGER FEASIBLE,0.000000,0.007258,1,0,-1,-1,18201.944620,18201.944620,0.000000,0.000000,0
gen-ip054,config20,1,FOUND INTEGER FEASIBLE,0.000000,0.006583,1,0,-1,-1,18201.944620,18201.944620,0.000000,0.000000,0
gen-ip054,config20,2,FOUND INTEGER FEASIBLE,0.000000,0.005864,1,0,-1,-1,18201.944620,18201.944620,0.000000,0.000000,0
gen-ip054,config20,3,FOUND INTEGER FEASIBLE,0.000000,0.005112,1,0,-1,-1,18201.944620,18201.944620,0.000000,0.000000,0
gen-ip054,config16,1,FOUND INTEGER FEASIBLE,0.000001,0.005431,1,0,0,0,8613.134267,8613.134267,0.000000,0.000000,0
gen-ip054,config16,2,FOUND INTEGER FEASIBLE,0.000001,0.006388,1,0,0,0,7628.234088,7628.234088,0.000000,0.000000,0
gen-ip054,config16,3,FOUND INTEGER FEASIBLE,0.000001,0.006191,1,0,0,0,8108.280499,8108.280499,0.000000,0.000000,0
gen-ip054,config17,1,FOUND INTEGER FEASIBLE,0.000001,0.004906,1,0,0,0,18201.944620,18201.944620,0.000000,0.000000,0
gen-ip054,config17,2,FOUND INTEGER FEASIBLE,0.000001,0.004885,1,0,0,0,18201.944620,18201.944620,0.000000,0.000000,0
gen-ip054,config17,3,FOUND INTEGER FEASIBLE,0.000001,0.004818,1,0,0,0,18201.944620,18201.944620,0.000000,0.000000,0
gen-ip054,config21,1,FOUND INTEGER FEASIBLE,0.000001,0.004755,1,0,0,0,18201.944620,18201.944620,0.000000,0.000000,0
gen-ip054,config21,2,FOUND INTEGER FEASIBLE,0.000001,0.004808,1,0,0,0,18201.944620,18201.944620,0.000000,0.000000,0
gen-ip054,config21,3,FOUND INTEGER FEASIBLE,0.000001,0.004908,1,0,0,0,18201.944620,18201.944620,0.000000,0.000000,0
gen-ip054,config23,1,FOUND INTEGER FEASIBLE,0.000001,0.004851,1,0,0,0,18201.944620,18201.944620,0.000000,0.000000,0
gen-ip054,config23,2,FOUND INTEGER FEASIBLE,0.000001,0.004886,1,0,0,0,18201.944620,18201.944620,0.000000,0.000000,0
gen-ip054,config23,3,FOUND INTEGER FEASIBLE,0.000001,0.004993,1,0,0,0,18201.944620,18201.944620,0.000000,0.000000,0
gen-ip054,config19,1,FOUND INTEGER FEASIBLE,0.000000,0.002628,0,0,-1,-1,95921.613264,95921.613264,0.000000,0.000000,0
gen-ip054,config19,2,FOUND INTEGER FEASIBLE,0.000000,0.002279,0,0,-1,-1,95921.613264,95921.613264,0.000000,0.000000,0
gen-ip054,config19,3,FOUND INTEGER FEASIBLE,0.000000,0.001548,0,0,-1,-1,95921.613264,95921.613264,0.000000,0.000000,0
gen-ip054,config18,1,FOUND INTEGER FEASIBLE,0.000000,0.002808,0,0,-1,-1,95921.613264,95921.613264,0.000000,0.000000,0
gen-ip054,config18,2,FOUND INTEGER FEASIBLE,0.000000,0.004638,0,0,-1,-1,95921.613264,95921.613264,0.000000,0.000000,0
gen-ip054,config18,3,FOUND INTEGER FEASIBLE,0.000000,0.002384,0,0,-1,-1,95921.613264,95921.613264,0.000000,0.000000,0
germanrr,config1,1,FOUND INTEGER FEASIBLE,0.000000,4.045498,8,0,-1,-1,49515463.183600,49515463.183600,0.000000,0.000000,0
germanrr,config1,2,FOUND INTEGER FEASIBLE,0.000000,4.352577,11,0,-1,-1,49073230.257400,49073230.257400,0.000000,0.000000,0
germanrr,config1,3,FOUND INTEGER FEASIBLE,0.000000,3.604309,13,0,-1,-1,49366565.573800,49366565.573800,0.000000,0.000000,0
germanrr,config3,1,FOUND INTEGER FEASIBLE,0.000000,0.737513,9,0,-1,-1,52684080.873600,52684080.873600,0.000000,0.000000,0
germanrr,config3,2,FOUND INTEGER FEASIBLE,0.000000,2.027805,12,0,-1,-1,53704699.714400,53704699.714400,0.000000,0.000000,0
germanrr,config3,3,FOUND INTEGER FEASIBLE,0.000000,1.549000,15,0,-1,-1,52311581.467200,52311581.467200,0.000000,0.000000,0
germanrr,config20,1,FOUND INTEGER FEASIBLE,0.000000,1.293136,4,0,-1,-1,68009644.415800,68009644.415800,0.000000,0.000000,0
germanrr,config20,2,FOUND INTEGER FEASIBLE,0.000000,1.278912,9,0,-1,-1,67306636.236800,67306636.236800,0.000000,0.000000,0
germanrr,config20,3,FOUND INTEGER FEASIBLE,0.000000,0.598667,3,0,-1,-1,67488416.126400,67488416.126400,0.000000,0.000000,0
germanrr,config16,1,FOUND INTEGER FEASIBLE,2.090667,5.091990,178,12,2,1,52317434.808000,52317434.808000,0.000000,0.000000,0
germanrr,config16,2,FOUND INTEGER FEASIBLE,2.359123,4.914851,135,12,2,1,52318289.664600,52318289.664600,0.000000,0.000000,0
germanrr,config16,3,FOUND INTEGER FEASIBLE,2.331051,4.116137,152,12,2,1,52056474.375400,52056474.375400,0.000000,0.000000,0
germanrr,config17,1,FOUND INTEGER FEASIBLE,0.364626,3.556379,136,5,2,1,53181858.000600,53181858.000600,0.000000,0.000000,0
germanrr,config17,2,FOUND INTEGER FEASIBLE,0.364406,3.621850,121,5,2,1,53088683.258800,53088683.258800,0.000000,0.000000,0
germanrr,config17,3,FOUND INTEGER FEASIBLE,0.365463,3.241423,116,5,2,1,53352360.303800,53352360.303800,0.000000,0.000000,0
germanrr,config21,1,FOUND INTEGER FEASIBLE,0.946268,10.235563,184,11,2,0,55568568.122000,55568568.122000,0.000000,0.000000,0
germanrr,config21,2,FOUND INTEGER FEASIBLE,0.707896,18.794634,326,11,2,0,55019881.216000,55019881.216000,0.000000,0.000000,0
germanrr,config21,3,FOUND INTEGER FEASIBLE,0.945460,12.622340,252,11,2,0,55408968.065200,55408968.065200,0.000000,0.000000,0
germanrr,config23,1,FOUND INTEGER FEASIBLE,0.481583,14.230483,264,11,2,0,54339819.433800,54339819.433800,0.000000,0.000000,0
germanrr,config23,2,FOUND INTEGER FEASIBLE,0.950439,14.053962,297,11,2,0,54489047.297000,54489047.297000,0.000000,0.000000,0
germanrr,config23,3,FOUND INTEGER FEASIBLE,0.946574,13.488528,204,11,2,0,54231201.925600,54231201.925600,0.000000,0.000000,0
germanrr,config19,1,FOUND INTEGER FEASIBLE,0.000000,1.363131,0,0,-1,-1,59548297.333000,59548297.333000,0.000000,0.000000,0
germanrr,config19,2,FOUND INTEGER FEASIBLE,0.000000,1.286825,0,0,-1,-1,59548297.333000,59548297.333000,0.000000,0.000000,0
germanrr,config19,3,FOUND INTEGER FEASIBLE,0.000000,1.316968,0,0,-1,-1,59548297.333000,59548297.333000,0.000000,0.000000,0
germanrr,config18,1,FOUND INTEGER FEASIBLE,0.000000,0.745732,0,0,-1,-1,59548297.333000,59548297.333000,0.000000,0.000000,0
germanrr,config18,2,FOUND INTEGER FEASIBLE,0.000000,1.318623,0,0,-1,-1,59548297.333000,59548297.333000,0.000000,0.000000,0
germanrr,config18,3,FOUND INTEGER FEASIBLE,0.000000,1.278392,0,0,-1,-1,59548297.333000,59548297.333000,0.000000,0.000000,0
gfd-schedulen180f7d50m30k18,config1,1,FAILED TO FIND AN INTEGER FEASIBLE SOLUTION,0.000000,3600,98,0,-1,-1,0.000000,0.000000,317.739245,1307.092606,3424
gfd-schedulen180f7d50m30k18,config1,2,FAILED TO FIND AN INTEGER FEASIBLE SOLUTION,0.000000,3600,45,0,-1,-1,0.000000,0.000000,442.067060,2366.734377,3767
gfd-schedulen180f7d50m30k18,config1,3,FAILED TO FIND AN INTEGER FEASIBLE SOLUTION,0.000000,3600,66,0,-1,-1,0.000000,0.000000,494.534745,1218.053400,7242
gfd-schedulen180f7d50m30k18,config3,1,FAILED TO FIND AN INTEGER FEASIBLE SOLUTION,0.000000,3600,43,0,-1,-1,0.000000,0.000000,340.812172,736.445107,2241
gfd-schedulen180f7d50m30k18,config3,2,FAILED TO FIND AN INTEGER FEASIBLE SOLUTION,0.000000,3600,33,0,-1,-1,0.000000,0.000000,373.407687,1433.265501,2275
gfd-schedulen180f7d50m30k18,config3,3,FAILED TO FIND AN INTEGER FEASIBLE SOLUTION,0.000000,3600,35,0,-1,-1,0.000000,0.000000,400.003839,997.620697,2278
gfd-schedulen180f7d50m30k18,config20,1,FAILED TO FIND AN INTEGER FEASIBLE SOLUTION,0.000000,3600,48,0,-1,-1,0.000000,0.000000,1358.686648,4112.656975,7776
gfd-schedulen180f7d50m30k18,config20,2,FAILED TO FIND AN INTEGER FEASIBLE SOLUTION,0.000000,3600,55,0,-1,-1,0.000000,0.000000,1385.177035,4772.163926,7703
gfd-schedulen180f7d50m30k18,config20,3,FAILED TO FIND AN INTEGER FEASIBLE SOLUTION,0.000000,3600,49,0,-1,-1,0.000000,0.000000,1434.903084,5661.822339,10710
gfd-schedulen180f7d50m30k18,config16,1,FAILED TO FIND AN INTEGER FEASIBLE SOLUTION,22.508320,3600,71,10,10,9,0.000000,0.000000,587.052972,1694.076017,4933
gfd-schedulen180f7d50m30k18,config16,2,FAILED TO FIND AN INTEGER FEASIBLE SOLUTION,21.708877,3600,73,10,10,9,0.000000,0.000000,693.467967,1820.959797,4547
gfd-schedulen180f7d50m30k18,config16,3,FAILED TO FIND AN INTEGER FEASIBLE SOLUTION,22.716795,3600,79,10,10,9,0.000000,0.000000,598.971071,1309.422694,4746
gfd-schedulen180f7d50m30k18,config17,1,FAILED TO FIND AN INTEGER FEASIBLE SOLUTION,13.836791,3600,84,12,12,6,0.000000,0.000000,1632.080239,2603.626327,7965
gfd-schedulen180f7d50m30k18,config17,2,FAILED TO FIND AN INTEGER FEASIBLE SOLUTION,11.124764,3600,91,12,12,6,0.000000,0.000000,1241.881860,2494.860507,6459
gfd-schedulen180f7d50m30k18,config17,3,FAILED TO FIND AN INTEGER FEASIBLE SOLUTION,12.098088,3600,84,12,12,6,0.000000,0.000000,1120.324208,2109.024688,7297
gfd-schedulen180f7d50m30k18,config21,1,FAILED TO FIND AN INTEGER FEASIBLE SOLUTION,79.555422,3600,50,12,12,11,0.000000,0.000000,1780.306430,3561.434879,7775
gfd-schedulen180f7d50m30k18,config21,2,FAILED TO FIND AN INTEGER FEASIBLE SOLUTION,79.513831,3600,53,12,12,11,0.000000,0.000000,1317.519423,7173.572371,9033
gfd-schedulen180f7d50m30k18,config21,3,FAILED TO FIND AN INTEGER FEASIBLE SOLUTION,80.302058,3600,48,12,12,11,0.000000,0.000000,1881.430381,6619.064904,9400
gfd-schedulen180f7d50m30k18,config23,1,FAILED TO FIND AN INTEGER FEASIBLE SOLUTION,80.609112,3600,65,12,12,11,0.000000,0.000000,312.757071,1244.857144,6408
gfd-schedulen180f7d50m30k18,config23,2,FAILED TO FIND AN INTEGER FEASIBLE SOLUTION,82.317915,3600,69,12,12,11,0.000000,0.000000,487.100531,914.710911,4366
gfd-schedulen180f7d50m30k18,config23,3,FAILED TO FIND AN INTEGER FEASIBLE SOLUTION,75.218139,3600,57,12,12,11,0.000000,0.000000,317.468782,845.767920,2895
gfd-schedulen180f7d50m30k18,config19,1,FAILED TO FIND AN INTEGER FEASIBLE SOLUTION,0.000000,3600,0,0,-1,-1,0.000000,0.000000,inf,inf,0
gfd-schedulen180f7d50m30k18,config19,2,FAILED TO FIND AN INTEGER FEASIBLE SOLUTION,0.000000,3600,0,0,-1,-1,0.000000,0.000000,inf,inf,0
gfd-schedulen180f7d50m30k18,config19,3,FAILED TO FIND AN INTEGER FEASIBLE SOLUTION,0.000000,3600,0,0,-1,-1,0.000000,0.000000,inf,inf,0
gfd-schedulen180f7d50m30k18,config18,1,FAILED TO FIND AN INTEGER FEASIBLE SOLUTION,0.000000,3600,0,0,-1,-1,0.000000,0.000000,inf,inf,0
gfd-schedulen180f7d50m30k18,config18,2,FAILED TO FIND AN INTEGER FEASIBLE SOLUTION,0.000000,3600,0,0,-1,-1,0.000000,0.000000,inf,inf,0
gfd-schedulen180f7d50m30k18,config18,3,FAILED TO FIND AN INTEGER FEASIBLE SOLUTION,0.000000,3600,0,0,-1,-1,0.000000,0.000000,inf,inf,0
glass4,config1,1,FOUND INTEGER FEASIBLE,0.000000,0.095988,48,0,-1,-1,9961605284.615385,4500050700.000000,0.000000,0.000000,0
glass4,config1,2,FOUND INTEGER FEASIBLE,0.000000,0.073944,44,0,-1,-1,5000059000.000000,4000042200.000000,0.000000,0.000000,0
glass4,config1,3,FOUND INTEGER FEASIBLE,0.000000,0.203078,120,0,-1,-1,12000110638.461538,4444483533.333334,0.000000,0.000000,0
glass4,config3,1,FOUND INTEGER FEASIBLE,0.000000,0.093483,48,0,-1,-1,9961605284.615385,4500050700.000000,0.000000,0.000000,0
glass4,config3,2,FOUND INTEGER FEASIBLE,0.000000,0.087869,44,0,-1,-1,5000059000.000000,4000042200.000000,0.000000,0.000000,0
glass4,config3,3,FOUND INTEGER FEASIBLE,0.000000,0.094489,47,0,-1,-1,8161588484.615385,4700042500.000001,0.000000,0.000000,0
glass4,config20,1,FOUND INTEGER FEASIBLE,0.000000,0.014110,1,0,-1,-1,4150034400.000000,3691696333.333333,0.000000,0.000000,0
glass4,config20,2,FOUND INTEGER FEASIBLE,0.000000,0.012785,1,0,-1,-1,4150034400.000000,3691696333.333333,0.000000,0.000000,0
glass4,config20,3,FOUND INTEGER FEASIBLE,0.000000,0.013446,1,0,-1,-1,4150034400.000000,3691696333.333333,0.000000,0.000000,0
glass4,config16,1,FOUND INTEGER FEASIBLE,0.002062,0.022482,27,5,0,0,4100041400.000000,3900036600.000000,0.000000,0.000000,0
glass4,config16,2,FOUND INTEGER FEASIBLE,0.003039,0.041012,45,5,0,0,3950040700.000000,3750038500.000000,0.000000,0.000000,0
glass4,config16,3,FOUND INTEGER FEASIBLE,0.003828,0.052771,50,5,0,0,7636446372.727273,3900034400.000000,0.000000,0.000000,0
glass4,config17,1,FOUND INTEGER FEASIBLE,0.003408,0.053623,69,5,0,0,4100041400.000000,4100041400.000000,0.000000,0.000000,0
glass4,config17,2,FOUND INTEGER FEASIBLE,0.002787,0.054171,85,5,0,0,7636406119.930070,3183363283.333333,0.000000,0.000000,0
glass4,config17,3,FOUND INTEGER FEASIBLE,0.002885,0.022843,14,5,0,0,4100039400.000000,3971467542.857143,0.000000,0.000000,0
glass4,config21,1,FOUND INTEGER FEASIBLE,0.003954,0.052707,54,9,0,0,4000039900.000000,3333365733.333333,0.000000,0.000000,0
glass4,config21,2,FOUND INTEGER FEASIBLE,0.002850,0.073757,118,9,1,0,4650041999.999992,4600038800.000000,0.000000,0.000000,0
glass4,config21,3,FOUND INTEGER FEASIBLE,0.002816,0.045123,71,9,0,0,13150129722.727272,6433401933.333334,0.000000,0.000000,0
glass4,config23,1,FOUND INTEGER FEASIBLE,0.003746,0.033893,31,9,0,0,12000108438.461538,5600048900.000000,0.000000,0.000000,0
glass4,config23,2,FOUND INTEGER FEASIBLE,0.003762,0.038043,32,9,0,0,3700026200.000000,3200025366.666667,0.000000,0.000000,0
glass4,config23,3,FOUND INTEGER FEASIBLE,0.003741,0.024506,10,9,0,0,8761595284.615385,3700030366.666668,0.000000,0.000000,0
glass4,config19,1,FOUND INTEGER FEASIBLE,0.000000,0.083327,0,0,-1,-1,3691696333.333333,3691696333.333333,0.000000,0.000000,0
glass4,config19,2,FOUND INTEGER FEASIBLE,0.000000,0.053927,0,0,-1,-1,3691696333.333333,3691696333.333333,0.000000,0.000000,0
glass4,config19,3,FOUND INTEGER FEASIBLE,0.000000,0.074758,0,0,-1,-1,3691696333.333333,3691696333.333333,0.000000,0.000000,0
glass4,config18,1,FOUND INTEGER FEASIBLE,0.000000,0.129139,0,0,-1,-1,3450031350.000000,3450031350.000000,0.000000,0.000000,0
glass4,config18,2,FOUND INTEGER FEASIBLE,0.000000,0.145884,0,0,-1,-1,3450031350.000000,3450031350.000000,0.000000,0.000000,0
glass4,config18,3,FOUND INTEGER FEASIBLE,0.000000,0.147626,0,0,-1,-1,3450031350.000000,3450031350.000000,0.000000,0.000000,0
glass-sc,config1,1,FOUND INTEGER FEASIBLE,0.000000,0.464200,1,0,-1,-1,25.000000,25.000000,0.000000,0.000000,0
glass-sc,config1,2,FOUND INTEGER FEASIBLE,0.000000,0.462081,1,0,-1,-1,25.000000,25.000000,0.000000,0.000000,0
glass-sc,config1,3,FOUND INTEGER FEASIBLE,0.000000,0.418626,1,0,-1,-1,30.000000,30.000000,0.000000,0.000000,0
glass-sc,config3,1,FOUND INTEGER FEASIBLE,0.000000,0.465194,1,0,-1,-1,25.000000,25.000000,0.000000,0.000000,0
glass-sc,config3,2,FOUND INTEGER FEASIBLE,0.000000,0.462892,1,0,-1,-1,25.000000,25.000000,0.000000,0.000000,0
glass-sc,config3,3,FOUND INTEGER FEASIBLE,0.000000,0.421664,1,0,-1,-1,30.000000,30.000000,0.000000,0.000000,0
glass-sc,config20,1,FOUND INTEGER FEASIBLE,0.000000,0.101927,0,0,-1,-1,214.000000,214.000000,0.000000,0.000000,0
glass-sc,config20,2,FOUND INTEGER FEASIBLE,0.000000,0.094196,0,0,-1,-1,214.000000,214.000000,0.000000,0.000000,0
glass-sc,config20,3,FOUND INTEGER FEASIBLE,0.000000,0.094922,0,0,-1,-1,214.000000,214.000000,0.000000,0.000000,0
glass-sc,config16,1,FOUND INTEGER FEASIBLE,1.025052,1.295774,1,6,0,0,29.000000,29.000000,0.000000,0.000000,0
glass-sc,config16,2,FOUND INTEGER FEASIBLE,0.762103,0.971340,1,6,0,0,29.000000,29.000000,0.000000,0.000000,0
glass-sc,config16,3,FOUND INTEGER FEASIBLE,0.753989,0.948650,1,6,0,0,33.000000,33.000000,0.000000,0.000000,0
glass-sc,config17,1,FOUND INTEGER FEASIBLE,1.001012,1.248000,1,6,0,0,29.000000,29.000000,0.000000,0.000000,0
glass-sc,config17,2,FOUND INTEGER FEASIBLE,0.957523,1.160724,1,6,0,0,29.000000,29.000000,0.000000,0.000000,0
glass-sc,config17,3,FOUND INTEGER FEASIBLE,0.756817,0.967610,1,6,0,0,33.000000,33.000000,0.000000,0.000000,0
glass-sc,config21,1,FOUND INTEGER FEASIBLE,0.005263,0.124024,0,0,0,0,214.000000,214.000000,0.000000,0.000000,0
glass-sc,config21,2,FOUND INTEGER FEASIBLE,0.005395,0.130844,0,0,0,0,214.000000,214.000000,0.000000,0.000000,0
glass-sc,config21,3,FOUND INTEGER FEASIBLE,0.005273,0.122867,0,0,0,0,214.000000,214.000000,0.000000,0.000000,0
glass-sc,config23,1,FOUND INTEGER FEASIBLE,0.005247,0.432844,1,0,0,0,25.000000,25.000000,0.000000,0.000000,0
glass-sc,config23,2,FOUND INTEGER FEASIBLE,0.005301,0.436319,1,0,0,0,25.000000,25.000000,0.000000,0.000000,0
glass-sc,config23,3,FOUND INTEGER FEASIBLE,0.005235,0.387786,1,0,0,0,30.000000,30.000000,0.000000,0.000000,0
glass-sc,config19,1,FOUND INTEGER FEASIBLE,0.000000,0.036806,0,0,-1,-1,214.000000,214.000000,0.000000,0.000000,0
glass-sc,config19,2,FOUND INTEGER FEASIBLE,0.000000,0.028367,0,0,-1,-1,214.000000,214.000000,0.000000,0.000000,0
glass-sc,config19,3,FOUND INTEGER FEASIBLE,0.000000,0.024731,0,0,-1,-1,214.000000,214.000000,0.000000,0.000000,0
glass-sc,config18,1,FOUND INTEGER FEASIBLE,0.000000,0.041108,0,0,-1,-1,214.000000,214.000000,0.000000,0.000000,0
glass-sc,config18,2,FOUND INTEGER FEASIBLE,0.000000,0.027937,0,0,-1,-1,214.000000,214.000000,0.000000,0.000000,0
glass-sc,config18,3,FOUND INTEGER FEASIBLE,0.000000,0.025472,0,0,-1,-1,214.000000,214.000000,0.000000,0.000000,0
gmu-35-40,config1,1,FOUND INTEGER FEASIBLE,0.000000,0.068155,7,0,-1,-1,-2334473.952600,-2334473.952600,0.000000,0.000000,0
gmu-35-40,config1,2,FOUND INTEGER FEASIBLE,0.000000,0.066172,7,0,-1,-1,-2369370.786700,-2369370.786700,0.000000,0.000000,0
gmu-35-40,config1,3,FOUND INTEGER FEASIBLE,0.000000,0.249875,48,0,-1,-1,-2351583.228200,-2351583.228200,0.000000,0.000000,0
gmu-35-40,config3,1,FOUND INTEGER FEASIBLE,0.000000,0.621843,130,0,-1,-1,-2303586.797200,-2303586.797200,0.000000,0.000000,0
gmu-35-40,config3,2,FOUND INTEGER FEASIBLE,0.000000,0.182087,34,0,-1,-1,-2368331.964700,-2368331.964700,0.000000,0.000000,0
gmu-35-40,config3,3,FOUND INTEGER FEASIBLE,0.000000,0.072995,9,0,-1,-1,-2284628.113600,-2284628.113600,0.000000,0.000000,0
gmu-35-40,config20,1,FOUND INTEGER FEASIBLE,0.000000,0.036347,2,0,-1,-1,-2356107.114000,-2356107.114000,0.000000,0.000000,0
gmu-35-40,config20,2,FOUND INTEGER FEASIBLE,0.000000,0.034115,2,0,-1,-1,-2356107.114000,-2356107.114000,0.000000,0.000000,0
gmu-35-40,config20,3,FOUND INTEGER FEASIBLE,0.000000,0.035355,2,0,-1,-1,-2356107.114000,-2356107.114000,0.000000,0.000000,0
gmu-35-40,config16,1,FOUND INTEGER FEASIBLE,0.014203,0.056943,39,4,1,1,-2307474.448100,-2307474.448100,0.000000,0.000000,0
gmu-35-40,config16,2,FOUND INTEGER FEASIBLE,0.011705,0.056797,69,4,1,1,-2330219.728200,-2330219.728200,0.000000,0.000000,0
gmu-35-40,config16,3,FOUND INTEGER FEASIBLE,0.011804,0.043875,20,4,1,1,-2360249.578800,-2360249.578800,0.000000,0.000000,0
gmu-35-40,config17,1,FOUND INTEGER FEASIBLE,0.009918,0.212316,130,2,2,2,-2303586.797200,-2303586.797200,0.000000,0.000000,0
gmu-35-40,config17,2,FOUND INTEGER FEASIBLE,0.008800,0.088658,34,2,2,2,-2368331.964700,-2368331.964700,0.000000,0.000000,0
gmu-35-40,config17,3,FOUND INTEGER FEASIBLE,0.010546,0.064795,9,2,2,2,-2284628.113600,-2284628.113600,0.000000,0.000000,0
gmu-35-40,config21,1,FOUND INTEGER FEASIBLE,0.023368,0.210354,186,4,1,0,-2330506.901400,-2330506.901400,0.000000,0.000000,0
gmu-35-40,config21,2,FOUND INTEGER FEASIBLE,0.014704,0.129299,193,4,1,0,-2330328.414900,-2330328.414900,0.000000,0.000000,0
gmu-35-40,config21,3,FOUND INTEGER FEASIBLE,0.014618,0.110561,151,4,1,0,-2339051.885600,-2339051.885600,0.000000,0.000000,0
gmu-35-40,config23,1,FOUND INTEGER FEASIBLE,0.019834,0.167845,154,4,1,0,-2305496.314900,-2305496.314900,0.000000,0.000000,0
gmu-35-40,config23,2,FOUND INTEGER FEASIBLE,0.014586,0.123869,175,4,1,0,-2291156.148500,-2291156.148500,0.000000,0.000000,0
gmu-35-40,config23,3,FOUND INTEGER FEASIBLE,0.014722,0.123117,166,4,1,0,-2304088.044000,-2304088.044000,0.000000,0.000000,0
gmu-35-40,config19,1,FOUND INTEGER FEASIBLE,0.000000,0.008220,0,0,-1,-1,0.000000,0.000000,0.000000,0.000000,0
gmu-35-40,config19,2,FOUND INTEGER FEASIBLE,0.000000,0.004569,0,0,-1,-1,0.000000,0.000000,0.000000,0.000000,0
gmu-35-40,config19,3,FOUND INTEGER FEASIBLE,0.000000,0.005619,0,0,-1,-1,0.000000,0.000000,0.000000,0.000000,0
gmu-35-40,config18,1,FOUND INTEGER FEASIBLE,0.000000,0.007407,0,0,-1,-1,0.000000,0.000000,0.000000,0.000000,0
gmu-35-40,config18,2,FOUND INTEGER FEASIBLE,0.000000,0.005066,0,0,-1,-1,0.000000,0.000000,0.000000,0.000000,0
gmu-35-40,config18,3,FOUND INTEGER FEASIBLE,0.000000,0.004972,0,0,-1,-1,0.000000,0.000000,0.000000,0.000000,0
gmu-35-50,config1,1,FOUND INTEGER FEASIBLE,0.000000,0.128036,11,0,-1,-1,-2576971.207554,-2576971.207554,0.000000,0.000000,0
gmu-35-50,config1,2,FOUND INTEGER FEASIBLE,0.000000,0.267346,32,0,-1,-1,-2508424.516700,-2508424.516700,0.000000,0.000000,0
gmu-35-50,config1,3,FOUND INTEGER FEASIBLE,0.000000,1.101737,154,0,-1,-1,-2429857.407400,-2429857.407400,0.000000,0.000000,0
gmu-35-50,config3,1,FOUND INTEGER FEASIBLE,0.000000,0.324726,43,0,-1,-1,-2457979.905100,-2457979.905100,0.000000,0.000000,0
gmu-35-50,config3,2,FOUND INTEGER FEASIBLE,0.000000,0.304286,39,0,-1,-1,-2443854.313900,-2443854.313900,0.000000,0.000000,0
gmu-35-50,config3,3,FOUND INTEGER FEASIBLE,0.000000,0.090431,6,0,-1,-1,-2446596.354700,-2446596.354700,0.000000,0.000000,0
gmu-35-50,config20,1,FOUND INTEGER FEASIBLE,0.000000,0.158151,60,0,-1,-1,-2291257.778700,-2291257.778700,0.000000,0.000000,0
gmu-35-50,config20,2,FOUND INTEGER FEASIBLE,0.000000,0.100033,33,0,-1,-1,-2215453.796100,-2215453.796100,0.000000,0.000000,0
gmu-35-50,config20,3,FOUND INTEGER FEASIBLE,0.000000,0.112798,42,0,-1,-1,-2272742.365300,-2272742.365300,0.000000,0.000000,0
gmu-35-50,config16,1,FOUND INTEGER FEASIBLE,0.018310,0.066252,12,4,1,1,-2482134.507000,-2482134.507000,0.000000,0.000000,0
gmu-35-50,config16,2,FOUND INTEGER FEASIBLE,0.012381,0.052124,94,4,1,1,-2482502.860300,-2482502.860300,0.000000,0.000000,0
gmu-35-50,config16,3,FOUND INTEGER FEASIBLE,0.017142,0.070858,49,4,1,1,-2481831.486700,-2481831.486700,0.000000,0.000000,0
gmu-35-50,config17,1,FOUND INTEGER FEASIBLE,0.012517,0.161478,43,2,2,2,-2457979.905100,-2457979.905100,0.000000,0.000000,0
gmu-35-50,config17,2,FOUND INTEGER FEASIBLE,0.008580,0.099006,39,2,2,2,-2443854.313900,-2443854.313900,0.000000,0.000000,0
gmu-35-50,config17,3,FOUND INTEGER FEASIBLE,0.008737,0.058650,6,2,2,2,-2446596.354700,-2446596.354700,0.000000,0.000000,0
gmu-35-50,config21,1,FOUND INTEGER FEASIBLE,0.044031,0.289896,166,5,1,0,-2399785.618000,-2399785.618000,0.000000,0.000000,0
gmu-35-50,config21,2,FOUND INTEGER FEASIBLE,0.059528,0.301863,120,5,1,0,-2393670.157900,-2393670.157900,0.000000,0.000000,0
gmu-35-50,config21,3,FOUND INTEGER FEASIBLE,0.058178,0.456402,218,5,1,0,-2375871.578500,-2375871.578500,0.000000,0.000000,0
gmu-35-50,config23,1,FOUND INTEGER FEASIBLE,0.058747,0.323304,130,5,1,0,-2444720.736200,-2444720.736200,0.000000,0.000000,0
gmu-35-50,config23,2,FOUND INTEGER FEASIBLE,0.058127,0.553015,256,5,2,0,-2437402.612500,-2437402.612500,0.000000,0.000000,0
gmu-35-50,config23,3,FOUND INTEGER FEASIBLE,0.060974,0.425436,183,5,1,0,-2545967.670454,-2545967.670454,0.000000,0.000000,0
gmu-35-50,config19,1,FOUND INTEGER FEASIBLE,0.000000,0.010696,0,0,-1,-1,0.000000,0.000000,0.000000,0.000000,0
gmu-35-50,config19,2,FOUND INTEGER FEASIBLE,0.000000,0.008206,0,0,-1,-1,0.000000,0.000000,0.000000,0.000000,0
gmu-35-50,config19,3,FOUND INTEGER FEASIBLE,0.000000,0.006600,0,0,-1,-1,0.000000,0.000000,0.000000,0.000000,0
gmu-35-50,config18,1,FOUND INTEGER FEASIBLE,0.000000,0.010977,0,0,-1,-1,0.000000,0.000000,0.000000,0.000000,0
gmu-35-50,config18,2,FOUND INTEGER FEASIBLE,0.000000,0.008121,0,0,-1,-1,0.000000,0.000000,0.000000,0.000000,0
gmu-35-50,config18,3,FOUND INTEGER FEASIBLE,0.000000,0.007210,0,0,-1,-1,0.000000,0.000000,0.000000,0.000000,0
graph20-20-1rand,config1,1,FOUND INTEGER FEASIBLE,0.000000,0.533902,16,0,-1,-1,-4.000000,-4.000000,0.000000,0.000000,0
graph20-20-1rand,config1,2,FOUND INTEGER FEASIBLE,0.000000,0.508137,13,0,-1,-1,-5.000000,-5.000000,0.000000,0.000000,0
graph20-20-1rand,config1,3,FOUND INTEGER FEASIBLE,0.000000,0.325944,1,0,-1,-1,-7.000000,-7.000000,0.000000,0.000000,0
graph20-20-1rand,config3,1,FOUND INTEGER FEASIBLE,0.000000,0.117748,0,0,-1,-1,0.000000,0.000000,0.000000,0.000000,0
graph20-20-1rand,config3,2,FOUND INTEGER FEASIBLE,0.000000,0.118275,0,0,-1,-1,0.000000,0.000000,0.000000,0.000000,0
graph20-20-1rand,config3,3,FOUND INTEGER FEASIBLE,0.000000,0.117111,0,0,-1,-1,0.000000,0.000000,0.000000,0.000000,0
graph20-20-1rand,config20,1,FOUND INTEGER FEASIBLE,0.000000,1.048473,9,0,-1,-1,-5.000000,-5.000000,0.000000,0.000000,0
graph20-20-1rand,config20,2,FOUND INTEGER FEASIBLE,0.000000,1.064029,12,0,-1,-1,-5.000000,-5.000000,0.000000,0.000000,0
graph20-20-1rand,config20,3,FOUND INTEGER FEASIBLE,0.000000,1.028326,7,0,-1,-1,-5.000000,-5.000000,0.000000,0.000000,0
graph20-20-1rand,config16,1,FOUND INTEGER FEASIBLE,0.659785,1.435188,3,5,1,1,-8.000000,-8.000000,0.000000,0.000000,0
graph20-20-1rand,config16,2,FOUND INTEGER FEASIBLE,0.674735,1.473944,3,5,1,1,-8.000000,-8.000000,0.000000,0.000000,0
graph20-20-1rand,config16,3,FOUND INTEGER FEASIBLE,0.665953,1.452345,5,5,1,1,-8.000000,-8.000000,0.000000,0.000000,0
graph20-20-1rand,config17,1,FOUND INTEGER FEASIBLE,0.007227,0.042055,0,1,0,0,0.000000,0.000000,0.000000,0.000000,0
graph20-20-1rand,config17,2,FOUND INTEGER FEASIBLE,0.007230,0.041689,0,1,0,0,0.000000,0.000000,0.000000,0.000000,0
graph20-20-1rand,config17,3,FOUND INTEGER FEASIBLE,0.007253,0.041827,0,1,0,0,0.000000,0.000000,0.000000,0.000000,0
graph20-20-1rand,config21,1,FOUND INTEGER FEASIBLE,0.410722,0.488327,15,12,1,1,0.000000,0.000000,0.000000,0.000000,0
graph20-20-1rand,config21,2,FOUND INTEGER FEASIBLE,0.410591,0.477230,13,12,1,1,0.000000,0.000000,0.000000,0.000000,0
graph20-20-1rand,config21,3,FOUND INTEGER FEASIBLE,0.811355,0.962429,6,12,1,1,0.000000,0.000000,0.000000,0.000000,0
graph20-20-1rand,config23,1,FOUND INTEGER FEASIBLE,0.617587,0.691088,3,12,1,1,0.000000,0.000000,0.000000,0.000000,0
graph20-20-1rand,config23,2,FOUND INTEGER FEASIBLE,0.805546,0.903782,3,12,1,1,0.000000,0.000000,0.000000,0.000000,0
graph20-20-1rand,config23,3,FOUND INTEGER FEASIBLE,0.791815,0.879141,3,12,1,1,0.000000,0.000000,0.000000,0.000000,0
graph20-20-1rand,config19,1,FOUND INTEGER FEASIBLE,0.000000,0.025870,0,0,-1,-1,0.000000,0.000000,0.000000,0.000000,0
graph20-20-1rand,config19,2,FOUND INTEGER FEASIBLE,0.000000,0.016654,0,0,-1,-1,0.000000,0.000000,0.000000,0.000000,0
graph20-20-1rand,config19,3,FOUND INTEGER FEASIBLE,0.000000,0.019253,0,0,-1,-1,0.000000,0.000000,0.000000,0.000000,0
graph20-20-1rand,config18,1,FOUND INTEGER FEASIBLE,0.000000,0.036245,0,0,-1,-1,0.000000,0.000000,0.000000,0.000000,0
graph20-20-1rand,config18,2,FOUND INTEGER FEASIBLE,0.000000,0.018376,0,0,-1,-1,0.000000,0.000000,0.000000,0.000000,0
graph20-20-1rand,config18,3,FOUND INTEGER FEASIBLE,0.000000,0.016831,0,0,-1,-1,0.000000,0.000000,0.000000,0.000000,0
graphdraw-domain,config1,1,FOUND INTEGER FEASIBLE,0.000000,0.030054,5,0,-1,-1,31818.000000,31818.000000,0.000000,0.000000,0
graphdraw-domain,config1,2,FOUND INTEGER FEASIBLE,0.000000,0.017918,3,0,-1,-1,28270.000000,28270.000000,0.000000,0.000000,0
graphdraw-domain,config1,3,FOUND INTEGER FEASIBLE,0.000000,0.027623,5,0,-1,-1,31817.000000,31817.000000,0.000000,0.000000,0
graphdraw-domain,config3,1,FOUND INTEGER FEASIBLE,0.000000,0.022619,23,0,-1,-1,99875.000000,43385.000000,0.000000,0.000000,0
graphdraw-domain,config3,2,FOUND INTEGER FEASIBLE,0.000000,0.067904,69,0,-1,-1,99875.000000,45099.000000,0.000000,0.000000,0
graphdraw-domain,config3,3,FOUND INTEGER FEASIBLE,0.000000,0.139867,307,0,-1,-1,99875.000000,43104.000000,0.000000,0.000000,0
graphdraw-domain,config20,1,FOUND INTEGER FEASIBLE,0.000000,0.026599,1,0,-1,-1,99875.000000,37239.000000,0.000000,0.000000,0
graphdraw-domain,config20,2,FOUND INTEGER FEASIBLE,0.000000,0.020314,1,0,-1,-1,99875.000000,37239.000000,0.000000,0.000000,0
graphdraw-domain,config20,3,FOUND INTEGER FEASIBLE,0.000000,0.012820,1,0,-1,-1,99875.000000,37094.000000,0.000000,0.000000,0
graphdraw-domain,config16,1,FOUND INTEGER FEASIBLE,0.008301,0.232071,317,9,3,0,99875.000000,44332.000000,0.000000,0.000000,0
graphdraw-domain,config16,2,FOUND INTEGER FEASIBLE,0.006686,0.225317,320,9,3,0,99875.000000,35178.000000,0.000000,0.000000,0
graphdraw-domain,config16,3,FOUND INTEGER FEASIBLE,0.009659,0.210712,262,9,3,0,99875.000000,38721.000000,0.000000,0.000000,0
graphdraw-domain,config17,1,FOUND INTEGER FEASIBLE,0.006465,0.022513,1,5,0,0,99875.000000,37008.000000,0.000000,0.000000,0
graphdraw-domain,config17,2,FOUND INTEGER FEASIBLE,0.006499,0.022064,1,5,0,0,99875.000000,37008.000000,0.000000,0.000000,0
graphdraw-domain,config17,3,FOUND INTEGER FEASIBLE,0.005914,0.021572,1,5,0,0,99875.000000,37008.000000,0.000000,0.000000,0
graphdraw-domain,config21,1,FOUND INTEGER FEASIBLE,0.006211,0.022034,1,3,0,0,99875.000000,33297.000000,0.000000,0.000000,0
graphdraw-domain,config21,2,FOUND INTEGER FEASIBLE,0.006345,0.022164,1,3,0,0,99875.000000,33297.000000,0.000000,0.000000,0
graphdraw-domain,config21,3,FOUND INTEGER FEASIBLE,0.005821,0.019821,1,3,0,0,99875.000000,33297.000000,0.000000,0.000000,0
graphdraw-domain,config23,1,FOUND INTEGER FEASIBLE,0.006152,0.032404,34,3,0,0,99875.000000,43698.000000,0.000000,0.000000,0
graphdraw-domain,config23,2,FOUND INTEGER FEASIBLE,0.005001,0.050486,77,3,0,0,99875.000000,38609.000000,0.000000,0.000000,0
graphdraw-domain,config23,3,FOUND INTEGER FEASIBLE,0.005065,0.019691,8,3,0,0,99875.000000,45864.000000,0.000000,0.000000,0
graphdraw-domain,config19,1,FOUND INTEGER FEASIBLE,0.000000,0.016094,0,0,-1,-1,93855.000000,38074.000000,0.000000,0.000000,0
graphdraw-domain,config19,2,FOUND INTEGER FEASIBLE,0.000000,0.012362,0,0,-1,-1,93855.000000,38074.000000,0.000000,0.000000,0
graphdraw-domain,config19,3,FOUND INTEGER FEASIBLE,0.000000,0.017143,0,0,-1,-1,93855.000000,38074.000000,0.000000,0.000000,0
graphdraw-domain,config18,1,FOUND INTEGER FEASIBLE,0.000000,0.013492,0,0,-1,-1,93855.000000,38074.000000,0.000000,0.000000,0
graphdraw-domain,config18,2,FOUND INTEGER FEASIBLE,0.000000,0.014428,0,0,-1,-1,93855.000000,38074.000000,0.000000,0.000000,0
graphdraw-domain,config18,3,FOUND INTEGER FEASIBLE,0.000000,0.015756,0,0,-1,-1,93855.000000,38074.000000,0.000000,0.000000,0
h80x6320d,config1,1,FOUND INTEGER FEASIBLE,0.000000,0.627940,8,0,-1,-1,10632.714229,10632.714229,0.000000,0.000000,0
h80x6320d,config1,2,FOUND INTEGER FEASIBLE,0.000000,0.625963,8,0,-1,-1,10653.384388,10653.384388,0.000000,0.000000,0
h80x6320d,config1,3,FOUND INTEGER FEASIBLE,0.000000,0.481481,5,0,-1,-1,10727.434132,10727.434132,0.000000,0.000000,0
h80x6320d,config3,1,FOUND INTEGER FEASIBLE,0.000000,0.348642,3,0,-1,-1,23171.867183,23171.867183,0.000000,0.000000,0
h80x6320d,config3,2,FOUND INTEGER FEASIBLE,0.000000,0.237057,1,0,-1,-1,22277.878284,22277.878284,0.000000,0.000000,0
h80x6320d,config3,3,FOUND INTEGER FEASIBLE,0.000000,0.348326,3,0,-1,-1,22668.274350,22668.274350,0.000000,0.000000,0
h80x6320d,config20,1,FOUND INTEGER FEASIBLE,0.000000,0.334898,9,0,-1,-1,19173.685286,19173.685286,0.000000,0.000000,0
h80x6320d,config20,2,FOUND INTEGER FEASIBLE,0.000000,0.231108,7,0,-1,-1,19465.661051,19465.661051,0.000000,0.000000,0
h80x6320d,config20,3,FOUND INTEGER FEASIBLE,0.000000,0.254184,3,0,-1,-1,21569.568693,21569.568693,0.000000,0.000000,0
h80x6320d,config16,1,FOUND INTEGER FEASIBLE,0.072121,0.194652,0,7,0,0,8236.323849,8236.323849,0.000000,0.000000,0
h80x6320d,config16,2,FOUND INTEGER FEASIBLE,0.074580,0.189233,0,7,0,0,8236.323849,8236.323849,0.000000,0.000000,0
h80x6320d,config16,3,FOUND INTEGER FEASIBLE,0.065458,0.170608,0,7,0,0,8236.323849,8236.323849,0.000000,0.000000,0
h80x6320d,config17,1,FOUND INTEGER FEASIBLE,0.065071,0.324281,3,6,0,0,18772.184776,18772.184776,0.000000,0.000000,0
h80x6320d,config17,2,FOUND INTEGER FEASIBLE,0.067089,0.327401,3,6,0,0,19515.583191,19515.583191,0.000000,0.000000,0
h80x6320d,config17,3,FOUND INTEGER FEASIBLE,0.061214,0.297647,3,6,0,0,20938.446741,20938.446741,0.000000,0.000000,0
h80x6320d,config21,1,FOUND INTEGER FEASIBLE,0.057623,0.374767,11,5,0,0,25099.102790,25099.102790,0.000000,0.000000,0
h80x6320d,config21,2,FOUND INTEGER FEASIBLE,0.058849,0.288137,3,5,0,0,25722.324643,25722.324643,0.000000,0.000000,0
h80x6320d,config21,3,FOUND INTEGER FEASIBLE,0.058912,0.392706,12,5,0,0,26567.072754,26567.072754,0.000000,0.000000,0
h80x6320d,config23,1,FOUND INTEGER FEASIBLE,0.043636,0.240346,3,5,0,0,24034.608163,24034.608163,0.000000,0.000000,0
h80x6320d,config23,2,FOUND INTEGER FEASIBLE,0.059101,0.311687,3,5,0,0,24269.888278,24269.888278,0.000000,0.000000,0
h80x6320d,config23,3,FOUND INTEGER FEASIBLE,0.059180,0.309824,3,5,0,0,21387.048629,21387.048629,0.000000,0.000000,0
h80x6320d,config19,1,FOUND INTEGER FEASIBLE,0.000000,0.027231,0,0,-1,-1,20018.196677,20018.196677,0.000000,0.000000,0
h80x6320d,config19,2,FOUND INTEGER FEASIBLE,0.000000,0.028064,0,0,-1,-1,20018.196677,20018.196677,0.000000,0.000000,0
h80x6320d,config19,3,FOUND INTEGER FEASIBLE,0.000000,0.022872,0,0,-1,-1,20018.196677,20018.196677,0.000000,0.000000,0
h80x6320d,config18,1,FOUND INTEGER FEASIBLE,0.000000,0.048254,0,0,-1,-1,20018.196677,20018.196677,0.000000,0.000000,0
h80x6320d,config18,2,FOUND INTEGER FEASIBLE,0.000000,0.038689,0,0,-1,-1,20018.196677,20018.196677,0.000000,0.000000,0
h80x6320d,config18,3,FOUND INTEGER FEASIBLE,0.000000,0.025084,0,0,-1,-1,20018.196677,20018.196677,0.000000,0.000000,0
highschool1-aigio,config1,1,FAILED TO FIND AN INTEGER FEASIBLE SOLUTION,0.000000,3600,20,0,-1,-1,0.000000,0.000000,3.250000,3.250000,8
highschool1-aigio,config1,2,FAILED TO FIND AN INTEGER FEASIBLE SOLUTION,0.000000,3600,18,0,-1,-1,0.000000,0.000000,1.750000,1.750000,5
highschool1-aigio,config1,3,FAILED TO FIND AN INTEGER FEASIBLE SOLUTION,0.000000,3600,21,0,-1,-1,0.000000,0.000000,214.172500,188.922500,841
highschool1-aigio,config3,1,FAILED TO FIND AN INTEGER FEASIBLE SOLUTION,0.000000,3600,48,0,-1,-1,0.000000,0.000000,6.800000,8.466667,18
highschool1-aigio,config3,2,FAILED TO FIND AN INTEGER FEASIBLE SOLUTION,0.000000,3600,19,0,-1,-1,0.000000,0.000000,15.406250,18.406250,51
highschool1-aigio,config3,3,FAILED TO FIND AN INTEGER FEASIBLE SOLUTION,0.000000,3600,33,0,-1,-1,0.000000,0.000000,7.031250,7.906250,29
highschool1-aigio,config20,1,FAILED TO FIND AN INTEGER FEASIBLE SOLUTION,0.000000,3600,24,0,-1,-1,0.000000,0.000000,13.375000,52.375000,32
highschool1-aigio,config20,2,FOUND INTEGER FEASIBLE,0.000000,821.760540,35,0,-1,-1,17477.000000,17477.000000,0.000000,0.000000,0
highschool1-aigio,config20,3,FOUND INTEGER FEASIBLE,0.000000,1139.452903,36,0,-1,-1,18386.000000,18386.000000,0.000000,0.000000,0
highschool1-aigio,config16,1,FOUND INTEGER FEASIBLE,581.907413,1091.892936,28,11,2,0,3222.000000,3222.000000,0.000000,0.000000,0
highschool1-aigio,config16,2,FOUND INTEGER FEASIBLE,592.349331,1598.874458,32,11,3,0,4754.000000,4754.000000,0.000000,0.000000,0
highschool1-aigio,config16,3,FOUND INTEGER FEASIBLE,577.862010,913.165521,22,11,1,0,3472.000000,3472.000000,0.000000,0.000000,0
highschool1-aigio,config17,1,FAILED TO FIND AN INTEGER FEASIBLE SOLUTION,107.116710,3600,84,11,11,1,0.000000,0.000000,1021.200000,301.200000,2370
highschool1-aigio,config17,2,FAILED TO FIND AN INTEGER FEASIBLE SOLUTION,100.588538,3600,63,11,11,1,0.000000,0.000000,511.291667,173.291667,1039
highschool1-aigio,config17,3,FAILED TO FIND AN INTEGER FEASIBLE SOLUTION,103.698701,3600,44,11,11,1,0.000000,0.000000,685.125000,185.125000,1386
highschool1-aigio,config21,1,FAILED TO FIND AN INTEGER FEASIBLE SOLUTION,117.227984,3600,60,12,12,1,0.000000,0.000000,427.135417,160.302083,866
highschool1-aigio,config21,2,FAILED TO FIND AN INTEGER FEASIBLE SOLUTION,119.686439,3600,63,12,12,1,0.000000,0.000000,767.058036,200.129464,1565
highschool1-aigio,config21,3,FAILED TO FIND AN INTEGER FEASIBLE SOLUTION,121.540005,3600,72,12,12,1,0.000000,0.000000,583.734375,174.109375,1487
highschool1-aigio,config23,1,FAILED TO FIND AN INTEGER FEASIBLE SOLUTION,120.489199,3600,65,12,12,1,0.000000,0.000000,516.250000,138.250000,1036
highschool1-aigio,config23,2,FAILED TO FIND AN INTEGER FEASIBLE SOLUTION,122.297611,3600,73,12,12,1,0.000000,0.000000,111.250000,29.750000,229
highschool1-aigio,config23,3,FAILED TO FIND AN INTEGER FEASIBLE SOLUTION,118.757352,3600,65,12,12,1,0.000000,0.000000,390.833333,123.020833,1039
highschool1-aigio,config19,1,FAILED TO FIND AN INTEGER FEASIBLE SOLUTION,0.000000,3600,0,0,-1,-1,0.000000,0.000000,inf,inf,0
highschool1-aigio,config19,2,FAILED TO FIND AN INTEGER FEASIBLE SOLUTION,0.000000,3600,0,0,-1,-1,0.000000,0.000000,inf,inf,0
highschool1-aigio,config19,3,FAILED TO FIND AN INTEGER FEASIBLE SOLUTION,0.000000,3600,0,0,-1,-1,0.000000,0.000000,inf,inf,0
highschool1-aigio,config18,1,FAILED TO FIND AN INTEGER FEASIBLE SOLUTION,0.000000,3600,0,0,-1,-1,0.000000,0.000000,inf,inf,0
highschool1-aigio,config18,2,FAILED TO FIND AN INTEGER FEASIBLE SOLUTION,0.000000,3600,0,0,-1,-1,0.000000,0.000000,inf,inf,0
highschool1-aigio,config18,3,FAILED TO FIND AN INTEGER FEASIBLE SOLUTION,0.000000,3600,0,0,-1,-1,0.000000,0.000000,inf,inf,0
hypothyroid-k1,config1,1,FOUND INTEGER FEASIBLE,0.000000,7.612192,1,0,-1,-1,-2851.000000,-2851.000000,0.000000,0.000000,0
hypothyroid-k1,config1,2,FOUND INTEGER FEASIBLE,0.000000,7.542433,1,0,-1,-1,-2851.000000,-2851.000000,0.000000,0.000000,0
hypothyroid-k1,config1,3,FOUND INTEGER FEASIBLE,0.000000,7.261698,1,0,-1,-1,-2851.000000,-2851.000000,0.000000,0.000000,0
hypothyroid-k1,config3,1,FOUND INTEGER FEASIBLE,0.000000,4.547238,39,0,-1,-1,-6.000000,-6.000000,0.000000,0.000000,0
hypothyroid-k1,config3,2,FOUND INTEGER FEASIBLE,0.000000,3.172943,15,0,-1,-1,-1477.000000,-1477.000000,0.000000,0.000000,0
hypothyroid-k1,config3,3,FOUND INTEGER FEASIBLE,0.000000,3.474238,22,0,-1,-1,-471.000000,-471.000000,0.000000,0.000000,0
hypothyroid-k1,config20,1,FOUND INTEGER FEASIBLE,0.000000,1.151978,0,0,-1,-1,-2692.000000,-2692.000000,0.000000,0.000000,0
hypothyroid-k1,config20,2,FOUND INTEGER FEASIBLE,0.000000,1.125495,0,0,-1,-1,-2692.000000,-2692.000000,0.000000,0.000000,0
hypothyroid-k1,config20,3,FOUND INTEGER FEASIBLE,0.000000,1.124367,0,0,-1,-1,-2692.000000,-2692.000000,0.000000,0.000000,0
hypothyroid-k1,config16,1,FOUND INTEGER FEASIBLE,4.077175,8.108313,40,4,0,0,-63.000000,-63.000000,0.000000,0.000000,0
hypothyroid-k1,config16,2,FOUND INTEGER FEASIBLE,4.059314,10.072692,89,4,0,0,-92.000000,-92.000000,0.000000,0.000000,0
hypothyroid-k1,config16,3,FOUND INTEGER FEASIBLE,5.391962,9.762616,25,4,0,0,-340.000000,-340.000000,0.000000,0.000000,0
hypothyroid-k1,config17,1,FOUND INTEGER FEASIBLE,0.207982,2.229342,16,3,1,1,-557.000000,-557.000000,0.000000,0.000000,0
hypothyroid-k1,config17,2,FOUND INTEGER FEASIBLE,0.270101,2.816850,24,3,1,1,-213.000000,-213.000000,0.000000,0.000000,0
hypothyroid-k1,config17,3,FOUND INTEGER FEASIBLE,0.274813,2.661863,17,3,1,1,-124.000000,-124.000000,0.000000,0.000000,0
hypothyroid-k1,config21,1,FOUND INTEGER FEASIBLE,0.147848,1.291992,27,2,1,1,-2.000000,-2.000000,0.000000,0.000000,0
hypothyroid-k1,config21,2,FOUND INTEGER FEASIBLE,0.148527,1.744433,57,2,1,1,-2.000000,-2.000000,0.000000,0.000000,0
hypothyroid-k1,config21,3,FOUND INTEGER FEASIBLE,0.145679,1.172382,17,2,1,1,-2.000000,-2.000000,0.000000,0.000000,0
hypothyroid-k1,config23,1,FOUND INTEGER FEASIBLE,0.148194,1.325629,26,2,1,1,-2.000000,-2.000000,0.000000,0.000000,0
hypothyroid-k1,config23,2,FOUND INTEGER FEASIBLE,0.147904,1.356528,29,2,1,1,-1.000000,-1.000000,0.000000,0.000000,0
hypothyroid-k1,config23,3,FOUND INTEGER FEASIBLE,0.112797,1.485578,63,2,1,1,-2.000000,-2.000000,0.000000,0.000000,0
hypothyroid-k1,config19,1,FOUND INTEGER FEASIBLE,0.000000,0.414922,0,0,-1,-1,-2692.000000,-2692.000000,0.000000,0.000000,0
hypothyroid-k1,config19,2,FOUND INTEGER FEASIBLE,0.000000,0.696036,0,0,-1,-1,-2692.000000,-2692.000000,0.000000,0.000000,0
hypothyroid-k1,config19,3,FOUND INTEGER FEASIBLE,0.000000,0.696365,0,0,-1,-1,-2692.000000,-2692.000000,0.000000,0.000000,0
hypothyroid-k1,config18,1,FOUND INTEGER FEASIBLE,0.000000,0.533652,0,0,-1,-1,-2692.000000,-2692.000000,0.000000,0.000000,0
hypothyroid-k1,config18,2,FOUND INTEGER FEASIBLE,0.000000,0.488393,0,0,-1,-1,-2692.000000,-2692.000000,0.000000,0.000000,0
hypothyroid-k1,config18,3,FOUND INTEGER FEASIBLE,0.000000,0.488895,0,0,-1,-1,-2692.000000,-2692.000000,0.000000,0.000000,0
ic97_potential,config1,1,FAILED TO FIND AN INTEGER FEASIBLE SOLUTION,0.000000,5.805059,2003,0,-1,-1,0.000000,0.000000,0.333333,0.333333,10
ic97_potential,config1,2,FAILED TO FIND AN INTEGER FEASIBLE SOLUTION,0.000000,4.398075,2003,0,-1,-1,0.000000,0.000000,0.066667,0.066667,1
ic97_potential,config1,3,FAILED TO FIND AN INTEGER FEASIBLE SOLUTION,0.000000,4.457083,2003,0,-1,-1,0.000000,0.000000,0.016667,0.016667,1
ic97_potential,config3,1,FAILED TO FIND AN INTEGER FEASIBLE SOLUTION,0.000000,17.172213,12000,0,-1,-1,0.000000,0.000000,0.033333,0.033333,2
ic97_potential,config3,2,FAILED TO FIND AN INTEGER FEASIBLE SOLUTION,0.000000,16.668761,12000,0,-1,-1,0.000000,0.000000,0.600000,0.600000,9
ic97_potential,config3,3,FAILED TO FIND AN INTEGER FEASIBLE SOLUTION,0.000000,16.978760,12000,0,-1,-1,0.000000,0.000000,0.350000,0.350000,9
ic97_potential,config20,1,FAILED TO FIND AN INTEGER FEASIBLE SOLUTION,0.000000,41.586025,12000,0,-1,-1,0.000000,0.000000,0.100000,0.100000,3
ic97_potential,config20,2,FAILED TO FIND AN INTEGER FEASIBLE SOLUTION,0.000000,39.740931,12000,0,-1,-1,0.000000,0.000000,0.116667,0.116667,3
ic97_potential,config20,3,FAILED TO FIND AN INTEGER FEASIBLE SOLUTION,0.000000,40.324559,12000,0,-1,-1,0.000000,0.000000,0.333333,0.333333,9
ic97_potential,config16,1,FAILED TO FIND AN INTEGER FEASIBLE SOLUTION,0.020814,12.625540,12000,10,10,9,0.000000,0.000000,0.350000,0.350000,3
ic97_potential,config16,2,FAILED TO FIND AN INTEGER FEASIBLE SOLUTION,0.021165,12.586275,12000,10,10,9,0.000000,0.000000,0.216667,0.216667,7
ic97_potential,config16,3,FAILED TO FIND AN INTEGER FEASIBLE SOLUTION,0.025859,14.975311,12000,10,10,9,0.000000,0.000000,0.233333,0.233333,5
ic97_potential,config17,1,FAILED TO FIND AN INTEGER FEASIBLE SOLUTION,0.008327,10.689170,12000,11,11,8,0.000000,0.000000,0.016667,0.016667,1
ic97_potential,config17,2,FAILED TO FIND AN INTEGER FEASIBLE SOLUTION,0.008377,3.410193,2160,11,11,8,0.000000,0.000000,0.183333,0.183333,3
ic97_potential,config17,3,FAILED TO FIND AN INTEGER FEASIBLE SOLUTION,0.021102,12.941836,12000,11,11,8,0.000000,0.000000,0.100000,0.100000,3
ic97_potential,config21,1,FOUND INTEGER FEASIBLE,0.039806,0.299465,97,11,10,9,4611.000000,4374.000000,0.000000,0.000000,0
ic97_potential,config21,2,FOUND INTEGER FEASIBLE,0.040197,0.433205,142,11,10,9,4553.000000,4377.000000,0.000000,0.000000,0
ic97_potential,config21,3,FOUND INTEGER FEASIBLE,0.039145,0.855113,310,11,11,9,4554.000000,4317.000000,0.000000,0.000000,0
ic97_potential,config23,1,FAILED TO FIND AN INTEGER FEASIBLE SOLUTION,0.038810,5.152801,2045,11,11,9,0.000000,0.000000,0.033333,0.033333,1
ic97_potential,config23,2,FAILED TO FIND AN INTEGER FEASIBLE SOLUTION,0.016790,3.037347,2086,11,11,9,0.000000,0.000000,0.116667,0.116667,4
ic97_potential,config23,3,FAILED TO FIND AN INTEGER FEASIBLE SOLUTION,0.039430,12.933216,12000,11,11,9,0.000000,0.000000,0.233333,0.233333,5
ic97_potential,config19,1,FOUND INTEGER FEASIBLE,0.000000,0.023259,0,0,-1,-1,4552.000000,4372.000000,0.000000,0.000000,0
ic97_potential,config19,2,FOUND INTEGER FEASIBLE,0.000000,0.015369,0,0,-1,-1,4552.000000,4372.000000,0.000000,0.000000,0
ic97_potential,config19,3,FOUND INTEGER FEASIBLE,0.000000,0.021550,0,0,-1,-1,4552.000000,4372.000000,0.000000,0.000000,0
ic97_potential,config18,1,FOUND INTEGER FEASIBLE,0.000000,0.016480,0,0,-1,-1,4552.000000,4372.000000,0.000000,0.000000,0
ic97_potential,config18,2,FOUND INTEGER FEASIBLE,0.000000,0.015129,0,0,-1,-1,4552.000000,4372.000000,0.000000,0.000000,0
ic97_potential,config18,3,FOUND INTEGER FEASIBLE,0.000000,0.014928,0,0,-1,-1,4552.000000,4372.000000,0.000000,0.000000,0
icir97_tension,config1,1,FOUND INTEGER FEASIBLE,0.000000,3.363815,156,0,-1,-1,7345.000000,6953.000000,0.000000,0.000000,0
icir97_tension,config1,2,FOUND INTEGER FEASIBLE,0.000000,5.174098,272,0,-1,-1,7574.000000,7204.000000,0.000000,0.000000,0
icir97_tension,config1,3,FOUND INTEGER FEASIBLE,0.000000,1.252346,45,0,-1,-1,7115.000000,6848.000000,0.000000,0.000000,0
icir97_tension,config3,1,FOUND INTEGER FEASIBLE,0.000000,2.358601,196,0,-1,-1,7546.000000,7213.000000,0.000000,0.000000,0
icir97_tension,config3,2,FOUND INTEGER FEASIBLE,0.000000,3.854721,227,0,-1,-1,7435.000000,7159.000000,0.000000,0.000000,0
icir97_tension,config3,3,FOUND INTEGER FEASIBLE,0.000000,8.713270,509,0,-1,-1,7570.000000,7187.000000,0.000000,0.000000,0
icir97_tension,config20,1,FOUND INTEGER FEASIBLE,0.000000,2.565236,122,0,-1,-1,7441.000000,7093.000000,0.000000,0.000000,0
icir97_tension,config20,2,FOUND INTEGER FEASIBLE,0.000000,3.040155,169,0,-1,-1,7510.000000,7199.000000,0.000000,0.000000,0
icir97_tension,config20,3,FOUND INTEGER FEASIBLE,0.000000,3.593118,252,0,-1,-1,7389.000000,7105.000000,0.000000,0.000000,0
icir97_tension,config16,1,FOUND INTEGER FEASIBLE,0.018036,0.778337,86,10,1,1,7413.000000,7136.000000,0.000000,0.000000,0
icir97_tension,config16,2,FOUND INTEGER FEASIBLE,0.016581,0.531200,57,10,1,1,7420.000000,7153.000000,0.000000,0.000000,0
icir97_tension,config16,3,FOUND INTEGER FEASIBLE,0.018236,2.012030,168,10,2,1,7328.000000,7051.000000,0.000000,0.000000,0
icir97_tension,config17,1,FOUND INTEGER FEASIBLE,0.020901,1.752160,146,4,1,1,7422.000000,7059.000000,0.000000,0.000000,0
icir97_tension,config17,2,FOUND INTEGER FEASIBLE,0.016334,1.183320,155,4,2,1,7355.000000,7009.000000,0.000000,0.000000,0
icir97_tension,config17,3,FOUND INTEGER FEASIBLE,0.020499,1.159468,83,4,1,1,7404.000000,7077.000000,0.000000,0.000000,0
icir97_tension,config21,1,FOUND INTEGER FEASIBLE,0.026484,4.615342,380,10,5,1,7348.000000,7136.000000,0.000000,0.000000,0
icir97_tension,config21,2,FOUND INTEGER FEASIBLE,0.026608,2.749561,215,10,3,1,7483.000000,7189.000000,0.000000,0.000000,0
icir97_tension,config21,3,FOUND INTEGER FEASIBLE,0.029663,4.308359,386,10,5,1,7443.000000,7151.000000,0.000000,0.000000,0
icir97_tension,config23,1,FOUND INTEGER FEASIBLE,0.030075,2.903821,272,10,2,1,7481.000000,7114.000000,0.000000,0.000000,0
icir97_tension,config23,2,FOUND INTEGER FEASIBLE,0.030154,8.541978,910,10,10,1,7441.000000,7036.000000,0.000000,0.000000,0
icir97_tension,config23,3,FOUND INTEGER FEASIBLE,0.014340,3.127106,304,10,2,1,7394.000000,7031.000000,0.000000,0.000000,0
icir97_tension,config19,1,FOUND INTEGER FEASIBLE,0.000000,2.442170,0,0,-1,-1,6505.000000,6505.000000,0.000000,0.000000,0
icir97_tension,config19,2,FOUND INTEGER FEASIBLE,0.000000,2.393968,0,0,-1,-1,6505.000000,6505.000000,0.000000,0.000000,0
icir97_tension,config19,3,FOUND INTEGER FEASIBLE,0.000000,2.394157,0,0,-1,-1,6505.000000,6505.000000,0.000000,0.000000,0
icir97_tension,config18,1,FOUND INTEGER FEASIBLE,0.000000,0.909149,0,0,-1,-1,6461.000000,6461.000000,0.000000,0.000000,0
icir97_tension,config18,2,FOUND INTEGER FEASIBLE,0.000000,1.319823,0,0,-1,-1,6461.000000,6461.000000,0.000000,0.000000,0
icir97_tension,config18,3,FOUND INTEGER FEASIBLE,0.000000,0.907685,0,0,-1,-1,6461.000000,6461.000000,0.000000,0.000000,0
irish-electricity,config1,1,FAILED TO FIND AN INTEGER FEASIBLE SOLUTION,0.000000,3600,6574,0,-1,-1,0.000000,0.000000,1.671457,1.671457,21
irish-electricity,config1,2,FAILED TO FIND AN INTEGER FEASIBLE SOLUTION,0.000000,3600,5095,0,-1,-1,0.000000,0.000000,1.671457,1.671457,26
irish-electricity,config1,3,FOUND INTEGER FEASIBLE,0.000000,2119.981146,3609,0,-1,-1,5755297.128153,5057778.121584,0.000000,0.000000,0
irish-electricity,config3,1,FAILED TO FIND AN INTEGER FEASIBLE SOLUTION,0.000000,3600,7194,0,-1,-1,0.000000,0.000000,1.671457,1.671457,26
irish-electricity,config3,2,FAILED TO FIND AN INTEGER FEASIBLE SOLUTION,0.000000,3600,7155,0,-1,-1,0.000000,0.000000,0.933385,0.933385,25
irish-electricity,config3,3,FAILED TO FIND AN INTEGER FEASIBLE SOLUTION,0.000000,3600,5246,0,-1,-1,0.000000,0.000000,1.671457,1.671457,26
irish-electricity,config20,1,FOUND INTEGER FEASIBLE,0.000000,66.555157,139,0,-1,-1,6400953.751791,5663438.829901,0.000000,0.000000,0
irish-electricity,config20,2,FAILED TO FIND AN INTEGER FEASIBLE SOLUTION,0.000000,3600,7105,0,-1,-1,0.000000,0.000000,1.671458,1.671458,26
irish-electricity,config20,3,FOUND INTEGER FEASIBLE,0.000000,299.321740,643,0,-1,-1,6313601.692719,5492513.398627,0.000000,0.000000,0
irish-electricity,config16,1,FAILED TO FIND AN INTEGER FEASIBLE SOLUTION,354.815992,3600,9185,12,12,2,0.000000,0.000000,1.671457,1.671457,22
irish-electricity,config16,2,FAILED TO FIND AN INTEGER FEASIBLE SOLUTION,893.333962,3600,4645,12,12,2,0.000000,0.000000,1.669886,1.669886,24
irish-electricity,config16,3,FAILED TO FIND AN INTEGER FEASIBLE SOLUTION,352.222272,3600,9112,12,12,2,0.000000,0.000000,5.712716,1.138135,41
irish-electricity,config17,1,FAILED TO FIND AN INTEGER FEASIBLE SOLUTION,148.771647,3600,7834,12,12,9,0.000000,0.000000,1.671457,1.671457,25
irish-electricity,config17,2,FAILED TO FIND AN INTEGER FEASIBLE SOLUTION,147.025630,3600,3992,12,12,9,0.000000,0.000000,1.671457,1.671457,24
irish-electricity,config17,3,FAILED TO FIND AN INTEGER FEASIBLE SOLUTION,147.101880,3600,6342,12,12,9,0.000000,0.000000,1.671457,1.671457,23
irish-electricity,config21,1,FAILED TO FIND AN INTEGER FEASIBLE SOLUTION,244.366389,3600,2372,12,12,11,0.000000,0.000000,3.200435,3.264264,66
irish-electricity,config21,2,FAILED TO FIND AN INTEGER FEASIBLE SOLUTION,244.591183,3600,8593,12,12,11,0.000000,0.000000,1.671457,1.671457,26
irish-electricity,config21,3,FAILED TO FIND AN INTEGER FEASIBLE SOLUTION,245.141271,3600,7088,12,12,11,0.000000,0.000000,1.671457,1.671457,26
irish-electricity,config23,1,FAILED TO FIND AN INTEGER FEASIBLE SOLUTION,257.044545,3600,6236,12,12,11,0.000000,0.000000,0.989204,0.989204,29
irish-electricity,config23,2,FAILED TO FIND AN INTEGER FEASIBLE SOLUTION,250.488959,3600,7307,12,12,11,0.000000,0.000000,1.671457,1.671457,26
irish-electricity,config23,3,FAILED TO FIND AN INTEGER FEASIBLE SOLUTION,244.989000,3600,6120,12,12,11,0.000000,0.000000,1.671457,1.671457,21
irish-electricity,config19,1,FOUND INTEGER FEASIBLE,0.000000,28.867109,0,0,-1,-1,3823319.795945,3823319.795945,0.000000,0.000000,0
irish-electricity,config19,2,FOUND INTEGER FEASIBLE,0.000000,28.772515,0,0,-1,-1,3823319.795945,3823319.795945,0.000000,0.000000,0
irish-electricity,config19,3,FOUND INTEGER FEASIBLE,0.000000,28.922873,0,0,-1,-1,3823319.795945,3823319.795945,0.000000,0.000000,0
irish-electricity,config18,1,FOUND INTEGER FEASIBLE,0.000000,41.166790,0,0,-1,-1,4399348.543787,4399348.543787,0.000000,0.000000,0
irish-electricity,config18,2,FOUND INTEGER FEASIBLE,0.000000,41.403248,0,0,-1,-1,4399348.543787,4399348.543787,0.000000,0.000000,0
irish-electricity,config18,3,FOUND INTEGER FEASIBLE,0.000000,41.451359,0,0,-1,-1,4399348.543787,4399348.543787,0.000000,0.000000,0
irp,config1,1,FOUND INTEGER FEASIBLE,0.000000,0.961117,26,0,-1,-1,13500.927812,13500.927812,0.000000,0.000000,0
irp,config1,2,FOUND INTEGER FEASIBLE,0.000000,0.847366,8,0,-1,-1,12631.572877,12631.572877,0.000000,0.000000,0
irp,config1,3,FOUND INTEGER FEASIBLE,0.000000,0.898147,9,0,-1,-1,12287.345886,12287.345886,0.000000,0.000000,0
irp,config3,1,FOUND INTEGER FEASIBLE,0.000000,0.512195,3,0,-1,-1,12273.147705,12273.147705,0.000000,0.000000,0
irp,config3,2,FOUND INTEGER FEASIBLE,0.000000,0.580372,4,0,-1,-1,12432.410127,12432.410127,0.000000,0.000000,0
irp,config3,3,FOUND INTEGER FEASIBLE,0.000000,0.497208,3,0,-1,-1,12273.147705,12273.147705,0.000000,0.000000,0
irp,config20,1,FOUND INTEGER FEASIBLE,0.000000,0.154632,0,0,-1,-1,18142.122646,18142.122646,0.000000,0.000000,0
irp,config20,2,FOUND INTEGER FEASIBLE,0.000000,0.144560,0,0,-1,-1,18142.122646,18142.122646,0.000000,0.000000,0
irp,config20,3,FOUND INTEGER FEASIBLE,0.000000,0.140683,0,0,-1,-1,18142.122646,18142.122646,0.000000,0.000000,0
irp,config16,1,FOUND INTEGER FEASIBLE,0.106327,0.684723,17,3,1,1,12678.549714,12678.549714,0.000000,0.000000,0
irp,config16,2,FOUND INTEGER FEASIBLE,0.101677,0.596970,12,3,1,1,12512.837953,12512.837953,0.000000,0.000000,0
irp,config16,3,FOUND INTEGER FEASIBLE,0.099241,0.502771,4,3,1,1,12396.591949,12396.591949,0.000000,0.000000,0
irp,config17,1,FOUND INTEGER FEASIBLE,0.093682,1.030173,114,9,1,0,12440.184938,12440.184938,0.000000,0.000000,0
irp,config17,2,FOUND INTEGER FEASIBLE,0.125369,1.239687,94,9,1,0,12436.924898,12436.924898,0.000000,0.000000,0
irp,config17,3,FOUND INTEGER FEASIBLE,0.123992,1.165736,89,9,1,0,12601.338075,12601.338075,0.000000,0.000000,0
irp,config21,1,FOUND INTEGER FEASIBLE,0.070364,0.432647,2,2,0,0,12899.055084,12899.055084,0.000000,0.000000,0
irp,config21,2,FOUND INTEGER FEASIBLE,0.070006,0.481270,6,2,0,0,12916.642121,12916.642121,0.000000,0.000000,0
irp,config21,3,FOUND INTEGER FEASIBLE,0.052933,0.368019,5,2,0,0,13077.950960,13077.950960,0.000000,0.000000,0
irp,config23,1,FOUND INTEGER FEASIBLE,0.065596,0.521538,16,2,0,0,12635.372039,12635.372039,0.000000,0.000000,0
irp,config23,2,FOUND INTEGER FEASIBLE,0.047568,0.355372,13,2,0,0,12755.179046,12755.179046,0.000000,0.000000,0
irp,config23,3,FOUND INTEGER FEASIBLE,0.036462,0.305052,15,2,0,0,12403.659027,12403.659027,0.000000,0.000000,0
irp,config19,1,FOUND INTEGER FEASIBLE,0.000000,0.066147,0,0,-1,-1,18142.122646,18142.122646,0.000000,0.000000,0
irp,config19,2,FOUND INTEGER FEASIBLE,0.000000,0.045599,0,0,-1,-1,18142.122646,18142.122646,0.000000,0.000000,0
irp,config19,3,FOUND INTEGER FEASIBLE,0.000000,0.045883,0,0,-1,-1,18142.122646,18142.122646,0.000000,0.000000,0
irp,config18,1,FOUND INTEGER FEASIBLE,0.000000,0.061870,0,0,-1,-1,18142.122646,18142.122646,0.000000,0.000000,0
irp,config18,2,FOUND INTEGER FEASIBLE,0.000000,0.039142,0,0,-1,-1,18142.122646,18142.122646,0.000000,0.000000,0
irp,config18,3,FOUND INTEGER FEASIBLE,0.000000,0.044572,0,0,-1,-1,18142.122646,18142.122646,0.000000,0.000000,0
istanbul-no-cutoff,config1,1,FOUND INTEGER FEASIBLE,0.000000,4.039891,1,0,-1,-1,219.018046,219.018046,0.000000,0.000000,0
istanbul-no-cutoff,config1,2,FOUND INTEGER FEASIBLE,0.000000,3.015215,1,0,-1,-1,330.322651,330.322651,0.000000,0.000000,0
istanbul-no-cutoff,config1,3,FOUND INTEGER FEASIBLE,0.000000,2.711005,1,0,-1,-1,215.749542,215.749542,0.000000,0.000000,0
istanbul-no-cutoff,config3,1,FOUND INTEGER FEASIBLE,0.000000,0.920410,0,0,-1,-1,330.322654,330.322651,0.000000,0.000000,0
istanbul-no-cutoff,config3,2,FOUND INTEGER FEASIBLE,0.000000,0.924961,0,0,-1,-1,330.322654,330.322651,0.000000,0.000000,0
istanbul-no-cutoff,config3,3,FOUND INTEGER FEASIBLE,0.000000,0.917055,0,0,-1,-1,330.322654,330.322651,0.000000,0.000000,0
istanbul-no-cutoff,config20,1,FOUND INTEGER FEASIBLE,0.000000,0.802370,1,0,-1,-1,245.483976,245.483976,0.000000,0.000000,0
istanbul-no-cutoff,config20,2,FOUND INTEGER FEASIBLE,0.000000,0.783349,1,0,-1,-1,245.483976,245.483976,0.000000,0.000000,0
istanbul-no-cutoff,config20,3,FOUND INTEGER FEASIBLE,0.000000,0.785028,1,0,-1,-1,245.483976,245.483976,0.000000,0.000000,0
istanbul-no-cutoff,config16,1,FOUND INTEGER FEASIBLE,0.891707,1.626356,1,8,0,0,314.576727,314.576727,0.000000,0.000000,0
istanbul-no-cutoff,config16,2,FOUND INTEGER FEASIBLE,0.899354,1.612689,1,8,0,0,330.322651,330.322651,0.000000,0.000000,0
istanbul-no-cutoff,config16,3,FOUND INTEGER FEASIBLE,0.502815,1.045510,1,8,0,0,314.576727,314.576727,0.000000,0.000000,0
istanbul-no-cutoff,config17,1,FOUND INTEGER FEASIBLE,0.116299,1.055693,0,0,0,0,330.322654,330.322651,0.000000,0.000000,0
istanbul-no-cutoff,config17,2,FOUND INTEGER FEASIBLE,0.114557,1.027798,0,0,0,0,330.322654,330.322651,0.000000,0.000000,0
istanbul-no-cutoff,config17,3,FOUND INTEGER FEASIBLE,0.114981,1.020814,0,0,0,0,330.322654,330.322651,0.000000,0.000000,0
istanbul-no-cutoff,config21,1,FOUND INTEGER FEASIBLE,1.039455,2.095406,1,3,0,0,275.608774,275.608774,0.000000,0.000000,0
istanbul-no-cutoff,config21,2,FOUND INTEGER FEASIBLE,0.780242,1.608893,1,3,0,0,275.608774,275.608774,0.000000,0.000000,0
istanbul-no-cutoff,config21,3,FOUND INTEGER FEASIBLE,0.592685,1.294347,1,3,0,0,275.608774,275.608774,0.000000,0.000000,0
istanbul-no-cutoff,config23,1,FOUND INTEGER FEASIBLE,1.089286,2.021872,0,3,0,0,330.322654,330.322651,0.000000,0.000000,0
istanbul-no-cutoff,config23,2,FOUND INTEGER FEASIBLE,1.026759,1.915694,0,3,0,0,330.322654,330.322651,0.000000,0.000000,0
istanbul-no-cutoff,config23,3,FOUND INTEGER FEASIBLE,0.541435,1.086375,0,3,0,0,330.322654,330.322651,0.000000,0.000000,0
istanbul-no-cutoff,config19,1,FOUND INTEGER FEASIBLE,0.000000,0.914473,0,0,-1,-1,330.322651,330.322651,0.000000,0.000000,0
istanbul-no-cutoff,config19,2,FOUND INTEGER FEASIBLE,0.000000,0.890522,0,0,-1,-1,330.322651,330.322651,0.000000,0.000000,0
istanbul-no-cutoff,config19,3,FOUND INTEGER FEASIBLE,0.000000,0.892779,0,0,-1,-1,330.322651,330.322651,0.000000,0.000000,0
istanbul-no-cutoff,config18,1,FOUND INTEGER FEASIBLE,0.000000,0.659873,0,0,-1,-1,330.322651,330.322651,0.000000,0.000000,0
istanbul-no-cutoff,config18,2,FOUND INTEGER FEASIBLE,0.000000,0.845701,0,0,-1,-1,330.322651,330.322651,0.000000,0.000000,0
istanbul-no-cutoff,config18,3,FOUND INTEGER FEASIBLE,0.000000,0.929807,0,0,-1,-1,330.322651,330.322651,0.000000,0.000000,0
k1mushroom,config1,1,FOUND INTEGER FEASIBLE,0.000000,51.792433,1,0,-1,-1,-2688.000000,-2688.000000,0.000000,0.000000,0
k1mushroom,config1,2,FOUND INTEGER FEASIBLE,0.000000,51.186185,1,0,-1,-1,-2688.000000,-2688.000000,0.000000,0.000000,0
k1mushroom,config1,3,FOUND INTEGER FEASIBLE,0.000000,51.175463,1,0,-1,-1,-2688.000000,-2688.000000,0.000000,0.000000,0
k1mushroom,config3,1,FOUND INTEGER FEASIBLE,0.000000,12.726891,27,0,-1,-1,-60.000000,-60.000000,0.000000,0.000000,0
k1mushroom,config3,2,FOUND INTEGER FEASIBLE,0.000000,11.030567,20,0,-1,-1,-192.000000,-192.000000,0.000000,0.000000,0
k1mushroom,config3,3,FOUND INTEGER FEASIBLE,0.000000,9.616862,15,0,-1,-1,-88.000000,-88.000000,0.000000,0.000000,0
k1mushroom,config20,1,FOUND INTEGER FEASIBLE,0.000000,4.615420,0,0,-1,-1,-293.000000,-293.000000,0.000000,0.000000,0
k1mushroom,config20,2,FOUND INTEGER FEASIBLE,0.000000,4.569612,0,0,-1,-1,-293.000000,-293.000000,0.000000,0.000000,0
k1mushroom,config20,3,FOUND INTEGER FEASIBLE,0.000000,4.575805,0,0,-1,-1,-293.000000,-293.000000,0.000000,0.000000,0
k1mushroom,config16,1,FOUND INTEGER FEASIBLE,31.730673,53.591075,1,7,0,0,-2688.000000,-2688.000000,0.000000,0.000000,0
k1mushroom,config16,2,FOUND INTEGER FEASIBLE,28.422557,52.999615,1,7,0,0,-2688.000000,-2688.000000,0.000000,0.000000,0
k1mushroom,config16,3,FOUND INTEGER FEASIBLE,30.581426,52.778246,1,7,0,0,-2688.000000,-2688.000000,0.000000,0.000000,0
k1mushroom,config17,1,FOUND INTEGER FEASIBLE,0.702563,22.999139,187,2,1,0,-912.000000,-912.000000,0.000000,0.000000,0
k1mushroom,config17,2,FOUND INTEGER FEASIBLE,0.701238,25.432347,159,2,1,0,-1296.000000,-1296.000000,0.000000,0.000000,0
k1mushroom,config17,3,FOUND INTEGER FEASIBLE,0.701944,71.717580,318,2,2,0,-128.000000,-128.000000,0.000000,0.000000,0
k1mushroom,config21,1,FOUND INTEGER FEASIBLE,1.881093,3.848762,0,2,0,0,0.000000,0.000000,0.000000,0.000000,0
k1mushroom,config21,2,FOUND INTEGER FEASIBLE,1.728606,4.121393,0,2,0,0,0.000000,0.000000,0.000000,0.000000,0
k1mushroom,config21,3,FOUND INTEGER FEASIBLE,2.065941,4.517267,0,2,0,0,0.000000,0.000000,0.000000,0.000000,0
k1mushroom,config23,1,FOUND INTEGER FEASIBLE,1.727430,4.196767,0,2,0,0,0.000000,0.000000,0.000000,0.000000,0
k1mushroom,config23,2,FOUND INTEGER FEASIBLE,1.695056,4.264312,0,2,0,0,0.000000,0.000000,0.000000,0.000000,0
k1mushroom,config23,3,FOUND INTEGER FEASIBLE,2.472281,5.100473,0,2,0,0,0.000000,0.000000,0.000000,0.000000,0
k1mushroom,config19,1,FOUND INTEGER FEASIBLE,0.000000,0.867913,0,0,-1,-1,0.000000,0.000000,0.000000,0.000000,0
k1mushroom,config19,2,FOUND INTEGER FEASIBLE,0.000000,0.625263,0,0,-1,-1,0.000000,0.000000,0.000000,0.000000,0
k1mushroom,config19,3,FOUND INTEGER FEASIBLE,0.000000,0.632536,0,0,-1,-1,0.000000,0.000000,0.000000,0.000000,0
k1mushroom,config18,1,FOUND INTEGER FEASIBLE,0.000000,0.632603,0,0,-1,-1,0.000000,0.000000,0.000000,0.000000,0
k1mushroom,config18,2,FOUND INTEGER FEASIBLE,0.000000,0.635515,0,0,-1,-1,0.000000,0.000000,0.000000,0.000000,0
k1mushroom,config18,3,FOUND INTEGER FEASIBLE,0.000000,0.628919,0,0,-1,-1,0.000000,0.000000,0.000000,0.000000,0
lectsched-5-obj,config1,1,FAILED TO FIND AN INTEGER FEASIBLE SOLUTION,0.000000,293.000048,12000,0,-1,-1,0.000000,0.000000,0.778766,0.778766,23
lectsched-5-obj,config1,2,FAILED TO FIND AN INTEGER FEASIBLE SOLUTION,0.000000,290.466521,12000,0,-1,-1,0.000000,0.000000,2.227781,2.227781,26
lectsched-5-obj,config1,3,FAILED TO FIND AN INTEGER FEASIBLE SOLUTION,0.000000,287.433887,12000,0,-1,-1,0.000000,0.000000,0.566380,1.566380,31
lectsched-5-obj,config3,1,FAILED TO FIND AN INTEGER FEASIBLE SOLUTION,0.000000,295.845028,12000,0,-1,-1,0.000000,0.000000,1.772857,1.772857,21
lectsched-5-obj,config3,2,FAILED TO FIND AN INTEGER FEASIBLE SOLUTION,0.000000,295.265546,12000,0,-1,-1,0.000000,0.000000,1.344339,1.344339,20
lectsched-5-obj,config3,3,FAILED TO FIND AN INTEGER FEASIBLE SOLUTION,0.000000,304.116764,12000,0,-1,-1,0.000000,0.000000,1.205945,1.205945,15
lectsched-5-obj,config20,1,FAILED TO FIND AN INTEGER FEASIBLE SOLUTION,0.000000,518.188513,12000,0,-1,-1,0.000000,0.000000,1.156000,1.156000,35
lectsched-5-obj,config20,2,FAILED TO FIND AN INTEGER FEASIBLE SOLUTION,0.000000,530.852306,12000,0,-1,-1,0.000000,0.000000,0.688501,0.688501,16
lectsched-5-obj,config20,3,FAILED TO FIND AN INTEGER FEASIBLE SOLUTION,0.000000,522.497963,12000,0,-1,-1,0.000000,0.000000,1.112460,3.079673,29
lectsched-5-obj,config16,1,FAILED TO FIND AN INTEGER FEASIBLE SOLUTION,0.686394,216.158009,12000,11,11,8,0.000000,0.000000,1.229961,1.229961,27
lectsched-5-obj,config16,2,FAILED TO FIND AN INTEGER FEASIBLE SOLUTION,0.425097,223.361089,12000,11,11,8,0.000000,0.000000,1.226643,1.226643,23
lectsched-5-obj,config16,3,FAILED TO FIND AN INTEGER FEASIBLE SOLUTION,0.676020,220.191318,12000,11,11,8,0.000000,0.000000,1.574860,1.574860,27
lectsched-5-obj,config17,1,FAILED TO FIND AN INTEGER FEASIBLE SOLUTION,0.234494,226.833741,12000,2,2,2,0.000000,0.000000,1.772857,1.772857,21
lectsched-5-obj,config17,2,FAILED TO FIND AN INTEGER FEASIBLE SOLUTION,0.442961,230.009247,12000,2,2,2,0.000000,0.000000,1.344339,1.344339,20
lectsched-5-obj,config17,3,FAILED TO FIND AN INTEGER FEASIBLE SOLUTION,0.334335,234.824470,12000,2,2,2,0.000000,0.000000,1.205945,1.205945,15
lectsched-5-obj,config21,1,FAILED TO FIND AN INTEGER FEASIBLE SOLUTION,1.063810,220.460865,12000,11,11,7,0.000000,0.000000,2.001323,2.001323,25
lectsched-5-obj,config21,2,FAILED TO FIND AN INTEGER FEASIBLE SOLUTION,1.075825,236.511745,12000,11,11,7,0.000000,0.000000,1.619237,1.619237,35
lectsched-5-obj,config21,3,FAILED TO FIND AN INTEGER FEASIBLE SOLUTION,1.061297,223.114323,12000,11,11,7,0.000000,0.000000,1.145112,1.145112,25
lectsched-5-obj,config23,1,FAILED TO FIND AN INTEGER FEASIBLE SOLUTION,0.793853,215.595063,12000,11,11,7,0.000000,0.000000,1.058672,3.058672,21
lectsched-5-obj,config23,2,FAILED TO FIND AN INTEGER FEASIBLE SOLUTION,0.820625,215.163011,12000,11,11,7,0.000000,0.000000,0.950008,0.950008,26
lectsched-5-obj,config23,3,FAILED TO FIND AN INTEGER FEASIBLE SOLUTION,0.802057,214.561839,12000,11,11,7,0.000000,0.000000,0.434382,0.434382,11
lectsched-5-obj,config19,1,FOUND INTEGER FEASIBLE,0.000000,321.968838,0,0,-1,-1,65.000000,65.000000,0.000000,0.000000,0
lectsched-5-obj,config19,2,FOUND INTEGER FEASIBLE,0.000000,322.931197,0,0,-1,-1,65.000000,65.000000,0.000000,0.000000,0
lectsched-5-obj,config19,3,FOUND INTEGER FEASIBLE,0.000000,322.149832,0,0,-1,-1,65.000000,65.000000,0.000000,0.000000,0
lectsched-5-obj,config18,1,FOUND INTEGER FEASIBLE,0.000000,62.155825,0,0,-1,-1,37.000000,37.000000,0.000000,0.000000,0
lectsched-5-obj,config18,2,FOUND INTEGER FEASIBLE,0.000000,61.427005,0,0,-1,-1,37.000000,37.000000,0.000000,0.000000,0
lectsched-5-obj,config18,3,FOUND INTEGER FEASIBLE,0.000000,62.290337,0,0,-1,-1,37.000000,37.000000,0.000000,0.000000,0
leo1,config1,1,FOUND INTEGER FEASIBLE,0.000000,0.390419,1,0,-1,-1,569346246.720000,569346246.720000,0.000000,0.000000,0
leo1,config1,2,FOUND INTEGER FEASIBLE,0.000000,0.388889,1,0,-1,-1,535634944.320000,535634944.320000,0.000000,0.000000,0
leo1,config1,3,FOUND INTEGER FEASIBLE,0.000000,0.390172,1,0,-1,-1,750577639.520000,750577639.520000,0.000000,0.000000,0
leo1,config3,1,FOUND INTEGER FEASIBLE,0.000000,0.354344,1,0,-1,-1,842279606.080000,842279606.080000,0.000000,0.000000,0
leo1,config3,2,FOUND INTEGER FEASIBLE,0.000000,0.353511,1,0,-1,-1,747472001.120000,747472001.120000,0.000000,0.000000,0
leo1,config3,3,FOUND INTEGER FEASIBLE,0.000000,0.350725,1,0,-1,-1,902647825.440000,902647825.440000,0.000000,0.000000,0
leo1,config20,1,FOUND INTEGER FEASIBLE,0.000000,0.175597,0,0,-1,-1,11316149849.439999,11316149849.440002,0.000000,0.000000,0
leo1,config20,2,FOUND INTEGER FEASIBLE,0.000000,0.163606,0,0,-1,-1,11316149849.439999,11316149849.440002,0.000000,0.000000,0
leo1,config20,3,FOUND INTEGER FEASIBLE,0.000000,0.161533,0,0,-1,-1,11316149849.439999,11316149849.440002,0.000000,0.000000,0
leo1,config16,1,FOUND INTEGER FEASIBLE,0.091446,0.327827,1,11,0,0,546295577.920000,546295577.920000,0.000000,0.000000,0
leo1,config16,2,FOUND INTEGER FEASIBLE,0.091133,0.320525,1,11,0,0,509869027.200000,509869027.200000,0.000000,0.000000,0
leo1,config16,3,FOUND INTEGER FEASIBLE,0.090337,0.312239,1,11,0,0,572596863.840000,572596863.840000,0.000000,0.000000,0
leo1,config17,1,FOUND INTEGER FEASIBLE,0.057670,0.289319,1,7,0,0,820462626.880000,820462626.880000,0.000000,0.000000,0
leo1,config17,2,FOUND INTEGER FEASIBLE,0.057222,0.280947,1,7,0,0,721934901.280000,721934901.280000,0.000000,0.000000,0
leo1,config17,3,FOUND INTEGER FEASIBLE,0.057130,0.288267,1,7,0,0,859625858.560000,859625858.560000,0.000000,0.000000,0
leo1,config21,1,FOUND INTEGER FEASIBLE,0.048217,0.375701,0,1,0,0,11943866862.560001,11943866862.559996,0.000000,0.000000,0
leo1,config21,2,FOUND INTEGER FEASIBLE,0.047728,0.368858,0,1,0,0,11943866862.560001,11943866862.559996,0.000000,0.000000,0
leo1,config21,3,FOUND INTEGER FEASIBLE,0.047938,0.380465,0,1,0,0,11943866862.560001,11943866862.559996,0.000000,0.000000,0
leo1,config23,1,FOUND INTEGER FEASIBLE,0.047784,0.362035,1,1,0,0,820845807.040000,820845807.040000,0.000000,0.000000,0
leo1,config23,2,FOUND INTEGER FEASIBLE,0.043692,0.335803,1,1,0,0,820845807.040000,820845807.040000,0.000000,0.000000,0
leo1,config23,3,FOUND INTEGER FEASIBLE,0.035503,0.274761,1,1,0,0,936981275.680000,936981275.680000,0.000000,0.000000,0
leo1,config19,1,FOUND INTEGER FEASIBLE,0.000000,0.133944,0,0,-1,-1,1834449304.960000,1834449304.960001,0.000000,0.000000,0
leo1,config19,2,FOUND INTEGER FEASIBLE,0.000000,0.117177,0,0,-1,-1,1834449304.960000,1834449304.960001,0.000000,0.000000,0
leo1,config19,3,FOUND INTEGER FEASIBLE,0.000000,0.118885,0,0,-1,-1,1834449304.960000,1834449304.960001,0.000000,0.000000,0
leo1,config18,1,FOUND INTEGER FEASIBLE,0.000000,0.244277,0,0,-1,-1,1834449304.960000,1834449304.960001,0.000000,0.000000,0
leo1,config18,2,FOUND INTEGER FEASIBLE,0.000000,0.224003,0,0,-1,-1,1834449304.960000,1834449304.960001,0.000000,0.000000,0
leo1,config18,3,FOUND INTEGER FEASIBLE,0.000000,0.222062,0,0,-1,-1,1834449304.960000,1834449304.960001,0.000000,0.000000,0
leo2,config1,1,FOUND INTEGER FEASIBLE,0.000000,0.791522,1,0,-1,-1,581903940.160000,581903940.160000,0.000000,0.000000,0
leo2,config1,2,FOUND INTEGER FEASIBLE,0.000000,0.796304,1,0,-1,-1,547708223.200000,547708223.200000,0.000000,0.000000,0
leo2,config1,3,FOUND INTEGER FEASIBLE,0.000000,0.789830,1,0,-1,-1,697204210.240000,697204210.240000,0.000000,0.000000,0
leo2,config3,1,FOUND INTEGER FEASIBLE,0.000000,0.736265,1,0,-1,-1,865946428.580000,865946428.580000,0.000000,0.000000,0
leo2,config3,2,FOUND INTEGER FEASIBLE,0.000000,0.734748,1,0,-1,-1,838714733.060000,838714733.060000,0.000000,0.000000,0
leo2,config3,3,FOUND INTEGER FEASIBLE,0.000000,0.735741,1,0,-1,-1,1817281448.980000,1817281448.980000,0.000000,0.000000,0
leo2,config20,1,FOUND INTEGER FEASIBLE,0.000000,0.350017,0,0,-1,-1,28743143103.779995,28743143103.780025,0.000000,0.000000,0
leo2,config20,2,FOUND INTEGER FEASIBLE,0.000000,0.331250,0,0,-1,-1,28743143103.779995,28743143103.780025,0.000000,0.000000,0
leo2,config20,3,FOUND INTEGER FEASIBLE,0.000000,0.332008,0,0,-1,-1,28743143103.779995,28743143103.780025,0.000000,0.000000,0
leo2,config16,1,FOUND INTEGER FEASIBLE,0.150634,0.578506,1,11,0,0,589022517.760000,589022517.760000,0.000000,0.000000,0
leo2,config16,2,FOUND INTEGER FEASIBLE,0.151728,0.579528,1,11,0,0,567803958.400000,567803958.400000,0.000000,0.000000,0
leo2,config16,3,FOUND INTEGER FEASIBLE,0.149975,0.573201,1,11,0,0,589022517.760000,589022517.760000,0.000000,0.000000,0
leo2,config17,1,FOUND INTEGER FEASIBLE,0.074520,0.433467,1,5,0,0,978936692.720000,978936692.720000,0.000000,0.000000,0
leo2,config17,2,FOUND INTEGER FEASIBLE,0.074066,0.400637,1,5,0,0,818885638.520000,818885638.520000,0.000000,0.000000,0
leo2,config17,3,FOUND INTEGER FEASIBLE,0.099296,0.525683,1,5,0,0,1020932219.120000,1020932219.120000,0.000000,0.000000,0
leo2,config21,1,FOUND INTEGER FEASIBLE,0.077381,0.728319,0,0,0,0,28743143103.779995,28743143103.780025,0.000000,0.000000,0
leo2,config21,2,FOUND INTEGER FEASIBLE,0.077184,0.747777,0,0,0,0,28743143103.779995,28743143103.780025,0.000000,0.000000,0
leo2,config21,3,FOUND INTEGER FEASIBLE,0.077322,0.764130,0,0,0,0,28743143103.779995,28743143103.780025,0.000000,0.000000,0
leo2,config23,1,FOUND INTEGER FEASIBLE,0.079806,0.804235,1,0,0,0,865946428.580000,865946428.580000,0.000000,0.000000,0
leo2,config23,2,FOUND INTEGER FEASIBLE,0.077083,0.766366,1,0,0,0,838714733.060000,838714733.060000,0.000000,0.000000,0
leo2,config23,3,FOUND INTEGER FEASIBLE,0.077637,0.782318,1,0,0,0,1817281448.980000,1817281448.980000,0.000000,0.000000,0
leo2,config19,1,FOUND INTEGER FEASIBLE,0.000000,0.282145,0,0,-1,-1,2106776439.520000,2106776439.520000,0.000000,0.000000,0
leo2,config19,2,FOUND INTEGER FEASIBLE,0.000000,0.262943,0,0,-1,-1,2106776439.520000,2106776439.520000,0.000000,0.000000,0
leo2,config19,3,FOUND INTEGER FEASIBLE,0.000000,0.261594,0,0,-1,-1,2106776439.520000,2106776439.520000,0.000000,0.000000,0
leo2,config18,1,FOUND INTEGER FEASIBLE,0.000000,0.533446,0,0,-1,-1,2106776439.520000,2106776439.520000,0.000000,0.000000,0
leo2,config18,2,FOUND INTEGER FEASIBLE,0.000000,0.503643,0,0,-1,-1,2106776439.520000,2106776439.520000,0.000000,0.000000,0
leo2,config18,3,FOUND INTEGER FEASIBLE,0.000000,0.498950,0,0,-1,-1,2106776439.520000,2106776439.520000,0.000000,0.000000,0
lotsize,config1,1,FOUND INTEGER FEASIBLE,0.000000,0.359314,22,0,-1,-1,4208271.000000,4208271.000000,0.000000,0.000000,0
lotsize,config1,2,FOUND INTEGER FEASIBLE,0.000000,0.313614,18,0,-1,-1,4575344.000000,4575344.000000,0.000000,0.000000,0
lotsize,config1,3,FOUND INTEGER FEASIBLE,0.000000,0.320239,19,0,-1,-1,4272591.000000,4272591.000000,0.000000,0.000000,0
lotsize,config3,1,FOUND INTEGER FEASIBLE,0.000000,0.352695,21,0,-1,-1,9770520.000000,9770520.000000,0.000000,0.000000,0
lotsize,config3,2,FOUND INTEGER FEASIBLE,0.000000,0.363618,22,0,-1,-1,9788382.000000,9788382.000000,0.000000,0.000000,0
lotsize,config3,3,FOUND INTEGER FEASIBLE,0.000000,0.334062,20,0,-1,-1,9507157.000000,9507157.000000,0.000000,0.000000,0
lotsize,config20,1,FOUND INTEGER FEASIBLE,0.000000,0.123582,52,0,-1,-1,9472427.000000,9332361.000000,0.000000,0.000000,0
lotsize,config20,2,FOUND INTEGER FEASIBLE,0.000000,0.096703,37,0,-1,-1,9353781.000000,8895925.000000,0.000000,0.000000,0
lotsize,config20,3,FOUND INTEGER FEASIBLE,0.000000,0.099013,39,0,-1,-1,8883785.000000,8768014.000000,0.000000,0.000000,0
lotsize,config16,1,FOUND INTEGER FEASIBLE,0.022026,0.263918,110,10,1,1,4641247.000000,4097692.000000,0.000000,0.000000,0
lotsize,config16,2,FOUND INTEGER FEASIBLE,0.018530,0.286491,110,10,2,1,9045159.000000,6048427.000000,0.000000,0.000000,0
lotsize,config16,3,FOUND INTEGER FEASIBLE,0.022122,0.208321,78,10,1,1,4836582.000000,4603303.000000,0.000000,0.000000,0
lotsize,config17,1,FOUND INTEGER FEASIBLE,0.014262,0.085755,14,8,0,0,10596127.000000,10596127.000000,0.000000,0.000000,0
lotsize,config17,2,FOUND INTEGER FEASIBLE,0.014365,0.090032,16,8,0,0,10564107.000000,10564107.000000,0.000000,0.000000,0
lotsize,config17,3,FOUND INTEGER FEASIBLE,0.014379,0.090242,16,8,0,0,10824700.000000,10824700.000000,0.000000,0.000000,0
lotsize,config21,1,FOUND INTEGER FEASIBLE,0.019131,0.286203,110,9,0,0,6709957.000000,6239032.000000,0.000000,0.000000,0
lotsize,config21,2,FOUND INTEGER FEASIBLE,0.018796,0.126132,28,9,0,0,9223093.000000,8238042.000000,0.000000,0.000000,0
lotsize,config21,3,FOUND INTEGER FEASIBLE,0.019107,0.184383,57,9,0,0,7228088.000000,5852029.000000,0.000000,0.000000,0
lotsize,config23,1,FOUND INTEGER FEASIBLE,0.022538,0.106556,18,9,0,0,9846114.000000,9846114.000000,0.000000,0.000000,0
lotsize,config23,2,FOUND INTEGER FEASIBLE,0.018953,0.093494,15,9,0,0,10225260.000000,10225197.000000,0.000000,0.000000,0
lotsize,config23,3,FOUND INTEGER FEASIBLE,0.018886,0.102920,20,9,0,0,10845026.000000,10844963.000000,0.000000,0.000000,0
lotsize,config19,1,FOUND INTEGER FEASIBLE,0.000000,6.439918,0,0,-1,-1,2319643.000000,2319643.000000,0.000000,0.000000,0
lotsize,config19,2,FOUND INTEGER FEASIBLE,0.000000,6.434642,0,0,-1,-1,2319643.000000,2319643.000000,0.000000,0.000000,0
lotsize,config19,3,FOUND INTEGER FEASIBLE,0.000000,6.443846,0,0,-1,-1,2319643.000000,2319643.000000,0.000000,0.000000,0
lotsize,config18,1,FOUND INTEGER FEASIBLE,0.000000,2.972904,0,0,-1,-1,2344852.000000,2344206.000000,0.000000,0.000000,0
lotsize,config18,2,FOUND INTEGER FEASIBLE,0.000000,3.597586,0,0,-1,-1,2344852.000000,2344206.000000,0.000000,0.000000,0
lotsize,config18,3,FOUND INTEGER FEASIBLE,0.000000,4.798907,0,0,-1,-1,2344852.000000,2344206.000000,0.000000,0.000000,0
mad,config1,1,FOUND INTEGER FEASIBLE,0.000000,0.032263,1,0,-1,-1,2.244400,2.244400,0.000000,0.000000,0
mad,config1,2,FOUND INTEGER FEASIBLE,0.000000,0.033257,1,0,-1,-1,4.984400,4.984400,0.000000,0.000000,0
mad,config1,3,FOUND INTEGER FEASIBLE,0.000000,0.032406,1,0,-1,-1,3.278400,3.278400,0.000000,0.000000,0
mad,config3,1,FOUND INTEGER FEASIBLE,0.000000,0.013076,0,0,-1,-1,10.975200,10.975200,0.000000,0.000000,0
mad,config3,2,FOUND INTEGER FEASIBLE,0.000000,0.013839,0,0,-1,-1,10.975200,10.975200,0.000000,0.000000,0
mad,config3,3,FOUND INTEGER FEASIBLE,0.000000,0.012435,0,0,-1,-1,10.975200,10.975200,0.000000,0.000000,0
mad,config20,1,FOUND INTEGER FEASIBLE,0.000000,0.007247,0,0,-1,-1,10.769600,10.769600,0.000000,0.000000,0
mad,config20,2,FOUND INTEGER FEASIBLE,0.000000,0.013144,0,0,-1,-1,10.769600,10.769600,0.000000,0.000000,0
mad,config20,3,FOUND INTEGER FEASIBLE,0.000000,0.009657,0,0,-1,-1,10.769600,10.769600,0.000000,0.000000,0
mad,config16,1,FOUND INTEGER FEASIBLE,0.004408,0.024505,1,6,0,0,1.719800,1.719800,0.000000,0.000000,0
mad,config16,2,FOUND INTEGER FEASIBLE,0.004293,0.024563,1,6,0,0,1.597000,1.597000,0.000000,0.000000,0
mad,config16,3,FOUND INTEGER FEASIBLE,0.004261,0.024219,1,6,0,0,2.496400,2.496400,0.000000,0.000000,0
mad,config17,1,FOUND INTEGER FEASIBLE,0.001461,0.017028,0,0,0,0,10.975200,10.975200,0.000000,0.000000,0
mad,config17,2,FOUND INTEGER FEASIBLE,0.001416,0.017166,0,0,0,0,10.975200,10.975200,0.000000,0.000000,0
mad,config17,3,FOUND INTEGER FEASIBLE,0.001579,0.020583,0,0,0,0,10.975200,10.975200,0.000000,0.000000,0
mad,config21,1,FOUND INTEGER FEASIBLE,0.001482,0.017008,0,0,0,0,10.769600,10.769600,0.000000,0.000000,0
mad,config21,2,FOUND INTEGER FEASIBLE,0.001441,0.016992,0,0,0,0,10.769600,10.769600,0.000000,0.000000,0
mad,config21,3,FOUND INTEGER FEASIBLE,0.001431,0.016936,0,0,0,0,10.769600,10.769600,0.000000,0.000000,0
mad,config23,1,FOUND INTEGER FEASIBLE,0.001166,0.015438,0,0,0,0,10.975200,10.975200,0.000000,0.000000,0
mad,config23,2,FOUND INTEGER FEASIBLE,0.001404,0.017021,0,0,0,0,10.975200,10.975200,0.000000,0.000000,0
mad,config23,3,FOUND INTEGER FEASIBLE,0.001162,0.013927,0,0,0,0,10.975200,10.975200,0.000000,0.000000,0
mad,config19,1,FOUND INTEGER FEASIBLE,0.000000,0.006298,0,0,-1,-1,14.118400,14.118400,0.000000,0.000000,0
mad,config19,2,FOUND INTEGER FEASIBLE,0.000000,0.007608,0,0,-1,-1,14.118400,14.118400,0.000000,0.000000,0
mad,config19,3,FOUND INTEGER FEASIBLE,0.000000,0.008209,0,0,-1,-1,14.118400,14.118400,0.000000,0.000000,0
mad,config18,1,FOUND INTEGER FEASIBLE,0.000000,0.011912,0,0,-1,-1,14.118400,14.118400,0.000000,0.000000,0
mad,config18,2,FOUND INTEGER FEASIBLE,0.000000,0.010637,0,0,-1,-1,14.118400,14.118400,0.000000,0.000000,0
mad,config18,3,FOUND INTEGER FEASIBLE,0.000000,0.011325,0,0,-1,-1,14.118400,14.118400,0.000000,0.000000,0
map10,config1,1,FOUND INTEGER FEASIBLE,0.000000,5.511034,1,0,-1,-1,-194.400000,-243.000000,0.000000,0.000000,0
map10,config1,2,FOUND INTEGER FEASIBLE,0.000000,6.050615,1,0,-1,-1,-44.500000,-54.000000,0.000000,0.000000,0
map10,config1,3,FOUND INTEGER FEASIBLE,0.000000,5.806127,1,0,-1,-1,-156.000000,-183.000000,0.000000,0.000000,0
map10,config3,1,FOUND INTEGER FEASIBLE,0.000000,2.137818,0,0,-1,-1,0.000000,0.000000,0.000000,0.000000,0
map10,config3,2,FOUND INTEGER FEASIBLE,0.000000,2.121309,0,0,-1,-1,0.000000,0.000000,0.000000,0.000000,0
map10,config3,3,FOUND INTEGER FEASIBLE,0.000000,2.120342,0,0,-1,-1,0.000000,0.000000,0.000000,0.000000,0
map10,config20,1,FOUND INTEGER FEASIBLE,0.000000,2.380484,1,0,-1,-1,0.000000,-1.000000,0.000000,0.000000,0
map10,config20,2,FOUND INTEGER FEASIBLE,0.000000,2.311863,1,0,-1,-1,0.000000,-1.000000,0.000000,0.000000,0
map10,config20,3,FOUND INTEGER FEASIBLE,0.000000,1.459699,1,0,-1,-1,0.000000,-1.000000,0.000000,0.000000,0
map10,config16,1,FOUND INTEGER FEASIBLE,4.073084,6.203011,0,11,0,0,0.000000,0.000000,0.000000,0.000000,0
map10,config16,2,FOUND INTEGER FEASIBLE,3.670090,5.768660,0,11,0,0,0.000000,0.000000,0.000000,0.000000,0
map10,config16,3,FOUND INTEGER FEASIBLE,3.793373,5.990118,0,11,0,0,0.000000,0.000000,0.000000,0.000000,0
map10,config17,1,FOUND INTEGER FEASIBLE,0.023716,1.293149,0,1,0,0,0.000000,0.000000,0.000000,0.000000,0
map10,config17,2,FOUND INTEGER FEASIBLE,0.034649,1.790718,0,1,0,0,0.000000,0.000000,0.000000,0.000000,0
map10,config17,3,FOUND INTEGER FEASIBLE,0.034028,1.764520,0,1,0,0,0.000000,0.000000,0.000000,0.000000,0
map10,config21,1,FOUND INTEGER FEASIBLE,0.059790,1.924638,1,2,0,0,0.000000,-27.000000,0.000000,0.000000,0
map10,config21,2,FOUND INTEGER FEASIBLE,0.043570,2.155244,1,2,0,0,0.000000,-27.000000,0.000000,0.000000,0
map10,config21,3,FOUND INTEGER FEASIBLE,0.043616,2.154087,1,2,0,0,0.000000,-27.000000,0.000000,0.000000,0
map10,config23,1,FOUND INTEGER FEASIBLE,0.031926,1.318362,0,2,0,0,0.000000,0.000000,0.000000,0.000000,0
map10,config23,2,FOUND INTEGER FEASIBLE,0.031809,1.313737,0,2,0,0,0.000000,0.000000,0.000000,0.000000,0
map10,config23,3,FOUND INTEGER FEASIBLE,0.042967,2.172281,0,2,0,0,0.000000,0.000000,0.000000,0.000000,0
map10,config19,1,FOUND INTEGER FEASIBLE,0.000000,0.441105,0,0,-1,-1,0.000000,0.000000,0.000000,0.000000,0
map10,config19,2,FOUND INTEGER FEASIBLE,0.000000,0.312523,0,0,-1,-1,0.000000,0.000000,0.000000,0.000000,0
map10,config19,3,FOUND INTEGER FEASIBLE,0.000000,0.308391,0,0,-1,-1,0.000000,0.000000,0.000000,0.000000,0
map10,config18,1,FOUND INTEGER FEASIBLE,0.000000,0.736807,0,0,-1,-1,0.000000,0.000000,0.000000,0.000000,0
map10,config18,2,FOUND INTEGER FEASIBLE,0.000000,0.572828,0,0,-1,-1,0.000000,0.000000,0.000000,0.000000,0
map10,config18,3,FOUND INTEGER FEASIBLE,0.000000,0.573337,0,0,-1,-1,0.000000,0.000000,0.000000,0.000000,0
map16715-04,config1,1,FOUND INTEGER FEASIBLE,0.000000,6.346938,1,0,-1,-1,-22.500000,-23.000000,0.000000,0.000000,0
map16715-04,config1,2,FOUND INTEGER FEASIBLE,0.000000,7.164769,1,0,-1,-1,0.000000,0.000000,0.000000,0.000000,0
map16715-04,config1,3,FOUND INTEGER FEASIBLE,0.000000,6.438028,1,0,-1,-1,-19.000000,-25.000000,0.000000,0.000000,0
map16715-04,config3,1,FOUND INTEGER FEASIBLE,0.000000,2.151529,0,0,-1,-1,0.000000,0.000000,0.000000,0.000000,0
map16715-04,config3,2,FOUND INTEGER FEASIBLE,0.000000,2.132560,0,0,-1,-1,0.000000,0.000000,0.000000,0.000000,0
map16715-04,config3,3,FOUND INTEGER FEASIBLE,0.000000,2.143660,0,0,-1,-1,0.000000,0.000000,0.000000,0.000000,0
map16715-04,config20,1,FOUND INTEGER FEASIBLE,0.000000,2.216587,1,0,-1,-1,0.000000,0.000000,0.000000,0.000000,0
map16715-04,config20,2,FOUND INTEGER FEASIBLE,0.000000,2.389761,1,0,-1,-1,0.000000,0.000000,0.000000,0.000000,0
map16715-04,config20,3,FOUND INTEGER FEASIBLE,0.000000,2.360974,1,0,-1,-1,0.000000,0.000000,0.000000,0.000000,0
map16715-04,config16,1,FOUND INTEGER FEASIBLE,5.583020,7.671448,1,8,0,0,-34.000000,-34.000000,0.000000,0.000000,0
map16715-04,config16,2,FOUND INTEGER FEASIBLE,4.525465,5.806733,1,8,0,0,0.000000,0.000000,0.000000,0.000000,0
map16715-04,config16,3,FOUND INTEGER FEASIBLE,4.645154,6.350729,1,8,0,0,-34.000000,-34.000000,0.000000,0.000000,0
map16715-04,config17,1,FOUND INTEGER FEASIBLE,0.031794,2.147720,0,1,0,0,0.000000,0.000000,0.000000,0.000000,0
map16715-04,config17,2,FOUND INTEGER FEASIBLE,0.023847,1.303316,0,1,0,0,0.000000,0.000000,0.000000,0.000000,0
map16715-04,config17,3,FOUND INTEGER FEASIBLE,0.031843,2.142338,0,1,0,0,0.000000,0.000000,0.000000,0.000000,0
map16715-04,config21,1,FOUND INTEGER FEASIBLE,0.040678,2.185545,1,2,0,0,0.000000,0.000000,0.000000,0.000000,0
map16715-04,config21,2,FOUND INTEGER FEASIBLE,0.031548,1.360266,1,2,0,0,0.000000,0.000000,0.000000,0.000000,0
map16715-04,config21,3,FOUND INTEGER FEASIBLE,0.031903,1.373260,1,2,0,0,0.000000,0.000000,0.000000,0.000000,0
map16715-04,config23,1,FOUND INTEGER FEASIBLE,0.045328,1.825997,0,2,0,0,0.000000,0.000000,0.000000,0.000000,0
map16715-04,config23,2,FOUND INTEGER FEASIBLE,0.046386,1.877537,0,2,0,0,0.000000,0.000000,0.000000,0.000000,0
map16715-04,config23,3,FOUND INTEGER FEASIBLE,0.045471,1.856716,0,2,0,0,0.000000,0.000000,0.000000,0.000000,0
map16715-04,config19,1,FOUND INTEGER FEASIBLE,0.000000,0.816708,0,0,-1,-1,0.000000,0.000000,0.000000,0.000000,0
map16715-04,config19,2,FOUND INTEGER FEASIBLE,0.000000,0.572449,0,0,-1,-1,0.000000,0.000000,0.000000,0.000000,0
map16715-04,config19,3,FOUND INTEGER FEASIBLE,0.000000,0.507785,0,0,-1,-1,0.000000,0.000000,0.000000,0.000000,0
map16715-04,config18,1,FOUND INTEGER FEASIBLE,0.000000,0.767552,0,0,-1,-1,0.000000,0.000000,0.000000,0.000000,0
map16715-04,config18,2,FOUND INTEGER FEASIBLE,0.000000,0.572104,0,0,-1,-1,0.000000,0.000000,0.000000,0.000000,0
map16715-04,config18,3,FOUND INTEGER FEASIBLE,0.000000,0.567662,0,0,-1,-1,0.000000,0.000000,0.000000,0.000000,0
markshare2,config1,1,FOUND INTEGER FEASIBLE,0.000000,0.008376,1,0,-1,-1,338.000000,338.000000,0.000000,0.000000,0
markshare2,config1,2,FOUND INTEGER FEASIBLE,0.000000,0.008133,1,0,-1,-1,674.000000,674.000000,0.000000,0.000000,0
markshare2,config1,3,FOUND INTEGER FEASIBLE,0.000000,0.008273,1,0,-1,-1,367.000000,367.000000,0.000000,0.000000,0
markshare2,config3,1,FOUND INTEGER FEASIBLE,0.000000,0.004014,0,0,-1,-1,10512.000000,10512.000000,0.000000,0.000000,0
markshare2,config3,2,FOUND INTEGER FEASIBLE,0.000000,0.004728,0,0,-1,-1,10512.000000,10512.000000,0.000000,0.000000,0
markshare2,config3,3,FOUND INTEGER FEASIBLE,0.000000,0.003978,0,0,-1,-1,10512.000000,10512.000000,0.000000,0.000000,0
markshare2,config20,1,FOUND INTEGER FEASIBLE,0.000000,0.004721,1,0,-1,-1,208.000000,208.000000,0.000000,0.000000,0
markshare2,config20,2,FOUND INTEGER FEASIBLE,0.000000,0.006798,1,0,-1,-1,506.000000,506.000000,0.000000,0.000000,0
markshare2,config20,3,FOUND INTEGER FEASIBLE,0.000000,0.004147,1,0,-1,-1,208.000000,208.000000,0.000000,0.000000,0
markshare2,config16,1,FOUND INTEGER FEASIBLE,0.001456,0.007643,1,5,0,0,380.000000,380.000000,0.000000,0.000000,0
markshare2,config16,2,FOUND INTEGER FEASIBLE,0.001341,0.007003,1,5,0,0,615.000000,615.000000,0.000000,0.000000,0
markshare2,config16,3,FOUND INTEGER FEASIBLE,0.001398,0.006771,1,5,0,0,380.000000,380.000000,0.000000,0.000000,0
markshare2,config17,1,FOUND INTEGER FEASIBLE,0.000665,0.005480,0,0,0,0,10512.000000,10512.000000,0.000000,0.000000,0
markshare2,config17,2,FOUND INTEGER FEASIBLE,0.000729,0.005633,0,0,0,0,10512.000000,10512.000000,0.000000,0.000000,0
markshare2,config17,3,FOUND INTEGER FEASIBLE,0.000649,0.005404,0,0,0,0,10512.000000,10512.000000,0.000000,0.000000,0
markshare2,config21,1,FOUND INTEGER FEASIBLE,0.001276,0.005421,0,8,0,0,838.000000,838.000000,0.000000,0.000000,0
markshare2,config21,2,FOUND INTEGER FEASIBLE,0.001300,0.005375,0,8,0,0,838.000000,838.000000,0.000000,0.000000,0
markshare2,config21,3,FOUND INTEGER FEASIBLE,0.001226,0.005475,0,8,0,0,838.000000,838.000000,0.000000,0.000000,0
markshare2,config23,1,FOUND INTEGER FEASIBLE,0.001259,0.005395,0,8,0,0,10512.000000,10512.000000,0.000000,0.000000,0
markshare2,config23,2,FOUND INTEGER FEASIBLE,0.001297,0.005423,0,8,0,0,10512.000000,10512.000000,0.000000,0.000000,0
markshare2,config23,3,FOUND INTEGER FEASIBLE,0.001246,0.005475,0,8,0,0,10512.000000,10512.000000,0.000000,0.000000,0
markshare2,config19,1,FOUND INTEGER FEASIBLE,0.000000,0.001610,0,0,-1,-1,10512.000000,10512.000000,0.000000,0.000000,0
markshare2,config19,2,FOUND INTEGER FEASIBLE,0.000000,0.001545,0,0,-1,-1,10512.000000,10512.000000,0.000000,0.000000,0
markshare2,config19,3,FOUND INTEGER FEASIBLE,0.000000,0.001555,0,0,-1,-1,10512.000000,10512.000000,0.000000,0.000000,0
markshare2,config18,1,FOUND INTEGER FEASIBLE,0.000000,0.002126,0,0,-1,-1,10512.000000,10512.000000,0.000000,0.000000,0
markshare2,config18,2,FOUND INTEGER FEASIBLE,0.000000,0.001635,0,0,-1,-1,10512.000000,10512.000000,0.000000,0.000000,0
markshare2,config18,3,FOUND INTEGER FEASIBLE,0.000000,0.001656,0,0,-1,-1,10512.000000,10512.000000,0.000000,0.000000,0
markshare_4_0,config1,1,FOUND INTEGER FEASIBLE,0.000000,0.004155,1,0,-1,-1,173.000000,173.000000,0.000000,0.000000,0
markshare_4_0,config1,2,FOUND INTEGER FEASIBLE,0.000000,0.004481,1,0,-1,-1,173.000000,173.000000,0.000000,0.000000,0
markshare_4_0,config1,3,FOUND INTEGER FEASIBLE,0.000000,0.004787,1,0,-1,-1,173.000000,173.000000,0.000000,0.000000,0
markshare_4_0,config3,1,FOUND INTEGER FEASIBLE,0.000000,0.003031,0,0,-1,-1,3082.000000,3082.000000,0.000000,0.000000,0
markshare_4_0,config3,2,FOUND INTEGER FEASIBLE,0.000000,0.004661,0,0,-1,-1,3082.000000,3082.000000,0.000000,0.000000,0
markshare_4_0,config3,3,FOUND INTEGER FEASIBLE,0.000000,0.003380,0,0,-1,-1,3082.000000,3082.000000,0.000000,0.000000,0
markshare_4_0,config20,1,FOUND INTEGER FEASIBLE,0.000000,0.003005,1,0,-1,-1,136.000000,136.000000,0.000000,0.000000,0
markshare_4_0,config20,2,FOUND INTEGER FEASIBLE,0.000000,0.002502,1,0,-1,-1,136.000000,136.000000,0.000000,0.000000,0
markshare_4_0,config20,3,FOUND INTEGER FEASIBLE,0.000000,0.003153,1,0,-1,-1,136.000000,136.000000,0.000000,0.000000,0
markshare_4_0,config16,1,FOUND INTEGER FEASIBLE,0.000881,0.004720,1,4,0,0,220.000000,220.000000,0.000000,0.000000,0
markshare_4_0,config16,2,FOUND INTEGER FEASIBLE,0.000876,0.004551,1,4,0,0,220.000000,220.000000,0.000000,0.000000,0
markshare_4_0,config16,3,FOUND INTEGER FEASIBLE,0.000883,0.004558,1,4,0,0,220.000000,220.000000,0.000000,0.000000,0
markshare_4_0,config17,1,FOUND INTEGER FEASIBLE,0.000471,0.003817,0,0,0,0,3082.000000,3082.000000,0.000000,0.000000,0
markshare_4_0,config17,2,FOUND INTEGER FEASIBLE,0.000482,0.003816,0,0,0,0,3082.000000,3082.000000,0.000000,0.000000,0
markshare_4_0,config17,3,FOUND INTEGER FEASIBLE,0.000538,0.003837,0,0,0,0,3082.000000,3082.000000,0.000000,0.000000,0
markshare_4_0,config21,1,FOUND INTEGER FEASIBLE,0.000935,0.004014,0,5,0,0,521.000000,521.000000,0.000000,0.000000,0
markshare_4_0,config21,2,FOUND INTEGER FEASIBLE,0.000835,0.003982,0,5,0,0,521.000000,521.000000,0.000000,0.000000,0
markshare_4_0,config21,3,FOUND INTEGER FEASIBLE,0.000897,0.004072,0,5,0,0,521.000000,521.000000,0.000000,0.000000,0
markshare_4_0,config23,1,FOUND INTEGER FEASIBLE,0.000844,0.004020,0,5,0,0,3082.000000,3082.000000,0.000000,0.000000,0
markshare_4_0,config23,2,FOUND INTEGER FEASIBLE,0.000827,0.003890,0,5,0,0,3082.000000,3082.000000,0.000000,0.000000,0
markshare_4_0,config23,3,FOUND INTEGER FEASIBLE,0.000848,0.003852,0,5,0,0,3082.000000,3082.000000,0.000000,0.000000,0
markshare_4_0,config19,1,FOUND INTEGER FEASIBLE,0.000000,0.001280,0,0,-1,-1,3082.000000,3082.000000,0.000000,0.000000,0
markshare_4_0,config19,2,FOUND INTEGER FEASIBLE,0.000000,0.001150,0,0,-1,-1,3082.000000,3082.000000,0.000000,0.000000,0
markshare_4_0,config19,3,FOUND INTEGER FEASIBLE,0.000000,0.001204,0,0,-1,-1,3082.000000,3082.000000,0.000000,0.000000,0
markshare_4_0,config18,1,FOUND INTEGER FEASIBLE,0.000000,0.001658,0,0,-1,-1,3082.000000,3082.000000,0.000000,0.000000,0
markshare_4_0,config18,2,FOUND INTEGER FEASIBLE,0.000000,0.001988,0,0,-1,-1,3082.000000,3082.000000,0.000000,0.000000,0
markshare_4_0,config18,3,FOUND INTEGER FEASIBLE,0.000000,0.001764,0,0,-1,-1,3082.000000,3082.000000,0.000000,0.000000,0
mas74,config1,1,FOUND INTEGER FEASIBLE,0.000000,0.012845,1,0,-1,-1,19197.468031,19197.468031,0.000000,0.000000,0
mas74,config1,2,FOUND INTEGER FEASIBLE,0.000000,0.014106,1,0,-1,-1,37428.256050,37428.256050,0.000000,0.000000,0
mas74,config1,3,FOUND INTEGER FEASIBLE,0.000000,0.012781,1,0,-1,-1,21073.540740,21073.540740,0.000000,0.000000,0
mas74,config3,1,FOUND INTEGER FEASIBLE,0.000000,0.010887,0,0,-1,-1,157344.610330,157344.610330,0.000000,0.000000,0
mas74,config3,2,FOUND INTEGER FEASIBLE,0.000000,0.012059,0,0,-1,-1,157344.610330,157344.610330,0.000000,0.000000,0
mas74,config3,3,FOUND INTEGER FEASIBLE,0.000000,0.010777,0,0,-1,-1,157344.610330,157344.610330,0.000000,0.000000,0
mas74,config20,1,FOUND INTEGER FEASIBLE,0.000000,0.006578,0,0,-1,-1,157344.610530,53043.396104,0.000000,0.000000,0
mas74,config20,2,FOUND INTEGER FEASIBLE,0.000000,0.009363,0,0,-1,-1,157344.610530,53043.396104,0.000000,0.000000,0
mas74,config20,3,FOUND INTEGER FEASIBLE,0.000000,0.007530,0,0,-1,-1,157344.610530,53043.396104,0.000000,0.000000,0
mas74,config16,1,FOUND INTEGER FEASIBLE,0.002893,0.011480,0,8,0,0,48248.650416,48248.650416,0.000000,0.000000,0
mas74,config16,2,FOUND INTEGER FEASIBLE,0.002872,0.011403,0,8,0,0,48248.650416,48248.650416,0.000000,0.000000,0
mas74,config16,3,FOUND INTEGER FEASIBLE,0.002892,0.011214,0,8,0,0,48248.650416,48248.650416,0.000000,0.000000,0
mas74,config17,1,FOUND INTEGER FEASIBLE,0.000461,0.009866,0,0,0,0,157344.610330,157344.610330,0.000000,0.000000,0
mas74,config17,2,FOUND INTEGER FEASIBLE,0.000598,0.011177,0,0,0,0,157344.610330,157344.610330,0.000000,0.000000,0
mas74,config17,3,FOUND INTEGER FEASIBLE,0.000588,0.011301,0,0,0,0,157344.610330,157344.610330,0.000000,0.000000,0
mas74,config21,1,FOUND INTEGER FEASIBLE,0.000660,0.011408,0,0,0,0,157344.610530,53043.396104,0.000000,0.000000,0
mas74,config21,2,FOUND INTEGER FEASIBLE,0.000647,0.011324,0,0,0,0,157344.610530,53043.396104,0.000000,0.000000,0
mas74,config21,3,FOUND INTEGER FEASIBLE,0.000642,0.011111,0,0,0,0,157344.610530,53043.396104,0.000000,0.000000,0
mas74,config23,1,FOUND INTEGER FEASIBLE,0.000635,0.011468,0,0,0,0,157344.610330,157344.610330,0.000000,0.000000,0
mas74,config23,2,FOUND INTEGER FEASIBLE,0.000647,0.011232,0,0,0,0,157344.610330,157344.610330,0.000000,0.000000,0
mas74,config23,3,FOUND INTEGER FEASIBLE,0.000617,0.011310,0,0,0,0,157344.610330,157344.610330,0.000000,0.000000,0
mas74,config19,1,FOUND INTEGER FEASIBLE,0.000000,0.002264,0,0,-1,-1,157344.610330,157344.610330,0.000000,0.000000,0
mas74,config19,2,FOUND INTEGER FEASIBLE,0.000000,0.002222,0,0,-1,-1,157344.610330,157344.610330,0.000000,0.000000,0
mas74,config19,3,FOUND INTEGER FEASIBLE,0.000000,0.003955,0,0,-1,-1,157344.610330,157344.610330,0.000000,0.000000,0
mas74,config18,1,FOUND INTEGER FEASIBLE,0.000000,0.002996,0,0,-1,-1,157344.610330,157344.610330,0.000000,0.000000,0
mas74,config18,2,FOUND INTEGER FEASIBLE,0.000000,0.002189,0,0,-1,-1,157344.610330,157344.610330,0.000000,0.000000,0
mas74,config18,3,FOUND INTEGER FEASIBLE,0.000000,0.002383,0,0,-1,-1,157344.610330,157344.610330,0.000000,0.000000,0
mas76,config1,1,FOUND INTEGER FEASIBLE,0.000000,0.013984,1,0,-1,-1,44877.421401,44877.421401,0.000000,0.000000,0
mas76,config1,2,FOUND INTEGER FEASIBLE,0.000000,0.014233,1,0,-1,-1,55985.610470,55985.610470,0.000000,0.000000,0
mas76,config1,3,FOUND INTEGER FEASIBLE,0.000000,0.012981,1,0,-1,-1,45973.977930,45973.977930,0.000000,0.000000,0
mas76,config3,1,FOUND INTEGER FEASIBLE,0.000000,0.010695,0,0,-1,-1,157344.610330,157344.610330,0.000000,0.000000,0
mas76,config3,2,FOUND INTEGER FEASIBLE,0.000000,0.011924,0,0,-1,-1,157344.610330,157344.610330,0.000000,0.000000,0
mas76,config3,3,FOUND INTEGER FEASIBLE,0.000000,0.010866,0,0,-1,-1,157344.610330,157344.610330,0.000000,0.000000,0
mas76,config20,1,FOUND INTEGER FEASIBLE,0.000000,0.007752,0,0,-1,-1,157344.610480,93644.999207,0.000000,0.000000,0
mas76,config20,2,FOUND INTEGER FEASIBLE,0.000000,0.006965,0,0,-1,-1,157344.610480,93644.999207,0.000000,0.000000,0
mas76,config20,3,FOUND INTEGER FEASIBLE,0.000000,0.006198,0,0,-1,-1,157344.610480,93644.999207,0.000000,0.000000,0
mas76,config16,1,FOUND INTEGER FEASIBLE,0.002700,0.010970,0,8,0,0,72167.004836,72167.004836,0.000000,0.000000,0
mas76,config16,2,FOUND INTEGER FEASIBLE,0.002734,0.010957,0,8,0,0,72167.004836,72167.004836,0.000000,0.000000,0
mas76,config16,3,FOUND INTEGER FEASIBLE,0.002735,0.010845,0,8,0,0,72167.004836,72167.004836,0.000000,0.000000,0
mas76,config17,1,FOUND INTEGER FEASIBLE,0.000564,0.011792,0,0,0,0,157344.610330,157344.610330,0.000000,0.000000,0
mas76,config17,2,FOUND INTEGER FEASIBLE,0.000546,0.011685,0,0,0,0,157344.610330,157344.610330,0.000000,0.000000,0
mas76,config17,3,FOUND INTEGER FEASIBLE,0.000612,0.011844,0,0,0,0,157344.610330,157344.610330,0.000000,0.000000,0
mas76,config21,1,FOUND INTEGER FEASIBLE,0.000652,0.011961,0,0,0,0,157344.610480,93644.999207,0.000000,0.000000,0
mas76,config21,2,FOUND INTEGER FEASIBLE,0.000620,0.011787,0,0,0,0,157344.610480,93644.999207,0.000000,0.000000,0
mas76,config21,3,FOUND INTEGER FEASIBLE,0.000637,0.011824,0,0,0,0,157344.610480,93644.999207,0.000000,0.000000,0
mas76,config23,1,FOUND INTEGER FEASIBLE,0.000651,0.011869,0,0,0,0,157344.610330,157344.610330,0.000000,0.000000,0
mas76,config23,2,FOUND INTEGER FEASIBLE,0.000612,0.011844,0,0,0,0,157344.610330,157344.610330,0.000000,0.000000,0
mas76,config23,3,FOUND INTEGER FEASIBLE,0.000635,0.011936,0,0,0,0,157344.610330,157344.610330,0.000000,0.000000,0
mas76,config19,1,FOUND INTEGER FEASIBLE,0.000000,0.001234,0,0,-1,-1,157344.610330,157344.610330,0.000000,0.000000,0
mas76,config19,2,FOUND INTEGER FEASIBLE,0.000000,0.002206,0,0,-1,-1,157344.610330,157344.610330,0.000000,0.000000,0
mas76,config19,3,FOUND INTEGER FEASIBLE,0.000000,0.002175,0,0,-1,-1,157344.610330,157344.610330,0.000000,0.000000,0
mas76,config18,1,FOUND INTEGER FEASIBLE,0.000000,0.002740,0,0,-1,-1,157344.610330,157344.610330,0.000000,0.000000,0
mas76,config18,2,FOUND INTEGER FEASIBLE,0.000000,0.001243,0,0,-1,-1,157344.610330,157344.610330,0.000000,0.000000,0
mas76,config18,3,FOUND INTEGER FEASIBLE,0.000000,0.002525,0,0,-1,-1,157344.610330,157344.610330,0.000000,0.000000,0
mc11,config1,1,FOUND INTEGER FEASIBLE,0.000000,0.251715,16,0,-1,-1,31028.000000,31028.000000,0.000000,0.000000,0
mc11,config1,2,FOUND INTEGER FEASIBLE,0.000000,0.280817,18,0,-1,-1,30880.000000,30880.000000,0.000000,0.000000,0
mc11,config1,3,FOUND INTEGER FEASIBLE,0.000000,0.236576,15,0,-1,-1,30174.000000,30174.000000,0.000000,0.000000,0
mc11,config3,1,FOUND INTEGER FEASIBLE,0.000000,0.250937,15,0,-1,-1,34432.000000,34432.000000,0.000000,0.000000,0
mc11,config3,2,FOUND INTEGER FEASIBLE,0.000000,0.288093,18,0,-1,-1,33418.000000,33418.000000,0.000000,0.000000,0
mc11,config3,3,FOUND INTEGER FEASIBLE,0.000000,0.263625,16,0,-1,-1,33010.000000,33010.000000,0.000000,0.000000,0
mc11,config20,1,FOUND INTEGER FEASIBLE,0.000000,0.047676,0,0,-1,-1,128755.000000,128755.000000,0.000000,0.000000,0
mc11,config20,2,FOUND INTEGER FEASIBLE,0.000000,0.046165,0,0,-1,-1,128755.000000,128755.000000,0.000000,0.000000,0
mc11,config20,3,FOUND INTEGER FEASIBLE,0.000000,0.046655,0,0,-1,-1,128755.000000,128755.000000,0.000000,0.000000,0
mc11,config16,1,FOUND INTEGER FEASIBLE,0.024069,0.123395,16,9,0,0,30628.000000,30628.000000,0.000000,0.000000,0
mc11,config16,2,FOUND INTEGER FEASIBLE,0.027390,0.130686,18,9,0,0,32055.000000,32055.000000,0.000000,0.000000,0
mc11,config16,3,FOUND INTEGER FEASIBLE,0.026893,0.123685,15,9,0,0,31271.000000,31271.000000,0.000000,0.000000,0
mc11,config17,1,FOUND INTEGER FEASIBLE,0.039320,0.134625,16,9,0,0,31579.000000,31579.000000,0.000000,0.000000,0
mc11,config17,2,FOUND INTEGER FEASIBLE,0.039319,0.138709,18,9,0,0,32970.000000,32970.000000,0.000000,0.000000,0
mc11,config17,3,FOUND INTEGER FEASIBLE,0.042814,0.143250,16,9,0,0,33401.000000,33401.000000,0.000000,0.000000,0
mc11,config21,1,FOUND INTEGER FEASIBLE,0.012949,0.065979,0,1,1,1,128755.000000,128755.000000,0.000000,0.000000,0
mc11,config21,2,FOUND INTEGER FEASIBLE,0.010888,0.058711,0,1,1,1,128755.000000,128755.000000,0.000000,0.000000,0
mc11,config21,3,FOUND INTEGER FEASIBLE,0.010858,0.058643,0,1,1,1,128755.000000,128755.000000,0.000000,0.000000,0
mc11,config23,1,FOUND INTEGER FEASIBLE,0.012912,0.108545,15,1,1,1,34432.000000,34432.000000,0.000000,0.000000,0
mc11,config23,2,FOUND INTEGER FEASIBLE,0.010884,0.108540,18,1,1,1,33418.000000,33418.000000,0.000000,0.000000,0
mc11,config23,3,FOUND INTEGER FEASIBLE,0.013106,0.112162,16,1,1,1,33010.000000,33010.000000,0.000000,0.000000,0
mc11,config19,1,FOUND INTEGER FEASIBLE,0.000000,0.021439,0,0,-1,-1,128755.000000,128755.000000,0.000000,0.000000,0
mc11,config19,2,FOUND INTEGER FEASIBLE,0.000000,0.021400,0,0,-1,-1,128755.000000,128755.000000,0.000000,0.000000,0
mc11,config19,3,FOUND INTEGER FEASIBLE,0.000000,0.021713,0,0,-1,-1,128755.000000,128755.000000,0.000000,0.000000,0
mc11,config18,1,FOUND INTEGER FEASIBLE,0.000000,0.026680,0,0,-1,-1,128755.000000,128755.000000,0.000000,0.000000,0
mc11,config18,2,FOUND INTEGER FEASIBLE,0.000000,0.033315,0,0,-1,-1,128755.000000,128755.000000,0.000000,0.000000,0
mc11,config18,3,FOUND INTEGER FEASIBLE,0.000000,0.034933,0,0,-1,-1,128755.000000,128755.000000,0.000000,0.000000,0
mcsched,config1,1,FOUND INTEGER FEASIBLE,0.000000,0.313428,1,0,-1,-1,343391.000000,343391.000000,0.000000,0.000000,0
mcsched,config1,2,FOUND INTEGER FEASIBLE,0.000000,0.316760,1,0,-1,-1,473146.000000,473146.000000,0.000000,0.000000,0
mcsched,config1,3,FOUND INTEGER FEASIBLE,0.000000,0.312733,1,0,-1,-1,247706.000000,247706.000000,0.000000,0.000000,0
mcsched,config3,1,FOUND INTEGER FEASIBLE,0.000000,0.039255,0,0,-1,-1,475437.000000,475437.000000,0.000000,0.000000,0
mcsched,config3,2,FOUND INTEGER FEASIBLE,0.000000,0.037714,0,0,-1,-1,475437.000000,475437.000000,0.000000,0.000000,0
mcsched,config3,3,FOUND INTEGER FEASIBLE,0.000000,0.039944,0,0,-1,-1,475437.000000,475437.000000,0.000000,0.000000,0
mcsched,config20,1,FOUND INTEGER FEASIBLE,0.000000,0.135019,1,0,-1,-1,432584.000000,432584.000000,0.000000,0.000000,0
mcsched,config20,2,FOUND INTEGER FEASIBLE,0.000000,0.132123,1,0,-1,-1,474484.000000,474484.000000,0.000000,0.000000,0
mcsched,config20,3,FOUND INTEGER FEASIBLE,0.000000,0.125495,1,0,-1,-1,247966.000000,247966.000000,0.000000,0.000000,0
mcsched,config16,1,FOUND INTEGER FEASIBLE,0.342108,0.369807,0,11,0,0,355728.000000,355728.000000,0.000000,0.000000,0
mcsched,config16,2,FOUND INTEGER FEASIBLE,0.343150,0.375450,0,11,0,0,355728.000000,355728.000000,0.000000,0.000000,0
mcsched,config16,3,FOUND INTEGER FEASIBLE,0.259462,0.290444,0,11,0,0,355728.000000,355728.000000,0.000000,0.000000,0
mcsched,config17,1,FOUND INTEGER FEASIBLE,0.002641,0.028302,0,1,0,0,474282.000000,474282.000000,0.000000,0.000000,0
mcsched,config17,2,FOUND INTEGER FEASIBLE,0.003244,0.034323,0,1,0,0,474282.000000,474282.000000,0.000000,0.000000,0
mcsched,config17,3,FOUND INTEGER FEASIBLE,0.002784,0.029001,0,1,0,0,474282.000000,474282.000000,0.000000,0.000000,0
mcsched,config21,1,FOUND INTEGER FEASIBLE,0.165075,0.197334,0,10,0,0,341567.000000,341567.000000,0.000000,0.000000,0
mcsched,config21,2,FOUND INTEGER FEASIBLE,0.160436,0.186528,0,10,0,0,341567.000000,341567.000000,0.000000,0.000000,0
mcsched,config21,3,FOUND INTEGER FEASIBLE,0.161021,0.187562,0,10,0,0,341567.000000,341567.000000,0.000000,0.000000,0
mcsched,config23,1,FOUND INTEGER FEASIBLE,0.160777,0.187295,0,10,0,0,337568.000000,337568.000000,0.000000,0.000000,0
mcsched,config23,2,FOUND INTEGER FEASIBLE,0.160883,0.187554,0,10,0,0,337568.000000,337568.000000,0.000000,0.000000,0
mcsched,config23,3,FOUND INTEGER FEASIBLE,0.164169,0.195269,0,10,0,0,337568.000000,337568.000000,0.000000,0.000000,0
mcsched,config19,1,FOUND INTEGER FEASIBLE,0.000000,0.022945,0,0,-1,-1,475196.000000,475196.000000,0.000000,0.000000,0
mcsched,config19,2,FOUND INTEGER FEASIBLE,0.000000,0.019917,0,0,-1,-1,475196.000000,475196.000000,0.000000,0.000000,0
mcsched,config19,3,FOUND INTEGER FEASIBLE,0.000000,0.019642,0,0,-1,-1,475196.000000,475196.000000,0.000000,0.000000,0
mcsched,config18,1,FOUND INTEGER FEASIBLE,0.000000,0.034720,0,0,-1,-1,475196.000000,475196.000000,0.000000,0.000000,0
mcsched,config18,2,FOUND INTEGER FEASIBLE,0.000000,0.024852,0,0,-1,-1,475196.000000,475196.000000,0.000000,0.000000,0
mcsched,config18,3,FOUND INTEGER FEASIBLE,0.000000,0.031364,0,0,-1,-1,475196.000000,475196.000000,0.000000,0.000000,0
mik-250-20-75-4,config1,1,FOUND INTEGER FEASIBLE,0.000000,0.041430,2,0,-1,-1,-43191.000000,-43907.000000,0.000000,0.000000,0
mik-250-20-75-4,config1,2,FOUND INTEGER FEASIBLE,0.000000,0.030163,2,0,-1,-1,-3736.000000,-3736.000000,0.000000,0.000000,0
mik-250-20-75-4,config1,3,FOUND INTEGER FEASIBLE,0.000000,0.036187,2,0,-1,-1,-43191.000000,-43907.000000,0.000000,0.000000,0
mik-250-20-75-4,config3,1,FOUND INTEGER FEASIBLE,0.000000,0.016458,0,0,-1,-1,780596.000000,750000.000000,0.000000,0.000000,0
mik-250-20-75-4,config3,2,FOUND INTEGER FEASIBLE,0.000000,0.032996,0,0,-1,-1,780596.000000,750000.000000,0.000000,0.000000,0
mik-250-20-75-4,config3,3,FOUND INTEGER FEASIBLE,0.000000,0.025869,0,0,-1,-1,780596.000000,750000.000000,0.000000,0.000000,0
mik-250-20-75-4,config20,1,FOUND INTEGER FEASIBLE,0.000000,0.092343,2,0,-1,-1,653676.000000,653676.000000,0.000000,0.000000,0
mik-250-20-75-4,config20,2,FOUND INTEGER FEASIBLE,0.000000,0.065531,2,0,-1,-1,650250.000000,650250.000000,0.000000,0.000000,0
mik-250-20-75-4,config20,3,FOUND INTEGER FEASIBLE,0.000000,0.092045,2,0,-1,-1,651811.000000,650373.000000,0.000000,0.000000,0
mik-250-20-75-4,config16,1,FOUND INTEGER FEASIBLE,0.007004,0.045075,2,10,0,0,0.000000,0.000000,0.000000,0.000000,0
mik-250-20-75-4,config16,2,FOUND INTEGER FEASIBLE,0.008363,0.053639,2,10,0,0,100.000000,100.000000,0.000000,0.000000,0
mik-250-20-75-4,config16,3,FOUND INTEGER FEASIBLE,0.006995,0.045613,2,10,0,0,200.000000,200.000000,0.000000,0.000000,0
mik-250-20-75-4,config17,1,FOUND INTEGER FEASIBLE,0.000783,0.032346,0,0,0,0,780596.000000,750000.000000,0.000000,0.000000,0
mik-250-20-75-4,config17,2,FOUND INTEGER FEASIBLE,0.000788,0.032272,0,0,0,0,780596.000000,750000.000000,0.000000,0.000000,0
mik-250-20-75-4,config17,3,FOUND INTEGER FEASIBLE,0.000799,0.032445,0,0,0,0,780596.000000,750000.000000,0.000000,0.000000,0
mik-250-20-75-4,config21,1,FOUND INTEGER FEASIBLE,0.004918,0.033692,0,12,0,0,778425.000000,747829.000000,0.000000,0.000000,0
mik-250-20-75-4,config21,2,FOUND INTEGER FEASIBLE,0.004935,0.033702,0,12,0,0,778425.000000,747829.000000,0.000000,0.000000,0
mik-250-20-75-4,config21,3,FOUND INTEGER FEASIBLE,0.004931,0.033973,0,12,0,0,778425.000000,747829.000000,0.000000,0.000000,0
mik-250-20-75-4,config23,1,FOUND INTEGER FEASIBLE,0.006092,0.040375,0,12,0,0,780596.000000,750000.000000,0.000000,0.000000,0
mik-250-20-75-4,config23,2,FOUND INTEGER FEASIBLE,0.005933,0.040254,0,12,0,0,780596.000000,750000.000000,0.000000,0.000000,0
mik-250-20-75-4,config23,3,FOUND INTEGER FEASIBLE,0.004972,0.033274,0,12,0,0,780596.000000,750000.000000,0.000000,0.000000,0
mik-250-20-75-4,config19,1,FOUND INTEGER FEASIBLE,0.000000,0.003952,0,0,-1,-1,0.000000,0.000000,0.000000,0.000000,0
mik-250-20-75-4,config19,2,FOUND INTEGER FEASIBLE,0.000000,0.006771,0,0,-1,-1,0.000000,0.000000,0.000000,0.000000,0
mik-250-20-75-4,config19,3,FOUND INTEGER FEASIBLE,0.000000,0.009062,0,0,-1,-1,0.000000,0.000000,0.000000,0.000000,0
mik-250-20-75-4,config18,1,FOUND INTEGER FEASIBLE,0.000000,0.006866,0,0,-1,-1,0.000000,0.000000,0.000000,0.000000,0
mik-250-20-75-4,config18,2,FOUND INTEGER FEASIBLE,0.000000,0.005381,0,0,-1,-1,0.000000,0.000000,0.000000,0.000000,0
mik-250-20-75-4,config18,3,FOUND INTEGER FEASIBLE,0.000000,0.006937,0,0,-1,-1,0.000000,0.000000,0.000000,0.000000,0
milo-v12-6-r2-40-1,config1,1,FOUND INTEGER FEASIBLE,0.000000,0.650997,19,0,-1,-1,831319.096939,831319.096939,0.000000,0.000000,0
milo-v12-6-r2-40-1,config1,2,FOUND INTEGER FEASIBLE,0.000000,0.535597,23,0,-1,-1,850267.036331,850267.036331,0.000000,0.000000,0
milo-v12-6-r2-40-1,config1,3,FOUND INTEGER FEASIBLE,0.000000,0.389238,5,0,-1,-1,509024.354929,509024.354929,0.000000,0.000000,0
milo-v12-6-r2-40-1,config3,1,FOUND INTEGER FEASIBLE,0.000000,0.636811,16,0,-1,-1,826038.239818,826038.239818,0.000000,0.000000,0
milo-v12-6-r2-40-1,config3,2,FOUND INTEGER FEASIBLE,0.000000,0.636411,21,0,-1,-1,833226.179210,833226.179210,0.000000,0.000000,0
milo-v12-6-r2-40-1,config3,3,FOUND INTEGER FEASIBLE,0.000000,0.594450,14,0,-1,-1,825195.313424,825195.313424,0.000000,0.000000,0
milo-v12-6-r2-40-1,config20,1,FOUND INTEGER FEASIBLE,0.000000,0.253261,0,0,-1,-1,1468763.635436,1468763.635436,0.000000,0.000000,0
milo-v12-6-r2-40-1,config20,2,FOUND INTEGER FEASIBLE,0.000000,0.249194,0,0,-1,-1,1468763.635436,1468763.635436,0.000000,0.000000,0
milo-v12-6-r2-40-1,config20,3,FOUND INTEGER FEASIBLE,0.000000,0.247942,0,0,-1,-1,1468763.635436,1468763.635436,0.000000,0.000000,0
milo-v12-6-r2-40-1,config16,1,FOUND INTEGER FEASIBLE,0.879524,1.016587,7,2,0,0,497923.926369,497923.926369,0.000000,0.000000,0
milo-v12-6-r2-40-1,config16,2,FOUND INTEGER FEASIBLE,0.892316,1.058896,12,2,0,0,509923.926369,509923.926369,0.000000,0.000000,0
milo-v12-6-r2-40-1,config16,3,FOUND INTEGER FEASIBLE,0.910581,1.064947,5,2,0,0,494923.926369,494923.926369,0.000000,0.000000,0
milo-v12-6-r2-40-1,config17,1,FOUND INTEGER FEASIBLE,0.469499,0.731077,16,1,0,0,826038.239818,826038.239818,0.000000,0.000000,0
milo-v12-6-r2-40-1,config17,2,FOUND INTEGER FEASIBLE,0.470831,0.753864,21,1,0,0,832886.767955,832886.767955,0.000000,0.000000,0
milo-v12-6-r2-40-1,config17,3,FOUND INTEGER FEASIBLE,0.468734,0.715086,14,1,0,0,816794.884863,816794.884863,0.000000,0.000000,0
milo-v12-6-r2-40-1,config21,1,FOUND INTEGER FEASIBLE,0.104702,0.294395,0,0,0,0,1468763.635436,1468763.635436,0.000000,0.000000,0
milo-v12-6-r2-40-1,config21,2,FOUND INTEGER FEASIBLE,0.103943,0.294012,0,0,0,0,1468763.635436,1468763.635436,0.000000,0.000000,0
milo-v12-6-r2-40-1,config21,3,FOUND INTEGER FEASIBLE,0.104199,0.286039,0,0,0,0,1468763.635436,1468763.635436,0.000000,0.000000,0
milo-v12-6-r2-40-1,config23,1,FOUND INTEGER FEASIBLE,0.105043,0.631085,16,0,0,0,826038.239818,826038.239818,0.000000,0.000000,0
milo-v12-6-r2-40-1,config23,2,FOUND INTEGER FEASIBLE,0.104176,0.597075,21,0,0,0,833226.179210,833226.179210,0.000000,0.000000,0
milo-v12-6-r2-40-1,config23,3,FOUND INTEGER FEASIBLE,0.103643,0.606830,14,0,0,0,825195.313424,825195.313424,0.000000,0.000000,0
milo-v12-6-r2-40-1,config19,1,FOUND INTEGER FEASIBLE,0.000000,1.941057,0,0,-1,-1,1237103.635436,1237103.635436,0.000000,0.000000,0
milo-v12-6-r2-40-1,config19,2,FOUND INTEGER FEASIBLE,0.000000,1.941242,0,0,-1,-1,1237103.635436,1237103.635436,0.000000,0.000000,0
milo-v12-6-r2-40-1,config19,3,FOUND INTEGER FEASIBLE,0.000000,1.940468,0,0,-1,-1,1237103.635436,1237103.635436,0.000000,0.000000,0
milo-v12-6-r2-40-1,config18,1,FOUND INTEGER FEASIBLE,0.000000,18.165216,0,0,-1,-1,1237103.635436,1237103.635436,0.000000,0.000000,0
milo-v12-6-r2-40-1,config18,2,FOUND INTEGER FEASIBLE,0.000000,17.890007,0,0,-1,-1,1237103.635436,1237103.635436,0.000000,0.000000,0
milo-v12-6-r2-40-1,config18,3,FOUND INTEGER FEASIBLE,0.000000,18.730945,0,0,-1,-1,1237103.635436,1237103.635436,0.000000,0.000000,0
momentum1,config1,1,FOUND INTEGER FEASIBLE,0.000000,14.871748,512,0,-1,-1,301635.298821,301632.329292,0.000018,0.000000,0
momentum1,config1,2,FOUND INTEGER FEASIBLE,0.000000,50.057589,2502,0,-1,-1,404366.354498,404361.239914,0.000000,0.000000,0
momentum1,config1,3,FOUND INTEGER FEASIBLE,0.000000,34.974440,1736,0,-1,-1,372262.291202,372258.192465,0.000000,0.000000,0
momentum1,config3,1,FOUND INTEGER FEASIBLE,0.000000,25.711220,1045,0,-1,-1,365869.609539,365863.615690,0.000000,0.000000,0
momentum1,config3,2,FOUND INTEGER FEASIBLE,0.000000,39.017092,1697,0,-1,-1,391429.981319,391426.656565,0.000000,0.000000,0
momentum1,config3,3,FOUND INTEGER FEASIBLE,0.000000,5.338049,150,0,-1,-1,320801.229534,320798.501479,0.000000,0.000000,0
momentum1,config20,1,FOUND INTEGER FEASIBLE,0.000000,0.761270,1,0,-1,-1,533880.440554,533875.801311,0.000000,0.000000,0
momentum1,config20,2,FOUND INTEGER FEASIBLE,0.000000,0.749203,1,0,-1,-1,533879.946488,533875.307243,0.000000,0.000000,0
momentum1,config20,3,FOUND INTEGER FEASIBLE,0.000000,0.746552,1,0,-1,-1,533880.440554,533875.801311,0.000000,0.000000,0
momentum1,config16,1,FOUND INTEGER FEASIBLE,1.788034,53.305161,4460,8,8,0,372305.495273,372300.499954,0.000000,0.000000,0
momentum1,config16,2,FOUND INTEGER FEASIBLE,1.432546,15.455701,1108,8,8,0,359372.024126,359364.811723,0.000000,0.000000,0
momentum1,config16,3,FOUND INTEGER FEASIBLE,1.798502,6.566915,462,8,5,0,269581.270667,269578.478352,0.000000,0.000000,0
momentum1,config17,1,FOUND INTEGER FEASIBLE,6.492616,53.699005,3483,10,10,0,397932.313863,397927.508918,0.000000,0.000000,0
momentum1,config17,2,FOUND INTEGER FEASIBLE,7.180497,24.104828,1308,10,10,0,385074.638616,385069.545981,0.000000,0.000000,0
momentum1,config17,3,FOUND INTEGER FEASIBLE,6.290075,7.955161,194,10,1,0,307936.962605,307931.232999,0.000017,0.000000,0
momentum1,config21,1,FOUND INTEGER FEASIBLE,1.509473,1.979776,37,7,0,0,282484.448399,282480.927087,0.000017,0.000000,0
momentum1,config21,2,FOUND INTEGER FEASIBLE,1.505626,1.918987,5,7,0,0,282461.474432,282459.752108,0.000016,0.000000,0
momentum1,config21,3,FOUND INTEGER FEASIBLE,1.512242,2.049335,87,7,0,0,295287.202631,295285.778133,0.000017,0.000000,0
momentum1,config23,1,FOUND INTEGER FEASIBLE,1.462933,1.905836,38,7,0,0,288883.002498,288878.761672,0.000017,0.000000,0
momentum1,config23,2,FOUND INTEGER FEASIBLE,0.790698,1.029747,3,7,0,0,282496.811644,282493.421608,0.000017,0.000000,0
momentum1,config23,3,FOUND INTEGER FEASIBLE,0.783297,1.024452,48,7,0,0,288859.506648,288856.575188,0.000017,0.000000,0
momentum1,config19,1,FOUND INTEGER FEASIBLE,0.000000,0.243081,0,0,-1,-1,533875.101733,533874.584752,0.000000,0.000000,0
momentum1,config19,2,FOUND INTEGER FEASIBLE,0.000000,0.225792,0,0,-1,-1,533875.101733,533874.584752,0.000000,0.000000,0
momentum1,config19,3,FOUND INTEGER FEASIBLE,0.000000,0.226602,0,0,-1,-1,533875.101733,533874.584752,0.000000,0.000000,0
momentum1,config18,1,FOUND INTEGER FEASIBLE,0.000000,0.320917,0,0,-1,-1,533875.101733,533874.584752,0.000000,0.000000,0
momentum1,config18,2,FOUND INTEGER FEASIBLE,0.000000,0.301741,0,0,-1,-1,533875.101733,533874.584752,0.000000,0.000000,0
momentum1,config18,3,FOUND INTEGER FEASIBLE,0.000000,0.301788,0,0,-1,-1,533875.101733,533874.584752,0.000000,0.000000,0
mushroom-best,config1,1,FOUND INTEGER FEASIBLE,0.000000,10.208769,16,0,-1,-1,5609.705462,5609.705372,0.000000,0.000000,0
mushroom-best,config1,2,FOUND INTEGER FEASIBLE,0.000000,9.433249,24,0,-1,-1,5184.721341,5184.721293,0.000000,0.000000,0
mushroom-best,config1,3,FOUND INTEGER FEASIBLE,0.000000,10.061949,19,0,-1,-1,4280.705534,4280.705444,0.000041,0.000000,0
mushroom-best,config3,1,FOUND INTEGER FEASIBLE,0.000000,11.121910,16,0,-1,-1,5609.706258,5609.705372,0.000000,0.000000,0
mushroom-best,config3,2,FOUND INTEGER FEASIBLE,0.000000,8.822370,24,0,-1,-1,4902.714153,4902.713357,0.000000,0.000000,0
mushroom-best,config3,3,FOUND INTEGER FEASIBLE,0.000000,10.422829,19,0,-1,-1,4280.706272,4280.705444,0.000041,0.000000,0
mushroom-best,config20,1,FOUND INTEGER FEASIBLE,0.000000,0.671453,0,0,-1,-1,8124.895732,8124.895090,0.000000,0.000000,0
mushroom-best,config20,2,FOUND INTEGER FEASIBLE,0.000000,0.654967,0,0,-1,-1,8124.895732,8124.895090,0.000000,0.000000,0
mushroom-best,config20,3,FOUND INTEGER FEASIBLE,0.000000,0.653367,0,0,-1,-1,8124.895732,8124.895090,0.000000,0.000000,0
mushroom-best,config16,1,FOUND INTEGER FEASIBLE,0.368948,0.597596,2,4,0,0,0.095058,0.095058,0.000000,0.000000,0
mushroom-best,config16,2,FOUND INTEGER FEASIBLE,0.658700,1.040296,2,4,0,0,0.095058,0.095058,0.000000,0.000000,0
mushroom-best,config16,3,FOUND INTEGER FEASIBLE,0.642669,1.026733,2,4,0,0,0.095077,0.095077,0.000000,0.000000,0
mushroom-best,config17,1,FOUND INTEGER FEASIBLE,0.502102,0.816051,2,2,0,0,48.055462,48.055302,0.000000,0.000000,0
mushroom-best,config17,2,FOUND INTEGER FEASIBLE,0.500009,0.810069,3,2,0,0,48.047567,48.047407,0.000000,0.000000,0
mushroom-best,config17,3,FOUND INTEGER FEASIBLE,0.504512,0.787604,2,2,0,0,48.055462,48.055302,0.000000,0.000000,0
mushroom-best,config21,1,FOUND INTEGER FEASIBLE,0.021796,0.538817,0,0,0,0,8124.895732,8124.895732,0.000000,0.000000,0
mushroom-best,config21,2,FOUND INTEGER FEASIBLE,0.021736,0.527835,0,0,0,0,8124.895732,8124.895732,0.000000,0.000000,0
mushroom-best,config21,3,FOUND INTEGER FEASIBLE,0.021184,0.530830,0,0,0,0,8124.895732,8124.895732,0.000000,0.000000,0
mushroom-best,config23,1,FOUND INTEGER FEASIBLE,0.021223,6.418665,25,0,0,0,5339.713386,5339.713357,0.000000,0.000000,0
mushroom-best,config23,2,FOUND INTEGER FEASIBLE,0.022053,4.277934,20,0,0,0,5260.713402,5260.713350,0.000000,0.000000,0
mushroom-best,config23,3,FOUND INTEGER FEASIBLE,0.021679,4.941733,16,0,0,0,4751.697649,4751.697434,0.000041,0.000000,0
mushroom-best,config19,1,FOUND INTEGER FEASIBLE,0.000000,0.097200,0,0,-1,-1,8124.895732,8124.895732,0.000000,0.000000,0
mushroom-best,config19,2,FOUND INTEGER FEASIBLE,0.000000,0.054348,0,0,-1,-1,8124.895732,8124.895732,0.000000,0.000000,0
mushroom-best,config19,3,FOUND INTEGER FEASIBLE,0.000000,0.052594,0,0,-1,-1,8124.895732,8124.895732,0.000000,0.000000,0
mushroom-best,config18,1,FOUND INTEGER FEASIBLE,0.000000,0.114260,0,0,-1,-1,8124.895732,8124.895732,0.000000,0.000000,0
mushroom-best,config18,2,FOUND INTEGER FEASIBLE,0.000000,0.071771,0,0,-1,-1,8124.895732,8124.895732,0.000000,0.000000,0
mushroom-best,config18,3,FOUND INTEGER FEASIBLE,0.000000,0.073172,0,0,-1,-1,8124.895732,8124.895732,0.000000,0.000000,0
mzzv11,config1,1,FOUND INTEGER FEASIBLE,0.000000,13.894451,33,0,-1,-1,-13172.000000,-13172.000000,0.000000,0.000000,0
mzzv11,config1,2,FOUND INTEGER FEASIBLE,0.000000,13.577757,12,0,-1,-1,-13172.000000,-13172.000000,0.000000,0.000000,0
mzzv11,config1,3,FOUND INTEGER FEASIBLE,0.000000,13.508085,7,0,-1,-1,-13354.000000,-13354.000000,0.000000,0.000000,0
mzzv11,config3,1,FOUND INTEGER FEASIBLE,0.000000,0.750966,0,0,-1,-1,0.000000,0.000000,0.000000,0.000000,0
mzzv11,config3,2,FOUND INTEGER FEASIBLE,0.000000,0.759527,0,0,-1,-1,0.000000,0.000000,0.000000,0.000000,0
mzzv11,config3,3,FOUND INTEGER FEASIBLE,0.000000,0.751889,0,0,-1,-1,0.000000,0.000000,0.000000,0.000000,0
mzzv11,config20,1,FOUND INTEGER FEASIBLE,0.000000,15.316063,18,0,-1,-1,-5934.000000,-5934.000000,0.000000,0.000000,0
mzzv11,config20,2,FOUND INTEGER FEASIBLE,0.000000,15.221906,14,0,-1,-1,-5834.000000,-5834.000000,0.000000,0.000000,0
mzzv11,config20,3,FOUND INTEGER FEASIBLE,0.000000,14.830442,5,0,-1,-1,-5926.000000,-5926.000000,0.000000,0.000000,0
mzzv11,config16,1,FOUND INTEGER FEASIBLE,8.108396,8.544307,0,12,0,0,0.000000,0.000000,0.000000,0.000000,0
mzzv11,config16,2,FOUND INTEGER FEASIBLE,8.263324,8.788806,0,12,0,0,0.000000,0.000000,0.000000,0.000000,0
mzzv11,config16,3,FOUND INTEGER FEASIBLE,7.979684,8.500555,0,12,0,0,0.000000,0.000000,0.000000,0.000000,0
mzzv11,config17,1,FOUND INTEGER FEASIBLE,0.031581,0.309485,0,1,0,0,0.000000,0.000000,0.000000,0.000000,0
mzzv11,config17,2,FOUND INTEGER FEASIBLE,0.031887,0.309913,0,1,0,0,0.000000,0.000000,0.000000,0.000000,0
mzzv11,config17,3,FOUND INTEGER FEASIBLE,0.033727,0.313993,0,1,0,0,0.000000,0.000000,0.000000,0.000000,0
mzzv11,config21,1,FOUND INTEGER FEASIBLE,16.430492,16.722090,0,12,0,0,0.000000,0.000000,0.000000,0.000000,0
mzzv11,config21,2,FOUND INTEGER FEASIBLE,15.297349,15.832701,0,12,0,0,0.000000,0.000000,0.000000,0.000000,0
mzzv11,config21,3,FOUND INTEGER FEASIBLE,15.203761,15.744560,0,12,0,0,0.000000,0.000000,0.000000,0.000000,0
mzzv11,config23,1,FOUND INTEGER FEASIBLE,15.920561,16.327021,0,12,0,0,0.000000,0.000000,0.000000,0.000000,0
mzzv11,config23,2,FOUND INTEGER FEASIBLE,16.258142,16.837632,0,12,0,0,0.000000,0.000000,0.000000,0.000000,0
mzzv11,config23,3,FOUND INTEGER FEASIBLE,17.127953,17.681021,0,12,0,0,0.000000,0.000000,0.000000,0.000000,0
mzzv11,config19,1,FOUND INTEGER FEASIBLE,0.000000,0.040992,0,0,-1,-1,0.000000,0.000000,0.000000,0.000000,0
mzzv11,config19,2,FOUND INTEGER FEASIBLE,0.000000,0.029648,0,0,-1,-1,0.000000,0.000000,0.000000,0.000000,0
mzzv11,config19,3,FOUND INTEGER FEASIBLE,0.000000,0.029237,0,0,-1,-1,0.000000,0.000000,0.000000,0.000000,0
mzzv11,config18,1,FOUND INTEGER FEASIBLE,0.000000,0.050793,0,0,-1,-1,0.000000,0.000000,0.000000,0.000000,0
mzzv11,config18,2,FOUND INTEGER FEASIBLE,0.000000,0.034045,0,0,-1,-1,0.000000,0.000000,0.000000,0.000000,0
mzzv11,config18,3,FOUND INTEGER FEASIBLE,0.000000,0.031447,0,0,-1,-1,0.000000,0.000000,0.000000,0.000000,0
mzzv42z,config1,1,FOUND INTEGER FEASIBLE,0.000000,4.620202,2,0,-1,-1,-14950.000000,-14950.000000,0.000000,0.000000,0
mzzv42z,config1,2,FOUND INTEGER FEASIBLE,0.000000,4.821487,2,0,-1,-1,-14950.000000,-14950.000000,0.000000,0.000000,0
mzzv42z,config1,3,FOUND INTEGER FEASIBLE,0.000000,4.785556,1,0,-1,-1,-14870.000000,-14870.000000,0.000000,0.000000,0
mzzv42z,config3,1,FOUND INTEGER FEASIBLE,0.000000,0.791796,0,0,-1,-1,0.000000,0.000000,0.000000,0.000000,0
mzzv42z,config3,2,FOUND INTEGER FEASIBLE,0.000000,0.790897,0,0,-1,-1,0.000000,0.000000,0.000000,0.000000,0
mzzv42z,config3,3,FOUND INTEGER FEASIBLE,0.000000,0.792258,0,0,-1,-1,0.000000,0.000000,0.000000,0.000000,0
mzzv42z,config20,1,FOUND INTEGER FEASIBLE,0.000000,2.090867,1,0,-1,-1,-5944.000000,-5944.000000,0.000000,0.000000,0
mzzv42z,config20,2,FOUND INTEGER FEASIBLE,0.000000,2.075325,1,0,-1,-1,-5968.000000,-5968.000000,0.000000,0.000000,0
mzzv42z,config20,3,FOUND INTEGER FEASIBLE,0.000000,3.221684,3,0,-1,-1,-5434.000000,-5434.000000,0.000000,0.000000,0
mzzv42z,config16,1,FOUND INTEGER FEASIBLE,2.712368,3.043504,0,12,0,0,0.000000,0.000000,0.000000,0.000000,0
mzzv42z,config16,2,FOUND INTEGER FEASIBLE,2.240436,2.714145,0,12,0,0,0.000000,0.000000,0.000000,0.000000,0
mzzv42z,config16,3,FOUND INTEGER FEASIBLE,2.709475,3.271609,0,12,0,0,0.000000,0.000000,0.000000,0.000000,0
mzzv42z,config17,1,FOUND INTEGER FEASIBLE,0.035340,0.331508,0,1,0,0,0.000000,0.000000,0.000000,0.000000,0
mzzv42z,config17,2,FOUND INTEGER FEASIBLE,0.035361,0.330438,0,1,0,0,0.000000,0.000000,0.000000,0.000000,0
mzzv42z,config17,3,FOUND INTEGER FEASIBLE,0.067915,0.666315,0,1,0,0,0.000000,0.000000,0.000000,0.000000,0
mzzv42z,config21,1,FOUND INTEGER FEASIBLE,2.623395,3.072232,0,12,0,0,0.000000,0.000000,0.000000,0.000000,0
mzzv42z,config21,2,FOUND INTEGER FEASIBLE,2.368105,2.944772,0,12,0,0,0.000000,0.000000,0.000000,0.000000,0
mzzv42z,config21,3,FOUND INTEGER FEASIBLE,2.367780,2.942941,0,12,0,0,0.000000,0.000000,0.000000,0.000000,0
mzzv42z,config23,1,FOUND INTEGER FEASIBLE,2.361958,2.943816,0,12,0,0,0.000000,0.000000,0.000000,0.000000,0
mzzv42z,config23,2,FOUND INTEGER FEASIBLE,1.822320,2.167309,0,12,0,0,0.000000,0.000000,0.000000,0.000000,0
mzzv42z,config23,3,FOUND INTEGER FEASIBLE,2.093104,2.645868,0,12,0,0,0.000000,0.000000,0.000000,0.000000,0
mzzv42z,config19,1,FOUND INTEGER FEASIBLE,0.000000,0.047612,0,0,-1,-1,0.000000,0.000000,0.000000,0.000000,0
mzzv42z,config19,2,FOUND INTEGER FEASIBLE,0.000000,0.029992,0,0,-1,-1,0.000000,0.000000,0.000000,0.000000,0
mzzv42z,config19,3,FOUND INTEGER FEASIBLE,0.000000,0.030407,0,0,-1,-1,0.000000,0.000000,0.000000,0.000000,0
mzzv42z,config18,1,FOUND INTEGER FEASIBLE,0.000000,0.047503,0,0,-1,-1,0.000000,0.000000,0.000000,0.000000,0
mzzv42z,config18,2,FOUND INTEGER FEASIBLE,0.000000,0.037921,0,0,-1,-1,0.000000,0.000000,0.000000,0.000000,0
mzzv42z,config18,3,FOUND INTEGER FEASIBLE,0.000000,0.038074,0,0,-1,-1,0.000000,0.000000,0.000000,0.000000,0
n2seq36q,config1,1,FOUND INTEGER FEASIBLE,0.000000,1.118794,2,0,-1,-1,63400.000000,63400.000000,0.000000,0.000000,0
n2seq36q,config1,2,FOUND INTEGER FEASIBLE,0.000000,0.928581,1,0,-1,-1,59400.000000,59400.000000,0.000000,0.000000,0
n2seq36q,config1,3,FOUND INTEGER FEASIBLE,0.000000,1.110296,2,0,-1,-1,71600.000000,71600.000000,0.000000,0.000000,0
n2seq36q,config3,1,FOUND INTEGER FEASIBLE,0.000000,0.635563,0,0,-1,-1,206800.000000,206800.000000,0.000000,0.000000,0
n2seq36q,config3,2,FOUND INTEGER FEASIBLE,0.000000,0.638333,0,0,-1,-1,206800.000000,206800.000000,0.000000,0.000000,0
n2seq36q,config3,3,FOUND INTEGER FEASIBLE,0.000000,0.636977,0,0,-1,-1,206800.000000,206800.000000,0.000000,0.000000,0
n2seq36q,config20,1,FOUND INTEGER FEASIBLE,0.000000,0.733107,1,0,-1,-1,1398400.000000,1398400.000000,0.000000,0.000000,0
n2seq36q,config20,2,FOUND INTEGER FEASIBLE,0.000000,0.679392,1,0,-1,-1,1366600.000000,1366600.000000,0.000000,0.000000,0
n2seq36q,config20,3,FOUND INTEGER FEASIBLE,0.000000,0.688134,1,0,-1,-1,1377800.000000,1377800.000000,0.000000,0.000000,0
n2seq36q,config16,1,FOUND INTEGER FEASIBLE,0.258783,0.695192,2,11,0,0,71400.000000,71400.000000,0.000000,0.000000,0
n2seq36q,config16,2,FOUND INTEGER FEASIBLE,0.344044,0.988755,2,11,0,0,71400.000000,71400.000000,0.000000,0.000000,0
n2seq36q,config16,3,FOUND INTEGER FEASIBLE,0.342365,1.009989,3,11,0,0,88600.000000,88600.000000,0.000000,0.000000,0
n2seq36q,config17,1,FOUND INTEGER FEASIBLE,0.112403,0.744125,0,1,0,0,232800.000000,232800.000000,0.000000,0.000000,0
n2seq36q,config17,2,FOUND INTEGER FEASIBLE,0.110811,0.739011,0,1,0,0,232800.000000,232800.000000,0.000000,0.000000,0
n2seq36q,config17,3,FOUND INTEGER FEASIBLE,0.087863,0.597324,0,1,0,0,232800.000000,232800.000000,0.000000,0.000000,0
n2seq36q,config21,1,FOUND INTEGER FEASIBLE,0.109781,0.656961,1,6,0,0,1489800.000000,1489800.000000,0.000000,0.000000,0
n2seq36q,config21,2,FOUND INTEGER FEASIBLE,0.109277,0.645880,1,6,0,0,1489400.000000,1489400.000000,0.000000,0.000000,0
n2seq36q,config21,3,FOUND INTEGER FEASIBLE,0.147937,0.894100,1,6,0,0,1489800.000000,1489800.000000,0.000000,0.000000,0
n2seq36q,config23,1,FOUND INTEGER FEASIBLE,0.110131,0.633634,0,6,0,0,208400.000000,208400.000000,0.000000,0.000000,0
n2seq36q,config23,2,FOUND INTEGER FEASIBLE,0.147413,0.842935,0,6,0,0,208400.000000,208400.000000,0.000000,0.000000,0
n2seq36q,config23,3,FOUND INTEGER FEASIBLE,0.146779,0.843980,0,6,0,0,208400.000000,208400.000000,0.000000,0.000000,0
n2seq36q,config19,1,FOUND INTEGER FEASIBLE,0.000000,0.127034,0,0,-1,-1,174800.000000,174800.000000,0.000000,0.000000,0
n2seq36q,config19,2,FOUND INTEGER FEASIBLE,0.000000,0.066503,0,0,-1,-1,174800.000000,174800.000000,0.000000,0.000000,0
n2seq36q,config19,3,FOUND INTEGER FEASIBLE,0.000000,0.066075,0,0,-1,-1,174800.000000,174800.000000,0.000000,0.000000,0
n2seq36q,config18,1,FOUND INTEGER FEASIBLE,0.000000,0.157625,0,0,-1,-1,174800.000000,174800.000000,0.000000,0.000000,0
n2seq36q,config18,2,FOUND INTEGER FEASIBLE,0.000000,0.089464,0,0,-1,-1,174800.000000,174800.000000,0.000000,0.000000,0
n2seq36q,config18,3,FOUND INTEGER FEASIBLE,0.000000,0.093242,0,0,-1,-1,174800.000000,174800.000000,0.000000,0.000000,0
n3div36,config1,1,FOUND INTEGER FEASIBLE,0.000000,1.342758,1,0,-1,-1,155800.000000,155800.000000,0.000000,0.000000,0
n3div36,config1,2,FOUND INTEGER FEASIBLE,0.000000,1.337832,1,0,-1,-1,155800.000000,155800.000000,0.000000,0.000000,0
n3div36,config1,3,FOUND INTEGER FEASIBLE,0.000000,1.342839,1,0,-1,-1,193800.000000,193800.000000,0.000000,0.000000,0
n3div36,config3,1,FOUND INTEGER FEASIBLE,0.000000,1.059672,1,0,-1,-1,209400.000000,209400.000000,0.000000,0.000000,0
n3div36,config3,2,FOUND INTEGER FEASIBLE,0.000000,1.051175,1,0,-1,-1,186800.000000,186800.000000,0.000000,0.000000,0
n3div36,config3,3,FOUND INTEGER FEASIBLE,0.000000,1.053912,1,0,-1,-1,209400.000000,209400.000000,0.000000,0.000000,0
n3div36,config20,1,FOUND INTEGER FEASIBLE,0.000000,0.912378,0,0,-1,-1,182435600.000000,182435600.000000,0.000000,0.000000,0
n3div36,config20,2,FOUND INTEGER FEASIBLE,0.000000,0.835364,0,0,-1,-1,182435600.000000,182435600.000000,0.000000,0.000000,0
n3div36,config20,3,FOUND INTEGER FEASIBLE,0.000000,0.833820,0,0,-1,-1,182435600.000000,182435600.000000,0.000000,0.000000,0
n3div36,config16,1,FOUND INTEGER FEASIBLE,0.452713,1.054706,1,8,0,0,220600.000000,220600.000000,0.000000,0.000000,0
n3div36,config16,2,FOUND INTEGER FEASIBLE,0.449583,1.040484,1,8,0,0,171800.000000,171800.000000,0.000000,0.000000,0
n3div36,config16,3,FOUND INTEGER FEASIBLE,0.451555,1.040041,1,8,0,0,241400.000000,241400.000000,0.000000,0.000000,0
n3div36,config17,1,FOUND INTEGER FEASIBLE,0.158537,0.905286,1,4,0,0,323600.000000,323600.000000,0.000000,0.000000,0
n3div36,config17,2,FOUND INTEGER FEASIBLE,0.158622,0.901255,1,4,0,0,323600.000000,323600.000000,0.000000,0.000000,0
n3div36,config17,3,FOUND INTEGER FEASIBLE,0.157889,0.907140,1,4,0,0,392200.000000,392200.000000,0.000000,0.000000,0
n3div36,config21,1,FOUND INTEGER FEASIBLE,0.088998,0.780698,0,0,0,0,182435600.000000,182435600.000000,0.000000,0.000000,0
n3div36,config21,2,FOUND INTEGER FEASIBLE,0.120128,1.023825,0,0,0,0,182435600.000000,182435600.000000,0.000000,0.000000,0
n3div36,config21,3,FOUND INTEGER FEASIBLE,0.089635,0.774143,0,0,0,0,182435600.000000,182435600.000000,0.000000,0.000000,0
n3div36,config23,1,FOUND INTEGER FEASIBLE,0.117783,1.057822,1,0,0,0,209400.000000,209400.000000,0.000000,0.000000,0
n3div36,config23,2,FOUND INTEGER FEASIBLE,0.119266,1.062362,1,0,0,0,186800.000000,186800.000000,0.000000,0.000000,0
n3div36,config23,3,FOUND INTEGER FEASIBLE,0.088916,0.807409,1,0,0,0,209400.000000,209400.000000,0.000000,0.000000,0
n3div36,config19,1,FOUND INTEGER FEASIBLE,0.000000,0.405355,0,0,-1,-1,6069000.000000,6069000.000000,0.000000,0.000000,0
n3div36,config19,2,FOUND INTEGER FEASIBLE,0.000000,0.319865,0,0,-1,-1,6069000.000000,6069000.000000,0.000000,0.000000,0
n3div36,config19,3,FOUND INTEGER FEASIBLE,0.000000,0.311400,0,0,-1,-1,6069000.000000,6069000.000000,0.000000,0.000000,0
n3div36,config18,1,FOUND INTEGER FEASIBLE,0.000000,0.440807,0,0,-1,-1,6069000.000000,6069000.000000,0.000000,0.000000,0
n3div36,config18,2,FOUND INTEGER FEASIBLE,0.000000,0.447726,0,0,-1,-1,6069000.000000,6069000.000000,0.000000,0.000000,0
n3div36,config18,3,FOUND INTEGER FEASIBLE,0.000000,0.439364,0,0,-1,-1,6069000.000000,6069000.000000,0.000000,0.000000,0
n5-3,config1,1,FOUND INTEGER FEASIBLE,0.000000,0.112680,4,0,-1,-1,11495.000000,11420.000000,0.000000,0.000000,0
n5-3,config1,2,FOUND INTEGER FEASIBLE,0.000000,0.096980,3,0,-1,-1,11105.000000,11060.000000,0.000000,0.000000,0
n5-3,config1,3,FOUND INTEGER FEASIBLE,0.000000,0.098715,3,0,-1,-1,12905.000000,12860.000000,0.000000,0.000000,0
n5-3,config3,1,FOUND INTEGER FEASIBLE,0.000000,0.041371,0,0,-1,-1,25204850.000000,25204425.000000,0.000000,0.000000,0
n5-3,config3,2,FOUND INTEGER FEASIBLE,0.000000,0.041975,0,0,-1,-1,25204850.000000,25204425.000000,0.000000,0.000000,0
n5-3,config3,3,FOUND INTEGER FEASIBLE,0.000000,0.041319,0,0,-1,-1,25204850.000000,25204425.000000,0.000000,0.000000,0
n5-3,config20,1,FOUND INTEGER FEASIBLE,0.000000,0.051800,0,0,-1,-1,25205950.000000,25205525.000000,0.000000,0.000000,0
n5-3,config20,2,FOUND INTEGER FEASIBLE,0.000000,0.030549,0,0,-1,-1,25205950.000000,25205525.000000,0.000000,0.000000,0
n5-3,config20,3,FOUND INTEGER FEASIBLE,0.000000,0.048813,0,0,-1,-1,25205950.000000,25205525.000000,0.000000,0.000000,0
n5-3,config16,1,FOUND INTEGER FEASIBLE,0.021842,0.095779,4,1,0,0,13370.000000,13245.000000,0.000000,0.000000,0
n5-3,config16,2,FOUND INTEGER FEASIBLE,0.021849,0.107979,3,1,0,0,11855.000000,11745.000000,0.000000,0.000000,0
n5-3,config16,3,FOUND INTEGER FEASIBLE,0.018363,0.105789,3,1,0,0,14806.000000,13300.000000,0.000000,0.000000,0
n5-3,config17,1,FOUND INTEGER FEASIBLE,0.012518,0.055372,0,1,0,0,25204935.000000,25204425.000000,0.000000,0.000000,0
n5-3,config17,2,FOUND INTEGER FEASIBLE,0.012570,0.057613,0,1,0,0,25204935.000000,25204425.000000,0.000000,0.000000,0
n5-3,config17,3,FOUND INTEGER FEASIBLE,0.012486,0.056086,0,1,0,0,25204935.000000,25204425.000000,0.000000,0.000000,0
n5-3,config21,1,FOUND INTEGER FEASIBLE,0.012721,0.058203,0,0,0,0,25204735.000000,25204225.000000,0.000000,0.000000,0
n5-3,config21,2,FOUND INTEGER FEASIBLE,0.012574,0.057072,0,0,0,0,25204735.000000,25204225.000000,0.000000,0.000000,0
n5-3,config21,3,FOUND INTEGER FEASIBLE,0.010340,0.049275,0,0,0,0,25204735.000000,25204225.000000,0.000000,0.000000,0
n5-3,config23,1,FOUND INTEGER FEASIBLE,0.010386,0.048633,0,0,0,0,25204435.000000,25203925.000000,0.000000,0.000000,0
n5-3,config23,2,FOUND INTEGER FEASIBLE,0.010321,0.048842,0,0,0,0,25204435.000000,25203925.000000,0.000000,0.000000,0
n5-3,config23,3,FOUND INTEGER FEASIBLE,0.010382,0.049274,0,0,0,0,25204435.000000,25203925.000000,0.000000,0.000000,0
n5-3,config19,1,FOUND INTEGER FEASIBLE,0.000000,0.020438,0,0,-1,-1,25206010.000000,25205525.000000,0.000000,0.000000,0
n5-3,config19,2,FOUND INTEGER FEASIBLE,0.000000,0.021299,0,0,-1,-1,25206010.000000,25205525.000000,0.000000,0.000000,0
n5-3,config19,3,FOUND INTEGER FEASIBLE,0.000000,0.018097,0,0,-1,-1,25206010.000000,25205525.000000,0.000000,0.000000,0
n5-3,config18,1,FOUND INTEGER FEASIBLE,0.000000,0.031314,0,0,-1,-1,25206010.000000,25205525.000000,0.000000,0.000000,0
n5-3,config18,2,FOUND INTEGER FEASIBLE,0.000000,0.022799,0,0,-1,-1,25206010.000000,25205525.000000,0.000000,0.000000,0
n5-3,config18,3,FOUND INTEGER FEASIBLE,0.000000,0.025887,0,0,-1,-1,25206010.000000,25205525.000000,0.000000,0.000000,0
neos-1122047,config1,1,FOUND INTEGER FEASIBLE,0.000000,1.895418,1,0,-1,-1,162.000000,162.000000,0.000000,0.000000,0
neos-1122047,config1,2,FOUND INTEGER FEASIBLE,0.000000,1.890700,1,0,-1,-1,162.000000,162.000000,0.000000,0.000000,0
neos-1122047,config1,3,FOUND INTEGER FEASIBLE,0.000000,1.877465,1,0,-1,-1,162.000000,162.000000,0.000000,0.000000,0
neos-1122047,config3,1,FOUND INTEGER FEASIBLE,0.000000,7.031391,1,0,-1,-1,162.000000,162.000000,0.000000,0.000000,0
neos-1122047,config3,2,FOUND INTEGER FEASIBLE,0.000000,7.076199,1,0,-1,-1,162.000000,162.000000,0.000000,0.000000,0
neos-1122047,config3,3,FOUND INTEGER FEASIBLE,0.000000,7.074768,1,0,-1,-1,162.000000,162.000000,0.000000,0.000000,0
neos-1122047,config20,1,FOUND INTEGER FEASIBLE,0.000000,68.827761,2,0,-1,-1,491.000000,491.000000,0.000000,0.000000,0
neos-1122047,config20,2,FOUND INTEGER FEASIBLE,0.000000,69.008440,2,0,-1,-1,491.000000,491.000000,0.000000,0.000000,0
neos-1122047,config20,3,FOUND INTEGER FEASIBLE,0.000000,69.028780,2,0,-1,-1,491.000000,491.000000,0.000000,0.000000,0
neos-1122047,config16,1,FOUND INTEGER FEASIBLE,0.208060,1.777875,1,1,0,0,162.000000,162.000000,0.000000,0.000000,0
neos-1122047,config16,2,FOUND INTEGER FEASIBLE,0.210360,1.830139,1,1,0,0,162.000000,162.000000,0.000000,0.000000,0
neos-1122047,config16,3,FOUND INTEGER FEASIBLE,0.214008,1.819339,1,1,0,0,162.000000,162.000000,0.000000,0.000000,0
neos-1122047,config17,1,FOUND INTEGER FEASIBLE,8.944396,10.124093,0,2,0,0,162.000000,162.000000,0.000000,0.000000,0
neos-1122047,config17,2,FOUND INTEGER FEASIBLE,7.965509,9.195501,0,2,0,0,162.000000,162.000000,0.000000,0.000000,0
neos-1122047,config17,3,FOUND INTEGER FEASIBLE,8.940601,10.201238,0,2,0,0,162.000000,162.000000,0.000000,0.000000,0
neos-1122047,config21,1,FOUND INTEGER FEASIBLE,31.966175,37.344877,2,4,0,0,254.000000,254.000000,0.000000,0.000000,0
neos-1122047,config21,2,FOUND INTEGER FEASIBLE,30.986890,36.277459,2,4,0,0,254.000000,254.000000,0.000000,0.000000,0
neos-1122047,config21,3,FOUND INTEGER FEASIBLE,29.010133,32.832067,2,4,0,0,254.000000,254.000000,0.000000,0.000000,0
neos-1122047,config23,1,FOUND INTEGER FEASIBLE,30.802291,32.010378,1,4,0,0,164.000000,164.000000,0.000000,0.000000,0
neos-1122047,config23,2,FOUND INTEGER FEASIBLE,34.768637,35.982013,1,4,0,0,164.000000,164.000000,0.000000,0.000000,0
neos-1122047,config23,3,FOUND INTEGER FEASIBLE,27.828566,29.015591,1,4,0,0,164.000000,164.000000,0.000000,0.000000,0
neos-1122047,config19,1,FOUND INTEGER FEASIBLE,0.000000,2.418789,0,0,-1,-1,162.000000,162.000000,0.000000,0.000000,0
neos-1122047,config19,2,FOUND INTEGER FEASIBLE,0.000000,2.403638,0,0,-1,-1,162.000000,162.000000,0.000000,0.000000,0
neos-1122047,config19,3,FOUND INTEGER FEASIBLE,0.000000,2.387875,0,0,-1,-1,162.000000,162.000000,0.000000,0.000000,0
neos-1122047,config18,1,FOUND INTEGER FEASIBLE,0.000000,3.441904,0,0,-1,-1,162.000000,162.000000,0.000000,0.000000,0
neos-1122047,config18,2,FOUND INTEGER FEASIBLE,0.000000,3.046220,0,0,-1,-1,162.000000,162.000000,0.000000,0.000000,0
neos-1122047,config18,3,FOUND INTEGER FEASIBLE,0.000000,3.059100,0,0,-1,-1,162.000000,162.000000,0.000000,0.000000,0
neos-1171448,config1,1,FOUND INTEGER FEASIBLE,0.000000,0.683134,1,0,-1,-1,-284.000000,-285.000000,0.000000,0.000000,0
neos-1171448,config1,2,FOUND INTEGER FEASIBLE,0.000000,0.695238,1,0,-1,-1,-190.000000,-190.000000,0.000000,0.000000,0
neos-1171448,config1,3,FOUND INTEGER FEASIBLE,0.000000,0.681422,1,0,-1,-1,-298.000000,-300.500000,0.000000,0.000000,0
neos-1171448,config3,1,FOUND INTEGER FEASIBLE,0.000000,0.455409,0,0,-1,-1,0.000000,-8.000000,0.000000,0.000000,0
neos-1171448,config3,2,FOUND INTEGER FEASIBLE,0.000000,0.456183,0,0,-1,-1,0.000000,-8.000000,0.000000,0.000000,0
neos-1171448,config3,3,FOUND INTEGER FEASIBLE,0.000000,0.456043,0,0,-1,-1,0.000000,-8.000000,0.000000,0.000000,0
neos-1171448,config20,1,FOUND INTEGER FEASIBLE,0.000000,0.387392,1,0,-1,-1,0.000000,-128.000000,0.000000,0.000000,0
neos-1171448,config20,2,FOUND INTEGER FEASIBLE,0.000000,0.507647,1,0,-1,-1,0.000000,-16.000000,0.000000,0.000000,0
neos-1171448,config20,3,FOUND INTEGER FEASIBLE,0.000000,0.495911,1,0,-1,-1,0.000000,-112.000000,0.000000,0.000000,0
neos-1171448,config16,1,FOUND INTEGER FEASIBLE,0.245720,0.719526,1,4,0,0,-281.000000,-281.000000,0.000000,0.000000,0
neos-1171448,config16,2,FOUND INTEGER FEASIBLE,0.325894,0.935439,1,4,0,0,-214.000000,-214.000000,0.000000,0.000000,0
neos-1171448,config16,3,FOUND INTEGER FEASIBLE,0.323679,0.870996,1,4,0,0,-285.000000,-293.000000,0.000000,0.000000,0
neos-1171448,config17,1,FOUND INTEGER FEASIBLE,0.017141,0.392507,0,0,0,0,0.000000,-8.000000,0.000000,0.000000,0
neos-1171448,config17,2,FOUND INTEGER FEASIBLE,0.014985,0.322363,0,0,0,0,0.000000,-8.000000,0.000000,0.000000,0
neos-1171448,config17,3,FOUND INTEGER FEASIBLE,0.012786,0.281595,0,0,0,0,0.000000,-8.000000,0.000000,0.000000,0
neos-1171448,config21,1,FOUND INTEGER FEASIBLE,0.054857,0.247407,0,4,0,0,0.000000,-32.000000,0.000000,0.000000,0
neos-1171448,config21,2,FOUND INTEGER FEASIBLE,0.054724,0.231778,0,4,0,0,0.000000,-32.000000,0.000000,0.000000,0
neos-1171448,config21,3,FOUND INTEGER FEASIBLE,0.053624,0.229401,0,4,0,0,0.000000,-32.000000,0.000000,0.000000,0
neos-1171448,config23,1,FOUND INTEGER FEASIBLE,0.074272,0.336932,0,4,0,0,0.000000,-16.000000,0.000000,0.000000,0
neos-1171448,config23,2,FOUND INTEGER FEASIBLE,0.055452,0.249875,0,4,0,0,0.000000,-16.000000,0.000000,0.000000,0
neos-1171448,config23,3,FOUND INTEGER FEASIBLE,0.052631,0.227079,0,4,0,0,0.000000,-16.000000,0.000000,0.000000,0
neos-1171448,config19,1,FOUND INTEGER FEASIBLE,0.000000,0.041458,0,0,-1,-1,0.000000,0.000000,0.000000,0.000000,0
neos-1171448,config19,2,FOUND INTEGER FEASIBLE,0.000000,0.027114,0,0,-1,-1,0.000000,0.000000,0.000000,0.000000,0
neos-1171448,config19,3,FOUND INTEGER FEASIBLE,0.000000,0.029522,0,0,-1,-1,0.000000,0.000000,0.000000,0.000000,0
neos-1171448,config18,1,FOUND INTEGER FEASIBLE,0.000000,0.049456,0,0,-1,-1,0.000000,0.000000,0.000000,0.000000,0
neos-1171448,config18,2,FOUND INTEGER FEASIBLE,0.000000,0.051518,0,0,-1,-1,0.000000,0.000000,0.000000,0.000000,0
neos-1171448,config18,3,FOUND INTEGER FEASIBLE,0.000000,0.036098,0,0,-1,-1,0.000000,0.000000,0.000000,0.000000,0
neos-1171737,config1,1,FOUND INTEGER FEASIBLE,0.000000,0.283605,1,0,-1,-1,-170.000000,-172.000000,0.000000,0.000000,0
neos-1171737,config1,2,FOUND INTEGER FEASIBLE,0.000000,0.266610,1,0,-1,-1,-65.000000,-65.000000,0.000000,0.000000,0
neos-1171737,config1,3,FOUND INTEGER FEASIBLE,0.000000,0.285020,1,0,-1,-1,-157.000000,-165.000000,0.000000,0.000000,0
neos-1171737,config3,1,FOUND INTEGER FEASIBLE,0.000000,0.184150,0,0,-1,-1,0.000000,-5.000000,0.000000,0.000000,0
neos-1171737,config3,2,FOUND INTEGER FEASIBLE,0.000000,0.184814,0,0,-1,-1,0.000000,-5.000000,0.000000,0.000000,0
neos-1171737,config3,3,FOUND INTEGER FEASIBLE,0.000000,0.184726,0,0,-1,-1,0.000000,-5.000000,0.000000,0.000000,0
neos-1171737,config20,1,FOUND INTEGER FEASIBLE,0.000000,0.165945,0,0,-1,-1,0.000000,-45.000000,0.000000,0.000000,0
neos-1171737,config20,2,FOUND INTEGER FEASIBLE,0.000000,0.097100,0,0,-1,-1,0.000000,-45.000000,0.000000,0.000000,0
neos-1171737,config20,3,FOUND INTEGER FEASIBLE,0.000000,0.160561,0,0,-1,-1,0.000000,-45.000000,0.000000,0.000000,0
neos-1171737,config16,1,FOUND INTEGER FEASIBLE,0.106380,0.285471,1,2,0,0,-166.000000,-168.000000,0.000000,0.000000,0
neos-1171737,config16,2,FOUND INTEGER FEASIBLE,0.142816,0.396436,1,2,0,0,-85.000000,-95.000000,0.000000,0.000000,0
neos-1171737,config16,3,FOUND INTEGER FEASIBLE,0.107649,0.310937,1,2,0,0,-169.000000,-176.000000,0.000000,0.000000,0
neos-1171737,config17,1,FOUND INTEGER FEASIBLE,0.006459,0.158946,0,0,0,0,0.000000,-5.000000,0.000000,0.000000,0
neos-1171737,config17,2,FOUND INTEGER FEASIBLE,0.006564,0.159220,0,0,0,0,0.000000,-5.000000,0.000000,0.000000,0
neos-1171737,config17,3,FOUND INTEGER FEASIBLE,0.006672,0.157905,0,0,0,0,0.000000,-5.000000,0.000000,0.000000,0
neos-1171737,config21,1,FOUND INTEGER FEASIBLE,0.009067,0.123886,0,2,0,0,0.000000,-25.000000,0.000000,0.000000,0
neos-1171737,config21,2,FOUND INTEGER FEASIBLE,0.009144,0.124544,0,2,0,0,0.000000,-25.000000,0.000000,0.000000,0
neos-1171737,config21,3,FOUND INTEGER FEASIBLE,0.006929,0.104139,0,2,0,0,0.000000,-25.000000,0.000000,0.000000,0
neos-1171737,config23,1,FOUND INTEGER FEASIBLE,0.009005,0.116260,0,2,0,0,0.000000,-20.000000,0.000000,0.000000,0
neos-1171737,config23,2,FOUND INTEGER FEASIBLE,0.009070,0.115873,0,2,0,0,0.000000,-20.000000,0.000000,0.000000,0
neos-1171737,config23,3,FOUND INTEGER FEASIBLE,0.009154,0.116006,0,2,0,0,0.000000,-20.000000,0.000000,0.000000,0
neos-1171737,config19,1,FOUND INTEGER FEASIBLE,0.000000,0.021378,0,0,-1,-1,0.000000,0.000000,0.000000,0.000000,0
neos-1171737,config19,2,FOUND INTEGER FEASIBLE,0.000000,0.012662,0,0,-1,-1,0.000000,0.000000,0.000000,0.000000,0
neos-1171737,config19,3,FOUND INTEGER FEASIBLE,0.000000,0.011880,0,0,-1,-1,0.000000,0.000000,0.000000,0.000000,0
neos-1171737,config18,1,FOUND INTEGER FEASIBLE,0.000000,0.033407,0,0,-1,-1,0.000000,0.000000,0.000000,0.000000,0
neos-1171737,config18,2,FOUND INTEGER FEASIBLE,0.000000,0.020512,0,0,-1,-1,0.000000,0.000000,0.000000,0.000000,0
neos-1171737,config18,3,FOUND INTEGER FEASIBLE,0.000000,0.020404,0,0,-1,-1,0.000000,0.000000,0.000000,0.000000,0
neos-1354092,config1,1,FOUND INTEGER FEASIBLE,0.000000,18.602677,4,0,-1,-1,57.000000,57.000000,0.000000,0.000000,0
neos-1354092,config1,2,FOUND INTEGER FEASIBLE,0.000000,23.458451,6,0,-1,-1,53.000000,53.000000,0.000000,0.000000,0
neos-1354092,config1,3,FOUND INTEGER FEASIBLE,0.000000,15.488004,3,0,-1,-1,54.000000,54.000000,0.000000,0.000000,0
neos-1354092,config3,1,FOUND INTEGER FEASIBLE,0.000000,19.956803,4,0,-1,-1,54.000000,54.000000,0.000000,0.000000,0
neos-1354092,config3,2,FOUND INTEGER FEASIBLE,0.000000,19.577195,4,0,-1,-1,53.000000,53.000000,0.000000,0.000000,0
neos-1354092,config3,3,FOUND INTEGER FEASIBLE,0.000000,15.783888,4,0,-1,-1,56.000000,56.000000,0.000000,0.000000,0
neos-1354092,config20,1,FOUND INTEGER FEASIBLE,0.000000,13.723931,6,0,-1,-1,59.000000,59.000000,0.000000,0.000000,0
neos-1354092,config20,2,FOUND INTEGER FEASIBLE,0.000000,10.609879,5,0,-1,-1,59.000000,59.000000,0.000000,0.000000,0
neos-1354092,config20,3,FOUND INTEGER FEASIBLE,0.000000,8.517758,3,0,-1,-1,59.000000,59.000000,0.000000,0.000000,0
neos-1354092,config16,1,FOUND INTEGER FEASIBLE,4.884772,50.875392,23,11,0,0,49.000000,49.000000,0.000000,0.000000,0
neos-1354092,config16,2,FOUND INTEGER FEASIBLE,4.361760,22.106794,9,11,0,0,48.000000,48.000000,0.000000,0.000000,0
neos-1354092,config16,3,FOUND INTEGER FEASIBLE,4.359374,58.693284,29,11,0,0,48.000000,48.000000,0.000000,0.000000,0
neos-1354092,config17,1,FOUND INTEGER FEASIBLE,4.813580,21.306819,9,11,0,0,50.000000,50.000000,0.000000,0.000000,0
neos-1354092,config17,2,FOUND INTEGER FEASIBLE,4.510942,22.150333,7,11,0,0,51.000000,51.000000,0.000000,0.000000,0
neos-1354092,config17,3,FOUND INTEGER FEASIBLE,4.379730,47.442018,24,11,0,0,53.000000,53.000000,0.000000,0.000000,0
neos-1354092,config21,1,FOUND INTEGER FEASIBLE,4.166328,29.598096,12,11,0,0,46.000000,46.000000,0.000000,0.000000,0
neos-1354092,config21,2,FOUND INTEGER FEASIBLE,4.397206,32.426557,12,11,0,0,46.000000,46.000000,0.000000,0.000000,0
neos-1354092,config21,3,FOUND INTEGER FEASIBLE,4.130175,210.712461,90,11,1,0,50.000000,50.000000,0.000000,0.000000,0
neos-1354092,config23,1,FOUND INTEGER FEASIBLE,4.270296,19.260238,7,11,0,0,46.000000,46.000000,0.000000,0.000000,0
neos-1354092,config23,2,FOUND INTEGER FEASIBLE,4.160298,107.626195,47,11,0,0,46.000000,46.000000,0.000000,0.000000,0
neos-1354092,config23,3,FOUND INTEGER FEASIBLE,3.259376,223.830049,96,11,1,0,49.000000,49.000000,0.000000,0.000000,0
neos-1354092,config19,1,FOUND INTEGER FEASIBLE,0.000000,98.564458,0,0,-1,-1,56.000000,56.000000,0.000000,0.000000,0
neos-1354092,config19,2,FOUND INTEGER FEASIBLE,0.000000,98.495422,0,0,-1,-1,56.000000,56.000000,0.000000,0.000000,0
neos-1354092,config19,3,FOUND INTEGER FEASIBLE,0.000000,98.554014,0,0,-1,-1,56.000000,56.000000,0.000000,0.000000,0
neos-1354092,config18,1,FOUND INTEGER FEASIBLE,0.000000,2148.810953,0,0,-1,-1,56.000000,56.000000,0.000000,0.000000,0
neos-1354092,config18,2,FOUND INTEGER FEASIBLE,0.000000,2246.099527,0,0,-1,-1,56.000000,56.000000,0.000000,0.000000,0
neos-1354092,config18,3,FOUND INTEGER FEASIBLE,0.000000,3076.051312,0,0,-1,-1,56.000000,56.000000,0.000000,0.000000,0
neos-1445765,config1,1,FOUND INTEGER FEASIBLE,0.000000,1.745322,3,0,-1,-1,-11582.000000,-11582.000000,0.000000,0.000000,0
neos-1445765,config1,2,FOUND INTEGER FEASIBLE,0.000000,2.319834,17,0,-1,-1,-10659.000000,-10659.000000,0.000000,0.000000,0
neos-1445765,config1,3,FOUND INTEGER FEASIBLE,0.000000,2.183915,3,0,-1,-1,-11582.000000,-11582.000000,0.000000,0.000000,0
neos-1445765,config3,1,FOUND INTEGER FEASIBLE,0.000000,0.124257,0,0,-1,-1,0.000000,0.000000,0.000000,0.000000,0
neos-1445765,config3,2,FOUND INTEGER FEASIBLE,0.000000,0.086836,0,0,-1,-1,0.000000,0.000000,0.000000,0.000000,0
neos-1445765,config3,3,FOUND INTEGER FEASIBLE,0.000000,0.123881,0,0,-1,-1,0.000000,0.000000,0.000000,0.000000,0
neos-1445765,config20,1,FOUND INTEGER FEASIBLE,0.000000,3.117819,4,0,-1,-1,-12585.000000,-12585.000000,0.000000,0.000000,0
neos-1445765,config20,2,FOUND INTEGER FEASIBLE,0.000000,3.452609,3,0,-1,-1,-11711.000000,-11711.000000,0.000000,0.000000,0
neos-1445765,config20,3,FOUND INTEGER FEASIBLE,0.000000,3.511804,4,0,-1,-1,-12858.000000,-12858.000000,0.000000,0.000000,0
neos-1445765,config16,1,FOUND INTEGER FEASIBLE,1.953699,2.086074,0,12,0,0,0.000000,0.000000,0.000000,0.000000,0
neos-1445765,config16,2,FOUND INTEGER FEASIBLE,1.355482,1.428860,0,12,0,0,0.000000,0.000000,0.000000,0.000000,0
neos-1445765,config16,3,FOUND INTEGER FEASIBLE,1.744869,1.842400,0,12,0,0,0.000000,0.000000,0.000000,0.000000,0
neos-1445765,config17,1,FOUND INTEGER FEASIBLE,0.004850,0.119576,0,0,0,0,0.000000,0.000000,0.000000,0.000000,0
neos-1445765,config17,2,FOUND INTEGER FEASIBLE,0.003304,0.068412,0,0,0,0,0.000000,0.000000,0.000000,0.000000,0
neos-1445765,config17,3,FOUND INTEGER FEASIBLE,0.003266,0.065897,0,0,0,0,0.000000,0.000000,0.000000,0.000000,0
neos-1445765,config21,1,FOUND INTEGER FEASIBLE,1.058157,1.110850,0,12,0,0,-63.000000,-63.000000,0.000000,0.000000,0
neos-1445765,config21,2,FOUND INTEGER FEASIBLE,2.002223,2.111774,0,12,0,0,-63.000000,-63.000000,0.000000,0.000000,0
neos-1445765,config21,3,FOUND INTEGER FEASIBLE,2.072943,2.185726,0,12,0,0,-63.000000,-63.000000,0.000000,0.000000,0
neos-1445765,config23,1,FOUND INTEGER FEASIBLE,1.063298,1.115581,0,12,0,0,0.000000,0.000000,0.000000,0.000000,0
neos-1445765,config23,2,FOUND INTEGER FEASIBLE,2.000364,2.110654,0,12,0,0,0.000000,0.000000,0.000000,0.000000,0
neos-1445765,config23,3,FOUND INTEGER FEASIBLE,1.981682,2.112623,0,12,0,0,0.000000,0.000000,0.000000,0.000000,0
neos-1445765,config19,1,FOUND INTEGER FEASIBLE,0.000000,0.021765,0,0,-1,-1,0.000000,0.000000,0.000000,0.000000,0
neos-1445765,config19,2,FOUND INTEGER FEASIBLE,0.000000,0.017261,0,0,-1,-1,0.000000,0.000000,0.000000,0.000000,0
neos-1445765,config19,3,FOUND INTEGER FEASIBLE,0.000000,0.016342,0,0,-1,-1,0.000000,0.000000,0.000000,0.000000,0
neos-1445765,config18,1,FOUND INTEGER FEASIBLE,0.000000,0.035134,0,0,-1,-1,0.000000,0.000000,0.000000,0.000000,0
neos-1445765,config18,2,FOUND INTEGER FEASIBLE,0.000000,0.017690,0,0,-1,-1,0.000000,0.000000,0.000000,0.000000,0
neos-1445765,config18,3,FOUND INTEGER FEASIBLE,0.000000,0.013479,0,0,-1,-1,0.000000,0.000000,0.000000,0.000000,0
neos-1456979,config1,1,FOUND INTEGER FEASIBLE,0.000000,40.732749,613,0,-1,-1,491.000000,491.000000,0.000000,0.000000,0
neos-1456979,config1,2,FOUND INTEGER FEASIBLE,0.000000,45.700455,675,0,-1,-1,438.000000,438.000000,0.000000,0.000000,0
neos-1456979,config1,3,FOUND INTEGER FEASIBLE,0.000000,3.213983,34,0,-1,-1,417.000000,417.000000,0.000000,0.000000,0
neos-1456979,config3,1,FOUND INTEGER FEASIBLE,0.000000,5.003779,77,0,-1,-1,447.000000,447.000000,0.000000,0.000000,0
neos-1456979,config3,2,FOUND INTEGER FEASIBLE,0.000000,11.246567,121,0,-1,-1,425.000000,425.000000,0.000000,0.000000,0
neos-1456979,config3,3,FOUND INTEGER FEASIBLE,0.000000,4.588608,47,0,-1,-1,515.000000,515.000000,0.000000,0.000000,0
neos-1456979,config20,1,FOUND INTEGER FEASIBLE,0.000000,2.591601,29,0,-1,-1,455.000000,455.000000,0.000000,0.000000,0
neos-1456979,config20,2,FOUND INTEGER FEASIBLE,0.000000,23.951876,502,0,-1,-1,445.000000,445.000000,0.000000,0.000000,0
neos-1456979,config20,3,FOUND INTEGER FEASIBLE,0.000000,5.454087,86,0,-1,-1,433.000000,433.000000,0.000000,0.000000,0
neos-1456979,config16,1,FOUND INTEGER FEASIBLE,0.048097,13.429377,401,8,4,1,370.000000,370.000000,0.000000,0.000000,0
neos-1456979,config16,2,FOUND INTEGER FEASIBLE,0.037646,4.363713,70,8,1,1,407.000000,407.000000,0.000000,0.000000,0
neos-1456979,config16,3,FOUND INTEGER FEASIBLE,0.074104,16.186590,318,8,4,1,406.000000,406.000000,0.000000,0.000000,0
neos-1456979,config17,1,FOUND INTEGER FEASIBLE,0.190790,25.335825,437,5,4,0,514.000000,514.000000,0.000000,0.000000,0
neos-1456979,config17,2,FOUND INTEGER FEASIBLE,0.186782,14.013909,107,5,1,0,537.000000,537.000000,0.000000,0.000000,0
neos-1456979,config17,3,FOUND INTEGER FEASIBLE,0.186064,15.332736,142,5,1,0,492.000000,492.000000,0.000000,0.000000,0
neos-1456979,config21,1,FOUND INTEGER FEASIBLE,0.134940,46.459737,1030,8,8,0,444.000000,444.000000,0.000000,0.000000,0
neos-1456979,config21,2,FOUND INTEGER FEASIBLE,0.135221,27.700499,890,8,8,0,463.000000,463.000000,0.000000,0.000000,0
neos-1456979,config21,3,FOUND INTEGER FEASIBLE,0.134418,13.806384,339,8,2,0,479.000000,479.000000,0.000000,0.000000,0
neos-1456979,config23,1,FOUND INTEGER FEASIBLE,0.134680,16.316874,339,8,3,0,447.000000,447.000000,0.000000,0.000000,0
neos-1456979,config23,2,FOUND INTEGER FEASIBLE,0.069608,9.635165,127,8,0,0,495.000000,495.000000,0.000000,0.000000,0
neos-1456979,config23,3,FOUND INTEGER FEASIBLE,0.135556,22.667449,478,8,5,0,491.000000,491.000000,0.000000,0.000000,0
neos-1456979,config19,1,FOUND INTEGER FEASIBLE,0.000000,75.331625,0,0,-1,-1,562.000000,562.000000,0.000000,0.000000,0
neos-1456979,config19,2,FOUND INTEGER FEASIBLE,0.000000,76.470554,0,0,-1,-1,562.000000,562.000000,0.000000,0.000000,0
neos-1456979,config19,3,FOUND INTEGER FEASIBLE,0.000000,74.320527,0,0,-1,-1,562.000000,562.000000,0.000000,0.000000,0
neos-1456979,config18,1,FOUND INTEGER FEASIBLE,0.000000,2.706860,0,0,-1,-1,261.000000,261.000000,0.000000,0.000000,0
neos-1456979,config18,2,FOUND INTEGER FEASIBLE,0.000000,3.708452,0,0,-1,-1,261.000000,261.000000,0.000000,0.000000,0
neos-1456979,config18,3,FOUND INTEGER FEASIBLE,0.000000,3.706616,0,0,-1,-1,261.000000,261.000000,0.000000,0.000000,0
neos-1582420,config1,1,FOUND INTEGER FEASIBLE,0.000000,0.830563,78,0,-1,-1,188.000000,188.000000,0.000000,0.000000,0
neos-1582420,config1,2,FOUND INTEGER FEASIBLE,0.000000,3.362915,204,0,-1,-1,217.000000,217.000000,0.000000,0.000000,0
neos-1582420,config1,3,FOUND INTEGER FEASIBLE,0.000000,3.155259,232,0,-1,-1,220.000000,220.000000,0.000000,0.000000,0
neos-1582420,config3,1,FOUND INTEGER FEASIBLE,0.000000,1.603192,107,0,-1,-1,227.000000,227.000000,0.000000,0.000000,0
neos-1582420,config3,2,FOUND INTEGER FEASIBLE,0.000000,0.744842,23,0,-1,-1,248.000000,248.000000,0.000000,0.000000,0
neos-1582420,config3,3,FOUND INTEGER FEASIBLE,0.000000,1.028348,40,0,-1,-1,217.000000,217.000000,0.000000,0.000000,0
neos-1582420,config20,1,FOUND INTEGER FEASIBLE,0.000000,1.129022,50,0,-1,-1,236.000000,236.000000,0.000000,0.000000,0
neos-1582420,config20,2,FOUND INTEGER FEASIBLE,0.000000,1.077746,46,0,-1,-1,266.000000,266.000000,0.000000,0.000000,0
neos-1582420,config20,3,FOUND INTEGER FEASIBLE,0.000000,2.599321,133,0,-1,-1,241.000000,241.000000,0.000000,0.000000,0
neos-1582420,config16,1,FOUND INTEGER FEASIBLE,0.214351,1.205552,154,11,1,0,177.000000,177.000000,0.000000,0.000000,0
neos-1582420,config16,2,FOUND INTEGER FEASIBLE,0.213628,1.300782,204,11,1,0,222.000000,222.000000,0.000000,0.000000,0
neos-1582420,config16,3,FOUND INTEGER FEASIBLE,0.211527,2.310516,331,11,4,0,164.000000,164.000000,0.000000,0.000000,0
neos-1582420,config17,1,FOUND INTEGER FEASIBLE,0.150511,2.918507,339,10,4,0,228.000000,228.000000,0.000000,0.000000,0
neos-1582420,config17,2,FOUND INTEGER FEASIBLE,0.150568,0.699717,31,10,0,0,222.000000,222.000000,0.000000,0.000000,0
neos-1582420,config17,3,FOUND INTEGER FEASIBLE,0.150734,0.493442,20,10,0,0,213.000000,213.000000,0.000000,0.000000,0
neos-1582420,config21,1,FOUND INTEGER FEASIBLE,0.460231,3.608196,260,7,2,0,248.000000,248.000000,0.000000,0.000000,0
neos-1582420,config21,2,FOUND INTEGER FEASIBLE,0.454486,1.330826,49,7,0,0,273.000000,273.000000,0.000000,0.000000,0
neos-1582420,config21,3,FOUND INTEGER FEASIBLE,0.455054,3.781142,444,7,7,0,234.000000,234.000000,0.000000,0.000000,0
neos-1582420,config23,1,FOUND INTEGER FEASIBLE,0.344389,0.575455,27,7,0,0,226.000000,226.000000,0.000000,0.000000,0
neos-1582420,config23,2,FOUND INTEGER FEASIBLE,0.353429,0.926979,63,7,0,0,186.000000,186.000000,0.000000,0.000000,0
neos-1582420,config23,3,FOUND INTEGER FEASIBLE,0.338707,1.752470,133,7,1,0,245.000000,245.000000,0.000000,0.800000,0
neos-1582420,config19,1,FOUND INTEGER FEASIBLE,0.000000,3.360825,0,0,-1,-1,107.000000,107.000000,0.000000,0.000000,0
neos-1582420,config19,2,FOUND INTEGER FEASIBLE,0.000000,3.361810,0,0,-1,-1,107.000000,107.000000,0.000000,0.000000,0
neos-1582420,config19,3,FOUND INTEGER FEASIBLE,0.000000,3.361390,0,0,-1,-1,107.000000,107.000000,0.000000,0.000000,0
neos-1582420,config18,1,FOUND INTEGER FEASIBLE,0.000000,1.832132,0,0,-1,-1,95.000000,95.000000,0.000000,0.000000,0
neos-1582420,config18,2,FOUND INTEGER FEASIBLE,0.000000,1.825587,0,0,-1,-1,95.000000,95.000000,0.000000,0.000000,0
neos-1582420,config18,3,FOUND INTEGER FEASIBLE,0.000000,1.048539,0,0,-1,-1,95.000000,95.000000,0.000000,0.000000,0
neos17,config1,1,FOUND INTEGER FEASIBLE,0.000000,0.048892,3,0,-1,-1,0.530273,0.530273,0.000000,0.000000,0
neos17,config1,2,FOUND INTEGER FEASIBLE,0.000000,0.049378,3,0,-1,-1,0.530273,0.530273,0.000000,0.000000,0
neos17,config1,3,FOUND INTEGER FEASIBLE,0.000000,0.047226,2,0,-1,-1,0.530273,0.530273,0.000000,0.000000,0
neos17,config3,1,FOUND INTEGER FEASIBLE,0.000000,0.034890,3,0,-1,-1,0.919620,0.530273,0.000000,0.000000,0
neos17,config3,2,FOUND INTEGER FEASIBLE,0.000000,0.033322,3,0,-1,-1,0.919620,0.530273,0.000000,0.000000,0
neos17,config3,3,FOUND INTEGER FEASIBLE,0.000000,0.032679,2,0,-1,-1,0.919620,0.530273,0.000000,0.000000,0
neos17,config20,1,FOUND INTEGER FEASIBLE,0.000000,0.030783,0,0,-1,-1,1.664720,1.274855,0.000000,0.000000,0
neos17,config20,2,FOUND INTEGER FEASIBLE,0.000000,0.019147,0,0,-1,-1,1.664720,1.274855,0.000000,0.000000,0
neos17,config20,3,FOUND INTEGER FEASIBLE,0.000000,0.017636,0,0,-1,-1,1.664720,1.274855,0.000000,0.000000,0
neos17,config16,1,FOUND INTEGER FEASIBLE,0.019856,0.051298,5,4,0,0,0.266657,0.254400,0.000000,0.000000,0
neos17,config16,2,FOUND INTEGER FEASIBLE,0.018902,0.048592,5,4,0,0,0.256924,0.254356,0.000000,0.000000,0
neos17,config16,3,FOUND INTEGER FEASIBLE,0.027687,0.074726,4,4,0,0,0.264000,0.253497,0.000000,0.000000,0
neos17,config17,1,FOUND INTEGER FEASIBLE,0.007336,0.038615,2,1,0,0,0.850740,0.462021,0.000000,0.000000,0
neos17,config17,2,FOUND INTEGER FEASIBLE,0.007285,0.038736,2,1,0,0,0.850740,0.462021,0.000000,0.000000,0
neos17,config17,3,FOUND INTEGER FEASIBLE,0.007372,0.038328,2,1,0,0,0.850740,0.462021,0.000000,0.000000,0
neos17,config21,1,FOUND INTEGER FEASIBLE,0.001795,0.026877,0,0,0,0,1.664720,1.274855,0.000000,0.000000,0
neos17,config21,2,FOUND INTEGER FEASIBLE,0.002195,0.032488,0,0,0,0,1.664720,1.274855,0.000000,0.000000,0
neos17,config21,3,FOUND INTEGER FEASIBLE,0.001788,0.027253,0,0,0,0,1.664720,1.274855,0.000000,0.000000,0
neos17,config23,1,FOUND INTEGER FEASIBLE,0.001853,0.031057,3,0,0,0,0.919620,0.530273,0.000000,0.000000,0
neos17,config23,2,FOUND INTEGER FEASIBLE,0.001844,0.031345,3,0,0,0,0.919620,0.530273,0.000000,0.000000,0
neos17,config23,3,FOUND INTEGER FEASIBLE,0.002232,0.037196,2,0,0,0,0.919620,0.530273,0.000000,0.000000,0
neos17,config19,1,FOUND INTEGER FEASIBLE,0.000000,0.032876,0,0,-1,-1,1.664720,1.274855,0.000000,0.000000,0
neos17,config19,2,FOUND INTEGER FEASIBLE,0.000000,0.021582,0,0,-1,-1,1.664720,1.274855,0.000000,0.000000,0
neos17,config19,3,FOUND INTEGER FEASIBLE,0.000000,0.021171,0,0,-1,-1,1.664720,1.274855,0.000000,0.000000,0
neos17,config18,1,FOUND INTEGER FEASIBLE,0.000000,0.025300,0,0,-1,-1,1.664720,1.274855,0.000000,0.000000,0
neos17,config18,2,FOUND INTEGER FEASIBLE,0.000000,0.021213,0,0,-1,-1,1.664720,1.274855,0.000000,0.000000,0
neos17,config18,3,FOUND INTEGER FEASIBLE,0.000000,0.021111,0,0,-1,-1,1.664720,1.274855,0.000000,0.000000,0
neos-2657525-crna,config1,1,FOUND INTEGER FEASIBLE,0.000000,1.649211,777,0,-1,-1,22.361032,22.361032,0.000000,0.000000,0
neos-2657525-crna,config1,2,FOUND INTEGER FEASIBLE,0.000000,0.644471,292,0,-1,-1,29.472417,29.472417,0.000000,0.000000,0
neos-2657525-crna,config1,3,FOUND INTEGER FEASIBLE,0.000000,0.413842,190,0,-1,-1,26.862524,26.862524,0.000000,0.000000,0
neos-2657525-crna,config3,1,FOUND INTEGER FEASIBLE,0.000000,0.033546,12,0,-1,-1,60.855833,60.855833,0.000000,0.000000,0
neos-2657525-crna,config3,2,FOUND INTEGER FEASIBLE,0.000000,2.532341,1949,0,-1,-1,26.579974,26.579974,0.000000,0.000000,0
neos-2657525-crna,config3,3,FOUND INTEGER FEASIBLE,0.000000,1.495218,734,0,-1,-1,28.312716,28.312716,0.000000,0.000000,0
neos-2657525-crna,config20,1,FOUND INTEGER FEASIBLE,0.000000,3.127646,1592,0,-1,-1,21.651352,21.651352,0.000000,0.000000,0
neos-2657525-crna,config20,2,FOUND INTEGER FEASIBLE,0.000000,3.242276,1154,0,-1,-1,26.435060,26.435060,0.000000,0.000000,0
neos-2657525-crna,config20,3,FOUND INTEGER FEASIBLE,0.000000,0.399889,102,0,-1,-1,29.720111,29.720110,0.000000,0.000000,0
neos-2657525-crna,config16,1,FOUND INTEGER FEASIBLE,0.011449,0.099292,82,8,1,0,35.749013,35.749013,0.000000,0.000000,0
neos-2657525-crna,config16,2,FOUND INTEGER FEASIBLE,0.011240,0.106171,85,8,1,0,21.762975,21.762975,0.000000,0.000000,0
neos-2657525-crna,config16,3,FOUND INTEGER FEASIBLE,0.011155,0.209236,173,8,3,0,45.236060,45.236060,0.000000,0.000000,0
neos-2657525-crna,config17,1,FAILED TO FIND AN INTEGER FEASIBLE SOLUTION,0.004264,2.575669,2011,4,4,0,0.000000,0.000000,0.250000,0.250000,1
neos-2657525-crna,config17,2,FOUND INTEGER FEASIBLE,0.004516,0.321680,219,4,4,0,48.882873,48.882873,0.000000,0.000000,0
neos-2657525-crna,config17,3,FOUND INTEGER FEASIBLE,0.004390,0.170216,111,4,2,0,37.968734,37.968734,0.000000,0.000000,0
neos-2657525-crna,config21,1,FOUND INTEGER FEASIBLE,0.009902,0.019778,4,6,0,0,58.788504,58.788504,0.000000,0.000000,0
neos-2657525-crna,config21,2,FOUND INTEGER FEASIBLE,0.016358,0.032916,4,6,0,0,58.788504,58.788504,0.000000,0.000000,0
neos-2657525-crna,config21,3,FOUND INTEGER FEASIBLE,0.013541,0.028256,4,6,0,0,58.788504,58.788504,0.000000,0.000000,0
neos-2657525-crna,config23,1,FOUND INTEGER FEASIBLE,0.013082,0.024212,1,6,0,0,60.838504,60.838504,0.000000,0.000000,0
neos-2657525-crna,config23,2,FOUND INTEGER FEASIBLE,0.013057,0.024208,1,6,0,0,60.838504,60.838504,0.000000,0.000000,0
neos-2657525-crna,config23,3,FOUND INTEGER FEASIBLE,0.013238,0.024313,1,6,0,0,60.838504,60.838504,0.000000,0.000000,0
neos-2657525-crna,config19,1,FOUND INTEGER FEASIBLE,0.000000,2.986410,0,0,-1,-1,44.182574,44.182574,0.000000,0.000000,0
neos-2657525-crna,config19,2,FOUND INTEGER FEASIBLE,0.000000,2.960432,0,0,-1,-1,44.182574,44.182574,0.000000,0.000000,0
neos-2657525-crna,config19,3,FOUND INTEGER FEASIBLE,0.000000,2.961191,0,0,-1,-1,44.182574,44.182574,0.000000,0.000000,0
neos-2657525-crna,config18,1,FOUND INTEGER FEASIBLE,0.000000,0.750957,0,0,-1,-1,7.230532,7.230532,0.000000,0.000000,0
neos-2657525-crna,config18,2,FOUND INTEGER FEASIBLE,0.000000,0.747739,0,0,-1,-1,7.230532,7.230532,0.000000,0.000000,0
neos-2657525-crna,config18,3,FOUND INTEGER FEASIBLE,0.000000,0.658374,0,0,-1,-1,7.230532,7.230532,0.000000,0.000000,0
neos-2746589-doon,config1,1,FAILED TO FIND AN INTEGER FEASIBLE SOLUTION,0.000000,925.287062,12000,0,-1,-1,0.000000,0.000000,7.924342,5.208121,162
neos-2746589-doon,config1,2,FAILED TO FIND AN INTEGER FEASIBLE SOLUTION,0.000000,924.174375,12000,0,-1,-1,0.000000,0.000000,8.493687,5.588084,161
neos-2746589-doon,config1,3,FAILED TO FIND AN INTEGER FEASIBLE SOLUTION,0.000000,952.136872,12000,0,-1,-1,0.000000,0.000000,7.957814,5.246248,159
neos-2746589-doon,config3,1,FAILED TO FIND AN INTEGER FEASIBLE SOLUTION,0.000000,917.860263,12000,0,-1,-1,0.000000,0.000000,8.466871,5.890987,161
neos-2746589-doon,config3,2,FAILED TO FIND AN INTEGER FEASIBLE SOLUTION,0.000000,919.679610,12000,0,-1,-1,0.000000,0.000000,8.282998,5.376012,158
neos-2746589-doon,config3,3,FAILED TO FIND AN INTEGER FEASIBLE SOLUTION,0.000000,922.711008,12000,0,-1,-1,0.000000,0.000000,8.701986,5.677168,160
neos-2746589-doon,config20,1,FAILED TO FIND AN INTEGER FEASIBLE SOLUTION,0.000000,1578.999330,12000,0,-1,-1,0.000000,0.000000,8.711351,5.635478,163
neos-2746589-doon,config20,2,FAILED TO FIND AN INTEGER FEASIBLE SOLUTION,0.000000,1552.280354,12000,0,-1,-1,0.000000,0.000000,9.223366,5.891252,159
neos-2746589-doon,config20,3,FAILED TO FIND AN INTEGER FEASIBLE SOLUTION,0.000000,1576.607331,12000,0,-1,-1,0.000000,0.000000,8.114363,5.277530,164
neos-2746589-doon,config16,1,FAILED TO FIND AN INTEGER FEASIBLE SOLUTION,0.357473,3600,11873,10,10,0,0.000000,0.000000,8.177693,8.398999,71
neos-2746589-doon,config16,2,FAILED TO FIND AN INTEGER FEASIBLE SOLUTION,0.345233,3132.873978,12000,10,10,0,0.000000,0.000000,5.701026,6.089919,36
neos-2746589-doon,config16,3,FAILED TO FIND AN INTEGER FEASIBLE SOLUTION,0.269629,3600,11842,10,10,0,0.000000,0.000000,2.685914,3.640040,10
neos-2746589-doon,config17,1,FOUND INTEGER FEASIBLE,0.491301,410.394603,892,11,10,0,4090.600000,4090.600000,0.000000,0.000000,0
neos-2746589-doon,config17,2,FOUND INTEGER FEASIBLE,0.338679,117.057183,394,11,4,0,4057.700000,4057.700000,0.000000,0.000000,0
neos-2746589-doon,config17,3,FAILED TO FIND AN INTEGER FEASIBLE SOLUTION,0.635960,3600,11683,11,11,0,0.000000,0.000000,7.938807,7.756725,197
neos-2746589-doon,config21,1,FAILED TO FIND AN INTEGER FEASIBLE SOLUTION,0.316711,3600,11607,3,3,1,0.000000,0.000000,9.471631,10.541296,344
neos-2746589-doon,config21,2,FAILED TO FIND AN INTEGER FEASIBLE SOLUTION,0.309339,3600,11721,3,3,1,0.000000,0.000000,5.985200,5.701769,32
neos-2746589-doon,config21,3,FAILED TO FIND AN INTEGER FEASIBLE SOLUTION,0.304037,3600,11822,3,3,1,0.000000,0.000000,6.891983,6.495975,83
neos-2746589-doon,config23,1,FAILED TO FIND AN INTEGER FEASIBLE SOLUTION,0.309008,3600,11849,3,3,1,0.000000,0.000000,8.377823,8.831615,110
neos-2746589-doon,config23,2,FAILED TO FIND AN INTEGER FEASIBLE SOLUTION,0.302666,3600,11782,3,3,1,0.000000,0.000000,4.663527,4.821116,36
neos-2746589-doon,config23,3,FOUND INTEGER FEASIBLE,0.304084,34.789067,212,3,3,1,4071.100000,4071.100000,0.000000,0.000000,0
neos-2746589-doon,config19,1,FOUND INTEGER FEASIBLE,0.000000,124.091039,0,0,-1,-1,2018.800000,2018.800000,0.000000,0.000000,0
neos-2746589-doon,config19,2,FOUND INTEGER FEASIBLE,0.000000,123.766434,0,0,-1,-1,2018.800000,2018.800000,0.000000,0.000000,0
neos-2746589-doon,config19,3,FOUND INTEGER FEASIBLE,0.000000,124.405755,0,0,-1,-1,2018.800000,2018.800000,0.000000,0.000000,0
neos-2746589-doon,config18,1,FOUND INTEGER FEASIBLE,0.000000,371.588479,0,0,-1,-1,2017.400000,2017.400000,0.000000,0.000000,0
neos-2746589-doon,config18,2,FOUND INTEGER FEASIBLE,0.000000,373.046794,0,0,-1,-1,2017.400000,2017.400000,0.000000,0.000000,0
neos-2746589-doon,config18,3,FOUND INTEGER FEASIBLE,0.000000,372.711176,0,0,-1,-1,2017.400000,2017.400000,0.000000,0.000000,0
neos-2978193-inde,config1,1,FOUND INTEGER FEASIBLE,0.000000,0.239108,1,0,-1,-1,9.559005,-1.447553,0.000000,0.000000,0
neos-2978193-inde,config1,2,FOUND INTEGER FEASIBLE,0.000000,0.238209,1,0,-1,-1,9.774145,-1.433573,0.000000,0.000000,0
neos-2978193-inde,config1,3,FOUND INTEGER FEASIBLE,0.000000,0.239743,1,0,-1,-1,11.436821,-2.118459,0.000000,0.000000,0
neos-2978193-inde,config3,1,FOUND INTEGER FEASIBLE,0.000000,0.271162,1,0,-1,-1,57.762800,4.279986,0.000000,0.000000,0
neos-2978193-inde,config3,2,FOUND INTEGER FEASIBLE,0.000000,0.274980,1,0,-1,-1,59.393412,5.372305,0.000000,0.000000,0
neos-2978193-inde,config3,3,FOUND INTEGER FEASIBLE,0.000000,0.266513,1,0,-1,-1,59.276004,5.705214,0.000000,0.000000,0
neos-2978193-inde,config20,1,FOUND INTEGER FEASIBLE,0.000000,0.283150,1,0,-1,-1,57.762800,4.279986,0.000000,0.000000,0
neos-2978193-inde,config20,2,FOUND INTEGER FEASIBLE,0.000000,0.211551,1,0,-1,-1,59.393412,5.372305,0.000000,0.000000,0
neos-2978193-inde,config20,3,FOUND INTEGER FEASIBLE,0.000000,0.276981,1,0,-1,-1,59.276004,5.705214,0.000000,0.000000,0
neos-2978193-inde,config16,1,FOUND INTEGER FEASIBLE,0.321269,0.535542,1,4,0,0,1.578488,-2.155273,0.000000,0.000000,0
neos-2978193-inde,config16,2,FOUND INTEGER FEASIBLE,0.315710,0.514643,1,4,0,0,2.820489,-2.026885,0.000000,0.000000,0
neos-2978193-inde,config16,3,FOUND INTEGER FEASIBLE,0.298509,0.459931,1,4,0,0,1.385630,-2.102072,0.000000,0.000000,0
neos-2978193-inde,config17,1,FOUND INTEGER FEASIBLE,0.118004,0.370860,1,1,0,0,53.313068,3.584738,0.000000,0.000000,0
neos-2978193-inde,config17,2,FOUND INTEGER FEASIBLE,0.117114,0.384196,1,1,0,0,57.404131,3.479307,0.000000,0.000000,0
neos-2978193-inde,config17,3,FOUND INTEGER FEASIBLE,0.087149,0.282578,1,1,0,0,52.646543,3.532775,0.000000,0.000000,0
neos-2978193-inde,config21,1,FOUND INTEGER FEASIBLE,0.116133,0.366144,1,1,0,0,53.313068,3.584738,0.000000,0.000000,0
neos-2978193-inde,config21,2,FOUND INTEGER FEASIBLE,0.116617,0.366841,1,1,0,0,57.404131,3.479307,0.000000,0.000000,0
neos-2978193-inde,config21,3,FOUND INTEGER FEASIBLE,0.115919,0.362661,1,1,0,0,52.646543,3.532775,0.000000,0.000000,0
neos-2978193-inde,config23,1,FOUND INTEGER FEASIBLE,0.120729,0.367604,1,1,0,0,53.313068,3.584738,0.000000,0.000000,0
neos-2978193-inde,config23,2,FOUND INTEGER FEASIBLE,0.116282,0.358668,1,1,0,0,57.404131,3.479307,0.000000,0.000000,0
neos-2978193-inde,config23,3,FOUND INTEGER FEASIBLE,0.115023,0.352033,1,1,0,0,52.646543,3.532775,0.000000,0.000000,0
neos-2978193-inde,config19,1,FOUND INTEGER FEASIBLE,0.000000,0.298738,0,0,-1,-1,-1.044868,-1.044868,0.000000,0.000000,0
neos-2978193-inde,config19,2,FOUND INTEGER FEASIBLE,0.000000,0.287100,0,0,-1,-1,-1.044868,-1.044868,0.000000,0.000000,0
neos-2978193-inde,config19,3,FOUND INTEGER FEASIBLE,0.000000,0.286526,0,0,-1,-1,-1.044868,-1.044868,0.000000,0.000000,0
neos-2978193-inde,config18,1,FOUND INTEGER FEASIBLE,0.000000,0.297888,0,0,-1,-1,-1.044868,-1.044868,0.000000,0.000000,0
neos-2978193-inde,config18,2,FOUND INTEGER FEASIBLE,0.000000,0.282816,0,0,-1,-1,-1.044868,-1.044868,0.000000,0.000000,0
neos-2978193-inde,config18,3,FOUND INTEGER FEASIBLE,0.000000,0.288763,0,0,-1,-1,-1.044868,-1.044868,0.000000,0.000000,0
neos-2987310-joes,config1,1,FOUND INTEGER FEASIBLE,0.000000,3.260645,5,0,-1,-1,-602519763.697595,-603541387.613605,0.000000,0.000000,0
neos-2987310-joes,config1,2,FOUND INTEGER FEASIBLE,0.000000,5.668994,17,0,-1,-1,-603982863.533755,-603982863.533755,0.000000,0.000000,0
neos-2987310-joes,config1,3,FOUND INTEGER FEASIBLE,0.000000,4.998693,15,0,-1,-1,-587719979.024785,-603078273.151785,0.000000,0.000000,0
neos-2987310-joes,config3,1,FOUND INTEGER FEASIBLE,0.000000,1.707292,0,0,-1,-1,0.000000,-222862.316883,0.000000,0.000000,0
neos-2987310-joes,config3,2,FOUND INTEGER FEASIBLE,0.000000,1.688505,0,0,-1,-1,0.000000,-222862.316883,0.000000,0.000000,0
neos-2987310-joes,config3,3,FOUND INTEGER FEASIBLE,0.000000,1.686389,0,0,-1,-1,0.000000,-222862.316883,0.000000,0.000000,0
neos-2987310-joes,config20,1,FOUND INTEGER FEASIBLE,0.000000,3.777489,19,0,-1,-1,-583306239.357529,-585119875.072455,0.000000,0.000000,0
neos-2987310-joes,config20,2,FOUND INTEGER FEASIBLE,0.000000,3.631080,18,0,-1,-1,-589768231.577842,-591845850.089932,0.000000,0.000000,0
neos-2987310-joes,config20,3,FOUND INTEGER FEASIBLE,0.000000,2.946088,10,0,-1,-1,-571797589.991425,-580038343.247975,0.000000,0.000000,0
neos-2987310-joes,config16,1,FOUND INTEGER FEASIBLE,1.794247,2.545060,2,5,0,0,-5220244.544302,-5220244.544302,0.000000,0.000000,0
neos-2987310-joes,config16,2,FOUND INTEGER FEASIBLE,1.989623,2.586683,1,5,0,0,-4720896.755562,-4720896.755562,0.000000,0.000000,0
neos-2987310-joes,config16,3,FOUND INTEGER FEASIBLE,1.811789,2.532194,2,5,0,0,-5220244.544302,-5220244.544302,0.000000,0.000000,0
neos-2987310-joes,config17,1,FOUND INTEGER FEASIBLE,0.300771,1.017363,0,1,0,0,0.000000,-222862.316883,0.000000,0.000000,0
neos-2987310-joes,config17,2,FOUND INTEGER FEASIBLE,0.244704,0.918245,0,1,0,0,0.000000,-222862.316883,0.000000,0.000000,0
neos-2987310-joes,config17,3,FOUND INTEGER FEASIBLE,0.301435,1.042221,0,1,0,0,0.000000,-222862.316883,0.000000,0.000000,0
neos-2987310-joes,config21,1,FOUND INTEGER FEASIBLE,0.925029,1.843928,0,6,0,0,0.000000,-222862.316883,0.000000,0.000000,0
neos-2987310-joes,config21,2,FOUND INTEGER FEASIBLE,0.705086,1.396839,0,6,0,0,0.000000,-222862.316883,0.000000,0.000000,0
neos-2987310-joes,config21,3,FOUND INTEGER FEASIBLE,0.702932,1.400012,0,6,0,0,0.000000,-222862.316883,0.000000,0.000000,0
neos-2987310-joes,config23,1,FOUND INTEGER FEASIBLE,0.715176,1.403528,0,6,0,0,0.000000,-222862.316883,0.000000,0.000000,0
neos-2987310-joes,config23,2,FOUND INTEGER FEASIBLE,0.707336,1.405837,0,6,0,0,0.000000,-222862.316883,0.000000,0.000000,0
neos-2987310-joes,config23,3,FOUND INTEGER FEASIBLE,0.699553,1.379966,0,6,0,0,0.000000,-222862.316883,0.000000,0.000000,0
neos-2987310-joes,config19,1,FOUND INTEGER FEASIBLE,0.000000,0.272323,0,0,-1,-1,0.000000,-222862.316883,0.000000,0.000000,0
neos-2987310-joes,config19,2,FOUND INTEGER FEASIBLE,0.000000,0.166950,0,0,-1,-1,0.000000,-222862.316883,0.000000,0.000000,0
neos-2987310-joes,config19,3,FOUND INTEGER FEASIBLE,0.000000,0.184541,0,0,-1,-1,0.000000,-222862.316883,0.000000,0.000000,0
neos-2987310-joes,config18,1,FOUND INTEGER FEASIBLE,0.000000,0.239880,0,0,-1,-1,0.000000,-222862.316883,0.000000,0.000000,0
neos-2987310-joes,config18,2,FOUND INTEGER FEASIBLE,0.000000,0.149697,0,0,-1,-1,0.000000,-222862.316883,0.000000,0.000000,0
neos-2987310-joes,config18,3,FOUND INTEGER FEASIBLE,0.000000,0.177249,0,0,-1,-1,0.000000,-222862.316883,0.000000,0.000000,0
neos-3004026-krka,config1,1,FAILED TO FIND AN INTEGER FEASIBLE SOLUTION,0.000000,157.462931,12000,0,-1,-1,0.000000,0.000000,0.923077,0.923077,12
neos-3004026-krka,config1,2,FAILED TO FIND AN INTEGER FEASIBLE SOLUTION,0.000000,168.516323,12000,0,-1,-1,0.000000,0.000000,0.307692,0.307692,4
neos-3004026-krka,config1,3,FAILED TO FIND AN INTEGER FEASIBLE SOLUTION,0.000000,157.912968,12000,0,-1,-1,0.000000,0.000000,0.307692,0.307692,4
neos-3004026-krka,config3,1,FAILED TO FIND AN INTEGER FEASIBLE SOLUTION,0.000000,140.481315,12000,0,-1,-1,0.000000,0.000000,0.615385,0.615385,8
neos-3004026-krka,config3,2,FAILED TO FIND AN INTEGER FEASIBLE SOLUTION,0.000000,140.448940,12000,0,-1,-1,0.000000,0.000000,0.461538,1.307692,6
neos-3004026-krka,config3,3,FAILED TO FIND AN INTEGER FEASIBLE SOLUTION,0.000000,142.531561,12000,0,-1,-1,0.000000,0.000000,0.461538,0.461538,6
neos-3004026-krka,config20,1,FAILED TO FIND AN INTEGER FEASIBLE SOLUTION,0.000000,436.173093,12000,0,-1,-1,0.000000,0.000000,0.923077,0.923077,12
neos-3004026-krka,config20,2,FAILED TO FIND AN INTEGER FEASIBLE SOLUTION,0.000000,490.961776,12000,0,-1,-1,0.000000,0.000000,0.307692,0.307692,4
neos-3004026-krka,config20,3,FAILED TO FIND AN INTEGER FEASIBLE SOLUTION,0.000000,425.477375,12000,0,-1,-1,0.000000,0.000000,0.307692,0.307692,4
neos-3004026-krka,config16,1,FAILED TO FIND AN INTEGER FEASIBLE SOLUTION,0.241900,122.264638,12000,1,1,0,0.000000,0.000000,0.769231,0.769231,10
neos-3004026-krka,config16,2,FAILED TO FIND AN INTEGER FEASIBLE SOLUTION,0.323346,110.034932,12000,1,1,0,0.000000,0.000000,0.769231,0.769231,10
neos-3004026-krka,config16,3,FAILED TO FIND AN INTEGER FEASIBLE SOLUTION,0.321726,117.636248,12000,1,1,0,0.000000,0.000000,2.000000,2.000000,26
neos-3004026-krka,config17,1,FAILED TO FIND AN INTEGER FEASIBLE SOLUTION,0.255211,105.113727,12000,1,1,0,0.000000,0.000000,1.538462,1.538462,20
neos-3004026-krka,config17,2,FAILED TO FIND AN INTEGER FEASIBLE SOLUTION,0.252757,118.608446,12000,1,1,0,0.000000,0.000000,0.769231,0.769231,10
neos-3004026-krka,config17,3,FAILED TO FIND AN INTEGER FEASIBLE SOLUTION,0.254957,117.049905,12000,1,1,0,0.000000,0.000000,0.615385,0.615385,8
neos-3004026-krka,config21,1,FAILED TO FIND AN INTEGER FEASIBLE SOLUTION,0.324367,123.074117,12000,1,1,0,0.000000,0.000000,0.769231,0.769231,10
neos-3004026-krka,config21,2,FAILED TO FIND AN INTEGER FEASIBLE SOLUTION,0.319693,114.966485,12000,1,1,0,0.000000,0.000000,0.461538,0.461538,6
neos-3004026-krka,config21,3,FAILED TO FIND AN INTEGER FEASIBLE SOLUTION,0.318147,135.950646,12000,1,1,0,0.000000,0.000000,0.461538,0.461538,6
neos-3004026-krka,config23,1,FAILED TO FIND AN INTEGER FEASIBLE SOLUTION,0.245729,123.090832,12000,1,1,0,0.000000,0.000000,1.015385,1.015385,10
neos-3004026-krka,config23,2,FAILED TO FIND AN INTEGER FEASIBLE SOLUTION,0.162145,109.870268,12000,1,1,0,0.000000,0.000000,0.461538,0.461538,6
neos-3004026-krka,config23,3,FAILED TO FIND AN INTEGER FEASIBLE SOLUTION,0.165626,130.450683,12000,1,1,0,0.000000,0.000000,1.384615,1.384615,16
neos-3004026-krka,config19,1,FAILED TO FIND AN INTEGER FEASIBLE SOLUTION,0.000000,3600,0,0,-1,-1,0.000000,0.000000,inf,inf,0
neos-3004026-krka,config19,2,FAILED TO FIND AN INTEGER FEASIBLE SOLUTION,0.000000,3600,0,0,-1,-1,0.000000,0.000000,inf,inf,0
neos-3004026-krka,config19,3,FAILED TO FIND AN INTEGER FEASIBLE SOLUTION,0.000000,3600,0,0,-1,-1,0.000000,0.000000,inf,inf,0
neos-3004026-krka,config18,1,FOUND INTEGER FEASIBLE,0.000000,630.923889,0,0,-1,-1,0.000000,0.000000,0.000000,0.000000,0
neos-3004026-krka,config18,2,FOUND INTEGER FEASIBLE,0.000000,628.837297,0,0,-1,-1,0.000000,0.000000,0.000000,0.000000,0
neos-3004026-krka,config18,3,FOUND INTEGER FEASIBLE,0.000000,631.878326,0,0,-1,-1,0.000000,0.000000,0.000000,0.000000,0
neos-3024952-loue,config1,1,FOUND INTEGER FEASIBLE,0.000000,12.918075,691,0,-1,-1,238788.000000,238788.000000,0.000000,0.000000,0
neos-3024952-loue,config1,2,FAILED TO FIND AN INTEGER FEASIBLE SOLUTION,0.000000,36.660406,2000,0,-1,-1,0.000000,0.000000,0.050000,0.050000,1
neos-3024952-loue,config1,3,FAILED TO FIND AN INTEGER FEASIBLE SOLUTION,0.000000,34.698049,2000,0,-1,-1,0.000000,0.000000,0.200000,0.200000,4
neos-3024952-loue,config3,1,FOUND INTEGER FEASIBLE,0.000000,10.613456,679,0,-1,-1,269208.000000,269208.000000,0.000000,0.000000,0
neos-3024952-loue,config3,2,FOUND INTEGER FEASIBLE,0.000000,9.547165,676,0,-1,-1,253141.000000,253141.000000,0.000000,0.000000,0
neos-3024952-loue,config3,3,FOUND INTEGER FEASIBLE,0.000000,4.469288,237,0,-1,-1,258222.000000,258222.000000,0.000000,0.000000,0
neos-3024952-loue,config20,1,FOUND INTEGER FEASIBLE,0.000000,19.568803,679,0,-1,-1,269208.000000,269208.000000,0.000000,0.000000,0
neos-3024952-loue,config20,2,FOUND INTEGER FEASIBLE,0.000000,18.953321,676,0,-1,-1,253141.000000,253141.000000,0.000000,0.000000,0
neos-3024952-loue,config20,3,FOUND INTEGER FEASIBLE,0.000000,7.634647,237,0,-1,-1,258222.000000,258222.000000,0.000000,0.000000,0
neos-3024952-loue,config16,1,FOUND INTEGER FEASIBLE,0.000006,9.624409,691,0,0,0,238788.000000,238788.000000,0.000000,0.000000,0
neos-3024952-loue,config16,2,FAILED TO FIND AN INTEGER FEASIBLE SOLUTION,0.000003,25.038444,2000,0,0,0,0.000000,0.000000,0.050000,0.050000,1
neos-3024952-loue,config16,3,FAILED TO FIND AN INTEGER FEASIBLE SOLUTION,0.000002,24.672377,2000,0,0,0,0.000000,0.000000,0.200000,0.200000,4
neos-3024952-loue,config17,1,FOUND INTEGER FEASIBLE,0.000001,6.563185,679,0,0,0,269208.000000,269208.000000,0.000000,0.000000,0
neos-3024952-loue,config17,2,FOUND INTEGER FEASIBLE,0.000001,6.535709,676,0,0,0,253141.000000,253141.000000,0.000000,0.000000,0
neos-3024952-loue,config17,3,FOUND INTEGER FEASIBLE,0.000002,3.381541,237,0,0,0,258222.000000,258222.000000,0.000000,0.000000,0
neos-3024952-loue,config21,1,FOUND INTEGER FEASIBLE,0.000002,7.518183,679,0,0,0,269208.000000,269208.000000,0.000000,0.000000,0
neos-3024952-loue,config21,2,FOUND INTEGER FEASIBLE,0.000002,6.797523,676,0,0,0,253141.000000,253141.000000,0.000000,0.000000,0
neos-3024952-loue,config21,3,FOUND INTEGER FEASIBLE,0.000002,3.074055,237,0,0,0,258222.000000,258222.000000,0.000000,0.000000,0
neos-3024952-loue,config23,1,FOUND INTEGER FEASIBLE,0.000002,7.543900,679,0,0,0,269208.000000,269208.000000,0.000000,0.000000,0
neos-3024952-loue,config23,2,FOUND INTEGER FEASIBLE,0.000001,6.808449,676,0,0,0,253141.000000,253141.000000,0.000000,0.000000,0
neos-3024952-loue,config23,3,FOUND INTEGER FEASIBLE,0.000002,3.389454,237,0,0,0,258222.000000,258222.000000,0.000000,0.000000,0
neos-3024952-loue,config19,1,FOUND INTEGER FEASIBLE,0.000000,5.633605,0,0,-1,-1,29621.000000,29621.000000,0.000000,0.000000,0
neos-3024952-loue,config19,2,FOUND INTEGER FEASIBLE,0.000000,6.528977,0,0,-1,-1,29621.000000,29621.000000,0.000000,0.000000,0
neos-3024952-loue,config19,3,FOUND INTEGER FEASIBLE,0.000000,6.515863,0,0,-1,-1,29621.000000,29621.000000,0.000000,0.000000,0
neos-3024952-loue,config18,1,FOUND INTEGER FEASIBLE,0.000000,4.723880,0,0,-1,-1,30661.000000,30661.000000,0.000000,0.000000,0
neos-3024952-loue,config18,2,FOUND INTEGER FEASIBLE,0.000000,5.027456,0,0,-1,-1,30661.000000,30661.000000,0.000000,0.000000,0
neos-3024952-loue,config18,3,FOUND INTEGER FEASIBLE,0.000000,5.027050,0,0,-1,-1,30661.000000,30661.000000,0.000000,0.000000,0
neos-3046615-murg,config1,1,FOUND INTEGER FEASIBLE,0.000000,0.008521,1,0,-1,-1,2129.000000,2129.000000,0.000000,0.000000,0
neos-3046615-murg,config1,2,FOUND INTEGER FEASIBLE,0.000000,0.008888,1,0,-1,-1,2129.000000,2129.000000,0.000000,0.000000,0
neos-3046615-murg,config1,3,FOUND INTEGER FEASIBLE,0.000000,0.014888,1,0,-1,-1,2129.000000,2129.000000,0.000000,0.000000,0
neos-3046615-murg,config3,1,FOUND INTEGER FEASIBLE,0.000000,0.007792,0,0,-1,-1,2129.000000,2129.000000,0.000000,0.000000,0
neos-3046615-murg,config3,2,FOUND INTEGER FEASIBLE,0.000000,0.012773,0,0,-1,-1,2129.000000,2129.000000,0.000000,0.000000,0
neos-3046615-murg,config3,3,FOUND INTEGER FEASIBLE,0.000000,0.007779,0,0,-1,-1,2129.000000,2129.000000,0.000000,0.000000,0
neos-3046615-murg,config20,1,FOUND INTEGER FEASIBLE,0.000000,0.012733,0,0,-1,-1,2435.000000,2435.000000,0.000000,0.000000,0
neos-3046615-murg,config20,2,FOUND INTEGER FEASIBLE,0.000000,0.014831,0,0,-1,-1,2435.000000,2435.000000,0.000000,0.000000,0
neos-3046615-murg,config20,3,FOUND INTEGER FEASIBLE,0.000000,0.012699,0,0,-1,-1,2435.000000,2435.000000,0.000000,0.000000,0
neos-3046615-murg,config16,1,FOUND INTEGER FEASIBLE,0.002007,0.010382,1,10,0,0,2129.000000,2129.000000,0.000000,0.000000,0
neos-3046615-murg,config16,2,FOUND INTEGER FEASIBLE,0.003125,0.014514,1,10,0,0,2129.000000,2129.000000,0.000000,0.000000,0
neos-3046615-murg,config16,3,FOUND INTEGER FEASIBLE,0.003000,0.014088,1,10,0,0,2129.000000,2129.000000,0.000000,0.000000,0
neos-3046615-murg,config17,1,FOUND INTEGER FEASIBLE,0.001603,0.010769,0,0,0,0,2129.000000,2129.000000,0.000000,0.000000,0
neos-3046615-murg,config17,2,FOUND INTEGER FEASIBLE,0.001518,0.010364,0,0,0,0,2129.000000,2129.000000,0.000000,0.000000,0
neos-3046615-murg,config17,3,FOUND INTEGER FEASIBLE,0.001571,0.010697,0,0,0,0,2129.000000,2129.000000,0.000000,0.000000,0
neos-3046615-murg,config21,1,FOUND INTEGER FEASIBLE,0.001556,0.010050,0,0,0,0,2435.000000,2435.000000,0.000000,0.000000,0
neos-3046615-murg,config21,2,FOUND INTEGER FEASIBLE,0.001558,0.010383,0,0,0,0,2435.000000,2435.000000,0.000000,0.000000,0
neos-3046615-murg,config21,3,FOUND INTEGER FEASIBLE,0.001527,0.010152,0,0,0,0,2435.000000,2435.000000,0.000000,0.000000,0
neos-3046615-murg,config23,1,FOUND INTEGER FEASIBLE,0.001561,0.010248,0,0,0,0,2129.000000,2129.000000,0.000000,0.000000,0
neos-3046615-murg,config23,2,FOUND INTEGER FEASIBLE,0.001558,0.010314,0,0,0,0,2129.000000,2129.000000,0.000000,0.000000,0
neos-3046615-murg,config23,3,FOUND INTEGER FEASIBLE,0.001571,0.010251,0,0,0,0,2129.000000,2129.000000,0.000000,0.000000,0
neos-3046615-murg,config19,1,FOUND INTEGER FEASIBLE,0.000000,0.064264,0,0,-1,-1,2435.000000,2435.000000,0.000000,0.000000,0
neos-3046615-murg,config19,2,FOUND INTEGER FEASIBLE,0.000000,0.040918,0,0,-1,-1,2435.000000,2435.000000,0.000000,0.000000,0
neos-3046615-murg,config19,3,FOUND INTEGER FEASIBLE,0.000000,0.062619,0,0,-1,-1,2435.000000,2435.000000,0.000000,0.000000,0
neos-3046615-murg,config18,1,FOUND INTEGER FEASIBLE,0.000000,0.050026,0,0,-1,-1,1762.000000,1762.000000,0.000000,0.000000,0
neos-3046615-murg,config18,2,FOUND INTEGER FEASIBLE,0.000000,0.050074,0,0,-1,-1,1762.000000,1762.000000,0.000000,0.000000,0
neos-3046615-murg,config18,3,FOUND INTEGER FEASIBLE,0.000000,0.049385,0,0,-1,-1,1762.000000,1762.000000,0.000000,0.000000,0
neos-3083819-nubu,config1,1,FOUND INTEGER FEASIBLE,0.000000,0.067694,1,0,-1,-1,6358761.000000,6358761.000000,0.000000,0.000000,0
neos-3083819-nubu,config1,2,FOUND INTEGER FEASIBLE,0.000000,0.117297,1,0,-1,-1,6358761.000000,6358761.000000,0.000000,0.000000,0
neos-3083819-nubu,config1,3,FOUND INTEGER FEASIBLE,0.000000,0.116729,1,0,-1,-1,6358761.000000,6358761.000000,0.000000,0.000000,0
neos-3083819-nubu,config3,1,FOUND INTEGER FEASIBLE,0.000000,0.079535,0,0,-1,-1,7019780.000000,7019780.000000,0.000000,0.000000,0
neos-3083819-nubu,config3,2,FOUND INTEGER FEASIBLE,0.000000,0.077575,0,0,-1,-1,7019780.000000,7019780.000000,0.000000,0.000000,0
neos-3083819-nubu,config3,3,FOUND INTEGER FEASIBLE,0.000000,0.080721,0,0,-1,-1,7019780.000000,7019780.000000,0.000000,0.000000,0
neos-3083819-nubu,config20,1,FOUND INTEGER FEASIBLE,0.000000,0.095869,0,0,-1,-1,7019780.000000,7019780.000000,0.000000,0.000000,0
neos-3083819-nubu,config20,2,FOUND INTEGER FEASIBLE,0.000000,0.096332,0,0,-1,-1,7019780.000000,7019780.000000,0.000000,0.000000,0
neos-3083819-nubu,config20,3,FOUND INTEGER FEASIBLE,0.000000,0.093841,0,0,-1,-1,7019780.000000,7019780.000000,0.000000,0.000000,0
neos-3083819-nubu,config16,1,FOUND INTEGER FEASIBLE,0.000001,0.089786,1,0,0,0,6358761.000000,6358761.000000,0.000000,0.000000,0
neos-3083819-nubu,config16,2,FOUND INTEGER FEASIBLE,0.000001,0.113295,1,0,0,0,6358761.000000,6358761.000000,0.000000,0.000000,0
neos-3083819-nubu,config16,3,FOUND INTEGER FEASIBLE,0.000002,0.115659,1,0,0,0,6358761.000000,6358761.000000,0.000000,0.000000,0
neos-3083819-nubu,config17,1,FOUND INTEGER FEASIBLE,0.000001,0.089419,0,0,0,0,7019780.000000,7019780.000000,0.000000,0.000000,0
neos-3083819-nubu,config17,2,FOUND INTEGER FEASIBLE,0.000001,0.084653,0,0,0,0,7019780.000000,7019780.000000,0.000000,0.000000,0
neos-3083819-nubu,config17,3,FOUND INTEGER FEASIBLE,0.000001,0.083771,0,0,0,0,7019780.000000,7019780.000000,0.000000,0.000000,0
neos-3083819-nubu,config21,1,FOUND INTEGER FEASIBLE,0.000002,0.093522,0,0,0,0,7019780.000000,7019780.000000,0.000000,0.000000,0
neos-3083819-nubu,config21,2,FOUND INTEGER FEASIBLE,0.000002,0.086229,0,0,0,0,7019780.000000,7019780.000000,0.000000,0.000000,0
neos-3083819-nubu,config21,3,FOUND INTEGER FEASIBLE,0.000002,0.092291,0,0,0,0,7019780.000000,7019780.000000,0.000000,0.000000,0
neos-3083819-nubu,config23,1,FOUND INTEGER FEASIBLE,0.000001,0.092256,0,0,0,0,7019780.000000,7019780.000000,0.000000,0.000000,0
neos-3083819-nubu,config23,2,FOUND INTEGER FEASIBLE,0.000001,0.084607,0,0,0,0,7019780.000000,7019780.000000,0.000000,0.000000,0
neos-3083819-nubu,config23,3,FOUND INTEGER FEASIBLE,0.000001,0.093329,0,0,0,0,7019780.000000,7019780.000000,0.000000,0.000000,0
neos-3083819-nubu,config19,1,FOUND INTEGER FEASIBLE,0.000000,0.089228,0,0,-1,-1,7145074.000000,7145074.000000,0.000000,0.000000,0
neos-3083819-nubu,config19,2,FOUND INTEGER FEASIBLE,0.000000,0.046870,0,0,-1,-1,7145074.000000,7145074.000000,0.000000,0.000000,0
neos-3083819-nubu,config19,3,FOUND INTEGER FEASIBLE,0.000000,0.086246,0,0,-1,-1,7145074.000000,7145074.000000,0.000000,0.000000,0
neos-3083819-nubu,config18,1,FOUND INTEGER FEASIBLE,0.000000,0.091085,0,0,-1,-1,7145074.000000,7145074.000000,0.000000,0.000000,0
neos-3083819-nubu,config18,2,FOUND INTEGER FEASIBLE,0.000000,0.083742,0,0,-1,-1,7145074.000000,7145074.000000,0.000000,0.000000,0
neos-3083819-nubu,config18,3,FOUND INTEGER FEASIBLE,0.000000,0.082511,0,0,-1,-1,7145074.000000,7145074.000000,0.000000,0.000000,0
neos-3216931-puriri,config1,1,FAILED TO FIND AN INTEGER FEASIBLE SOLUTION,0.000000,3600,7169,0,-1,-1,0.000000,0.000000,4.000000,5.000000,8
neos-3216931-puriri,config1,2,FAILED TO FIND AN INTEGER FEASIBLE SOLUTION,0.000000,3600,7343,0,-1,-1,0.000000,0.000000,4.333333,4.666667,11
neos-3216931-puriri,config1,3,FAILED TO FIND AN INTEGER FEASIBLE SOLUTION,0.000000,3600,7402,0,-1,-1,0.000000,0.000000,3.000000,3.000000,6
neos-3216931-puriri,config3,1,FAILED TO FIND AN INTEGER FEASIBLE SOLUTION,0.000000,3600,7195,0,-1,-1,0.000000,0.000000,3.777778,3.777778,14
neos-3216931-puriri,config3,2,FAILED TO FIND AN INTEGER FEASIBLE SOLUTION,0.000000,3600,7427,0,-1,-1,0.000000,0.000000,3.000000,3.000000,6
neos-3216931-puriri,config3,3,FAILED TO FIND AN INTEGER FEASIBLE SOLUTION,0.000000,3600,7358,0,-1,-1,0.000000,0.000000,3.000000,3.000000,6
neos-3216931-puriri,config20,1,FAILED TO FIND AN INTEGER FEASIBLE SOLUTION,0.000000,3600,4720,0,-1,-1,0.000000,0.000000,4.000000,4.000000,8
neos-3216931-puriri,config20,2,FAILED TO FIND AN INTEGER FEASIBLE SOLUTION,0.000000,3600,4770,0,-1,-1,0.000000,0.000000,3.000000,3.000000,6
neos-3216931-puriri,config20,3,FAILED TO FIND AN INTEGER FEASIBLE SOLUTION,0.000000,3600,4862,0,-1,-1,0.000000,0.000000,4.000000,4.000000,8
neos-3216931-puriri,config16,1,FAILED TO FIND AN INTEGER FEASIBLE SOLUTION,3.138524,3600,7293,8,8,1,0.000000,0.000000,3.333333,3.333333,9
neos-3216931-puriri,config16,2,FAILED TO FIND AN INTEGER FEASIBLE SOLUTION,3.152431,3600,7132,8,8,1,0.000000,0.000000,3.666667,3.666667,12
neos-3216931-puriri,config16,3,FOUND INTEGER FEASIBLE,3.186450,88.571115,363,8,4,1,151020.000000,151020.000000,0.000000,0.000000,0
neos-3216931-puriri,config17,1,FAILED TO FIND AN INTEGER FEASIBLE SOLUTION,8.788932,3600,7167,11,11,2,0.000000,0.000000,2.000000,2.000000,4
neos-3216931-puriri,config17,2,FAILED TO FIND AN INTEGER FEASIBLE SOLUTION,9.750351,3600,6861,11,11,2,0.000000,0.000000,6.666667,7.000000,28
neos-3216931-puriri,config17,3,FAILED TO FIND AN INTEGER FEASIBLE SOLUTION,9.571104,3600,7091,11,11,2,0.000000,0.000000,4.000000,4.000000,8
neos-3216931-puriri,config21,1,FAILED TO FIND AN INTEGER FEASIBLE SOLUTION,5.957936,3600,7239,10,10,1,0.000000,0.000000,3.000000,3.000000,6
neos-3216931-puriri,config21,2,FAILED TO FIND AN INTEGER FEASIBLE SOLUTION,7.063167,3600,7195,10,10,1,0.000000,0.000000,4.753086,4.753086,33
neos-3216931-puriri,config21,3,FAILED TO FIND AN INTEGER FEASIBLE SOLUTION,5.714292,3600,7032,10,10,1,0.000000,0.000000,6.666667,7.000000,18
neos-3216931-puriri,config23,1,FAILED TO FIND AN INTEGER FEASIBLE SOLUTION,7.030651,3600,7184,10,10,1,0.000000,0.000000,6.333333,6.333333,16
neos-3216931-puriri,config23,2,FAILED TO FIND AN INTEGER FEASIBLE SOLUTION,6.982189,3600,7040,10,10,1,0.000000,0.000000,4.000000,4.000000,8
neos-3216931-puriri,config23,3,FAILED TO FIND AN INTEGER FEASIBLE SOLUTION,7.176280,3600,7152,10,10,1,0.000000,0.000000,2.333333,2.333333,7
neos-3216931-puriri,config19,1,FOUND INTEGER FEASIBLE,0.000000,93.599991,0,0,-1,-1,131545.000000,131545.000000,0.000000,0.000000,0
neos-3216931-puriri,config19,2,FOUND INTEGER FEASIBLE,0.000000,93.294528,0,0,-1,-1,131545.000000,131545.000000,0.000000,0.000000,0
neos-3216931-puriri,config19,3,FOUND INTEGER FEASIBLE,0.000000,93.604078,0,0,-1,-1,131545.000000,131545.000000,0.000000,0.000000,0
neos-3216931-puriri,config18,1,FOUND INTEGER FEASIBLE,0.000000,78.903556,0,0,-1,-1,151400.000000,151400.000000,0.000000,0.000000,0
neos-3216931-puriri,config18,2,FOUND INTEGER FEASIBLE,0.000000,79.600511,0,0,-1,-1,151400.000000,151400.000000,0.000000,0.000000,0
neos-3216931-puriri,config18,3,FOUND INTEGER FEASIBLE,0.000000,81.020572,0,0,-1,-1,151400.000000,151400.000000,0.000000,0.000000,0
neos-3381206-awhea,config1,1,FAILED TO FIND AN INTEGER FEASIBLE SOLUTION,0.000000,10.306358,2001,0,-1,-1,0.000000,0.000000,13.211111,15.255556,65
neos-3381206-awhea,config1,2,FAILED TO FIND AN INTEGER FEASIBLE SOLUTION,0.000000,10.184710,2002,0,-1,-1,0.000000,0.000000,13.788889,15.500000,71
neos-3381206-awhea,config1,3,FAILED TO FIND AN INTEGER FEASIBLE SOLUTION,0.000000,10.544393,2001,0,-1,-1,0.000000,0.000000,7.911111,9.311111,54
neos-3381206-awhea,config3,1,FAILED TO FIND AN INTEGER FEASIBLE SOLUTION,0.000000,10.630936,2001,0,-1,-1,0.000000,0.000000,13.211111,15.255556,65
neos-3381206-awhea,config3,2,FAILED TO FIND AN INTEGER FEASIBLE SOLUTION,0.000000,10.106477,2002,0,-1,-1,0.000000,0.000000,13.788889,15.500000,71
neos-3381206-awhea,config3,3,FAILED TO FIND AN INTEGER FEASIBLE SOLUTION,0.000000,10.628406,2001,0,-1,-1,0.000000,0.000000,7.911111,9.311111,54
neos-3381206-awhea,config20,1,FAILED TO FIND AN INTEGER FEASIBLE SOLUTION,0.000000,25.423496,2000,0,-1,-1,0.000000,0.000000,4.666667,5.611111,22
neos-3381206-awhea,config20,2,FAILED TO FIND AN INTEGER FEASIBLE SOLUTION,0.000000,23.069512,2000,0,-1,-1,0.000000,0.000000,15.600000,15.600000,80
neos-3381206-awhea,config20,3,FAILED TO FIND AN INTEGER FEASIBLE SOLUTION,0.000000,25.948850,2000,0,-1,-1,0.000000,0.000000,10.900000,11.633333,54
neos-3381206-awhea,config16,1,FAILED TO FIND AN INTEGER FEASIBLE SOLUTION,0.017091,5.941481,2001,3,3,0,0.000000,0.000000,11.066667,14.888889,54
neos-3381206-awhea,config16,2,FOUND INTEGER FEASIBLE,0.033670,1.089569,146,3,3,0,471.000000,471.000000,0.000000,0.000000,0
neos-3381206-awhea,config16,3,FAILED TO FIND AN INTEGER FEASIBLE SOLUTION,0.024429,7.329639,2002,3,3,0,0.000000,0.000000,14.955556,15.633333,77
neos-3381206-awhea,config17,1,FAILED TO FIND AN INTEGER FEASIBLE SOLUTION,0.037894,7.918597,2001,3,3,0,0.000000,0.000000,11.066667,14.888889,54
neos-3381206-awhea,config17,2,FOUND INTEGER FEASIBLE,0.036109,1.440955,146,3,3,0,471.000000,471.000000,0.000000,0.000000,0
neos-3381206-awhea,config17,3,FAILED TO FIND AN INTEGER FEASIBLE SOLUTION,0.033544,6.806368,2002,3,3,0,0.000000,0.000000,14.955556,15.633333,77
neos-3381206-awhea,config21,1,FAILED TO FIND AN INTEGER FEASIBLE SOLUTION,0.011423,7.556652,2000,0,0,0,0.000000,0.000000,4.666667,5.611111,22
neos-3381206-awhea,config21,2,FAILED TO FIND AN INTEGER FEASIBLE SOLUTION,0.010775,8.296079,2000,0,0,0,0.000000,0.000000,15.600000,15.600000,80
neos-3381206-awhea,config21,3,FAILED TO FIND AN INTEGER FEASIBLE SOLUTION,0.011540,8.219741,2000,0,0,0,0.000000,0.000000,10.900000,11.633333,54
neos-3381206-awhea,config23,1,FAILED TO FIND AN INTEGER FEASIBLE SOLUTION,0.010833,8.913044,2001,0,0,0,0.000000,0.000000,13.211111,15.255556,65
neos-3381206-awhea,config23,2,FAILED TO FIND AN INTEGER FEASIBLE SOLUTION,0.010061,6.469806,2002,0,0,0,0.000000,0.000000,13.788889,15.500000,71
neos-3381206-awhea,config23,3,FAILED TO FIND AN INTEGER FEASIBLE SOLUTION,0.007544,7.521874,2001,0,0,0,0.000000,0.000000,7.911111,9.311111,54
neos-3381206-awhea,config19,1,FOUND INTEGER FEASIBLE,0.000000,2.049222,0,0,-1,-1,475.000000,475.000000,0.000000,0.000000,0
neos-3381206-awhea,config19,2,FOUND INTEGER FEASIBLE,0.000000,2.049784,0,0,-1,-1,475.000000,475.000000,0.000000,0.000000,0
neos-3381206-awhea,config19,3,FOUND INTEGER FEASIBLE,0.000000,2.013144,0,0,-1,-1,475.000000,475.000000,0.000000,0.000000,0
neos-3381206-awhea,config18,1,FOUND INTEGER FEASIBLE,0.000000,2.709827,0,0,-1,-1,474.000000,474.000000,0.000000,0.000000,0
neos-3381206-awhea,config18,2,FOUND INTEGER FEASIBLE,0.000000,2.674852,0,0,-1,-1,474.000000,474.000000,0.000000,0.000000,0
neos-3381206-awhea,config18,3,FOUND INTEGER FEASIBLE,0.000000,1.673961,0,0,-1,-1,474.000000,474.000000,0.000000,0.000000,0
neos-3402294-bobin,config1,1,FOUND INTEGER FEASIBLE,0.000000,6.526474,19,0,-1,-1,0.792750,0.792750,0.000000,0.000000,0
neos-3402294-bobin,config1,2,FOUND INTEGER FEASIBLE,0.000000,5.033673,8,0,-1,-1,0.901250,0.901250,0.000000,0.000000,0
neos-3402294-bobin,config1,3,FOUND INTEGER FEASIBLE,0.000000,4.520972,11,0,-1,-1,0.870000,0.870000,0.000000,0.000000,0
neos-3402294-bobin,config3,1,FOUND INTEGER FEASIBLE,0.000000,3.410940,1,0,-1,-1,1.430000,1.430000,0.000000,0.000000,0
neos-3402294-bobin,config3,2,FOUND INTEGER FEASIBLE,0.000000,3.417455,1,0,-1,-1,1.569500,1.569500,0.000000,0.000000,0
neos-3402294-bobin,config3,3,FOUND INTEGER FEASIBLE,0.000000,3.399643,1,0,-1,-1,1.430000,1.430000,0.000000,0.000000,0
neos-3402294-bobin,config20,1,FOUND INTEGER FEASIBLE,0.000000,3.659637,1,0,-1,-1,1.430000,1.430000,0.000000,0.000000,0
neos-3402294-bobin,config20,2,FOUND INTEGER FEASIBLE,0.000000,3.565807,1,0,-1,-1,1.569500,1.569500,0.000000,0.000000,0
neos-3402294-bobin,config20,3,FOUND INTEGER FEASIBLE,0.000000,3.565056,1,0,-1,-1,1.430000,1.430000,0.000000,0.000000,0
neos-3402294-bobin,config16,1,FOUND INTEGER FEASIBLE,10.962047,15.788067,3,9,0,0,0.727750,0.727750,0.000000,0.000000,0
neos-3402294-bobin,config16,2,FOUND INTEGER FEASIBLE,12.263735,16.324930,17,9,0,0,0.815750,0.815750,0.000000,0.000000,0
neos-3402294-bobin,config16,3,FOUND INTEGER FEASIBLE,12.902624,16.942878,3,9,0,0,0.727750,0.727750,0.000000,0.000000,0
neos-3402294-bobin,config17,1,FOUND INTEGER FEASIBLE,0.102092,4.000088,3,1,0,0,1.279250,1.279250,0.000000,0.000000,0
neos-3402294-bobin,config17,2,FOUND INTEGER FEASIBLE,0.103406,3.657026,3,1,0,0,1.279250,1.279250,0.000000,0.000000,0
neos-3402294-bobin,config17,3,FOUND INTEGER FEASIBLE,0.102011,3.925811,3,1,0,0,1.279250,1.279250,0.000000,0.000000,0
neos-3402294-bobin,config21,1,FOUND INTEGER FEASIBLE,0.102606,4.035220,7,1,0,0,1.099750,1.099750,0.000000,0.000000,0
neos-3402294-bobin,config21,2,FOUND INTEGER FEASIBLE,0.101537,3.504995,16,1,0,0,1.341750,1.341750,0.000000,0.000000,0
neos-3402294-bobin,config21,3,FOUND INTEGER FEASIBLE,0.103509,4.006111,6,1,0,0,1.099750,1.099750,0.000000,0.000000,0
neos-3402294-bobin,config23,1,FOUND INTEGER FEASIBLE,0.107005,3.924171,3,1,0,0,1.279250,1.279250,0.000000,0.000000,0
neos-3402294-bobin,config23,2,FOUND INTEGER FEASIBLE,0.185393,4.805891,3,1,0,0,1.279250,1.279250,0.000000,0.000000,0
neos-3402294-bobin,config23,3,FOUND INTEGER FEASIBLE,0.103101,3.212528,3,1,0,0,1.279250,1.279250,0.000000,0.000000,0
neos-3402294-bobin,config19,1,FOUND INTEGER FEASIBLE,0.000000,38.796465,0,0,-1,-1,0.169000,0.169000,0.000000,0.000000,0
neos-3402294-bobin,config19,2,FOUND INTEGER FEASIBLE,0.000000,38.558474,0,0,-1,-1,0.169000,0.169000,0.000000,0.000000,0
neos-3402294-bobin,config19,3,FOUND INTEGER FEASIBLE,0.000000,38.694096,0,0,-1,-1,0.169000,0.169000,0.000000,0.000000,0
neos-3402294-bobin,config18,1,FOUND INTEGER FEASIBLE,0.000000,116.637688,0,0,-1,-1,0.369250,0.369250,0.000000,0.000000,0
neos-3402294-bobin,config18,2,FOUND INTEGER FEASIBLE,0.000000,115.976612,0,0,-1,-1,0.369250,0.369250,0.000000,0.000000,0
neos-3402294-bobin,config18,3,FOUND INTEGER FEASIBLE,0.000000,116.446212,0,0,-1,-1,0.369250,0.369250,0.000000,0.000000,0
neos-3555904-turama,config1,1,FOUND INTEGER FEASIBLE,0.000000,177.818970,574,0,-1,-1,-25.000000,-25.000000,0.000000,0.000000,0
neos-3555904-turama,config1,2,FOUND INTEGER FEASIBLE,0.000000,1092.571383,2823,0,-1,-1,-33.200000,-33.200000,0.000000,0.000000,0
neos-3555904-turama,config1,3,FOUND INTEGER FEASIBLE,0.000000,20.095755,9,0,-1,-1,-33.200000,-33.200000,0.000000,0.000000,0
neos-3555904-turama,config3,1,FOUND INTEGER FEASIBLE,0.000000,544.998239,1041,0,-1,-1,-25.300000,-25.300000,0.000000,0.000000,0
neos-3555904-turama,config3,2,FOUND INTEGER FEASIBLE,0.000000,8.518116,14,0,-1,-1,-33.200000,-33.200000,0.000000,0.000000,0
neos-3555904-turama,config3,3,FOUND INTEGER FEASIBLE,0.000000,5.537097,7,0,-1,-1,-33.200000,-33.200000,0.000000,0.000000,0
neos-3555904-turama,config20,1,FOUND INTEGER FEASIBLE,0.000000,21.475522,41,0,-1,-1,-33.200000,-33.200000,0.000000,0.000000,0
neos-3555904-turama,config20,2,FOUND INTEGER FEASIBLE,0.000000,19.104611,32,0,-1,-1,-33.200000,-33.200000,0.000000,0.000000,0
neos-3555904-turama,config20,3,FOUND INTEGER FEASIBLE,0.000000,20.047327,27,0,-1,-1,-33.200000,-33.200000,0.000000,0.000000,0
neos-3555904-turama,config16,1,FOUND INTEGER FEASIBLE,96.632201,101.602923,3,11,0,0,-25.000000,-25.000000,0.000000,0.000000,0
neos-3555904-turama,config16,2,FOUND INTEGER FEASIBLE,95.819223,101.078042,3,11,0,0,-25.000000,-25.000000,0.000000,0.000000,0
neos-3555904-turama,config16,3,FOUND INTEGER FEASIBLE,96.070816,101.647964,3,11,0,0,-25.000000,-25.000000,0.000000,0.000000,0
neos-3555904-turama,config17,1,FOUND INTEGER FEASIBLE,1.250775,167.997495,274,6,4,1,-33.200000,-33.200000,0.000000,0.000000,0
neos-3555904-turama,config17,2,FOUND INTEGER FEASIBLE,1.485411,718.632095,2344,6,6,1,-25.000000,-25.000000,0.000000,0.000000,0
neos-3555904-turama,config17,3,FOUND INTEGER FEASIBLE,1.156001,242.955430,381,6,5,1,-33.200000,-33.200000,0.000000,0.000000,0
neos-3555904-turama,config21,1,FOUND INTEGER FEASIBLE,65.727827,496.854280,1339,12,12,3,-33.200000,-33.200000,0.000000,0.000000,0
neos-3555904-turama,config21,2,FOUND INTEGER FEASIBLE,64.879678,176.384241,511,12,9,3,-25.300000,-25.300000,0.000000,0.000000,0
neos-3555904-turama,config21,3,FOUND INTEGER FEASIBLE,65.238989,1111.070305,2477,12,12,3,-25.000000,-25.000000,0.000000,0.000000,0
neos-3555904-turama,config23,1,FOUND INTEGER FEASIBLE,64.890666,216.253870,736,12,11,3,-33.200000,-33.200000,0.000000,0.000000,0
neos-3555904-turama,config23,2,FOUND INTEGER FEASIBLE,68.651013,86.669521,62,12,3,3,-25.000000,-25.000000,0.000000,0.000000,0
neos-3555904-turama,config23,3,FOUND INTEGER FEASIBLE,65.622172,369.145663,751,12,12,3,-33.200000,-33.200000,0.000000,0.000000,0
neos-3555904-turama,config19,1,FOUND INTEGER FEASIBLE,0.000000,2.389791,0,0,-1,-1,-33.200000,-33.200000,0.000000,0.000000,0
neos-3555904-turama,config19,2,FOUND INTEGER FEASIBLE,0.000000,3.239631,0,0,-1,-1,-33.200000,-33.200000,0.000000,0.000000,0
neos-3555904-turama,config19,3,FOUND INTEGER FEASIBLE,0.000000,3.227947,0,0,-1,-1,-33.200000,-33.200000,0.000000,0.000000,0
neos-3555904-turama,config18,1,FOUND INTEGER FEASIBLE,0.000000,3.319962,0,0,-1,-1,-33.200000,-33.200000,0.000000,0.000000,0
neos-3555904-turama,config18,2,FOUND INTEGER FEASIBLE,0.000000,3.258926,0,0,-1,-1,-33.200000,-33.200000,0.000000,0.000000,0
neos-3555904-turama,config18,3,FOUND INTEGER FEASIBLE,0.000000,3.242850,0,0,-1,-1,-33.200000,-33.200000,0.000000,0.000000,0
neos-3627168-kasai,config1,1,FOUND INTEGER FEASIBLE,0.000000,0.085956,8,0,-1,-1,1004405.460000,1004377.860000,0.000000,0.000000,0
neos-3627168-kasai,config1,2,FOUND INTEGER FEASIBLE,0.000000,0.071509,10,0,-1,-1,1004232.450000,1004119.200000,0.000000,0.000000,0
neos-3627168-kasai,config1,3,FOUND INTEGER FEASIBLE,0.000000,0.074952,7,0,-1,-1,1013410.010000,1013333.540000,0.000000,0.000000,0
neos-3627168-kasai,config3,1,FOUND INTEGER FEASIBLE,0.000000,0.065303,5,0,-1,-1,1000183.680000,1000183.680000,0.000000,0.000000,0
neos-3627168-kasai,config3,2,FOUND INTEGER FEASIBLE,0.000000,0.062590,5,0,-1,-1,1000183.680000,1000183.680000,0.000000,0.000000,0
neos-3627168-kasai,config3,3,FOUND INTEGER FEASIBLE,0.000000,0.058243,4,0,-1,-1,1001183.680000,1001183.680000,0.000000,0.000000,0
neos-3627168-kasai,config20,1,FOUND INTEGER FEASIBLE,0.000000,0.020127,2,0,-1,-1,1152398.380000,1120919.940000,0.000000,0.000000,0
neos-3627168-kasai,config20,2,FOUND INTEGER FEASIBLE,0.000000,0.025672,3,0,-1,-1,1153578.860000,1119827.800000,0.000000,0.000000,0
neos-3627168-kasai,config20,3,FOUND INTEGER FEASIBLE,0.000000,0.019115,1,0,-1,-1,1154842.780000,1124793.180000,0.000000,0.000000,0
neos-3627168-kasai,config16,1,FOUND INTEGER FEASIBLE,0.048794,0.070437,4,9,0,0,1001433.680000,1001433.680000,0.000000,0.000000,0
neos-3627168-kasai,config16,2,FOUND INTEGER FEASIBLE,0.053865,0.076522,5,9,0,0,1002183.680000,1002183.680000,0.000000,0.000000,0
neos-3627168-kasai,config16,3,FOUND INTEGER FEASIBLE,0.051526,0.070918,3,9,0,0,1002433.680000,1002433.680000,0.000000,0.000000,0
neos-3627168-kasai,config17,1,FOUND INTEGER FEASIBLE,0.043533,0.062301,2,4,0,0,998433.680000,998433.680000,0.000000,0.000000,0
neos-3627168-kasai,config17,2,FOUND INTEGER FEASIBLE,0.037621,0.054314,4,4,0,0,997933.680000,997933.680000,0.000000,0.000000,0
neos-3627168-kasai,config17,3,FOUND INTEGER FEASIBLE,0.039486,0.056407,2,4,0,0,998433.680000,998433.680000,0.000000,0.000000,0
neos-3627168-kasai,config21,1,FOUND INTEGER FEASIBLE,0.045431,0.063503,0,6,0,0,1040582.940000,1039187.280000,0.000000,0.000000,0
neos-3627168-kasai,config21,2,FOUND INTEGER FEASIBLE,0.045693,0.063533,0,6,0,0,1040582.940000,1039187.280000,0.000000,0.000000,0
neos-3627168-kasai,config21,3,FOUND INTEGER FEASIBLE,0.050497,0.071026,0,6,0,0,1040582.940000,1039187.280000,0.000000,0.000000,0
neos-3627168-kasai,config23,1,FOUND INTEGER FEASIBLE,0.045242,0.064355,3,6,0,0,1023892.380000,1023368.880000,0.000000,0.000000,0
neos-3627168-kasai,config23,2,FOUND INTEGER FEASIBLE,0.045588,0.064887,4,6,0,0,1023572.180000,1023028.080000,0.000000,0.000000,0
neos-3627168-kasai,config23,3,FOUND INTEGER FEASIBLE,0.050950,0.072922,2,6,0,0,1025021.180000,1024278.080000,0.000000,0.000000,0
neos-3627168-kasai,config19,1,FOUND INTEGER FEASIBLE,0.000000,0.011042,0,0,-1,-1,1138060.090000,1119265.110000,0.000000,0.000000,0
neos-3627168-kasai,config19,2,FOUND INTEGER FEASIBLE,0.000000,0.019310,0,0,-1,-1,1138060.090000,1119265.110000,0.000000,0.000000,0
neos-3627168-kasai,config19,3,FOUND INTEGER FEASIBLE,0.000000,0.020347,0,0,-1,-1,1138060.090000,1119265.110000,0.000000,0.000000,0
neos-3627168-kasai,config18,1,FOUND INTEGER FEASIBLE,0.000000,0.022306,0,0,-1,-1,1138060.090000,1119265.110000,0.000000,0.000000,0
neos-3627168-kasai,config18,2,FOUND INTEGER FEASIBLE,0.000000,0.015875,0,0,-1,-1,1138060.090000,1119265.110000,0.000000,0.000000,0
neos-3627168-kasai,config18,3,FOUND INTEGER FEASIBLE,0.000000,0.018334,0,0,-1,-1,1138060.090000,1119265.110000,0.000000,0.000000,0
neos-3656078-kumeu,config1,1,FAILED TO FIND AN INTEGER FEASIBLE SOLUTION,0.000000,1839.704545,12000,0,-1,-1,0.000000,0.000000,10.937260,77.491765,50
neos-3656078-kumeu,config1,2,FAILED TO FIND AN INTEGER FEASIBLE SOLUTION,0.000000,1865.913114,12000,0,-1,-1,0.000000,0.000000,15.820642,146.620523,142
neos-3656078-kumeu,config1,3,FAILED TO FIND AN INTEGER FEASIBLE SOLUTION,0.000000,1838.301378,12000,0,-1,-1,0.000000,0.000000,18.301249,189.120024,121
neos-3656078-kumeu,config3,1,FAILED TO FIND AN INTEGER FEASIBLE SOLUTION,0.000000,1791.254425,12000,0,-1,-1,0.000000,0.000000,6.397127,160.397992,139
neos-3656078-kumeu,config3,2,FAILED TO FIND AN INTEGER FEASIBLE SOLUTION,0.000000,1900.769827,12000,0,-1,-1,0.000000,0.000000,61.407632,566.809189,310
neos-3656078-kumeu,config3,3,FAILED TO FIND AN INTEGER FEASIBLE SOLUTION,0.000000,1820.529836,12000,0,-1,-1,0.000000,0.000000,13.082228,172.460265,265
neos-3656078-kumeu,config20,1,FAILED TO FIND AN INTEGER FEASIBLE SOLUTION,0.000000,1492.104729,12000,0,-1,-1,0.000000,0.000000,53.142120,421.268925,313
neos-3656078-kumeu,config20,2,FAILED TO FIND AN INTEGER FEASIBLE SOLUTION,0.000000,1425.363984,12000,0,-1,-1,0.000000,0.000000,21.347886,253.624478,142
neos-3656078-kumeu,config20,3,FAILED TO FIND AN INTEGER FEASIBLE SOLUTION,0.000000,1472.106807,12000,0,-1,-1,0.000000,0.000000,37.620583,381.919908,241
neos-3656078-kumeu,config16,1,FAILED TO FIND AN INTEGER FEASIBLE SOLUTION,2.140116,1315.935166,12000,12,12,2,0.000000,0.000000,41.150528,191.997790,271
neos-3656078-kumeu,config16,2,FAILED TO FIND AN INTEGER FEASIBLE SOLUTION,1.518222,1265.496575,12000,12,12,2,0.000000,0.000000,3.309509,72.358356,71
neos-3656078-kumeu,config16,3,FAILED TO FIND AN INTEGER FEASIBLE SOLUTION,2.409757,1406.823458,12000,12,12,2,0.000000,0.000000,21.431597,334.262403,189
neos-3656078-kumeu,config17,1,FAILED TO FIND AN INTEGER FEASIBLE SOLUTION,2.101352,1352.222415,12000,12,12,11,0.000000,0.000000,21.145205,501.754102,186
neos-3656078-kumeu,config17,2,FAILED TO FIND AN INTEGER FEASIBLE SOLUTION,2.730995,1274.517508,12000,12,12,11,0.000000,0.000000,11.640612,238.265871,89
neos-3656078-kumeu,config17,3,FAILED TO FIND AN INTEGER FEASIBLE SOLUTION,2.085588,1320.852644,12000,12,12,11,0.000000,0.000000,31.983995,109.653287,313
neos-3656078-kumeu,config21,1,FAILED TO FIND AN INTEGER FEASIBLE SOLUTION,4.261174,1362.096082,12000,12,12,9,0.000000,0.000000,15.788895,97.995767,130
neos-3656078-kumeu,config21,2,FAILED TO FIND AN INTEGER FEASIBLE SOLUTION,5.869872,1353.757667,12000,12,12,9,0.000000,0.000000,15.881622,385.170842,71
neos-3656078-kumeu,config21,3,FAILED TO FIND AN INTEGER FEASIBLE SOLUTION,4.280546,1287.467881,12000,12,12,9,0.000000,0.000000,18.398462,76.315344,125
neos-3656078-kumeu,config23,1,FAILED TO FIND AN INTEGER FEASIBLE SOLUTION,5.242767,1318.521601,12000,12,12,9,0.000000,0.000000,2.717334,13.102960,33
neos-3656078-kumeu,config23,2,FAILED TO FIND AN INTEGER FEASIBLE SOLUTION,6.177697,1301.209607,12000,12,12,9,0.000000,0.000000,3.486432,58.447595,37
neos-3656078-kumeu,config23,3,FAILED TO FIND AN INTEGER FEASIBLE SOLUTION,5.151353,1408.703907,12000,12,12,9,0.000000,0.000000,9.013283,225.960636,50
neos-3656078-kumeu,config19,1,FOUND INTEGER FEASIBLE,0.000000,678.647649,0,0,-1,-1,-7773.500000,-7773.500000,0.000000,0.000000,0
neos-3656078-kumeu,config19,2,FOUND INTEGER FEASIBLE,0.000000,676.685557,0,0,-1,-1,-7773.500000,-7773.500000,0.000000,0.000000,0
neos-3656078-kumeu,config19,3,FOUND INTEGER FEASIBLE,0.000000,678.690186,0,0,-1,-1,-7773.500000,-7773.500000,0.000000,0.000000,0
neos-3656078-kumeu,config18,1,FOUND INTEGER FEASIBLE,0.000000,111.479456,0,0,-1,-1,-12115.600000,-12115.600000,0.000000,0.000000,0
neos-3656078-kumeu,config18,2,FOUND INTEGER FEASIBLE,0.000000,113.100596,0,0,-1,-1,-12115.600000,-12115.600000,0.000000,0.000000,0
neos-3656078-kumeu,config18,3,FOUND INTEGER FEASIBLE,0.000000,112.633423,0,0,-1,-1,-12115.600000,-12115.600000,0.000000,0.000000,0
neos-3754480-nidda,config1,1,FOUND INTEGER FEASIBLE,0.000000,0.018183,1,0,-1,-1,129917.873658,17027.771999,0.000000,0.000000,0
neos-3754480-nidda,config1,2,FOUND INTEGER FEASIBLE,0.000000,0.017523,1,0,-1,-1,16503.164963,16422.498549,0.000000,0.000000,0
neos-3754480-nidda,config1,3,FOUND INTEGER FEASIBLE,0.000000,0.017872,1,0,-1,-1,23642.523343,17955.144015,0.000000,0.000000,0
neos-3754480-nidda,config3,1,FOUND INTEGER FEASIBLE,0.000000,0.012695,1,0,-1,-1,43848453.022428,16869.795366,0.000000,0.000000,0
neos-3754480-nidda,config3,2,FOUND INTEGER FEASIBLE,0.000000,0.013342,1,0,-1,-1,43848453.022428,16869.795366,0.000000,0.000000,0
neos-3754480-nidda,config3,3,FOUND INTEGER FEASIBLE,0.000000,0.012343,1,0,-1,-1,43848453.022428,16869.795366,0.000000,0.000000,0
neos-3754480-nidda,config20,1,FOUND INTEGER FEASIBLE,0.000000,0.010993,1,0,-1,-1,43858216.229287,16925.301943,0.000000,0.000000,0
neos-3754480-nidda,config20,2,FOUND INTEGER FEASIBLE,0.000000,0.007879,1,0,-1,-1,43858216.229287,16925.301943,0.000000,0.000000,0
neos-3754480-nidda,config20,3,FOUND INTEGER FEASIBLE,0.000000,0.010890,1,0,-1,-1,43858216.229287,16925.301943,0.000000,0.000000,0
neos-3754480-nidda,config16,1,FOUND INTEGER FEASIBLE,0.019789,0.035975,1,12,0,0,17166.499301,17166.305657,0.000000,0.000000,0
neos-3754480-nidda,config16,2,FOUND INTEGER FEASIBLE,0.019268,0.031891,1,12,0,0,17166.499301,17166.305657,0.000000,0.000000,0
neos-3754480-nidda,config16,3,FOUND INTEGER FEASIBLE,0.018852,0.031052,1,12,0,0,17166.499301,17166.305657,0.000000,0.000000,0
neos-3754480-nidda,config17,1,FOUND INTEGER FEASIBLE,0.003496,0.012394,0,1,0,0,14623887.483363,16869.795366,0.000000,0.000000,0
neos-3754480-nidda,config17,2,FOUND INTEGER FEASIBLE,0.003376,0.012150,0,1,0,0,14623887.483363,16869.795366,0.000000,0.000000,0
neos-3754480-nidda,config17,3,FOUND INTEGER FEASIBLE,0.003105,0.012074,0,1,0,0,14623887.483363,16869.795366,0.000000,0.000000,0
neos-3754480-nidda,config21,1,FOUND INTEGER FEASIBLE,0.005018,0.015394,0,3,0,0,26865195.896892,16938.820817,0.000000,0.000000,0
neos-3754480-nidda,config21,2,FOUND INTEGER FEASIBLE,0.004985,0.014800,0,3,0,0,26865195.896892,16938.820817,0.000000,0.000000,0
neos-3754480-nidda,config21,3,FOUND INTEGER FEASIBLE,0.005128,0.015561,0,3,0,0,26865195.896892,16938.820817,0.000000,0.000000,0
neos-3754480-nidda,config23,1,FOUND INTEGER FEASIBLE,0.006405,0.019334,0,3,0,0,26864360.148001,16869.795366,0.000000,0.000000,0
neos-3754480-nidda,config23,2,FOUND INTEGER FEASIBLE,0.005198,0.015648,0,3,0,0,26864360.148001,16869.795366,0.000000,0.000000,0
neos-3754480-nidda,config23,3,FOUND INTEGER FEASIBLE,0.005238,0.015612,0,3,0,0,26864360.148001,16869.795366,0.000000,0.000000,0
neos-3754480-nidda,config19,1,FOUND INTEGER FEASIBLE,0.000000,0.008767,0,0,-1,-1,43854716.844857,19898.521869,0.000000,0.000000,0
neos-3754480-nidda,config19,2,FOUND INTEGER FEASIBLE,0.000000,0.008809,0,0,-1,-1,43854716.844857,19898.521869,0.000000,0.000000,0
neos-3754480-nidda,config19,3,FOUND INTEGER FEASIBLE,0.000000,0.008703,0,0,-1,-1,43854716.844857,19898.521869,0.000000,0.000000,0
neos-3754480-nidda,config18,1,FOUND INTEGER FEASIBLE,0.000000,0.009625,0,0,-1,-1,43854716.844857,19898.521869,0.000000,0.000000,0
neos-3754480-nidda,config18,2,FOUND INTEGER FEASIBLE,0.000000,0.007748,0,0,-1,-1,43854716.844857,19898.521869,0.000000,0.000000,0
neos-3754480-nidda,config18,3,FOUND INTEGER FEASIBLE,0.000000,0.008617,0,0,-1,-1,43854716.844857,19898.521869,0.000000,0.000000,0
neos-4300652-rahue,config1,1,FAILED TO FIND AN INTEGER FEASIBLE SOLUTION,0.000000,3600,2595,0,-1,-1,0.000000,0.000000,21.000000,14.000000,42
neos-4300652-rahue,config1,2,FAILED TO FIND AN INTEGER FEASIBLE SOLUTION,0.000000,3600,2375,0,-1,-1,0.000000,0.000000,24.000000,16.000000,50
neos-4300652-rahue,config1,3,FAILED TO FIND AN INTEGER FEASIBLE SOLUTION,0.000000,3600,3042,0,-1,-1,0.000000,0.000000,24.000000,16.000000,48
neos-4300652-rahue,config3,1,FAILED TO FIND AN INTEGER FEASIBLE SOLUTION,0.000000,3600,2501,0,-1,-1,0.000000,0.000000,30.000000,20.000000,62
neos-4300652-rahue,config3,2,FAILED TO FIND AN INTEGER FEASIBLE SOLUTION,0.000000,3600,1889,0,-1,-1,0.000000,0.000000,27.000000,18.000000,56
neos-4300652-rahue,config3,3,FAILED TO FIND AN INTEGER FEASIBLE SOLUTION,0.000000,3600,2502,0,-1,-1,0.000000,0.000000,23.000000,14.000000,60
neos-4300652-rahue,config20,1,FOUND INTEGER FEASIBLE,0.000000,287.721137,15,0,-1,-1,6.112500,6.112500,0.000000,0.000000,0
neos-4300652-rahue,config20,2,FOUND INTEGER FEASIBLE,0.000000,375.028176,28,0,-1,-1,5.591600,5.591600,0.000000,0.000000,0
neos-4300652-rahue,config20,3,FOUND INTEGER FEASIBLE,0.000000,313.665741,2,0,-1,-1,26.425000,26.425000,0.000000,0.000000,0
neos-4300652-rahue,config16,1,FAILED TO FIND AN INTEGER FEASIBLE SOLUTION,7.106633,3600,2205,2,2,1,0.000000,0.000000,21.000000,14.000000,42
neos-4300652-rahue,config16,2,FAILED TO FIND AN INTEGER FEASIBLE SOLUTION,6.147712,3600,1408,2,2,1,0.000000,0.000000,27.000000,18.000000,54
neos-4300652-rahue,config16,3,FAILED TO FIND AN INTEGER FEASIBLE SOLUTION,7.217887,3600,1362,2,2,1,0.000000,0.000000,26.000000,17.000000,52
neos-4300652-rahue,config17,1,FAILED TO FIND AN INTEGER FEASIBLE SOLUTION,4.539558,3600,1614,1,1,0,0.000000,0.000000,29.333333,15.666667,88
neos-4300652-rahue,config17,2,FAILED TO FIND AN INTEGER FEASIBLE SOLUTION,4.843541,3600,1211,1,1,0,0.000000,0.000000,30.000000,16.000000,60
neos-4300652-rahue,config17,3,FAILED TO FIND AN INTEGER FEASIBLE SOLUTION,4.522906,3600,2400,1,1,0,0.000000,0.000000,24.000000,16.000000,50
neos-4300652-rahue,config21,1,FOUND INTEGER FEASIBLE,245.559967,465.488131,15,3,3,3,6.112500,6.112500,0.000000,0.000000,0
neos-4300652-rahue,config21,2,FOUND INTEGER FEASIBLE,238.569239,512.473119,28,3,3,3,5.591600,5.591600,0.000000,0.000000,0
neos-4300652-rahue,config21,3,FOUND INTEGER FEASIBLE,234.222783,456.691908,2,3,3,3,26.425000,26.425000,0.000000,0.000000,0
neos-4300652-rahue,config23,1,FAILED TO FIND AN INTEGER FEASIBLE SOLUTION,231.047260,3600,2011,3,3,3,0.000000,0.000000,30.000000,20.000000,62
neos-4300652-rahue,config23,2,FAILED TO FIND AN INTEGER FEASIBLE SOLUTION,233.310744,3600,1546,3,3,3,0.000000,0.000000,27.000000,18.000000,56
neos-4300652-rahue,config23,3,FAILED TO FIND AN INTEGER FEASIBLE SOLUTION,231.830482,3600,1917,3,3,3,0.000000,0.000000,23.000000,14.000000,60
neos-4300652-rahue,config19,1,FOUND INTEGER FEASIBLE,0.000000,119.147833,0,0,-1,-1,2.824000,2.824000,0.000000,0.000000,0
neos-4300652-rahue,config19,2,FOUND INTEGER FEASIBLE,0.000000,119.934057,0,0,-1,-1,2.824000,2.824000,0.000000,0.000000,0
neos-4300652-rahue,config19,3,FOUND INTEGER FEASIBLE,0.000000,119.244598,0,0,-1,-1,2.824000,2.824000,0.000000,0.000000,0
neos-4300652-rahue,config18,1,FOUND INTEGER FEASIBLE,0.000000,80.155328,0,0,-1,-1,2.812600,2.812600,0.000000,0.000000,0
neos-4300652-rahue,config18,2,FOUND INTEGER FEASIBLE,0.000000,80.996123,0,0,-1,-1,2.812600,2.812600,0.000000,0.000000,0
neos-4300652-rahue,config18,3,FOUND INTEGER FEASIBLE,0.000000,81.475288,0,0,-1,-1,2.812600,2.812600,0.000000,0.000000,0
neos-4338804-snowy,config1,1,FOUND INTEGER FEASIBLE,0.000000,0.694730,302,0,-1,-1,2452135.000000,9386.000000,0.000000,0.000000,0
neos-4338804-snowy,config1,2,FOUND INTEGER FEASIBLE,0.000000,0.849402,378,0,-1,-1,378726.000000,10595.000000,0.000000,0.000000,0
neos-4338804-snowy,config1,3,FOUND INTEGER FEASIBLE,0.000000,0.566988,297,0,-1,-1,1399935.000000,11201.000000,0.000000,0.000000,0
neos-4338804-snowy,config3,1,FOUND INTEGER FEASIBLE,0.000000,0.046808,3,0,-1,-1,6916.000000,5951.000000,0.000000,0.000000,0
neos-4338804-snowy,config3,2,FOUND INTEGER FEASIBLE,0.000000,0.030702,1,0,-1,-1,7531.000000,6351.000000,0.000000,0.000000,0
neos-4338804-snowy,config3,3,FOUND INTEGER FEASIBLE,0.000000,0.043677,2,0,-1,-1,7921.000000,6351.000000,0.000000,0.000000,0
neos-4338804-snowy,config20,1,FOUND INTEGER FEASIBLE,0.000000,0.206771,13,0,-1,-1,913483.000000,11269.000000,0.000000,0.000000,0
neos-4338804-snowy,config20,2,FOUND INTEGER FEASIBLE,0.000000,0.217374,14,0,-1,-1,12558.000000,12558.000000,0.000000,0.000000,0
neos-4338804-snowy,config20,3,FOUND INTEGER FEASIBLE,0.000000,0.207290,13,0,-1,-1,2300878.000000,16710.000000,0.000000,0.000000,0
neos-4338804-snowy,config16,1,FOUND INTEGER FEASIBLE,0.018336,0.609547,259,10,2,0,209307.000000,10947.000000,0.000000,0.000000,0
neos-4338804-snowy,config16,2,FOUND INTEGER FEASIBLE,0.017583,0.354801,199,10,1,0,10463.000000,10463.000000,0.000000,0.000000,0
neos-4338804-snowy,config16,3,FOUND INTEGER FEASIBLE,0.017823,0.450278,179,10,1,0,2403604.000000,8646.000000,0.000000,0.000000,0
neos-4338804-snowy,config17,1,FOUND INTEGER FEASIBLE,0.012793,0.074370,31,10,0,0,5953.000000,5623.000000,0.000000,0.000000,0
neos-4338804-snowy,config17,2,FOUND INTEGER FEASIBLE,0.012385,0.056018,12,10,0,0,1476699.000000,7225.000000,0.000000,0.000000,0
neos-4338804-snowy,config17,3,FOUND INTEGER FEASIBLE,0.011938,0.074514,33,10,0,0,229417.000000,11057.000000,0.000000,0.000000,0
neos-4338804-snowy,config21,1,FOUND INTEGER FEASIBLE,0.072255,0.099447,4,10,0,0,7202.000000,6795.000000,0.000000,0.000000,0
neos-4338804-snowy,config21,2,FOUND INTEGER FEASIBLE,0.077641,0.108530,4,10,0,0,7056.000000,6409.000000,0.000000,0.000000,0
neos-4338804-snowy,config21,3,FOUND INTEGER FEASIBLE,0.078210,0.109351,3,10,0,0,6668.000000,6205.000000,0.000000,0.000000,0
neos-4338804-snowy,config23,1,FOUND INTEGER FEASIBLE,0.072378,0.097788,2,10,0,0,365865.000000,7425.000000,0.000000,0.000000,0
neos-4338804-snowy,config23,2,FOUND INTEGER FEASIBLE,0.076550,0.105337,2,10,0,0,365865.000000,7425.000000,0.000000,0.000000,0
neos-4338804-snowy,config23,3,FOUND INTEGER FEASIBLE,0.073425,0.098756,2,10,0,0,365865.000000,7425.000000,0.000000,0.000000,0
neos-4338804-snowy,config19,1,FOUND INTEGER FEASIBLE,0.000000,0.026040,0,0,-1,-1,17473.000000,17473.000000,0.000000,0.000000,0
neos-4338804-snowy,config19,2,FOUND INTEGER FEASIBLE,0.000000,0.015742,0,0,-1,-1,17473.000000,17473.000000,0.000000,0.000000,0
neos-4338804-snowy,config19,3,FOUND INTEGER FEASIBLE,0.000000,0.039745,0,0,-1,-1,17473.000000,17473.000000,0.000000,0.000000,0
neos-4338804-snowy,config18,1,FOUND INTEGER FEASIBLE,0.000000,0.017694,0,0,-1,-1,17473.000000,17473.000000,0.000000,0.000000,0
neos-4338804-snowy,config18,2,FOUND INTEGER FEASIBLE,0.000000,0.023991,0,0,-1,-1,17473.000000,17473.000000,0.000000,0.000000,0
neos-4338804-snowy,config18,3,FOUND INTEGER FEASIBLE,0.000000,0.019723,0,0,-1,-1,17473.000000,17473.000000,0.000000,0.000000,0
neos-4387871-tavua,config1,1,FAILED TO FIND AN INTEGER FEASIBLE SOLUTION,0.000000,90.674832,12000,0,-1,-1,0.000000,0.000000,0.076923,0.076923,1
neos-4387871-tavua,config1,2,FAILED TO FIND AN INTEGER FEASIBLE SOLUTION,0.000000,91.075129,12000,0,-1,-1,0.000000,0.000000,0.076923,0.076923,1
neos-4387871-tavua,config1,3,FAILED TO FIND AN INTEGER FEASIBLE SOLUTION,0.000000,90.362955,12000,0,-1,-1,0.000000,0.000000,0.076923,0.076923,1
neos-4387871-tavua,config3,1,FOUND INTEGER FEASIBLE,0.000000,85.736255,11365,0,-1,-1,324.675720,324.675720,0.000000,0.000000,0
neos-4387871-tavua,config3,2,FOUND INTEGER FEASIBLE,0.000000,72.679194,9429,0,-1,-1,337.089930,337.089930,0.000000,0.000000,0
neos-4387871-tavua,config3,3,FOUND INTEGER FEASIBLE,0.000000,49.990150,6709,0,-1,-1,297.391520,297.391520,0.000000,0.000000,0
neos-4387871-tavua,config20,1,FOUND INTEGER FEASIBLE,0.000000,49.067703,10011,0,-1,-1,302.119410,302.119410,0.000000,0.000000,0
neos-4387871-tavua,config20,2,FAILED TO FIND AN INTEGER FEASIBLE SOLUTION,0.000000,58.561914,12000,0,-1,-1,0.000000,0.000000,0.076923,0.076923,1
neos-4387871-tavua,config20,3,FAILED TO FIND AN INTEGER FEASIBLE SOLUTION,0.000000,58.367959,12000,0,-1,-1,0.000000,0.000000,0.076923,0.076923,1
neos-4387871-tavua,config16,1,FOUND INTEGER FEASIBLE,0.047445,18.740422,4748,2,2,0,291.219940,291.219940,0.000000,0.000000,0
neos-4387871-tavua,config16,2,FAILED TO FIND AN INTEGER FEASIBLE SOLUTION,0.027539,43.549385,12000,2,2,0,0.000000,0.000000,0.076923,0.076923,1
neos-4387871-tavua,config16,3,FOUND INTEGER FEASIBLE,0.045833,24.030534,6154,2,2,0,279.977310,279.977310,0.000000,0.000000,0
neos-4387871-tavua,config17,1,FAILED TO FIND AN INTEGER FEASIBLE SOLUTION,0.032359,46.685932,12000,3,3,0,0.000000,0.000000,0.076923,0.076923,1
neos-4387871-tavua,config17,2,FOUND INTEGER FEASIBLE,0.033009,5.551757,1444,3,3,0,286.048360,286.048360,0.000000,0.000000,0
neos-4387871-tavua,config17,3,FAILED TO FIND AN INTEGER FEASIBLE SOLUTION,0.035931,45.464924,12000,3,3,0,0.000000,0.000000,0.076923,0.076923,1
neos-4387871-tavua,config21,1,FAILED TO FIND AN INTEGER FEASIBLE SOLUTION,1.289482,39.997543,12000,6,6,5,0.000000,0.000000,0.153846,0.153846,2
neos-4387871-tavua,config21,2,FOUND INTEGER FEASIBLE,0.879619,37.937577,11098,6,6,5,287.391520,287.391520,0.000000,0.000000,0
neos-4387871-tavua,config21,3,FAILED TO FIND AN INTEGER FEASIBLE SOLUTION,0.884113,39.163319,12000,6,6,5,0.000000,0.000000,0.076923,0.076923,1
neos-4387871-tavua,config23,1,FOUND INTEGER FEASIBLE,1.706696,3.368696,539,6,6,5,299.018880,299.018880,0.000000,0.000000,0
neos-4387871-tavua,config23,2,FAILED TO FIND AN INTEGER FEASIBLE SOLUTION,0.878068,40.670926,12000,6,6,5,0.000000,0.000000,0.076923,0.076923,1
neos-4387871-tavua,config23,3,FAILED TO FIND AN INTEGER FEASIBLE SOLUTION,0.881643,38.228641,12000,6,6,5,0.000000,0.000000,0.076923,0.076923,1
neos-4387871-tavua,config19,1,FOUND INTEGER FEASIBLE,0.000000,8.569118,0,0,-1,-1,39.142100,39.142100,0.000000,0.000000,0
neos-4387871-tavua,config19,2,FOUND INTEGER FEASIBLE,0.000000,7.561018,0,0,-1,-1,39.142100,39.142100,0.000000,0.000000,0
neos-4387871-tavua,config19,3,FOUND INTEGER FEASIBLE,0.000000,8.590215,0,0,-1,-1,39.142100,39.142100,0.000000,0.000000,0
neos-4387871-tavua,config18,1,FOUND INTEGER FEASIBLE,0.000000,1.999394,0,0,-1,-1,45.213150,45.213150,0.000000,0.000000,0
neos-4387871-tavua,config18,2,FOUND INTEGER FEASIBLE,0.000000,1.953987,0,0,-1,-1,45.213150,45.213150,0.000000,0.000000,0
neos-4387871-tavua,config18,3,FOUND INTEGER FEASIBLE,0.000000,1.960641,0,0,-1,-1,45.213150,45.213150,0.000000,0.000000,0
neos-4413714-turia,config1,1,FOUND INTEGER FEASIBLE,0.000000,17.041451,1,0,-1,-1,276.575526,276.575526,0.000000,0.000000,0
neos-4413714-turia,config1,2,FOUND INTEGER FEASIBLE,0.000000,17.010123,1,0,-1,-1,276.575526,276.575526,0.000000,0.000000,0
neos-4413714-turia,config1,3,FOUND INTEGER FEASIBLE,0.000000,17.045735,1,0,-1,-1,276.575526,276.575526,0.000000,0.000000,0
neos-4413714-turia,config3,1,FOUND INTEGER FEASIBLE,0.000000,26.064404,2,0,-1,-1,59710.034081,499.626115,0.000000,0.000000,0
neos-4413714-turia,config3,2,FOUND INTEGER FEASIBLE,0.000000,14.697122,1,0,-1,-1,59710.034081,499.626115,0.000000,0.000000,0
neos-4413714-turia,config3,3,FOUND INTEGER FEASIBLE,0.000000,37.410603,3,0,-1,-1,59710.034081,499.626115,0.000000,0.000000,0
neos-4413714-turia,config20,1,FOUND INTEGER FEASIBLE,0.000000,4.909612,2,0,-1,-1,59710.034081,499.796109,0.000000,0.000000,0
neos-4413714-turia,config20,2,FOUND INTEGER FEASIBLE,0.000000,3.719452,1,0,-1,-1,59710.034081,499.796109,0.000000,0.000000,0
neos-4413714-turia,config20,3,FOUND INTEGER FEASIBLE,0.000000,6.255768,6,0,-1,-1,59710.034081,499.796109,0.000000,0.000000,0
neos-4413714-turia,config16,1,FOUND INTEGER FEASIBLE,1.620973,21.992874,1,11,0,0,225.872030,225.872030,0.000000,0.000000,0
neos-4413714-turia,config16,2,FOUND INTEGER FEASIBLE,1.742036,18.858847,1,11,0,0,225.872030,225.872030,0.000000,0.000000,0
neos-4413714-turia,config16,3,FOUND INTEGER FEASIBLE,2.399250,21.063038,1,11,0,0,225.872030,225.872030,0.000000,0.000000,0
neos-4413714-turia,config17,1,FOUND INTEGER FEASIBLE,1.146887,3.114419,2,2,0,0,59710.034081,499.626115,0.000000,0.000000,0
neos-4413714-turia,config17,2,FOUND INTEGER FEASIBLE,1.136309,3.121806,1,2,0,0,59710.034081,499.626115,0.000000,0.000000,0
neos-4413714-turia,config17,3,FOUND INTEGER FEASIBLE,0.961477,2.168346,2,2,0,0,59710.034081,499.626115,0.000000,0.000000,0
neos-4413714-turia,config21,1,FOUND INTEGER FEASIBLE,9.395660,11.272455,0,2,0,0,1783.178852,499.635492,0.000000,0.000000,0
neos-4413714-turia,config21,2,FOUND INTEGER FEASIBLE,12.967144,14.129046,0,2,0,0,1783.178852,499.635492,0.000000,0.000000,0
neos-4413714-turia,config21,3,FOUND INTEGER FEASIBLE,9.910292,10.990713,0,2,0,0,1783.178852,499.635492,0.000000,0.000000,0
neos-4413714-turia,config23,1,FOUND INTEGER FEASIBLE,11.436213,13.314805,3,2,0,0,1783.178852,499.861356,0.000000,0.000000,0
neos-4413714-turia,config23,2,FOUND INTEGER FEASIBLE,9.161852,10.279929,3,2,0,0,1783.178852,499.861356,0.000000,0.000000,0
neos-4413714-turia,config23,3,FOUND INTEGER FEASIBLE,11.160077,12.310497,4,2,0,0,1783.178852,499.861356,0.000000,0.000000,0
neos-4413714-turia,config19,1,FOUND INTEGER FEASIBLE,0.000000,4.500937,0,0,-1,-1,499.635492,499.635492,0.000000,0.000000,0
neos-4413714-turia,config19,2,FOUND INTEGER FEASIBLE,0.000000,4.383954,0,0,-1,-1,499.635492,499.635492,0.000000,0.000000,0
neos-4413714-turia,config19,3,FOUND INTEGER FEASIBLE,0.000000,4.344328,0,0,-1,-1,499.635492,499.635492,0.000000,0.000000,0
neos-4413714-turia,config18,1,FOUND INTEGER FEASIBLE,0.000000,4.510370,0,0,-1,-1,499.635492,499.635492,0.000000,0.000000,0
neos-4413714-turia,config18,2,FOUND INTEGER FEASIBLE,0.000000,4.175328,0,0,-1,-1,499.635492,499.635492,0.000000,0.000000,0
neos-4413714-turia,config18,3,FOUND INTEGER FEASIBLE,0.000000,4.389205,0,0,-1,-1,499.635492,499.635492,0.000000,0.000000,0
neos-4532248-waihi,config1,1,FAILED TO FIND AN INTEGER FEASIBLE SOLUTION,0.000000,3600,9378,0,-1,-1,0.000000,0.000000,0.545455,0.545455,2
neos-4532248-waihi,config1,2,FAILED TO FIND AN INTEGER FEASIBLE SOLUTION,0.000000,3600,9671,0,-1,-1,0.000000,0.000000,2.206216,2.206216,21
neos-4532248-waihi,config1,3,FAILED TO FIND AN INTEGER FEASIBLE SOLUTION,0.000000,3600,10257,0,-1,-1,0.000000,0.000000,1.203539,1.203539,10
neos-4532248-waihi,config3,1,FAILED TO FIND AN INTEGER FEASIBLE SOLUTION,0.000000,3600,9430,0,-1,-1,0.000000,0.000000,1.941270,1.941270,13
neos-4532248-waihi,config3,2,FAILED TO FIND AN INTEGER FEASIBLE SOLUTION,0.000000,3600,9084,0,-1,-1,0.000000,0.000000,1.936508,1.936508,10
neos-4532248-waihi,config3,3,FAILED TO FIND AN INTEGER FEASIBLE SOLUTION,0.000000,3600,9523,0,-1,-1,0.000000,0.000000,1.763966,2.002061,9
neos-4532248-waihi,config20,1,FAILED TO FIND AN INTEGER FEASIBLE SOLUTION,0.000000,2430.728666,12000,0,-1,-1,0.000000,0.000000,2.365186,2.365186,20
neos-4532248-waihi,config20,2,FAILED TO FIND AN INTEGER FEASIBLE SOLUTION,0.000000,2384.005190,12000,0,-1,-1,0.000000,0.000000,2.659906,2.659906,17
neos-4532248-waihi,config20,3,FAILED TO FIND AN INTEGER FEASIBLE SOLUTION,0.000000,2384.757295,12000,0,-1,-1,0.000000,0.000000,3.521046,3.521046,17
neos-4532248-waihi,config16,1,FAILED TO FIND AN INTEGER FEASIBLE SOLUTION,1506.383289,3600,5560,10,10,5,0.000000,0.000000,1.091266,1.091266,11
neos-4532248-waihi,config16,2,FAILED TO FIND AN INTEGER FEASIBLE SOLUTION,1516.688767,3600,5673,10,10,5,0.000000,0.000000,2.482490,2.482490,20
neos-4532248-waihi,config16,3,FAILED TO FIND AN INTEGER FEASIBLE SOLUTION,1522.372729,3600,5264,10,10,5,0.000000,0.000000,1.263946,1.263946,13
neos-4532248-waihi,config17,1,FOUND INTEGER FEASIBLE,0.918150,16.587222,87,9,1,1,643.200000,628.200000,0.000000,0.000000,0
neos-4532248-waihi,config17,2,FAILED TO FIND AN INTEGER FEASIBLE SOLUTION,1.281708,2250.570684,12000,9,9,1,0.000000,0.000000,0.380952,0.380952,2
neos-4532248-waihi,config17,3,FAILED TO FIND AN INTEGER FEASIBLE SOLUTION,0.820500,2339.782648,12000,9,9,1,0.000000,0.000000,0.808081,0.808081,3
neos-4532248-waihi,config21,1,FAILED TO FIND AN INTEGER FEASIBLE SOLUTION,3.351355,2388.856953,12000,12,12,1,0.000000,0.000000,1.222022,1.222022,9
neos-4532248-waihi,config21,2,FAILED TO FIND AN INTEGER FEASIBLE SOLUTION,3.624213,2345.594666,12000,12,12,1,0.000000,0.000000,2.168828,2.168828,19
neos-4532248-waihi,config21,3,FAILED TO FIND AN INTEGER FEASIBLE SOLUTION,4.448668,2319.216403,12000,12,12,1,0.000000,0.000000,2.559404,2.559404,12
neos-4532248-waihi,config23,1,FAILED TO FIND AN INTEGER FEASIBLE SOLUTION,3.390373,2285.226414,12000,12,12,1,0.000000,0.000000,1.858549,1.858549,11
neos-4532248-waihi,config23,2,FAILED TO FIND AN INTEGER FEASIBLE SOLUTION,4.995980,2254.069233,12000,12,12,1,0.000000,0.000000,0.666667,0.666667,2
neos-4532248-waihi,config23,3,FAILED TO FIND AN INTEGER FEASIBLE SOLUTION,4.127331,2412.388535,12000,12,12,1,0.000000,0.000000,1.728210,1.728210,13
neos-4532248-waihi,config19,1,FAILED TO FIND AN INTEGER FEASIBLE SOLUTION,0.000000,3600,0,0,-1,-1,0.000000,0.000000,inf,inf,0
neos-4532248-waihi,config19,2,FAILED TO FIND AN INTEGER FEASIBLE SOLUTION,0.000000,3600,0,0,-1,-1,0.000000,0.000000,inf,inf,0
neos-4532248-waihi,config19,3,FAILED TO FIND AN INTEGER FEASIBLE SOLUTION,0.000000,3600,0,0,-1,-1,0.000000,0.000000,inf,inf,0
neos-4532248-waihi,config18,1,FAILED TO FIND AN INTEGER FEASIBLE SOLUTION,0.000000,3600,0,0,-1,-1,0.000000,0.000000,inf,inf,0
neos-4532248-waihi,config18,2,FAILED TO FIND AN INTEGER FEASIBLE SOLUTION,0.000000,3600,0,0,-1,-1,0.000000,0.000000,inf,inf,0
neos-4532248-waihi,config18,3,FAILED TO FIND AN INTEGER FEASIBLE SOLUTION,0.000000,3600,0,0,-1,-1,0.000000,0.000000,inf,inf,0
neos-4647030-tutaki,config1,1,FOUND INTEGER FEASIBLE,0.000000,14.526261,6,0,-1,-1,31300.252400,31300.252400,0.000000,0.000000,0
neos-4647030-tutaki,config1,2,FOUND INTEGER FEASIBLE,0.000000,15.989237,7,0,-1,-1,31515.091500,31515.091500,0.000000,0.000000,0
neos-4647030-tutaki,config1,3,FOUND INTEGER FEASIBLE,0.000000,8.200525,1,0,-1,-1,32543.725500,32543.725500,0.000000,0.000000,0
neos-4647030-tutaki,config3,1,FOUND INTEGER FEASIBLE,0.000000,12.265129,5,0,-1,-1,41004.831700,41004.831700,0.000000,0.000000,0
neos-4647030-tutaki,config3,2,FOUND INTEGER FEASIBLE,0.000000,14.696602,7,0,-1,-1,38732.713100,38732.713100,0.000000,0.000000,0
neos-4647030-tutaki,config3,3,FOUND INTEGER FEASIBLE,0.000000,11.766221,5,0,-1,-1,47361.310400,47361.310400,0.000000,0.000000,0
neos-4647030-tutaki,config20,1,FOUND INTEGER FEASIBLE,0.000000,5.180388,1,0,-1,-1,97486.726600,97486.726600,0.000000,0.000000,0
neos-4647030-tutaki,config20,2,FOUND INTEGER FEASIBLE,0.000000,5.473339,1,0,-1,-1,80549.875100,80549.875100,0.000000,0.000000,0
neos-4647030-tutaki,config20,3,FOUND INTEGER FEASIBLE,0.000000,5.486293,1,0,-1,-1,88098.276200,88098.276200,0.000000,0.000000,0
neos-4647030-tutaki,config16,1,FOUND INTEGER FEASIBLE,4.097523,13.925729,6,11,0,0,29759.944500,29759.944500,0.000000,0.000000,0
neos-4647030-tutaki,config16,2,FOUND INTEGER FEASIBLE,4.069994,12.049287,6,11,0,0,29428.542000,29428.542000,0.000000,0.000000,0
neos-4647030-tutaki,config16,3,FOUND INTEGER FEASIBLE,3.699063,9.832821,2,11,0,0,30157.627500,30157.627500,0.000000,0.000000,0
neos-4647030-tutaki,config17,1,FOUND INTEGER FEASIBLE,3.095042,9.607791,2,11,0,0,37771.147400,37771.147400,0.000000,0.000000,0
neos-4647030-tutaki,config17,2,FOUND INTEGER FEASIBLE,3.100772,10.176199,4,11,0,0,36660.231300,36660.231300,0.000000,0.000000,0
neos-4647030-tutaki,config17,3,FOUND INTEGER FEASIBLE,3.811795,10.145568,1,11,0,0,38405.956600,38405.956600,0.000000,0.000000,0
neos-4647030-tutaki,config21,1,FOUND INTEGER FEASIBLE,1.318061,7.266785,1,10,0,0,92555.084500,92555.084500,0.000000,0.000000,0
neos-4647030-tutaki,config21,2,FOUND INTEGER FEASIBLE,1.303209,7.294496,1,10,0,0,83520.738700,83520.738700,0.000000,0.000000,0
neos-4647030-tutaki,config21,3,FOUND INTEGER FEASIBLE,1.608458,8.170874,1,10,0,0,86907.164300,86907.164300,0.000000,0.000000,0
neos-4647030-tutaki,config23,1,FOUND INTEGER FEASIBLE,1.302641,8.887879,6,10,0,0,44754.048600,44754.048600,0.000000,0.000000,0
neos-4647030-tutaki,config23,2,FOUND INTEGER FEASIBLE,1.642702,11.304701,7,10,0,0,39440.428400,39440.428400,0.000000,0.000000,0
neos-4647030-tutaki,config23,3,FOUND INTEGER FEASIBLE,1.316869,10.347531,4,10,0,0,45071.453200,45071.453200,0.000000,0.000000,0
neos-4647030-tutaki,config19,1,FOUND INTEGER FEASIBLE,0.000000,25.142838,0,0,-1,-1,27271.257000,27271.257000,0.000000,0.000000,0
neos-4647030-tutaki,config19,2,FOUND INTEGER FEASIBLE,0.000000,24.828257,0,0,-1,-1,27271.257000,27271.257000,0.000000,0.000000,0
neos-4647030-tutaki,config19,3,FOUND INTEGER FEASIBLE,0.000000,24.734426,0,0,-1,-1,27271.257000,27271.257000,0.000000,0.000000,0
neos-4647030-tutaki,config18,1,FOUND INTEGER FEASIBLE,0.000000,44.235810,0,0,-1,-1,27271.257000,27271.257000,0.000000,0.000000,0
neos-4647030-tutaki,config18,2,FOUND INTEGER FEASIBLE,0.000000,43.775122,0,0,-1,-1,27271.257000,27271.257000,0.000000,0.000000,0
neos-4647030-tutaki,config18,3,FOUND INTEGER FEASIBLE,0.000000,43.818588,0,0,-1,-1,27271.257000,27271.257000,0.000000,0.000000,0
neos-4722843-widden,config1,1,FOUND INTEGER FEASIBLE,0.000000,7.022469,6,0,-1,-1,29943.647525,29943.647525,0.000000,0.000000,0
neos-4722843-widden,config1,2,FOUND INTEGER FEASIBLE,0.000000,16.801438,22,0,-1,-1,28187.623762,28187.623762,0.000000,0.000000,0
neos-4722843-widden,config1,3,FOUND INTEGER FEASIBLE,0.000000,6.938679,4,0,-1,-1,30043.647525,30043.647525,0.000000,0.000000,0
neos-4722843-widden,config3,1,FOUND INTEGER FEASIBLE,0.000000,5.647935,3,0,-1,-1,121379.464286,121379.464286,0.000000,0.000000,0
neos-4722843-widden,config3,2,FOUND INTEGER FEASIBLE,0.000000,15.251447,25,0,-1,-1,31665.623762,31665.623762,0.000000,0.000000,0
neos-4722843-widden,config3,3,FOUND INTEGER FEASIBLE,0.000000,6.957382,11,0,-1,-1,30803.623762,30803.623762,0.000000,0.000000,0
neos-4722843-widden,config20,1,FOUND INTEGER FEASIBLE,0.000000,7.653564,6,0,-1,-1,38005.007407,38005.007407,0.000000,0.000000,0
neos-4722843-widden,config20,2,FOUND INTEGER FEASIBLE,0.000000,5.542440,6,0,-1,-1,32838.659406,32838.659406,0.000000,0.000000,0
neos-4722843-widden,config20,3,FOUND INTEGER FEASIBLE,0.000000,5.352552,4,0,-1,-1,33470.797030,33470.797030,0.000000,0.000000,0
neos-4722843-widden,config16,1,FOUND INTEGER FEASIBLE,0.926041,5.691350,3,10,3,3,33304.435644,33304.435644,0.000000,0.000000,0
neos-4722843-widden,config16,2,FOUND INTEGER FEASIBLE,0.913717,5.091280,3,10,3,3,33304.435644,33304.435644,0.000000,0.000000,0
neos-4722843-widden,config16,3,FOUND INTEGER FEASIBLE,1.683404,5.339316,3,10,3,3,31754.435644,31754.435644,0.000000,0.000000,0
neos-4722843-widden,config17,1,FOUND INTEGER FEASIBLE,0.772379,25.866938,130,4,2,1,31781.761905,31781.761905,0.000000,0.000000,0
neos-4722843-widden,config17,2,FOUND INTEGER FEASIBLE,0.768087,26.084638,151,4,2,1,30053.761905,30053.761905,0.000000,0.000000,0
neos-4722843-widden,config17,3,FOUND INTEGER FEASIBLE,0.921244,16.559542,72,4,1,1,36140.761905,36140.761905,0.000000,0.000000,0
neos-4722843-widden,config21,1,FOUND INTEGER FEASIBLE,5.109529,11.963574,6,4,4,4,36288.727723,36288.727723,0.000000,0.000000,0
neos-4722843-widden,config21,2,FOUND INTEGER FEASIBLE,5.082364,12.633242,6,4,4,4,32838.659406,32838.659406,0.000000,0.000000,0
neos-4722843-widden,config21,3,FOUND INTEGER FEASIBLE,5.583651,14.083011,4,4,4,4,34351.727723,34351.727723,0.000000,0.000000,0
neos-4722843-widden,config23,1,FOUND INTEGER FEASIBLE,5.244880,12.367715,3,4,4,4,121379.464286,121379.464286,0.000000,0.000000,0
neos-4722843-widden,config23,2,FOUND INTEGER FEASIBLE,5.785716,16.360851,24,4,4,4,30071.880952,30071.880952,0.000000,0.000000,0
neos-4722843-widden,config23,3,FOUND INTEGER FEASIBLE,6.043132,12.021593,6,4,4,4,30433.623762,30433.623762,0.000000,0.000000,0
neos-4722843-widden,config19,1,FOUND INTEGER FEASIBLE,0.000000,5.977409,0,0,-1,-1,36646.200000,36646.200000,0.000000,0.000000,0
neos-4722843-widden,config19,2,FOUND INTEGER FEASIBLE,0.000000,5.936433,0,0,-1,-1,36646.200000,36646.200000,0.000000,0.000000,0
neos-4722843-widden,config19,3,FOUND INTEGER FEASIBLE,0.000000,5.942220,0,0,-1,-1,36646.200000,36646.200000,0.000000,0.000000,0
neos-4722843-widden,config18,1,FOUND INTEGER FEASIBLE,0.000000,5.011599,0,0,-1,-1,36646.200000,36646.200000,0.000000,0.000000,0
neos-4722843-widden,config18,2,FOUND INTEGER FEASIBLE,0.000000,5.969603,0,0,-1,-1,36646.200000,36646.200000,0.000000,0.000000,0
neos-4722843-widden,config18,3,FOUND INTEGER FEASIBLE,0.000000,5.964809,0,0,-1,-1,36646.200000,36646.200000,0.000000,0.000000,0
neos-4738912-atrato,config1,1,FOUND INTEGER FEASIBLE,0.000000,0.109293,2,0,-1,-1,304164070.748170,304164070.748170,0.000000,0.000000,0
neos-4738912-atrato,config1,2,FOUND INTEGER FEASIBLE,0.000000,0.150564,3,0,-1,-1,317202686.674770,317202686.674770,0.000000,0.000000,0
neos-4738912-atrato,config1,3,FOUND INTEGER FEASIBLE,0.000000,0.099311,2,0,-1,-1,339976250.868070,339976250.868070,0.000000,0.000000,0
neos-4738912-atrato,config3,1,FOUND INTEGER FEASIBLE,0.000000,0.101484,1,0,-1,-1,730355641.654900,730355641.654900,0.000000,0.000000,0
neos-4738912-atrato,config3,2,FOUND INTEGER FEASIBLE,0.000000,0.099478,1,0,-1,-1,702300387.277200,702300387.277200,0.000000,0.000000,0
neos-4738912-atrato,config3,3,FOUND INTEGER FEASIBLE,0.000000,0.095867,1,0,-1,-1,898975734.307000,898975734.307000,0.000000,0.000000,0
neos-4738912-atrato,config20,1,FOUND INTEGER FEASIBLE,0.000000,0.145060,0,0,-1,-1,2443426211.438781,2443426211.438780,0.000000,0.000000,0
neos-4738912-atrato,config20,2,FOUND INTEGER FEASIBLE,0.000000,0.142343,0,0,-1,-1,2443426211.438781,2443426211.438780,0.000000,0.000000,0
neos-4738912-atrato,config20,3,FOUND INTEGER FEASIBLE,0.000000,0.141126,0,0,-1,-1,2443426211.438781,2443426211.438780,0.000000,0.000000,0
neos-4738912-atrato,config16,1,FOUND INTEGER FEASIBLE,0.083479,0.201527,2,2,1,1,304164070.748170,304164070.748170,0.000000,0.000000,0
neos-4738912-atrato,config16,2,FOUND INTEGER FEASIBLE,0.083357,0.193856,3,2,1,1,321552566.674770,321552566.674770,0.000000,0.000000,0
neos-4738912-atrato,config16,3,FOUND INTEGER FEASIBLE,0.083391,0.185144,2,2,1,1,339976250.868070,339976250.868070,0.000000,0.000000,0
neos-4738912-atrato,config17,1,FOUND INTEGER FEASIBLE,0.064512,0.170552,3,10,0,0,466291605.902170,466291605.902170,0.000000,0.000000,0
neos-4738912-atrato,config17,2,FOUND INTEGER FEASIBLE,0.064333,0.173656,4,10,0,0,449220034.365010,449220034.365010,0.000000,0.000000,0
neos-4738912-atrato,config17,3,FOUND INTEGER FEASIBLE,0.064613,0.162987,1,10,0,0,647286429.659449,647286429.659450,0.000000,0.000000,0
neos-4738912-atrato,config21,1,FOUND INTEGER FEASIBLE,0.013227,0.107976,0,1,1,1,2443426211.438781,2443426211.438780,0.000000,0.000000,0
neos-4738912-atrato,config21,2,FOUND INTEGER FEASIBLE,0.013219,0.109086,0,1,1,1,2443426211.438781,2443426211.438780,0.000000,0.000000,0
neos-4738912-atrato,config21,3,FOUND INTEGER FEASIBLE,0.013192,0.108262,0,1,1,1,2443426211.438781,2443426211.438780,0.000000,0.000000,0
neos-4738912-atrato,config23,1,FOUND INTEGER FEASIBLE,0.013292,0.125298,1,1,1,1,730355641.654900,730355641.654900,0.000000,0.000000,0
neos-4738912-atrato,config23,2,FOUND INTEGER FEASIBLE,0.013223,0.117681,1,1,1,1,702300387.277200,702300387.277200,0.000000,0.000000,0
neos-4738912-atrato,config23,3,FOUND INTEGER FEASIBLE,0.009851,0.103627,1,1,1,1,898975734.307000,898975734.307000,0.000000,0.000000,0
neos-4738912-atrato,config19,1,FOUND INTEGER FEASIBLE,0.000000,0.098757,0,0,-1,-1,2443426211.438781,2443426211.438780,0.000000,0.000000,0
neos-4738912-atrato,config19,2,FOUND INTEGER FEASIBLE,0.000000,0.093934,0,0,-1,-1,2443426211.438781,2443426211.438780,0.000000,0.000000,0
neos-4738912-atrato,config19,3,FOUND INTEGER FEASIBLE,0.000000,0.056942,0,0,-1,-1,2443426211.438781,2443426211.438780,0.000000,0.000000,0
neos-4738912-atrato,config18,1,FOUND INTEGER FEASIBLE,0.000000,0.097685,0,0,-1,-1,2443426211.438781,2443426211.438780,0.000000,0.000000,0
neos-4738912-atrato,config18,2,FOUND INTEGER FEASIBLE,0.000000,0.053645,0,0,-1,-1,2443426211.438781,2443426211.438780,0.000000,0.000000,0
neos-4738912-atrato,config18,3,FOUND INTEGER FEASIBLE,0.000000,0.089570,0,0,-1,-1,2443426211.438781,2443426211.438780,0.000000,0.000000,0
neos-4763324-toguru,config1,1,FOUND INTEGER FEASIBLE,0.000000,8.996519,2,0,-1,-1,8629.144133,8629.144133,0.000000,0.000000,0
neos-4763324-toguru,config1,2,FOUND INTEGER FEASIBLE,0.000000,8.985173,2,0,-1,-1,8689.576366,8689.576366,0.000000,0.000000,0
neos-4763324-toguru,config1,3,FOUND INTEGER FEASIBLE,0.000000,8.750968,2,0,-1,-1,8706.020329,8706.020329,0.000000,0.000000,0
neos-4763324-toguru,config3,1,FOUND INTEGER FEASIBLE,0.000000,2.101205,0,0,-1,-1,10366.585214,9190.847746,0.000000,0.000000,0
neos-4763324-toguru,config3,2,FOUND INTEGER FEASIBLE,0.000000,2.085933,0,0,-1,-1,10366.585214,9190.847746,0.000000,0.000000,0
neos-4763324-toguru,config3,3,FOUND INTEGER FEASIBLE,0.000000,1.170264,0,0,-1,-1,10366.585214,9190.847746,0.000000,0.000000,0
neos-4763324-toguru,config20,1,FOUND INTEGER FEASIBLE,0.000000,1.374522,0,0,-1,-1,10366.585214,9190.847746,0.000000,0.000000,0
neos-4763324-toguru,config20,2,FOUND INTEGER FEASIBLE,0.000000,2.308810,0,0,-1,-1,10366.585214,9190.847746,0.000000,0.000000,0
neos-4763324-toguru,config20,3,FOUND INTEGER FEASIBLE,0.000000,2.273926,0,0,-1,-1,10366.585214,9190.847746,0.000000,0.000000,0
neos-4763324-toguru,config16,1,FOUND INTEGER FEASIBLE,8.207329,10.804428,87,11,1,0,4097.730984,2737.989050,0.000000,0.000000,0
neos-4763324-toguru,config16,2,FOUND INTEGER FEASIBLE,8.662785,10.648213,87,11,1,0,4087.216538,2727.474605,0.000000,0.000000,0
neos-4763324-toguru,config16,3,FOUND INTEGER FEASIBLE,9.285506,11.876962,89,11,1,0,4276.337638,3531.506736,0.000000,0.000000,0
neos-4763324-toguru,config17,1,FOUND INTEGER FEASIBLE,0.322351,2.623246,0,0,0,0,10366.585214,9190.847746,0.000000,0.000000,0
neos-4763324-toguru,config17,2,FOUND INTEGER FEASIBLE,0.181261,1.622981,0,0,0,0,10366.585214,9190.847746,0.000000,0.000000,0
neos-4763324-toguru,config17,3,FOUND INTEGER FEASIBLE,0.323751,2.616523,0,0,0,0,10366.585214,9190.847746,0.000000,0.000000,0
neos-4763324-toguru,config21,1,FOUND INTEGER FEASIBLE,0.323408,2.644613,0,0,0,0,10366.585214,9190.847746,0.000000,0.000000,0
neos-4763324-toguru,config21,2,FOUND INTEGER FEASIBLE,0.323717,2.643158,0,0,0,0,10366.585214,9190.847746,0.000000,0.000000,0
neos-4763324-toguru,config21,3,FOUND INTEGER FEASIBLE,0.305811,2.600616,0,0,0,0,10366.585214,9190.847746,0.000000,0.000000,0
neos-4763324-toguru,config23,1,FOUND INTEGER FEASIBLE,0.318983,2.615895,0,0,0,0,10366.585214,9190.847746,0.000000,0.000000,0
neos-4763324-toguru,config23,2,FOUND INTEGER FEASIBLE,0.322947,3.097827,0,0,0,0,10366.585214,9190.847746,0.000000,0.000000,0
neos-4763324-toguru,config23,3,FOUND INTEGER FEASIBLE,0.202647,2.100209,0,0,0,0,10366.585214,9190.847746,0.000000,0.000000,0
neos-4763324-toguru,config19,1,FOUND INTEGER FEASIBLE,0.000000,1.891358,0,0,-1,-1,9538.566213,9538.566213,0.000000,0.000000,0
neos-4763324-toguru,config19,2,FOUND INTEGER FEASIBLE,0.000000,3.378525,0,0,-1,-1,9538.566213,9538.566213,0.000000,0.000000,0
neos-4763324-toguru,config19,3,FOUND INTEGER FEASIBLE,0.000000,2.870592,0,0,-1,-1,9538.566213,9538.566213,0.000000,0.000000,0
neos-4763324-toguru,config18,1,FOUND INTEGER FEASIBLE,0.000000,3.263418,0,0,-1,-1,9538.566213,9538.566213,0.000000,0.000000,0
neos-4763324-toguru,config18,2,FOUND INTEGER FEASIBLE,0.000000,2.822509,0,0,-1,-1,9538.566213,9538.566213,0.000000,0.000000,0
neos-4763324-toguru,config18,3,FOUND INTEGER FEASIBLE,0.000000,2.834636,0,0,-1,-1,9538.566213,9538.566213,0.000000,0.000000,0
neos-4954672-berkel,config1,1,FOUND INTEGER FEASIBLE,0.000000,0.034764,1,0,-1,-1,7311505.000000,7231705.000000,0.000000,0.000000,0
neos-4954672-berkel,config1,2,FOUND INTEGER FEASIBLE,0.000000,0.026648,1,0,-1,-1,10905548.000000,10905548.000000,0.000000,0.000000,0
neos-4954672-berkel,config1,3,FOUND INTEGER FEASIBLE,0.000000,0.035952,1,0,-1,-1,7142813.000000,7021982.000000,0.000000,0.000000,0
neos-4954672-berkel,config3,1,FOUND INTEGER FEASIBLE,0.000000,0.021850,0,0,-1,-1,11182960.000000,11182960.000000,0.000000,0.000000,0
neos-4954672-berkel,config3,2,FOUND INTEGER FEASIBLE,0.000000,0.027784,0,0,-1,-1,11182960.000000,11182960.000000,0.000000,0.000000,0
neos-4954672-berkel,config3,3,FOUND INTEGER FEASIBLE,0.000000,0.021505,0,0,-1,-1,11182960.000000,11182960.000000,0.000000,0.000000,0
neos-4954672-berkel,config20,1,FOUND INTEGER FEASIBLE,0.000000,0.025873,0,0,-1,-1,16381061.000000,16033296.000000,0.000000,0.000000,0
neos-4954672-berkel,config20,2,FOUND INTEGER FEASIBLE,0.000000,0.014602,0,0,-1,-1,16381061.000000,16033296.000000,0.000000,0.000000,0
neos-4954672-berkel,config20,3,FOUND INTEGER FEASIBLE,0.000000,0.029264,0,0,-1,-1,16381061.000000,16033296.000000,0.000000,0.000000,0
neos-4954672-berkel,config16,1,FOUND INTEGER FEASIBLE,0.008168,0.034552,1,10,0,0,6719777.000000,6666793.000000,0.000000,0.000000,0
neos-4954672-berkel,config16,2,FOUND INTEGER FEASIBLE,0.003793,0.017057,1,10,0,0,9702403.000000,9702403.000000,0.000000,0.000000,0
neos-4954672-berkel,config16,3,FOUND INTEGER FEASIBLE,0.003970,0.016730,1,10,0,0,5368160.000000,5196063.000000,0.000000,0.000000,0
neos-4954672-berkel,config17,1,FOUND INTEGER FEASIBLE,0.001980,0.013684,0,0,0,0,11182960.000000,11182960.000000,0.000000,0.000000,0
neos-4954672-berkel,config17,2,FOUND INTEGER FEASIBLE,0.004855,0.033396,0,0,0,0,11182960.000000,11182960.000000,0.000000,0.000000,0
neos-4954672-berkel,config17,3,FOUND INTEGER FEASIBLE,0.004745,0.032362,0,0,0,0,11182960.000000,11182960.000000,0.000000,0.000000,0
neos-4954672-berkel,config21,1,FOUND INTEGER FEASIBLE,0.001786,0.011569,0,1,0,0,11182960.000000,11182960.000000,0.000000,0.000000,0
neos-4954672-berkel,config21,2,FOUND INTEGER FEASIBLE,0.003358,0.021871,0,1,0,0,11182960.000000,11182960.000000,0.000000,0.000000,0
neos-4954672-berkel,config21,3,FOUND INTEGER FEASIBLE,0.004053,0.026136,0,1,0,0,11182960.000000,11182960.000000,0.000000,0.000000,0
neos-4954672-berkel,config23,1,FOUND INTEGER FEASIBLE,0.004125,0.026378,0,1,0,0,11182960.000000,11182960.000000,0.000000,0.000000,0
neos-4954672-berkel,config23,2,FOUND INTEGER FEASIBLE,0.004077,0.026700,0,1,0,0,11182960.000000,11182960.000000,0.000000,0.000000,0
neos-4954672-berkel,config23,3,FOUND INTEGER FEASIBLE,0.002019,0.013644,0,1,0,0,11182960.000000,11182960.000000,0.000000,0.000000,0
neos-4954672-berkel,config19,1,FOUND INTEGER FEASIBLE,0.000000,0.025149,0,0,-1,-1,11600376.000000,10491196.000000,0.000000,0.000000,0
neos-4954672-berkel,config19,2,FOUND INTEGER FEASIBLE,0.000000,0.016176,0,0,-1,-1,11600376.000000,10491196.000000,0.000000,0.000000,0
neos-4954672-berkel,config19,3,FOUND INTEGER FEASIBLE,0.000000,0.035591,0,0,-1,-1,11600376.000000,10491196.000000,0.000000,0.000000,0
neos-4954672-berkel,config18,1,FOUND INTEGER FEASIBLE,0.000000,0.024403,0,0,-1,-1,11600376.000000,10491196.000000,0.000000,0.000000,0
neos-4954672-berkel,config18,2,FOUND INTEGER FEASIBLE,0.000000,0.022026,0,0,-1,-1,11600376.000000,10491196.000000,0.000000,0.000000,0
neos-4954672-berkel,config18,3,FOUND INTEGER FEASIBLE,0.000000,0.021181,0,0,-1,-1,11600376.000000,10491196.000000,0.000000,0.000000,0
neos-5049753-cuanza,config1,1,FAILED TO FIND AN INTEGER FEASIBLE SOLUTION,0.000000,3600,1631,0,-1,-1,0.000000,0.000000,2.800000,1.400000,14
neos-5049753-cuanza,config1,2,FAILED TO FIND AN INTEGER FEASIBLE SOLUTION,0.000000,3600,535,0,-1,-1,0.000000,0.000000,0.400000,0.200000,2
neos-5049753-cuanza,config1,3,FAILED TO FIND AN INTEGER FEASIBLE SOLUTION,0.000000,3600,2604,0,-1,-1,0.000000,0.000000,2.400000,1.200000,12
neos-5049753-cuanza,config3,1,FOUND INTEGER FEASIBLE,0.000000,1700.706637,3,0,-1,-1,709.000000,699.000000,0.000000,0.000000,0
neos-5049753-cuanza,config3,2,FOUND INTEGER FEASIBLE,0.000000,90.677451,65,0,-1,-1,780.000000,776.000000,0.000000,0.000000,0
neos-5049753-cuanza,config3,3,FAILED TO FIND AN INTEGER FEASIBLE SOLUTION,0.000000,3600,213,0,-1,-1,0.000000,0.000000,0.400000,0.200000,2
neos-5049753-cuanza,config20,1,FAILED TO FIND AN INTEGER FEASIBLE SOLUTION,0.000000,3600,0,0,-1,-1,0.000000,0.000000,8304.000000,100000000000000000000.000000,8304
neos-5049753-cuanza,config20,2,FAILED TO FIND AN INTEGER FEASIBLE SOLUTION,0.000000,3600,0,0,-1,-1,0.000000,0.000000,8304.000000,100000000000000000000.000000,8304
neos-5049753-cuanza,config20,3,FAILED TO FIND AN INTEGER FEASIBLE SOLUTION,0.000000,3600,0,0,-1,-1,0.000000,0.000000,8304.000000,100000000000000000000.000000,8304
neos-5049753-cuanza,config16,1,FOUND INTEGER FEASIBLE,3.949181,49.537611,99,2,1,0,751.000000,694.000000,0.000000,0.000000,0
neos-5049753-cuanza,config16,2,FOUND INTEGER FEASIBLE,4.454780,49.091960,73,2,0,0,731.000000,678.000000,0.000000,0.000000,0
neos-5049753-cuanza,config16,3,FOUND INTEGER FEASIBLE,4.026572,34.081823,60,2,0,0,784.000000,704.000000,0.000000,0.000000,0
neos-5049753-cuanza,config17,1,FOUND INTEGER FEASIBLE,81.292474,568.200783,1103,11,11,1,974.000000,950.000000,0.000000,0.000000,0
neos-5049753-cuanza,config17,2,FOUND INTEGER FEASIBLE,82.000563,646.792193,1246,11,11,1,959.000000,935.000000,0.000000,0.000000,0
neos-5049753-cuanza,config17,3,FAILED TO FIND AN INTEGER FEASIBLE SOLUTION,83.022397,3600,1542,11,11,1,0.000000,0.000000,0.400000,0.200000,2
neos-5049753-cuanza,config21,1,FAILED TO FIND AN INTEGER FEASIBLE SOLUTION,3597.833992,3600,0,0,0,-1,0.000000,0.000000,8304.000000,100000000000000000000.000000,8304
neos-5049753-cuanza,config21,2,FAILED TO FIND AN INTEGER FEASIBLE SOLUTION,3597.310954,3600,0,0,0,-1,0.000000,0.000000,8304.000000,100000000000000000000.000000,8304
neos-5049753-cuanza,config21,3,FAILED TO FIND AN INTEGER FEASIBLE SOLUTION,3597.885793,3600,0,0,0,-1,0.000000,0.000000,8304.000000,100000000000000000000.000000,8304
neos-5049753-cuanza,config23,1,FAILED TO FIND AN INTEGER FEASIBLE SOLUTION,3597.880392,3600,0,0,0,-1,0.000000,0.000000,8304.000000,100000000000000000000.000000,8304
neos-5049753-cuanza,config23,2,FAILED TO FIND AN INTEGER FEASIBLE SOLUTION,3598.483778,3600,0,0,0,-1,0.000000,0.000000,8304.000000,100000000000000000000.000000,8304
neos-5049753-cuanza,config23,3,FAILED TO FIND AN INTEGER FEASIBLE SOLUTION,3597.290452,3600,0,0,0,-1,0.000000,0.000000,8304.000000,100000000000000000000.000000,8304
neos-5049753-cuanza,config19,1,FOUND INTEGER FEASIBLE,0.000000,105.890163,0,0,-1,-1,630.000000,630.000000,0.000000,0.000000,0
neos-5049753-cuanza,config19,2,FOUND INTEGER FEASIBLE,0.000000,106.450050,0,0,-1,-1,630.000000,630.000000,0.000000,0.000000,0
neos-5049753-cuanza,config19,3,FOUND INTEGER FEASIBLE,0.000000,104.318829,0,0,-1,-1,630.000000,630.000000,0.000000,0.000000,0
neos-5049753-cuanza,config18,1,FOUND INTEGER FEASIBLE,0.000000,52.900262,0,0,-1,-1,588.000000,588.000000,0.000000,0.000000,0
neos-5049753-cuanza,config18,2,FOUND INTEGER FEASIBLE,0.000000,51.556161,0,0,-1,-1,588.000000,588.000000,0.000000,0.000000,0
neos-5049753-cuanza,config18,3,FOUND INTEGER FEASIBLE,0.000000,51.568228,0,0,-1,-1,588.000000,588.000000,0.000000,0.000000,0
neos-5052403-cygnet,config1,1,FOUND INTEGER FEASIBLE,0.000000,96.362183,1,0,-1,-1,202.000000,202.000000,0.000000,0.000000,0
neos-5052403-cygnet,config1,2,FOUND INTEGER FEASIBLE,0.000000,96.403789,1,0,-1,-1,197.000000,197.000000,0.000000,0.000000,0
neos-5052403-cygnet,config1,3,FOUND INTEGER FEASIBLE,0.000000,97.161613,1,0,-1,-1,248.000000,248.000000,0.000000,0.000000,0
neos-5052403-cygnet,config3,1,FOUND INTEGER FEASIBLE,0.000000,95.765622,1,0,-1,-1,202.000000,202.000000,0.000000,0.000000,0
neos-5052403-cygnet,config3,2,FOUND INTEGER FEASIBLE,0.000000,96.375779,1,0,-1,-1,197.000000,197.000000,0.000000,0.000000,0
neos-5052403-cygnet,config3,3,FOUND INTEGER FEASIBLE,0.000000,95.442395,1,0,-1,-1,248.000000,248.000000,0.000000,0.000000,0
neos-5052403-cygnet,config20,1,FOUND INTEGER FEASIBLE,0.000000,199.919925,4,0,-1,-1,736.000000,736.000000,0.000000,0.000000,0
neos-5052403-cygnet,config20,2,FOUND INTEGER FEASIBLE,0.000000,187.839512,6,0,-1,-1,681.000000,681.000000,0.000000,0.000000,0
neos-5052403-cygnet,config20,3,FOUND INTEGER FEASIBLE,0.000000,190.072348,6,0,-1,-1,754.000000,754.000000,0.000000,0.000000,0
neos-5052403-cygnet,config16,1,FOUND INTEGER FEASIBLE,147.258487,189.598263,1,11,0,0,211.000000,211.000000,0.000000,0.000000,0
neos-5052403-cygnet,config16,2,FOUND INTEGER FEASIBLE,151.680662,195.029876,1,11,0,0,202.000000,202.000000,0.000000,0.000000,0
neos-5052403-cygnet,config16,3,FOUND INTEGER FEASIBLE,141.570378,183.663953,2,11,0,0,229.000000,229.000000,0.000000,0.000000,0
neos-5052403-cygnet,config17,1,FOUND INTEGER FEASIBLE,148.053827,189.920894,1,11,0,0,211.000000,211.000000,0.000000,0.000000,0
neos-5052403-cygnet,config17,2,FOUND INTEGER FEASIBLE,144.445411,186.401479,1,11,0,0,202.000000,202.000000,0.000000,0.000000,0
neos-5052403-cygnet,config17,3,FOUND INTEGER FEASIBLE,150.733779,193.352482,2,11,0,0,229.000000,229.000000,0.000000,0.000000,0
neos-5052403-cygnet,config21,1,FOUND INTEGER FEASIBLE,302.961195,321.587467,4,12,0,0,410.000000,410.000000,0.000000,0.000000,0
neos-5052403-cygnet,config21,2,FOUND INTEGER FEASIBLE,305.561030,322.883178,5,12,0,0,382.000000,382.000000,0.000000,0.000000,0
neos-5052403-cygnet,config21,3,FOUND INTEGER FEASIBLE,301.455177,317.184883,2,12,0,0,422.000000,422.000000,0.000000,0.000000,0
neos-5052403-cygnet,config23,1,FOUND INTEGER FEASIBLE,307.229207,325.885776,7,12,0,0,222.000000,222.000000,0.000000,0.000000,0
neos-5052403-cygnet,config23,2,FOUND INTEGER FEASIBLE,307.643299,329.277878,18,12,0,0,289.000000,289.000000,0.000000,0.000000,0
neos-5052403-cygnet,config23,3,FOUND INTEGER FEASIBLE,307.636289,326.440448,3,12,0,0,236.000000,236.000000,0.000000,0.000000,0
neos-5052403-cygnet,config19,1,FOUND INTEGER FEASIBLE,0.000000,275.131677,0,0,-1,-1,201.000000,201.000000,0.000000,0.000000,0
neos-5052403-cygnet,config19,2,FOUND INTEGER FEASIBLE,0.000000,276.393008,0,0,-1,-1,201.000000,201.000000,0.000000,0.000000,0
neos-5052403-cygnet,config19,3,FOUND INTEGER FEASIBLE,0.000000,276.676315,0,0,-1,-1,201.000000,201.000000,0.000000,0.000000,0
neos-5052403-cygnet,config18,1,FOUND INTEGER FEASIBLE,0.000000,275.333972,0,0,-1,-1,201.000000,201.000000,0.000000,0.000000,0
neos-5052403-cygnet,config18,2,FOUND INTEGER FEASIBLE,0.000000,274.049197,0,0,-1,-1,201.000000,201.000000,0.000000,0.000000,0
neos-5052403-cygnet,config18,3,FOUND INTEGER FEASIBLE,0.000000,276.109413,0,0,-1,-1,201.000000,201.000000,0.000000,0.000000,0
neos-5093327-huahum,config1,1,FOUND INTEGER FEASIBLE,0.000000,3.113586,4,0,-1,-1,16156.000000,9152.000000,0.000000,0.000000,0
neos-5093327-huahum,config1,2,FOUND INTEGER FEASIBLE,0.000000,3.122642,5,0,-1,-1,15280.000000,9160.000000,0.000000,0.000000,0
neos-5093327-huahum,config1,3,FOUND INTEGER FEASIBLE,0.000000,3.634799,9,0,-1,-1,22354.000000,8446.000000,0.000000,0.000000,0
neos-5093327-huahum,config3,1,FOUND INTEGER FEASIBLE,0.000000,2.509866,8,0,-1,-1,34930.000000,8276.000000,0.000000,0.000000,0
neos-5093327-huahum,config3,2,FOUND INTEGER FEASIBLE,0.000000,3.501315,13,0,-1,-1,36730.000000,8322.000000,0.000000,0.000000,0
neos-5093327-huahum,config3,3,FOUND INTEGER FEASIBLE,0.000000,3.406524,14,0,-1,-1,43538.000000,8878.000000,0.000000,0.000000,0
neos-5093327-huahum,config20,1,FOUND INTEGER FEASIBLE,0.000000,2.660431,4,0,-1,-1,34766.000000,10006.000000,0.000000,0.000000,0
neos-5093327-huahum,config20,2,FOUND INTEGER FEASIBLE,0.000000,3.150385,11,0,-1,-1,31338.000000,7656.000000,0.000000,0.000000,0
neos-5093327-huahum,config20,3,FOUND INTEGER FEASIBLE,0.000000,2.588079,4,0,-1,-1,36584.000000,10270.000000,0.000000,0.000000,0
neos-5093327-huahum,config16,1,FOUND INTEGER FEASIBLE,2.383396,4.419941,4,1,0,0,17380.000000,10510.000000,0.000000,0.000000,0
neos-5093327-huahum,config16,2,FOUND INTEGER FEASIBLE,3.304038,5.635518,4,1,0,0,14988.000000,7630.000000,0.000000,0.000000,0
neos-5093327-huahum,config16,3,FOUND INTEGER FEASIBLE,2.423126,5.115989,9,1,0,0,22362.000000,7446.000000,0.000000,0.000000,0
neos-5093327-huahum,config17,1,FOUND INTEGER FEASIBLE,0.515493,2.977743,8,0,0,0,51154.000000,8452.000000,0.000000,0.000000,0
neos-5093327-huahum,config17,2,FOUND INTEGER FEASIBLE,0.498380,3.711566,29,0,0,0,54488.000000,9188.000000,0.000000,0.000000,0
neos-5093327-huahum,config17,3,FOUND INTEGER FEASIBLE,0.498298,2.554545,8,0,0,0,38526.000000,8046.000000,0.000000,0.000000,0
neos-5093327-huahum,config21,1,FOUND INTEGER FEASIBLE,0.894353,3.283190,26,2,0,0,56684.000000,10042.000000,0.000000,0.000000,0
neos-5093327-huahum,config21,2,FOUND INTEGER FEASIBLE,1.380872,3.077987,3,2,0,0,36644.000000,9326.000000,0.000000,0.000000,0
neos-5093327-huahum,config21,3,FOUND INTEGER FEASIBLE,1.372902,4.167911,23,2,0,0,69918.000000,8254.000000,0.000000,0.000000,0
neos-5093327-huahum,config23,1,FOUND INTEGER FEASIBLE,1.535411,4.134018,11,2,0,0,38656.000000,9356.000000,0.000000,0.000000,0
neos-5093327-huahum,config23,2,FOUND INTEGER FEASIBLE,0.891938,1.960220,3,2,0,0,40594.000000,8610.000000,0.000000,0.000000,0
neos-5093327-huahum,config23,3,FOUND INTEGER FEASIBLE,0.901280,2.607873,17,2,0,0,71808.000000,8388.000000,0.000000,0.000000,0
neos-5093327-huahum,config19,1,FOUND INTEGER FEASIBLE,0.000000,20.185935,0,0,-1,-1,8650.000000,8650.000000,0.000000,0.000000,0
neos-5093327-huahum,config19,2,FOUND INTEGER FEASIBLE,0.000000,21.026460,0,0,-1,-1,8650.000000,8650.000000,0.000000,0.000000,0
neos-5093327-huahum,config19,3,FOUND INTEGER FEASIBLE,0.000000,20.994262,0,0,-1,-1,8650.000000,8650.000000,0.000000,0.000000,0
neos-5093327-huahum,config18,1,FOUND INTEGER FEASIBLE,0.000000,15.232824,0,0,-1,-1,7250.000000,7250.000000,0.000000,0.000000,0
neos-5093327-huahum,config18,2,FOUND INTEGER FEASIBLE,0.000000,15.341999,0,0,-1,-1,7250.000000,7250.000000,0.000000,0.000000,0
neos-5093327-huahum,config18,3,FOUND INTEGER FEASIBLE,0.000000,15.224586,0,0,-1,-1,7250.000000,7250.000000,0.000000,0.000000,0
neos-5104907-jarama,config1,1,FAILED TO FIND AN INTEGER FEASIBLE SOLUTION,0.000000,3600,4241,0,-1,-1,0.000000,0.000000,2.404762,1.202381,92
neos-5104907-jarama,config1,2,FAILED TO FIND AN INTEGER FEASIBLE SOLUTION,0.000000,3600,4207,0,-1,-1,0.000000,0.000000,1.071429,0.535714,60
neos-5104907-jarama,config1,3,FAILED TO FIND AN INTEGER FEASIBLE SOLUTION,0.000000,3600,4183,0,-1,-1,0.000000,0.000000,2.071429,1.035714,114
neos-5104907-jarama,config3,1,FAILED TO FIND AN INTEGER FEASIBLE SOLUTION,0.000000,3600,4413,0,-1,-1,0.000000,0.000000,1.285714,0.642857,72
neos-5104907-jarama,config3,2,FAILED TO FIND AN INTEGER FEASIBLE SOLUTION,0.000000,3600,4202,0,-1,-1,0.000000,0.000000,2.580952,1.290476,94
neos-5104907-jarama,config3,3,FAILED TO FIND AN INTEGER FEASIBLE SOLUTION,0.000000,3600,4170,0,-1,-1,0.000000,0.000000,2.114286,1.057143,100
neos-5104907-jarama,config20,1,FAILED TO FIND AN INTEGER FEASIBLE SOLUTION,0.000000,3600,2608,0,-1,-1,0.000000,0.000000,10.326190,5.163095,238
neos-5104907-jarama,config20,2,FAILED TO FIND AN INTEGER FEASIBLE SOLUTION,0.000000,3600,2435,0,-1,-1,0.000000,0.000000,6.582679,3.335296,191
neos-5104907-jarama,config20,3,FAILED TO FIND AN INTEGER FEASIBLE SOLUTION,0.000000,3600,2595,0,-1,-1,0.000000,0.000000,8.790476,4.395238,222
neos-5104907-jarama,config16,1,FAILED TO FIND AN INTEGER FEASIBLE SOLUTION,3596.523326,3600,0,10,-1,-1,0.000000,0.000000,9520.000000,100000000000000000000.000000,9520
neos-5104907-jarama,config16,2,FAILED TO FIND AN INTEGER FEASIBLE SOLUTION,3596.561179,3600,0,10,-1,-1,0.000000,0.000000,9520.000000,100000000000000000000.000000,9520
neos-5104907-jarama,config16,3,FAILED TO FIND AN INTEGER FEASIBLE SOLUTION,3595.793053,3600,0,10,-1,-1,0.000000,0.000000,9520.000000,100000000000000000000.000000,9520
neos-5104907-jarama,config17,1,FAILED TO FIND AN INTEGER FEASIBLE SOLUTION,78.237994,3600,4659,11,11,9,0.000000,0.000000,1.864286,0.932143,58
neos-5104907-jarama,config17,2,FAILED TO FIND AN INTEGER FEASIBLE SOLUTION,77.220009,3600,6301,11,11,9,0.000000,0.000000,2.461905,1.230952,110
neos-5104907-jarama,config17,3,FAILED TO FIND AN INTEGER FEASIBLE SOLUTION,77.423871,3600,5597,11,11,9,0.000000,0.000000,2.135714,1.067857,90
neos-5104907-jarama,config21,1,FAILED TO FIND AN INTEGER FEASIBLE SOLUTION,3596.197470,3600,0,11,-1,-1,0.000000,0.000000,9520.000000,100000000000000000000.000000,9520
neos-5104907-jarama,config21,2,FAILED TO FIND AN INTEGER FEASIBLE SOLUTION,3595.965440,3600,0,11,-1,-1,0.000000,0.000000,9520.000000,100000000000000000000.000000,9520
neos-5104907-jarama,config21,3,FAILED TO FIND AN INTEGER FEASIBLE SOLUTION,3595.529760,3600,0,11,-1,-1,0.000000,0.000000,9520.000000,100000000000000000000.000000,9520
neos-5104907-jarama,config23,1,FAILED TO FIND AN INTEGER FEASIBLE SOLUTION,3596.985233,3600,0,11,-1,-1,0.000000,0.000000,9520.000000,100000000000000000000.000000,9520
neos-5104907-jarama,config23,2,FAILED TO FIND AN INTEGER FEASIBLE SOLUTION,3596.251934,3600,0,11,-1,-1,0.000000,0.000000,9520.000000,100000000000000000000.000000,9520
neos-5104907-jarama,config23,3,FAILED TO FIND AN INTEGER FEASIBLE SOLUTION,3596.032610,3600,0,11,-1,-1,0.000000,0.000000,9520.000000,100000000000000000000.000000,9520
neos-5104907-jarama,config19,1,FAILED TO FIND AN INTEGER FEASIBLE SOLUTION,0.000000,3600,0,0,-1,-1,0.000000,0.000000,inf,inf,0
neos-5104907-jarama,config19,2,FAILED TO FIND AN INTEGER FEASIBLE SOLUTION,0.000000,3600,0,0,-1,-1,0.000000,0.000000,inf,inf,0
neos-5104907-jarama,config19,3,FAILED TO FIND AN INTEGER FEASIBLE SOLUTION,0.000000,3600,0,0,-1,-1,0.000000,0.000000,inf,inf,0
neos-5104907-jarama,config18,1,FAILED TO FIND AN INTEGER FEASIBLE SOLUTION,0.000000,3600,0,0,-1,-1,0.000000,0.000000,inf,inf,0
neos-5104907-jarama,config18,2,FAILED TO FIND AN INTEGER FEASIBLE SOLUTION,0.000000,3600,0,0,-1,-1,0.000000,0.000000,inf,inf,0
neos-5104907-jarama,config18,3,FAILED TO FIND AN INTEGER FEASIBLE SOLUTION,0.000000,3600,0,0,-1,-1,0.000000,0.000000,inf,inf,0
neos-5107597-kakapo,config1,1,FOUND INTEGER FEASIBLE,0.000000,16.685973,1099,0,-1,-1,1590948.000000,88938.000000,0.000000,0.000000,0
neos-5107597-kakapo,config1,2,FOUND INTEGER FEASIBLE,0.000000,21.604310,1631,0,-1,-1,1594026.000000,57420.000000,0.000000,0.000000,0
neos-5107597-kakapo,config1,3,FOUND INTEGER FEASIBLE,0.000000,13.407633,989,0,-1,-1,1338912.000000,88326.000000,0.000000,0.000000,0
neos-5107597-kakapo,config3,1,FOUND INTEGER FEASIBLE,0.000000,37.526839,1997,0,-1,-1,63882.000000,61812.000000,0.000000,0.000000,0
neos-5107597-kakapo,config3,2,FOUND INTEGER FEASIBLE,0.000000,36.220589,1889,0,-1,-1,1588824.000000,48978.000000,0.000000,0.000000,0
neos-5107597-kakapo,config3,3,FOUND INTEGER FEASIBLE,0.000000,6.505046,327,0,-1,-1,1591578.000000,68850.000000,0.000000,0.000000,0
neos-5107597-kakapo,config20,1,FOUND INTEGER FEASIBLE,0.000000,28.003726,1875,0,-1,-1,1084716.000000,79290.000000,0.000000,0.000000,0
neos-5107597-kakapo,config20,2,FOUND INTEGER FEASIBLE,0.000000,11.135963,613,0,-1,-1,72288.000000,71658.000000,0.000000,0.000000,0
neos-5107597-kakapo,config20,3,FOUND INTEGER FEASIBLE,0.000000,6.677120,483,0,-1,-1,1592658.000000,56322.000000,0.000000,0.000000,0
neos-5107597-kakapo,config16,1,FOUND INTEGER FEASIBLE,0.442652,2.487565,210,8,1,0,37512.000000,37350.000000,0.000000,0.000000,0
neos-5107597-kakapo,config16,2,FOUND INTEGER FEASIBLE,0.222740,2.594547,372,8,3,0,44604.000000,43632.000000,0.000000,0.000000,0
neos-5107597-kakapo,config16,3,FOUND INTEGER FEASIBLE,0.222365,1.816320,210,8,0,0,940968.000000,46746.000000,0.000000,0.000000,0
neos-5107597-kakapo,config17,1,FOUND INTEGER FEASIBLE,0.435867,24.989862,2684,1,1,0,1589400.000000,157032.000000,0.000000,0.000000,0
neos-5107597-kakapo,config17,2,FOUND INTEGER FEASIBLE,0.221266,34.219400,2316,1,1,0,1590102.000000,159174.000000,0.000000,0.000000,0
neos-5107597-kakapo,config17,3,FOUND INTEGER FEASIBLE,0.267190,26.797120,2770,1,1,0,1595178.000000,137394.000000,0.000000,0.000000,0
neos-5107597-kakapo,config21,1,FOUND INTEGER FEASIBLE,1.033342,25.299619,1937,11,11,0,1591200.000000,128268.000000,0.000000,0.000000,0
neos-5107597-kakapo,config21,2,FOUND INTEGER FEASIBLE,1.587622,31.159727,2425,11,11,0,1594152.000000,147204.000000,0.000000,0.000000,0
neos-5107597-kakapo,config21,3,FOUND INTEGER FEASIBLE,1.574494,17.364929,1518,11,11,0,1594332.000000,151596.000000,0.000000,0.000000,0
neos-5107597-kakapo,config23,1,FOUND INTEGER FEASIBLE,1.591738,23.217570,2317,11,11,0,422712.000000,177336.000000,0.000000,0.000000,0
neos-5107597-kakapo,config23,2,FOUND INTEGER FEASIBLE,1.575257,14.112408,1169,11,11,0,1591938.000000,144270.000000,0.000000,0.000000,0
neos-5107597-kakapo,config23,3,FOUND INTEGER FEASIBLE,1.574924,33.709726,3157,11,11,0,1594404.000000,160146.000000,0.000000,0.000000,0
neos-5107597-kakapo,config19,1,FOUND INTEGER FEASIBLE,0.000000,5.365639,0,0,-1,-1,18036.000000,18036.000000,0.000000,0.000000,0
neos-5107597-kakapo,config19,2,FOUND INTEGER FEASIBLE,0.000000,5.360725,0,0,-1,-1,18036.000000,18036.000000,0.000000,0.000000,0
neos-5107597-kakapo,config19,3,FOUND INTEGER FEASIBLE,0.000000,5.344749,0,0,-1,-1,18036.000000,18036.000000,0.000000,0.000000,0
neos-5107597-kakapo,config18,1,FOUND INTEGER FEASIBLE,0.000000,2.479706,0,0,-1,-1,9630.000000,9630.000000,0.000000,0.000000,0
neos-5107597-kakapo,config18,2,FOUND INTEGER FEASIBLE,0.000000,2.435442,0,0,-1,-1,9630.000000,9630.000000,0.000000,0.000000,0
neos-5107597-kakapo,config18,3,FOUND INTEGER FEASIBLE,0.000000,1.447978,0,0,-1,-1,9630.000000,9630.000000,0.000000,0.000000,0
neos-5114902-kasavu,config1,1,FAILED TO FIND AN INTEGER FEASIBLE SOLUTION,0.000000,3600,116,0,-1,-1,0.000000,0.000000,1.333333,0.666667,4
neos-5114902-kasavu,config1,2,FOUND INTEGER FEASIBLE,0.000000,237.790151,58,0,-1,-1,903.000000,863.000000,0.000000,0.000000,0
neos-5114902-kasavu,config1,3,FAILED TO FIND AN INTEGER FEASIBLE SOLUTION,0.000000,3600,314,0,-1,-1,0.000000,0.000000,1.333333,0.666667,4
neos-5114902-kasavu,config3,1,FAILED TO FIND AN INTEGER FEASIBLE SOLUTION,0.000000,3600,1,0,-1,-1,0.000000,0.000000,10.666667,10.333333,32
neos-5114902-kasavu,config3,2,FAILED TO FIND AN INTEGER FEASIBLE SOLUTION,0.000000,3600,1,0,-1,-1,0.000000,0.000000,13.333333,10.666667,40
neos-5114902-kasavu,config3,3,FAILED TO FIND AN INTEGER FEASIBLE SOLUTION,0.000000,3600,1,0,-1,-1,0.000000,0.000000,20.666667,10.333333,62
neos-5114902-kasavu,config20,1,FAILED TO FIND AN INTEGER FEASIBLE SOLUTION,0.000000,3600,0,0,-1,-1,0.000000,0.000000,14560.000000,100000000000000000000.000000,14560
neos-5114902-kasavu,config20,2,FAILED TO FIND AN INTEGER FEASIBLE SOLUTION,0.000000,3600,0,0,-1,-1,0.000000,0.000000,14560.000000,100000000000000000000.000000,14560
neos-5114902-kasavu,config20,3,FAILED TO FIND AN INTEGER FEASIBLE SOLUTION,0.000000,3600,0,0,-1,-1,0.000000,0.000000,14560.000000,100000000000000000000.000000,14560
neos-5114902-kasavu,config16,1,FOUND INTEGER FEASIBLE,2298.997902,2860.454023,309,2,2,0,1004.000000,950.000000,0.000000,0.000000,0
neos-5114902-kasavu,config16,2,FOUND INTEGER FEASIBLE,2268.031775,3039.074437,234,2,2,0,951.000000,914.000000,0.000000,0.000000,0
neos-5114902-kasavu,config16,3,FAILED TO FIND AN INTEGER FEASIBLE SOLUTION,2264.864085,3600,382,2,2,0,0.000000,0.000000,0.666667,0.333333,2
neos-5114902-kasavu,config17,1,FOUND INTEGER FEASIBLE,1313.976205,2421.025739,564,11,7,1,1435.000000,1423.000000,0.000000,0.000000,0
neos-5114902-kasavu,config17,2,FAILED TO FIND AN INTEGER FEASIBLE SOLUTION,1342.757417,3600,1050,11,11,1,0.000000,0.000000,0.666667,0.333333,2
neos-5114902-kasavu,config17,3,FOUND INTEGER FEASIBLE,1341.821283,2185.946224,425,11,6,1,1183.000000,1121.000000,0.000000,0.000000,0
neos-5114902-kasavu,config21,1,FAILED TO FIND AN INTEGER FEASIBLE SOLUTION,3593.414551,3600,0,0,0,-1,0.000000,0.000000,14560.000000,100000000000000000000.000000,14560
neos-5114902-kasavu,config21,2,FAILED TO FIND AN INTEGER FEASIBLE SOLUTION,3593.053447,3600,0,0,0,-1,0.000000,0.000000,14560.000000,100000000000000000000.000000,14560
neos-5114902-kasavu,config21,3,FAILED TO FIND AN INTEGER FEASIBLE SOLUTION,3594.091663,3600,0,0,0,-1,0.000000,0.000000,14560.000000,100000000000000000000.000000,14560
neos-5114902-kasavu,config23,1,FAILED TO FIND AN INTEGER FEASIBLE SOLUTION,3593.526691,3600,0,0,0,-1,0.000000,0.000000,14560.000000,100000000000000000000.000000,14560
neos-5114902-kasavu,config23,2,FAILED TO FIND AN INTEGER FEASIBLE SOLUTION,3593.109235,3600,0,0,0,-1,0.000000,0.000000,14560.000000,100000000000000000000.000000,14560
neos-5114902-kasavu,config23,3,FAILED TO FIND AN INTEGER FEASIBLE SOLUTION,3594.595692,3600,0,0,0,-1,0.000000,0.000000,14560.000000,100000000000000000000.000000,14560
neos-5114902-kasavu,config19,1,FOUND INTEGER FEASIBLE,0.000000,431.904350,0,0,-1,-1,671.000000,671.000000,0.000000,0.000000,0
neos-5114902-kasavu,config19,2,FOUND INTEGER FEASIBLE,0.000000,425.195753,0,0,-1,-1,671.000000,671.000000,0.000000,0.000000,0
neos-5114902-kasavu,config19,3,FOUND INTEGER FEASIBLE,0.000000,445.294296,0,0,-1,-1,671.000000,671.000000,0.000000,0.000000,0
neos-5114902-kasavu,config18,1,FOUND INTEGER FEASIBLE,0.000000,259.237028,0,0,-1,-1,715.000000,715.000000,0.000000,0.000000,0
neos-5114902-kasavu,config18,2,FOUND INTEGER FEASIBLE,0.000000,257.905928,0,0,-1,-1,715.000000,715.000000,0.000000,0.000000,0
neos-5114902-kasavu,config18,3,FOUND INTEGER FEASIBLE,0.000000,259.083593,0,0,-1,-1,715.000000,715.000000,0.000000,0.000000,0
neos-5188808-nattai,config1,1,FOUND INTEGER FEASIBLE,0.000000,2.386698,2,0,-1,-1,5.433714,5.330677,0.000000,0.000000,0
neos-5188808-nattai,config1,2,FOUND INTEGER FEASIBLE,0.000000,2.623984,14,0,-1,-1,5.687320,5.434283,0.000000,0.000000,0
neos-5188808-nattai,config1,3,FOUND INTEGER FEASIBLE,0.000000,2.607107,3,0,-1,-1,8.231859,8.231859,0.000000,0.000000,0
neos-5188808-nattai,config3,1,FOUND INTEGER FEASIBLE,0.000000,1.244710,2,0,-1,-1,5.715879,5.691437,0.000000,0.000000,0
neos-5188808-nattai,config3,2,FOUND INTEGER FEASIBLE,0.000000,2.104879,2,0,-1,-1,5.611964,5.576846,0.000000,0.000000,0
neos-5188808-nattai,config3,3,FOUND INTEGER FEASIBLE,0.000000,3.973975,20,0,-1,-1,4.031247,3.696457,0.000000,0.000000,0
neos-5188808-nattai,config20,1,FOUND INTEGER FEASIBLE,0.000000,1.959548,2,0,-1,-1,0.134844,0.134080,0.000000,0.000000,0
neos-5188808-nattai,config20,2,FOUND INTEGER FEASIBLE,0.000000,2.497985,3,0,-1,-1,0.123113,0.123113,0.000000,0.000000,0
neos-5188808-nattai,config20,3,FOUND INTEGER FEASIBLE,0.000000,2.639258,2,0,-1,-1,1.755556,1.755556,0.000000,0.000000,0
neos-5188808-nattai,config16,1,FOUND INTEGER FEASIBLE,3.118540,4.369175,2,0,0,0,5.433714,5.330677,0.000000,0.000000,0
neos-5188808-nattai,config16,2,FOUND INTEGER FEASIBLE,3.911742,5.704918,14,0,0,0,5.687320,5.434283,0.000000,0.000000,0
neos-5188808-nattai,config16,3,FOUND INTEGER FEASIBLE,3.119295,4.415481,3,0,0,0,8.231859,8.231859,0.000000,0.000000,0
neos-5188808-nattai,config17,1,FOUND INTEGER FEASIBLE,2.011193,3.068504,2,0,0,0,5.715879,5.691437,0.000000,0.000000,0
neos-5188808-nattai,config17,2,FOUND INTEGER FEASIBLE,2.015319,3.033961,2,0,0,0,5.611964,5.576846,0.000000,0.000000,0
neos-5188808-nattai,config17,3,FOUND INTEGER FEASIBLE,2.003084,4.191983,20,0,0,0,4.031247,3.696457,0.000000,0.000000,0
neos-5188808-nattai,config21,1,FOUND INTEGER FEASIBLE,2.302271,3.174169,2,0,0,0,0.134844,0.134080,0.000000,0.000000,0
neos-5188808-nattai,config21,2,FOUND INTEGER FEASIBLE,2.501776,3.944284,3,0,0,0,0.123113,0.123113,0.000000,0.000000,0
neos-5188808-nattai,config21,3,FOUND INTEGER FEASIBLE,2.526961,3.864349,2,0,0,0,1.755556,1.755556,0.000000,0.000000,0
neos-5188808-nattai,config23,1,FOUND INTEGER FEASIBLE,3.302502,4.527947,2,0,0,0,5.715879,5.691437,0.000000,0.000000,0
neos-5188808-nattai,config23,2,FOUND INTEGER FEASIBLE,2.529732,3.524767,2,0,0,0,5.611964,5.576846,0.000000,0.000000,0
neos-5188808-nattai,config23,3,FOUND INTEGER FEASIBLE,2.526418,5.144736,20,0,0,0,4.031247,3.696457,0.000000,0.000000,0
neos-5188808-nattai,config19,1,FOUND INTEGER FEASIBLE,0.000000,3.601742,0,0,-1,-1,6.702023,6.702023,0.000000,0.000000,0
neos-5188808-nattai,config19,2,FOUND INTEGER FEASIBLE,0.000000,3.573091,0,0,-1,-1,6.702023,6.702023,0.000000,0.000000,0
neos-5188808-nattai,config19,3,FOUND INTEGER FEASIBLE,0.000000,3.561348,0,0,-1,-1,6.702023,6.702023,0.000000,0.000000,0
neos-5188808-nattai,config18,1,FOUND INTEGER FEASIBLE,0.000000,2.595828,0,0,-1,-1,6.702023,6.702023,0.000000,0.000000,0
neos-5188808-nattai,config18,2,FOUND INTEGER FEASIBLE,0.000000,2.588106,0,0,-1,-1,6.702023,6.702023,0.000000,0.000000,0
neos-5188808-nattai,config18,3,FOUND INTEGER FEASIBLE,0.000000,3.582580,0,0,-1,-1,6.702023,6.702023,0.000000,0.000000,0
neos-5195221-niemur,config1,1,FOUND INTEGER FEASIBLE,0.000000,17.852601,16,0,-1,-1,0.109606,0.109606,0.000000,0.000000,0
neos-5195221-niemur,config1,2,FOUND INTEGER FEASIBLE,0.000000,3.222963,2,0,-1,-1,0.093372,0.093372,0.000000,0.000000,0
neos-5195221-niemur,config1,3,FOUND INTEGER FEASIBLE,0.000000,3.769188,2,0,-1,-1,0.122077,0.122077,0.000000,0.000000,0
neos-5195221-niemur,config3,1,FOUND INTEGER FEASIBLE,0.000000,3.139366,2,0,-1,-1,1.141968,0.031650,0.000000,0.000000,0
neos-5195221-niemur,config3,2,FOUND INTEGER FEASIBLE,0.000000,7.357861,14,0,-1,-1,1.141968,0.031888,0.000000,0.000000,0
neos-5195221-niemur,config3,3,FOUND INTEGER FEASIBLE,0.000000,4.831244,4,0,-1,-1,1.141968,0.131520,0.000000,0.000000,0
neos-5195221-niemur,config20,1,FOUND INTEGER FEASIBLE,0.000000,20.963218,8,0,-1,-1,1.141968,0.044752,0.000000,0.000000,0
neos-5195221-niemur,config20,2,FOUND INTEGER FEASIBLE,0.000000,25.323366,18,0,-1,-1,1.141968,0.027551,0.000000,0.000000,0
neos-5195221-niemur,config20,3,FOUND INTEGER FEASIBLE,0.000000,22.922649,14,0,-1,-1,1.141968,0.119822,0.000000,0.000000,0
neos-5195221-niemur,config16,1,FOUND INTEGER FEASIBLE,1.117043,93.492699,849,10,10,0,1.141968,0.106748,0.000000,0.000000,0
neos-5195221-niemur,config16,2,FOUND INTEGER FEASIBLE,1.839254,95.823572,862,10,10,0,1.141968,0.106166,0.000000,0.000000,0
neos-5195221-niemur,config16,3,FOUND INTEGER FEASIBLE,1.111613,93.723580,851,10,10,0,1.141968,0.127283,0.000000,0.000000,0
neos-5195221-niemur,config17,1,FOUND INTEGER FEASIBLE,0.269790,77.998027,236,3,2,0,1.091968,0.110005,0.000000,0.000000,0
neos-5195221-niemur,config17,2,FOUND INTEGER FEASIBLE,0.402829,56.992670,178,3,2,0,1.091968,0.026673,0.000000,0.000000,0
neos-5195221-niemur,config17,3,FOUND INTEGER FEASIBLE,0.524424,97.167786,248,3,2,0,1.091968,0.080404,0.000000,0.000000,0
neos-5195221-niemur,config21,1,FOUND INTEGER FEASIBLE,9.732991,43.828646,621,11,11,4,1.141968,0.108959,0.000000,0.000000,0
neos-5195221-niemur,config21,2,FOUND INTEGER FEASIBLE,8.515610,45.080054,670,11,11,4,1.141968,0.104835,0.000000,0.000000,0
neos-5195221-niemur,config21,3,FOUND INTEGER FEASIBLE,10.558621,48.699529,630,11,11,4,1.141968,0.218702,0.000000,0.000000,0
neos-5195221-niemur,config23,1,FOUND INTEGER FEASIBLE,8.516644,42.488536,635,11,11,4,1.141968,0.028108,0.000000,0.000000,0
neos-5195221-niemur,config23,2,FOUND INTEGER FEASIBLE,8.502098,42.961294,667,11,11,4,1.141968,0.063230,0.000000,0.000000,0
neos-5195221-niemur,config23,3,FOUND INTEGER FEASIBLE,11.032769,46.696495,655,11,11,4,1.141968,0.087433,0.000000,0.000000,0
neos-5195221-niemur,config19,1,FOUND INTEGER FEASIBLE,0.000000,195.819272,0,0,-1,-1,0.034894,0.034894,0.000000,0.000000,0
neos-5195221-niemur,config19,2,FOUND INTEGER FEASIBLE,0.000000,197.211042,0,0,-1,-1,0.034894,0.034894,0.000000,0.000000,0
neos-5195221-niemur,config19,3,FOUND INTEGER FEASIBLE,0.000000,195.512182,0,0,-1,-1,0.034894,0.034894,0.000000,0.000000,0
neos-5195221-niemur,config18,1,FOUND INTEGER FEASIBLE,0.000000,99.804829,0,0,-1,-1,0.037370,0.037370,0.000000,0.000000,0
neos-5195221-niemur,config18,2,FOUND INTEGER FEASIBLE,0.000000,99.355774,0,0,-1,-1,0.037370,0.037370,0.000000,0.000000,0
neos-5195221-niemur,config18,3,FOUND INTEGER FEASIBLE,0.000000,99.264972,0,0,-1,-1,0.037370,0.037370,0.000000,0.000000,0
neos5,config1,1,FOUND INTEGER FEASIBLE,0.000000,0.008861,1,0,-1,-1,19.000000,19.000000,0.000000,0.000000,0
neos5,config1,2,FOUND INTEGER FEASIBLE,0.000000,0.009388,1,0,-1,-1,17.000000,16.500000,0.000000,0.000000,0
neos5,config1,3,FOUND INTEGER FEASIBLE,0.000000,0.013350,1,0,-1,-1,35.000000,35.000000,0.000000,0.000000,0
neos5,config3,1,FOUND INTEGER FEASIBLE,0.000000,0.006214,1,0,-1,-1,23.000000,18.000000,0.000000,0.000000,0
neos5,config3,2,FOUND INTEGER FEASIBLE,0.000000,0.006733,1,0,-1,-1,22.000000,18.000000,0.000000,0.000000,0
neos5,config3,3,FOUND INTEGER FEASIBLE,0.000000,0.006298,1,0,-1,-1,23.000000,18.000000,0.000000,0.000000,0
neos5,config20,1,FOUND INTEGER FEASIBLE,0.000000,0.005631,0,0,-1,-1,63.000000,53.000000,0.000000,0.000000,0
neos5,config20,2,FOUND INTEGER FEASIBLE,0.000000,0.005250,0,0,-1,-1,63.000000,53.000000,0.000000,0.000000,0
neos5,config20,3,FOUND INTEGER FEASIBLE,0.000000,0.004143,0,0,-1,-1,63.000000,53.000000,0.000000,0.000000,0
neos5,config16,1,FOUND INTEGER FEASIBLE,0.007150,0.014504,1,3,0,0,17.000000,16.500000,0.000000,0.000000,0
neos5,config16,2,FOUND INTEGER FEASIBLE,0.007310,0.014619,1,3,0,0,16.500000,16.500000,0.000000,0.000000,0
neos5,config16,3,FOUND INTEGER FEASIBLE,0.007293,0.014531,1,3,0,0,17.000000,16.500000,0.000000,0.000000,0
neos5,config17,1,FOUND INTEGER FEASIBLE,0.001940,0.009273,1,2,0,0,23.000000,20.000000,0.000000,0.000000,0
neos5,config17,2,FOUND INTEGER FEASIBLE,0.001884,0.009325,1,2,0,0,22.000000,19.000000,0.000000,0.000000,0
neos5,config17,3,FOUND INTEGER FEASIBLE,0.001975,0.009469,1,2,0,0,23.000000,20.000000,0.000000,0.000000,0
neos5,config21,1,FOUND INTEGER FEASIBLE,0.000688,0.007834,0,0,0,0,63.000000,53.000000,0.000000,0.000000,0
neos5,config21,2,FOUND INTEGER FEASIBLE,0.000693,0.007661,0,0,0,0,63.000000,53.000000,0.000000,0.000000,0
neos5,config21,3,FOUND INTEGER FEASIBLE,0.000623,0.007487,0,0,0,0,63.000000,53.000000,0.000000,0.000000,0
neos5,config23,1,FOUND INTEGER FEASIBLE,0.000660,0.008823,1,0,0,0,23.000000,18.000000,0.000000,0.000000,0
neos5,config23,2,FOUND INTEGER FEASIBLE,0.000605,0.008707,1,0,0,0,22.000000,18.000000,0.000000,0.000000,0
neos5,config23,3,FOUND INTEGER FEASIBLE,0.000629,0.008653,1,0,0,0,23.000000,18.000000,0.000000,0.000000,0
neos5,config19,1,FOUND INTEGER FEASIBLE,0.000000,0.003233,0,0,-1,-1,63.000000,53.000000,0.000000,0.000000,0
neos5,config19,2,FOUND INTEGER FEASIBLE,0.000000,0.002165,0,0,-1,-1,63.000000,53.000000,0.000000,0.000000,0
neos5,config19,3,FOUND INTEGER FEASIBLE,0.000000,0.002389,0,0,-1,-1,63.000000,53.000000,0.000000,0.000000,0
neos5,config18,1,FOUND INTEGER FEASIBLE,0.000000,0.002927,0,0,-1,-1,63.000000,53.000000,0.000000,0.000000,0
neos5,config18,2,FOUND INTEGER FEASIBLE,0.000000,0.002136,0,0,-1,-1,63.000000,53.000000,0.000000,0.000000,0
neos5,config18,3,FOUND INTEGER FEASIBLE,0.000000,0.001652,0,0,-1,-1,63.000000,53.000000,0.000000,0.000000,0
neos-631710,config1,1,FOUND INTEGER FEASIBLE,0.000000,11.520934,1,0,-1,-1,556.000000,556.000000,0.000000,0.000000,0
neos-631710,config1,2,FOUND INTEGER FEASIBLE,0.000000,11.138176,1,0,-1,-1,556.000000,556.000000,0.000000,0.000000,0
neos-631710,config1,3,FOUND INTEGER FEASIBLE,0.000000,11.641140,1,0,-1,-1,556.000000,556.000000,0.000000,0.000000,0
neos-631710,config3,1,FOUND INTEGER FEASIBLE,0.000000,10.511192,1,0,-1,-1,556.000000,556.000000,0.000000,0.000000,0
neos-631710,config3,2,FOUND INTEGER FEASIBLE,0.000000,10.340750,1,0,-1,-1,556.000000,556.000000,0.000000,0.000000,0
neos-631710,config3,3,FOUND INTEGER FEASIBLE,0.000000,10.623615,1,0,-1,-1,556.000000,556.000000,0.000000,0.000000,0
neos-631710,config20,1,FOUND INTEGER FEASIBLE,0.000000,3.348549,1,0,-1,-1,556.000000,556.000000,0.000000,0.000000,0
neos-631710,config20,2,FOUND INTEGER FEASIBLE,0.000000,3.450988,1,0,-1,-1,556.000000,556.000000,0.000000,0.000000,0
neos-631710,config20,3,FOUND INTEGER FEASIBLE,0.000000,3.436827,1,0,-1,-1,556.000000,556.000000,0.000000,0.000000,0
neos-631710,config16,1,FOUND INTEGER FEASIBLE,20.265337,35.143019,1,11,0,0,518.000000,518.000000,0.000000,0.000000,0
neos-631710,config16,2,FOUND INTEGER FEASIBLE,21.939220,37.662812,1,11,0,0,518.000000,518.000000,0.000000,0.000000,0
neos-631710,config16,3,FOUND INTEGER FEASIBLE,23.319031,37.949847,1,11,0,0,518.000000,518.000000,0.000000,0.000000,0
neos-631710,config17,1,FOUND INTEGER FEASIBLE,18.739404,31.499440,1,11,0,0,410.000000,410.000000,0.000000,0.000000,0
neos-631710,config17,2,FOUND INTEGER FEASIBLE,19.660497,30.438527,1,11,0,0,410.000000,410.000000,0.000000,0.000000,0
neos-631710,config17,3,FOUND INTEGER FEASIBLE,22.246374,33.286387,1,11,0,0,410.000000,410.000000,0.000000,0.000000,0
neos-631710,config21,1,FOUND INTEGER FEASIBLE,20.302542,23.454581,2,6,0,0,554.000000,554.000000,0.000000,0.000000,0
neos-631710,config21,2,FOUND INTEGER FEASIBLE,20.133535,23.697606,2,6,0,0,554.000000,554.000000,0.000000,0.000000,0
neos-631710,config21,3,FOUND INTEGER FEASIBLE,18.865472,22.950039,2,6,0,0,554.000000,554.000000,0.000000,0.000000,0
neos-631710,config23,1,FOUND INTEGER FEASIBLE,18.204525,26.530421,1,6,0,0,406.000000,406.000000,0.000000,0.000000,0
neos-631710,config23,2,FOUND INTEGER FEASIBLE,18.052438,25.467335,1,6,0,0,406.000000,406.000000,0.000000,0.000000,0
neos-631710,config23,3,FOUND INTEGER FEASIBLE,18.133451,26.708210,1,6,0,0,406.000000,406.000000,0.000000,0.000000,0
neos-631710,config19,1,FOUND INTEGER FEASIBLE,0.000000,2.908631,0,0,-1,-1,556.000000,556.000000,0.000000,0.000000,0
neos-631710,config19,2,FOUND INTEGER FEASIBLE,0.000000,3.299563,0,0,-1,-1,556.000000,556.000000,0.000000,0.000000,0
neos-631710,config19,3,FOUND INTEGER FEASIBLE,0.000000,3.855348,0,0,-1,-1,556.000000,556.000000,0.000000,0.000000,0
neos-631710,config18,1,FOUND INTEGER FEASIBLE,0.000000,3.089728,0,0,-1,-1,556.000000,556.000000,0.000000,0.000000,0
neos-631710,config18,2,FOUND INTEGER FEASIBLE,0.000000,3.320485,0,0,-1,-1,556.000000,556.000000,0.000000,0.000000,0
neos-631710,config18,3,FOUND INTEGER FEASIBLE,0.000000,3.318010,0,0,-1,-1,556.000000,556.000000,0.000000,0.000000,0
neos-662469,config1,1,FOUND INTEGER FEASIBLE,0.000000,1.950091,1,0,-1,-1,1554871.500000,1554871.500000,0.000000,0.000000,0
neos-662469,config1,2,FOUND INTEGER FEASIBLE,0.000000,2.233335,1,0,-1,-1,4986446.500000,4986446.500000,0.000000,0.000000,0
neos-662469,config1,3,FOUND INTEGER FEASIBLE,0.000000,2.202977,1,0,-1,-1,1544956.500000,1544956.500000,0.000000,0.000000,0
neos-662469,config3,1,FOUND INTEGER FEASIBLE,0.000000,0.558091,0,0,-1,-1,12474928.000000,12474928.000000,0.000000,0.000000,0
neos-662469,config3,2,FOUND INTEGER FEASIBLE,0.000000,0.557461,0,0,-1,-1,12474928.000000,12474928.000000,0.000000,0.000000,0
neos-662469,config3,3,FOUND INTEGER FEASIBLE,0.000000,0.564859,0,0,-1,-1,12474928.000000,12474928.000000,0.000000,0.000000,0
neos-662469,config20,1,FOUND INTEGER FEASIBLE,0.000000,1.340112,1,0,-1,-1,1913146.500000,1913146.500000,0.000000,0.000000,0
neos-662469,config20,2,FOUND INTEGER FEASIBLE,0.000000,1.343383,1,0,-1,-1,6144702.000000,6144702.000000,0.000000,0.000000,0
neos-662469,config20,3,FOUND INTEGER FEASIBLE,0.000000,1.285439,1,0,-1,-1,1923170.500000,1923170.500000,0.000000,0.000000,0
neos-662469,config16,1,FOUND INTEGER FEASIBLE,0.807029,1.232094,0,12,0,0,7857891.500000,7857891.500000,0.000000,0.000000,0
neos-662469,config16,2,FOUND INTEGER FEASIBLE,0.806247,1.235537,0,12,0,0,7857891.500000,7857891.500000,0.000000,0.000000,0
neos-662469,config16,3,FOUND INTEGER FEASIBLE,0.641681,0.992713,0,12,0,0,7857891.500000,7857891.500000,0.000000,0.000000,0
neos-662469,config17,1,FOUND INTEGER FEASIBLE,0.084375,0.638310,0,0,0,0,12474928.000000,12474928.000000,0.000000,0.000000,0
neos-662469,config17,2,FOUND INTEGER FEASIBLE,0.056571,0.452011,0,0,0,0,12474928.000000,12474928.000000,0.000000,0.000000,0
neos-662469,config17,3,FOUND INTEGER FEASIBLE,0.086548,0.692232,0,0,0,0,12474928.000000,12474928.000000,0.000000,0.000000,0
neos-662469,config21,1,FOUND INTEGER FEASIBLE,0.580327,1.043869,1,8,0,0,6408891.000000,6408891.000000,0.000000,0.000000,0
neos-662469,config21,2,FOUND INTEGER FEASIBLE,0.432974,0.806458,1,8,0,0,6909056.000000,6909056.000000,0.000000,0.000000,0
neos-662469,config21,3,FOUND INTEGER FEASIBLE,0.579053,1.039993,1,8,0,0,6408891.000000,6408891.000000,0.000000,0.000000,0
neos-662469,config23,1,FOUND INTEGER FEASIBLE,0.433372,0.768039,0,8,0,0,7679310.500000,7679310.500000,0.000000,0.000000,0
neos-662469,config23,2,FOUND INTEGER FEASIBLE,0.583339,1.012469,0,8,0,0,7679310.500000,7679310.500000,0.000000,0.000000,0
neos-662469,config23,3,FOUND INTEGER FEASIBLE,0.577562,1.006616,0,8,0,0,7679310.500000,7679310.500000,0.000000,0.000000,0
neos-662469,config19,1,FOUND INTEGER FEASIBLE,0.000000,0.429689,0,0,-1,-1,12637000.000000,12637000.000000,0.000000,0.000000,0
neos-662469,config19,2,FOUND INTEGER FEASIBLE,0.000000,0.408028,0,0,-1,-1,12637000.000000,12637000.000000,0.000000,0.000000,0
neos-662469,config19,3,FOUND INTEGER FEASIBLE,0.000000,0.401332,0,0,-1,-1,12637000.000000,12637000.000000,0.000000,0.000000,0
neos-662469,config18,1,FOUND INTEGER FEASIBLE,0.000000,0.431079,0,0,-1,-1,12637000.000000,12637000.000000,0.000000,0.000000,0
neos-662469,config18,2,FOUND INTEGER FEASIBLE,0.000000,0.398317,0,0,-1,-1,12637000.000000,12637000.000000,0.000000,0.000000,0
neos-662469,config18,3,FOUND INTEGER FEASIBLE,0.000000,0.398529,0,0,-1,-1,12637000.000000,12637000.000000,0.000000,0.000000,0
neos-787933,config1,1,FOUND INTEGER FEASIBLE,0.000000,0.781775,0,0,-1,-1,30.000000,30.000000,0.000000,0.000000,0
neos-787933,config1,2,FOUND INTEGER FEASIBLE,0.000000,0.784774,0,0,-1,-1,30.000000,30.000000,0.000000,0.000000,0
neos-787933,config1,3,FOUND INTEGER FEASIBLE,0.000000,0.782134,0,0,-1,-1,30.000000,30.000000,0.000000,0.000000,0
neos-787933,config3,1,FOUND INTEGER FEASIBLE,0.000000,0.780291,0,0,-1,-1,662.000000,662.000000,0.000000,0.000000,0
neos-787933,config3,2,FOUND INTEGER FEASIBLE,0.000000,0.772791,0,0,-1,-1,662.000000,662.000000,0.000000,0.000000,0
neos-787933,config3,3,FOUND INTEGER FEASIBLE,0.000000,0.799139,0,0,-1,-1,662.000000,662.000000,0.000000,0.000000,0
neos-787933,config20,1,FOUND INTEGER FEASIBLE,0.000000,0.782154,0,0,-1,-1,867.000000,867.000000,0.000000,0.000000,0
neos-787933,config20,2,FOUND INTEGER FEASIBLE,0.000000,0.746301,0,0,-1,-1,867.000000,867.000000,0.000000,0.000000,0
neos-787933,config20,3,FOUND INTEGER FEASIBLE,0.000000,0.749287,0,0,-1,-1,867.000000,867.000000,0.000000,0.000000,0
neos-787933,config16,1,FOUND INTEGER FEASIBLE,0.002446,0.707676,0,1,0,0,30.000000,30.000000,0.000000,0.000000,0
neos-787933,config16,2,FOUND INTEGER FEASIBLE,0.002438,0.733301,0,1,0,0,30.000000,30.000000,0.000000,0.000000,0
neos-787933,config16,3,FOUND INTEGER FEASIBLE,0.002398,0.733009,0,1,0,0,30.000000,30.000000,0.000000,0.000000,0
neos-787933,config17,1,FOUND INTEGER FEASIBLE,0.000849,0.726708,0,0,0,0,662.000000,662.000000,0.000000,0.000000,0
neos-787933,config17,2,FOUND INTEGER FEASIBLE,0.000854,0.732626,0,0,0,0,662.000000,662.000000,0.000000,0.000000,0
neos-787933,config17,3,FOUND INTEGER FEASIBLE,0.000850,0.732368,0,0,0,0,662.000000,662.000000,0.000000,0.000000,0
neos-787933,config21,1,FOUND INTEGER FEASIBLE,0.000635,0.570768,0,0,0,0,867.000000,867.000000,0.000000,0.000000,0
neos-787933,config21,2,FOUND INTEGER FEASIBLE,0.000865,0.738094,0,0,0,0,867.000000,867.000000,0.000000,0.000000,0
neos-787933,config21,3,FOUND INTEGER FEASIBLE,0.000646,0.575811,0,0,0,0,867.000000,867.000000,0.000000,0.000000,0
neos-787933,config23,1,FOUND INTEGER FEASIBLE,0.000638,0.565175,0,0,0,0,662.000000,662.000000,0.000000,0.000000,0
neos-787933,config23,2,FOUND INTEGER FEASIBLE,0.000795,0.731807,0,0,0,0,662.000000,662.000000,0.000000,0.000000,0
neos-787933,config23,3,FOUND INTEGER FEASIBLE,0.000763,0.732051,0,0,0,0,662.000000,662.000000,0.000000,0.000000,0
neos-787933,config19,1,FOUND INTEGER FEASIBLE,0.000000,0.317503,0,0,-1,-1,1764.000000,1764.000000,0.000000,0.000000,0
neos-787933,config19,2,FOUND INTEGER FEASIBLE,0.000000,0.262310,0,0,-1,-1,1764.000000,1764.000000,0.000000,0.000000,0
neos-787933,config19,3,FOUND INTEGER FEASIBLE,0.000000,0.260691,0,0,-1,-1,1764.000000,1764.000000,0.000000,0.000000,0
neos-787933,config18,1,FOUND INTEGER FEASIBLE,0.000000,0.312403,0,0,-1,-1,1764.000000,1764.000000,0.000000,0.000000,0
neos-787933,config18,2,FOUND INTEGER FEASIBLE,0.000000,0.258334,0,0,-1,-1,1764.000000,1764.000000,0.000000,0.000000,0
neos-787933,config18,3,FOUND INTEGER FEASIBLE,0.000000,0.258223,0,0,-1,-1,1764.000000,1764.000000,0.000000,0.000000,0
neos-827175,config1,1,FOUND INTEGER FEASIBLE,0.000000,1.104404,1,0,-1,-1,114.001560,114.001560,0.000000,0.000000,0
neos-827175,config1,2,FOUND INTEGER FEASIBLE,0.000000,0.905017,1,0,-1,-1,114.001560,114.001560,0.000000,0.000000,0
neos-827175,config1,3,FOUND INTEGER FEASIBLE,0.000000,1.084235,1,0,-1,-1,115.001630,115.001630,0.000000,0.000000,0
neos-827175,config3,1,FOUND INTEGER FEASIBLE,0.000000,1.287030,1,0,-1,-1,114.001550,114.001550,0.000000,0.000000,0
neos-827175,config3,2,FOUND INTEGER FEASIBLE,0.000000,1.176502,1,0,-1,-1,113.001520,113.001520,0.000000,0.000000,0
neos-827175,config3,3,FOUND INTEGER FEASIBLE,0.000000,1.302372,1,0,-1,-1,114.001550,114.001550,0.000000,0.000000,0
neos-827175,config20,1,FOUND INTEGER FEASIBLE,0.000000,1.142731,1,0,-1,-1,122.013740,122.013740,0.000000,0.000000,0
neos-827175,config20,2,FOUND INTEGER FEASIBLE,0.000000,0.921240,1,0,-1,-1,122.012980,122.012980,0.000000,0.000000,0
neos-827175,config20,3,FOUND INTEGER FEASIBLE,0.000000,0.951078,1,0,-1,-1,122.013700,122.013700,0.000000,0.000000,0
neos-827175,config16,1,FOUND INTEGER FEASIBLE,0.513664,1.181490,1,5,0,0,112.001530,112.001530,0.000000,0.000000,0
neos-827175,config16,2,FOUND INTEGER FEASIBLE,0.516976,1.161635,1,5,0,0,112.001540,112.001540,0.000000,0.000000,0
neos-827175,config16,3,FOUND INTEGER FEASIBLE,0.352519,0.774148,1,5,0,0,112.001630,112.001630,0.000000,0.000000,0
neos-827175,config17,1,FOUND INTEGER FEASIBLE,0.387461,1.157598,1,2,0,0,114.001560,114.001560,0.000000,0.000000,0
neos-827175,config17,2,FOUND INTEGER FEASIBLE,0.377634,1.089915,1,2,0,0,113.001520,113.001520,0.000000,0.000000,0
neos-827175,config17,3,FOUND INTEGER FEASIBLE,0.381987,1.108819,1,2,0,0,114.001560,114.001560,0.000000,0.000000,0
neos-827175,config21,1,FOUND INTEGER FEASIBLE,2.562716,3.366059,1,3,0,0,115.012760,115.012760,0.000000,0.000000,0
neos-827175,config21,2,FOUND INTEGER FEASIBLE,2.552281,3.248005,1,3,0,0,115.012260,115.012260,0.000000,0.000000,0
neos-827175,config21,3,FOUND INTEGER FEASIBLE,2.551474,3.245693,1,3,0,0,115.012750,115.012750,0.000000,0.000000,0
neos-827175,config23,1,FOUND INTEGER FEASIBLE,2.311192,2.829823,1,3,0,0,113.001530,113.001530,0.000000,0.000000,0
neos-827175,config23,2,FOUND INTEGER FEASIBLE,2.539765,3.130550,1,3,0,0,113.001540,113.001540,0.000000,0.000000,0
neos-827175,config23,3,FOUND INTEGER FEASIBLE,2.553611,3.155763,1,3,0,0,113.001570,113.001570,0.000000,0.000000,0
neos-827175,config19,1,FOUND INTEGER FEASIBLE,0.000000,0.972167,0,0,-1,-1,122.002140,122.002140,0.000000,0.000000,0
neos-827175,config19,2,FOUND INTEGER FEASIBLE,0.000000,0.964415,0,0,-1,-1,122.002140,122.002140,0.000000,0.000000,0
neos-827175,config19,3,FOUND INTEGER FEASIBLE,0.000000,0.955942,0,0,-1,-1,122.002140,122.002140,0.000000,0.000000,0
neos-827175,config18,1,FOUND INTEGER FEASIBLE,0.000000,0.982364,0,0,-1,-1,122.002140,122.002140,0.000000,0.000000,0
neos-827175,config18,2,FOUND INTEGER FEASIBLE,0.000000,0.951016,0,0,-1,-1,122.002140,122.002140,0.000000,0.000000,0
neos-827175,config18,3,FOUND INTEGER FEASIBLE,0.000000,0.954714,0,0,-1,-1,122.002140,122.002140,0.000000,0.000000,0
neos-848589,config1,1,FOUND INTEGER FEASIBLE,0.000000,4.101415,1,0,-1,-1,36147774.716000,11101747.458200,0.000000,0.000000,0
neos-848589,config1,2,FOUND INTEGER FEASIBLE,0.000000,3.160392,1,0,-1,-1,36147774.716000,11101747.458200,0.000000,0.000000,0
neos-848589,config1,3,FOUND INTEGER FEASIBLE,0.000000,4.188895,1,0,-1,-1,36147774.716000,11101747.458200,0.000000,0.000000,0
neos-848589,config3,1,FOUND INTEGER FEASIBLE,0.000000,5.340927,0,0,-1,-1,43496840.245100,4822682.740200,0.000000,0.000000,0
neos-848589,config3,2,FOUND INTEGER FEASIBLE,0.000000,4.965925,0,0,-1,-1,43496840.245100,4822682.740200,0.000000,0.000000,0
neos-848589,config3,3,FOUND INTEGER FEASIBLE,0.000000,5.416505,0,0,-1,-1,43496840.245100,4822682.740200,0.000000,0.000000,0
neos-848589,config20,1,FOUND INTEGER FEASIBLE,0.000000,5.115571,0,0,-1,-1,43496840.245100,4822682.740200,0.000000,0.000000,0
neos-848589,config20,2,FOUND INTEGER FEASIBLE,0.000000,5.178420,0,0,-1,-1,43496840.245100,4822682.740200,0.000000,0.000000,0
neos-848589,config20,3,FOUND INTEGER FEASIBLE,0.000000,5.145590,0,0,-1,-1,43496840.245100,4822682.740200,0.000000,0.000000,0
neos-848589,config16,1,FOUND INTEGER FEASIBLE,0.930847,7.048974,1,1,0,0,36338027.013100,11101716.717300,0.000000,0.000000,0
neos-848589,config16,2,FOUND INTEGER FEASIBLE,1.449176,7.682130,1,1,0,0,36338027.013100,11101716.717300,0.000000,0.000000,0
neos-848589,config16,3,FOUND INTEGER FEASIBLE,0.812598,5.582849,1,1,0,0,36338027.013100,11101716.717300,0.000000,0.000000,0
neos-848589,config17,1,FOUND INTEGER FEASIBLE,1.377621,7.399139,0,0,0,0,43496840.245100,4822682.740200,0.000000,0.000000,0
neos-848589,config17,2,FOUND INTEGER FEASIBLE,1.388128,6.996988,0,0,0,0,43496840.245100,4822682.740200,0.000000,0.000000,0
neos-848589,config17,3,FOUND INTEGER FEASIBLE,1.378501,7.092023,0,0,0,0,43496840.245100,4822682.740200,0.000000,0.000000,0
neos-848589,config21,1,FOUND INTEGER FEASIBLE,2.274626,6.914618,0,0,0,0,43496840.245100,4822682.740200,0.000000,0.000000,0
neos-848589,config21,2,FOUND INTEGER FEASIBLE,1.385276,6.588147,0,0,0,0,43496840.245100,4822682.740200,0.000000,0.000000,0
neos-848589,config21,3,FOUND INTEGER FEASIBLE,2.155614,7.575953,0,0,0,0,43496840.245100,4822682.740200,0.000000,0.000000,0
neos-848589,config23,1,FOUND INTEGER FEASIBLE,1.774455,7.778136,0,0,0,0,43496840.245100,4822682.740200,0.000000,0.000000,0
neos-848589,config23,2,FOUND INTEGER FEASIBLE,1.397633,6.518868,0,0,0,0,43496840.245100,4822682.740200,0.000000,0.000000,0
neos-848589,config23,3,FOUND INTEGER FEASIBLE,1.395146,6.585603,0,0,0,0,43496840.245100,4822682.740200,0.000000,0.000000,0
neos-848589,config19,1,FOUND INTEGER FEASIBLE,0.000000,2.924729,0,0,-1,-1,34211338.978600,11101747.458200,0.000000,0.000000,0
neos-848589,config19,2,FOUND INTEGER FEASIBLE,0.000000,2.990837,0,0,-1,-1,34211338.978600,11101747.458200,0.000000,0.000000,0
neos-848589,config19,3,FOUND INTEGER FEASIBLE,0.000000,2.918283,0,0,-1,-1,34211338.978600,11101747.458200,0.000000,0.000000,0
neos-848589,config18,1,FOUND INTEGER FEASIBLE,0.000000,2.826724,0,0,-1,-1,34211338.978600,11101747.458200,0.000000,0.000000,0
neos-848589,config18,2,FOUND INTEGER FEASIBLE,0.000000,2.933217,0,0,-1,-1,34211338.978600,11101747.458200,0.000000,0.000000,0
neos-848589,config18,3,FOUND INTEGER FEASIBLE,0.000000,2.920036,0,0,-1,-1,34211338.978600,11101747.458200,0.000000,0.000000,0
neos-860300,config1,1,FOUND INTEGER FEASIBLE,0.000000,1.099883,2,0,-1,-1,3738.000000,3738.000000,0.000000,0.000000,0
neos-860300,config1,2,FOUND INTEGER FEASIBLE,0.000000,0.886777,2,0,-1,-1,3738.000000,3738.000000,0.000000,0.000000,0
neos-860300,config1,3,FOUND INTEGER FEASIBLE,0.000000,1.049501,2,0,-1,-1,3731.000000,3731.000000,0.000000,0.000000,0
neos-860300,config3,1,FOUND INTEGER FEASIBLE,0.000000,0.771822,2,0,-1,-1,10306.000000,10306.000000,0.000000,0.000000,0
neos-860300,config3,2,FOUND INTEGER FEASIBLE,0.000000,0.761093,2,0,-1,-1,10306.000000,10306.000000,0.000000,0.000000,0
neos-860300,config3,3,FOUND INTEGER FEASIBLE,0.000000,0.790288,2,0,-1,-1,6496.000000,6496.000000,0.000000,0.000000,0
neos-860300,config20,1,FOUND INTEGER FEASIBLE,0.000000,0.851804,2,0,-1,-1,6034.000000,6034.000000,0.000000,0.000000,0
neos-860300,config20,2,FOUND INTEGER FEASIBLE,0.000000,0.838594,2,0,-1,-1,6034.000000,6034.000000,0.000000,0.000000,0
neos-860300,config20,3,FOUND INTEGER FEASIBLE,0.000000,0.831578,2,0,-1,-1,6034.000000,6034.000000,0.000000,0.000000,0
neos-860300,config16,1,FOUND INTEGER FEASIBLE,0.081736,0.867140,5,8,1,1,7262.000000,7262.000000,0.000000,0.000000,0
neos-860300,config16,2,FOUND INTEGER FEASIBLE,0.109774,1.410642,11,8,1,1,8050.000000,8050.000000,0.000000,0.000000,0
neos-860300,config16,3,FOUND INTEGER FEASIBLE,0.108497,1.078455,6,8,1,1,9245.000000,9245.000000,0.000000,0.000000,0
neos-860300,config17,1,FOUND INTEGER FEASIBLE,0.069871,0.865727,3,4,0,0,10592.000000,10592.000000,0.000000,0.000000,0
neos-860300,config17,2,FOUND INTEGER FEASIBLE,0.051651,0.640569,3,4,0,0,10607.000000,10607.000000,0.000000,0.000000,0
neos-860300,config17,3,FOUND INTEGER FEASIBLE,0.069723,0.828088,2,4,0,0,10738.000000,10738.000000,0.000000,0.000000,0
neos-860300,config21,1,FOUND INTEGER FEASIBLE,0.089570,0.844455,2,9,0,0,7806.000000,7806.000000,0.000000,0.000000,0
neos-860300,config21,2,FOUND INTEGER FEASIBLE,0.088826,0.899404,5,9,0,0,8022.000000,8022.000000,0.000000,0.000000,0
neos-860300,config21,3,FOUND INTEGER FEASIBLE,0.068704,0.663787,2,9,0,0,7806.000000,7806.000000,0.000000,0.000000,0
neos-860300,config23,1,FOUND INTEGER FEASIBLE,0.066559,0.660283,1,9,0,0,8955.000000,8955.000000,0.000000,0.000000,0
neos-860300,config23,2,FOUND INTEGER FEASIBLE,0.088876,0.891977,1,9,0,0,8955.000000,8955.000000,0.000000,0.000000,0
neos-860300,config23,3,FOUND INTEGER FEASIBLE,0.088436,0.885844,1,9,0,0,8955.000000,8955.000000,0.000000,0.000000,0
neos-860300,config19,1,FOUND INTEGER FEASIBLE,0.000000,0.695303,0,0,-1,-1,10402.000000,10402.000000,0.000000,0.000000,0
neos-860300,config19,2,FOUND INTEGER FEASIBLE,0.000000,0.652685,0,0,-1,-1,10402.000000,10402.000000,0.000000,0.000000,0
neos-860300,config19,3,FOUND INTEGER FEASIBLE,0.000000,0.653171,0,0,-1,-1,10402.000000,10402.000000,0.000000,0.000000,0
neos-860300,config18,1,FOUND INTEGER FEASIBLE,0.000000,0.692609,0,0,-1,-1,10402.000000,10402.000000,0.000000,0.000000,0
neos-860300,config18,2,FOUND INTEGER FEASIBLE,0.000000,0.650553,0,0,-1,-1,10402.000000,10402.000000,0.000000,0.000000,0
neos-860300,config18,3,FOUND INTEGER FEASIBLE,0.000000,0.651492,0,0,-1,-1,10402.000000,10402.000000,0.000000,0.000000,0
neos-873061,config1,1,FOUND INTEGER FEASIBLE,0.000000,6.977754,4,0,-1,-1,236.260415,236.260415,0.000000,0.000000,0
neos-873061,config1,2,FOUND INTEGER FEASIBLE,0.000000,6.967699,4,0,-1,-1,237.848602,237.848602,0.000000,0.000000,0
neos-873061,config1,3,FOUND INTEGER FEASIBLE,0.000000,6.595100,3,0,-1,-1,198.436975,198.436975,0.000000,0.000000,0
neos-873061,config3,1,FOUND INTEGER FEASIBLE,0.000000,9.207019,4,0,-1,-1,240.315662,240.315662,0.000000,0.000000,0
neos-873061,config3,2,FOUND INTEGER FEASIBLE,0.000000,9.121248,4,0,-1,-1,221.758071,221.758071,0.000000,0.000000,0
neos-873061,config3,3,FOUND INTEGER FEASIBLE,0.000000,9.035417,3,0,-1,-1,227.884157,227.884157,0.000000,0.000000,0
neos-873061,config20,1,FOUND INTEGER FEASIBLE,0.000000,2.546497,0,0,-1,-1,251127.839190,251127.839190,0.000000,0.000000,0
neos-873061,config20,2,FOUND INTEGER FEASIBLE,0.000000,2.790318,0,0,-1,-1,251127.839190,251127.839190,0.000000,0.000000,0
neos-873061,config20,3,FOUND INTEGER FEASIBLE,0.000000,2.787427,0,0,-1,-1,251127.839190,251127.839190,0.000000,0.000000,0
neos-873061,config16,1,FOUND INTEGER FEASIBLE,13.945937,15.846899,6,3,0,0,129.412900,129.412900,0.000000,0.000000,0
neos-873061,config16,2,FOUND INTEGER FEASIBLE,14.503402,16.821681,7,3,0,0,129.412900,129.412900,0.000000,0.000000,0
neos-873061,config16,3,FOUND INTEGER FEASIBLE,13.152610,15.767257,5,3,0,0,129.412900,129.412900,0.000000,0.000000,0
neos-873061,config17,1,FOUND INTEGER FEASIBLE,24.954098,26.381187,2,2,0,0,264.037787,264.037787,0.000000,0.000000,0
neos-873061,config17,2,FOUND INTEGER FEASIBLE,21.725394,23.540096,2,2,0,0,264.037787,264.037787,0.000000,0.000000,0
neos-873061,config17,3,FOUND INTEGER FEASIBLE,21.623527,23.255297,1,2,0,0,264.037787,264.037787,0.000000,0.000000,0
neos-873061,config21,1,FOUND INTEGER FEASIBLE,0.568000,3.976279,0,0,0,0,251127.839190,251127.839190,0.000000,0.000000,0
neos-873061,config21,2,FOUND INTEGER FEASIBLE,0.562966,3.275147,0,0,0,0,251127.839190,251127.839190,0.000000,0.000000,0
neos-873061,config21,3,FOUND INTEGER FEASIBLE,0.577626,2.966778,0,0,0,0,251127.839190,251127.839190,0.000000,0.000000,0
neos-873061,config23,1,FOUND INTEGER FEASIBLE,0.568469,6.577994,4,0,0,0,245.832551,245.832551,0.000000,0.000000,0
neos-873061,config23,2,FOUND INTEGER FEASIBLE,0.569303,6.631541,4,0,0,0,231.571070,231.571070,0.000000,0.000000,0
neos-873061,config23,3,FOUND INTEGER FEASIBLE,0.554388,7.098317,3,0,0,0,254.801920,254.801920,0.000000,0.000000,0
neos-873061,config19,1,FOUND INTEGER FEASIBLE,0.000000,2.407159,0,0,-1,-1,251127.839190,251127.839190,0.000000,0.000000,0
neos-873061,config19,2,FOUND INTEGER FEASIBLE,0.000000,2.652532,0,0,-1,-1,251127.839190,251127.839190,0.000000,0.000000,0
neos-873061,config19,3,FOUND INTEGER FEASIBLE,0.000000,2.634358,0,0,-1,-1,251127.839190,251127.839190,0.000000,0.000000,0
neos-873061,config18,1,FOUND INTEGER FEASIBLE,0.000000,2.692438,0,0,-1,-1,251127.839190,251127.839190,0.000000,0.000000,0
neos-873061,config18,2,FOUND INTEGER FEASIBLE,0.000000,2.648184,0,0,-1,-1,251127.839190,251127.839190,0.000000,0.000000,0
neos-873061,config18,3,FOUND INTEGER FEASIBLE,0.000000,2.650543,0,0,-1,-1,251127.839190,251127.839190,0.000000,0.000000,0
neos8,config1,1,FOUND INTEGER FEASIBLE,0.000000,0.519246,2,0,-1,-1,-3707.000000,-3707.000000,0.000000,0.000000,0
neos8,config1,2,FOUND INTEGER FEASIBLE,0.000000,0.462704,1,0,-1,-1,0.000000,0.000000,0.000000,0.000000,0
neos8,config1,3,FOUND INTEGER FEASIBLE,0.000000,0.462684,2,0,-1,-1,-3707.000000,-3707.000000,0.000000,0.000000,0
neos8,config3,1,FOUND INTEGER FEASIBLE,0.000000,0.427931,0,0,-1,-1,637.000000,637.000000,0.000000,0.000000,0
neos8,config3,2,FOUND INTEGER FEASIBLE,0.000000,0.429737,0,0,-1,-1,637.000000,637.000000,0.000000,0.000000,0
neos8,config3,3,FOUND INTEGER FEASIBLE,0.000000,0.429763,0,0,-1,-1,637.000000,637.000000,0.000000,0.000000,0
neos8,config20,1,FOUND INTEGER FEASIBLE,0.000000,0.455454,2,0,-1,-1,-2869.000000,-2869.000000,0.000000,0.000000,0
neos8,config20,2,FOUND INTEGER FEASIBLE,0.000000,0.437555,2,0,-1,-1,-2869.000000,-2869.000000,0.000000,0.000000,0
neos8,config20,3,FOUND INTEGER FEASIBLE,0.000000,0.431276,2,0,-1,-1,-2869.000000,-2869.000000,0.000000,0.000000,0
neos8,config16,1,FOUND INTEGER FEASIBLE,0.019341,0.404517,0,9,0,0,0.000000,0.000000,0.000000,0.000000,0
neos8,config16,2,FOUND INTEGER FEASIBLE,0.019489,0.405988,0,9,0,0,0.000000,0.000000,0.000000,0.000000,0
neos8,config16,3,FOUND INTEGER FEASIBLE,0.019652,0.420475,0,9,0,0,0.000000,0.000000,0.000000,0.000000,0
neos8,config17,1,FOUND INTEGER FEASIBLE,0.010000,0.397959,0,0,0,0,637.000000,637.000000,0.000000,0.000000,0
neos8,config17,2,FOUND INTEGER FEASIBLE,0.007457,0.309352,0,0,0,0,637.000000,637.000000,0.000000,0.000000,0
neos8,config17,3,FOUND INTEGER FEASIBLE,0.005963,0.240124,0,0,0,0,637.000000,637.000000,0.000000,0.000000,0
neos8,config21,1,FOUND INTEGER FEASIBLE,0.031828,0.419159,0,12,0,0,637.000000,637.000000,0.000000,0.000000,0
neos8,config21,2,FOUND INTEGER FEASIBLE,0.031285,0.415815,0,12,0,0,637.000000,637.000000,0.000000,0.000000,0
neos8,config21,3,FOUND INTEGER FEASIBLE,0.031726,0.415663,0,12,0,0,637.000000,637.000000,0.000000,0.000000,0
neos8,config23,1,FOUND INTEGER FEASIBLE,0.031529,0.408738,0,12,0,0,637.000000,637.000000,0.000000,0.000000,0
neos8,config23,2,FOUND INTEGER FEASIBLE,0.031317,0.417599,0,12,0,0,637.000000,637.000000,0.000000,0.000000,0
neos8,config23,3,FOUND INTEGER FEASIBLE,0.031266,0.420178,0,12,0,0,637.000000,637.000000,0.000000,0.000000,0
neos8,config19,1,FOUND INTEGER FEASIBLE,0.000000,0.160397,0,0,-1,-1,0.000000,0.000000,0.000000,0.000000,0
neos8,config19,2,FOUND INTEGER FEASIBLE,0.000000,0.076671,0,0,-1,-1,0.000000,0.000000,0.000000,0.000000,0
neos8,config19,3,FOUND INTEGER FEASIBLE,0.000000,0.117276,0,0,-1,-1,0.000000,0.000000,0.000000,0.000000,0
neos8,config18,1,FOUND INTEGER FEASIBLE,0.000000,0.144002,0,0,-1,-1,0.000000,0.000000,0.000000,0.000000,0
neos8,config18,2,FOUND INTEGER FEASIBLE,0.000000,0.070686,0,0,-1,-1,0.000000,0.000000,0.000000,0.000000,0
neos8,config18,3,FOUND INTEGER FEASIBLE,0.000000,0.113584,0,0,-1,-1,0.000000,0.000000,0.000000,0.000000,0
neos-911970,config1,1,FOUND INTEGER FEASIBLE,0.000000,0.018993,1,0,-1,-1,274.250000,274.250000,0.000000,0.000000,0
neos-911970,config1,2,FOUND INTEGER FEASIBLE,0.000000,0.019919,1,0,-1,-1,314.660000,314.660000,0.000000,0.000000,0
neos-911970,config1,3,FOUND INTEGER FEASIBLE,0.000000,0.020396,1,0,-1,-1,281.790000,281.790000,0.000000,0.000000,0
neos-911970,config3,1,FOUND INTEGER FEASIBLE,0.000000,0.014705,0,0,-1,-1,37974.240000,383.060000,0.000000,0.000000,0
neos-911970,config3,2,FOUND INTEGER FEASIBLE,0.000000,0.016507,0,0,-1,-1,37974.240000,383.060000,0.000000,0.000000,0
neos-911970,config3,3,FOUND INTEGER FEASIBLE,0.000000,0.016139,0,0,-1,-1,37974.240000,383.060000,0.000000,0.000000,0
neos-911970,config20,1,FOUND INTEGER FEASIBLE,0.000000,0.016193,0,0,-1,-1,37974.240000,383.060000,0.000000,0.000000,0
neos-911970,config20,2,FOUND INTEGER FEASIBLE,0.000000,0.016969,0,0,-1,-1,37974.240000,383.060000,0.000000,0.000000,0
neos-911970,config20,3,FOUND INTEGER FEASIBLE,0.000000,0.015619,0,0,-1,-1,37974.240000,383.060000,0.000000,0.000000,0
neos-911970,config16,1,FOUND INTEGER FEASIBLE,0.011304,0.037574,1,10,0,0,225.030000,225.030000,0.000000,0.000000,0
neos-911970,config16,2,FOUND INTEGER FEASIBLE,0.006236,0.024909,1,10,0,0,221.750000,221.750000,0.000000,0.000000,0
neos-911970,config16,3,FOUND INTEGER FEASIBLE,0.006087,0.021127,1,10,0,0,242.170000,242.170000,0.000000,0.000000,0
neos-911970,config17,1,FOUND INTEGER FEASIBLE,0.003025,0.022846,0,0,0,0,37974.240000,383.060000,0.000000,0.000000,0
neos-911970,config17,2,FOUND INTEGER FEASIBLE,0.003101,0.023360,0,0,0,0,37974.240000,383.060000,0.000000,0.000000,0
neos-911970,config17,3,FOUND INTEGER FEASIBLE,0.003058,0.022743,0,0,0,0,37974.240000,383.060000,0.000000,0.000000,0
neos-911970,config21,1,FOUND INTEGER FEASIBLE,0.003183,0.023505,0,0,0,0,37974.240000,383.060000,0.000000,0.000000,0
neos-911970,config21,2,FOUND INTEGER FEASIBLE,0.001924,0.017220,0,0,0,0,37974.240000,383.060000,0.000000,0.000000,0
neos-911970,config21,3,FOUND INTEGER FEASIBLE,0.002505,0.021214,0,0,0,0,37974.240000,383.060000,0.000000,0.000000,0
neos-911970,config23,1,FOUND INTEGER FEASIBLE,0.003067,0.022018,0,0,0,0,37974.240000,383.060000,0.000000,0.000000,0
neos-911970,config23,2,FOUND INTEGER FEASIBLE,0.003162,0.023300,0,0,0,0,37974.240000,383.060000,0.000000,0.000000,0
neos-911970,config23,3,FOUND INTEGER FEASIBLE,0.003044,0.022857,0,0,0,0,37974.240000,383.060000,0.000000,0.000000,0
neos-911970,config19,1,FOUND INTEGER FEASIBLE,0.000000,0.004956,0,0,-1,-1,297.000000,297.000000,0.000000,0.000000,0
neos-911970,config19,2,FOUND INTEGER FEASIBLE,0.000000,0.004361,0,0,-1,-1,297.000000,297.000000,0.000000,0.000000,0
neos-911970,config19,3,FOUND INTEGER FEASIBLE,0.000000,0.005637,0,0,-1,-1,297.000000,297.000000,0.000000,0.000000,0
neos-911970,config18,1,FOUND INTEGER FEASIBLE,0.000000,0.004789,0,0,-1,-1,297.000000,297.000000,0.000000,0.000000,0
neos-911970,config18,2,FOUND INTEGER FEASIBLE,0.000000,0.003484,0,0,-1,-1,297.000000,297.000000,0.000000,0.000000,0
neos-911970,config18,3,FOUND INTEGER FEASIBLE,0.000000,0.002885,0,0,-1,-1,297.000000,297.000000,0.000000,0.000000,0
neos-933966,config1,1,FOUND INTEGER FEASIBLE,0.000000,1.465266,1,0,-1,-1,64301.000000,64301.000000,0.000000,0.000000,0
neos-933966,config1,2,FOUND INTEGER FEASIBLE,0.000000,1.225321,1,0,-1,-1,357100.000000,357100.000000,0.000000,0.000000,0
neos-933966,config1,3,FOUND INTEGER FEASIBLE,0.000000,1.530116,1,0,-1,-1,85332.000000,85332.000000,0.000000,0.000000,0
neos-933966,config3,1,FOUND INTEGER FEASIBLE,0.000000,0.291086,0,0,-1,-1,487600.000000,484000.000000,0.000000,0.000000,0
neos-933966,config3,2,FOUND INTEGER FEASIBLE,0.000000,0.288482,0,0,-1,-1,487600.000000,484000.000000,0.000000,0.000000,0
neos-933966,config3,3,FOUND INTEGER FEASIBLE,0.000000,0.289503,0,0,-1,-1,487600.000000,484000.000000,0.000000,0.000000,0
neos-933966,config20,1,FOUND INTEGER FEASIBLE,0.000000,0.473901,1,0,-1,-1,487933.000000,146371.000000,0.000000,0.000000,0
neos-933966,config20,2,FOUND INTEGER FEASIBLE,0.000000,0.458552,1,0,-1,-1,487835.000000,279241.000000,0.000000,0.000000,0
neos-933966,config20,3,FOUND INTEGER FEASIBLE,0.000000,0.474861,1,0,-1,-1,487937.000000,157376.000000,0.000000,0.000000,0
neos-933966,config16,1,FOUND INTEGER FEASIBLE,1.956233,3.721844,1,11,0,0,42317.000000,42317.000000,0.000000,0.000000,0
neos-933966,config16,2,FOUND INTEGER FEASIBLE,2.287439,4.086607,1,11,0,0,200181.000000,200181.000000,0.000000,0.000000,0
neos-933966,config16,3,FOUND INTEGER FEASIBLE,2.273864,4.006665,1,11,0,0,62327.000000,62327.000000,0.000000,0.000000,0
neos-933966,config17,1,FOUND INTEGER FEASIBLE,0.007492,0.318584,0,0,0,0,487600.000000,484000.000000,0.000000,0.000000,0
neos-933966,config17,2,FOUND INTEGER FEASIBLE,0.007308,0.332065,0,0,0,0,487600.000000,484000.000000,0.000000,0.000000,0
neos-933966,config17,3,FOUND INTEGER FEASIBLE,0.007525,0.320767,0,0,0,0,487600.000000,484000.000000,0.000000,0.000000,0
neos-933966,config21,1,FOUND INTEGER FEASIBLE,0.185555,0.418921,0,9,0,0,484214.000000,474103.000000,0.000000,0.000000,0
neos-933966,config21,2,FOUND INTEGER FEASIBLE,0.186050,0.415098,0,9,0,0,484214.000000,474103.000000,0.000000,0.000000,0
neos-933966,config21,3,FOUND INTEGER FEASIBLE,0.184874,0.428262,0,9,0,0,484214.000000,474103.000000,0.000000,0.000000,0
neos-933966,config23,1,FOUND INTEGER FEASIBLE,0.185885,0.416382,0,9,0,0,484135.000000,484000.000000,0.000000,0.000000,0
neos-933966,config23,2,FOUND INTEGER FEASIBLE,0.184931,0.416053,0,9,0,0,484135.000000,484000.000000,0.000000,0.000000,0
neos-933966,config23,3,FOUND INTEGER FEASIBLE,0.188309,0.418172,0,9,0,0,484135.000000,484000.000000,0.000000,0.000000,0
neos-933966,config19,1,FOUND INTEGER FEASIBLE,0.000000,0.108084,0,0,-1,-1,484000.000000,484000.000000,0.000000,0.000000,0
neos-933966,config19,2,FOUND INTEGER FEASIBLE,0.000000,0.082684,0,0,-1,-1,484000.000000,484000.000000,0.000000,0.000000,0
neos-933966,config19,3,FOUND INTEGER FEASIBLE,0.000000,0.079585,0,0,-1,-1,484000.000000,484000.000000,0.000000,0.000000,0
neos-933966,config18,1,FOUND INTEGER FEASIBLE,0.000000,0.106522,0,0,-1,-1,484000.000000,484000.000000,0.000000,0.000000,0
neos-933966,config18,2,FOUND INTEGER FEASIBLE,0.000000,0.079684,0,0,-1,-1,484000.000000,484000.000000,0.000000,0.000000,0
neos-933966,config18,3,FOUND INTEGER FEASIBLE,0.000000,0.080421,0,0,-1,-1,484000.000000,484000.000000,0.000000,0.000000,0
neos-950242,config1,1,FOUND INTEGER FEASIBLE,0.000000,41.160432,41,0,-1,-1,19.000000,19.000000,0.000000,0.000000,0
neos-950242,config1,2,FOUND INTEGER FEASIBLE,0.000000,8.040849,4,0,-1,-1,4.000000,4.000000,0.000000,0.000000,0
neos-950242,config1,3,FOUND INTEGER FEASIBLE,0.000000,8.817793,12,0,-1,-1,7.000000,7.000000,0.000000,0.000000,0
neos-950242,config3,1,FOUND INTEGER FEASIBLE,0.000000,14.425672,15,0,-1,-1,7.000000,7.000000,0.000000,0.000000,0
neos-950242,config3,2,FOUND INTEGER FEASIBLE,0.000000,7.066749,8,0,-1,-1,5.000000,5.000000,0.000000,0.000000,0
neos-950242,config3,3,FOUND INTEGER FEASIBLE,0.000000,8.306643,12,0,-1,-1,5.000000,5.000000,0.000000,0.000000,0
neos-950242,config20,1,FOUND INTEGER FEASIBLE,0.000000,65.735387,94,0,-1,-1,24.000000,24.000000,0.000000,0.000000,0
neos-950242,config20,2,FOUND INTEGER FEASIBLE,0.000000,85.797454,133,0,-1,-1,24.000000,24.000000,0.000000,0.000000,0
neos-950242,config20,3,FOUND INTEGER FEASIBLE,0.000000,40.660200,51,0,-1,-1,23.000000,23.000000,0.000000,0.000000,0
neos-950242,config16,1,FOUND INTEGER FEASIBLE,0.146947,22.869163,49,1,0,0,10.000000,10.000000,0.000000,0.000000,0
neos-950242,config16,2,FOUND INTEGER FEASIBLE,0.148245,7.860211,17,1,0,0,8.000000,8.000000,0.000000,0.000000,0
neos-950242,config16,3,FOUND INTEGER FEASIBLE,0.146629,16.008006,12,1,0,0,5.000000,5.000000,0.000000,0.000000,0
neos-950242,config17,1,FOUND INTEGER FEASIBLE,0.178873,8.230966,15,1,0,0,5.000000,5.000000,0.000000,0.000000,0
neos-950242,config17,2,FOUND INTEGER FEASIBLE,0.176058,8.563512,11,1,0,0,6.000000,6.000000,0.000000,0.000000,0
neos-950242,config17,3,FOUND INTEGER FEASIBLE,0.135368,4.712661,13,1,0,0,4.000000,4.000000,0.000000,0.000000,0
neos-950242,config21,1,FOUND INTEGER FEASIBLE,8.765854,10.405812,178,2,2,0,5.000000,5.000000,0.000000,0.000000,0
neos-950242,config21,2,FOUND INTEGER FEASIBLE,7.875591,9.515747,170,2,2,0,5.000000,5.000000,0.000000,0.000000,0
neos-950242,config21,3,FOUND INTEGER FEASIBLE,7.905600,9.655579,174,2,2,0,5.000000,5.000000,0.000000,0.000000,0
neos-950242,config23,1,FOUND INTEGER FEASIBLE,7.719199,9.165178,184,2,2,0,4.000000,4.000000,0.000000,0.000000,0
neos-950242,config23,2,FOUND INTEGER FEASIBLE,8.993384,13.392359,194,2,2,0,6.000000,6.000000,0.000000,0.000000,0
neos-950242,config23,3,FOUND INTEGER FEASIBLE,8.811206,10.335972,179,2,2,0,5.000000,5.000000,0.000000,0.000000,0
neos-950242,config19,1,FOUND INTEGER FEASIBLE,0.000000,0.503668,0,0,-1,-1,20.000000,20.000000,0.000000,0.000000,0
neos-950242,config19,2,FOUND INTEGER FEASIBLE,0.000000,0.487949,0,0,-1,-1,20.000000,20.000000,0.000000,0.000000,0
neos-950242,config19,3,FOUND INTEGER FEASIBLE,0.000000,0.487324,0,0,-1,-1,20.000000,20.000000,0.000000,0.000000,0
neos-950242,config18,1,FOUND INTEGER FEASIBLE,0.000000,0.503602,0,0,-1,-1,20.000000,20.000000,0.000000,0.000000,0
neos-950242,config18,2,FOUND INTEGER FEASIBLE,0.000000,0.483868,0,0,-1,-1,20.000000,20.000000,0.000000,0.000000,0
neos-950242,config18,3,FOUND INTEGER FEASIBLE,0.000000,0.487562,0,0,-1,-1,20.000000,20.000000,0.000000,0.000000,0
neos-957323,config1,1,FOUND INTEGER FEASIBLE,0.000000,1.965577,1,0,-1,-1,-220.788854,-220.788854,0.000000,0.000000,0
neos-957323,config1,2,FOUND INTEGER FEASIBLE,0.000000,1.971549,1,0,-1,-1,-199.815269,-199.815269,0.000000,0.000000,0
neos-957323,config1,3,FOUND INTEGER FEASIBLE,0.000000,1.973275,1,0,-1,-1,-222.785180,-222.785180,0.000000,0.000000,0
neos-957323,config3,1,FOUND INTEGER FEASIBLE,0.000000,1.449575,0,0,-1,-1,0.000000,0.000000,0.000000,0.000000,0
neos-957323,config3,2,FOUND INTEGER FEASIBLE,0.000000,1.439605,0,0,-1,-1,0.000000,0.000000,0.000000,0.000000,0
neos-957323,config3,3,FOUND INTEGER FEASIBLE,0.000000,1.444656,0,0,-1,-1,0.000000,0.000000,0.000000,0.000000,0
neos-957323,config20,1,FOUND INTEGER FEASIBLE,0.000000,1.763812,1,0,-1,-1,-201.725526,-201.725526,0.000000,0.000000,0
neos-957323,config20,2,FOUND INTEGER FEASIBLE,0.000000,2.799930,1,0,-1,-1,0.000000,0.000000,0.000000,0.000000,0
neos-957323,config20,3,FOUND INTEGER FEASIBLE,0.000000,2.553957,1,0,-1,-1,-145.871457,-145.871457,0.000000,0.000000,0
neos-957323,config16,1,FOUND INTEGER FEASIBLE,0.300945,1.076364,1,11,0,0,-228.774440,-228.774440,0.000000,0.000000,0
neos-957323,config16,2,FOUND INTEGER FEASIBLE,0.583785,2.009263,1,11,0,0,-219.785215,-219.785215,0.000000,0.000000,0
neos-957323,config16,3,FOUND INTEGER FEASIBLE,0.440344,1.579200,1,11,0,0,-228.774440,-228.774440,0.000000,0.000000,0
neos-957323,config17,1,FOUND INTEGER FEASIBLE,0.023224,0.601165,0,1,0,0,0.000000,0.000000,0.000000,0.000000,0
neos-957323,config17,2,FOUND INTEGER FEASIBLE,0.023033,0.610076,0,1,0,0,0.000000,0.000000,0.000000,0.000000,0
neos-957323,config17,3,FOUND INTEGER FEASIBLE,0.041392,1.132151,0,1,0,0,0.000000,0.000000,0.000000,0.000000,0
neos-957323,config21,1,FOUND INTEGER FEASIBLE,0.303885,1.153224,0,11,0,0,0.000000,0.000000,0.000000,0.000000,0
neos-957323,config21,2,FOUND INTEGER FEASIBLE,0.400745,1.515221,0,11,0,0,0.000000,0.000000,0.000000,0.000000,0
neos-957323,config21,3,FOUND INTEGER FEASIBLE,0.300110,1.144958,0,11,0,0,0.000000,0.000000,0.000000,0.000000,0
neos-957323,config23,1,FOUND INTEGER FEASIBLE,0.411495,1.529338,0,11,0,0,0.000000,0.000000,0.000000,0.000000,0
neos-957323,config23,2,FOUND INTEGER FEASIBLE,0.402505,1.518190,0,11,0,0,0.000000,0.000000,0.000000,0.000000,0
neos-957323,config23,3,FOUND INTEGER FEASIBLE,0.397677,1.510676,0,11,0,0,0.000000,0.000000,0.000000,0.000000,0
neos-957323,config19,1,FOUND INTEGER FEASIBLE,0.000000,0.249633,0,0,-1,-1,0.000000,0.000000,0.000000,0.000000,0
neos-957323,config19,2,FOUND INTEGER FEASIBLE,0.000000,0.176326,0,0,-1,-1,0.000000,0.000000,0.000000,0.000000,0
neos-957323,config19,3,FOUND INTEGER FEASIBLE,0.000000,0.178471,0,0,-1,-1,0.000000,0.000000,0.000000,0.000000,0
neos-957323,config18,1,FOUND INTEGER FEASIBLE,0.000000,0.245890,0,0,-1,-1,0.000000,0.000000,0.000000,0.000000,0
neos-957323,config18,2,FOUND INTEGER FEASIBLE,0.000000,0.179921,0,0,-1,-1,0.000000,0.000000,0.000000,0.000000,0
neos-957323,config18,3,FOUND INTEGER FEASIBLE,0.000000,0.179036,0,0,-1,-1,0.000000,0.000000,0.000000,0.000000,0
neos-960392,config1,1,FOUND INTEGER FEASIBLE,0.000000,3.310800,2,0,-1,-1,-193.000000,-193.000000,0.000000,0.000000,0
neos-960392,config1,2,FOUND INTEGER FEASIBLE,0.000000,2.759476,1,0,-1,-1,-90.000000,-90.000000,0.000000,0.000000,0
neos-960392,config1,3,FOUND INTEGER FEASIBLE,0.000000,3.326510,2,0,-1,-1,-219.000000,-219.000000,0.000000,0.000000,0
neos-960392,config3,1,FOUND INTEGER FEASIBLE,0.000000,1.893613,0,0,-1,-1,0.000000,0.000000,0.000000,0.000000,0
neos-960392,config3,2,FOUND INTEGER FEASIBLE,0.000000,2.228068,0,0,-1,-1,0.000000,0.000000,0.000000,0.000000,0
neos-960392,config3,3,FOUND INTEGER FEASIBLE,0.000000,2.257801,0,0,-1,-1,0.000000,0.000000,0.000000,0.000000,0
neos-960392,config20,1,FOUND INTEGER FEASIBLE,0.000000,3.557159,2,0,-1,-1,-198.000000,-198.000000,0.000000,0.000000,0
neos-960392,config20,2,FOUND INTEGER FEASIBLE,0.000000,3.784153,3,0,-1,-1,-80.000000,-80.000000,0.000000,0.000000,0
neos-960392,config20,3,FOUND INTEGER FEASIBLE,0.000000,3.681754,2,0,-1,-1,-210.000000,-210.000000,0.000000,0.000000,0
neos-960392,config16,1,FOUND INTEGER FEASIBLE,1.135282,2.522206,1,10,0,0,-122.000000,-122.000000,0.000000,0.000000,0
neos-960392,config16,2,FOUND INTEGER FEASIBLE,1.051251,2.245164,2,10,0,0,-120.000000,-120.000000,0.000000,0.000000,0
neos-960392,config16,3,FOUND INTEGER FEASIBLE,1.055574,2.266208,3,10,0,0,-115.000000,-115.000000,0.000000,0.000000,0
neos-960392,config17,1,FOUND INTEGER FEASIBLE,0.111323,2.341185,0,0,0,0,0.000000,0.000000,0.000000,0.000000,0
neos-960392,config17,2,FOUND INTEGER FEASIBLE,0.106564,2.313545,0,0,0,0,0.000000,0.000000,0.000000,0.000000,0
neos-960392,config17,3,FOUND INTEGER FEASIBLE,0.083925,1.910003,0,0,0,0,0.000000,0.000000,0.000000,0.000000,0
neos-960392,config21,1,FOUND INTEGER FEASIBLE,0.448100,1.805927,0,12,0,0,0.000000,0.000000,0.000000,0.000000,0
neos-960392,config21,2,FOUND INTEGER FEASIBLE,0.234423,1.059066,0,12,0,0,0.000000,0.000000,0.000000,0.000000,0
neos-960392,config21,3,FOUND INTEGER FEASIBLE,0.449298,1.825821,0,12,0,0,0.000000,0.000000,0.000000,0.000000,0
neos-960392,config23,1,FOUND INTEGER FEASIBLE,0.341901,1.377465,0,12,0,0,0.000000,0.000000,0.000000,0.000000,0
neos-960392,config23,2,FOUND INTEGER FEASIBLE,0.247171,1.193082,0,12,0,0,0.000000,0.000000,0.000000,0.000000,0
neos-960392,config23,3,FOUND INTEGER FEASIBLE,0.234343,0.932837,0,12,0,0,0.000000,0.000000,0.000000,0.000000,0
neos-960392,config19,1,FOUND INTEGER FEASIBLE,0.000000,0.110962,0,0,-1,-1,0.000000,0.000000,0.000000,0.000000,0
neos-960392,config19,2,FOUND INTEGER FEASIBLE,0.000000,0.084845,0,0,-1,-1,0.000000,0.000000,0.000000,0.000000,0
neos-960392,config19,3,FOUND INTEGER FEASIBLE,0.000000,0.084126,0,0,-1,-1,0.000000,0.000000,0.000000,0.000000,0
neos-960392,config18,1,FOUND INTEGER FEASIBLE,0.000000,0.110117,0,0,-1,-1,0.000000,0.000000,0.000000,0.000000,0
neos-960392,config18,2,FOUND INTEGER FEASIBLE,0.000000,0.086616,0,0,-1,-1,0.000000,0.000000,0.000000,0.000000,0
neos-960392,config18,3,FOUND INTEGER FEASIBLE,0.000000,0.085264,0,0,-1,-1,0.000000,0.000000,0.000000,0.000000,0
net12,config1,1,FOUND INTEGER FEASIBLE,0.000000,2.721444,4,0,-1,-1,316.000000,316.000000,0.000000,0.000000,0
net12,config1,2,FOUND INTEGER FEASIBLE,0.000000,3.324769,30,0,-1,-1,316.000000,316.000000,0.000000,0.000000,0
net12,config1,3,FOUND INTEGER FEASIBLE,0.000000,3.442307,19,0,-1,-1,337.000000,337.000000,0.000000,0.000000,0
net12,config3,1,FOUND INTEGER FEASIBLE,0.000000,0.752442,8,0,-1,-1,296.000000,296.000000,0.000000,0.000000,0
net12,config3,2,FOUND INTEGER FEASIBLE,0.000000,1.426422,27,0,-1,-1,296.000000,296.000000,0.000000,0.000000,0
net12,config3,3,FOUND INTEGER FEASIBLE,0.000000,0.892379,14,0,-1,-1,296.000000,296.000000,0.000000,0.000000,0
net12,config20,1,FOUND INTEGER FEASIBLE,0.000000,8.129867,3,0,-1,-1,337.000000,337.000000,0.000000,0.000000,0
net12,config20,2,FOUND INTEGER FEASIBLE,0.000000,7.810756,2,0,-1,-1,337.000000,337.000000,0.000000,0.000000,0
net12,config20,3,FOUND INTEGER FEASIBLE,0.000000,8.433870,6,0,-1,-1,337.000000,337.000000,0.000000,0.000000,0
net12,config16,1,FOUND INTEGER FEASIBLE,2.353075,2.933099,31,11,1,1,337.000000,337.000000,0.000000,0.000000,0
net12,config16,2,FOUND INTEGER FEASIBLE,2.450662,2.937953,14,11,1,1,337.000000,337.000000,0.000000,0.000000,0
net12,config16,3,FOUND INTEGER FEASIBLE,2.428390,2.883117,9,11,1,1,337.000000,337.000000,0.000000,0.000000,0
net12,config17,1,FOUND INTEGER FEASIBLE,0.170826,0.528934,8,2,1,1,296.000000,296.000000,0.000000,0.000000,0
net12,config17,2,FOUND INTEGER FEASIBLE,0.335968,0.995808,5,2,1,1,316.000000,316.000000,0.000000,0.000000,0
net12,config17,3,FOUND INTEGER FEASIBLE,0.335432,0.995124,6,2,1,1,296.000000,296.000000,0.000000,0.000000,0
net12,config21,1,FOUND INTEGER FEASIBLE,9.557465,9.804714,16,11,1,1,337.000000,337.000000,0.000000,0.000000,0
net12,config21,2,FOUND INTEGER FEASIBLE,10.936447,11.175190,14,11,1,1,337.000000,337.000000,0.000000,0.000000,0
net12,config21,3,FOUND INTEGER FEASIBLE,9.324667,9.545278,25,11,1,1,337.000000,337.000000,0.000000,0.000000,0
net12,config23,1,FOUND INTEGER FEASIBLE,12.454589,12.676552,3,11,1,1,337.000000,337.000000,0.000000,0.000000,0
net12,config23,2,FOUND INTEGER FEASIBLE,9.608542,9.840112,3,11,1,1,337.000000,337.000000,0.000000,0.000000,0
net12,config23,3,FOUND INTEGER FEASIBLE,10.789251,11.014258,2,11,1,1,337.000000,337.000000,0.000000,0.000000,0
net12,config19,1,FOUND INTEGER FEASIBLE,0.000000,15.987478,0,0,-1,-1,337.000000,337.000000,0.000000,0.000000,0
net12,config19,2,FOUND INTEGER FEASIBLE,0.000000,17.036763,0,0,-1,-1,337.000000,337.000000,0.000000,0.000000,0
net12,config19,3,FOUND INTEGER FEASIBLE,0.000000,16.988178,0,0,-1,-1,337.000000,337.000000,0.000000,0.000000,0
net12,config18,1,FOUND INTEGER FEASIBLE,0.000000,87.081207,0,0,-1,-1,255.000000,255.000000,0.000000,0.000000,0
net12,config18,2,FOUND INTEGER FEASIBLE,0.000000,87.167779,0,0,-1,-1,255.000000,255.000000,0.000000,0.000000,0
net12,config18,3,FOUND INTEGER FEASIBLE,0.000000,86.932705,0,0,-1,-1,255.000000,255.000000,0.000000,0.000000,0
netdiversion,config1,1,FOUND INTEGER FEASIBLE,0.000000,54.356945,16,0,-1,-1,523.000000,523.000000,0.000000,0.000000,0
netdiversion,config1,2,FOUND INTEGER FEASIBLE,0.000000,66.450835,10,0,-1,-1,463.000000,463.000000,0.000000,0.000000,0
netdiversion,config1,3,FOUND INTEGER FEASIBLE,0.000000,64.750843,14,0,-1,-1,480.000000,480.000000,0.000000,0.000000,0
netdiversion,config3,1,FOUND INTEGER FEASIBLE,0.000000,513.402158,17,0,-1,-1,9900365.000000,9900365.000000,0.000000,0.000000,0
netdiversion,config3,2,FOUND INTEGER FEASIBLE,0.000000,476.594607,10,0,-1,-1,8900303.000000,8900303.000000,0.000000,0.000000,0
netdiversion,config3,3,FOUND INTEGER FEASIBLE,0.000000,523.568618,13,0,-1,-1,9500359.000000,9500359.000000,0.000000,0.000000,0
netdiversion,config20,1,FOUND INTEGER FEASIBLE,0.000000,213.236290,2,0,-1,-1,9956946.000000,9956946.000000,0.000000,0.000000,0
netdiversion,config20,2,FOUND INTEGER FEASIBLE,0.000000,598.423929,1,0,-1,-1,9956939.000000,9956939.000000,0.000000,0.000000,0
netdiversion,config20,3,FOUND INTEGER FEASIBLE,0.000000,224.146279,6,0,-1,-1,9956939.000000,9956939.000000,0.000000,0.000000,0
netdiversion,config16,1,FOUND INTEGER FEASIBLE,18.617482,48.993454,87,7,2,1,289.000000,289.000000,0.000000,0.000000,0
netdiversion,config16,2,FOUND INTEGER FEASIBLE,19.592535,47.245151,90,7,2,1,308.000000,308.000000,0.000000,0.000000,0
netdiversion,config16,3,FOUND INTEGER FEASIBLE,17.763347,335.693570,105,7,2,1,9903944.000000,9903944.000000,0.000000,0.000000,0
netdiversion,config17,1,FOUND INTEGER FEASIBLE,262.833597,265.757704,87,5,1,0,8900517.000000,8900517.000000,0.000000,0.000000,0
netdiversion,config17,2,FOUND INTEGER FEASIBLE,260.762817,514.664823,105,5,1,0,9700757.000000,9700757.000000,0.000000,0.000000,0
netdiversion,config17,3,FOUND INTEGER FEASIBLE,250.778524,506.452007,106,5,1,0,9300620.000000,9300620.000000,0.000000,0.000000,0
netdiversion,config21,1,FOUND INTEGER FEASIBLE,158.015849,160.236293,2,4,0,0,9900511.000000,9900511.000000,0.000000,0.000000,0
netdiversion,config21,2,FOUND INTEGER FEASIBLE,158.202998,160.255896,1,4,0,0,9900511.000000,9900511.000000,0.000000,0.000000,0
netdiversion,config21,3,FOUND INTEGER FEASIBLE,160.447173,163.451748,6,4,0,0,9900511.000000,9900511.000000,0.000000,0.000000,0
netdiversion,config23,1,FOUND INTEGER FEASIBLE,169.795128,172.187135,0,4,0,0,9900511.000000,9900511.000000,0.000000,0.000000,0
netdiversion,config23,2,FOUND INTEGER FEASIBLE,167.838518,169.178677,0,4,0,0,9900511.000000,9900511.000000,0.000000,0.000000,0
netdiversion,config23,3,FOUND INTEGER FEASIBLE,166.226303,167.557872,0,4,0,0,9900511.000000,9900511.000000,0.000000,0.000000,0
netdiversion,config19,1,FOUND INTEGER FEASIBLE,0.000000,63.236849,0,0,-1,-1,410.000000,410.000000,0.000000,0.000000,0
netdiversion,config19,2,FOUND INTEGER FEASIBLE,0.000000,64.176024,0,0,-1,-1,410.000000,410.000000,0.000000,0.000000,0
netdiversion,config19,3,FOUND INTEGER FEASIBLE,0.000000,64.133904,0,0,-1,-1,410.000000,410.000000,0.000000,0.000000,0
netdiversion,config18,1,FOUND INTEGER FEASIBLE,0.000000,62.523617,0,0,-1,-1,245.000000,245.000000,0.000000,0.000000,0
netdiversion,config18,2,FOUND INTEGER FEASIBLE,0.000000,63.288958,0,0,-1,-1,245.000000,245.000000,0.000000,0.000000,0
netdiversion,config18,3,FOUND INTEGER FEASIBLE,0.000000,63.152739,0,0,-1,-1,245.000000,245.000000,0.000000,0.000000,0
nexp-150-20-8-5,config1,1,FOUND INTEGER FEASIBLE,0.000000,0.354098,1,0,-1,-1,552.000000,552.000000,0.000000,0.000000,0
nexp-150-20-8-5,config1,2,FOUND INTEGER FEASIBLE,0.000000,0.354269,1,0,-1,-1,552.000000,552.000000,0.000000,0.000000,0
nexp-150-20-8-5,config1,3,FOUND INTEGER FEASIBLE,0.000000,0.355991,1,0,-1,-1,552.000000,552.000000,0.000000,0.000000,0
nexp-150-20-8-5,config3,1,FOUND INTEGER FEASIBLE,0.000000,0.329083,1,0,-1,-1,552.000000,552.000000,0.000000,0.000000,0
nexp-150-20-8-5,config3,2,FOUND INTEGER FEASIBLE,0.000000,0.332279,1,0,-1,-1,552.000000,552.000000,0.000000,0.000000,0
nexp-150-20-8-5,config3,3,FOUND INTEGER FEASIBLE,0.000000,0.329802,1,0,-1,-1,552.000000,552.000000,0.000000,0.000000,0
nexp-150-20-8-5,config20,1,FOUND INTEGER FEASIBLE,0.000000,0.268686,1,0,-1,-1,6135.000000,6135.000000,0.000000,0.000000,0
nexp-150-20-8-5,config20,2,FOUND INTEGER FEASIBLE,0.000000,0.168483,1,0,-1,-1,6135.000000,6135.000000,0.000000,0.000000,0
nexp-150-20-8-5,config20,3,FOUND INTEGER FEASIBLE,0.000000,0.262114,1,0,-1,-1,6135.000000,6135.000000,0.000000,0.000000,0
nexp-150-20-8-5,config16,1,FOUND INTEGER FEASIBLE,0.139256,0.281945,2,11,0,0,536.000000,536.000000,0.000000,0.000000,0
nexp-150-20-8-5,config16,2,FOUND INTEGER FEASIBLE,0.141050,0.252150,2,11,0,0,536.000000,536.000000,0.000000,0.000000,0
nexp-150-20-8-5,config16,3,FOUND INTEGER FEASIBLE,0.148059,0.258971,2,11,0,0,536.000000,536.000000,0.000000,0.000000,0
nexp-150-20-8-5,config17,1,FOUND INTEGER FEASIBLE,0.126070,0.256218,2,11,0,0,536.000000,536.000000,0.000000,0.000000,0
nexp-150-20-8-5,config17,2,FOUND INTEGER FEASIBLE,0.168067,0.324853,2,11,0,0,536.000000,536.000000,0.000000,0.000000,0
nexp-150-20-8-5,config17,3,FOUND INTEGER FEASIBLE,0.166290,0.327548,2,11,0,0,536.000000,536.000000,0.000000,0.000000,0
nexp-150-20-8-5,config21,1,FOUND INTEGER FEASIBLE,0.063958,0.347147,1,6,0,0,6145.000000,6145.000000,0.000000,0.000000,0
nexp-150-20-8-5,config21,2,FOUND INTEGER FEASIBLE,0.048234,0.284708,1,6,0,0,6145.000000,6145.000000,0.000000,0.000000,0
nexp-150-20-8-5,config21,3,FOUND INTEGER FEASIBLE,0.064051,0.340346,1,6,0,0,6145.000000,6145.000000,0.000000,0.000000,0
nexp-150-20-8-5,config23,1,FOUND INTEGER FEASIBLE,0.062979,0.398798,1,6,0,0,552.000000,552.000000,0.000000,0.000000,0
nexp-150-20-8-5,config23,2,FOUND INTEGER FEASIBLE,0.063321,0.398041,1,6,0,0,552.000000,552.000000,0.000000,0.000000,0
nexp-150-20-8-5,config23,3,FOUND INTEGER FEASIBLE,0.063444,0.416278,1,6,0,0,552.000000,552.000000,0.000000,0.000000,0
nexp-150-20-8-5,config19,1,FOUND INTEGER FEASIBLE,0.000000,0.103884,0,0,-1,-1,9174.000000,9174.000000,0.000000,0.000000,0
nexp-150-20-8-5,config19,2,FOUND INTEGER FEASIBLE,0.000000,0.089713,0,0,-1,-1,9174.000000,9174.000000,0.000000,0.000000,0
nexp-150-20-8-5,config19,3,FOUND INTEGER FEASIBLE,0.000000,0.176654,0,0,-1,-1,9174.000000,9174.000000,0.000000,0.000000,0
nexp-150-20-8-5,config18,1,FOUND INTEGER FEASIBLE,0.000000,0.188747,0,0,-1,-1,9174.000000,9174.000000,0.000000,0.000000,0
nexp-150-20-8-5,config18,2,FOUND INTEGER FEASIBLE,0.000000,0.105593,0,0,-1,-1,9174.000000,9174.000000,0.000000,0.000000,0
nexp-150-20-8-5,config18,3,FOUND INTEGER FEASIBLE,0.000000,0.173465,0,0,-1,-1,9174.000000,9174.000000,0.000000,0.000000,0
ns1116954,config1,1,FOUND INTEGER FEASIBLE,0.000000,25.945132,84,0,-1,-1,0.000000,0.000000,0.000000,0.000000,0
ns1116954,config1,2,FOUND INTEGER FEASIBLE,0.000000,26.664664,87,0,-1,-1,0.000000,0.000000,0.000000,0.000000,0
ns1116954,config1,3,FOUND INTEGER FEASIBLE,0.000000,21.314088,53,0,-1,-1,0.000000,0.000000,0.000000,0.000000,0
ns1116954,config3,1,FOUND INTEGER FEASIBLE,0.000000,59.808742,241,0,-1,-1,0.000000,0.000000,0.000000,0.000000,0
ns1116954,config3,2,FOUND INTEGER FEASIBLE,0.000000,63.054142,219,0,-1,-1,0.000000,0.000000,0.000000,0.000000,0
ns1116954,config3,3,FOUND INTEGER FEASIBLE,0.000000,21.544672,37,0,-1,-1,0.000000,0.000000,0.000000,0.000000,0
ns1116954,config20,1,FOUND INTEGER FEASIBLE,0.000000,50.937124,211,0,-1,-1,0.000000,0.000000,0.000000,0.000000,0
ns1116954,config20,2,FOUND INTEGER FEASIBLE,0.000000,46.717817,167,0,-1,-1,0.000000,0.000000,0.000000,0.000000,0
ns1116954,config20,3,FOUND INTEGER FEASIBLE,0.000000,75.810774,362,0,-1,-1,0.000000,0.000000,0.000000,0.000000,0
ns1116954,config16,1,FOUND INTEGER FEASIBLE,53.796473,78.693642,126,10,0,0,0.000000,0.000000,0.000000,0.000000,0
ns1116954,config16,2,FOUND INTEGER FEASIBLE,53.715813,108.781107,185,10,1,0,0.000000,0.000000,0.000000,0.000000,0
ns1116954,config16,3,FOUND INTEGER FEASIBLE,57.610232,127.066943,306,10,2,0,0.000000,0.000000,0.000000,0.000000,0
ns1116954,config17,1,FOUND INTEGER FEASIBLE,46.671322,84.003941,246,10,0,0,0.000000,0.000000,0.000000,0.000000,0
ns1116954,config17,2,FOUND INTEGER FEASIBLE,54.824126,113.504981,508,10,4,0,0.000000,0.000000,0.000000,0.000000,0
ns1116954,config17,3,FOUND INTEGER FEASIBLE,48.651152,111.634979,420,10,3,0,0.000000,0.000000,0.000000,0.000000,0
ns1116954,config21,1,FOUND INTEGER FEASIBLE,56.345874,248.509368,1366,10,10,0,0.000000,0.000000,0.000000,0.000000,0
ns1116954,config21,2,FOUND INTEGER FEASIBLE,53.503771,240.606978,1115,10,10,0,0.000000,0.000000,0.000000,0.000000,0
ns1116954,config21,3,FOUND INTEGER FEASIBLE,58.890311,279.930764,1295,10,10,0,0.000000,0.000000,0.000000,0.000000,0
ns1116954,config23,1,FOUND INTEGER FEASIBLE,56.676480,285.694689,1709,10,10,0,0.000000,0.000000,0.000000,0.000000,0
ns1116954,config23,2,FOUND INTEGER FEASIBLE,56.612034,241.200919,1206,10,10,0,0.000000,0.000000,0.000000,0.000000,0
ns1116954,config23,3,FOUND INTEGER FEASIBLE,58.604631,203.873248,932,10,9,0,0.000000,0.000000,0.000000,0.000000,0
ns1116954,config19,1,FOUND INTEGER FEASIBLE,0.000000,160.646190,0,0,-1,-1,0.000000,0.000000,0.000000,0.000000,0
ns1116954,config19,2,FOUND INTEGER FEASIBLE,0.000000,158.935784,0,0,-1,-1,0.000000,0.000000,0.000000,0.000000,0
ns1116954,config19,3,FOUND INTEGER FEASIBLE,0.000000,158.000577,0,0,-1,-1,0.000000,0.000000,0.000000,0.000000,0
ns1116954,config18,1,FOUND INTEGER FEASIBLE,0.000000,202.873455,0,0,-1,-1,0.000000,0.000000,0.000000,0.000000,0
ns1116954,config18,2,FOUND INTEGER FEASIBLE,0.000000,203.857184,0,0,-1,-1,0.000000,0.000000,0.000000,0.000000,0
ns1116954,config18,3,FOUND INTEGER FEASIBLE,0.000000,203.923758,0,0,-1,-1,0.000000,0.000000,0.000000,0.000000,0
ns1208400,config1,1,FOUND INTEGER FEASIBLE,0.000000,265.090656,296,0,-1,-1,2.000000,2.000000,0.000000,0.000000,0
ns1208400,config1,2,FOUND INTEGER FEASIBLE,0.000000,505.503399,570,0,-1,-1,2.000000,2.000000,0.000000,0.000000,0
ns1208400,config1,3,FOUND INTEGER FEASIBLE,0.000000,315.848094,351,0,-1,-1,2.000000,2.000000,0.000000,0.000000,0
ns1208400,config3,1,FOUND INTEGER FEASIBLE,0.000000,1940.342355,2177,0,-1,-1,2.000000,2.000000,0.000000,0.000000,0
ns1208400,config3,2,FOUND INTEGER FEASIBLE,0.000000,53.834712,62,0,-1,-1,2.000000,2.000000,0.000000,0.000000,0
ns1208400,config3,3,FOUND INTEGER FEASIBLE,0.000000,218.578446,250,0,-1,-1,2.000000,2.000000,0.000000,0.000000,0
ns1208400,config20,1,FOUND INTEGER FEASIBLE,0.000000,471.809759,509,0,-1,-1,2.000000,2.000000,0.000000,0.000000,0
ns1208400,config20,2,FOUND INTEGER FEASIBLE,0.000000,216.717085,241,0,-1,-1,2.000000,2.000000,0.000000,0.000000,0
ns1208400,config20,3,FOUND INTEGER FEASIBLE,0.000000,115.489906,131,0,-1,-1,2.000000,2.000000,0.000000,0.000000,0
ns1208400,config16,1,FOUND INTEGER FEASIBLE,1.305329,162.454519,344,10,4,0,2.000000,2.000000,0.000000,0.000000,0
ns1208400,config16,2,FOUND INTEGER FEASIBLE,1.325941,473.777913,986,10,10,0,2.000000,2.000000,0.000000,0.000000,0
ns1208400,config16,3,FOUND INTEGER FEASIBLE,1.313652,238.340974,551,10,5,0,2.000000,2.000000,0.000000,0.000000,0
ns1208400,config17,1,FOUND INTEGER FEASIBLE,2.829945,999.028790,1920,10,10,0,2.000000,2.000000,0.000000,0.000000,0
ns1208400,config17,2,FOUND INTEGER FEASIBLE,3.386898,348.884304,769,10,7,0,2.000000,2.000000,0.000000,0.000000,0
ns1208400,config17,3,FOUND INTEGER FEASIBLE,2.836645,903.842253,1704,10,10,0,2.000000,2.000000,0.000000,0.000000,0
ns1208400,config21,1,FOUND INTEGER FEASIBLE,1.223618,259.394821,555,10,5,0,2.000000,2.000000,0.000000,0.000000,0
ns1208400,config21,2,FOUND INTEGER FEASIBLE,1.781044,98.481205,199,10,1,0,2.000000,2.000000,0.000000,0.000000,0
ns1208400,config21,3,FOUND INTEGER FEASIBLE,1.804393,28.453045,54,10,0,0,2.000000,2.000000,0.000000,0.000000,0
ns1208400,config23,1,FOUND INTEGER FEASIBLE,1.077348,124.109782,241,10,2,0,2.000000,2.000000,0.000000,0.000000,0
ns1208400,config23,2,FOUND INTEGER FEASIBLE,1.780187,30.300070,61,10,0,0,2.000000,2.000000,0.000000,0.000000,0
ns1208400,config23,3,FOUND INTEGER FEASIBLE,1.819672,713.779365,1421,10,10,0,2.000000,2.000000,0.000000,0.000000,0
ns1208400,config19,1,FOUND INTEGER FEASIBLE,0.000000,146.760825,0,0,-1,-1,2.000000,2.000000,0.000000,0.000000,0
ns1208400,config19,2,FOUND INTEGER FEASIBLE,0.000000,147.174198,0,0,-1,-1,2.000000,2.000000,0.000000,0.000000,0
ns1208400,config19,3,FOUND INTEGER FEASIBLE,0.000000,146.744648,0,0,-1,-1,2.000000,2.000000,0.000000,0.000000,0
ns1208400,config18,1,FOUND INTEGER FEASIBLE,0.000000,19.021252,0,0,-1,-1,2.000000,2.000000,0.000000,0.000000,0
ns1208400,config18,2,FOUND INTEGER FEASIBLE,0.000000,19.031047,0,0,-1,-1,2.000000,2.000000,0.000000,0.000000,0
ns1208400,config18,3,FOUND INTEGER FEASIBLE,0.000000,19.048338,0,0,-1,-1,2.000000,2.000000,0.000000,0.000000,0
ns1644855,config1,1,FOUND INTEGER FEASIBLE,0.000000,396.142849,1,0,-1,-1,-1022.000000,-1157.333333,0.000000,0.000000,0
ns1644855,config1,2,FOUND INTEGER FEASIBLE,0.000000,395.613977,1,0,-1,-1,-1062.000000,-1157.333333,0.000000,0.000000,0
ns1644855,config1,3,FOUND INTEGER FEASIBLE,0.000000,406.219748,1,0,-1,-1,-810.000000,-871.000000,0.000000,0.000000,0
ns1644855,config3,1,FOUND INTEGER FEASIBLE,0.000000,18.782546,1,0,-1,-1,-40.000000,-1006.000000,0.000000,0.000000,0
ns1644855,config3,2,FOUND INTEGER FEASIBLE,0.000000,18.246841,1,0,-1,-1,-40.000000,-1012.000000,0.000000,0.000000,0
ns1644855,config3,3,FOUND INTEGER FEASIBLE,0.000000,18.469353,1,0,-1,-1,-20.000000,-994.000000,0.000000,0.000000,0
ns1644855,config20,1,FOUND INTEGER FEASIBLE,0.000000,52.017326,2,0,-1,-1,-120.000000,-472.000000,0.000000,0.000000,0
ns1644855,config20,2,FOUND INTEGER FEASIBLE,0.000000,51.951357,2,0,-1,-1,-120.000000,-472.000000,0.000000,0.000000,0
ns1644855,config20,3,FOUND INTEGER FEASIBLE,0.000000,55.048510,1,0,-1,-1,-180.000000,-468.000000,0.000000,0.000000,0
ns1644855,config16,1,FOUND INTEGER FEASIBLE,617.851669,872.385012,3,11,1,0,0.000000,-742.000000,0.000000,0.000000,0
ns1644855,config16,2,FOUND INTEGER FEASIBLE,622.247420,875.381848,3,11,1,0,0.000000,-752.000000,0.000000,0.000000,0
ns1644855,config16,3,FOUND INTEGER FEASIBLE,622.253399,828.188070,2,11,0,0,-681.000000,-716.000000,0.000000,0.000000,0
ns1644855,config17,1,FOUND INTEGER FEASIBLE,42.640031,126.133578,1,10,0,0,-440.000000,-821.000000,0.000000,0.000000,0
ns1644855,config17,2,FOUND INTEGER FEASIBLE,39.760976,125.884374,1,10,0,0,-440.000000,-821.000000,0.000000,0.000000,0
ns1644855,config17,3,FOUND INTEGER FEASIBLE,43.086276,137.953777,1,10,0,0,-360.000000,-821.000000,0.000000,0.000000,0
ns1644855,config21,1,FOUND INTEGER FEASIBLE,155.365224,357.213788,2,10,0,0,-710.000000,-710.000000,0.000000,0.000000,0
ns1644855,config21,2,FOUND INTEGER FEASIBLE,150.529509,351.990120,2,10,0,0,-710.000000,-710.000000,0.000000,0.000000,0
ns1644855,config21,3,FOUND INTEGER FEASIBLE,147.476424,349.973350,2,10,0,0,-704.000000,-704.000000,0.000000,0.000000,0
ns1644855,config23,1,FOUND INTEGER FEASIBLE,147.225262,339.766829,1,10,0,0,-779.000000,-779.000000,0.000000,0.000000,0
ns1644855,config23,2,FOUND INTEGER FEASIBLE,154.011662,341.715655,1,10,0,0,-779.000000,-779.000000,0.000000,0.000000,0
ns1644855,config23,3,FOUND INTEGER FEASIBLE,152.434862,346.505550,1,10,0,0,-779.000000,-779.000000,0.000000,0.000000,0
ns1644855,config19,1,FOUND INTEGER FEASIBLE,0.000000,2.735467,0,0,-1,-1,0.000000,-1419.666667,0.000000,0.000000,0
ns1644855,config19,2,FOUND INTEGER FEASIBLE,0.000000,2.314170,0,0,-1,-1,0.000000,-1419.666667,0.000000,0.000000,0
ns1644855,config19,3,FOUND INTEGER FEASIBLE,0.000000,2.664553,0,0,-1,-1,0.000000,-1419.666667,0.000000,0.000000,0
ns1644855,config18,1,FOUND INTEGER FEASIBLE,0.000000,1.846274,0,0,-1,-1,0.000000,-1419.666667,0.000000,0.000000,0
ns1644855,config18,2,FOUND INTEGER FEASIBLE,0.000000,2.623957,0,0,-1,-1,0.000000,-1419.666667,0.000000,0.000000,0
ns1644855,config18,3,FOUND INTEGER FEASIBLE,0.000000,2.634607,0,0,-1,-1,0.000000,-1419.666667,0.000000,0.000000,0
ns1760995,config1,1,FOUND INTEGER FEASIBLE,0.000000,348.919874,13,0,-1,-1,-109.129747,-109.129747,0.000000,0.000000,0
ns1760995,config1,2,FOUND INTEGER FEASIBLE,0.000000,318.775185,12,0,-1,-1,-109.129747,-109.129747,0.000000,0.000000,0
ns1760995,config1,3,FOUND INTEGER FEASIBLE,0.000000,300.548062,5,0,-1,-1,-105.746642,-105.746642,0.000000,0.000000,0
ns1760995,config3,1,FOUND INTEGER FEASIBLE,0.000000,117.259304,1,0,-1,-1,0.000000,-91.361724,0.000000,0.000000,0
ns1760995,config3,2,FOUND INTEGER FEASIBLE,0.000000,118.552120,1,0,-1,-1,0.000000,-91.361724,0.000000,0.000000,0
ns1760995,config3,3,FOUND INTEGER FEASIBLE,0.000000,117.308793,1,0,-1,-1,0.000000,-91.361724,0.000000,0.000000,0
ns1760995,config20,1,FOUND INTEGER FEASIBLE,0.000000,76.509016,21,0,-1,-1,0.000000,-85.996536,0.000000,0.000000,0
ns1760995,config20,2,FOUND INTEGER FEASIBLE,0.000000,103.957568,33,0,-1,-1,0.000000,-85.996536,0.000000,0.000000,0
ns1760995,config20,3,FOUND INTEGER FEASIBLE,0.000000,61.332639,13,0,-1,-1,0.000000,-85.996536,0.000000,0.000000,0
ns1760995,config16,1,FOUND INTEGER FEASIBLE,260.927831,277.225057,2,11,0,0,-106.361773,-106.361773,0.000009,0.000000,0
ns1760995,config16,2,FOUND INTEGER FEASIBLE,250.880828,264.757932,3,11,0,0,-97.026172,-97.026172,0.000002,0.000000,0
ns1760995,config16,3,FOUND INTEGER FEASIBLE,250.344510,266.581981,2,11,0,0,-64.407823,-64.407823,0.000003,0.000000,0
ns1760995,config17,1,FOUND INTEGER FEASIBLE,51.186511,66.158439,1,9,0,0,0.000000,-150.828197,0.000000,0.000000,0
ns1760995,config17,2,FOUND INTEGER FEASIBLE,47.418674,61.464086,1,9,0,0,0.000000,-150.828197,0.000000,0.000000,0
ns1760995,config17,3,FOUND INTEGER FEASIBLE,50.453526,66.146837,1,9,0,0,0.000000,-150.828197,0.000000,0.000000,0
ns1760995,config21,1,FOUND INTEGER FEASIBLE,32.609336,45.894553,2,9,0,0,0.000000,-88.339426,0.000000,0.000000,0
ns1760995,config21,2,FOUND INTEGER FEASIBLE,32.909572,47.649369,2,9,0,0,0.000000,-88.339426,0.000000,0.000000,0
ns1760995,config21,3,FOUND INTEGER FEASIBLE,32.882025,47.668593,1,9,0,0,0.000000,-146.744759,0.000000,0.000000,0
ns1760995,config23,1,FOUND INTEGER FEASIBLE,34.047930,50.117295,14,9,0,0,0.000000,-150.042222,0.000000,0.000000,0
ns1760995,config23,2,FOUND INTEGER FEASIBLE,34.056072,50.626192,10,9,0,0,0.000000,-128.060112,0.000000,0.000000,0
ns1760995,config23,3,FOUND INTEGER FEASIBLE,33.355266,46.361007,2,9,0,0,0.000000,-136.291907,0.000000,0.000000,0
ns1760995,config19,1,FOUND INTEGER FEASIBLE,0.000000,21.839626,0,0,-1,-1,0.000000,-95.237381,0.000000,0.000000,0
ns1760995,config19,2,FOUND INTEGER FEASIBLE,0.000000,20.178040,0,0,-1,-1,0.000000,-95.237381,0.000000,0.000000,0
ns1760995,config19,3,FOUND INTEGER FEASIBLE,0.000000,22.343810,0,0,-1,-1,0.000000,-95.237381,0.000000,0.000000,0
ns1760995,config18,1,FOUND INTEGER FEASIBLE,0.000000,21.279190,0,0,-1,-1,0.000000,-95.237381,0.000000,0.000000,0
ns1760995,config18,2,FOUND INTEGER FEASIBLE,0.000000,21.279907,0,0,-1,-1,0.000000,-95.237381,0.000000,0.000000,0
ns1760995,config18,3,FOUND INTEGER FEASIBLE,0.000000,21.232425,0,0,-1,-1,0.000000,-95.237381,0.000000,0.000000,0
ns1830653,config1,1,FOUND INTEGER FEASIBLE,0.000000,13.393176,823,0,-1,-1,43808.000000,33808.000000,0.000000,0.000000,0
ns1830653,config1,2,FOUND INTEGER FEASIBLE,0.000000,26.104022,1061,0,-1,-1,61622.000000,47622.000000,0.000000,0.000000,0
ns1830653,config1,3,FOUND INTEGER FEASIBLE,0.000000,18.712242,863,0,-1,-1,53622.000000,35622.000000,0.000000,0.000000,0
ns1830653,config3,1,FOUND INTEGER FEASIBLE,0.000000,12.087308,497,0,-1,-1,76808.000000,44808.000000,0.000000,0.000000,0
ns1830653,config3,2,FOUND INTEGER FEASIBLE,0.000000,10.968380,487,0,-1,-1,79622.000000,39622.000000,0.000000,0.000000,0
ns1830653,config3,3,FOUND INTEGER FEASIBLE,0.000000,7.636060,400,0,-1,-1,86808.000000,40808.000000,0.000000,0.000000,0
ns1830653,config20,1,FOUND INTEGER FEASIBLE,0.000000,4.342468,190,0,-1,-1,79622.000000,42622.000000,0.000000,0.000000,0
ns1830653,config20,2,FOUND INTEGER FEASIBLE,0.000000,10.875254,303,0,-1,-1,75622.000000,43622.000000,0.000000,0.000000,0
ns1830653,config20,3,FOUND INTEGER FEASIBLE,0.000000,9.886631,391,0,-1,-1,66808.000000,40808.000000,0.000000,0.000000,0
ns1830653,config16,1,FOUND INTEGER FEASIBLE,0.503500,29.783505,1543,11,11,1,72622.000000,32622.000000,0.000000,0.000000,0
ns1830653,config16,2,FOUND INTEGER FEASIBLE,0.252558,24.553822,1425,11,11,1,73808.000000,35808.000000,0.000000,0.000000,0
ns1830653,config16,3,FOUND INTEGER FEASIBLE,0.498127,31.472715,1819,11,11,1,80622.000000,47622.000000,0.000000,0.000000,0
ns1830653,config17,1,FOUND INTEGER FEASIBLE,0.497417,11.800949,1163,10,10,0,72622.000000,38622.000000,0.000000,0.000000,0
ns1830653,config17,2,FOUND INTEGER FEASIBLE,0.251587,10.422118,1164,10,10,0,73808.000000,38808.000000,0.000000,0.000000,0
ns1830653,config17,3,FOUND INTEGER FEASIBLE,0.494625,11.241087,1031,10,10,0,82622.000000,35622.000000,0.000000,0.000000,0
ns1830653,config21,1,FOUND INTEGER FEASIBLE,0.115770,3.940360,164,3,2,1,102622.000000,41622.000000,0.000000,0.000000,0
ns1830653,config21,2,FOUND INTEGER FEASIBLE,0.114623,11.096969,570,3,3,1,77622.000000,40622.000000,0.000000,0.000000,0
ns1830653,config21,3,FOUND INTEGER FEASIBLE,0.114930,7.566771,554,3,3,1,70622.000000,36622.000000,0.000000,0.000000,0
ns1830653,config23,1,FOUND INTEGER FEASIBLE,0.078161,6.530854,365,3,3,1,76622.000000,36622.000000,0.000000,0.000000,0
ns1830653,config23,2,FOUND INTEGER FEASIBLE,0.115693,23.150993,1556,3,3,1,77622.000000,43622.000000,0.000000,0.000000,0
ns1830653,config23,3,FOUND INTEGER FEASIBLE,0.114963,3.602467,177,3,2,1,124622.000000,43622.000000,0.000000,0.000000,0
ns1830653,config19,1,FOUND INTEGER FEASIBLE,0.000000,8.126291,0,0,-1,-1,36622.000000,36622.000000,0.000000,0.000000,0
ns1830653,config19,2,FOUND INTEGER FEASIBLE,0.000000,8.095797,0,0,-1,-1,36622.000000,36622.000000,0.000000,0.000000,0
ns1830653,config19,3,FOUND INTEGER FEASIBLE,0.000000,9.139105,0,0,-1,-1,36622.000000,36622.000000,0.000000,0.000000,0
ns1830653,config18,1,FOUND INTEGER FEASIBLE,0.000000,6.036284,0,0,-1,-1,32622.000000,32622.000000,0.000000,0.000000,0
ns1830653,config18,2,FOUND INTEGER FEASIBLE,0.000000,4.995373,0,0,-1,-1,32622.000000,32622.000000,0.000000,0.000000,0
ns1830653,config18,3,FOUND INTEGER FEASIBLE,0.000000,6.033232,0,0,-1,-1,32622.000000,32622.000000,0.000000,0.000000,0
ns1952667,config1,1,FAILED TO FIND AN INTEGER FEASIBLE SOLUTION,0.000000,3600,1589,0,-1,-1,0.000000,0.000000,3.016155,3.068635,40
ns1952667,config1,2,FAILED TO FIND AN INTEGER FEASIBLE SOLUTION,0.000000,3600,1657,0,-1,-1,0.000000,0.000000,3.433160,3.433160,40
ns1952667,config1,3,FAILED TO FIND AN INTEGER FEASIBLE SOLUTION,0.000000,3600,1576,0,-1,-1,0.000000,0.000000,3.664634,3.664634,40
ns1952667,config3,1,FAILED TO FIND AN INTEGER FEASIBLE SOLUTION,0.000000,3600,1587,0,-1,-1,0.000000,0.000000,3.016155,3.068635,40
ns1952667,config3,2,FAILED TO FIND AN INTEGER FEASIBLE SOLUTION,0.000000,3600,1662,0,-1,-1,0.000000,0.000000,3.433160,3.433160,40
ns1952667,config3,3,FAILED TO FIND AN INTEGER FEASIBLE SOLUTION,0.000000,3600,1581,0,-1,-1,0.000000,0.000000,3.664634,3.664634,40
ns1952667,config20,1,FAILED TO FIND AN INTEGER FEASIBLE SOLUTION,0.000000,3600,347,0,-1,-1,0.000000,0.000000,3.909620,3.909620,39
ns1952667,config20,2,FAILED TO FIND AN INTEGER FEASIBLE SOLUTION,0.000000,3600,478,0,-1,-1,0.000000,0.000000,3.942421,3.942421,40
ns1952667,config20,3,FAILED TO FIND AN INTEGER FEASIBLE SOLUTION,0.000000,3600,450,0,-1,-1,0.000000,0.000000,3.819591,3.819591,39
ns1952667,config16,1,FAILED TO FIND AN INTEGER FEASIBLE SOLUTION,0.000004,3164.046736,2000,0,0,0,0.000000,0.000000,3.016155,3.068635,40
ns1952667,config16,2,FAILED TO FIND AN INTEGER FEASIBLE SOLUTION,0.000004,3083.228609,2000,0,0,0,0.000000,0.000000,3.433160,3.433160,40
ns1952667,config16,3,FAILED TO FIND AN INTEGER FEASIBLE SOLUTION,0.000003,3217.712257,2000,0,0,0,0.000000,0.000000,3.664634,3.664634,40
ns1952667,config17,1,FAILED TO FIND AN INTEGER FEASIBLE SOLUTION,0.000002,3126.798045,2000,0,0,0,0.000000,0.000000,3.016155,3.068635,40
ns1952667,config17,2,FAILED TO FIND AN INTEGER FEASIBLE SOLUTION,0.000004,3100.999495,2000,0,0,0,0.000000,0.000000,3.433160,3.433160,40
ns1952667,config17,3,FAILED TO FIND AN INTEGER FEASIBLE SOLUTION,0.000003,3262.400341,2000,0,0,0,0.000000,0.000000,3.664634,3.664634,40
ns1952667,config21,1,FAILED TO FIND AN INTEGER FEASIBLE SOLUTION,0.000004,3232.806266,2000,0,0,0,0.000000,0.000000,3.016155,3.068635,40
ns1952667,config21,2,FAILED TO FIND AN INTEGER FEASIBLE SOLUTION,0.000003,3142.080870,2000,0,0,0,0.000000,0.000000,3.433160,3.433160,40
ns1952667,config21,3,FAILED TO FIND AN INTEGER FEASIBLE SOLUTION,0.000004,3222.870822,2000,0,0,0,0.000000,0.000000,3.664634,3.664634,40
ns1952667,config23,1,FAILED TO FIND AN INTEGER FEASIBLE SOLUTION,0.000010,3600,1960,0,0,0,0.000000,0.000000,3.016155,3.068635,40
ns1952667,config23,2,FAILED TO FIND AN INTEGER FEASIBLE SOLUTION,0.000013,3089.270482,2000,0,0,0,0.000000,0.000000,3.433160,3.433160,40
ns1952667,config23,3,FAILED TO FIND AN INTEGER FEASIBLE SOLUTION,0.000013,3140.621549,2000,0,0,0,0.000000,0.000000,3.664634,3.664634,40
ns1952667,config19,1,FAILED TO FIND AN INTEGER FEASIBLE SOLUTION,0.000000,3600,0,0,-1,-1,0.000000,0.000000,inf,inf,0
ns1952667,config19,2,FAILED TO FIND AN INTEGER FEASIBLE SOLUTION,0.000000,3600,0,0,-1,-1,0.000000,0.000000,inf,inf,0
ns1952667,config19,3,FAILED TO FIND AN INTEGER FEASIBLE SOLUTION,0.000000,3600,0,0,-1,-1,0.000000,0.000000,inf,inf,0
ns1952667,config18,1,FAILED TO FIND AN INTEGER FEASIBLE SOLUTION,0.000000,3600,0,0,-1,-1,0.000000,0.000000,inf,inf,0
ns1952667,config18,2,FAILED TO FIND AN INTEGER FEASIBLE SOLUTION,0.000000,3600,0,0,-1,-1,0.000000,0.000000,inf,inf,0
ns1952667,config18,3,FAILED TO FIND AN INTEGER FEASIBLE SOLUTION,0.000000,3600,0,0,-1,-1,0.000000,0.000000,inf,inf,0
nu25-pr12,config1,1,FOUND INTEGER FEASIBLE,0.000000,0.131135,2,0,-1,-1,55375.000000,55375.000000,0.000000,0.000000,0
nu25-pr12,config1,2,FOUND INTEGER FEASIBLE,0.000000,0.068281,2,0,-1,-1,55375.000000,55375.000000,0.000000,0.000000,0
nu25-pr12,config1,3,FOUND INTEGER FEASIBLE,0.000000,0.122275,2,0,-1,-1,55375.000000,55375.000000,0.000000,0.000000,0
nu25-pr12,config3,1,FOUND INTEGER FEASIBLE,0.000000,0.050670,0,0,-1,-1,385110.000000,385110.000000,0.000000,0.000000,0
nu25-pr12,config3,2,FOUND INTEGER FEASIBLE,0.000000,0.075017,0,0,-1,-1,385110.000000,385110.000000,0.000000,0.000000,0
nu25-pr12,config3,3,FOUND INTEGER FEASIBLE,0.000000,0.054028,0,0,-1,-1,385110.000000,385110.000000,0.000000,0.000000,0
nu25-pr12,config20,1,FOUND INTEGER FEASIBLE,0.000000,0.135098,0,0,-1,-1,447790.000000,447790.000000,0.000000,0.000000,0
nu25-pr12,config20,2,FOUND INTEGER FEASIBLE,0.000000,0.076782,0,0,-1,-1,447790.000000,447790.000000,0.000000,0.000000,0
nu25-pr12,config20,3,FOUND INTEGER FEASIBLE,0.000000,0.132782,0,0,-1,-1,447790.000000,447790.000000,0.000000,0.000000,0
nu25-pr12,config16,1,FOUND INTEGER FEASIBLE,0.045917,0.130684,1,6,0,0,55375.000000,55375.000000,0.000000,0.000000,0
nu25-pr12,config16,2,FOUND INTEGER FEASIBLE,0.027505,0.065387,1,6,0,0,55375.000000,55375.000000,0.000000,0.000000,0
nu25-pr12,config16,3,FOUND INTEGER FEASIBLE,0.043882,0.102586,1,6,0,0,55625.000000,55625.000000,0.000000,0.000000,0
nu25-pr12,config17,1,FOUND INTEGER FEASIBLE,0.015172,0.083596,0,2,1,1,66910.000000,66910.000000,0.000000,0.000000,0
nu25-pr12,config17,2,FOUND INTEGER FEASIBLE,0.014343,0.071719,0,2,1,1,66910.000000,66910.000000,0.000000,0.000000,0
nu25-pr12,config17,3,FOUND INTEGER FEASIBLE,0.013598,0.070152,0,2,1,1,66910.000000,66910.000000,0.000000,0.000000,0
nu25-pr12,config21,1,FOUND INTEGER FEASIBLE,0.014767,0.108151,0,2,2,2,447790.000000,447790.000000,0.000000,0.000000,0
nu25-pr12,config21,2,FOUND INTEGER FEASIBLE,0.014592,0.101033,0,2,2,2,447790.000000,447790.000000,0.000000,0.000000,0
nu25-pr12,config21,3,FOUND INTEGER FEASIBLE,0.014548,0.116649,0,2,2,2,447790.000000,447790.000000,0.000000,0.000000,0
nu25-pr12,config23,1,FOUND INTEGER FEASIBLE,0.014684,0.099303,0,2,2,2,385110.000000,385110.000000,0.000000,0.000000,0
nu25-pr12,config23,2,FOUND INTEGER FEASIBLE,0.014581,0.099664,0,2,2,2,385110.000000,385110.000000,0.000000,0.000000,0
nu25-pr12,config23,3,FOUND INTEGER FEASIBLE,0.011179,0.091770,0,2,2,2,385110.000000,385110.000000,0.000000,0.000000,0
nu25-pr12,config19,1,FOUND INTEGER FEASIBLE,0.000000,0.103082,0,0,-1,-1,406170.000000,406170.000000,0.000000,0.000000,0
nu25-pr12,config19,2,FOUND INTEGER FEASIBLE,0.000000,0.055020,0,0,-1,-1,406170.000000,406170.000000,0.000000,0.000000,0
nu25-pr12,config19,3,FOUND INTEGER FEASIBLE,0.000000,0.096975,0,0,-1,-1,406170.000000,406170.000000,0.000000,0.000000,0
nu25-pr12,config18,1,FOUND INTEGER FEASIBLE,0.000000,0.107136,0,0,-1,-1,406170.000000,406170.000000,0.000000,0.000000,0
nu25-pr12,config18,2,FOUND INTEGER FEASIBLE,0.000000,0.056427,0,0,-1,-1,406170.000000,406170.000000,0.000000,0.000000,0
nu25-pr12,config18,3,FOUND INTEGER FEASIBLE,0.000000,0.100075,0,0,-1,-1,406170.000000,406170.000000,0.000000,0.000000,0
nursesched-medium-hint03,config1,1,FOUND INTEGER FEASIBLE,0.000000,12.090090,6,0,-1,-1,1896.000000,1896.000000,0.000000,0.000000,0
nursesched-medium-hint03,config1,2,FOUND INTEGER FEASIBLE,0.000000,102.133986,8,0,-1,-1,3429.000000,3429.000000,0.000000,0.000000,0
nursesched-medium-hint03,config1,3,FOUND INTEGER FEASIBLE,0.000000,12.006647,8,0,-1,-1,1725.000000,1725.000000,0.000000,0.000000,0
nursesched-medium-hint03,config3,1,FOUND INTEGER FEASIBLE,0.000000,169.035934,3,0,-1,-1,5463.000000,5463.000000,0.000000,0.000000,0
nursesched-medium-hint03,config3,2,FOUND INTEGER FEASIBLE,0.000000,174.304876,3,0,-1,-1,5466.000000,5466.000000,0.000000,0.000000,0
nursesched-medium-hint03,config3,3,FOUND INTEGER FEASIBLE,0.000000,233.492272,5,0,-1,-1,6771.000000,6771.000000,0.000000,0.000000,0
nursesched-medium-hint03,config20,1,FOUND INTEGER FEASIBLE,0.000000,7.492177,5,0,-1,-1,66016.000000,66016.000000,0.000000,0.000000,0
nursesched-medium-hint03,config20,2,FOUND INTEGER FEASIBLE,0.000000,7.998411,4,0,-1,-1,65974.000000,65974.000000,0.000000,0.000000,0
nursesched-medium-hint03,config20,3,FOUND INTEGER FEASIBLE,0.000000,15.589853,8,0,-1,-1,66273.000000,66273.000000,0.000000,0.000000,0
nursesched-medium-hint03,config16,1,FOUND INTEGER FEASIBLE,3.517366,13.738903,8,12,2,2,1451.000000,1451.000000,0.000000,0.000000,0
nursesched-medium-hint03,config16,2,FOUND INTEGER FEASIBLE,3.244933,232.948412,7,12,2,2,1058.000000,1058.000000,0.000000,0.000000,0
nursesched-medium-hint03,config16,3,FOUND INTEGER FEASIBLE,3.863530,219.137430,7,12,2,2,1091.000000,1091.000000,0.000000,0.000000,0
nursesched-medium-hint03,config17,1,FOUND INTEGER FEASIBLE,6.453051,91.372743,5,11,1,1,6165.000000,6165.000000,0.000000,0.000000,0
nursesched-medium-hint03,config17,2,FOUND INTEGER FEASIBLE,6.721409,312.727954,53,11,2,1,8246.000000,8246.000000,0.000000,0.000000,0
nursesched-medium-hint03,config17,3,FOUND INTEGER FEASIBLE,7.448070,117.653142,7,11,1,1,5874.000000,5874.000000,0.000000,0.000000,0
nursesched-medium-hint03,config21,1,FOUND INTEGER FEASIBLE,15.480707,67.771698,37,12,1,1,10723.000000,10723.000000,0.000000,0.000000,0
nursesched-medium-hint03,config21,2,FOUND INTEGER FEASIBLE,14.032212,170.104364,35,12,1,1,10428.000000,10428.000000,0.000000,0.000000,0
nursesched-medium-hint03,config21,3,FOUND INTEGER FEASIBLE,16.057871,294.843184,41,12,2,1,11055.000000,11055.000000,0.000000,0.000000,0
nursesched-medium-hint03,config23,1,FOUND INTEGER FEASIBLE,14.925172,284.590256,34,12,1,1,6304.000000,6304.000000,0.000000,0.000000,0
nursesched-medium-hint03,config23,2,FOUND INTEGER FEASIBLE,15.715062,293.231561,27,12,1,1,5635.000000,5635.000000,0.000000,0.000000,0
nursesched-medium-hint03,config23,3,FOUND INTEGER FEASIBLE,15.023376,293.430033,32,12,2,1,5493.000000,5493.000000,0.000000,0.000000,0
nursesched-medium-hint03,config19,1,FOUND INTEGER FEASIBLE,0.000000,165.038681,0,0,-1,-1,1326.000000,1326.000000,0.000000,0.000000,0
nursesched-medium-hint03,config19,2,FOUND INTEGER FEASIBLE,0.000000,164.524445,0,0,-1,-1,1326.000000,1326.000000,0.000000,0.000000,0
nursesched-medium-hint03,config19,3,FOUND INTEGER FEASIBLE,0.000000,167.295155,0,0,-1,-1,1326.000000,1326.000000,0.000000,0.000000,0
nursesched-medium-hint03,config18,1,FOUND INTEGER FEASIBLE,0.000000,257.442206,0,0,-1,-1,513.000000,513.000000,0.000000,0.000000,0
nursesched-medium-hint03,config18,2,FOUND INTEGER FEASIBLE,0.000000,256.931439,0,0,-1,-1,513.000000,513.000000,0.000000,0.000000,0
nursesched-medium-hint03,config18,3,FOUND INTEGER FEASIBLE,0.000000,257.455593,0,0,-1,-1,513.000000,513.000000,0.000000,0.000000,0
nursesched-sprint02,config1,1,FOUND INTEGER FEASIBLE,0.000000,1.562246,4,0,-1,-1,102.000000,102.000000,0.000000,0.000000,0
nursesched-sprint02,config1,2,FOUND INTEGER FEASIBLE,0.000000,1.444456,5,0,-1,-1,102.000000,102.000000,0.000000,0.000000,0
nursesched-sprint02,config1,3,FOUND INTEGER FEASIBLE,0.000000,1.579887,7,0,-1,-1,99.000000,99.000000,0.000000,0.000000,0
nursesched-sprint02,config3,1,FOUND INTEGER FEASIBLE,0.000000,1.535799,3,0,-1,-1,473.000000,473.000000,0.000000,0.000000,0
nursesched-sprint02,config3,2,FOUND INTEGER FEASIBLE,0.000000,1.546501,3,0,-1,-1,470.000000,470.000000,0.000000,0.000000,0
nursesched-sprint02,config3,3,FOUND INTEGER FEASIBLE,0.000000,1.474082,7,0,-1,-1,469.000000,469.000000,0.000000,0.000000,0
nursesched-sprint02,config20,1,FOUND INTEGER FEASIBLE,0.000000,2.265366,4,0,-1,-1,1238.000000,1238.000000,0.000000,0.000000,0
nursesched-sprint02,config20,2,FOUND INTEGER FEASIBLE,0.000000,2.109170,4,0,-1,-1,1242.000000,1242.000000,0.000000,0.000000,0
nursesched-sprint02,config20,3,FOUND INTEGER FEASIBLE,0.000000,2.829330,8,0,-1,-1,1243.000000,1243.000000,0.000000,0.000000,0
nursesched-sprint02,config16,1,FOUND INTEGER FEASIBLE,0.354582,0.863554,0,10,1,1,60.000000,60.000000,0.000000,0.000000,0
nursesched-sprint02,config16,2,FOUND INTEGER FEASIBLE,0.354898,0.849930,0,10,1,1,60.000000,60.000000,0.000000,0.000000,0
nursesched-sprint02,config16,3,FOUND INTEGER FEASIBLE,0.351438,0.817508,0,10,1,1,60.000000,60.000000,0.000000,0.000000,0
nursesched-sprint02,config17,1,FOUND INTEGER FEASIBLE,0.824451,1.270732,1,11,0,0,434.000000,434.000000,0.000000,0.000000,0
nursesched-sprint02,config17,2,FOUND INTEGER FEASIBLE,0.467545,0.754114,2,11,0,0,452.000000,452.000000,0.000000,0.000000,0
nursesched-sprint02,config17,3,FOUND INTEGER FEASIBLE,0.457430,0.703625,1,11,0,0,434.000000,434.000000,0.000000,0.000000,0
nursesched-sprint02,config21,1,FOUND INTEGER FEASIBLE,2.297128,5.385140,35,12,1,1,430.000000,430.000000,0.000000,0.000000,0
nursesched-sprint02,config21,2,FOUND INTEGER FEASIBLE,1.895150,4.539926,20,12,1,1,441.000000,441.000000,0.000000,0.000000,0
nursesched-sprint02,config21,3,FOUND INTEGER FEASIBLE,2.008537,3.949293,26,12,1,1,443.000000,443.000000,0.000000,0.000000,0
nursesched-sprint02,config23,1,FOUND INTEGER FEASIBLE,1.718599,2.975975,1,12,1,1,428.000000,428.000000,0.000000,0.000000,0
nursesched-sprint02,config23,2,FOUND INTEGER FEASIBLE,1.166763,2.222837,1,12,1,1,428.000000,428.000000,0.000000,0.000000,0
nursesched-sprint02,config23,3,FOUND INTEGER FEASIBLE,2.027283,3.508950,1,12,1,1,438.000000,438.000000,0.000000,0.000000,0
nursesched-sprint02,config19,1,FOUND INTEGER FEASIBLE,0.000000,4.976255,0,0,-1,-1,61.000000,61.000000,0.000000,0.000000,0
nursesched-sprint02,config19,2,FOUND INTEGER FEASIBLE,0.000000,5.038159,0,0,-1,-1,61.000000,61.000000,0.000000,0.000000,0
nursesched-sprint02,config19,3,FOUND INTEGER FEASIBLE,0.000000,5.023956,0,0,-1,-1,61.000000,61.000000,0.000000,0.000000,0
nursesched-sprint02,config18,1,FOUND INTEGER FEASIBLE,0.000000,6.678481,0,0,-1,-1,63.000000,63.000000,0.000000,0.000000,0
nursesched-sprint02,config18,2,FOUND INTEGER FEASIBLE,0.000000,6.759869,0,0,-1,-1,63.000000,63.000000,0.000000,0.000000,0
nursesched-sprint02,config18,3,FOUND INTEGER FEASIBLE,0.000000,6.755824,0,0,-1,-1,63.000000,63.000000,0.000000,0.000000,0
nw04,config1,1,FOUND INTEGER FEASIBLE,0.000000,1.325482,2,0,-1,-1,19124.000000,19124.000000,0.000000,0.000000,0
nw04,config1,2,FOUND INTEGER FEASIBLE,0.000000,1.557007,7,0,-1,-1,18208.000000,18208.000000,0.000000,0.000000,0
nw04,config1,3,FOUND INTEGER FEASIBLE,0.000000,1.330928,2,0,-1,-1,19124.000000,19124.000000,0.000000,0.000000,0
nw04,config3,1,FOUND INTEGER FEASIBLE,0.000000,1.348339,5,0,-1,-1,41020.000000,41020.000000,0.000000,0.000000,0
nw04,config3,2,FOUND INTEGER FEASIBLE,0.000000,1.439587,7,0,-1,-1,39586.000000,39586.000000,0.000000,0.000000,0
nw04,config3,3,FOUND INTEGER FEASIBLE,0.000000,1.193004,2,0,-1,-1,20204.000000,20204.000000,0.000000,0.000000,0
nw04,config20,1,FOUND INTEGER FEASIBLE,0.000000,1.091716,0,0,-1,-1,141930.000000,141930.000000,0.000000,0.000000,0
nw04,config20,2,FOUND INTEGER FEASIBLE,0.000000,1.033769,0,0,-1,-1,141930.000000,141930.000000,0.000000,0.000000,0
nw04,config20,3,FOUND INTEGER FEASIBLE,0.000000,1.040815,0,0,-1,-1,141930.000000,141930.000000,0.000000,0.000000,0
nw04,config16,1,FOUND INTEGER FEASIBLE,0.304051,1.668462,2,2,2,2,19124.000000,19124.000000,0.000000,0.000000,0
nw04,config16,2,FOUND INTEGER FEASIBLE,0.303068,1.853253,7,2,2,2,18208.000000,18208.000000,0.000000,0.000000,0
nw04,config16,3,FOUND INTEGER FEASIBLE,0.164386,0.963459,2,2,2,2,19124.000000,19124.000000,0.000000,0.000000,0
nw04,config17,1,FOUND INTEGER FEASIBLE,0.225837,1.651455,84,8,1,0,40840.000000,40840.000000,0.000000,0.000000,0
nw04,config17,2,FOUND INTEGER FEASIBLE,0.134793,1.025128,84,8,1,0,21078.000000,21078.000000,0.000000,0.000000,0
nw04,config17,3,FOUND INTEGER FEASIBLE,0.225790,1.693708,85,8,1,0,40002.000000,40002.000000,0.000000,0.000000,0
nw04,config21,1,FOUND INTEGER FEASIBLE,0.140589,2.280894,0,2,1,1,125178.000000,125178.000000,0.000000,0.000000,0
nw04,config21,2,FOUND INTEGER FEASIBLE,0.106577,1.890351,0,2,1,1,125178.000000,125178.000000,0.000000,0.000000,0
nw04,config21,3,FOUND INTEGER FEASIBLE,0.141180,2.296556,0,2,1,1,125178.000000,125178.000000,0.000000,0.000000,0
nw04,config23,1,FOUND INTEGER FEASIBLE,0.143035,2.479712,6,2,1,1,43164.000000,43164.000000,0.000000,0.000000,0
nw04,config23,2,FOUND INTEGER FEASIBLE,0.101895,1.673662,7,2,1,1,42372.000000,42372.000000,0.000000,0.000000,0
nw04,config23,3,FOUND INTEGER FEASIBLE,0.074649,1.289396,5,2,1,1,42380.000000,42380.000000,0.000000,0.000000,0
nw04,config19,1,FOUND INTEGER FEASIBLE,0.000000,1.294933,0,0,-1,-1,39902.000000,39902.000000,0.000000,0.000000,0
nw04,config19,2,FOUND INTEGER FEASIBLE,0.000000,1.183744,0,0,-1,-1,39902.000000,39902.000000,0.000000,0.000000,0
nw04,config19,3,FOUND INTEGER FEASIBLE,0.000000,1.200348,0,0,-1,-1,39902.000000,39902.000000,0.000000,0.000000,0
nw04,config18,1,FOUND INTEGER FEASIBLE,0.000000,1.263218,0,0,-1,-1,39902.000000,39902.000000,0.000000,0.000000,0
nw04,config18,2,FOUND INTEGER FEASIBLE,0.000000,1.199351,0,0,-1,-1,39902.000000,39902.000000,0.000000,0.000000,0
nw04,config18,3,FOUND INTEGER FEASIBLE,0.000000,1.226362,0,0,-1,-1,39902.000000,39902.000000,0.000000,0.000000,0
opm2-z10-s4,config1,1,FOUND INTEGER FEASIBLE,0.000000,39.204108,1,0,-1,-1,-1982.000000,-1982.000000,0.000000,0.000000,0
opm2-z10-s4,config1,2,FOUND INTEGER FEASIBLE,0.000000,26.040210,1,0,-1,-1,-1874.000000,-1874.000000,0.000000,0.000000,0
opm2-z10-s4,config1,3,FOUND INTEGER FEASIBLE,0.000000,39.234496,1,0,-1,-1,-1982.000000,-1982.000000,0.000000,0.000000,0
opm2-z10-s4,config3,1,FOUND INTEGER FEASIBLE,0.000000,3.364150,0,0,-1,-1,0.000000,0.000000,0.000000,0.000000,0
opm2-z10-s4,config3,2,FOUND INTEGER FEASIBLE,0.000000,3.355518,0,0,-1,-1,0.000000,0.000000,0.000000,0.000000,0
opm2-z10-s4,config3,3,FOUND INTEGER FEASIBLE,0.000000,3.344543,0,0,-1,-1,0.000000,0.000000,0.000000,0.000000,0
opm2-z10-s4,config20,1,FOUND INTEGER FEASIBLE,0.000000,53.329945,1,0,-1,-1,-12455.000000,-12455.000000,0.000000,0.000000,0
opm2-z10-s4,config20,2,FOUND INTEGER FEASIBLE,0.000000,52.713174,1,0,-1,-1,-12202.000000,-12202.000000,0.000000,0.000000,0
opm2-z10-s4,config20,3,FOUND INTEGER FEASIBLE,0.000000,53.415267,2,0,-1,-1,-13144.000000,-13144.000000,0.000000,0.000000,0
opm2-z10-s4,config16,1,FOUND INTEGER FEASIBLE,13.768377,16.568851,0,5,0,0,-1874.000000,-1874.000000,0.000000,0.000000,0
opm2-z10-s4,config16,2,FOUND INTEGER FEASIBLE,12.609490,15.308925,0,5,0,0,-1874.000000,-1874.000000,0.000000,0.000000,0
opm2-z10-s4,config16,3,FOUND INTEGER FEASIBLE,13.621837,16.080381,0,5,0,0,-1874.000000,-1874.000000,0.000000,0.000000,0
opm2-z10-s4,config17,1,FOUND INTEGER FEASIBLE,0.028468,2.678976,0,1,0,0,0.000000,0.000000,0.000000,0.000000,0
opm2-z10-s4,config17,2,FOUND INTEGER FEASIBLE,0.028891,2.691322,0,1,0,0,0.000000,0.000000,0.000000,0.000000,0
opm2-z10-s4,config17,3,FOUND INTEGER FEASIBLE,0.029415,2.677993,0,1,0,0,0.000000,0.000000,0.000000,0.000000,0
opm2-z10-s4,config21,1,FOUND INTEGER FEASIBLE,32.648980,34.291075,0,8,0,0,0.000000,0.000000,0.000000,0.000000,0
opm2-z10-s4,config21,2,FOUND INTEGER FEASIBLE,33.208228,34.847892,0,8,0,0,0.000000,0.000000,0.000000,0.000000,0
opm2-z10-s4,config21,3,FOUND INTEGER FEASIBLE,33.320230,35.769844,0,8,0,0,0.000000,0.000000,0.000000,0.000000,0
opm2-z10-s4,config23,1,FOUND INTEGER FEASIBLE,33.886682,36.534127,0,8,0,0,0.000000,0.000000,0.000000,0.000000,0
opm2-z10-s4,config23,2,FOUND INTEGER FEASIBLE,34.033605,36.690488,0,8,0,0,0.000000,0.000000,0.000000,0.000000,0
opm2-z10-s4,config23,3,FOUND INTEGER FEASIBLE,32.031414,35.051742,0,8,0,0,0.000000,0.000000,0.000000,0.000000,0
opm2-z10-s4,config19,1,FOUND INTEGER FEASIBLE,0.000000,0.181194,0,0,-1,-1,0.000000,0.000000,0.000000,0.000000,0
opm2-z10-s4,config19,2,FOUND INTEGER FEASIBLE,0.000000,0.213087,0,0,-1,-1,0.000000,0.000000,0.000000,0.000000,0
opm2-z10-s4,config19,3,FOUND INTEGER FEASIBLE,0.000000,0.211129,0,0,-1,-1,0.000000,0.000000,0.000000,0.000000,0
opm2-z10-s4,config18,1,FOUND INTEGER FEASIBLE,0.000000,0.287597,0,0,-1,-1,0.000000,0.000000,0.000000,0.000000,0
opm2-z10-s4,config18,2,FOUND INTEGER FEASIBLE,0.000000,0.217344,0,0,-1,-1,0.000000,0.000000,0.000000,0.000000,0
opm2-z10-s4,config18,3,FOUND INTEGER FEASIBLE,0.000000,0.214412,0,0,-1,-1,0.000000,0.000000,0.000000,0.000000,0
p200x1188c,config1,1,FOUND INTEGER FEASIBLE,0.000000,0.019768,2,0,-1,-1,15747.000000,15747.000000,0.000000,0.000000,0
p200x1188c,config1,2,FOUND INTEGER FEASIBLE,0.000000,0.030790,2,0,-1,-1,15747.000000,15747.000000,0.000000,0.000000,0
p200x1188c,config1,3,FOUND INTEGER FEASIBLE,0.000000,0.020596,2,0,-1,-1,15747.000000,15747.000000,0.000000,0.000000,0
p200x1188c,config3,1,FOUND INTEGER FEASIBLE,0.000000,0.035717,2,0,-1,-1,18654.000000,18654.000000,0.000000,0.000000,0
p200x1188c,config3,2,FOUND INTEGER FEASIBLE,0.000000,0.018955,2,0,-1,-1,18654.000000,18654.000000,0.000000,0.000000,0
p200x1188c,config3,3,FOUND INTEGER FEASIBLE,0.000000,0.029514,2,0,-1,-1,18654.000000,18654.000000,0.000000,0.000000,0
p200x1188c,config20,1,FOUND INTEGER FEASIBLE,0.000000,0.015492,0,0,-1,-1,3584430.000000,3584430.000000,0.000000,0.000000,0
p200x1188c,config20,2,FOUND INTEGER FEASIBLE,0.000000,0.029146,0,0,-1,-1,3584430.000000,3584430.000000,0.000000,0.000000,0
p200x1188c,config20,3,FOUND INTEGER FEASIBLE,0.000000,0.016654,0,0,-1,-1,3584430.000000,3584430.000000,0.000000,0.000000,0
p200x1188c,config16,1,FOUND INTEGER FEASIBLE,0.009142,0.048539,2,3,0,0,23025.000000,23025.000000,0.000000,0.000000,0
p200x1188c,config16,2,FOUND INTEGER FEASIBLE,0.007503,0.039075,2,3,0,0,23025.000000,23025.000000,0.000000,0.000000,0
p200x1188c,config16,3,FOUND INTEGER FEASIBLE,0.007246,0.039081,2,3,0,0,23025.000000,23025.000000,0.000000,0.000000,0
p200x1188c,config17,1,FOUND INTEGER FEASIBLE,0.006772,0.037620,2,3,0,0,18329.000000,18329.000000,0.000000,0.000000,0
p200x1188c,config17,2,FOUND INTEGER FEASIBLE,0.008437,0.046430,2,3,0,0,18329.000000,18329.000000,0.000000,0.000000,0
p200x1188c,config17,3,FOUND INTEGER FEASIBLE,0.006735,0.037664,2,3,0,0,18329.000000,18329.000000,0.000000,0.000000,0
p200x1188c,config21,1,FOUND INTEGER FEASIBLE,0.007247,0.044403,0,1,1,1,3584430.000000,3584430.000000,0.000000,0.000000,0
p200x1188c,config21,2,FOUND INTEGER FEASIBLE,0.005813,0.035466,0,1,1,1,3584430.000000,3584430.000000,0.000000,0.000000,0
p200x1188c,config21,3,FOUND INTEGER FEASIBLE,0.006999,0.041264,0,1,1,1,3584430.000000,3584430.000000,0.000000,0.000000,0
p200x1188c,config23,1,FOUND INTEGER FEASIBLE,0.006990,0.043242,2,1,1,1,18654.000000,18654.000000,0.000000,0.000000,0
p200x1188c,config23,2,FOUND INTEGER FEASIBLE,0.005844,0.037298,2,1,1,1,18654.000000,18654.000000,0.000000,0.000000,0
p200x1188c,config23,3,FOUND INTEGER FEASIBLE,0.005780,0.037179,2,1,1,1,18654.000000,18654.000000,0.000000,0.000000,0
p200x1188c,config19,1,FOUND INTEGER FEASIBLE,0.000000,0.047848,0,0,-1,-1,3195992.000000,3195992.000000,0.000000,0.000000,0
p200x1188c,config19,2,FOUND INTEGER FEASIBLE,0.000000,0.017036,0,0,-1,-1,3195992.000000,3195992.000000,0.000000,0.000000,0
p200x1188c,config19,3,FOUND INTEGER FEASIBLE,0.000000,0.026462,0,0,-1,-1,3195992.000000,3195992.000000,0.000000,0.000000,0
p200x1188c,config18,1,FOUND INTEGER FEASIBLE,0.000000,0.029398,0,0,-1,-1,3195992.000000,3195992.000000,0.000000,0.000000,0
p200x1188c,config18,2,FOUND INTEGER FEASIBLE,0.000000,0.023057,0,0,-1,-1,3195992.000000,3195992.000000,0.000000,0.000000,0
p200x1188c,config18,3,FOUND INTEGER FEASIBLE,0.000000,0.019041,0,0,-1,-1,3195992.000000,3195992.000000,0.000000,0.000000,0
peg-solitaire-a3,config1,1,FAILED TO FIND AN INTEGER FEASIBLE SOLUTION,0.000000,2242.833092,12000,0,-1,-1,0.000000,0.000000,2.000000,2.000000,4
peg-solitaire-a3,config1,2,FAILED TO FIND AN INTEGER FEASIBLE SOLUTION,0.000000,2475.752965,12000,0,-1,-1,0.000000,0.000000,2.000000,2.000000,4
peg-solitaire-a3,config1,3,FAILED TO FIND AN INTEGER FEASIBLE SOLUTION,0.000000,2070.871690,12000,0,-1,-1,0.000000,0.000000,2.000000,2.000000,4
peg-solitaire-a3,config3,1,FAILED TO FIND AN INTEGER FEASIBLE SOLUTION,0.000000,1990.540199,12000,0,-1,-1,0.000000,0.000000,2.000000,2.000000,4
peg-solitaire-a3,config3,2,FAILED TO FIND AN INTEGER FEASIBLE SOLUTION,0.000000,1236.258597,12000,0,-1,-1,0.000000,0.000000,2.000000,2.000000,4
peg-solitaire-a3,config3,3,FAILED TO FIND AN INTEGER FEASIBLE SOLUTION,0.000000,2188.105246,12000,0,-1,-1,0.000000,0.000000,3.000000,3.000000,6
peg-solitaire-a3,config20,1,FAILED TO FIND AN INTEGER FEASIBLE SOLUTION,0.000000,1715.550549,12000,0,-1,-1,0.000000,0.000000,2.000000,2.000000,4
peg-solitaire-a3,config20,2,FAILED TO FIND AN INTEGER FEASIBLE SOLUTION,0.000000,1614.286141,12000,0,-1,-1,0.000000,0.000000,2.000000,2.000000,4
peg-solitaire-a3,config20,3,FAILED TO FIND AN INTEGER FEASIBLE SOLUTION,0.000000,2157.886640,12000,0,-1,-1,0.000000,0.000000,3.000000,3.000000,6
peg-solitaire-a3,config16,1,FAILED TO FIND AN INTEGER FEASIBLE SOLUTION,4.978674,1104.732800,12000,10,10,0,0.000000,0.000000,1.000000,1.000000,2
peg-solitaire-a3,config16,2,FAILED TO FIND AN INTEGER FEASIBLE SOLUTION,5.193458,1123.882102,12000,10,10,0,0.000000,0.000000,1.000000,1.000000,2
peg-solitaire-a3,config16,3,FOUND INTEGER FEASIBLE,6.057522,1387.548906,11202,10,10,0,1.000000,1.000000,0.000000,0.000000,0
peg-solitaire-a3,config17,1,FAILED TO FIND AN INTEGER FEASIBLE SOLUTION,2.300718,1299.557572,12000,5,5,1,0.000000,0.000000,2.000000,2.000000,4
peg-solitaire-a3,config17,2,FAILED TO FIND AN INTEGER FEASIBLE SOLUTION,2.303204,2217.108978,12000,5,5,1,0.000000,0.000000,5.000000,5.000000,10
peg-solitaire-a3,config17,3,FAILED TO FIND AN INTEGER FEASIBLE SOLUTION,2.303466,1015.522826,12000,5,5,1,0.000000,0.000000,2.000000,2.000000,4
peg-solitaire-a3,config21,1,FAILED TO FIND AN INTEGER FEASIBLE SOLUTION,2.461385,1908.260996,12000,5,5,1,0.000000,0.000000,3.000000,3.000000,6
peg-solitaire-a3,config21,2,FAILED TO FIND AN INTEGER FEASIBLE SOLUTION,2.451780,1009.439331,12000,5,5,1,0.000000,0.000000,2.000000,2.000000,4
peg-solitaire-a3,config21,3,FAILED TO FIND AN INTEGER FEASIBLE SOLUTION,1.634745,1220.630937,12000,5,5,1,0.000000,0.000000,1.000000,1.000000,2
peg-solitaire-a3,config23,1,FAILED TO FIND AN INTEGER FEASIBLE SOLUTION,2.462106,1100.230779,12000,5,5,1,0.000000,0.000000,1.000000,1.000000,2
peg-solitaire-a3,config23,2,FAILED TO FIND AN INTEGER FEASIBLE SOLUTION,2.609092,1169.599148,12000,5,5,1,0.000000,0.000000,1.000000,1.000000,2
peg-solitaire-a3,config23,3,FAILED TO FIND AN INTEGER FEASIBLE SOLUTION,2.461959,1065.075205,12000,5,5,1,0.000000,0.000000,1.000000,1.000000,2
peg-solitaire-a3,config19,1,FOUND INTEGER FEASIBLE,0.000000,2492.536198,0,0,-1,-1,1.000000,1.000000,0.000000,0.000000,0
peg-solitaire-a3,config19,2,FOUND INTEGER FEASIBLE,0.000000,2496.966098,0,0,-1,-1,1.000000,1.000000,0.000000,0.000000,0
peg-solitaire-a3,config19,3,FOUND INTEGER FEASIBLE,0.000000,2489.272524,0,0,-1,-1,1.000000,1.000000,0.000000,0.000000,0
peg-solitaire-a3,config18,1,FOUND INTEGER FEASIBLE,0.000000,832.432958,0,0,-1,-1,1.000000,1.000000,0.000000,0.000000,0
peg-solitaire-a3,config18,2,FOUND INTEGER FEASIBLE,0.000000,835.077328,0,0,-1,-1,1.000000,1.000000,0.000000,0.000000,0
peg-solitaire-a3,config18,3,FOUND INTEGER FEASIBLE,0.000000,833.900255,0,0,-1,-1,1.000000,1.000000,0.000000,0.000000,0
pg5_34,config1,1,FOUND INTEGER FEASIBLE,0.000000,0.051389,3,0,-1,-1,-13041.042982,-14070.593461,0.000000,0.000000,0
pg5_34,config1,2,FOUND INTEGER FEASIBLE,0.000000,0.034539,1,0,-1,-1,-7139.552934,-7809.614286,0.000000,0.000000,0
pg5_34,config1,3,FOUND INTEGER FEASIBLE,0.000000,0.055506,3,0,-1,-1,-12549.905625,-13720.162507,0.000000,0.000000,0
pg5_34,config3,1,FOUND INTEGER FEASIBLE,0.000000,0.020405,0,0,-1,-1,0.000000,0.000000,0.000000,0.000000,0
pg5_34,config3,2,FOUND INTEGER FEASIBLE,0.000000,0.025612,0,0,-1,-1,0.000000,0.000000,0.000000,0.000000,0
pg5_34,config3,3,FOUND INTEGER FEASIBLE,0.000000,0.020567,0,0,-1,-1,0.000000,0.000000,0.000000,0.000000,0
pg5_34,config20,1,FOUND INTEGER FEASIBLE,0.000000,0.044430,2,0,-1,-1,-10821.349992,-13288.595706,0.000000,0.000000,0
pg5_34,config20,2,FOUND INTEGER FEASIBLE,0.000000,0.042463,1,0,-1,-1,-11027.548374,-13518.527101,0.000000,0.000000,0
pg5_34,config20,3,FOUND INTEGER FEASIBLE,0.000000,0.042818,2,0,-1,-1,-10821.349992,-13288.595706,0.000000,0.000000,0
pg5_34,config16,1,FOUND INTEGER FEASIBLE,0.022683,0.049622,0,11,0,0,-4090.000000,-4090.000000,0.000000,0.000000,0
pg5_34,config16,2,FOUND INTEGER FEASIBLE,0.018659,0.041446,0,11,0,0,-4090.000000,-4090.000000,0.000000,0.000000,0
pg5_34,config16,3,FOUND INTEGER FEASIBLE,0.021118,0.047433,0,11,0,0,-4090.000000,-4090.000000,0.000000,0.000000,0
pg5_34,config17,1,FOUND INTEGER FEASIBLE,0.003156,0.037722,0,0,0,0,0.000000,0.000000,0.000000,0.000000,0
pg5_34,config17,2,FOUND INTEGER FEASIBLE,0.003116,0.037616,0,0,0,0,0.000000,0.000000,0.000000,0.000000,0
pg5_34,config17,3,FOUND INTEGER FEASIBLE,0.003142,0.037735,0,0,0,0,0.000000,0.000000,0.000000,0.000000,0
pg5_34,config21,1,FOUND INTEGER FEASIBLE,0.026266,0.047587,0,4,0,0,-327.000000,-327.000000,0.000000,0.000000,0
pg5_34,config21,2,FOUND INTEGER FEASIBLE,0.026047,0.047154,0,4,0,0,-327.000000,-327.000000,0.000000,0.000000,0
pg5_34,config21,3,FOUND INTEGER FEASIBLE,0.026300,0.047445,0,4,0,0,-327.000000,-327.000000,0.000000,0.000000,0
pg5_34,config23,1,FOUND INTEGER FEASIBLE,0.026460,0.047889,0,4,0,0,0.000000,0.000000,0.000000,0.000000,0
pg5_34,config23,2,FOUND INTEGER FEASIBLE,0.029936,0.055138,0,4,0,0,0.000000,0.000000,0.000000,0.000000,0
pg5_34,config23,3,FOUND INTEGER FEASIBLE,0.026468,0.047679,0,4,0,0,0.000000,0.000000,0.000000,0.000000,0
pg5_34,config19,1,FOUND INTEGER FEASIBLE,0.000000,0.009859,0,0,-1,-1,0.000000,0.000000,0.000000,0.000000,0
pg5_34,config19,2,FOUND INTEGER FEASIBLE,0.000000,0.007068,0,0,-1,-1,0.000000,0.000000,0.000000,0.000000,0
pg5_34,config19,3,FOUND INTEGER FEASIBLE,0.000000,0.005249,0,0,-1,-1,0.000000,0.000000,0.000000,0.000000,0
pg5_34,config18,1,FOUND INTEGER FEASIBLE,0.000000,0.008578,0,0,-1,-1,0.000000,0.000000,0.000000,0.000000,0
pg5_34,config18,2,FOUND INTEGER FEASIBLE,0.000000,0.007753,0,0,-1,-1,0.000000,0.000000,0.000000,0.000000,0
pg5_34,config18,3,FOUND INTEGER FEASIBLE,0.000000,0.006101,0,0,-1,-1,0.000000,0.000000,0.000000,0.000000,0
pg,config1,1,FOUND INTEGER FEASIBLE,0.000000,0.039913,3,0,-1,-1,-6597.631946,-7959.565317,0.000000,0.000000,0
pg,config1,2,FOUND INTEGER FEASIBLE,0.000000,0.043246,3,0,-1,-1,-6125.465971,-7796.498526,0.000000,0.000000,0
pg,config1,3,FOUND INTEGER FEASIBLE,0.000000,0.033911,1,0,-1,-1,-3789.456730,-4789.116845,0.000000,0.000000,0
pg,config3,1,FOUND INTEGER FEASIBLE,0.000000,0.045412,1,0,-1,-1,-5188.542446,-7796.498526,0.000000,0.000000,0
pg,config3,2,FOUND INTEGER FEASIBLE,0.000000,0.037581,3,0,-1,-1,-5209.030707,-7796.498526,0.000000,0.000000,0
pg,config3,3,FOUND INTEGER FEASIBLE,0.000000,0.035315,1,0,-1,-1,-5188.542446,-7796.498526,0.000000,0.000000,0
pg,config20,1,FOUND INTEGER FEASIBLE,0.000000,0.018611,0,0,-1,-1,7250.000000,7250.000000,0.000000,0.000000,0
pg,config20,2,FOUND INTEGER FEASIBLE,0.000000,0.019598,0,0,-1,-1,7250.000000,7250.000000,0.000000,0.000000,0
pg,config20,3,FOUND INTEGER FEASIBLE,0.000000,0.019091,0,0,-1,-1,7250.000000,7250.000000,0.000000,0.000000,0
pg,config16,1,FOUND INTEGER FEASIBLE,0.018693,0.037360,1,11,0,0,-7232.948857,-7261.734070,0.000000,0.000000,0
pg,config16,2,FOUND INTEGER FEASIBLE,0.018498,0.035601,3,11,0,0,-7177.011902,-7261.734070,0.000000,0.000000,0
pg,config16,3,FOUND INTEGER FEASIBLE,0.018234,0.035124,1,11,0,0,-7232.948857,-7261.734070,0.000000,0.000000,0
pg,config17,1,FOUND INTEGER FEASIBLE,0.033769,0.085202,2,2,0,0,-3812.539029,-6312.853465,0.000000,0.000000,0
pg,config17,2,FOUND INTEGER FEASIBLE,0.033259,0.081766,3,2,0,0,-3745.773855,-6312.853465,0.000000,0.000000,0
pg,config17,3,FOUND INTEGER FEASIBLE,0.032650,0.074018,1,2,0,0,-3789.435363,-6312.853465,0.000000,0.000000,0
pg,config21,1,FOUND INTEGER FEASIBLE,0.002343,0.030163,0,0,0,0,7250.000000,7250.000000,0.000000,0.000000,0
pg,config21,2,FOUND INTEGER FEASIBLE,0.002381,0.030163,0,0,0,0,7250.000000,7250.000000,0.000000,0.000000,0
pg,config21,3,FOUND INTEGER FEASIBLE,0.002320,0.029979,0,0,0,0,7250.000000,7250.000000,0.000000,0.000000,0
pg,config23,1,FOUND INTEGER FEASIBLE,0.001926,0.038699,1,0,0,0,-5188.542446,-7796.498526,0.000000,0.000000,0
pg,config23,2,FOUND INTEGER FEASIBLE,0.002284,0.045286,3,0,0,0,-5209.030707,-7796.498526,0.000000,0.000000,0
pg,config23,3,FOUND INTEGER FEASIBLE,0.002286,0.043188,1,0,0,0,-5188.542446,-7796.498526,0.000000,0.000000,0
pg,config19,1,FOUND INTEGER FEASIBLE,0.000000,0.006825,0,0,-1,-1,7250.000000,7250.000000,0.000000,0.000000,0
pg,config19,2,FOUND INTEGER FEASIBLE,0.000000,0.006544,0,0,-1,-1,7250.000000,7250.000000,0.000000,0.000000,0
pg,config19,3,FOUND INTEGER FEASIBLE,0.000000,0.005762,0,0,-1,-1,7250.000000,7250.000000,0.000000,0.000000,0
pg,config18,1,FOUND INTEGER FEASIBLE,0.000000,0.007891,0,0,-1,-1,7250.000000,7250.000000,0.000000,0.000000,0
pg,config18,2,FOUND INTEGER FEASIBLE,0.000000,0.005010,0,0,-1,-1,7250.000000,7250.000000,0.000000,0.000000,0
pg,config18,3,FOUND INTEGER FEASIBLE,0.000000,0.004138,0,0,-1,-1,7250.000000,7250.000000,0.000000,0.000000,0
physiciansched3-3,config1,1,FOUND INTEGER FEASIBLE,0.000000,339.004312,229,0,-1,-1,3423609.193333,3335769.860000,0.000000,0.000000,0
physiciansched3-3,config1,2,FOUND INTEGER FEASIBLE,0.000000,84.495509,22,0,-1,-1,3304787.360000,3269718.026667,0.000000,0.000000,0
physiciansched3-3,config1,3,FOUND INTEGER FEASIBLE,0.000000,42.595576,6,0,-1,-1,2918205.160000,2913805.160000,0.000000,0.000000,0
physiciansched3-3,config3,1,FOUND INTEGER FEASIBLE,0.000000,186.853456,454,0,-1,-1,29958340.093333,3346442.986667,0.000000,0.000000,0
physiciansched3-3,config3,2,FOUND INTEGER FEASIBLE,0.000000,64.767102,210,0,-1,-1,29981814.760000,3476054.146667,0.000000,0.000000,0
physiciansched3-3,config3,3,FOUND INTEGER FEASIBLE,0.000000,45.258159,47,0,-1,-1,29999809.760000,3426005.360000,0.000000,0.000000,0
physiciansched3-3,config20,1,FOUND INTEGER FEASIBLE,0.000000,205.158818,199,0,-1,-1,29960742.093333,3365769.353333,0.000000,0.000000,0
physiciansched3-3,config20,2,FOUND INTEGER FEASIBLE,0.000000,95.020281,118,0,-1,-1,29996009.260000,3419785.153333,0.000000,0.000000,0
physiciansched3-3,config20,3,FOUND INTEGER FEASIBLE,0.000000,69.729671,96,0,-1,-1,29976312.260000,3368417.486667,0.000000,0.000000,0
physiciansched3-3,config16,1,FOUND INTEGER FEASIBLE,21.240090,462.924773,584,12,10,2,29762640.593333,3369434.553333,0.000000,0.000000,0
physiciansched3-3,config16,2,FOUND INTEGER FEASIBLE,24.987554,604.581887,580,12,10,2,29779867.926667,3427487.220000,0.000000,0.000000,0
physiciansched3-3,config16,3,FOUND INTEGER FEASIBLE,22.807356,581.271317,569,12,10,2,29769440.593333,3359996.846667,0.000000,0.000000,0
physiciansched3-3,config17,1,FOUND INTEGER FEASIBLE,9.158879,296.655321,701,10,10,5,29892163.926667,3355584.153333,0.000000,0.000000,0
physiciansched3-3,config17,2,FOUND INTEGER FEASIBLE,9.438570,89.773284,177,10,6,5,29840885.260000,3450631.820000,0.000000,0.000000,0
physiciansched3-3,config17,3,FOUND INTEGER FEASIBLE,9.399316,95.094874,105,10,5,5,29851294.260000,3441200.193333,0.000000,0.000000,0
physiciansched3-3,config21,1,FOUND INTEGER FEASIBLE,34.035655,201.680885,135,12,12,11,29918097.260000,3452391.153333,0.000000,0.000000,0
physiciansched3-3,config21,2,FOUND INTEGER FEASIBLE,35.821278,209.917169,216,12,12,11,29910693.260000,3440915.986667,0.000000,0.000000,0
physiciansched3-3,config21,3,FOUND INTEGER FEASIBLE,34.569237,193.050105,103,12,12,11,29906219.593333,3427253.846667,0.000000,0.000000,0
physiciansched3-3,config23,1,FOUND INTEGER FEASIBLE,35.212506,241.996558,178,12,12,11,29917602.760000,3429949.313333,0.000000,0.000000,0
physiciansched3-3,config23,2,FOUND INTEGER FEASIBLE,34.229711,336.343770,843,12,12,11,29907527.093333,3369616.326667,0.000000,0.000000,0
physiciansched3-3,config23,3,FOUND INTEGER FEASIBLE,35.074167,248.239019,169,12,12,11,29917664.926667,3376928.160000,0.000000,0.000000,0
physiciansched3-3,config19,1,FOUND INTEGER FEASIBLE,0.000000,471.415076,0,0,-1,-1,2703990.493333,2703990.493333,0.000000,0.000000,0
physiciansched3-3,config19,2,FOUND INTEGER FEASIBLE,0.000000,468.980241,0,0,-1,-1,2703990.493333,2703990.493333,0.000000,0.000000,0
physiciansched3-3,config19,3,FOUND INTEGER FEASIBLE,0.000000,473.208212,0,0,-1,-1,2703990.493333,2703990.493333,0.000000,0.000000,0
physiciansched3-3,config18,1,FOUND INTEGER FEASIBLE,0.000000,428.124212,0,0,-1,-1,2732955.860000,2732955.860000,0.000000,0.000000,0
physiciansched3-3,config18,2,FOUND INTEGER FEASIBLE,0.000000,429.463577,0,0,-1,-1,2732955.860000,2732955.860000,0.000000,0.000000,0
physiciansched3-3,config18,3,FOUND INTEGER FEASIBLE,0.000000,428.118069,0,0,-1,-1,2732955.860000,2732955.860000,0.000000,0.000000,0
physiciansched6-2,config1,1,FOUND INTEGER FEASIBLE,0.000000,7.104297,96,0,-1,-1,52329.000000,52229.000000,0.000000,0.000000,0
physiciansched6-2,config1,2,FOUND INTEGER FEASIBLE,0.000000,226.167779,6234,0,-1,-1,51226.500000,50926.500000,0.000000,0.000000,0
physiciansched6-2,config1,3,FOUND INTEGER FEASIBLE,0.000000,56.296161,1471,0,-1,-1,52630.000000,52430.000000,0.000000,0.000000,0
physiciansched6-2,config3,1,FOUND INTEGER FEASIBLE,0.000000,53.249644,1221,0,-1,-1,216356.000000,53931.000000,0.000000,0.000000,0
physiciansched6-2,config3,2,FOUND INTEGER FEASIBLE,0.000000,104.557249,2728,0,-1,-1,214353.000000,52128.000000,0.000000,0.000000,0
physiciansched6-2,config3,3,FOUND INTEGER FEASIBLE,0.000000,102.610203,2352,0,-1,-1,215155.000000,53031.000000,0.000000,0.000000,0
physiciansched6-2,config20,1,FOUND INTEGER FEASIBLE,0.000000,17.399366,343,0,-1,-1,215955.000000,53230.000000,0.000000,0.000000,0
physiciansched6-2,config20,2,FOUND INTEGER FEASIBLE,0.000000,5.967890,84,0,-1,-1,216155.000000,52931.000000,0.000000,0.000000,0
physiciansched6-2,config20,3,FOUND INTEGER FEASIBLE,0.000000,11.007548,207,0,-1,-1,217658.000000,54433.000000,0.000000,0.000000,0
physiciansched6-2,config16,1,FOUND INTEGER FEASIBLE,1.591299,15.729473,292,12,12,11,214251.000000,51227.000000,0.000000,0.000000,0
physiciansched6-2,config16,2,FOUND INTEGER FEASIBLE,1.053593,18.575313,231,12,12,11,213349.000000,51224.000000,0.000000,0.000000,0
physiciansched6-2,config16,3,FOUND INTEGER FEASIBLE,1.634517,16.772755,133,12,12,11,215152.000000,52527.000000,0.000000,0.000000,0
physiciansched6-2,config17,1,FOUND INTEGER FEASIBLE,0.715272,8.857523,194,7,3,2,212749.000000,50325.000000,0.000000,0.000000,0
physiciansched6-2,config17,2,FOUND INTEGER FEASIBLE,0.872105,76.843465,3040,7,7,2,215254.000000,53329.000000,0.000000,0.000000,0
physiciansched6-2,config17,3,FOUND INTEGER FEASIBLE,1.228005,28.932954,705,7,7,2,212949.000000,50725.000000,0.000000,0.000000,0
physiciansched6-2,config21,1,FOUND INTEGER FEASIBLE,2.049098,44.319656,572,12,12,8,215153.000000,52229.000000,0.000000,0.000000,0
physiciansched6-2,config21,2,FOUND INTEGER FEASIBLE,2.047721,35.823487,426,12,12,8,217356.000000,53731.000000,0.000000,0.000000,0
physiciansched6-2,config21,3,FOUND INTEGER FEASIBLE,1.975083,45.180871,469,12,12,8,216255.000000,53730.000000,0.000000,0.000000,0
physiciansched6-2,config23,1,FOUND INTEGER FEASIBLE,1.985035,46.157622,598,12,12,8,214150.000000,51625.000000,0.000000,0.000000,0
physiciansched6-2,config23,2,FOUND INTEGER FEASIBLE,2.105251,41.149150,427,12,12,8,213349.000000,50725.000000,0.000000,0.000000,0
physiciansched6-2,config23,3,FOUND INTEGER FEASIBLE,2.513769,58.830908,758,12,12,8,214653.000000,52029.000000,0.000000,0.000000,0
physiciansched6-2,config19,1,FOUND INTEGER FEASIBLE,0.000000,10.293486,0,0,-1,-1,49324.000000,49324.000000,0.000000,0.000000,0
physiciansched6-2,config19,2,FOUND INTEGER FEASIBLE,0.000000,9.733750,0,0,-1,-1,49324.000000,49324.000000,0.000000,0.000000,0
physiciansched6-2,config19,3,FOUND INTEGER FEASIBLE,0.000000,10.914151,0,0,-1,-1,49324.000000,49324.000000,0.000000,0.000000,0
physiciansched6-2,config18,1,FOUND INTEGER FEASIBLE,0.000000,17.022944,0,0,-1,-1,49324.000000,49324.000000,0.000000,0.000000,0
physiciansched6-2,config18,2,FOUND INTEGER FEASIBLE,0.000000,16.928539,0,0,-1,-1,49324.000000,49324.000000,0.000000,0.000000,0
physiciansched6-2,config18,3,FOUND INTEGER FEASIBLE,0.000000,17.000492,0,0,-1,-1,49324.000000,49324.000000,0.000000,0.000000,0
piperout-08,config1,1,FAILED TO FIND AN INTEGER FEASIBLE SOLUTION,0.000000,85.342768,12000,0,-1,-1,0.000000,0.000000,14.691235,25.870244,86
piperout-08,config1,2,FAILED TO FIND AN INTEGER FEASIBLE SOLUTION,0.000000,86.689962,12000,0,-1,-1,0.000000,0.000000,13.005467,25.042442,93
piperout-08,config1,3,FAILED TO FIND AN INTEGER FEASIBLE SOLUTION,0.000000,83.416970,12000,0,-1,-1,0.000000,0.000000,11.402867,17.085873,86
piperout-08,config3,1,FAILED TO FIND AN INTEGER FEASIBLE SOLUTION,0.000000,84.400370,12000,0,-1,-1,0.000000,0.000000,13.748792,25.778204,84
piperout-08,config3,2,FAILED TO FIND AN INTEGER FEASIBLE SOLUTION,0.000000,84.286703,12000,0,-1,-1,0.000000,0.000000,9.439108,19.499892,84
piperout-08,config3,3,FAILED TO FIND AN INTEGER FEASIBLE SOLUTION,0.000000,83.110618,12000,0,-1,-1,0.000000,0.000000,13.921981,20.449517,79
piperout-08,config20,1,FAILED TO FIND AN INTEGER FEASIBLE SOLUTION,0.000000,236.602404,12000,0,-1,-1,0.000000,0.000000,11.707705,21.157379,82
piperout-08,config20,2,FAILED TO FIND AN INTEGER FEASIBLE SOLUTION,0.000000,232.286668,12000,0,-1,-1,0.000000,0.000000,11.159895,25.420680,84
piperout-08,config20,3,FAILED TO FIND AN INTEGER FEASIBLE SOLUTION,0.000000,296.601512,12000,0,-1,-1,0.000000,0.000000,13.867578,23.246081,84
piperout-08,config16,1,FAILED TO FIND AN INTEGER FEASIBLE SOLUTION,0.505237,69.916586,12000,11,11,11,0.000000,0.000000,14.691235,25.870244,86
piperout-08,config16,2,FAILED TO FIND AN INTEGER FEASIBLE SOLUTION,0.508064,73.806478,12000,11,11,11,0.000000,0.000000,13.005467,25.042442,93
piperout-08,config16,3,FAILED TO FIND AN INTEGER FEASIBLE SOLUTION,0.507224,68.995047,12000,11,11,11,0.000000,0.000000,11.402867,17.085873,86
piperout-08,config17,1,FAILED TO FIND AN INTEGER FEASIBLE SOLUTION,0.537351,68.955425,12000,8,8,3,0.000000,0.000000,9.735986,17.282003,76
piperout-08,config17,2,FAILED TO FIND AN INTEGER FEASIBLE SOLUTION,0.260697,69.165004,12000,8,8,3,0.000000,0.000000,15.054508,22.825708,105
piperout-08,config17,3,FAILED TO FIND AN INTEGER FEASIBLE SOLUTION,0.513809,69.533299,12000,8,8,3,0.000000,0.000000,13.764558,23.742144,107
piperout-08,config21,1,FAILED TO FIND AN INTEGER FEASIBLE SOLUTION,0.638922,68.221316,12000,12,12,8,0.000000,0.000000,11.836815,20.599194,95
piperout-08,config21,2,FAILED TO FIND AN INTEGER FEASIBLE SOLUTION,0.644082,66.328037,12000,12,12,8,0.000000,0.000000,15.787092,26.559361,94
piperout-08,config21,3,FAILED TO FIND AN INTEGER FEASIBLE SOLUTION,0.321199,68.083753,12000,12,12,8,0.000000,0.000000,12.053843,19.503516,84
piperout-08,config23,1,FAILED TO FIND AN INTEGER FEASIBLE SOLUTION,0.657371,74.682775,12000,12,12,8,0.000000,0.000000,12.017478,20.165229,88
piperout-08,config23,2,FAILED TO FIND AN INTEGER FEASIBLE SOLUTION,0.323874,69.728171,12000,12,12,8,0.000000,0.000000,11.211417,23.938868,78
piperout-08,config23,3,FAILED TO FIND AN INTEGER FEASIBLE SOLUTION,0.636737,73.162362,12000,12,12,8,0.000000,0.000000,14.091738,27.811619,94
piperout-08,config19,1,FOUND INTEGER FEASIBLE,0.000000,3.550394,0,0,-1,-1,250687.000000,250687.000000,0.000000,0.000000,0
piperout-08,config19,2,FOUND INTEGER FEASIBLE,0.000000,3.538362,0,0,-1,-1,250687.000000,250687.000000,0.000000,0.000000,0
piperout-08,config19,3,FOUND INTEGER FEASIBLE,0.000000,3.531580,0,0,-1,-1,250687.000000,250687.000000,0.000000,0.000000,0
piperout-08,config18,1,FOUND INTEGER FEASIBLE,0.000000,3.000388,0,0,-1,-1,125055.000000,125055.000000,0.000000,0.000000,0
piperout-08,config18,2,FOUND INTEGER FEASIBLE,0.000000,3.005242,0,0,-1,-1,125055.000000,125055.000000,0.000000,0.000000,0
piperout-08,config18,3,FOUND INTEGER FEASIBLE,0.000000,3.007090,0,0,-1,-1,125055.000000,125055.000000,0.000000,0.000000,0
piperout-27,config1,1,FAILED TO FIND AN INTEGER FEASIBLE SOLUTION,0.000000,110.987571,12000,0,-1,-1,0.000000,0.000000,18.542758,37.440284,87
piperout-27,config1,2,FAILED TO FIND AN INTEGER FEASIBLE SOLUTION,0.000000,111.335482,12000,0,-1,-1,0.000000,0.000000,22.564564,42.872534,95
piperout-27,config1,3,FAILED TO FIND AN INTEGER FEASIBLE SOLUTION,0.000000,109.385969,12000,0,-1,-1,0.000000,0.000000,19.469972,31.289753,108
piperout-27,config3,1,FAILED TO FIND AN INTEGER FEASIBLE SOLUTION,0.000000,112.076646,12000,0,-1,-1,0.000000,0.000000,18.807117,57.614994,142
piperout-27,config3,2,FAILED TO FIND AN INTEGER FEASIBLE SOLUTION,0.000000,109.572505,12000,0,-1,-1,0.000000,0.000000,17.348535,36.727052,97
piperout-27,config3,3,FAILED TO FIND AN INTEGER FEASIBLE SOLUTION,0.000000,109.983992,12000,0,-1,-1,0.000000,0.000000,9.772239,15.423652,82
piperout-27,config20,1,FAILED TO FIND AN INTEGER FEASIBLE SOLUTION,0.000000,280.385532,12000,0,-1,-1,0.000000,0.000000,20.704135,21.256791,94
piperout-27,config20,2,FAILED TO FIND AN INTEGER FEASIBLE SOLUTION,0.000000,281.999009,12000,0,-1,-1,0.000000,0.000000,28.063187,48.149051,129
piperout-27,config20,3,FAILED TO FIND AN INTEGER FEASIBLE SOLUTION,0.000000,282.631542,12000,0,-1,-1,0.000000,0.000000,30.535094,47.708662,147
piperout-27,config16,1,FAILED TO FIND AN INTEGER FEASIBLE SOLUTION,1.169501,97.323041,12000,11,11,11,0.000000,0.000000,18.542758,37.440284,87
piperout-27,config16,2,FAILED TO FIND AN INTEGER FEASIBLE SOLUTION,1.205128,104.088207,12000,11,11,11,0.000000,0.000000,22.564564,42.872534,95
piperout-27,config16,3,FAILED TO FIND AN INTEGER FEASIBLE SOLUTION,0.962819,99.211814,12000,11,11,11,0.000000,0.000000,19.469972,31.289753,108
piperout-27,config17,1,FAILED TO FIND AN INTEGER FEASIBLE SOLUTION,1.679197,88.105178,12000,11,11,10,0.000000,0.000000,3.393905,4.393905,25
piperout-27,config17,2,FAILED TO FIND AN INTEGER FEASIBLE SOLUTION,0.889078,92.665597,12000,11,11,10,0.000000,0.000000,7.269331,17.028594,79
piperout-27,config17,3,FAILED TO FIND AN INTEGER FEASIBLE SOLUTION,1.154424,93.109161,12000,11,11,10,0.000000,0.000000,2.296755,10.296755,28
piperout-27,config21,1,FAILED TO FIND AN INTEGER FEASIBLE SOLUTION,1.590170,94.854995,12000,12,12,6,0.000000,0.000000,22.958033,60.578154,122
piperout-27,config21,2,FAILED TO FIND AN INTEGER FEASIBLE SOLUTION,1.631978,91.688645,12000,12,12,6,0.000000,0.000000,11.512969,12.087179,91
piperout-27,config21,3,FAILED TO FIND AN INTEGER FEASIBLE SOLUTION,1.585672,95.185285,12000,12,12,6,0.000000,0.000000,19.611859,35.443805,95
piperout-27,config23,1,FAILED TO FIND AN INTEGER FEASIBLE SOLUTION,1.587004,95.512958,12000,12,12,6,0.000000,0.000000,15.153693,31.839874,104
piperout-27,config23,2,FAILED TO FIND AN INTEGER FEASIBLE SOLUTION,1.590856,94.639204,12000,12,12,6,0.000000,0.000000,24.443458,27.133139,124
piperout-27,config23,3,FAILED TO FIND AN INTEGER FEASIBLE SOLUTION,1.211167,91.249022,12000,12,12,6,0.000000,0.000000,27.371844,40.064793,122
piperout-27,config19,1,FOUND INTEGER FEASIBLE,0.000000,5.254965,0,0,-1,-1,8124.000000,8124.000000,0.000000,0.000000,0
piperout-27,config19,2,FOUND INTEGER FEASIBLE,0.000000,4.938131,0,0,-1,-1,8124.000000,8124.000000,0.000000,0.000000,0
piperout-27,config19,3,FOUND INTEGER FEASIBLE,0.000000,4.646903,0,0,-1,-1,8124.000000,8124.000000,0.000000,0.000000,0
piperout-27,config18,1,FOUND INTEGER FEASIBLE,0.000000,4.566308,0,0,-1,-1,8124.000000,8124.000000,0.000000,0.000000,0
piperout-27,config18,2,FOUND INTEGER FEASIBLE,0.000000,4.551831,0,0,-1,-1,8124.000000,8124.000000,0.000000,0.000000,0
piperout-27,config18,3,FOUND INTEGER FEASIBLE,0.000000,4.529345,0,0,-1,-1,8124.000000,8124.000000,0.000000,0.000000,0
pk1,config1,1,FOUND INTEGER FEASIBLE,0.000000,0.006685,1,0,-1,-1,18.000000,18.000000,0.000000,0.000000,0
pk1,config1,2,FOUND INTEGER FEASIBLE,0.000000,0.006810,1,0,-1,-1,129.000000,129.000000,0.000000,0.000000,0
pk1,config1,3,FOUND INTEGER FEASIBLE,0.000000,0.007487,1,0,-1,-1,123.000000,123.000000,0.000000,0.000000,0
pk1,config3,1,FOUND INTEGER FEASIBLE,0.000000,0.004055,0,0,-1,-1,731.000000,731.000000,0.000000,0.000000,0
pk1,config3,2,FOUND INTEGER FEASIBLE,0.000000,0.004396,0,0,-1,-1,731.000000,731.000000,0.000000,0.000000,0
pk1,config3,3,FOUND INTEGER FEASIBLE,0.000000,0.004187,0,0,-1,-1,731.000000,731.000000,0.000000,0.000000,0
pk1,config20,1,FOUND INTEGER FEASIBLE,0.000000,0.005296,0,0,-1,-1,1072.000000,1072.000000,0.000000,0.000000,0
pk1,config20,2,FOUND INTEGER FEASIBLE,0.000000,0.003766,0,0,-1,-1,1072.000000,1072.000000,0.000000,0.000000,0
pk1,config20,3,FOUND INTEGER FEASIBLE,0.000000,0.004468,0,0,-1,-1,1072.000000,1072.000000,0.000000,0.000000,0
pk1,config16,1,FOUND INTEGER FEASIBLE,0.002798,0.011127,1,9,0,0,72.000000,72.000000,0.000000,0.000000,0
pk1,config16,2,FOUND INTEGER FEASIBLE,0.003093,0.013147,1,9,0,0,189.000000,189.000000,0.000000,0.000000,0
pk1,config16,3,FOUND INTEGER FEASIBLE,0.002702,0.010595,1,9,0,0,108.000000,108.000000,0.000000,0.000000,0
pk1,config17,1,FOUND INTEGER FEASIBLE,0.000613,0.006135,0,0,0,0,731.000000,731.000000,0.000000,0.000000,0
pk1,config17,2,FOUND INTEGER FEASIBLE,0.000554,0.005996,0,0,0,0,731.000000,731.000000,0.000000,0.000000,0
pk1,config17,3,FOUND INTEGER FEASIBLE,0.000559,0.006033,0,0,0,0,731.000000,731.000000,0.000000,0.000000,0
pk1,config21,1,FOUND INTEGER FEASIBLE,0.000641,0.006206,0,0,0,0,1072.000000,1072.000000,0.000000,0.000000,0
pk1,config21,2,FOUND INTEGER FEASIBLE,0.000567,0.006137,0,0,0,0,1072.000000,1072.000000,0.000000,0.000000,0
pk1,config21,3,FOUND INTEGER FEASIBLE,0.000563,0.006206,0,0,0,0,1072.000000,1072.000000,0.000000,0.000000,0
pk1,config23,1,FOUND INTEGER FEASIBLE,0.000588,0.006148,0,0,0,0,731.000000,731.000000,0.000000,0.000000,0
pk1,config23,2,FOUND INTEGER FEASIBLE,0.000556,0.006086,0,0,0,0,731.000000,731.000000,0.000000,0.000000,0
pk1,config23,3,FOUND INTEGER FEASIBLE,0.000596,0.006116,0,0,0,0,731.000000,731.000000,0.000000,0.000000,0
pk1,config19,1,FOUND INTEGER FEASIBLE,0.000000,0.005677,0,0,-1,-1,731.000000,731.000000,0.000000,0.000000,0
pk1,config19,2,FOUND INTEGER FEASIBLE,0.000000,0.008525,0,0,-1,-1,731.000000,731.000000,0.000000,0.000000,0
pk1,config19,3,FOUND INTEGER FEASIBLE,0.000000,0.004595,0,0,-1,-1,731.000000,731.000000,0.000000,0.000000,0
pk1,config18,1,FOUND INTEGER FEASIBLE,0.000000,0.005907,0,0,-1,-1,731.000000,731.000000,0.000000,0.000000,0
pk1,config18,2,FOUND INTEGER FEASIBLE,0.000000,0.005104,0,0,-1,-1,731.000000,731.000000,0.000000,0.000000,0
pk1,config18,3,FOUND INTEGER FEASIBLE,0.000000,0.004015,0,0,-1,-1,731.000000,731.000000,0.000000,0.000000,0
proteindesign121hz512p9,config1,1,FOUND INTEGER FEASIBLE,0.000000,2.231621,3,0,-1,-1,1510.000000,1510.000000,0.000000,0.000000,0
proteindesign121hz512p9,config1,2,FOUND INTEGER FEASIBLE,0.000000,2.465241,3,0,-1,-1,1510.000000,1510.000000,0.000000,0.000000,0
proteindesign121hz512p9,config1,3,FOUND INTEGER FEASIBLE,0.000000,2.480967,3,0,-1,-1,1510.000000,1510.000000,0.000000,0.000000,0
proteindesign121hz512p9,config3,1,FOUND INTEGER FEASIBLE,0.000000,47.694189,1519,0,-1,-1,1657.000000,1657.000000,0.000000,0.000000,0
proteindesign121hz512p9,config3,2,FOUND INTEGER FEASIBLE,0.000000,32.796464,1031,0,-1,-1,2474.000000,2474.000000,0.000000,0.000000,0
proteindesign121hz512p9,config3,3,FOUND INTEGER FEASIBLE,0.000000,28.519514,919,0,-1,-1,1598.000000,1598.000000,0.000000,0.000000,0
proteindesign121hz512p9,config20,1,FOUND INTEGER FEASIBLE,0.000000,909.892747,4435,0,-1,-1,2695.000000,2695.000000,0.000000,0.000000,0
proteindesign121hz512p9,config20,2,FOUND INTEGER FEASIBLE,0.000000,241.192770,1168,0,-1,-1,1672.000000,1672.000000,0.000000,0.000000,0
proteindesign121hz512p9,config20,3,FOUND INTEGER FEASIBLE,0.000000,12.396164,63,0,-1,-1,1526.000000,1526.000000,0.000000,0.000000,0
proteindesign121hz512p9,config16,1,FOUND INTEGER FEASIBLE,0.383955,2.778772,3,2,2,2,1510.000000,1510.000000,0.000000,0.000000,0
proteindesign121hz512p9,config16,2,FOUND INTEGER FEASIBLE,0.376791,2.525642,3,2,2,2,1510.000000,1510.000000,0.000000,0.000000,0
proteindesign121hz512p9,config16,3,FOUND INTEGER FEASIBLE,0.256053,1.825473,3,2,2,2,1510.000000,1510.000000,0.000000,0.000000,0
proteindesign121hz512p9,config17,1,FOUND INTEGER FEASIBLE,0.358833,7.026941,143,10,0,0,1514.000000,1514.000000,0.000000,0.000000,0
proteindesign121hz512p9,config17,2,FOUND INTEGER FEASIBLE,0.349613,32.461705,496,10,4,0,1634.000000,1634.000000,0.000000,0.000000,0
proteindesign121hz512p9,config17,3,FOUND INTEGER FEASIBLE,0.356572,97.176633,1364,10,10,0,1534.000000,1534.000000,0.000000,0.000000,0
proteindesign121hz512p9,config21,1,FOUND INTEGER FEASIBLE,0.360072,47.482976,591,10,6,0,1564.000000,1564.000000,0.000000,0.000000,0
proteindesign121hz512p9,config21,2,FOUND INTEGER FEASIBLE,0.355953,310.136461,6967,10,10,0,2201.000000,2201.000000,0.000000,0.000000,0
proteindesign121hz512p9,config21,3,FOUND INTEGER FEASIBLE,0.358001,117.085384,1906,10,10,0,1735.000000,1735.000000,0.000000,0.000000,0
proteindesign121hz512p9,config23,1,FOUND INTEGER FEASIBLE,0.224130,25.876749,356,10,3,0,1697.000000,1697.000000,0.000000,0.000000,0
proteindesign121hz512p9,config23,2,FOUND INTEGER FEASIBLE,0.322960,57.657943,760,10,6,0,1634.000000,1634.000000,0.000000,0.000000,0
proteindesign121hz512p9,config23,3,FOUND INTEGER FEASIBLE,0.355415,69.683280,946,10,9,0,1545.000000,1545.000000,0.000000,0.000000,0
proteindesign121hz512p9,config19,1,FOUND INTEGER FEASIBLE,0.000000,2.173897,0,0,-1,-1,1509.000000,1509.000000,0.000000,0.000000,0
proteindesign121hz512p9,config19,2,FOUND INTEGER FEASIBLE,0.000000,2.103261,0,0,-1,-1,1509.000000,1509.000000,0.000000,0.000000,0
proteindesign121hz512p9,config19,3,FOUND INTEGER FEASIBLE,0.000000,2.109637,0,0,-1,-1,1509.000000,1509.000000,0.000000,0.000000,0
proteindesign121hz512p9,config18,1,FOUND INTEGER FEASIBLE,0.000000,2.206530,0,0,-1,-1,1509.000000,1509.000000,0.000000,0.000000,0
proteindesign121hz512p9,config18,2,FOUND INTEGER FEASIBLE,0.000000,1.188182,0,0,-1,-1,1509.000000,1509.000000,0.000000,0.000000,0
proteindesign121hz512p9,config18,3,FOUND INTEGER FEASIBLE,0.000000,1.174205,0,0,-1,-1,1509.000000,1509.000000,0.000000,0.000000,0
proteindesign122trx11p8,config1,1,FOUND INTEGER FEASIBLE,0.000000,60.298591,341,0,-1,-1,1773.000000,1773.000000,0.000000,0.000000,0
proteindesign122trx11p8,config1,2,FOUND INTEGER FEASIBLE,0.000000,3.027417,3,0,-1,-1,1767.000000,1767.000000,0.000000,0.000000,0
proteindesign122trx11p8,config1,3,FOUND INTEGER FEASIBLE,0.000000,3.070725,5,0,-1,-1,2188.000000,2188.000000,0.000000,0.000000,0
proteindesign122trx11p8,config3,1,FOUND INTEGER FEASIBLE,0.000000,366.317295,1745,0,-1,-1,1855.000000,1855.000000,0.000000,0.000000,0
proteindesign122trx11p8,config3,2,FOUND INTEGER FEASIBLE,0.000000,3.308298,10,0,-1,-1,1767.000000,1767.000000,0.000000,0.000000,0
proteindesign122trx11p8,config3,3,FOUND INTEGER FEASIBLE,0.000000,13.515746,62,0,-1,-1,1767.000000,1767.000000,0.000000,0.000000,0
proteindesign122trx11p8,config20,1,FOUND INTEGER FEASIBLE,0.000000,575.496726,152,0,-1,-1,1780.000000,1780.000000,0.000000,0.000000,0
proteindesign122trx11p8,config20,2,FOUND INTEGER FEASIBLE,0.000000,16.164166,10,0,-1,-1,1767.000000,1767.000000,0.000000,0.000000,0
proteindesign122trx11p8,config20,3,FOUND INTEGER FEASIBLE,0.000000,874.068459,301,0,-1,-1,1811.000000,1811.000000,0.000000,0.000000,0
proteindesign122trx11p8,config16,1,FOUND INTEGER FEASIBLE,0.461988,65.884598,341,2,2,2,1773.000000,1773.000000,0.000000,0.000000,0
proteindesign122trx11p8,config16,2,FOUND INTEGER FEASIBLE,0.425278,3.271507,3,2,2,2,1767.000000,1767.000000,0.000000,0.000000,0
proteindesign122trx11p8,config16,3,FOUND INTEGER FEASIBLE,0.343823,3.016624,5,2,2,2,2188.000000,2188.000000,0.000000,0.000000,0
proteindesign122trx11p8,config17,1,FOUND INTEGER FEASIBLE,0.287673,55.137181,197,10,1,0,1875.000000,1875.000000,0.000000,0.000000,0
proteindesign122trx11p8,config17,2,FOUND INTEGER FEASIBLE,0.197865,342.316470,1135,10,10,0,1816.000000,1816.000000,0.000000,0.000000,0
proteindesign122trx11p8,config17,3,FOUND INTEGER FEASIBLE,0.290258,98.001542,348,10,2,0,1820.000000,1820.000000,0.000000,0.000000,0
proteindesign122trx11p8,config21,1,FOUND INTEGER FEASIBLE,0.294367,150.694073,567,10,4,0,3015.000000,3015.000000,0.000000,0.000000,0
proteindesign122trx11p8,config21,2,FOUND INTEGER FEASIBLE,0.226217,432.299832,1381,10,10,0,2198.000000,2198.000000,0.000000,0.000000,0
proteindesign122trx11p8,config21,3,FOUND INTEGER FEASIBLE,0.158076,24.980576,130,10,0,0,1918.000000,1918.000000,0.000000,0.000000,0
proteindesign122trx11p8,config23,1,FOUND INTEGER FEASIBLE,0.226212,279.283814,1148,10,10,0,1781.000000,1781.000000,0.000000,0.000000,0
proteindesign122trx11p8,config23,2,FOUND INTEGER FEASIBLE,0.288910,151.483353,510,10,5,0,1869.000000,1869.000000,0.000000,0.000000,0
proteindesign122trx11p8,config23,3,FOUND INTEGER FEASIBLE,0.293081,246.228131,833,10,9,0,2261.000000,2261.000000,0.000000,0.000000,0
proteindesign122trx11p8,config19,1,FOUND INTEGER FEASIBLE,0.000000,1.821907,0,0,-1,-1,1767.000000,1767.000000,0.000000,0.000000,0
proteindesign122trx11p8,config19,2,FOUND INTEGER FEASIBLE,0.000000,1.918819,0,0,-1,-1,1767.000000,1767.000000,0.000000,0.000000,0
proteindesign122trx11p8,config19,3,FOUND INTEGER FEASIBLE,0.000000,1.902245,0,0,-1,-1,1767.000000,1767.000000,0.000000,0.000000,0
proteindesign122trx11p8,config18,1,FOUND INTEGER FEASIBLE,0.000000,1.980116,0,0,-1,-1,1767.000000,1767.000000,0.000000,0.000000,0
proteindesign122trx11p8,config18,2,FOUND INTEGER FEASIBLE,0.000000,1.914473,0,0,-1,-1,1767.000000,1767.000000,0.000000,0.000000,0
proteindesign122trx11p8,config18,3,FOUND INTEGER FEASIBLE,0.000000,1.937044,0,0,-1,-1,1767.000000,1767.000000,0.000000,0.000000,0
qap10,config1,1,FOUND INTEGER FEASIBLE,0.000000,8.647488,1,0,-1,-1,374.000000,374.000000,0.000000,0.000000,0
qap10,config1,2,FOUND INTEGER FEASIBLE,0.000000,8.646681,1,0,-1,-1,374.000000,374.000000,0.000000,0.000000,0
qap10,config1,3,FOUND INTEGER FEASIBLE,0.000000,8.627658,1,0,-1,-1,374.000000,374.000000,0.000000,0.000000,0
qap10,config3,1,FOUND INTEGER FEASIBLE,0.000000,3.525470,1,0,-1,-1,494.000000,494.000000,0.000000,0.000000,0
qap10,config3,2,FOUND INTEGER FEASIBLE,0.000000,3.519991,1,0,-1,-1,494.000000,494.000000,0.000000,0.000000,0
qap10,config3,3,FOUND INTEGER FEASIBLE,0.000000,3.519379,1,0,-1,-1,494.000000,494.000000,0.000000,0.000000,0
qap10,config20,1,FOUND INTEGER FEASIBLE,0.000000,3.525787,1,0,-1,-1,494.000000,494.000000,0.000000,0.000000,0
qap10,config20,2,FOUND INTEGER FEASIBLE,0.000000,3.507632,1,0,-1,-1,494.000000,494.000000,0.000000,0.000000,0
qap10,config20,3,FOUND INTEGER FEASIBLE,0.000000,3.515776,1,0,-1,-1,494.000000,494.000000,0.000000,0.000000,0
qap10,config16,1,FOUND INTEGER FEASIBLE,5.460913,6.865986,96,4,1,0,340.000000,340.000000,0.000000,0.000000,0
qap10,config16,2,FOUND INTEGER FEASIBLE,5.093027,6.585062,96,4,1,0,410.000000,410.000000,0.000000,0.000000,0
qap10,config16,3,FOUND INTEGER FEASIBLE,4.721894,7.117315,93,4,1,0,462.000000,462.000000,0.000000,0.000000,0
qap10,config17,1,FOUND INTEGER FEASIBLE,7.095350,117.012666,98,8,1,0,506.000000,506.000000,0.000000,0.000000,0
qap10,config17,2,FOUND INTEGER FEASIBLE,7.049408,88.959248,75,8,0,0,546.000000,546.000000,0.000000,0.000000,0
qap10,config17,3,FOUND INTEGER FEASIBLE,7.304888,107.098046,89,8,1,0,480.000000,480.000000,0.000000,0.000000,0
qap10,config21,1,FOUND INTEGER FEASIBLE,8.317174,105.277166,94,8,1,0,480.000000,480.000000,0.000000,0.000000,0
qap10,config21,2,FOUND INTEGER FEASIBLE,9.158684,82.996504,72,8,0,0,546.000000,546.000000,0.000000,0.000000,0
qap10,config21,3,FOUND INTEGER FEASIBLE,7.409882,101.287932,88,8,1,0,480.000000,480.000000,0.000000,0.000000,0
qap10,config23,1,FOUND INTEGER FEASIBLE,7.162947,112.804863,98,8,1,0,506.000000,506.000000,0.000000,0.000000,0
qap10,config23,2,FOUND INTEGER FEASIBLE,7.809035,93.559160,75,8,0,0,546.000000,546.000000,0.000000,0.000000,0
qap10,config23,3,FOUND INTEGER FEASIBLE,8.133488,112.962258,89,8,1,0,480.000000,480.000000,0.000000,0.000000,0
qap10,config19,1,FOUND INTEGER FEASIBLE,0.000000,0.071942,0,0,-1,-1,506.000000,506.000000,0.000000,0.000000,0
qap10,config19,2,FOUND INTEGER FEASIBLE,0.000000,0.068198,0,0,-1,-1,506.000000,506.000000,0.000000,0.000000,0
qap10,config19,3,FOUND INTEGER FEASIBLE,0.000000,0.068193,0,0,-1,-1,506.000000,506.000000,0.000000,0.000000,0
qap10,config18,1,FOUND INTEGER FEASIBLE,0.000000,0.070157,0,0,-1,-1,506.000000,506.000000,0.000000,0.000000,0
qap10,config18,2,FOUND INTEGER FEASIBLE,0.000000,0.069575,0,0,-1,-1,506.000000,506.000000,0.000000,0.000000,0
qap10,config18,3,FOUND INTEGER FEASIBLE,0.000000,0.066229,0,0,-1,-1,506.000000,506.000000,0.000000,0.000000,0
radiationm18-12-05,config1,1,FOUND INTEGER FEASIBLE,0.000000,2.344654,174,0,-1,-1,65378.000000,65378.000000,0.000000,0.000000,0
radiationm18-12-05,config1,2,FOUND INTEGER FEASIBLE,0.000000,2.578055,210,0,-1,-1,70257.000000,70257.000000,0.000000,0.000000,0
radiationm18-12-05,config1,3,FOUND INTEGER FEASIBLE,0.000000,2.216228,166,0,-1,-1,65705.000000,65705.000000,0.000000,0.000000,0
radiationm18-12-05,config3,1,FOUND INTEGER FEASIBLE,0.000000,3.756691,374,0,-1,-1,62457.000000,62457.000000,0.000000,0.000000,0
radiationm18-12-05,config3,2,FOUND INTEGER FEASIBLE,0.000000,2.416564,217,0,-1,-1,66028.000000,66028.000000,0.000000,0.000000,0
radiationm18-12-05,config3,3,FOUND INTEGER FEASIBLE,0.000000,2.317350,155,0,-1,-1,51728.000000,51728.000000,0.000000,0.000000,0
radiationm18-12-05,config20,1,FOUND INTEGER FEASIBLE,0.000000,3.105822,177,0,-1,-1,63100.000000,63100.000000,0.000000,0.000000,0
radiationm18-12-05,config20,2,FOUND INTEGER FEASIBLE,0.000000,3.515147,187,0,-1,-1,68307.000000,68307.000000,0.000000,0.000000,0
radiationm18-12-05,config20,3,FOUND INTEGER FEASIBLE,0.000000,8.432986,548,0,-1,-1,64732.000000,64732.000000,0.000000,0.000000,0
radiationm18-12-05,config16,1,FOUND INTEGER FEASIBLE,0.108390,1.093900,75,9,0,0,39370.000000,39370.000000,0.000000,0.000000,0
radiationm18-12-05,config16,2,FOUND INTEGER FEASIBLE,0.108492,1.120410,100,9,0,0,43916.000000,43916.000000,0.000000,0.000000,0
radiationm18-12-05,config16,3,FOUND INTEGER FEASIBLE,0.108846,0.779967,43,9,0,0,40669.000000,40669.000000,0.000000,0.000000,0
radiationm18-12-05,config17,1,FOUND INTEGER FEASIBLE,0.042347,0.852162,84,10,0,0,29290.000000,29290.000000,0.000000,0.000000,0
radiationm18-12-05,config17,2,FOUND INTEGER FEASIBLE,0.042487,1.923391,201,10,2,0,32867.000000,32867.000000,0.000000,0.000000,0
radiationm18-12-05,config17,3,FOUND INTEGER FEASIBLE,0.042222,2.109498,217,10,3,0,29617.000000,29617.000000,0.000000,0.000000,0
radiationm18-12-05,config21,1,FOUND INTEGER FEASIBLE,0.048720,0.348281,46,7,2,2,57569.000000,57569.000000,0.000000,0.000000,0
radiationm18-12-05,config21,2,FOUND INTEGER FEASIBLE,0.071648,0.491199,20,7,2,2,54971.000000,54971.000000,0.000000,0.000000,0
radiationm18-12-05,config21,3,FOUND INTEGER FEASIBLE,0.094860,0.707555,31,7,2,2,53993.000000,53993.000000,0.000000,0.000000,0
radiationm18-12-05,config23,1,FOUND INTEGER FEASIBLE,0.094991,1.097457,126,7,2,2,57579.000000,57579.000000,0.000000,0.000000,0
radiationm18-12-05,config23,2,FOUND INTEGER FEASIBLE,0.095190,0.973378,93,7,2,2,52704.000000,52704.000000,0.000000,0.000000,0
radiationm18-12-05,config23,3,FOUND INTEGER FEASIBLE,0.095012,0.799108,68,7,2,2,60503.000000,60503.000000,0.000000,0.000000,0
radiationm18-12-05,config19,1,FOUND INTEGER FEASIBLE,0.000000,0.384253,0,0,-1,-1,105624.000000,105624.000000,0.000000,0.000000,0
radiationm18-12-05,config19,2,FOUND INTEGER FEASIBLE,0.000000,0.351955,0,0,-1,-1,105624.000000,105624.000000,0.000000,0.000000,0
radiationm18-12-05,config19,3,FOUND INTEGER FEASIBLE,0.000000,0.353614,0,0,-1,-1,105624.000000,105624.000000,0.000000,0.000000,0
radiationm18-12-05,config18,1,FOUND INTEGER FEASIBLE,0.000000,0.379256,0,0,-1,-1,105624.000000,105624.000000,0.000000,0.000000,0
radiationm18-12-05,config18,2,FOUND INTEGER FEASIBLE,0.000000,0.347319,0,0,-1,-1,105624.000000,105624.000000,0.000000,0.000000,0
radiationm18-12-05,config18,3,FOUND INTEGER FEASIBLE,0.000000,0.349489,0,0,-1,-1,105624.000000,105624.000000,0.000000,0.000000,0
radiationm40-10-02,config1,1,FAILED TO FIND AN INTEGER FEASIBLE SOLUTION,0.000000,73.196832,2266,0,-1,-1,0.000000,0.000000,0.120056,7.030014,24
radiationm40-10-02,config1,2,FAILED TO FIND AN INTEGER FEASIBLE SOLUTION,0.000000,79.719981,2470,0,-1,-1,0.000000,0.000000,0.005000,0.001250,0
radiationm40-10-02,config1,3,FAILED TO FIND AN INTEGER FEASIBLE SOLUTION,0.000000,69.591487,2196,0,-1,-1,0.000000,0.000000,3.327528,16.431882,40
radiationm40-10-02,config3,1,FAILED TO FIND AN INTEGER FEASIBLE SOLUTION,0.000000,80.363220,2168,0,-1,-1,0.000000,0.000000,0.100025,21.025006,24
radiationm40-10-02,config3,2,FOUND INTEGER FEASIBLE,0.000000,9.811277,348,0,-1,-1,446772.000000,446772.000000,0.000000,0.000000,0
radiationm40-10-02,config3,3,FAILED TO FIND AN INTEGER FEASIBLE SOLUTION,0.000000,76.999435,2361,0,-1,-1,0.000000,0.000000,0.022474,0.005618,4
radiationm40-10-02,config20,1,FAILED TO FIND AN INTEGER FEASIBLE SOLUTION,0.000000,255.285134,2178,0,-1,-1,0.000000,0.000000,0.062516,0.015629,4
radiationm40-10-02,config20,2,FAILED TO FIND AN INTEGER FEASIBLE SOLUTION,0.000000,242.475931,2325,0,-1,-1,0.000000,0.000000,0.012500,0.003125,0
radiationm40-10-02,config20,3,FAILED TO FIND AN INTEGER FEASIBLE SOLUTION,0.000000,210.873540,2242,0,-1,-1,0.000000,0.000000,0.020000,0.005000,0
radiationm40-10-02,config16,1,FOUND INTEGER FEASIBLE,1.201996,5.676709,145,12,1,1,393925.000000,393925.000000,0.000000,0.000000,0
radiationm40-10-02,config16,2,FOUND INTEGER FEASIBLE,1.313140,6.532620,238,12,1,1,365110.000000,365110.000000,0.000000,0.000000,0
radiationm40-10-02,config16,3,FOUND INTEGER FEASIBLE,1.072596,5.499040,154,12,1,1,368304.000000,368304.000000,0.000000,0.000000,0
radiationm40-10-02,config17,1,FOUND INTEGER FEASIBLE,0.191034,8.921484,262,10,2,0,288258.000000,288258.000000,0.000000,0.000000,0
radiationm40-10-02,config17,2,FOUND INTEGER FEASIBLE,0.142045,5.964782,260,10,1,0,232217.000000,232217.000000,0.000000,0.000000,0
radiationm40-10-02,config17,3,FOUND INTEGER FEASIBLE,0.190380,4.924678,181,10,1,0,273852.000000,273852.000000,0.000000,0.000000,0
radiationm40-10-02,config21,1,FOUND INTEGER FEASIBLE,0.227594,2.055169,63,6,2,2,385913.000000,385913.000000,0.000000,0.000000,0
radiationm40-10-02,config21,2,FOUND INTEGER FEASIBLE,0.431254,7.263250,197,6,4,2,429148.000000,429148.000000,0.000000,0.000000,0
radiationm40-10-02,config21,3,FOUND INTEGER FEASIBLE,0.431150,2.648498,41,6,2,2,414736.000000,414736.000000,0.000000,0.000000,0
radiationm40-10-02,config23,1,FOUND INTEGER FEASIBLE,0.431697,5.600406,345,6,2,2,390729.000000,390729.000000,0.000000,0.000000,0
radiationm40-10-02,config23,2,FOUND INTEGER FEASIBLE,0.444909,5.745269,314,6,2,2,384332.000000,384332.000000,0.000000,0.000000,0
radiationm40-10-02,config23,3,FOUND INTEGER FEASIBLE,0.226266,4.589901,240,6,3,2,333091.000000,333091.000000,0.000000,0.000000,0
radiationm40-10-02,config19,1,FOUND INTEGER FEASIBLE,0.000000,1.753297,0,0,-1,-1,2563200.000000,2563200.000000,0.000000,0.000000,0
radiationm40-10-02,config19,2,FOUND INTEGER FEASIBLE,0.000000,1.601268,0,0,-1,-1,2563200.000000,2563200.000000,0.000000,0.000000,0
radiationm40-10-02,config19,3,FOUND INTEGER FEASIBLE,0.000000,1.605750,0,0,-1,-1,2563200.000000,2563200.000000,0.000000,0.000000,0
radiationm40-10-02,config18,1,FOUND INTEGER FEASIBLE,0.000000,1.732861,0,0,-1,-1,2563200.000000,2563200.000000,0.000000,0.000000,0
radiationm40-10-02,config18,2,FOUND INTEGER FEASIBLE,0.000000,1.619739,0,0,-1,-1,2563200.000000,2563200.000000,0.000000,0.000000,0
radiationm40-10-02,config18,3,FOUND INTEGER FEASIBLE,0.000000,1.582429,0,0,-1,-1,2563200.000000,2563200.000000,0.000000,0.000000,0
rail01,config1,1,FOUND INTEGER FEASIBLE,0.000000,658.468370,12,0,-1,-1,-9.909161,-9.909161,0.000000,0.000000,0
rail01,config1,2,FOUND INTEGER FEASIBLE,0.000000,1482.179651,12,0,-1,-1,-9.913327,-9.913327,0.000000,0.000000,0
rail01,config1,3,FOUND INTEGER FEASIBLE,0.000000,634.407051,13,0,-1,-1,-9.913327,-9.913327,0.000000,0.000000,0
rail01,config3,1,FOUND INTEGER FEASIBLE,0.000000,92.334014,12,0,-1,-1,-7.406662,-7.406662,0.000000,0.000000,0
rail01,config3,2,FOUND INTEGER FEASIBLE,0.000000,97.380108,12,0,-1,-1,-7.410829,-7.410829,0.000000,0.000000,0
rail01,config3,3,FOUND INTEGER FEASIBLE,0.000000,99.088356,12,0,-1,-1,-7.435829,-7.435829,0.000000,0.000000,0
rail01,config20,1,FOUND INTEGER FEASIBLE,0.000000,147.153745,4,0,-1,-1,-8.661660,-8.661660,0.000000,0.000000,0
rail01,config20,2,FOUND INTEGER FEASIBLE,0.000000,147.325236,4,0,-1,-1,-8.661660,-8.661660,0.000000,0.000000,0
rail01,config20,3,FOUND INTEGER FEASIBLE,0.000000,125.319126,14,0,-1,-1,-13.870826,-13.870826,0.000000,0.000000,0
rail01,config16,1,FOUND INTEGER FEASIBLE,43.346112,531.730419,13,2,2,2,-25.289993,-25.289993,0.000000,0.000000,0
rail01,config16,2,FOUND INTEGER FEASIBLE,44.060550,548.791374,12,2,2,2,-25.335827,-25.335827,0.000000,0.000000,0
rail01,config16,3,FOUND INTEGER FEASIBLE,41.864119,546.826829,12,2,2,2,-25.360827,-25.360827,0.000000,0.000000,0
rail01,config17,1,FOUND INTEGER FEASIBLE,34.393648,93.162463,13,9,1,1,-12.447496,-12.447496,0.000000,0.000000,0
rail01,config17,2,FOUND INTEGER FEASIBLE,36.841227,91.525171,14,9,1,1,-12.447496,-12.447496,0.000000,0.000000,0
rail01,config17,3,FOUND INTEGER FEASIBLE,34.695305,92.127055,16,9,1,1,-12.447496,-12.447496,0.000000,0.000000,0
rail01,config21,1,FOUND INTEGER FEASIBLE,102.246081,630.167522,332,12,5,1,-28.506658,-28.506658,0.000000,0.000000,0
rail01,config21,2,FOUND INTEGER FEASIBLE,103.466861,630.979429,325,12,5,1,-18.597491,-18.597491,0.000000,0.000000,0
rail01,config21,3,FOUND INTEGER FEASIBLE,107.873863,668.690528,327,12,5,1,-33.579988,-33.579988,0.000000,0.000000,0
rail01,config23,1,FOUND INTEGER FEASIBLE,112.495321,648.667113,326,12,5,1,-8.169160,-8.169160,0.000000,0.000000,0
rail01,config23,2,FOUND INTEGER FEASIBLE,104.147926,595.493454,354,12,5,1,-8.161660,-8.161660,0.000000,0.000000,0
rail01,config23,3,FOUND INTEGER FEASIBLE,115.217192,642.427826,307,12,5,1,-8.174160,-8.174160,0.000000,0.000000,0
rail01,config19,1,FOUND INTEGER FEASIBLE,0.000000,505.904699,0,0,-1,-1,-70.382465,-70.382465,0.000000,0.000000,0
rail01,config19,2,FOUND INTEGER FEASIBLE,0.000000,502.297164,0,0,-1,-1,-70.382465,-70.382465,0.000000,0.000000,0
rail01,config19,3,FOUND INTEGER FEASIBLE,0.000000,501.931637,0,0,-1,-1,-70.382465,-70.382465,0.000000,0.000000,0
rail01,config18,1,FOUND INTEGER FEASIBLE,0.000000,342.918454,0,0,-1,-1,-65.098300,-65.098300,0.000000,0.000000,0
rail01,config18,2,FOUND INTEGER FEASIBLE,0.000000,341.919245,0,0,-1,-1,-65.098300,-65.098300,0.000000,0.000000,0
rail01,config18,3,FOUND INTEGER FEASIBLE,0.000000,340.955201,0,0,-1,-1,-65.098300,-65.098300,0.000000,0.000000,0
rail02,config1,1,FAILED TO FIND AN INTEGER FEASIBLE SOLUTION,0.000000,3600,1,0,-1,-1,0.000000,0.000000,270869.000000,100000000000000000000.000000,270869
rail02,config1,2,FAILED TO FIND AN INTEGER FEASIBLE SOLUTION,0.000000,3600,1,0,-1,-1,0.000000,0.000000,270869.000000,100000000000000000000.000000,270869
rail02,config1,3,FAILED TO FIND AN INTEGER FEASIBLE SOLUTION,0.000000,3600,1,0,-1,-1,0.000000,0.000000,270869.000000,100000000000000000000.000000,270869
rail02,config3,1,FOUND INTEGER FEASIBLE,0.000000,704.827956,0,0,-1,-1,-45.327758,-45.327758,0.000000,0.000000,0
rail02,config3,2,FOUND INTEGER FEASIBLE,0.000000,701.144778,0,0,-1,-1,-45.327758,-45.327758,0.000000,0.000000,0
rail02,config3,3,FOUND INTEGER FEASIBLE,0.000000,699.957706,0,0,-1,-1,-45.327758,-45.327758,0.000000,0.000000,0
rail02,config20,1,FOUND INTEGER FEASIBLE,0.000000,1624.141362,1,0,-1,-1,-68.733281,-68.733281,0.000000,0.000000,0
rail02,config20,2,FOUND INTEGER FEASIBLE,0.000000,3417.243677,4,0,-1,-1,-68.733281,-68.733281,0.000000,0.000000,0
rail02,config20,3,FOUND INTEGER FEASIBLE,0.000000,1595.395899,1,0,-1,-1,-68.733281,-68.733281,0.000000,0.000000,0
rail02,config16,1,FOUND INTEGER FEASIBLE,617.761465,2181.258173,3,6,4,2,-92.155529,-92.155529,0.000000,0.000000,0
rail02,config16,2,FOUND INTEGER FEASIBLE,619.729470,2330.247693,6,6,5,2,-107.627719,-107.627719,0.000000,0.000000,0
rail02,config16,3,FOUND INTEGER FEASIBLE,618.760981,2191.598427,3,6,4,2,-91.977747,-91.977747,0.000000,0.000000,0
rail02,config17,1,FOUND INTEGER FEASIBLE,456.492272,459.221042,0,2,1,1,-45.327758,-45.327758,0.000000,0.000000,0
rail02,config17,2,FOUND INTEGER FEASIBLE,495.398159,498.608568,0,2,1,1,-45.327758,-45.327758,0.000000,0.000000,0
rail02,config17,3,FOUND INTEGER FEASIBLE,478.210955,480.148028,0,2,1,1,-45.327758,-45.327758,0.000000,0.000000,0
rail02,config21,1,FAILED TO FIND AN INTEGER FEASIBLE SOLUTION,980.684431,3600,0,12,11,-1,0.000000,0.000000,270869.000000,100000000000000000000.000000,270869
rail02,config21,2,FAILED TO FIND AN INTEGER FEASIBLE SOLUTION,1022.819792,3600,0,12,12,-1,0.000000,0.000000,270869.000000,100000000000000000000.000000,270869
rail02,config21,3,FAILED TO FIND AN INTEGER FEASIBLE SOLUTION,1017.809722,3600,0,12,12,-1,0.000000,0.000000,270869.000000,100000000000000000000.000000,270869
rail02,config23,1,FAILED TO FIND AN INTEGER FEASIBLE SOLUTION,1016.889886,3600,0,12,12,-1,0.000000,0.000000,270869.000000,100000000000000000000.000000,270869
rail02,config23,2,FAILED TO FIND AN INTEGER FEASIBLE SOLUTION,1008.201935,3600,0,12,12,-1,0.000000,0.000000,270869.000000,100000000000000000000.000000,270869
rail02,config23,3,FAILED TO FIND AN INTEGER FEASIBLE SOLUTION,1019.196427,3600,0,12,12,-1,0.000000,0.000000,270869.000000,100000000000000000000.000000,270869
rail02,config19,1,FOUND INTEGER FEASIBLE,0.000000,1518.058682,0,0,-1,-1,-198.355500,-198.355500,0.000000,0.000000,0
rail02,config19,2,FOUND INTEGER FEASIBLE,0.000000,1509.139054,0,0,-1,-1,-198.355500,-198.355500,0.000000,0.000000,0
rail02,config19,3,FOUND INTEGER FEASIBLE,0.000000,1525.820398,0,0,-1,-1,-198.355500,-198.355500,0.000000,0.000000,0
rail02,config18,1,FOUND INTEGER FEASIBLE,0.000000,3030.798203,0,0,-1,-1,-193.699920,-193.699920,0.000000,0.000000,0
rail02,config18,2,FOUND INTEGER FEASIBLE,0.000000,3027.847818,0,0,-1,-1,-193.699920,-193.699920,0.000000,0.000000,0
rail02,config18,3,FOUND INTEGER FEASIBLE,0.000000,3032.399461,0,0,-1,-1,-193.699920,-193.699920,0.000000,0.000000,0
rail507,config1,1,FOUND INTEGER FEASIBLE,0.000000,3.510924,1,0,-1,-1,199.000000,199.000000,0.000000,0.000000,0
rail507,config1,2,FOUND INTEGER FEASIBLE,0.000000,3.317227,1,0,-1,-1,194.000000,194.000000,0.000000,0.000000,0
rail507,config1,3,FOUND INTEGER FEASIBLE,0.000000,2.530713,1,0,-1,-1,268.000000,268.000000,0.000000,0.000000,0
rail507,config3,1,FOUND INTEGER FEASIBLE,0.000000,3.509868,1,0,-1,-1,227.000000,227.000000,0.000000,0.000000,0
rail507,config3,2,FOUND INTEGER FEASIBLE,0.000000,3.855180,1,0,-1,-1,217.000000,217.000000,0.000000,0.000000,0
rail507,config3,3,FOUND INTEGER FEASIBLE,0.000000,3.597309,1,0,-1,-1,310.000000,310.000000,0.000000,0.000000,0
rail507,config20,1,FOUND INTEGER FEASIBLE,0.000000,0.636759,0,0,-1,-1,19711.000000,19711.000000,0.000000,0.000000,0
rail507,config20,2,FOUND INTEGER FEASIBLE,0.000000,1.115180,0,0,-1,-1,19711.000000,19711.000000,0.000000,0.000000,0
rail507,config20,3,FOUND INTEGER FEASIBLE,0.000000,1.107913,0,0,-1,-1,19711.000000,19711.000000,0.000000,0.000000,0
rail507,config16,1,FOUND INTEGER FEASIBLE,0.868920,1.929527,1,10,0,0,197.000000,197.000000,0.000000,0.000000,0
rail507,config16,2,FOUND INTEGER FEASIBLE,0.463893,1.068746,1,10,0,0,191.000000,191.000000,0.000000,0.000000,0
rail507,config16,3,FOUND INTEGER FEASIBLE,0.470439,0.991032,1,10,0,0,262.000000,262.000000,0.000000,0.000000,0
rail507,config17,1,FOUND INTEGER FEASIBLE,1.475064,2.513461,1,5,0,0,225.000000,225.000000,0.000000,0.000000,0
rail507,config17,2,FOUND INTEGER FEASIBLE,1.471426,2.523299,1,5,0,0,217.000000,217.000000,0.000000,0.000000,0
rail507,config17,3,FOUND INTEGER FEASIBLE,0.957401,1.495250,1,5,0,0,304.000000,304.000000,0.000000,0.000000,0
rail507,config21,1,FOUND INTEGER FEASIBLE,0.018280,0.937466,0,1,1,1,19711.000000,19711.000000,0.000000,0.000000,0
rail507,config21,2,FOUND INTEGER FEASIBLE,0.019638,1.228780,0,1,1,1,19711.000000,19711.000000,0.000000,0.000000,0
rail507,config21,3,FOUND INTEGER FEASIBLE,0.019202,1.223246,0,1,1,1,19711.000000,19711.000000,0.000000,0.000000,0
rail507,config23,1,FOUND INTEGER FEASIBLE,0.019480,3.184026,1,1,1,1,221.000000,221.000000,0.000000,0.000000,0
rail507,config23,2,FOUND INTEGER FEASIBLE,0.013425,2.368064,1,1,1,1,211.000000,211.000000,0.000000,0.000000,0
rail507,config23,3,FOUND INTEGER FEASIBLE,0.019102,2.861123,1,1,1,1,316.000000,316.000000,0.000000,0.000000,0
rail507,config19,1,FOUND INTEGER FEASIBLE,0.000000,0.181370,0,0,-1,-1,753.000000,753.000000,0.000000,0.000000,0
rail507,config19,2,FOUND INTEGER FEASIBLE,0.000000,0.214667,0,0,-1,-1,753.000000,753.000000,0.000000,0.000000,0
rail507,config19,3,FOUND INTEGER FEASIBLE,0.000000,0.166213,0,0,-1,-1,753.000000,753.000000,0.000000,0.000000,0
rail507,config18,1,FOUND INTEGER FEASIBLE,0.000000,0.184525,0,0,-1,-1,753.000000,753.000000,0.000000,0.000000,0
rail507,config18,2,FOUND INTEGER FEASIBLE,0.000000,0.211822,0,0,-1,-1,753.000000,753.000000,0.000000,0.000000,0
rail507,config18,3,FOUND INTEGER FEASIBLE,0.000000,0.163449,0,0,-1,-1,753.000000,753.000000,0.000000,0.000000,0
ran14x18-disj-8,config1,1,FOUND INTEGER FEASIBLE,0.000000,0.128834,2,0,-1,-1,7225.000000,7181.000000,0.000000,0.000000,0
ran14x18-disj-8,config1,2,FOUND INTEGER FEASIBLE,0.000000,0.129035,3,0,-1,-1,6104.000000,6076.000000,0.000000,0.000000,0
ran14x18-disj-8,config1,3,FOUND INTEGER FEASIBLE,0.000000,0.122221,1,0,-1,-1,5115.000000,5008.000000,0.000000,0.000000,0
ran14x18-disj-8,config3,1,FOUND INTEGER FEASIBLE,0.000000,0.067254,2,0,-1,-1,8534.000000,8494.000000,0.000000,0.000000,0
ran14x18-disj-8,config3,2,FOUND INTEGER FEASIBLE,0.000000,0.068188,3,0,-1,-1,6764.000000,6749.000000,0.000000,0.000000,0
ran14x18-disj-8,config3,3,FOUND INTEGER FEASIBLE,0.000000,0.068524,2,0,-1,-1,7249.000000,7161.000000,0.000000,0.000000,0
ran14x18-disj-8,config20,1,FOUND INTEGER FEASIBLE,0.000000,0.033507,0,0,-1,-1,43657.000000,42289.000000,0.000000,0.000000,0
ran14x18-disj-8,config20,2,FOUND INTEGER FEASIBLE,0.000000,0.018137,0,0,-1,-1,43657.000000,42289.000000,0.000000,0.000000,0
ran14x18-disj-8,config20,3,FOUND INTEGER FEASIBLE,0.000000,0.030174,0,0,-1,-1,43657.000000,42289.000000,0.000000,0.000000,0
ran14x18-disj-8,config16,1,FOUND INTEGER FEASIBLE,0.074991,0.117119,2,11,0,0,6559.000000,6526.000000,0.000000,0.000000,0
ran14x18-disj-8,config16,2,FOUND INTEGER FEASIBLE,0.074845,0.116266,3,11,0,0,6638.000000,6638.000000,0.000000,0.000000,0
ran14x18-disj-8,config16,3,FOUND INTEGER FEASIBLE,0.075121,0.111979,1,11,0,0,6146.000000,6120.000000,0.000000,0.000000,0
ran14x18-disj-8,config17,1,FOUND INTEGER FEASIBLE,0.036544,0.099540,2,9,0,0,6677.000000,6677.000000,0.000000,0.000000,0
ran14x18-disj-8,config17,2,FOUND INTEGER FEASIBLE,0.036931,0.099089,3,9,0,0,7231.000000,7222.000000,0.000000,0.000000,0
ran14x18-disj-8,config17,3,FOUND INTEGER FEASIBLE,0.033840,0.091251,2,9,0,0,7160.000000,7124.000000,0.000000,0.000000,0
ran14x18-disj-8,config21,1,FOUND INTEGER FEASIBLE,0.001834,0.028072,0,0,0,0,43657.000000,42289.000000,0.000000,0.000000,0
ran14x18-disj-8,config21,2,FOUND INTEGER FEASIBLE,0.003365,0.051229,0,0,0,0,43657.000000,42289.000000,0.000000,0.000000,0
ran14x18-disj-8,config21,3,FOUND INTEGER FEASIBLE,0.003006,0.044946,0,0,0,0,43657.000000,42289.000000,0.000000,0.000000,0
ran14x18-disj-8,config23,1,FOUND INTEGER FEASIBLE,0.002683,0.068215,2,0,0,0,8534.000000,8494.000000,0.000000,0.000000,0
ran14x18-disj-8,config23,2,FOUND INTEGER FEASIBLE,0.002335,0.063115,3,0,0,0,6764.000000,6749.000000,0.000000,0.000000,0
ran14x18-disj-8,config23,3,FOUND INTEGER FEASIBLE,0.002867,0.068095,2,0,0,0,7249.000000,7161.000000,0.000000,0.000000,0
ran14x18-disj-8,config19,1,FOUND INTEGER FEASIBLE,0.000000,0.030832,0,0,-1,-1,43155.000000,42289.000000,0.000000,0.000000,0
ran14x18-disj-8,config19,2,FOUND INTEGER FEASIBLE,0.000000,0.018069,0,0,-1,-1,43155.000000,42289.000000,0.000000,0.000000,0
ran14x18-disj-8,config19,3,FOUND INTEGER FEASIBLE,0.000000,0.027027,0,0,-1,-1,43155.000000,42289.000000,0.000000,0.000000,0
ran14x18-disj-8,config18,1,FOUND INTEGER FEASIBLE,0.000000,0.029946,0,0,-1,-1,43155.000000,42289.000000,0.000000,0.000000,0
ran14x18-disj-8,config18,2,FOUND INTEGER FEASIBLE,0.000000,0.019776,0,0,-1,-1,43155.000000,42289.000000,0.000000,0.000000,0
ran14x18-disj-8,config18,3,FOUND INTEGER FEASIBLE,0.000000,0.026958,0,0,-1,-1,43155.000000,42289.000000,0.000000,0.000000,0
rd-rplusc-21,config1,1,FAILED TO FIND AN INTEGER FEASIBLE SOLUTION,0.000000,953.683291,12000,0,-1,-1,0.000000,0.000000,0.046719,0.046719,2
rd-rplusc-21,config1,2,FAILED TO FIND AN INTEGER FEASIBLE SOLUTION,0.000000,959.315101,12000,0,-1,-1,0.000000,0.000000,0.013701,0.013701,2
rd-rplusc-21,config1,3,FAILED TO FIND AN INTEGER FEASIBLE SOLUTION,0.000000,974.984477,12000,0,-1,-1,0.000000,0.000000,0.056150,0.056150,4
rd-rplusc-21,config3,1,FAILED TO FIND AN INTEGER FEASIBLE SOLUTION,0.000000,719.831147,12000,0,-1,-1,0.000000,0.000000,0.047497,0.047497,2
rd-rplusc-21,config3,2,FAILED TO FIND AN INTEGER FEASIBLE SOLUTION,0.000000,683.944391,12000,0,-1,-1,0.000000,0.000000,0.149256,0.149256,9
rd-rplusc-21,config3,3,FAILED TO FIND AN INTEGER FEASIBLE SOLUTION,0.000000,710.465364,12000,0,-1,-1,0.000000,0.000000,0.020461,0.020461,2
rd-rplusc-21,config20,1,FAILED TO FIND AN INTEGER FEASIBLE SOLUTION,0.000000,797.319137,12000,0,-1,-1,0.000000,0.000000,0.090324,0.090324,4
rd-rplusc-21,config20,2,FAILED TO FIND AN INTEGER FEASIBLE SOLUTION,0.000000,715.360675,12000,0,-1,-1,0.000000,0.000000,0.125412,0.125412,2
rd-rplusc-21,config20,3,FAILED TO FIND AN INTEGER FEASIBLE SOLUTION,0.000000,726.324684,12000,0,-1,-1,0.000000,0.000000,0.107786,0.107786,2
rd-rplusc-21,config16,1,FAILED TO FIND AN INTEGER FEASIBLE SOLUTION,0.411319,447.564885,12000,6,6,0,0.000000,0.000000,0.022472,0.022472,2
rd-rplusc-21,config16,2,FAILED TO FIND AN INTEGER FEASIBLE SOLUTION,0.275996,419.943939,12000,6,6,0,0.000000,0.000000,0.046632,0.046632,2
rd-rplusc-21,config16,3,FAILED TO FIND AN INTEGER FEASIBLE SOLUTION,0.370409,448.971348,12000,6,6,0,0.000000,0.000000,0.034855,0.034855,2
rd-rplusc-21,config17,1,FAILED TO FIND AN INTEGER FEASIBLE SOLUTION,0.293818,433.936471,12000,8,8,0,0.000000,0.000000,0.144707,0.144707,7
rd-rplusc-21,config17,2,FAILED TO FIND AN INTEGER FEASIBLE SOLUTION,0.290811,426.582209,12000,8,8,0,0.000000,0.000000,0.108270,0.108270,4
rd-rplusc-21,config17,3,FAILED TO FIND AN INTEGER FEASIBLE SOLUTION,0.294605,435.648473,12000,8,8,0,0.000000,0.000000,0.106511,0.106511,2
rd-rplusc-21,config21,1,FAILED TO FIND AN INTEGER FEASIBLE SOLUTION,0.293935,463.614464,12000,10,10,1,0.000000,0.000000,0.113027,0.113027,4
rd-rplusc-21,config21,2,FAILED TO FIND AN INTEGER FEASIBLE SOLUTION,0.289463,440.681225,12000,10,10,1,0.000000,0.000000,0.064022,0.064022,2
rd-rplusc-21,config21,3,FAILED TO FIND AN INTEGER FEASIBLE SOLUTION,0.294577,455.856823,12000,10,10,1,0.000000,0.000000,0.045147,0.045147,2
rd-rplusc-21,config23,1,FAILED TO FIND AN INTEGER FEASIBLE SOLUTION,0.180767,425.629944,12000,10,10,1,0.000000,0.000000,0.110157,0.110157,4
rd-rplusc-21,config23,2,FAILED TO FIND AN INTEGER FEASIBLE SOLUTION,0.294092,466.841549,12000,10,10,1,0.000000,0.000000,0.106762,0.106762,2
rd-rplusc-21,config23,3,FAILED TO FIND AN INTEGER FEASIBLE SOLUTION,0.285824,456.814989,12000,10,10,1,0.000000,0.000000,0.078882,0.078882,4
rd-rplusc-21,config19,1,FOUND INTEGER FEASIBLE,0.000000,25.080567,0,0,-1,-1,181833.335815,181833.335815,0.000000,0.000000,0
rd-rplusc-21,config19,2,FOUND INTEGER FEASIBLE,0.000000,25.001187,0,0,-1,-1,181833.335815,181833.335815,0.000000,0.000000,0
rd-rplusc-21,config19,3,FOUND INTEGER FEASIBLE,0.000000,25.005870,0,0,-1,-1,181833.335815,181833.335815,0.000000,0.000000,0
rd-rplusc-21,config18,1,FOUND INTEGER FEASIBLE,0.000000,25.813596,0,0,-1,-1,175222.466883,175222.466883,0.000000,0.000000,0
rd-rplusc-21,config18,2,FOUND INTEGER FEASIBLE,0.000000,27.128953,0,0,-1,-1,175222.466883,175222.466883,0.000000,0.000000,0
rd-rplusc-21,config18,3,FOUND INTEGER FEASIBLE,0.000000,26.059149,0,0,-1,-1,175222.466883,175222.466883,0.000000,0.000000,0
reblock115,config1,1,FOUND INTEGER FEASIBLE,0.000000,0.768892,8,0,-1,-1,-31113799.051076,-31113799.051076,0.000000,0.000000,0
reblock115,config1,2,FOUND INTEGER FEASIBLE,0.000000,0.875703,8,0,-1,-1,-6963521.373231,-6963521.373231,0.000000,0.000000,0
reblock115,config1,3,FOUND INTEGER FEASIBLE,0.000000,0.934203,12,0,-1,-1,-30418446.922070,-30418446.922070,0.000000,0.000000,0
reblock115,config3,1,FOUND INTEGER FEASIBLE,0.000000,0.082635,0,0,-1,-1,0.000000,0.000000,0.000000,0.000000,0
reblock115,config3,2,FOUND INTEGER FEASIBLE,0.000000,0.082276,0,0,-1,-1,0.000000,0.000000,0.000000,0.000000,0
reblock115,config3,3,FOUND INTEGER FEASIBLE,0.000000,0.081610,0,0,-1,-1,0.000000,0.000000,0.000000,0.000000,0
reblock115,config20,1,FOUND INTEGER FEASIBLE,0.000000,0.248850,12,0,-1,-1,-29172817.522068,-29172817.522068,0.000000,0.000000,0
reblock115,config20,2,FOUND INTEGER FEASIBLE,0.000000,0.277698,13,0,-1,-1,-28741336.394285,-28741336.394285,0.000000,0.000000,0
reblock115,config20,3,FOUND INTEGER FEASIBLE,0.000000,0.245179,18,0,-1,-1,-31048418.770796,-31048418.770796,0.000000,0.000000,0
reblock115,config16,1,FOUND INTEGER FEASIBLE,0.131466,0.162918,2,8,0,0,-2235079.935786,-2235079.935786,0.000000,0.000000,0
reblock115,config16,2,FOUND INTEGER FEASIBLE,0.132998,0.163083,1,8,0,0,-2035635.180669,-2035635.180669,0.000000,0.000000,0
reblock115,config16,3,FOUND INTEGER FEASIBLE,0.245522,0.300311,2,8,0,0,-2235079.935786,-2235079.935786,0.000000,0.000000,0
reblock115,config17,1,FOUND INTEGER FEASIBLE,0.012017,0.072798,0,1,0,0,0.000000,0.000000,0.000000,0.000000,0
reblock115,config17,2,FOUND INTEGER FEASIBLE,0.011827,0.072425,0,1,0,0,0.000000,0.000000,0.000000,0.000000,0
reblock115,config17,3,FOUND INTEGER FEASIBLE,0.011893,0.072270,0,1,0,0,0.000000,0.000000,0.000000,0.000000,0
reblock115,config21,1,FOUND INTEGER FEASIBLE,0.056111,0.117132,0,9,0,0,0.000000,0.000000,0.000000,0.000000,0
reblock115,config21,2,FOUND INTEGER FEASIBLE,0.056310,0.116946,0,9,0,0,0.000000,0.000000,0.000000,0.000000,0
reblock115,config21,3,FOUND INTEGER FEASIBLE,0.056457,0.124861,0,9,0,0,0.000000,0.000000,0.000000,0.000000,0
reblock115,config23,1,FOUND INTEGER FEASIBLE,0.056225,0.124822,0,9,0,0,0.000000,0.000000,0.000000,0.000000,0
reblock115,config23,2,FOUND INTEGER FEASIBLE,0.056379,0.116953,0,9,0,0,0.000000,0.000000,0.000000,0.000000,0
reblock115,config23,3,FOUND INTEGER FEASIBLE,0.056474,0.116815,0,9,0,0,0.000000,0.000000,0.000000,0.000000,0
reblock115,config19,1,FOUND INTEGER FEASIBLE,0.000000,0.017999,0,0,-1,-1,0.000000,0.000000,0.000000,0.000000,0
reblock115,config19,2,FOUND INTEGER FEASIBLE,0.000000,0.012594,0,0,-1,-1,0.000000,0.000000,0.000000,0.000000,0
reblock115,config19,3,FOUND INTEGER FEASIBLE,0.000000,0.011561,0,0,-1,-1,0.000000,0.000000,0.000000,0.000000,0
reblock115,config18,1,FOUND INTEGER FEASIBLE,0.000000,0.018712,0,0,-1,-1,0.000000,0.000000,0.000000,0.000000,0
reblock115,config18,2,FOUND INTEGER FEASIBLE,0.000000,0.012923,0,0,-1,-1,0.000000,0.000000,0.000000,0.000000,0
reblock115,config18,3,FOUND INTEGER FEASIBLE,0.000000,0.011124,0,0,-1,-1,0.000000,0.000000,0.000000,0.000000,0
rmatr100-p10,config1,1,FOUND INTEGER FEASIBLE,0.000000,0.629522,1,0,-1,-1,548.000000,537.000000,0.000000,0.000000,0
rmatr100-p10,config1,2,FOUND INTEGER FEASIBLE,0.000000,0.626882,1,0,-1,-1,638.000000,583.000000,0.000000,0.000000,0
rmatr100-p10,config1,3,FOUND INTEGER FEASIBLE,0.000000,0.627635,1,0,-1,-1,548.000000,537.000000,0.000000,0.000000,0
rmatr100-p10,config3,1,FOUND INTEGER FEASIBLE,0.000000,0.089597,0,0,-1,-1,64849.000000,750.000000,0.000000,0.000000,0
rmatr100-p10,config3,2,FOUND INTEGER FEASIBLE,0.000000,0.088599,0,0,-1,-1,64849.000000,750.000000,0.000000,0.000000,0
rmatr100-p10,config3,3,FOUND INTEGER FEASIBLE,0.000000,0.088921,0,0,-1,-1,64849.000000,750.000000,0.000000,0.000000,0
rmatr100-p10,config20,1,FOUND INTEGER FEASIBLE,0.000000,0.093396,0,0,-1,-1,64849.000000,750.000000,0.000000,0.000000,0
rmatr100-p10,config20,2,FOUND INTEGER FEASIBLE,0.000000,0.091900,0,0,-1,-1,64849.000000,750.000000,0.000000,0.000000,0
rmatr100-p10,config20,3,FOUND INTEGER FEASIBLE,0.000000,0.089439,0,0,-1,-1,64849.000000,750.000000,0.000000,0.000000,0
rmatr100-p10,config16,1,FOUND INTEGER FEASIBLE,0.609564,1.010913,1,0,0,0,548.000000,537.000000,0.000000,0.000000,0
rmatr100-p10,config16,2,FOUND INTEGER FEASIBLE,0.611875,1.012802,1,0,0,0,638.000000,583.000000,0.000000,0.000000,0
rmatr100-p10,config16,3,FOUND INTEGER FEASIBLE,0.614325,1.011623,1,0,0,0,548.000000,537.000000,0.000000,0.000000,0
rmatr100-p10,config17,1,FOUND INTEGER FEASIBLE,0.009504,0.107633,0,0,0,0,64849.000000,750.000000,0.000000,0.000000,0
rmatr100-p10,config17,2,FOUND INTEGER FEASIBLE,0.015122,0.162484,0,0,0,0,64849.000000,750.000000,0.000000,0.000000,0
rmatr100-p10,config17,3,FOUND INTEGER FEASIBLE,0.013326,0.130425,0,0,0,0,64849.000000,750.000000,0.000000,0.000000,0
rmatr100-p10,config21,1,FOUND INTEGER FEASIBLE,0.013409,0.131815,0,0,0,0,64849.000000,750.000000,0.000000,0.000000,0
rmatr100-p10,config21,2,FOUND INTEGER FEASIBLE,0.013341,0.122534,0,0,0,0,64849.000000,750.000000,0.000000,0.000000,0
rmatr100-p10,config21,3,FOUND INTEGER FEASIBLE,0.013282,0.122465,0,0,0,0,64849.000000,750.000000,0.000000,0.000000,0
rmatr100-p10,config23,1,FOUND INTEGER FEASIBLE,0.013466,0.122667,0,0,0,0,64849.000000,750.000000,0.000000,0.000000,0
rmatr100-p10,config23,2,FOUND INTEGER FEASIBLE,0.015262,0.156364,0,0,0,0,64849.000000,750.000000,0.000000,0.000000,0
rmatr100-p10,config23,3,FOUND INTEGER FEASIBLE,0.013209,0.129526,0,0,0,0,64849.000000,750.000000,0.000000,0.000000,0
rmatr100-p10,config19,1,FOUND INTEGER FEASIBLE,0.000000,0.068784,0,0,-1,-1,56517.000000,817.000000,0.000000,0.000000,0
rmatr100-p10,config19,2,FOUND INTEGER FEASIBLE,0.000000,0.059253,0,0,-1,-1,56517.000000,817.000000,0.000000,0.000000,0
rmatr100-p10,config19,3,FOUND INTEGER FEASIBLE,0.000000,0.057343,0,0,-1,-1,56517.000000,817.000000,0.000000,0.000000,0
rmatr100-p10,config18,1,FOUND INTEGER FEASIBLE,0.000000,0.068401,0,0,-1,-1,56517.000000,817.000000,0.000000,0.000000,0
rmatr100-p10,config18,2,FOUND INTEGER FEASIBLE,0.000000,0.059571,0,0,-1,-1,56517.000000,817.000000,0.000000,0.000000,0
rmatr100-p10,config18,3,FOUND INTEGER FEASIBLE,0.000000,0.057161,0,0,-1,-1,56517.000000,817.000000,0.000000,0.000000,0
rmatr200-p5,config1,1,FOUND INTEGER FEASIBLE,0.000000,14.124620,1,0,-1,-1,5623.000000,5401.000000,0.000000,0.000000,0
rmatr200-p5,config1,2,FOUND INTEGER FEASIBLE,0.000000,14.271306,1,0,-1,-1,5623.000000,5401.000000,0.000000,0.000000,0
rmatr200-p5,config1,3,FOUND INTEGER FEASIBLE,0.000000,14.292619,1,0,-1,-1,5623.000000,5401.000000,0.000000,0.000000,0
rmatr200-p5,config3,1,FOUND INTEGER FEASIBLE,0.000000,0.521236,0,0,-1,-1,1007611.000000,6550.000000,0.000000,0.000000,0
rmatr200-p5,config3,2,FOUND INTEGER FEASIBLE,0.000000,0.522638,0,0,-1,-1,1007611.000000,6550.000000,0.000000,0.000000,0
rmatr200-p5,config3,3,FOUND INTEGER FEASIBLE,0.000000,0.525242,0,0,-1,-1,1007611.000000,6550.000000,0.000000,0.000000,0
rmatr200-p5,config20,1,FOUND INTEGER FEASIBLE,0.000000,0.547886,0,0,-1,-1,1007611.000000,6550.000000,0.000000,0.000000,0
rmatr200-p5,config20,2,FOUND INTEGER FEASIBLE,0.000000,0.515293,0,0,-1,-1,1007611.000000,6550.000000,0.000000,0.000000,0
rmatr200-p5,config20,3,FOUND INTEGER FEASIBLE,0.000000,0.511565,0,0,-1,-1,1007611.000000,6550.000000,0.000000,0.000000,0
rmatr200-p5,config16,1,FOUND INTEGER FEASIBLE,23.458076,35.361060,1,0,0,0,5623.000000,5401.000000,0.000000,0.000000,0
rmatr200-p5,config16,2,FOUND INTEGER FEASIBLE,23.917710,33.755767,1,0,0,0,5623.000000,5401.000000,0.000000,0.000000,0
rmatr200-p5,config16,3,FOUND INTEGER FEASIBLE,23.175415,32.650045,1,0,0,0,5623.000000,5401.000000,0.000000,0.000000,0
rmatr200-p5,config17,1,FOUND INTEGER FEASIBLE,0.078720,0.690730,0,0,0,0,1007611.000000,6550.000000,0.000000,0.000000,0
rmatr200-p5,config17,2,FOUND INTEGER FEASIBLE,0.073662,0.690361,0,0,0,0,1007611.000000,6550.000000,0.000000,0.000000,0
rmatr200-p5,config17,3,FOUND INTEGER FEASIBLE,0.072389,0.674082,0,0,0,0,1007611.000000,6550.000000,0.000000,0.000000,0
rmatr200-p5,config21,1,FOUND INTEGER FEASIBLE,0.045849,0.424620,0,0,0,0,1007611.000000,6550.000000,0.000000,0.000000,0
rmatr200-p5,config21,2,FOUND INTEGER FEASIBLE,0.072986,0.703131,0,0,0,0,1007611.000000,6550.000000,0.000000,0.000000,0
rmatr200-p5,config21,3,FOUND INTEGER FEASIBLE,0.072509,0.707820,0,0,0,0,1007611.000000,6550.000000,0.000000,0.000000,0
rmatr200-p5,config23,1,FOUND INTEGER FEASIBLE,0.072833,0.697434,0,0,0,0,1007611.000000,6550.000000,0.000000,0.000000,0
rmatr200-p5,config23,2,FOUND INTEGER FEASIBLE,0.071540,0.673844,0,0,0,0,1007611.000000,6550.000000,0.000000,0.000000,0
rmatr200-p5,config23,3,FOUND INTEGER FEASIBLE,0.052227,0.484766,0,0,0,0,1007611.000000,6550.000000,0.000000,0.000000,0
rmatr200-p5,config19,1,FOUND INTEGER FEASIBLE,0.000000,0.358092,0,0,-1,-1,981554.000000,6425.000000,0.000000,0.000000,0
rmatr200-p5,config19,2,FOUND INTEGER FEASIBLE,0.000000,0.310295,0,0,-1,-1,981554.000000,6425.000000,0.000000,0.000000,0
rmatr200-p5,config19,3,FOUND INTEGER FEASIBLE,0.000000,0.313768,0,0,-1,-1,981554.000000,6425.000000,0.000000,0.000000,0
rmatr200-p5,config18,1,FOUND INTEGER FEASIBLE,0.000000,0.366902,0,0,-1,-1,981554.000000,6425.000000,0.000000,0.000000,0
rmatr200-p5,config18,2,FOUND INTEGER FEASIBLE,0.000000,0.308542,0,0,-1,-1,981554.000000,6425.000000,0.000000,0.000000,0
rmatr200-p5,config18,3,FOUND INTEGER FEASIBLE,0.000000,0.314899,0,0,-1,-1,981554.000000,6425.000000,0.000000,0.000000,0
rocI-4-11,config1,1,FAILED TO FIND AN INTEGER FEASIBLE SOLUTION,0.000000,61.734860,12000,0,-1,-1,0.000000,0.000000,1.660588,0.887181,35
rocI-4-11,config1,2,FAILED TO FIND AN INTEGER FEASIBLE SOLUTION,0.000000,61.465752,12000,0,-1,-1,0.000000,0.000000,21.138784,1.911509,187
rocI-4-11,config1,3,FAILED TO FIND AN INTEGER FEASIBLE SOLUTION,0.000000,62.761894,12000,0,-1,-1,0.000000,0.000000,2.174811,1.918566,31
rocI-4-11,config3,1,FAILED TO FIND AN INTEGER FEASIBLE SOLUTION,0.000000,76.834758,12000,0,-1,-1,0.000000,0.000000,3.560434,0.382038,34
rocI-4-11,config3,2,FAILED TO FIND AN INTEGER FEASIBLE SOLUTION,0.000000,67.759787,12000,0,-1,-1,0.000000,0.000000,4.302122,0.392388,41
rocI-4-11,config3,3,FAILED TO FIND AN INTEGER FEASIBLE SOLUTION,0.000000,65.634420,12000,0,-1,-1,0.000000,0.000000,0.670842,0.391051,32
rocI-4-11,config20,1,FAILED TO FIND AN INTEGER FEASIBLE SOLUTION,0.000000,109.110494,12000,0,-1,-1,0.000000,0.000000,2.185388,1.136432,30
rocI-4-11,config20,2,FAILED TO FIND AN INTEGER FEASIBLE SOLUTION,0.000000,106.783228,12000,0,-1,-1,0.000000,0.000000,5.181078,1.073103,46
rocI-4-11,config20,3,FAILED TO FIND AN INTEGER FEASIBLE SOLUTION,0.000000,108.836716,12000,0,-1,-1,0.000000,0.000000,2.438059,2.804895,28
rocI-4-11,config16,1,FAILED TO FIND AN INTEGER FEASIBLE SOLUTION,0.171890,50.722801,12000,11,11,3,0.000000,0.000000,2.275435,1.281313,52
rocI-4-11,config16,2,FAILED TO FIND AN INTEGER FEASIBLE SOLUTION,0.169497,48.969922,12000,11,11,3,0.000000,0.000000,1.473542,0.949689,60
rocI-4-11,config16,3,FAILED TO FIND AN INTEGER FEASIBLE SOLUTION,0.114334,52.894825,12000,11,11,3,0.000000,0.000000,2.655525,1.362872,36
rocI-4-11,config17,1,FAILED TO FIND AN INTEGER FEASIBLE SOLUTION,0.183154,47.006198,12000,5,5,2,0.000000,0.000000,4.618984,1.032285,54
rocI-4-11,config17,2,FAILED TO FIND AN INTEGER FEASIBLE SOLUTION,0.183434,57.491744,12000,5,5,2,0.000000,0.000000,4.850070,0.733666,54
rocI-4-11,config17,3,FAILED TO FIND AN INTEGER FEASIBLE SOLUTION,0.184252,51.284213,12000,5,5,2,0.000000,0.000000,1.574246,0.874753,36
rocI-4-11,config21,1,FAILED TO FIND AN INTEGER FEASIBLE SOLUTION,0.439937,49.023929,12000,12,12,7,0.000000,0.000000,2.088304,1.261200,39
rocI-4-11,config21,2,FAILED TO FIND AN INTEGER FEASIBLE SOLUTION,0.442822,48.684352,12000,12,12,7,0.000000,0.000000,2.277280,1.302928,46
rocI-4-11,config21,3,FAILED TO FIND AN INTEGER FEASIBLE SOLUTION,0.438250,50.698056,12000,12,12,7,0.000000,0.000000,31.901607,1.745855,160
rocI-4-11,config23,1,FAILED TO FIND AN INTEGER FEASIBLE SOLUTION,0.361477,46.557618,12000,12,12,7,0.000000,0.000000,23.470734,1.760221,178
rocI-4-11,config23,2,FAILED TO FIND AN INTEGER FEASIBLE SOLUTION,0.441151,51.455487,12000,12,12,7,0.000000,0.000000,11.690927,1.508671,189
rocI-4-11,config23,3,FAILED TO FIND AN INTEGER FEASIBLE SOLUTION,0.438906,48.212551,12000,12,12,7,0.000000,0.000000,10.665326,1.632483,209
rocI-4-11,config19,1,FOUND INTEGER FEASIBLE,0.000000,5.023675,0,0,-1,-1,-5050303.000000,-5050303.000000,0.000000,0.000000,0
rocI-4-11,config19,2,FOUND INTEGER FEASIBLE,0.000000,6.032732,0,0,-1,-1,-5050303.000000,-5050303.000000,0.000000,0.000000,0
rocI-4-11,config19,3,FOUND INTEGER FEASIBLE,0.000000,5.022675,0,0,-1,-1,-5050303.000000,-5050303.000000,0.000000,0.000000,0
rocI-4-11,config18,1,FOUND INTEGER FEASIBLE,0.000000,5.484445,0,0,-1,-1,-5050303.000000,-5050303.000000,0.000000,0.000000,0
rocI-4-11,config18,2,FOUND INTEGER FEASIBLE,0.000000,5.507987,0,0,-1,-1,-5050303.000000,-5050303.000000,0.000000,0.000000,0
rocI-4-11,config18,3,FOUND INTEGER FEASIBLE,0.000000,5.462854,0,0,-1,-1,-5050303.000000,-5050303.000000,0.000000,0.000000,0
rocII-5-11,config1,1,FAILED TO FIND AN INTEGER FEASIBLE SOLUTION,0.000000,298.804043,12000,0,-1,-1,0.000000,0.000000,1.689092,1.074463,22
rocII-5-11,config1,2,FAILED TO FIND AN INTEGER FEASIBLE SOLUTION,0.000000,292.006219,12000,0,-1,-1,0.000000,0.000000,2.505873,1.364542,22
rocII-5-11,config1,3,FAILED TO FIND AN INTEGER FEASIBLE SOLUTION,0.000000,299.270979,12000,0,-1,-1,0.000000,0.000000,2.256558,1.793385,16
rocII-5-11,config3,1,FAILED TO FIND AN INTEGER FEASIBLE SOLUTION,0.000000,282.655408,12000,0,-1,-1,0.000000,0.000000,1.237799,0.952074,10
rocII-5-11,config3,2,FAILED TO FIND AN INTEGER FEASIBLE SOLUTION,0.000000,285.512381,12000,0,-1,-1,0.000000,0.000000,0.570396,0.284672,9
rocII-5-11,config3,3,FAILED TO FIND AN INTEGER FEASIBLE SOLUTION,0.000000,287.613665,12000,0,-1,-1,0.000000,0.000000,1.324108,1.038384,14
rocII-5-11,config20,1,FAILED TO FIND AN INTEGER FEASIBLE SOLUTION,0.000000,301.123532,12000,0,-1,-1,0.000000,0.000000,1.368387,0.905215,19
rocII-5-11,config20,2,FAILED TO FIND AN INTEGER FEASIBLE SOLUTION,0.000000,293.087916,12000,0,-1,-1,0.000000,0.000000,1.775697,1.312525,15
rocII-5-11,config20,3,FAILED TO FIND AN INTEGER FEASIBLE SOLUTION,0.000000,289.188476,12000,0,-1,-1,0.000000,0.000000,2.704202,1.293488,13
rocII-5-11,config16,1,FAILED TO FIND AN INTEGER FEASIBLE SOLUTION,0.352793,206.777863,12000,11,11,9,0.000000,0.000000,1.933851,1.124934,26
rocII-5-11,config16,2,FAILED TO FIND AN INTEGER FEASIBLE SOLUTION,0.270090,192.957477,12000,11,11,9,0.000000,0.000000,1.052988,0.437194,11
rocII-5-11,config16,3,FAILED TO FIND AN INTEGER FEASIBLE SOLUTION,0.188996,196.948958,12000,11,11,9,0.000000,0.000000,2.187135,1.358399,13
rocII-5-11,config17,1,FAILED TO FIND AN INTEGER FEASIBLE SOLUTION,0.278127,192.417379,12000,11,11,1,0.000000,0.000000,1.211167,0.988935,8
rocII-5-11,config17,2,FAILED TO FIND AN INTEGER FEASIBLE SOLUTION,0.278592,194.513997,12000,11,11,1,0.000000,0.000000,2.066504,1.450710,22
rocII-5-11,config17,3,FAILED TO FIND AN INTEGER FEASIBLE SOLUTION,0.280240,201.060517,12000,11,11,1,0.000000,0.000000,1.798692,0.969942,9
rocII-5-11,config21,1,FAILED TO FIND AN INTEGER FEASIBLE SOLUTION,0.427880,190.292889,12000,11,11,4,0.000000,0.000000,1.437408,0.594726,12
rocII-5-11,config21,2,FAILED TO FIND AN INTEGER FEASIBLE SOLUTION,0.840026,196.001780,12000,11,11,4,0.000000,0.000000,1.347161,0.501440,12
rocII-5-11,config21,3,FAILED TO FIND AN INTEGER FEASIBLE SOLUTION,0.837513,199.483240,12000,11,11,4,0.000000,0.000000,1.300988,0.837816,14
rocII-5-11,config23,1,FAILED TO FIND AN INTEGER FEASIBLE SOLUTION,0.426266,196.097191,12000,11,11,4,0.000000,0.000000,0.600729,0.350709,12
rocII-5-11,config23,2,FAILED TO FIND AN INTEGER FEASIBLE SOLUTION,0.841927,211.070253,12000,11,11,4,0.000000,0.000000,0.171298,0.171275,4
rocII-5-11,config23,3,FAILED TO FIND AN INTEGER FEASIBLE SOLUTION,0.831426,198.832901,12000,11,11,4,0.000000,0.000000,0.261983,0.261978,11
rocII-5-11,config19,1,FOUND INTEGER FEASIBLE,0.000000,5.808323,0,0,-1,-1,-3.599373,-3.599373,0.000000,0.000000,0
rocII-5-11,config19,2,FOUND INTEGER FEASIBLE,0.000000,5.800720,0,0,-1,-1,-3.599373,-3.599373,0.000000,0.000000,0
rocII-5-11,config19,3,FOUND INTEGER FEASIBLE,0.000000,5.789006,0,0,-1,-1,-3.599373,-3.599373,0.000000,0.000000,0
rocII-5-11,config18,1,FOUND INTEGER FEASIBLE,0.000000,17.129265,0,0,-1,-1,-0.648043,-0.648043,0.000000,0.000000,0
rocII-5-11,config18,2,FOUND INTEGER FEASIBLE,0.000000,18.396947,0,0,-1,-1,-0.648043,-0.648043,0.000000,0.000000,0
rocII-5-11,config18,3,FOUND INTEGER FEASIBLE,0.000000,17.381698,0,0,-1,-1,-0.648043,-0.648043,0.000000,0.000000,0
rococoB10-011000,config1,1,FOUND INTEGER FEASIBLE,0.000000,0.364406,18,0,-1,-1,76289.000000,76289.000000,0.000000,0.000000,0
rococoB10-011000,config1,2,FOUND INTEGER FEASIBLE,0.000000,0.266107,13,0,-1,-1,114829.000000,114829.000000,0.000000,0.000000,0
rococoB10-011000,config1,3,FOUND INTEGER FEASIBLE,0.000000,0.354283,13,0,-1,-1,112634.000000,112634.000000,0.000000,0.000000,0
rococoB10-011000,config3,1,FOUND INTEGER FEASIBLE,0.000000,0.141501,17,0,-1,-1,92618.000000,92618.000000,0.000000,0.000000,0
rococoB10-011000,config3,2,FOUND INTEGER FEASIBLE,0.000000,0.124895,11,0,-1,-1,116194.000000,116194.000000,0.000000,0.000000,0
rococoB10-011000,config3,3,FOUND INTEGER FEASIBLE,0.000000,0.141079,13,0,-1,-1,107001.000000,107001.000000,0.000000,0.000000,0
rococoB10-011000,config20,1,FOUND INTEGER FEASIBLE,0.000000,0.264213,2,0,-1,-1,126375.000000,126375.000000,0.000000,0.000000,0
rococoB10-011000,config20,2,FOUND INTEGER FEASIBLE,0.000000,0.273417,3,0,-1,-1,126375.000000,126375.000000,0.000000,0.000000,0
rococoB10-011000,config20,3,FOUND INTEGER FEASIBLE,0.000000,0.258003,2,0,-1,-1,126375.000000,126375.000000,0.000000,0.000000,0
rococoB10-011000,config16,1,FOUND INTEGER FEASIBLE,0.155527,0.215931,1,10,0,0,74744.000000,74744.000000,0.000000,0.000000,0
rococoB10-011000,config16,2,FOUND INTEGER FEASIBLE,0.155552,0.215796,4,10,0,0,72710.000000,72710.000000,0.000000,0.000000,0
rococoB10-011000,config16,3,FOUND INTEGER FEASIBLE,0.164604,0.213590,1,10,0,0,74744.000000,74744.000000,0.000000,0.000000,0
rococoB10-011000,config17,1,FOUND INTEGER FEASIBLE,0.026165,0.074501,0,1,0,0,60485.000000,60485.000000,0.000000,0.000000,0
rococoB10-011000,config17,2,FOUND INTEGER FEASIBLE,0.026131,0.082205,0,1,0,0,60485.000000,60485.000000,0.000000,0.000000,0
rococoB10-011000,config17,3,FOUND INTEGER FEASIBLE,0.026526,0.083551,0,1,0,0,60485.000000,60485.000000,0.000000,0.000000,0
rococoB10-011000,config21,1,FOUND INTEGER FEASIBLE,0.697406,0.836172,7,12,0,0,109916.000000,109916.000000,0.000000,0.000000,0
rococoB10-011000,config21,2,FOUND INTEGER FEASIBLE,0.695229,0.831177,5,12,0,0,109916.000000,109916.000000,0.000000,0.000000,0
rococoB10-011000,config21,3,FOUND INTEGER FEASIBLE,0.699412,0.845258,5,12,0,0,109916.000000,109916.000000,0.000000,0.000000,0
rococoB10-011000,config23,1,FOUND INTEGER FEASIBLE,0.693299,0.800493,13,12,0,0,86674.000000,86674.000000,0.000000,0.000000,0
rococoB10-011000,config23,2,FOUND INTEGER FEASIBLE,0.697385,0.807709,23,12,0,0,77680.000000,77680.000000,0.000000,0.000000,0
rococoB10-011000,config23,3,FOUND INTEGER FEASIBLE,0.692677,0.795833,18,12,0,0,91334.000000,91334.000000,0.000000,0.000000,0
rococoB10-011000,config19,1,FOUND INTEGER FEASIBLE,0.000000,0.061992,0,0,-1,-1,126375.000000,126375.000000,0.000000,0.000000,0
rococoB10-011000,config19,2,FOUND INTEGER FEASIBLE,0.000000,0.057118,0,0,-1,-1,126375.000000,126375.000000,0.000000,0.000000,0
rococoB10-011000,config19,3,FOUND INTEGER FEASIBLE,0.000000,0.056144,0,0,-1,-1,126375.000000,126375.000000,0.000000,0.000000,0
rococoB10-011000,config18,1,FOUND INTEGER FEASIBLE,0.000000,0.062754,0,0,-1,-1,126375.000000,126375.000000,0.000000,0.000000,0
rococoB10-011000,config18,2,FOUND INTEGER FEASIBLE,0.000000,0.058288,0,0,-1,-1,126375.000000,126375.000000,0.000000,0.000000,0
rococoB10-011000,config18,3,FOUND INTEGER FEASIBLE,0.000000,0.057815,0,0,-1,-1,126375.000000,126375.000000,0.000000,0.000000,0
rococoC10-001000,config1,1,FOUND INTEGER FEASIBLE,0.000000,0.149990,23,0,-1,-1,100683.000000,100683.000000,0.000000,0.000000,0
rococoC10-001000,config1,2,FOUND INTEGER FEASIBLE,0.000000,0.138145,19,0,-1,-1,135356.000000,135356.000000,0.000000,0.000000,0
rococoC10-001000,config1,3,FOUND INTEGER FEASIBLE,0.000000,0.125877,14,0,-1,-1,172314.000000,172314.000000,0.000000,0.000000,0
rococoC10-001000,config3,1,FOUND INTEGER FEASIBLE,0.000000,0.091688,19,0,-1,-1,150709.000000,150709.000000,0.000000,0.000000,0
rococoC10-001000,config3,2,FOUND INTEGER FEASIBLE,0.000000,0.089015,19,0,-1,-1,146680.000000,146680.000000,0.000000,0.000000,0
rococoC10-001000,config3,3,FOUND INTEGER FEASIBLE,0.000000,0.080107,14,0,-1,-1,189067.000000,189067.000000,0.000000,0.000000,0
rococoC10-001000,config20,1,FOUND INTEGER FEASIBLE,0.000000,0.099916,4,0,-1,-1,262689.000000,262689.000000,0.000000,0.000000,0
rococoC10-001000,config20,2,FOUND INTEGER FEASIBLE,0.000000,0.084428,3,0,-1,-1,262689.000000,262689.000000,0.000000,0.000000,0
rococoC10-001000,config20,3,FOUND INTEGER FEASIBLE,0.000000,0.089698,3,0,-1,-1,262689.000000,262689.000000,0.000000,0.000000,0
rococoC10-001000,config16,1,FOUND INTEGER FEASIBLE,0.046324,0.081783,0,2,0,0,23730.000000,23730.000000,0.000000,0.000000,0
rococoC10-001000,config16,2,FOUND INTEGER FEASIBLE,0.046670,0.081664,0,2,0,0,23730.000000,23730.000000,0.000000,0.000000,0
rococoC10-001000,config16,3,FOUND INTEGER FEASIBLE,0.048106,0.089468,0,2,0,0,23730.000000,23730.000000,0.000000,0.000000,0
rococoC10-001000,config17,1,FOUND INTEGER FEASIBLE,0.016479,0.055006,7,2,0,0,72501.000000,72501.000000,0.000000,0.000000,0
rococoC10-001000,config17,2,FOUND INTEGER FEASIBLE,0.016414,0.054955,7,2,0,0,71317.000000,71317.000000,0.000000,0.000000,0
rococoC10-001000,config17,3,FOUND INTEGER FEASIBLE,0.017991,0.062422,5,2,0,0,93348.000000,93348.000000,0.000000,0.000000,0
rococoC10-001000,config21,1,FOUND INTEGER FEASIBLE,0.180373,0.225994,0,12,0,0,184560.000000,184560.000000,0.000000,0.000000,0
rococoC10-001000,config21,2,FOUND INTEGER FEASIBLE,0.180816,0.227001,0,12,0,0,184560.000000,184560.000000,0.000000,0.000000,0
rococoC10-001000,config21,3,FOUND INTEGER FEASIBLE,0.178755,0.218767,0,12,0,0,184560.000000,184560.000000,0.000000,0.000000,0
rococoC10-001000,config23,1,FOUND INTEGER FEASIBLE,0.178821,0.223435,9,12,0,0,118948.000000,118948.000000,0.000000,0.000000,0
rococoC10-001000,config23,2,FOUND INTEGER FEASIBLE,0.178651,0.225159,16,12,0,0,122162.000000,122162.000000,0.000000,0.000000,0
rococoC10-001000,config23,3,FOUND INTEGER FEASIBLE,0.174277,0.218162,8,12,0,0,124466.000000,124466.000000,0.000000,0.000000,0
rococoC10-001000,config19,1,FOUND INTEGER FEASIBLE,0.000000,0.047387,0,0,-1,-1,262689.000000,262689.000000,0.000000,0.000000,0
rococoC10-001000,config19,2,FOUND INTEGER FEASIBLE,0.000000,0.045197,0,0,-1,-1,262689.000000,262689.000000,0.000000,0.000000,0
rococoC10-001000,config19,3,FOUND INTEGER FEASIBLE,0.000000,0.043731,0,0,-1,-1,262689.000000,262689.000000,0.000000,0.000000,0
rococoC10-001000,config18,1,FOUND INTEGER FEASIBLE,0.000000,0.048263,0,0,-1,-1,262689.000000,262689.000000,0.000000,0.000000,0
rococoC10-001000,config18,2,FOUND INTEGER FEASIBLE,0.000000,0.043813,0,0,-1,-1,262689.000000,262689.000000,0.000000,0.000000,0
rococoC10-001000,config18,3,FOUND INTEGER FEASIBLE,0.000000,0.044253,0,0,-1,-1,262689.000000,262689.000000,0.000000,0.000000,0
roi2alpha3n4,config1,1,FOUND INTEGER FEASIBLE,0.000000,2.939328,1,0,-1,-1,-24.323755,-24.323755,0.000000,0.000000,0
roi2alpha3n4,config1,2,FOUND INTEGER FEASIBLE,0.000000,2.960446,1,0,-1,-1,-24.323755,-24.323755,0.000000,0.000000,0
roi2alpha3n4,config1,3,FOUND INTEGER FEASIBLE,0.000000,2.981920,1,0,-1,-1,-24.323755,-24.323755,0.000000,0.000000,0
roi2alpha3n4,config3,1,FOUND INTEGER FEASIBLE,0.000000,2.211915,0,0,-1,-1,0.000000,0.000000,0.000000,0.000000,0
roi2alpha3n4,config3,2,FOUND INTEGER FEASIBLE,0.000000,2.186345,0,0,-1,-1,0.000000,0.000000,0.000000,0.000000,0
roi2alpha3n4,config3,3,FOUND INTEGER FEASIBLE,0.000000,2.173407,0,0,-1,-1,0.000000,0.000000,0.000000,0.000000,0
roi2alpha3n4,config20,1,FOUND INTEGER FEASIBLE,0.000000,2.511242,1,0,-1,-1,0.000000,-4.828718,0.000000,0.000000,0
roi2alpha3n4,config20,2,FOUND INTEGER FEASIBLE,0.000000,2.417393,1,0,-1,-1,0.000000,-4.828718,0.000000,0.000000,0
roi2alpha3n4,config20,3,FOUND INTEGER FEASIBLE,0.000000,2.389612,1,0,-1,-1,0.000000,-4.828718,0.000000,0.000000,0
roi2alpha3n4,config16,1,FOUND INTEGER FEASIBLE,0.513068,2.443094,1,7,0,0,-7.112632,-7.112632,0.000000,0.000000,0
roi2alpha3n4,config16,2,FOUND INTEGER FEASIBLE,0.663872,1.894912,1,7,0,0,-7.112632,-7.112632,0.000000,0.000000,0
roi2alpha3n4,config16,3,FOUND INTEGER FEASIBLE,0.579980,2.572482,1,7,0,0,-7.112632,-7.112632,0.000000,0.000000,0
roi2alpha3n4,config17,1,FOUND INTEGER FEASIBLE,0.038250,1.983471,0,1,0,0,0.000000,0.000000,0.000000,0.000000,0
roi2alpha3n4,config17,2,FOUND INTEGER FEASIBLE,0.047415,2.034403,0,1,0,0,0.000000,0.000000,0.000000,0.000000,0
roi2alpha3n4,config17,3,FOUND INTEGER FEASIBLE,0.036654,1.968035,0,1,0,0,0.000000,0.000000,0.000000,0.000000,0
roi2alpha3n4,config21,1,FOUND INTEGER FEASIBLE,0.070399,2.694182,1,2,0,0,0.000000,-2.501255,0.000000,0.000000,0
roi2alpha3n4,config21,2,FOUND INTEGER FEASIBLE,0.069148,2.388780,1,2,0,0,0.000000,-2.501255,0.000000,0.000000,0
roi2alpha3n4,config21,3,FOUND INTEGER FEASIBLE,0.068304,3.002137,1,2,0,0,0.000000,-2.501255,0.000000,0.000000,0
roi2alpha3n4,config23,1,FOUND INTEGER FEASIBLE,0.085724,2.675014,0,2,0,0,0.000000,0.000000,0.000000,0.000000,0
roi2alpha3n4,config23,2,FOUND INTEGER FEASIBLE,0.069183,2.579423,0,2,0,0,0.000000,0.000000,0.000000,0.000000,0
roi2alpha3n4,config23,3,FOUND INTEGER FEASIBLE,0.069030,2.580060,0,2,0,0,0.000000,0.000000,0.000000,0.000000,0
roi2alpha3n4,config19,1,FOUND INTEGER FEASIBLE,0.000000,0.593659,0,0,-1,-1,0.000000,0.000000,0.000000,0.000000,0
roi2alpha3n4,config19,2,FOUND INTEGER FEASIBLE,0.000000,0.398740,0,0,-1,-1,0.000000,0.000000,0.000000,0.000000,0
roi2alpha3n4,config19,3,FOUND INTEGER FEASIBLE,0.000000,0.397468,0,0,-1,-1,0.000000,0.000000,0.000000,0.000000,0
roi2alpha3n4,config18,1,FOUND INTEGER FEASIBLE,0.000000,0.592327,0,0,-1,-1,0.000000,0.000000,0.000000,0.000000,0
roi2alpha3n4,config18,2,FOUND INTEGER FEASIBLE,0.000000,0.400888,0,0,-1,-1,0.000000,0.000000,0.000000,0.000000,0
roi2alpha3n4,config18,3,FOUND INTEGER FEASIBLE,0.000000,0.400750,0,0,-1,-1,0.000000,0.000000,0.000000,0.000000,0
roi5alpha10n8,config1,1,FOUND INTEGER FEASIBLE,0.000000,8.012912,1,0,-1,-1,-13.633479,-13.633479,0.000000,0.000000,0
roi5alpha10n8,config1,2,FOUND INTEGER FEASIBLE,0.000000,8.081699,1,0,-1,-1,-13.633479,-13.633479,0.000000,0.000000,0
roi5alpha10n8,config1,3,FOUND INTEGER FEASIBLE,0.000000,7.952954,1,0,-1,-1,-13.633479,-13.633479,0.000000,0.000000,0
roi5alpha10n8,config3,1,FOUND INTEGER FEASIBLE,0.000000,4.956154,0,0,-1,-1,0.000000,0.000000,0.000000,0.000000,0
roi5alpha10n8,config3,2,FOUND INTEGER FEASIBLE,0.000000,4.900101,0,0,-1,-1,0.000000,0.000000,0.000000,0.000000,0
roi5alpha10n8,config3,3,FOUND INTEGER FEASIBLE,0.000000,4.936422,0,0,-1,-1,0.000000,0.000000,0.000000,0.000000,0
roi5alpha10n8,config20,1,FOUND INTEGER FEASIBLE,0.000000,6.546541,1,0,-1,-1,-0.000007,-1.432788,0.000000,0.000000,0
roi5alpha10n8,config20,2,FOUND INTEGER FEASIBLE,0.000000,6.293467,1,0,-1,-1,-0.000007,-1.432788,0.000000,0.000000,0
roi5alpha10n8,config20,3,FOUND INTEGER FEASIBLE,0.000000,6.490237,1,0,-1,-1,-0.000007,-1.432788,0.000000,0.000000,0
roi5alpha10n8,config16,1,FOUND INTEGER FEASIBLE,2.337887,6.814629,1,8,0,0,-13.677593,-13.677593,0.000000,0.000000,0
roi5alpha10n8,config16,2,FOUND INTEGER FEASIBLE,1.490795,5.501919,1,8,0,0,-13.677593,-13.677593,0.000000,0.000000,0
roi5alpha10n8,config16,3,FOUND INTEGER FEASIBLE,2.204993,6.678664,1,8,0,0,-15.328957,-15.328957,0.000000,0.000000,0
roi5alpha10n8,config17,1,FOUND INTEGER FEASIBLE,0.157408,4.507931,0,1,0,0,0.000000,0.000000,0.000000,0.000000,0
roi5alpha10n8,config17,2,FOUND INTEGER FEASIBLE,0.154785,4.409807,0,1,0,0,0.000000,0.000000,0.000000,0.000000,0
roi5alpha10n8,config17,3,FOUND INTEGER FEASIBLE,0.097813,4.381386,0,1,0,0,0.000000,0.000000,0.000000,0.000000,0
roi5alpha10n8,config21,1,FOUND INTEGER FEASIBLE,0.252092,9.117756,1,4,0,0,-0.000372,-1.281125,0.000000,0.000000,0
roi5alpha10n8,config21,2,FOUND INTEGER FEASIBLE,0.430226,8.419436,1,4,0,0,-0.000372,-1.281125,0.000000,0.000000,0
roi5alpha10n8,config21,3,FOUND INTEGER FEASIBLE,0.250219,8.594395,1,4,0,0,-0.000372,-1.281125,0.000000,0.000000,0
roi5alpha10n8,config23,1,FOUND INTEGER FEASIBLE,0.253546,7.173156,0,4,0,0,0.000000,0.000000,0.000000,0.000000,0
roi5alpha10n8,config23,2,FOUND INTEGER FEASIBLE,0.252944,8.382296,0,4,0,0,0.000000,0.000000,0.000000,0.000000,0
roi5alpha10n8,config23,3,FOUND INTEGER FEASIBLE,0.265364,7.866269,0,4,0,0,0.000000,0.000000,0.000000,0.000000,0
roi5alpha10n8,config19,1,FOUND INTEGER FEASIBLE,0.000000,1.698800,0,0,-1,-1,0.000000,0.000000,0.000000,0.000000,0
roi5alpha10n8,config19,2,FOUND INTEGER FEASIBLE,0.000000,1.152552,0,0,-1,-1,0.000000,0.000000,0.000000,0.000000,0
roi5alpha10n8,config19,3,FOUND INTEGER FEASIBLE,0.000000,1.136112,0,0,-1,-1,0.000000,0.000000,0.000000,0.000000,0
roi5alpha10n8,config18,1,FOUND INTEGER FEASIBLE,0.000000,1.669982,0,0,-1,-1,0.000000,0.000000,0.000000,0.000000,0
roi5alpha10n8,config18,2,FOUND INTEGER FEASIBLE,0.000000,1.165789,0,0,-1,-1,0.000000,0.000000,0.000000,0.000000,0
roi5alpha10n8,config18,3,FOUND INTEGER FEASIBLE,0.000000,1.146239,0,0,-1,-1,0.000000,0.000000,0.000000,0.000000,0
roll3000,config1,1,FOUND INTEGER FEASIBLE,0.000000,0.481975,41,0,-1,-1,17531.000000,17419.000000,0.000000,0.000000,0
roll3000,config1,2,FOUND INTEGER FEASIBLE,0.000000,0.574946,56,0,-1,-1,19001.000000,19001.000000,0.000000,0.000000,0
roll3000,config1,3,FOUND INTEGER FEASIBLE,0.000000,0.669577,73,0,-1,-1,18152.000000,18152.000000,0.000000,0.000000,0
roll3000,config3,1,FOUND INTEGER FEASIBLE,0.000000,0.461588,50,0,-1,-1,50751.800000,19483.000000,0.000000,0.000000,0
roll3000,config3,2,FOUND INTEGER FEASIBLE,0.000000,0.170988,6,0,-1,-1,50820.800000,19920.000000,0.000000,0.000000,0
roll3000,config3,3,FOUND INTEGER FEASIBLE,0.000000,0.331056,33,0,-1,-1,50768.800000,19520.000000,0.000000,0.000000,0
roll3000,config20,1,FOUND INTEGER FEASIBLE,0.000000,1.731758,48,0,-1,-1,50849.800000,20537.000000,0.000000,0.000000,0
roll3000,config20,2,FOUND INTEGER FEASIBLE,0.000000,2.896387,116,0,-1,-1,50785.800000,19797.000000,0.000000,0.000000,0
roll3000,config20,3,FOUND INTEGER FEASIBLE,0.000000,1.865913,45,0,-1,-1,49264.600000,21109.000000,0.000000,0.000000,0
roll3000,config16,1,FOUND INTEGER FEASIBLE,0.063310,4.095606,812,11,8,1,48518.000000,18494.000000,0.000000,0.000000,0
roll3000,config16,2,FOUND INTEGER FEASIBLE,0.125810,5.465372,742,11,8,1,50780.800000,18092.000000,0.000000,0.000000,0
roll3000,config16,3,FOUND INTEGER FEASIBLE,0.124938,3.843781,730,11,8,1,50764.800000,20352.000000,0.000000,0.000000,0
roll3000,config17,1,FOUND INTEGER FEASIBLE,0.055343,1.770880,190,6,2,1,48835.000000,19221.000000,0.000000,0.000000,0
roll3000,config17,2,FOUND INTEGER FEASIBLE,0.053828,0.569931,74,6,1,1,50743.800000,18279.000000,0.000000,0.000000,0
roll3000,config17,3,FOUND INTEGER FEASIBLE,0.054069,0.258578,8,6,1,1,50770.800000,18122.000000,0.000000,0.000000,0
roll3000,config21,1,FOUND INTEGER FEASIBLE,0.169816,3.518660,644,10,6,1,48987.600000,17034.000000,0.000000,0.000000,0
roll3000,config21,2,FOUND INTEGER FEASIBLE,0.227167,2.862596,481,10,6,1,50804.800000,18640.000000,0.000000,0.000000,0
roll3000,config21,3,FOUND INTEGER FEASIBLE,0.227359,2.934302,506,10,6,1,49555.200000,17794.000000,0.000000,0.000000,0
roll3000,config23,1,FOUND INTEGER FEASIBLE,0.114680,2.407355,660,10,6,1,50301.400000,19309.000000,0.000000,0.000000,0
roll3000,config23,2,FOUND INTEGER FEASIBLE,0.114891,1.788930,486,10,6,1,50771.800000,17419.000000,0.000000,0.000000,0
roll3000,config23,3,FOUND INTEGER FEASIBLE,0.227906,3.073512,571,10,6,1,49002.600000,17127.000000,0.000000,0.000000,0
roll3000,config19,1,FOUND INTEGER FEASIBLE,0.000000,2.444928,0,0,-1,-1,14826.000000,14826.000000,0.000000,0.000000,0
roll3000,config19,2,FOUND INTEGER FEASIBLE,0.000000,2.396653,0,0,-1,-1,14826.000000,14826.000000,0.000000,0.000000,0
roll3000,config19,3,FOUND INTEGER FEASIBLE,0.000000,2.398220,0,0,-1,-1,14826.000000,14826.000000,0.000000,0.000000,0
roll3000,config18,1,FOUND INTEGER FEASIBLE,0.000000,1.396378,0,0,-1,-1,16756.000000,16756.000000,0.000000,0.000000,0
roll3000,config18,2,FOUND INTEGER FEASIBLE,0.000000,1.383518,0,0,-1,-1,16756.000000,16756.000000,0.000000,0.000000,0
roll3000,config18,3,FOUND INTEGER FEASIBLE,0.000000,1.393220,0,0,-1,-1,16756.000000,16756.000000,0.000000,0.000000,0
s100,config1,1,FOUND INTEGER FEASIBLE,0.000000,492.366046,3,0,-1,-1,-0.110386,-0.110386,0.000000,0.000000,0
s100,config1,2,FOUND INTEGER FEASIBLE,0.000000,487.192176,3,0,-1,-1,-0.110386,-0.110386,0.000000,0.000000,0
s100,config1,3,FOUND INTEGER FEASIBLE,0.000000,561.302597,5,0,-1,-1,-0.114632,-0.114632,0.000000,0.000000,0
s100,config3,1,FOUND INTEGER FEASIBLE,0.000000,287.164607,1,0,-1,-1,-0.093429,-0.093429,0.000000,0.000000,0
s100,config3,2,FOUND INTEGER FEASIBLE,0.000000,290.246430,1,0,-1,-1,-0.093429,-0.093429,0.000000,0.000000,0
s100,config3,3,FOUND INTEGER FEASIBLE,0.000000,286.392188,1,0,-1,-1,-0.093429,-0.093429,0.000000,0.000000,0
s100,config20,1,FOUND INTEGER FEASIBLE,0.000000,258.601503,0,0,-1,-1,-0.031374,-0.031374,0.000000,0.000000,0
s100,config20,2,FOUND INTEGER FEASIBLE,0.000000,260.697914,0,0,-1,-1,-0.031374,-0.031374,0.000000,0.000000,0
s100,config20,3,FOUND INTEGER FEASIBLE,0.000000,266.883741,0,0,-1,-1,-0.031374,-0.031374,0.000000,0.000000,0
s100,config16,1,FOUND INTEGER FEASIBLE,280.544866,580.118232,4,2,2,2,-0.110344,-0.110344,0.000000,0.000000,0
s100,config16,2,FOUND INTEGER FEASIBLE,263.974230,564.474526,4,2,2,2,-0.110344,-0.110344,0.000000,0.000000,0
s100,config16,3,FOUND INTEGER FEASIBLE,273.145158,581.086779,4,2,2,2,-0.110344,-0.110344,0.000000,0.000000,0
s100,config17,1,FOUND INTEGER FEASIBLE,206.141466,716.335985,4,3,2,2,-0.102504,-0.102504,0.000000,0.000000,0
s100,config17,2,FOUND INTEGER FEASIBLE,196.675276,737.232766,5,3,2,2,-0.102443,-0.102443,0.000000,0.000000,0
s100,config17,3,FOUND INTEGER FEASIBLE,202.386657,723.969793,4,3,2,2,-0.102411,-0.102411,0.000000,0.000000,0
s100,config21,1,FOUND INTEGER FEASIBLE,205.424704,487.430924,0,2,2,2,-0.031374,-0.031374,0.000000,0.000000,0
s100,config21,2,FOUND INTEGER FEASIBLE,220.124886,500.006927,0,2,2,2,-0.031374,-0.031374,0.000000,0.000000,0
s100,config21,3,FOUND INTEGER FEASIBLE,210.712313,491.586831,0,2,2,2,-0.031374,-0.031374,0.000000,0.000000,0
s100,config23,1,FOUND INTEGER FEASIBLE,217.831982,442.825584,2,2,2,2,-0.092342,-0.092342,0.000000,0.000000,0
s100,config23,2,FOUND INTEGER FEASIBLE,208.049756,437.605842,2,2,2,2,-0.092342,-0.092342,0.000000,0.000000,0
s100,config23,3,FOUND INTEGER FEASIBLE,202.408523,448.545059,3,2,2,2,-0.092341,-0.092341,0.000000,0.000000,0
s100,config19,1,FOUND INTEGER FEASIBLE,0.000000,501.270926,0,0,-1,-1,-0.162837,-0.162837,0.000000,0.000000,0
s100,config19,2,FOUND INTEGER FEASIBLE,0.000000,495.833554,0,0,-1,-1,-0.162837,-0.162837,0.000000,0.000000,0
s100,config19,3,FOUND INTEGER FEASIBLE,0.000000,502.054322,0,0,-1,-1,-0.162837,-0.162837,0.000000,0.000000,0
s100,config18,1,FOUND INTEGER FEASIBLE,0.000000,677.596805,0,0,-1,-1,-0.168593,-0.168593,0.000000,0.000000,0
s100,config18,2,FOUND INTEGER FEASIBLE,0.000000,679.142135,0,0,-1,-1,-0.168593,-0.168593,0.000000,0.000000,0
s100,config18,3,FOUND INTEGER FEASIBLE,0.000000,675.501236,0,0,-1,-1,-0.168593,-0.168593,0.000000,0.000000,0
s250r10,config1,1,FOUND INTEGER FEASIBLE,0.000000,39.298154,1,0,-1,-1,-0.168642,-0.168642,0.000000,0.000000,0
s250r10,config1,2,FOUND INTEGER FEASIBLE,0.000000,43.464683,1,0,-1,-1,-0.166642,-0.166642,0.000000,0.000000,0
s250r10,config1,3,FOUND INTEGER FEASIBLE,0.000000,40.792871,1,0,-1,-1,-0.168703,-0.168703,0.000000,0.000000,0
s250r10,config3,1,FOUND INTEGER FEASIBLE,0.000000,7.450495,2,0,-1,-1,2.922001,0.484501,0.000000,0.000000,0
s250r10,config3,2,FOUND INTEGER FEASIBLE,0.000000,7.473121,2,0,-1,-1,2.922001,0.484501,0.000000,0.000000,0
s250r10,config3,3,FOUND INTEGER FEASIBLE,0.000000,8.000246,5,0,-1,-1,2.920072,0.220072,0.000000,0.000000,0
s250r10,config20,1,FOUND INTEGER FEASIBLE,0.000000,10.397318,0,0,-1,-1,2.931988,-0.068012,0.000000,0.000000,0
s250r10,config20,2,FOUND INTEGER FEASIBLE,0.000000,10.655293,0,0,-1,-1,2.931988,-0.068012,0.000000,0.000000,0
s250r10,config20,3,FOUND INTEGER FEASIBLE,0.000000,10.219990,0,0,-1,-1,2.931988,-0.068012,0.000000,0.000000,0
s250r10,config16,1,FOUND INTEGER FEASIBLE,14.621584,19.600253,13,10,1,1,-0.164771,-0.164771,0.000000,0.000000,0
s250r10,config16,2,FOUND INTEGER FEASIBLE,15.180541,19.692430,16,10,1,1,-0.162776,-0.162776,0.000000,0.000000,0
s250r10,config16,3,FOUND INTEGER FEASIBLE,13.004236,17.738920,13,10,1,1,-0.161776,-0.161776,0.000000,0.000000,0
s250r10,config17,1,FOUND INTEGER FEASIBLE,3.407598,11.552375,1,6,1,1,2.919913,-0.080087,0.000000,0.000000,0
s250r10,config17,2,FOUND INTEGER FEASIBLE,2.682961,10.625517,1,6,1,1,2.921844,-0.078156,0.000000,0.000000,0
s250r10,config17,3,FOUND INTEGER FEASIBLE,1.885561,10.320616,1,6,1,1,2.919913,-0.080087,0.000000,0.000000,0
s250r10,config21,1,FOUND INTEGER FEASIBLE,5.234524,16.844345,0,2,2,2,2.931988,-0.068012,0.000000,0.000000,0
s250r10,config21,2,FOUND INTEGER FEASIBLE,5.198655,15.992549,0,2,2,2,2.931988,-0.068012,0.000000,0.000000,0
s250r10,config21,3,FOUND INTEGER FEASIBLE,6.394997,17.462079,0,2,2,2,2.931988,-0.068012,0.000000,0.000000,0
s250r10,config23,1,FOUND INTEGER FEASIBLE,5.268235,12.715381,2,2,2,2,2.922001,0.484501,0.000000,0.000000,0
s250r10,config23,2,FOUND INTEGER FEASIBLE,4.490670,13.469222,2,2,2,2,2.922001,0.484501,0.000000,0.000000,0
s250r10,config23,3,FOUND INTEGER FEASIBLE,6.239754,14.040551,5,2,2,2,2.920072,0.220072,0.000000,0.000000,0
s250r10,config19,1,FOUND INTEGER FEASIBLE,0.000000,23.268878,0,0,-1,-1,-0.053361,-0.053361,0.000000,0.000000,0
s250r10,config19,2,FOUND INTEGER FEASIBLE,0.000000,23.197648,0,0,-1,-1,-0.053361,-0.053361,0.000000,0.000000,0
s250r10,config19,3,FOUND INTEGER FEASIBLE,0.000000,23.048101,0,0,-1,-1,-0.053361,-0.053361,0.000000,0.000000,0
s250r10,config18,1,FOUND INTEGER FEASIBLE,0.000000,23.250067,0,0,-1,-1,-0.053361,-0.053361,0.000000,0.000000,0
s250r10,config18,2,FOUND INTEGER FEASIBLE,0.000000,23.209610,0,0,-1,-1,-0.053361,-0.053361,0.000000,0.000000,0
s250r10,config18,3,FOUND INTEGER FEASIBLE,0.000000,23.373998,0,0,-1,-1,-0.053361,-0.053361,0.000000,0.000000,0
satellites2-40,config1,1,FOUND INTEGER FEASIBLE,0.000000,335.381806,147,0,-1,-1,80.000000,80.000000,0.000000,0.000000,0
satellites2-40,config1,2,FOUND INTEGER FEASIBLE,0.000000,742.586405,371,0,-1,-1,6.000000,6.000000,0.000000,0.000000,0
satellites2-40,config1,3,FOUND INTEGER FEASIBLE,0.000000,746.425045,374,0,-1,-1,80.000000,80.000000,0.000000,0.000000,0
satellites2-40,config3,1,FOUND INTEGER FEASIBLE,0.000000,423.428306,147,0,-1,-1,79.000000,79.000000,0.000000,0.000000,0
satellites2-40,config3,2,FOUND INTEGER FEASIBLE,0.000000,206.601933,20,0,-1,-1,79.000000,79.000000,0.000000,0.000000,0
satellites2-40,config3,3,FOUND INTEGER FEASIBLE,0.000000,161.238570,14,0,-1,-1,79.000000,79.000000,0.000000,0.000000,0
satellites2-40,config20,1,FOUND INTEGER FEASIBLE,0.000000,99.598870,14,0,-1,-1,27.000000,27.000000,0.000000,0.000000,0
satellites2-40,config20,2,FOUND INTEGER FEASIBLE,0.000000,312.205200,147,0,-1,-1,79.000000,79.000000,0.000000,0.000000,0
satellites2-40,config20,3,FOUND INTEGER FEASIBLE,0.000000,101.555946,19,0,-1,-1,79.000000,79.000000,0.000000,0.000000,0
satellites2-40,config16,1,FOUND INTEGER FEASIBLE,228.510542,229.818054,3,11,1,1,49.000000,49.000000,0.000000,0.000000,0
satellites2-40,config16,2,FOUND INTEGER FEASIBLE,223.918336,225.088183,3,11,1,1,49.000000,49.000000,0.000000,0.000000,0
satellites2-40,config16,3,FOUND INTEGER FEASIBLE,222.878845,224.750955,3,11,1,1,92.000000,92.000000,0.000000,0.000000,0
satellites2-40,config17,1,FOUND INTEGER FEASIBLE,38.038209,38.406334,0,4,0,0,39.000000,39.000000,0.000000,0.000000,0
satellites2-40,config17,2,FOUND INTEGER FEASIBLE,38.944447,39.597716,0,4,0,0,39.000000,39.000000,0.000000,0.000000,0
satellites2-40,config17,3,FOUND INTEGER FEASIBLE,35.463553,36.106908,0,4,0,0,39.000000,39.000000,0.000000,0.000000,0
satellites2-40,config21,1,FOUND INTEGER FEASIBLE,53.782022,251.692232,9,6,1,1,91.000000,91.000000,0.000000,0.000000,0
satellites2-40,config21,2,FOUND INTEGER FEASIBLE,53.340743,252.408982,13,6,1,1,91.000000,91.000000,0.000000,0.000000,0
satellites2-40,config21,3,FOUND INTEGER FEASIBLE,52.629595,345.379451,75,6,1,1,91.000000,91.000000,0.000000,0.000000,0
satellites2-40,config23,1,FOUND INTEGER FEASIBLE,51.392377,116.455850,14,6,1,1,79.000000,79.000000,0.000000,0.000000,0
satellites2-40,config23,2,FOUND INTEGER FEASIBLE,56.165466,146.027076,14,6,1,1,27.000000,27.000000,0.000000,0.000000,0
satellites2-40,config23,3,FOUND INTEGER FEASIBLE,58.533345,194.820627,18,6,1,1,27.000000,27.000000,0.000000,0.000000,0
satellites2-40,config19,1,FOUND INTEGER FEASIBLE,0.000000,2.154465,0,0,-1,-1,39.000000,39.000000,0.000000,0.000000,0
satellites2-40,config19,2,FOUND INTEGER FEASIBLE,0.000000,2.578382,0,0,-1,-1,39.000000,39.000000,0.000000,0.000000,0
satellites2-40,config19,3,FOUND INTEGER FEASIBLE,0.000000,2.584437,0,0,-1,-1,39.000000,39.000000,0.000000,0.000000,0
satellites2-40,config18,1,FOUND INTEGER FEASIBLE,0.000000,2.404461,0,0,-1,-1,39.000000,39.000000,0.000000,0.000000,0
satellites2-40,config18,2,FOUND INTEGER FEASIBLE,0.000000,2.576253,0,0,-1,-1,39.000000,39.000000,0.000000,0.000000,0
satellites2-40,config18,3,FOUND INTEGER FEASIBLE,0.000000,2.574966,0,0,-1,-1,39.000000,39.000000,0.000000,0.000000,0
satellites2-60-fs,config1,1,FOUND INTEGER FEASIBLE,0.000000,38.818572,13,0,-1,-1,96.000000,96.000000,0.000000,0.000000,0
satellites2-60-fs,config1,2,FOUND INTEGER FEASIBLE,0.000000,89.820786,15,0,-1,-1,26.000000,26.000000,0.000000,0.000000,0
satellites2-60-fs,config1,3,FOUND INTEGER FEASIBLE,0.000000,36.367283,15,0,-1,-1,28.000000,28.000000,0.000000,0.000000,0
satellites2-60-fs,config3,1,FOUND INTEGER FEASIBLE,0.000000,108.089122,17,0,-1,-1,4.000000,4.000000,0.000000,0.000000,0
satellites2-60-fs,config3,2,FOUND INTEGER FEASIBLE,0.000000,84.492495,17,0,-1,-1,78.000000,78.000000,0.000000,0.000000,0
satellites2-60-fs,config3,3,FOUND INTEGER FEASIBLE,0.000000,78.982037,13,0,-1,-1,79.000000,79.000000,0.000000,0.000000,0
satellites2-60-fs,config20,1,FOUND INTEGER FEASIBLE,0.000000,360.123625,28,0,-1,-1,78.000000,78.000000,0.000000,0.000000,0
satellites2-60-fs,config20,2,FOUND INTEGER FEASIBLE,0.000000,317.188359,8,0,-1,-1,78.000000,78.000000,0.000000,0.000000,0
satellites2-60-fs,config20,3,FOUND INTEGER FEASIBLE,0.000000,315.137311,5,0,-1,-1,78.000000,78.000000,0.000000,0.000000,0
satellites2-60-fs,config16,1,FOUND INTEGER FEASIBLE,51.102324,65.724684,125,11,1,0,28.000000,28.000000,0.000000,0.000000,0
satellites2-60-fs,config16,2,FOUND INTEGER FEASIBLE,53.044014,71.219998,165,11,1,0,44.000000,44.000000,0.000000,0.000000,0
satellites2-60-fs,config16,3,FOUND INTEGER FEASIBLE,48.023698,71.496377,145,11,1,0,28.000000,28.000000,0.000000,0.000000,0
satellites2-60-fs,config17,1,FOUND INTEGER FEASIBLE,24.255638,24.493144,0,4,0,0,48.000000,48.000000,0.000000,0.000000,0
satellites2-60-fs,config17,2,FOUND INTEGER FEASIBLE,25.417364,25.810825,0,4,0,0,48.000000,48.000000,0.000000,0.000000,0
satellites2-60-fs,config17,3,FOUND INTEGER FEASIBLE,24.150605,24.415267,0,4,0,0,48.000000,48.000000,0.000000,0.000000,0
satellites2-60-fs,config21,1,FOUND INTEGER FEASIBLE,82.166000,354.988204,32,5,1,1,45.000000,45.000000,0.000000,0.000000,0
satellites2-60-fs,config21,2,FOUND INTEGER FEASIBLE,84.426353,323.957242,29,5,1,1,45.000000,45.000000,0.000000,0.000000,0
satellites2-60-fs,config21,3,FOUND INTEGER FEASIBLE,89.390989,370.100201,44,5,1,1,45.000000,45.000000,0.000000,0.000000,0
satellites2-60-fs,config23,1,FOUND INTEGER FEASIBLE,87.446072,207.461855,38,5,1,1,80.000000,80.000000,0.000000,0.000000,0
satellites2-60-fs,config23,2,FOUND INTEGER FEASIBLE,90.124517,215.605738,25,5,1,1,105.000000,105.000000,0.000000,0.000000,0
satellites2-60-fs,config23,3,FOUND INTEGER FEASIBLE,81.602236,183.417400,38,5,1,1,79.000000,79.000000,0.000000,0.000000,0
satellites2-60-fs,config19,1,FOUND INTEGER FEASIBLE,0.000000,0.578246,0,0,-1,-1,48.000000,48.000000,0.000000,0.000000,0
satellites2-60-fs,config19,2,FOUND INTEGER FEASIBLE,0.000000,0.560589,0,0,-1,-1,48.000000,48.000000,0.000000,0.000000,0
satellites2-60-fs,config19,3,FOUND INTEGER FEASIBLE,0.000000,0.563822,0,0,-1,-1,48.000000,48.000000,0.000000,0.000000,0
satellites2-60-fs,config18,1,FOUND INTEGER FEASIBLE,0.000000,0.578370,0,0,-1,-1,48.000000,48.000000,0.000000,0.000000,0
satellites2-60-fs,config18,2,FOUND INTEGER FEASIBLE,0.000000,0.559608,0,0,-1,-1,48.000000,48.000000,0.000000,0.000000,0
satellites2-60-fs,config18,3,FOUND INTEGER FEASIBLE,0.000000,0.562296,0,0,-1,-1,48.000000,48.000000,0.000000,0.000000,0
savsched1,config1,1,FOUND INTEGER FEASIBLE,0.000000,1011.530996,1,0,-1,-1,7499.200000,7499.200000,0.000000,0.000000,0
savsched1,config1,2,FOUND INTEGER FEASIBLE,0.000000,1016.231650,1,0,-1,-1,36948.000000,36948.000000,0.000000,0.000000,0
savsched1,config1,3,FOUND INTEGER FEASIBLE,0.000000,1006.117978,1,0,-1,-1,7406.500000,7406.500000,0.000000,0.000000,0
savsched1,config3,1,FOUND INTEGER FEASIBLE,0.000000,4.722119,0,0,-1,-1,525249.500000,313566.600000,0.000000,0.000000,0
savsched1,config3,2,FOUND INTEGER FEASIBLE,0.000000,4.639850,0,0,-1,-1,525249.500000,313566.600000,0.000000,0.000000,0
savsched1,config3,3,FOUND INTEGER FEASIBLE,0.000000,4.682319,0,0,-1,-1,525249.500000,313566.600000,0.000000,0.000000,0
savsched1,config20,1,FOUND INTEGER FEASIBLE,0.000000,7.566251,1,0,-1,-1,221414.800000,12611.600000,0.000000,0.000000,0
savsched1,config20,2,FOUND INTEGER FEASIBLE,0.000000,7.724157,1,0,-1,-1,245304.800000,35620.700000,0.000000,0.000000,0
savsched1,config20,3,FOUND INTEGER FEASIBLE,0.000000,7.607507,1,0,-1,-1,221364.800000,12564.700000,0.000000,0.000000,0
savsched1,config16,1,FOUND INTEGER FEASIBLE,911.255852,915.193129,0,12,0,0,300374.400000,300374.400000,0.000000,0.000000,0
savsched1,config16,2,FOUND INTEGER FEASIBLE,884.838691,888.654885,0,12,0,0,300374.400000,300374.400000,0.000000,0.000000,0
savsched1,config16,3,FOUND INTEGER FEASIBLE,893.754114,898.071528,0,12,0,0,300374.400000,300374.400000,0.000000,0.000000,0
savsched1,config17,1,FOUND INTEGER FEASIBLE,0.493041,4.553712,0,1,0,0,313591.200000,313566.500000,0.000000,0.000000,0
savsched1,config17,2,FOUND INTEGER FEASIBLE,0.505347,4.634132,0,1,0,0,313591.200000,313566.500000,0.000000,0.000000,0
savsched1,config17,3,FOUND INTEGER FEASIBLE,0.290918,4.026632,0,1,0,0,313591.200000,313566.500000,0.000000,0.000000,0
savsched1,config21,1,FOUND INTEGER FEASIBLE,4.432988,8.202360,0,9,0,0,302046.400000,301882.400000,0.000000,0.000000,0
savsched1,config21,2,FOUND INTEGER FEASIBLE,5.496194,9.679551,0,9,0,0,302046.400000,301882.400000,0.000000,0.000000,0
savsched1,config21,3,FOUND INTEGER FEASIBLE,5.758556,9.649970,0,9,0,0,302046.400000,301882.400000,0.000000,0.000000,0
savsched1,config23,1,FOUND INTEGER FEASIBLE,4.634548,8.431919,0,9,0,0,305131.200000,304978.800000,0.000000,0.000000,0
savsched1,config23,2,FOUND INTEGER FEASIBLE,4.411360,8.141225,0,9,0,0,305131.200000,304978.800000,0.000000,0.000000,0
savsched1,config23,3,FOUND INTEGER FEASIBLE,5.470446,9.826261,0,9,0,0,305131.200000,304978.800000,0.000000,0.000000,0
savsched1,config19,1,FOUND INTEGER FEASIBLE,0.000000,1.483697,0,0,-1,-1,366501.100000,366501.100000,0.000000,0.000000,0
savsched1,config19,2,FOUND INTEGER FEASIBLE,0.000000,1.216003,0,0,-1,-1,366501.100000,366501.100000,0.000000,0.000000,0
savsched1,config19,3,FOUND INTEGER FEASIBLE,0.000000,1.194052,0,0,-1,-1,366501.100000,366501.100000,0.000000,0.000000,0
savsched1,config18,1,FOUND INTEGER FEASIBLE,0.000000,1.505690,0,0,-1,-1,366501.100000,366501.100000,0.000000,0.000000,0
savsched1,config18,2,FOUND INTEGER FEASIBLE,0.000000,1.173740,0,0,-1,-1,366501.100000,366501.100000,0.000000,0.000000,0
savsched1,config18,3,FOUND INTEGER FEASIBLE,0.000000,1.164046,0,0,-1,-1,366501.100000,366501.100000,0.000000,0.000000,0
sct2,config1,1,FOUND INTEGER FEASIBLE,0.000000,0.152734,1,0,-1,-1,-104.646449,-113.386050,0.000000,0.000000,0
sct2,config1,2,FOUND INTEGER FEASIBLE,0.000000,0.154976,1,0,-1,-1,203.307311,161.578240,0.000000,0.000000,0
sct2,config1,3,FOUND INTEGER FEASIBLE,0.000000,0.152818,1,0,-1,-1,-3.194202,-39.089004,0.000000,0.000000,0
sct2,config3,1,FOUND INTEGER FEASIBLE,0.000000,0.060083,0,0,-1,-1,3838.440704,1015.412037,0.000000,0.000000,0
sct2,config3,2,FOUND INTEGER FEASIBLE,0.000000,0.059638,0,0,-1,-1,3838.440704,1015.412037,0.000000,0.000000,0
sct2,config3,3,FOUND INTEGER FEASIBLE,0.000000,0.060893,0,0,-1,-1,3838.440704,1015.412037,0.000000,0.000000,0
sct2,config20,1,FOUND INTEGER FEASIBLE,0.000000,0.094877,0,0,-1,-1,3801.552108,212.038392,0.000000,0.000000,0
sct2,config20,2,FOUND INTEGER FEASIBLE,0.000000,0.077089,0,0,-1,-1,3801.552108,212.038392,0.000000,0.000000,0
sct2,config20,3,FOUND INTEGER FEASIBLE,0.000000,0.077245,0,0,-1,-1,3801.552108,212.038392,0.000000,0.000000,0
sct2,config16,1,FOUND INTEGER FEASIBLE,0.072230,0.176989,1,11,0,0,-179.399519,-182.104074,0.000000,0.000000,0
sct2,config16,2,FOUND INTEGER FEASIBLE,0.072067,0.177475,1,11,0,0,-115.511015,-129.861427,0.000000,0.000000,0
sct2,config16,3,FOUND INTEGER FEASIBLE,0.071551,0.174408,1,11,0,0,-177.391482,-177.391482,0.000000,0.000000,0
sct2,config17,1,FOUND INTEGER FEASIBLE,0.004849,0.081957,0,0,0,0,3651.911159,1015.412037,0.000000,0.000000,0
sct2,config17,2,FOUND INTEGER FEASIBLE,0.004770,0.081878,0,0,0,0,3651.911159,1015.412037,0.000000,0.000000,0
sct2,config17,3,FOUND INTEGER FEASIBLE,0.004915,0.090722,0,0,0,0,3651.911159,1015.412037,0.000000,0.000000,0
sct2,config21,1,FOUND INTEGER FEASIBLE,0.014439,0.074737,0,1,0,0,1149.074374,908.159345,0.000000,0.000000,0
sct2,config21,2,FOUND INTEGER FEASIBLE,0.014526,0.075676,0,1,0,0,1149.074374,908.159345,0.000000,0.000000,0
sct2,config21,3,FOUND INTEGER FEASIBLE,0.014575,0.067330,0,1,0,0,1149.074374,908.159345,0.000000,0.000000,0
sct2,config23,1,FOUND INTEGER FEASIBLE,0.014566,0.067622,0,1,0,0,1165.544489,1015.412037,0.000000,0.000000,0
sct2,config23,2,FOUND INTEGER FEASIBLE,0.014497,0.075223,0,1,0,0,1165.544489,1015.412037,0.000000,0.000000,0
sct2,config23,3,FOUND INTEGER FEASIBLE,0.014607,0.067293,0,1,0,0,1165.544489,1015.412037,0.000000,0.000000,0
sct2,config19,1,FOUND INTEGER FEASIBLE,0.000000,0.050588,0,0,-1,-1,3838.440704,1015.412037,0.000000,0.000000,0
sct2,config19,2,FOUND INTEGER FEASIBLE,0.000000,0.043643,0,0,-1,-1,3838.440704,1015.412037,0.000000,0.000000,0
sct2,config19,3,FOUND INTEGER FEASIBLE,0.000000,0.043383,0,0,-1,-1,3838.440704,1015.412037,0.000000,0.000000,0
sct2,config18,1,FOUND INTEGER FEASIBLE,0.000000,0.052321,0,0,-1,-1,3838.440704,1015.412037,0.000000,0.000000,0
sct2,config18,2,FOUND INTEGER FEASIBLE,0.000000,0.044725,0,0,-1,-1,3838.440704,1015.412037,0.000000,0.000000,0
sct2,config18,3,FOUND INTEGER FEASIBLE,0.000000,0.045055,0,0,-1,-1,3838.440704,1015.412037,0.000000,0.000000,0
seymour1,config1,1,FOUND INTEGER FEASIBLE,0.000000,1.251051,1,0,-1,-1,437.455433,431.506524,0.000000,0.000000,0
seymour1,config1,2,FOUND INTEGER FEASIBLE,0.000000,1.507462,1,0,-1,-1,437.377040,421.479146,0.000000,0.000000,0
seymour1,config1,3,FOUND INTEGER FEASIBLE,0.000000,1.250327,1,0,-1,-1,439.590575,434.896865,0.000000,0.000000,0
seymour1,config3,1,FOUND INTEGER FEASIBLE,0.000000,0.089064,1,0,-1,-1,1091.000000,423.991398,0.000000,0.000000,0
seymour1,config3,2,FOUND INTEGER FEASIBLE,0.000000,0.089219,1,0,-1,-1,1088.000000,420.991398,0.000000,0.000000,0
seymour1,config3,3,FOUND INTEGER FEASIBLE,0.000000,0.089032,1,0,-1,-1,1101.000000,433.991398,0.000000,0.000000,0
seymour1,config20,1,FOUND INTEGER FEASIBLE,0.000000,0.084946,0,0,-1,-1,1192.000000,507.963625,0.000000,0.000000,0
seymour1,config20,2,FOUND INTEGER FEASIBLE,0.000000,0.079677,0,0,-1,-1,1192.000000,507.963625,0.000000,0.000000,0
seymour1,config20,3,FOUND INTEGER FEASIBLE,0.000000,0.078014,0,0,-1,-1,1192.000000,507.963625,0.000000,0.000000,0
seymour1,config16,1,FOUND INTEGER FEASIBLE,1.836367,2.068620,1,8,0,0,416.811701,414.896386,0.000000,0.000000,0
seymour1,config16,2,FOUND INTEGER FEASIBLE,2.406769,2.654562,1,8,0,0,425.710485,418.767290,0.000000,0.000000,0
seymour1,config16,3,FOUND INTEGER FEASIBLE,2.540456,2.763414,1,8,0,0,426.896258,425.771278,0.000000,0.000000,0
seymour1,config17,1,FOUND INTEGER FEASIBLE,0.020900,0.113216,1,3,0,0,1076.000000,423.222051,0.000000,0.000000,0
seymour1,config17,2,FOUND INTEGER FEASIBLE,0.021068,0.117793,1,3,0,0,1070.000000,417.222051,0.000000,0.000000,0
seymour1,config17,3,FOUND INTEGER FEASIBLE,0.015581,0.096308,1,3,0,0,1080.000000,425.991398,0.000000,0.000000,0
seymour1,config21,1,FOUND INTEGER FEASIBLE,0.004073,0.102606,0,0,0,0,1191.000000,506.963625,0.000000,0.000000,0
seymour1,config21,2,FOUND INTEGER FEASIBLE,0.006687,0.110086,0,0,0,0,1191.000000,506.963625,0.000000,0.000000,0
seymour1,config21,3,FOUND INTEGER FEASIBLE,0.003917,0.086208,0,0,0,0,1191.000000,506.963625,0.000000,0.000000,0
seymour1,config23,1,FOUND INTEGER FEASIBLE,0.003990,0.102848,1,0,0,0,1092.000000,427.298069,0.000000,0.000000,0
seymour1,config23,2,FOUND INTEGER FEASIBLE,0.003997,0.095496,1,0,0,0,1088.000000,423.298069,0.000000,0.000000,0
seymour1,config23,3,FOUND INTEGER FEASIBLE,0.004409,0.129091,1,0,0,0,1100.000000,435.298069,0.000000,0.000000,0
seymour1,config19,1,FOUND INTEGER FEASIBLE,0.000000,0.022379,0,0,-1,-1,1372.000000,645.963625,0.000000,0.000000,0
seymour1,config19,2,FOUND INTEGER FEASIBLE,0.000000,0.013658,0,0,-1,-1,1372.000000,645.963625,0.000000,0.000000,0
seymour1,config19,3,FOUND INTEGER FEASIBLE,0.000000,0.016455,0,0,-1,-1,1372.000000,645.963625,0.000000,0.000000,0
seymour1,config18,1,FOUND INTEGER FEASIBLE,0.000000,0.021285,0,0,-1,-1,1372.000000,645.963625,0.000000,0.000000,0
seymour1,config18,2,FOUND INTEGER FEASIBLE,0.000000,0.016551,0,0,-1,-1,1372.000000,645.963625,0.000000,0.000000,0
seymour1,config18,3,FOUND INTEGER FEASIBLE,0.000000,0.015544,0,0,-1,-1,1372.000000,645.963625,0.000000,0.000000,0
seymour,config1,1,FOUND INTEGER FEASIBLE,0.000000,1.076913,1,0,-1,-1,462.000000,462.000000,0.000000,0.000000,0
seymour,config1,2,FOUND INTEGER FEASIBLE,0.000000,1.079885,1,0,-1,-1,447.000000,447.000000,0.000000,0.000000,0
seymour,config1,3,FOUND INTEGER FEASIBLE,0.000000,1.065968,1,0,-1,-1,560.000000,560.000000,0.000000,0.000000,0
seymour,config3,1,FOUND INTEGER FEASIBLE,0.000000,1.076851,1,0,-1,-1,462.000000,462.000000,0.000000,0.000000,0
seymour,config3,2,FOUND INTEGER FEASIBLE,0.000000,1.082918,1,0,-1,-1,447.000000,447.000000,0.000000,0.000000,0
seymour,config3,3,FOUND INTEGER FEASIBLE,0.000000,1.060627,1,0,-1,-1,560.000000,560.000000,0.000000,0.000000,0
seymour,config20,1,FOUND INTEGER FEASIBLE,0.000000,0.101816,0,0,-1,-1,1061.000000,1061.000000,0.000000,0.000000,0
seymour,config20,2,FOUND INTEGER FEASIBLE,0.000000,0.097372,0,0,-1,-1,1061.000000,1061.000000,0.000000,0.000000,0
seymour,config20,3,FOUND INTEGER FEASIBLE,0.000000,0.096895,0,0,-1,-1,1061.000000,1061.000000,0.000000,0.000000,0
seymour,config16,1,FOUND INTEGER FEASIBLE,1.381329,1.673318,1,6,0,0,462.000000,462.000000,0.000000,0.000000,0
seymour,config16,2,FOUND INTEGER FEASIBLE,0.806335,1.116298,1,6,0,0,447.000000,447.000000,0.000000,0.000000,0
seymour,config16,3,FOUND INTEGER FEASIBLE,1.376293,1.691466,1,6,0,0,552.000000,552.000000,0.000000,0.000000,0
seymour,config17,1,FOUND INTEGER FEASIBLE,0.692508,0.854160,1,6,0,0,462.000000,462.000000,0.000000,0.000000,0
seymour,config17,2,FOUND INTEGER FEASIBLE,1.391264,1.720196,1,6,0,0,447.000000,447.000000,0.000000,0.000000,0
seymour,config17,3,FOUND INTEGER FEASIBLE,1.400722,1.737805,1,6,0,0,552.000000,552.000000,0.000000,0.000000,0
seymour,config21,1,FOUND INTEGER FEASIBLE,0.006186,0.138945,0,0,0,0,1060.000000,1060.000000,0.000000,0.000000,0
seymour,config21,2,FOUND INTEGER FEASIBLE,0.010731,0.163195,0,0,0,0,1060.000000,1060.000000,0.000000,0.000000,0
seymour,config21,3,FOUND INTEGER FEASIBLE,0.003880,0.119753,0,0,0,0,1060.000000,1060.000000,0.000000,0.000000,0
seymour,config23,1,FOUND INTEGER FEASIBLE,0.003698,0.671086,1,0,0,0,464.000000,464.000000,0.000000,0.000000,0
seymour,config23,2,FOUND INTEGER FEASIBLE,0.003857,0.701317,1,0,0,0,446.000000,446.000000,0.000000,0.000000,0
seymour,config23,3,FOUND INTEGER FEASIBLE,0.003885,0.647536,1,0,0,0,562.000000,562.000000,0.000000,0.000000,0
seymour,config19,1,FOUND INTEGER FEASIBLE,0.000000,0.022001,0,0,-1,-1,1372.000000,1372.000000,0.000000,0.000000,0
seymour,config19,2,FOUND INTEGER FEASIBLE,0.000000,0.014252,0,0,-1,-1,1372.000000,1372.000000,0.000000,0.000000,0
seymour,config19,3,FOUND INTEGER FEASIBLE,0.000000,0.016663,0,0,-1,-1,1372.000000,1372.000000,0.000000,0.000000,0
seymour,config18,1,FOUND INTEGER FEASIBLE,0.000000,0.021997,0,0,-1,-1,1372.000000,1372.000000,0.000000,0.000000,0
seymour,config18,2,FOUND INTEGER FEASIBLE,0.000000,0.014922,0,0,-1,-1,1372.000000,1372.000000,0.000000,0.000000,0
seymour,config18,3,FOUND INTEGER FEASIBLE,0.000000,0.014663,0,0,-1,-1,1372.000000,1372.000000,0.000000,0.000000,0
sing326,config1,1,FOUND INTEGER FEASIBLE,0.000000,5.478392,1,0,-1,-1,15656036.328851,14056130.630753,0.000000,0.000000,0
sing326,config1,2,FOUND INTEGER FEASIBLE,0.000000,5.487634,1,0,-1,-1,14826730.805547,13503608.863380,0.000000,0.000000,0
sing326,config1,3,FOUND INTEGER FEASIBLE,0.000000,5.592434,2,0,-1,-1,14953569.404786,13014092.157148,0.000000,0.000000,0
sing326,config3,1,FOUND INTEGER FEASIBLE,0.000000,3.086496,0,0,-1,-1,477172889.407453,472761359.259662,0.000000,0.000000,0
sing326,config3,2,FOUND INTEGER FEASIBLE,0.000000,3.061450,0,0,-1,-1,477172889.407453,472761359.259662,0.000000,0.000000,0
sing326,config3,3,FOUND INTEGER FEASIBLE,0.000000,3.076730,0,0,-1,-1,477172889.407453,472761359.259662,0.000000,0.000000,0
sing326,config20,1,FOUND INTEGER FEASIBLE,0.000000,7.762074,17,0,-1,-1,47574743.782283,24441620.172455,0.000000,0.000000,0
sing326,config20,2,FOUND INTEGER FEASIBLE,0.000000,7.460428,15,0,-1,-1,56264015.711666,26569433.914536,0.000000,0.000000,0
sing326,config20,3,FOUND INTEGER FEASIBLE,0.000000,6.960378,6,0,-1,-1,48954981.125665,24478834.401263,0.000000,0.000000,0
sing326,config16,1,FOUND INTEGER FEASIBLE,5.733825,6.419961,0,12,0,0,28184941.905917,28184941.905917,0.000000,0.000000,0
sing326,config16,2,FOUND INTEGER FEASIBLE,5.539323,6.217708,0,12,0,0,28184941.905917,28184941.905917,0.000000,0.000000,0
sing326,config16,3,FOUND INTEGER FEASIBLE,4.902963,5.297684,0,12,0,0,28184941.905917,28184941.905917,0.000000,0.000000,0
sing326,config17,1,FOUND INTEGER FEASIBLE,1.596981,2.354643,0,2,1,1,481336756.842913,479550620.275492,0.000000,0.000000,0
sing326,config17,2,FOUND INTEGER FEASIBLE,0.953758,1.387062,0,2,1,1,481336756.842913,479550620.275492,0.000000,0.000000,0
sing326,config17,3,FOUND INTEGER FEASIBLE,1.383924,2.033043,0,2,1,1,481336756.842913,479550620.275492,0.000000,0.000000,0
sing326,config21,1,FOUND INTEGER FEASIBLE,16.591420,17.306006,1,12,0,0,164124370.768822,162757668.582964,0.000000,0.000000,0
sing326,config21,2,FOUND INTEGER FEASIBLE,14.863703,15.553510,1,12,0,0,164124370.768822,162757668.582964,0.000000,0.000000,0
sing326,config21,3,FOUND INTEGER FEASIBLE,15.111059,15.646619,1,12,0,0,164124370.768822,162757668.582964,0.000000,0.000000,0
sing326,config23,1,FOUND INTEGER FEASIBLE,15.505235,16.210648,0,12,0,0,164262535.465710,162893637.672907,0.000000,0.000000,0
sing326,config23,2,FOUND INTEGER FEASIBLE,14.036638,14.579562,0,12,0,0,164262535.465710,162893637.672907,0.000000,0.000000,0
sing326,config23,3,FOUND INTEGER FEASIBLE,14.878656,15.428398,0,12,0,0,164262535.465710,162893637.672907,0.000000,0.000000,0
sing326,config19,1,FOUND INTEGER FEASIBLE,0.000000,1.410508,0,0,-1,-1,441677452.206446,423623647.432380,0.000000,0.000000,0
sing326,config19,2,FOUND INTEGER FEASIBLE,0.000000,1.376355,0,0,-1,-1,441677452.206446,423623647.432380,0.000000,0.000000,0
sing326,config19,3,FOUND INTEGER FEASIBLE,0.000000,1.372829,0,0,-1,-1,441677452.206446,423623647.432380,0.000000,0.000000,0
sing326,config18,1,FOUND INTEGER FEASIBLE,0.000000,1.406469,0,0,-1,-1,441677452.206446,423623647.432380,0.000000,0.000000,0
sing326,config18,2,FOUND INTEGER FEASIBLE,0.000000,1.380667,0,0,-1,-1,441677452.206446,423623647.432380,0.000000,0.000000,0
sing326,config18,3,FOUND INTEGER FEASIBLE,0.000000,1.367119,0,0,-1,-1,441677452.206446,423623647.432380,0.000000,0.000000,0
sing44,config1,1,FOUND INTEGER FEASIBLE,0.000000,6.068098,1,0,-1,-1,10880785.356774,10095773.339509,0.000000,0.000000,0
sing44,config1,2,FOUND INTEGER FEASIBLE,0.000000,6.070025,1,0,-1,-1,13872517.179778,12751594.386633,0.000000,0.000000,0
sing44,config1,3,FOUND INTEGER FEASIBLE,0.000000,6.079860,1,0,-1,-1,10848654.790945,9978297.982051,0.000000,0.000000,0
sing44,config3,1,FOUND INTEGER FEASIBLE,0.000000,3.356752,0,0,-1,-1,522660909.775406,514935947.747793,0.000000,0.000000,0
sing44,config3,2,FOUND INTEGER FEASIBLE,0.000000,2.356148,0,0,-1,-1,522660909.775406,514935947.747793,0.000000,0.000000,0
sing44,config3,3,FOUND INTEGER FEASIBLE,0.000000,3.342790,0,0,-1,-1,522660909.775406,514935947.747793,0.000000,0.000000,0
sing44,config20,1,FOUND INTEGER FEASIBLE,0.000000,8.495224,13,0,-1,-1,60886385.802672,26184501.245134,0.000000,0.000000,0
sing44,config20,2,FOUND INTEGER FEASIBLE,0.000000,8.943186,21,0,-1,-1,54513571.126406,25885786.257758,0.000000,0.000000,0
sing44,config20,3,FOUND INTEGER FEASIBLE,0.000000,7.573932,6,0,-1,-1,73277693.064473,28391503.864034,0.000000,0.000000,0
sing44,config16,1,FOUND INTEGER FEASIBLE,7.534883,8.288277,0,11,0,0,12712197.787805,12712197.787805,0.000000,0.000000,0
sing44,config16,2,FOUND INTEGER FEASIBLE,6.842504,7.595207,0,11,0,0,12712197.787805,12712197.787805,0.000000,0.000000,0
sing44,config16,3,FOUND INTEGER FEASIBLE,6.879952,7.637796,0,11,0,0,12712197.787805,12712197.787805,0.000000,0.000000,0
sing44,config17,1,FOUND INTEGER FEASIBLE,1.756455,2.620415,0,1,0,0,438320327.808968,428727224.782536,0.000000,0.000000,0
sing44,config17,2,FOUND INTEGER FEASIBLE,1.091957,1.620963,0,1,0,0,438320327.808968,428727224.782536,0.000000,0.000000,0
sing44,config17,3,FOUND INTEGER FEASIBLE,1.546604,2.230018,0,1,0,0,438320327.808968,428727224.782536,0.000000,0.000000,0
sing44,config21,1,FOUND INTEGER FEASIBLE,14.061983,14.656467,2,12,0,0,167479942.334113,164066949.439885,0.000000,0.000000,0
sing44,config21,2,FOUND INTEGER FEASIBLE,17.895059,18.667531,1,12,0,0,167573552.687596,164066949.439885,0.000000,0.000000,0
sing44,config21,3,FOUND INTEGER FEASIBLE,16.845807,17.604452,2,12,0,0,167479942.334113,164066949.439885,0.000000,0.000000,0
sing44,config23,1,FOUND INTEGER FEASIBLE,16.953298,17.702161,0,12,0,0,169190846.183130,165479625.279241,0.000000,0.000000,0
sing44,config23,2,FOUND INTEGER FEASIBLE,14.777649,15.520222,0,12,0,0,169190846.183130,165479625.279241,0.000000,0.000000,0
sing44,config23,3,FOUND INTEGER FEASIBLE,15.056257,15.675409,0,12,0,0,169190846.183130,165479625.279241,0.000000,0.000000,0
sing44,config19,1,FOUND INTEGER FEASIBLE,0.000000,0.981121,0,0,-1,-1,493014358.932375,475073281.063980,0.000000,0.000000,0
sing44,config19,2,FOUND INTEGER FEASIBLE,0.000000,1.771059,0,0,-1,-1,493014358.932375,475073281.063980,0.000000,0.000000,0
sing44,config19,3,FOUND INTEGER FEASIBLE,0.000000,1.759373,0,0,-1,-1,493014358.932375,475073281.063980,0.000000,0.000000,0
sing44,config18,1,FOUND INTEGER FEASIBLE,0.000000,1.808956,0,0,-1,-1,493014358.932375,475073281.063980,0.000000,0.000000,0
sing44,config18,2,FOUND INTEGER FEASIBLE,0.000000,1.745053,0,0,-1,-1,493014358.932375,475073281.063980,0.000000,0.000000,0
sing44,config18,3,FOUND INTEGER FEASIBLE,0.000000,1.750239,0,0,-1,-1,493014358.932375,475073281.063980,0.000000,0.000000,0
snp-02-004-104,config1,1,FOUND INTEGER FEASIBLE,0.000000,6.912906,4,0,-1,-1,1036160999.225285,702951664.194799,0.000000,0.000000,0
snp-02-004-104,config1,2,FOUND INTEGER FEASIBLE,0.000000,7.006005,4,0,-1,-1,1020714391.574014,730096432.594865,0.000000,0.000000,0
snp-02-004-104,config1,3,FOUND INTEGER FEASIBLE,0.000000,6.829934,4,0,-1,-1,1034510675.056690,702884242.501673,0.000000,0.000000,0
snp-02-004-104,config3,1,FOUND INTEGER FEASIBLE,0.000000,3.804794,0,0,-1,-1,877122012706.584717,767496951.000953,0.000000,0.000000,0
snp-02-004-104,config3,2,FOUND INTEGER FEASIBLE,0.000000,3.775663,0,0,-1,-1,877122012706.584717,767496951.000953,0.000000,0.000000,0
snp-02-004-104,config3,3,FOUND INTEGER FEASIBLE,0.000000,3.781684,0,0,-1,-1,877122012706.584717,767496951.000953,0.000000,0.000000,0
snp-02-004-104,config20,1,FOUND INTEGER FEASIBLE,0.000000,4.858520,3,0,-1,-1,881674610833.071777,751243503.815137,0.000000,0.000000,0
snp-02-004-104,config20,2,FOUND INTEGER FEASIBLE,0.000000,4.823909,3,0,-1,-1,881458043533.756836,751388468.187181,0.000000,0.000000,0
snp-02-004-104,config20,3,FOUND INTEGER FEASIBLE,0.000000,5.355379,5,0,-1,-1,883391614368.989502,731544898.985180,0.000000,0.000000,0
snp-02-004-104,config16,1,FOUND INTEGER FEASIBLE,4.452805,10.797970,0,8,0,0,763897131.000937,763897131.000952,0.000000,0.000000,0
snp-02-004-104,config16,2,FOUND INTEGER FEASIBLE,2.837255,8.208827,0,8,0,0,763897131.000937,763897131.000952,0.000000,0.000000,0
snp-02-004-104,config16,3,FOUND INTEGER FEASIBLE,3.320139,9.163419,0,8,0,0,763897131.000937,763897131.000952,0.000000,0.000000,0
snp-02-004-104,config17,1,FOUND INTEGER FEASIBLE,1.413554,5.868057,0,1,0,0,879714967594.387451,767496951.000953,0.000000,0.000000,0
snp-02-004-104,config17,2,FOUND INTEGER FEASIBLE,0.775311,3.629358,0,1,0,0,879714967594.387451,767496951.000953,0.000000,0.000000,0
snp-02-004-104,config17,3,FOUND INTEGER FEASIBLE,0.817860,4.366362,0,1,0,0,879714967594.387451,767496951.000953,0.000000,0.000000,0
snp-02-004-104,config21,1,FOUND INTEGER FEASIBLE,1.404068,5.833106,0,2,0,0,691023848795.260986,767496951.000953,0.000000,0.000000,0
snp-02-004-104,config21,2,FOUND INTEGER FEASIBLE,0.862033,4.934774,0,2,0,0,691023848795.260986,767496951.000953,0.000000,0.000000,0
snp-02-004-104,config21,3,FOUND INTEGER FEASIBLE,0.858237,3.865534,0,2,0,0,691023848795.260986,767496951.000953,0.000000,0.000000,0
snp-02-004-104,config23,1,FOUND INTEGER FEASIBLE,0.861227,4.879805,0,2,0,0,691023848795.260986,767496951.000953,0.000000,0.000000,0
snp-02-004-104,config23,2,FOUND INTEGER FEASIBLE,0.862411,4.900654,0,2,0,0,691023848795.260986,767496951.000953,0.000000,0.000000,0
snp-02-004-104,config23,3,FOUND INTEGER FEASIBLE,0.857366,5.663922,0,2,0,0,691023848795.260986,767496951.000953,0.000000,0.000000,0
snp-02-004-104,config19,1,FOUND INTEGER FEASIBLE,0.000000,0.500032,0,0,-1,-1,8114481321.949591,767496951.000953,0.000000,0.000000,0
snp-02-004-104,config19,2,FOUND INTEGER FEASIBLE,0.000000,0.405337,0,0,-1,-1,8114481321.949591,767496951.000953,0.000000,0.000000,0
snp-02-004-104,config19,3,FOUND INTEGER FEASIBLE,0.000000,0.407785,0,0,-1,-1,8114481321.949591,767496951.000953,0.000000,0.000000,0
snp-02-004-104,config18,1,FOUND INTEGER FEASIBLE,0.000000,0.544318,0,0,-1,-1,8114481321.949591,767496951.000953,0.000000,0.000000,0
snp-02-004-104,config18,2,FOUND INTEGER FEASIBLE,0.000000,0.398712,0,0,-1,-1,8114481321.949591,767496951.000953,0.000000,0.000000,0
snp-02-004-104,config18,3,FOUND INTEGER FEASIBLE,0.000000,0.403558,0,0,-1,-1,8114481321.949591,767496951.000953,0.000000,0.000000,0
sorrell3,config1,1,FOUND INTEGER FEASIBLE,0.000000,3.286743,1,0,-1,-1,-3.000000,-3.000000,0.000000,0.000000,0
sorrell3,config1,2,FOUND INTEGER FEASIBLE,0.000000,3.338883,1,0,-1,-1,-2.000000,-2.000000,0.000000,0.000000,0
sorrell3,config1,3,FOUND INTEGER FEASIBLE,0.000000,3.393785,1,0,-1,-1,-7.000000,-7.000000,0.000000,0.000000,0
sorrell3,config3,1,FOUND INTEGER FEASIBLE,0.000000,1.921628,0,0,-1,-1,-2.000000,-2.000000,0.000000,0.000000,0
sorrell3,config3,2,FOUND INTEGER FEASIBLE,0.000000,1.902294,0,0,-1,-1,-2.000000,-2.000000,0.000000,0.000000,0
sorrell3,config3,3,FOUND INTEGER FEASIBLE,0.000000,1.902307,0,0,-1,-1,-2.000000,-2.000000,0.000000,0.000000,0
sorrell3,config20,1,FOUND INTEGER FEASIBLE,0.000000,3.210568,1,0,-1,-1,-3.000000,-3.000000,0.000000,0.000000,0
sorrell3,config20,2,FOUND INTEGER FEASIBLE,0.000000,3.305739,1,0,-1,-1,-2.000000,-2.000000,0.000000,0.000000,0
sorrell3,config20,3,FOUND INTEGER FEASIBLE,0.000000,3.386769,1,0,-1,-1,-7.000000,-7.000000,0.000000,0.000000,0
sorrell3,config16,1,FOUND INTEGER FEASIBLE,0.640796,2.317498,1,10,0,0,-6.000000,-6.000000,0.000000,0.000000,0
sorrell3,config16,2,FOUND INTEGER FEASIBLE,0.631580,1.634871,1,10,0,0,-2.000000,-2.000000,0.000000,0.000000,0
sorrell3,config16,3,FOUND INTEGER FEASIBLE,0.852877,2.584069,1,10,0,0,-10.000000,-10.000000,0.000000,0.000000,0
sorrell3,config17,1,FOUND INTEGER FEASIBLE,0.002674,1.346404,0,0,0,0,-2.000000,-2.000000,0.000000,0.000000,0
sorrell3,config17,2,FOUND INTEGER FEASIBLE,0.002188,1.101225,0,0,0,0,-2.000000,-2.000000,0.000000,0.000000,0
sorrell3,config17,3,FOUND INTEGER FEASIBLE,0.003243,1.728732,0,0,0,0,-2.000000,-2.000000,0.000000,0.000000,0
sorrell3,config21,1,FOUND INTEGER FEASIBLE,0.797268,2.983941,1,10,0,0,-2.000000,-2.000000,0.000000,0.000000,0
sorrell3,config21,2,FOUND INTEGER FEASIBLE,0.814844,2.950057,1,10,0,0,-2.000000,-2.000000,0.000000,0.000000,0
sorrell3,config21,3,FOUND INTEGER FEASIBLE,1.098799,3.717429,1,10,0,0,-7.000000,-7.000000,0.000000,0.000000,0
sorrell3,config23,1,FOUND INTEGER FEASIBLE,0.787826,2.473270,0,10,0,0,-2.000000,-2.000000,0.000000,0.000000,0
sorrell3,config23,2,FOUND INTEGER FEASIBLE,0.798983,2.549640,0,10,0,0,-2.000000,-2.000000,0.000000,0.000000,0
sorrell3,config23,3,FOUND INTEGER FEASIBLE,0.803621,2.501698,0,10,0,0,-2.000000,-2.000000,0.000000,0.000000,0
sorrell3,config19,1,FOUND INTEGER FEASIBLE,0.000000,0.502657,0,0,-1,-1,0.000000,0.000000,0.000000,0.000000,0
sorrell3,config19,2,FOUND INTEGER FEASIBLE,0.000000,0.378164,0,0,-1,-1,0.000000,0.000000,0.000000,0.000000,0
sorrell3,config19,3,FOUND INTEGER FEASIBLE,0.000000,0.379861,0,0,-1,-1,0.000000,0.000000,0.000000,0.000000,0
sorrell3,config18,1,FOUND INTEGER FEASIBLE,0.000000,0.492056,0,0,-1,-1,0.000000,0.000000,0.000000,0.000000,0
sorrell3,config18,2,FOUND INTEGER FEASIBLE,0.000000,0.426081,0,0,-1,-1,0.000000,0.000000,0.000000,0.000000,0
sorrell3,config18,3,FOUND INTEGER FEASIBLE,0.000000,0.371682,0,0,-1,-1,0.000000,0.000000,0.000000,0.000000,0
sp150x300d,config1,1,FOUND INTEGER FEASIBLE,0.000000,0.012981,4,0,-1,-1,71.000000,71.000000,0.000000,0.000000,0
sp150x300d,config1,2,FOUND INTEGER FEASIBLE,0.000000,0.012990,5,0,-1,-1,71.000000,71.000000,0.000000,0.000000,0
sp150x300d,config1,3,FOUND INTEGER FEASIBLE,0.000000,0.012356,3,0,-1,-1,71.000000,71.000000,0.000000,0.000000,0
sp150x300d,config3,1,FOUND INTEGER FEASIBLE,0.000000,0.012855,4,0,-1,-1,83.000000,83.000000,0.000000,0.000000,0
sp150x300d,config3,2,FOUND INTEGER FEASIBLE,0.000000,0.012661,5,0,-1,-1,83.000000,83.000000,0.000000,0.000000,0
sp150x300d,config3,3,FOUND INTEGER FEASIBLE,0.000000,0.012584,3,0,-1,-1,83.000000,83.000000,0.000000,0.000000,0
sp150x300d,config20,1,FOUND INTEGER FEASIBLE,0.000000,0.010976,0,0,-1,-1,300.000000,300.000000,0.000000,0.000000,0
sp150x300d,config20,2,FOUND INTEGER FEASIBLE,0.000000,0.012802,0,0,-1,-1,300.000000,300.000000,0.000000,0.000000,0
sp150x300d,config20,3,FOUND INTEGER FEASIBLE,0.000000,0.009037,0,0,-1,-1,300.000000,300.000000,0.000000,0.000000,0
sp150x300d,config16,1,FOUND INTEGER FEASIBLE,0.002804,0.019799,3,6,0,0,75.000000,75.000000,0.000000,0.000000,0
sp150x300d,config16,2,FOUND INTEGER FEASIBLE,0.002583,0.019435,5,6,0,0,75.000000,75.000000,0.000000,0.000000,0
sp150x300d,config16,3,FOUND INTEGER FEASIBLE,0.002587,0.018798,3,6,0,0,75.000000,75.000000,0.000000,0.000000,0
sp150x300d,config17,1,FOUND INTEGER FEASIBLE,0.002268,0.017121,3,6,0,0,81.000000,81.000000,0.000000,0.000000,0
sp150x300d,config17,2,FOUND INTEGER FEASIBLE,0.002351,0.018683,5,6,0,0,81.000000,81.000000,0.000000,0.000000,0
sp150x300d,config17,3,FOUND INTEGER FEASIBLE,0.002324,0.017797,3,6,0,0,81.000000,81.000000,0.000000,0.000000,0
sp150x300d,config21,1,FOUND INTEGER FEASIBLE,0.000979,0.010008,0,0,0,0,300.000000,300.000000,0.000000,0.000000,0
sp150x300d,config21,2,FOUND INTEGER FEASIBLE,0.000959,0.009891,0,0,0,0,300.000000,300.000000,0.000000,0.000000,0
sp150x300d,config21,3,FOUND INTEGER FEASIBLE,0.001306,0.013438,0,0,0,0,300.000000,300.000000,0.000000,0.000000,0
sp150x300d,config23,1,FOUND INTEGER FEASIBLE,0.001318,0.017386,4,0,0,0,83.000000,83.000000,0.000000,0.000000,0
sp150x300d,config23,2,FOUND INTEGER FEASIBLE,0.001359,0.016644,5,0,0,0,83.000000,83.000000,0.000000,0.000000,0
sp150x300d,config23,3,FOUND INTEGER FEASIBLE,0.001392,0.016123,3,0,0,0,83.000000,83.000000,0.000000,0.000000,0
sp150x300d,config19,1,FOUND INTEGER FEASIBLE,0.000000,0.011440,0,0,-1,-1,298.000000,298.000000,0.000000,0.000000,0
sp150x300d,config19,2,FOUND INTEGER FEASIBLE,0.000000,0.009659,0,0,-1,-1,298.000000,298.000000,0.000000,0.000000,0
sp150x300d,config19,3,FOUND INTEGER FEASIBLE,0.000000,0.012294,0,0,-1,-1,298.000000,298.000000,0.000000,0.000000,0
sp150x300d,config18,1,FOUND INTEGER FEASIBLE,0.000000,0.011364,0,0,-1,-1,298.000000,298.000000,0.000000,0.000000,0
sp150x300d,config18,2,FOUND INTEGER FEASIBLE,0.000000,0.010623,0,0,-1,-1,298.000000,298.000000,0.000000,0.000000,0
sp150x300d,config18,3,FOUND INTEGER FEASIBLE,0.000000,0.017213,0,0,-1,-1,298.000000,298.000000,0.000000,0.000000,0
sp97ar,config1,1,FOUND INTEGER FEASIBLE,0.000000,1.732463,1,0,-1,-1,793714168.320000,793714168.320000,0.000000,0.000000,0
sp97ar,config1,2,FOUND INTEGER FEASIBLE,0.000000,1.760021,1,0,-1,-1,766364791.360000,766364791.360000,0.000000,0.000000,0
sp97ar,config1,3,FOUND INTEGER FEASIBLE,0.000000,1.748750,1,0,-1,-1,1095123546.560000,1095123546.560000,0.000000,0.000000,0
sp97ar,config3,1,FOUND INTEGER FEASIBLE,0.000000,1.394924,1,0,-1,-1,1654202311.680000,1654202311.680000,0.000000,0.000000,0
sp97ar,config3,2,FOUND INTEGER FEASIBLE,0.000000,1.337681,1,0,-1,-1,1539995266.880000,1539995266.880000,0.000000,0.000000,0
sp97ar,config3,3,FOUND INTEGER FEASIBLE,0.000000,1.393923,1,0,-1,-1,2141230597.120000,2141230597.120000,0.000000,0.000000,0
sp97ar,config20,1,FOUND INTEGER FEASIBLE,0.000000,0.944325,0,0,-1,-1,43016868023.040062,43016868023.039993,0.000000,0.000000,0
sp97ar,config20,2,FOUND INTEGER FEASIBLE,0.000000,0.913649,0,0,-1,-1,43016868023.040062,43016868023.039993,0.000000,0.000000,0
sp97ar,config20,3,FOUND INTEGER FEASIBLE,0.000000,0.910964,0,0,-1,-1,43016868023.040062,43016868023.039993,0.000000,0.000000,0
sp97ar,config16,1,FOUND INTEGER FEASIBLE,0.498237,1.120763,1,11,0,0,804308982.400000,804308982.400000,0.000000,0.000000,0
sp97ar,config16,2,FOUND INTEGER FEASIBLE,0.496858,1.128158,1,11,0,0,801347659.840000,801347659.840000,0.000000,0.000000,0
sp97ar,config16,3,FOUND INTEGER FEASIBLE,0.497587,1.120915,1,11,0,0,826684028.800000,826684028.800000,0.000000,0.000000,0
sp97ar,config17,1,FOUND INTEGER FEASIBLE,0.332413,0.959022,1,10,0,0,1493436984.000000,1493436984.000000,0.000000,0.000000,0
sp97ar,config17,2,FOUND INTEGER FEASIBLE,0.331637,0.957420,1,10,0,0,1386159713.600000,1386159713.600000,0.000000,0.000000,0
sp97ar,config17,3,FOUND INTEGER FEASIBLE,0.332183,0.967230,1,10,0,0,1894166662.720000,1894166662.720000,0.000000,0.000000,0
sp97ar,config21,1,FOUND INTEGER FEASIBLE,0.167724,1.266870,0,1,0,0,43188584995.200058,43188584995.199997,0.000000,0.000000,0
sp97ar,config21,2,FOUND INTEGER FEASIBLE,0.166560,1.261595,0,1,0,0,43188584995.200058,43188584995.199997,0.000000,0.000000,0
sp97ar,config21,3,FOUND INTEGER FEASIBLE,0.171574,1.269421,0,1,0,0,43188584995.200058,43188584995.199997,0.000000,0.000000,0
sp97ar,config23,1,FOUND INTEGER FEASIBLE,0.129880,1.096007,1,1,0,0,1696028835.200000,1696028835.200000,0.000000,0.000000,0
sp97ar,config23,2,FOUND INTEGER FEASIBLE,0.129176,1.122165,1,1,0,0,1487979427.200000,1487979427.200000,0.000000,0.000000,0
sp97ar,config23,3,FOUND INTEGER FEASIBLE,0.168979,1.432492,1,1,0,0,2138398551.680000,2138398551.680000,0.000000,0.000000,0
sp97ar,config19,1,FOUND INTEGER FEASIBLE,0.000000,1.333512,0,0,-1,-1,11515267307.519981,11515267307.520002,0.000000,0.000000,0
sp97ar,config19,2,FOUND INTEGER FEASIBLE,0.000000,1.277603,0,0,-1,-1,11515267307.519981,11515267307.520002,0.000000,0.000000,0
sp97ar,config19,3,FOUND INTEGER FEASIBLE,0.000000,1.279717,0,0,-1,-1,11515267307.519981,11515267307.520002,0.000000,0.000000,0
sp97ar,config18,1,FOUND INTEGER FEASIBLE,0.000000,1.347281,0,0,-1,-1,11515267307.519981,11515267307.520002,0.000000,0.000000,0
sp97ar,config18,2,FOUND INTEGER FEASIBLE,0.000000,1.277621,0,0,-1,-1,11515267307.519981,11515267307.520002,0.000000,0.000000,0
sp97ar,config18,3,FOUND INTEGER FEASIBLE,0.000000,1.274008,0,0,-1,-1,11515267307.519981,11515267307.520002,0.000000,0.000000,0
sp98ar,config1,1,FOUND INTEGER FEASIBLE,0.000000,2.157819,1,0,-1,-1,643800983.200000,643800983.200000,0.000000,0.000000,0
sp98ar,config1,2,FOUND INTEGER FEASIBLE,0.000000,2.096517,1,0,-1,-1,626827050.080000,626827050.080000,0.000000,0.000000,0
sp98ar,config1,3,FOUND INTEGER FEASIBLE,0.000000,1.727068,1,0,-1,-1,845323546.400000,845323546.400000,0.000000,0.000000,0
sp98ar,config3,1,FOUND INTEGER FEASIBLE,0.000000,1.509557,1,0,-1,-1,1163655438.240000,1163655438.240000,0.000000,0.000000,0
sp98ar,config3,2,FOUND INTEGER FEASIBLE,0.000000,1.504354,1,0,-1,-1,1098061613.920000,1098061613.920000,0.000000,0.000000,0
sp98ar,config3,3,FOUND INTEGER FEASIBLE,0.000000,1.539486,1,0,-1,-1,1413942748.960000,1413942748.960000,0.000000,0.000000,0
sp98ar,config20,1,FOUND INTEGER FEASIBLE,0.000000,1.472044,0,0,-1,-1,27657208867.039993,27657208867.039997,0.000000,0.000000,0
sp98ar,config20,2,FOUND INTEGER FEASIBLE,0.000000,1.423944,0,0,-1,-1,27657208867.039993,27657208867.039997,0.000000,0.000000,0
sp98ar,config20,3,FOUND INTEGER FEASIBLE,0.000000,1.411241,0,0,-1,-1,27657208867.039993,27657208867.039997,0.000000,0.000000,0
sp98ar,config16,1,FOUND INTEGER FEASIBLE,0.523708,1.537218,1,12,0,0,677298073.600000,677298073.600000,0.000000,0.000000,0
sp98ar,config16,2,FOUND INTEGER FEASIBLE,0.514842,1.500622,1,12,0,0,640329313.120000,640329313.120000,0.000000,0.000000,0
sp98ar,config16,3,FOUND INTEGER FEASIBLE,0.517369,1.510491,1,12,0,0,694612517.280000,694612517.280000,0.000000,0.000000,0
sp98ar,config17,1,FOUND INTEGER FEASIBLE,0.253598,1.299216,1,9,0,0,1012771620.480000,1012771620.480000,0.000000,0.000000,0
sp98ar,config17,2,FOUND INTEGER FEASIBLE,0.262332,1.302138,1,9,0,0,914092640.960000,914092640.960000,0.000000,0.000000,0
sp98ar,config17,3,FOUND INTEGER FEASIBLE,0.254829,1.289903,1,9,0,0,1035536168.960000,1035536168.960000,0.000000,0.000000,0
sp98ar,config21,1,FOUND INTEGER FEASIBLE,0.223757,1.844525,0,1,0,0,27635911561.759995,27635911561.759998,0.000000,0.000000,0
sp98ar,config21,2,FOUND INTEGER FEASIBLE,0.225495,1.880960,0,1,0,0,27635911561.759995,27635911561.759998,0.000000,0.000000,0
sp98ar,config21,3,FOUND INTEGER FEASIBLE,0.226588,1.861071,0,1,0,0,27635911561.759995,27635911561.759998,0.000000,0.000000,0
sp98ar,config23,1,FOUND INTEGER FEASIBLE,0.223994,1.893915,1,1,0,0,1081941847.200000,1081941847.200000,0.000000,0.000000,0
sp98ar,config23,2,FOUND INTEGER FEASIBLE,0.227039,1.864296,1,1,0,0,1149106861.920000,1149106861.920000,0.000000,0.000000,0
sp98ar,config23,3,FOUND INTEGER FEASIBLE,0.225626,1.909252,1,1,0,0,1330057393.440000,1330057393.440000,0.000000,0.000000,0
sp98ar,config19,1,FOUND INTEGER FEASIBLE,0.000000,1.140348,0,0,-1,-1,2419258064.160000,2419258064.160000,0.000000,0.000000,0
sp98ar,config19,2,FOUND INTEGER FEASIBLE,0.000000,1.070256,0,0,-1,-1,2419258064.160000,2419258064.160000,0.000000,0.000000,0
sp98ar,config19,3,FOUND INTEGER FEASIBLE,0.000000,1.069034,0,0,-1,-1,2419258064.160000,2419258064.160000,0.000000,0.000000,0
sp98ar,config18,1,FOUND INTEGER FEASIBLE,0.000000,1.142659,0,0,-1,-1,2419258064.160000,2419258064.160000,0.000000,0.000000,0
sp98ar,config18,2,FOUND INTEGER FEASIBLE,0.000000,1.067378,0,0,-1,-1,2419258064.160000,2419258064.160000,0.000000,0.000000,0
sp98ar,config18,3,FOUND INTEGER FEASIBLE,0.000000,1.061112,0,0,-1,-1,2419258064.160000,2419258064.160000,0.000000,0.000000,0
splice1k1,config1,1,FOUND INTEGER FEASIBLE,0.000000,85.505741,2,0,-1,-1,-15.000000,-15.000000,0.000000,0.000000,0
splice1k1,config1,2,FOUND INTEGER FEASIBLE,0.000000,85.416011,2,0,-1,-1,-15.000000,-15.000000,0.000000,0.000000,0
splice1k1,config1,3,FOUND INTEGER FEASIBLE,0.000000,84.967627,2,0,-1,-1,-15.000000,-15.000000,0.000000,0.000000,0
splice1k1,config3,1,FOUND INTEGER FEASIBLE,0.000000,98.912659,13,0,-1,-1,10.000000,10.000000,0.000000,0.000000,0
splice1k1,config3,2,FOUND INTEGER FEASIBLE,0.000000,181.935994,23,0,-1,-1,-4.000000,-4.000000,0.000000,0.000000,0
splice1k1,config3,3,FOUND INTEGER FEASIBLE,0.000000,89.015909,11,0,-1,-1,-2.000000,-2.000000,0.000000,0.000000,0
splice1k1,config20,1,FOUND INTEGER FEASIBLE,0.000000,2.626672,0,0,-1,-1,-121.000000,-121.000000,0.000000,0.000000,0
splice1k1,config20,2,FOUND INTEGER FEASIBLE,0.000000,3.567374,0,0,-1,-1,-121.000000,-121.000000,0.000000,0.000000,0
splice1k1,config20,3,FOUND INTEGER FEASIBLE,0.000000,3.563420,0,0,-1,-1,-121.000000,-121.000000,0.000000,0.000000,0
splice1k1,config16,1,FOUND INTEGER FEASIBLE,42.176376,158.905935,23,4,0,0,-39.000000,-39.000000,0.000000,0.000000,0
splice1k1,config16,2,FOUND INTEGER FEASIBLE,43.784384,148.142177,16,4,0,0,-4.000000,-4.000000,0.000000,0.000000,0
splice1k1,config16,3,FOUND INTEGER FEASIBLE,41.501301,126.253451,3,4,0,0,-4.000000,-4.000000,0.000000,0.000000,0
splice1k1,config17,1,FOUND INTEGER FEASIBLE,13.474192,29.300868,20,10,0,0,-3.000000,-3.000000,0.000000,0.000000,0
splice1k1,config17,2,FOUND INTEGER FEASIBLE,12.806632,22.771619,13,10,0,0,-8.000000,-8.000000,0.000000,0.000000,0
splice1k1,config17,3,FOUND INTEGER FEASIBLE,14.193786,21.929035,12,10,0,0,-5.000000,-5.000000,0.000000,0.000000,0
splice1k1,config21,1,FOUND INTEGER FEASIBLE,1.053397,3.262395,0,2,0,0,0.000000,0.000000,0.000000,0.000000,0
splice1k1,config21,2,FOUND INTEGER FEASIBLE,1.071271,3.682428,0,2,0,0,0.000000,0.000000,0.000000,0.000000,0
splice1k1,config21,3,FOUND INTEGER FEASIBLE,1.203122,3.794805,0,2,0,0,0.000000,0.000000,0.000000,0.000000,0
splice1k1,config23,1,FOUND INTEGER FEASIBLE,0.812470,3.196156,0,2,0,0,0.000000,0.000000,0.000000,0.000000,0
splice1k1,config23,2,FOUND INTEGER FEASIBLE,0.819404,3.213769,0,2,0,0,0.000000,0.000000,0.000000,0.000000,0
splice1k1,config23,3,FOUND INTEGER FEASIBLE,0.919488,3.443714,0,2,0,0,0.000000,0.000000,0.000000,0.000000,0
splice1k1,config19,1,FOUND INTEGER FEASIBLE,0.000000,0.870574,0,0,-1,-1,0.000000,0.000000,0.000000,0.000000,0
splice1k1,config19,2,FOUND INTEGER FEASIBLE,0.000000,0.609970,0,0,-1,-1,0.000000,0.000000,0.000000,0.000000,0
splice1k1,config19,3,FOUND INTEGER FEASIBLE,0.000000,0.620526,0,0,-1,-1,0.000000,0.000000,0.000000,0.000000,0
splice1k1,config18,1,FOUND INTEGER FEASIBLE,0.000000,0.826386,0,0,-1,-1,0.000000,0.000000,0.000000,0.000000,0
splice1k1,config18,2,FOUND INTEGER FEASIBLE,0.000000,0.599870,0,0,-1,-1,0.000000,0.000000,0.000000,0.000000,0
splice1k1,config18,3,FOUND INTEGER FEASIBLE,0.000000,0.596880,0,0,-1,-1,0.000000,0.000000,0.000000,0.000000,0
square41,config1,1,FOUND INTEGER FEASIBLE,0.000000,3600,4,0,-1,-1,19.000000,19.000000,0.000000,0.000000,0
square41,config1,2,FAILED TO FIND AN INTEGER FEASIBLE SOLUTION,0.000000,3600,5,0,-1,-1,0.000000,0.000000,14.167392,24.960005,340
square41,config1,3,FAILED TO FIND AN INTEGER FEASIBLE SOLUTION,0.000000,3600,5,0,-1,-1,0.000000,0.000000,14.167392,24.960005,340
square41,config3,1,FOUND INTEGER FEASIBLE,0.000000,1645.334781,2,0,-1,-1,16.000000,16.000000,0.000000,0.000000,0
square41,config3,2,FOUND INTEGER FEASIBLE,0.000000,1649.767168,2,0,-1,-1,16.000000,16.000000,0.000000,0.000000,0
square41,config3,3,FOUND INTEGER FEASIBLE,0.000000,1537.370171,2,0,-1,-1,16.000000,16.000000,0.000000,0.000000,0
square41,config20,1,FOUND INTEGER FEASIBLE,0.000000,12.788966,0,0,-1,-1,1681.000000,1681.000000,0.000000,0.000000,0
square41,config20,2,FOUND INTEGER FEASIBLE,0.000000,11.518859,0,0,-1,-1,1681.000000,1681.000000,0.000000,0.000000,0
square41,config20,3,FOUND INTEGER FEASIBLE,0.000000,11.363787,0,0,-1,-1,1681.000000,1681.000000,0.000000,0.000000,0
square41,config16,1,FAILED TO FIND AN INTEGER FEASIBLE SOLUTION,2.503875,3600,96,4,4,0,0.000000,0.000000,15.068891,19.519914,337
square41,config16,2,FOUND INTEGER FEASIBLE,2.562809,3110.537670,95,4,4,0,16.000000,16.000000,0.000000,0.000000,0
square41,config16,3,FAILED TO FIND AN INTEGER FEASIBLE SOLUTION,2.948790,3600,100,4,4,0,0.000000,0.000000,15.115954,18.614817,340
square41,config17,1,FOUND INTEGER FEASIBLE,3.356852,736.056819,88,4,1,0,16.000000,16.000000,0.000000,0.000000,0
square41,config17,2,FOUND INTEGER FEASIBLE,2.883793,683.707782,87,4,1,0,16.000000,16.000000,0.000000,0.000000,0
square41,config17,3,FOUND INTEGER FEASIBLE,3.222637,735.819372,88,4,1,0,16.000000,16.000000,0.000000,0.000000,0
square41,config21,1,FOUND INTEGER FEASIBLE,1.808987,545.349004,12,2,0,0,143.000000,143.000000,0.000000,0.000000,0
square41,config21,2,FOUND INTEGER FEASIBLE,2.045835,731.764583,16,2,0,0,143.000000,143.000000,0.000000,0.000000,0
square41,config21,3,FOUND INTEGER FEASIBLE,1.689918,708.031238,19,2,0,0,150.000000,150.000000,0.000000,0.000000,0
square41,config23,1,FOUND INTEGER FEASIBLE,1.353223,2417.346593,28,2,2,0,39.000000,39.000000,0.000000,0.000000,0
square41,config23,2,FOUND INTEGER FEASIBLE,1.311766,2412.013209,27,2,1,0,50.000000,50.000000,0.000000,0.000000,0
square41,config23,3,FOUND INTEGER FEASIBLE,1.298305,1218.162742,13,2,1,0,20.000000,20.000000,0.000000,0.000000,0
square41,config19,1,FOUND INTEGER FEASIBLE,0.000000,16.949453,0,0,-1,-1,135.000000,135.000000,0.000000,0.000000,0
square41,config19,2,FOUND INTEGER FEASIBLE,0.000000,16.338111,0,0,-1,-1,135.000000,135.000000,0.000000,0.000000,0
square41,config19,3,FOUND INTEGER FEASIBLE,0.000000,16.322013,0,0,-1,-1,135.000000,135.000000,0.000000,0.000000,0
square41,config18,1,FOUND INTEGER FEASIBLE,0.000000,17.393148,0,0,-1,-1,135.000000,135.000000,0.000000,0.000000,0
square41,config18,2,FOUND INTEGER FEASIBLE,0.000000,16.080971,0,0,-1,-1,135.000000,135.000000,0.000000,0.000000,0
square41,config18,3,FOUND INTEGER FEASIBLE,0.000000,17.153451,0,0,-1,-1,135.000000,135.000000,0.000000,0.000000,0
square47,config1,1,FAILED TO FIND AN INTEGER FEASIBLE SOLUTION,0.000000,3600,2,0,-1,-1,0.000000,0.000000,14.667514,24.379122,417
square47,config1,2,FAILED TO FIND AN INTEGER FEASIBLE SOLUTION,0.000000,3600,2,0,-1,-1,0.000000,0.000000,14.667514,24.379122,417
square47,config1,3,FAILED TO FIND AN INTEGER FEASIBLE SOLUTION,0.000000,3600,2,0,-1,-1,0.000000,0.000000,14.667514,24.379122,417
square47,config3,1,FAILED TO FIND AN INTEGER FEASIBLE SOLUTION,0.000000,3600,2,0,-1,-1,0.000000,0.000000,14.940286,24.935077,454
square47,config3,2,FAILED TO FIND AN INTEGER FEASIBLE SOLUTION,0.000000,3600,2,0,-1,-1,0.000000,0.000000,14.940286,24.935077,454
square47,config3,3,FAILED TO FIND AN INTEGER FEASIBLE SOLUTION,0.000000,3600,2,0,-1,-1,0.000000,0.000000,14.940286,24.935077,454
square47,config20,1,FOUND INTEGER FEASIBLE,0.000000,24.390914,0,0,-1,-1,2209.000000,2209.000000,0.000000,0.000000,0
square47,config20,2,FOUND INTEGER FEASIBLE,0.000000,23.488770,0,0,-1,-1,2209.000000,2209.000000,0.000000,0.000000,0
square47,config20,3,FOUND INTEGER FEASIBLE,0.000000,23.688716,0,0,-1,-1,2209.000000,2209.000000,0.000000,0.000000,0
square47,config16,1,FAILED TO FIND AN INTEGER FEASIBLE SOLUTION,5.676514,3600,94,3,3,0,0.000000,0.000000,15.976744,19.627907,347
square47,config16,2,FAILED TO FIND AN INTEGER FEASIBLE SOLUTION,4.650859,3600,92,3,3,0,0.000000,0.000000,15.976744,20.558140,347
square47,config16,3,FAILED TO FIND AN INTEGER FEASIBLE SOLUTION,5.744407,3600,92,3,3,0,0.000000,0.000000,15.976744,19.627907,347
square47,config17,1,FAILED TO FIND AN INTEGER FEASIBLE SOLUTION,7.515579,3600,93,3,3,0,0.000000,0.000000,15.976744,19.953488,347
square47,config17,2,FAILED TO FIND AN INTEGER FEASIBLE SOLUTION,5.844647,3600,93,3,3,0,0.000000,0.000000,15.976744,19.627907,347
square47,config17,3,FOUND INTEGER FEASIBLE,7.028820,1015.228153,119,3,2,0,17.000000,17.000000,0.000000,0.000000,0
square47,config21,1,FOUND INTEGER FEASIBLE,2.871969,2454.492389,8,2,2,0,205.000000,205.000000,0.000000,0.000000,0
square47,config21,2,FOUND INTEGER FEASIBLE,3.027009,2444.116512,8,2,2,0,215.000000,215.000000,0.000000,0.000000,0
square47,config21,3,FOUND INTEGER FEASIBLE,3.261444,2438.812029,10,2,2,0,209.000000,209.000000,0.000000,0.000000,0
square47,config23,1,FOUND INTEGER FEASIBLE,3.271148,1221.701172,2,2,0,0,16.000000,16.000000,0.000000,0.000000,0
square47,config23,2,FOUND INTEGER FEASIBLE,2.728926,1239.845702,3,2,1,0,20.000000,20.000000,0.000000,0.000000,0
square47,config23,3,FOUND INTEGER FEASIBLE,2.650160,2438.457826,7,2,2,0,22.000000,22.000000,0.000000,0.000000,0
square47,config19,1,FOUND INTEGER FEASIBLE,0.000000,33.953670,0,0,-1,-1,155.000000,155.000000,0.000000,0.000000,0
square47,config19,2,FOUND INTEGER FEASIBLE,0.000000,30.978812,0,0,-1,-1,155.000000,155.000000,0.000000,0.000000,0
square47,config19,3,FOUND INTEGER FEASIBLE,0.000000,30.934111,0,0,-1,-1,155.000000,155.000000,0.000000,0.000000,0
square47,config18,1,FOUND INTEGER FEASIBLE,0.000000,34.262272,0,0,-1,-1,155.000000,155.000000,0.000000,0.000000,0
square47,config18,2,FOUND INTEGER FEASIBLE,0.000000,30.935418,0,0,-1,-1,155.000000,155.000000,0.000000,0.000000,0
square47,config18,3,FOUND INTEGER FEASIBLE,0.000000,30.985607,0,0,-1,-1,155.000000,155.000000,0.000000,0.000000,0
supportcase10,config1,1,FOUND INTEGER FEASIBLE,0.000000,1932.808662,13,0,-1,-1,22.000000,22.000000,0.000000,0.000000,0
supportcase10,config1,2,FOUND INTEGER FEASIBLE,0.000000,1839.953901,13,0,-1,-1,20.000000,20.000000,0.000000,0.000000,0
supportcase10,config1,3,FOUND INTEGER FEASIBLE,0.000000,1569.141094,10,0,-1,-1,21.000000,21.000000,0.000000,0.000000,0
supportcase10,config3,1,FOUND INTEGER FEASIBLE,0.000000,1398.183348,15,0,-1,-1,22.000000,22.000000,0.000000,0.000000,0
supportcase10,config3,2,FOUND INTEGER FEASIBLE,0.000000,1295.669466,15,0,-1,-1,20.000000,20.000000,0.000000,0.000000,0
supportcase10,config3,3,FOUND INTEGER FEASIBLE,0.000000,1350.903032,13,0,-1,-1,22.000000,22.000000,0.000000,0.000000,0
supportcase10,config20,1,FOUND INTEGER FEASIBLE,0.000000,2.937747,0,0,-1,-1,70.000000,70.000000,0.000000,0.000000,0
supportcase10,config20,2,FOUND INTEGER FEASIBLE,0.000000,3.048126,0,0,-1,-1,70.000000,70.000000,0.000000,0.000000,0
supportcase10,config20,3,FOUND INTEGER FEASIBLE,0.000000,3.041823,0,0,-1,-1,70.000000,70.000000,0.000000,0.000000,0
supportcase10,config16,1,FOUND INTEGER FEASIBLE,333.892278,2863.735872,64,9,7,0,22.000000,22.000000,0.000000,0.000000,0
supportcase10,config16,2,FOUND INTEGER FEASIBLE,344.170845,3235.631575,64,9,8,0,21.000000,21.000000,0.000000,0.000000,0
supportcase10,config16,3,FOUND INTEGER FEASIBLE,331.518293,3207.495842,61,9,8,0,21.000000,21.000000,0.000000,0.000000,0
supportcase10,config17,1,FAILED TO FIND AN INTEGER FEASIBLE SOLUTION,321.180147,3600,57,3,2,0,0.000000,0.000000,834.279093,664.290327,6453
supportcase10,config17,2,FOUND INTEGER FEASIBLE,344.056441,2881.005841,92,3,3,0,23.000000,23.000000,0.000000,0.000000,0
supportcase10,config17,3,FOUND INTEGER FEASIBLE,339.597717,2836.932457,77,3,3,0,18.000000,18.000000,0.000000,0.000000,0
supportcase10,config21,1,FOUND INTEGER FEASIBLE,0.227420,3.000527,0,0,0,0,70.000000,70.000000,0.000000,0.000000,0
supportcase10,config21,2,FOUND INTEGER FEASIBLE,0.190182,4.016121,0,0,0,0,70.000000,70.000000,0.000000,0.000000,0
supportcase10,config21,3,FOUND INTEGER FEASIBLE,0.305154,3.828954,0,0,0,0,70.000000,70.000000,0.000000,0.000000,0
supportcase10,config23,1,FOUND INTEGER FEASIBLE,0.190749,1042.198711,15,0,0,0,22.000000,22.000000,0.000000,0.000000,0
supportcase10,config23,2,FOUND INTEGER FEASIBLE,0.307743,981.026193,15,0,0,0,20.000000,20.000000,0.000000,0.000000,0
supportcase10,config23,3,FOUND INTEGER FEASIBLE,0.180037,1011.261315,13,0,0,0,22.000000,22.000000,0.000000,0.000000,0
supportcase10,config19,1,FOUND INTEGER FEASIBLE,0.000000,3.576666,0,0,-1,-1,23.000000,23.000000,0.000000,0.000000,0
supportcase10,config19,2,FOUND INTEGER FEASIBLE,0.000000,3.520166,0,0,-1,-1,23.000000,23.000000,0.000000,0.000000,0
supportcase10,config19,3,FOUND INTEGER FEASIBLE,0.000000,3.523478,0,0,-1,-1,23.000000,23.000000,0.000000,0.000000,0
supportcase10,config18,1,FOUND INTEGER FEASIBLE,0.000000,3.585872,0,0,-1,-1,23.000000,23.000000,0.000000,0.000000,0
supportcase10,config18,2,FOUND INTEGER FEASIBLE,0.000000,3.520826,0,0,-1,-1,23.000000,23.000000,0.000000,0.000000,0
supportcase10,config18,3,FOUND INTEGER FEASIBLE,0.000000,3.528167,0,0,-1,-1,23.000000,23.000000,0.000000,0.000000,0
supportcase12,config1,1,FOUND INTEGER FEASIBLE,0.000000,8.603413,1,0,-1,-1,-986.363707,-1195.978911,0.000000,0.000000,0
supportcase12,config1,2,FOUND INTEGER FEASIBLE,0.000000,8.273025,1,0,-1,-1,-4761.980890,-5668.982827,0.000000,0.000000,0
supportcase12,config1,3,FOUND INTEGER FEASIBLE,0.000000,8.050751,1,0,-1,-1,-5306.309476,-7372.307423,0.000000,0.000000,0
supportcase12,config3,1,FOUND INTEGER FEASIBLE,0.000000,3.531665,0,0,-1,-1,0.000000,0.000000,0.000000,0.000000,0
supportcase12,config3,2,FOUND INTEGER FEASIBLE,0.000000,3.547547,0,0,-1,-1,0.000000,0.000000,0.000000,0.000000,0
supportcase12,config3,3,FOUND INTEGER FEASIBLE,0.000000,3.514953,0,0,-1,-1,0.000000,0.000000,0.000000,0.000000,0
supportcase12,config20,1,FOUND INTEGER FEASIBLE,0.000000,3.520270,0,0,-1,-1,0.000000,0.000000,0.000000,0.000000,0
supportcase12,config20,2,FOUND INTEGER FEASIBLE,0.000000,3.437273,0,0,-1,-1,0.000000,0.000000,0.000000,0.000000,0
supportcase12,config20,3,FOUND INTEGER FEASIBLE,0.000000,3.414052,0,0,-1,-1,0.000000,0.000000,0.000000,0.000000,0
supportcase12,config16,1,FOUND INTEGER FEASIBLE,0.000040,8.398428,1,0,0,0,-986.363707,-1195.978911,0.000000,0.000000,0
supportcase12,config16,2,FOUND INTEGER FEASIBLE,0.000013,6.980871,1,0,0,0,-4761.980890,-5668.982827,0.000000,0.000000,0
supportcase12,config16,3,FOUND INTEGER FEASIBLE,0.000022,7.703844,1,0,0,0,-5306.309476,-7372.307423,0.000000,0.000000,0
supportcase12,config17,1,FOUND INTEGER FEASIBLE,0.000021,4.648515,0,0,0,0,0.000000,0.000000,0.000000,0.000000,0
supportcase12,config17,2,FOUND INTEGER FEASIBLE,0.000021,4.029254,0,0,0,0,0.000000,0.000000,0.000000,0.000000,0
supportcase12,config17,3,FOUND INTEGER FEASIBLE,0.000013,2.606800,0,0,0,0,0.000000,0.000000,0.000000,0.000000,0
supportcase12,config21,1,FOUND INTEGER FEASIBLE,0.000022,4.254148,0,0,0,0,0.000000,0.000000,0.000000,0.000000,0
supportcase12,config21,2,FOUND INTEGER FEASIBLE,0.000013,3.575969,0,0,0,0,0.000000,0.000000,0.000000,0.000000,0
supportcase12,config21,3,FOUND INTEGER FEASIBLE,0.000017,4.016416,0,0,0,0,0.000000,0.000000,0.000000,0.000000,0
supportcase12,config23,1,FOUND INTEGER FEASIBLE,0.000021,3.435862,0,0,0,0,0.000000,0.000000,0.000000,0.000000,0
supportcase12,config23,2,FOUND INTEGER FEASIBLE,0.000013,3.554815,0,0,0,0,0.000000,0.000000,0.000000,0.000000,0
supportcase12,config23,3,FOUND INTEGER FEASIBLE,0.000028,3.563030,0,0,0,0,0.000000,0.000000,0.000000,0.000000,0
supportcase12,config19,1,FOUND INTEGER FEASIBLE,0.000000,2.062650,0,0,-1,-1,0.000000,0.000000,0.000000,0.000000,0
supportcase12,config19,2,FOUND INTEGER FEASIBLE,0.000000,1.698876,0,0,-1,-1,0.000000,0.000000,0.000000,0.000000,0
supportcase12,config19,3,FOUND INTEGER FEASIBLE,0.000000,1.702367,0,0,-1,-1,0.000000,0.000000,0.000000,0.000000,0
supportcase12,config18,1,FOUND INTEGER FEASIBLE,0.000000,2.218205,0,0,-1,-1,0.000000,0.000000,0.000000,0.000000,0
supportcase12,config18,2,FOUND INTEGER FEASIBLE,0.000000,1.679358,0,0,-1,-1,0.000000,0.000000,0.000000,0.000000,0
supportcase12,config18,3,FOUND INTEGER FEASIBLE,0.000000,1.691503,0,0,-1,-1,0.000000,0.000000,0.000000,0.000000,0
supportcase18,config1,1,FOUND INTEGER FEASIBLE,0.000000,0.192857,1,0,-1,-1,85.000000,85.000000,0.000000,0.000000,0
supportcase18,config1,2,FOUND INTEGER FEASIBLE,0.000000,0.190976,1,0,-1,-1,85.000000,85.000000,0.000000,0.000000,0
supportcase18,config1,3,FOUND INTEGER FEASIBLE,0.000000,0.192343,1,0,-1,-1,85.000000,85.000000,0.000000,0.000000,0
supportcase18,config3,1,FOUND INTEGER FEASIBLE,0.000000,0.385842,28,0,-1,-1,70.000000,70.000000,0.000000,0.000000,0
supportcase18,config3,2,FOUND INTEGER FEASIBLE,0.000000,0.357646,23,0,-1,-1,68.000000,68.000000,0.000000,0.000000,0
supportcase18,config3,3,FOUND INTEGER FEASIBLE,0.000000,0.315300,16,0,-1,-1,70.000000,70.000000,0.000000,0.000000,0
supportcase18,config20,1,FOUND INTEGER FEASIBLE,0.000000,0.236858,1,0,-1,-1,120.000000,120.000000,0.000000,0.000000,0
supportcase18,config20,2,FOUND INTEGER FEASIBLE,0.000000,0.224758,1,0,-1,-1,120.000000,120.000000,0.000000,0.000000,0
supportcase18,config20,3,FOUND INTEGER FEASIBLE,0.000000,0.202904,1,0,-1,-1,120.000000,120.000000,0.000000,0.000000,0
supportcase18,config16,1,FOUND INTEGER FEASIBLE,0.056968,1.334981,369,10,3,0,64.000000,64.000000,0.000000,0.000000,0
supportcase18,config16,2,FOUND INTEGER FEASIBLE,0.056999,1.843928,562,10,4,0,62.000000,62.000000,0.000000,0.000000,0
supportcase18,config16,3,FOUND INTEGER FEASIBLE,0.056588,1.500128,435,10,3,0,63.000000,63.000000,0.000000,0.000000,0
supportcase18,config17,1,FOUND INTEGER FEASIBLE,0.047809,0.573826,119,11,0,0,78.000000,78.000000,0.000000,0.000000,0
supportcase18,config17,2,FOUND INTEGER FEASIBLE,0.055742,0.848580,118,11,1,0,73.000000,73.000000,0.000000,0.000000,0
supportcase18,config17,3,FOUND INTEGER FEASIBLE,0.055970,0.800536,108,11,1,0,69.000000,69.000000,0.000000,0.000000,0
supportcase18,config21,1,FOUND INTEGER FEASIBLE,0.158151,0.375857,5,12,1,1,69.000000,69.000000,0.000000,0.000000,0
supportcase18,config21,2,FOUND INTEGER FEASIBLE,0.157288,0.666001,109,12,1,1,63.000000,63.000000,0.000000,0.000000,0
supportcase18,config21,3,FOUND INTEGER FEASIBLE,0.159166,0.804064,114,12,2,1,68.000000,68.000000,0.000000,0.000000,0
supportcase18,config23,1,FOUND INTEGER FEASIBLE,0.158736,0.844928,103,12,2,1,66.000000,66.000000,0.000000,0.000000,0
supportcase18,config23,2,FOUND INTEGER FEASIBLE,0.158097,0.921665,121,12,2,1,70.000000,70.000000,0.000000,0.000000,0
supportcase18,config23,3,FOUND INTEGER FEASIBLE,0.158739,0.712320,103,12,1,1,65.000000,65.000000,0.000000,0.000000,0
supportcase18,config19,1,FOUND INTEGER FEASIBLE,0.000000,0.218074,0,0,-1,-1,120.000000,120.000000,0.000000,0.000000,0
supportcase18,config19,2,FOUND INTEGER FEASIBLE,0.000000,0.211968,0,0,-1,-1,120.000000,120.000000,0.000000,0.000000,0
supportcase18,config19,3,FOUND INTEGER FEASIBLE,0.000000,0.202927,0,0,-1,-1,120.000000,120.000000,0.000000,0.000000,0
supportcase18,config18,1,FOUND INTEGER FEASIBLE,0.000000,0.250606,0,0,-1,-1,120.000000,120.000000,0.000000,0.000000,0
supportcase18,config18,2,FOUND INTEGER FEASIBLE,0.000000,0.247367,0,0,-1,-1,120.000000,120.000000,0.000000,0.000000,0
supportcase18,config18,3,FOUND INTEGER FEASIBLE,0.000000,0.230191,0,0,-1,-1,120.000000,120.000000,0.000000,0.000000,0
supportcase19,config1,1,FAILED TO FIND AN INTEGER FEASIBLE SOLUTION,0.000000,3600,0,0,-1,-1,0.000000,0.000000,1429098.000000,100000000000000000000.000000,1429098
supportcase19,config1,2,FAILED TO FIND AN INTEGER FEASIBLE SOLUTION,0.000000,3600,0,0,-1,-1,0.000000,0.000000,1429098.000000,100000000000000000000.000000,1429098
supportcase19,config1,3,FAILED TO FIND AN INTEGER FEASIBLE SOLUTION,0.000000,3600,0,0,-1,-1,0.000000,0.000000,1429098.000000,100000000000000000000.000000,1429098
supportcase19,config3,1,FAILED TO FIND AN INTEGER FEASIBLE SOLUTION,0.000000,3600,0,0,-1,-1,0.000000,0.000000,1429098.000000,100000000000000000000.000000,1429098
supportcase19,config3,2,FAILED TO FIND AN INTEGER FEASIBLE SOLUTION,0.000000,3600,0,0,-1,-1,0.000000,0.000000,1429098.000000,100000000000000000000.000000,1429098
supportcase19,config3,3,FAILED TO FIND AN INTEGER FEASIBLE SOLUTION,0.000000,3600,0,0,-1,-1,0.000000,0.000000,1429098.000000,100000000000000000000.000000,1429098
supportcase19,config20,1,FAILED TO FIND AN INTEGER FEASIBLE SOLUTION,0.000000,3600,0,0,-1,-1,0.000000,0.000000,1429098.000000,100000000000000000000.000000,1429098
supportcase19,config20,2,FAILED TO FIND AN INTEGER FEASIBLE SOLUTION,0.000000,3600,0,0,-1,-1,0.000000,0.000000,1429098.000000,100000000000000000000.000000,1429098
supportcase19,config20,3,FAILED TO FIND AN INTEGER FEASIBLE SOLUTION,0.000000,3600,0,0,-1,-1,0.000000,0.000000,1429098.000000,100000000000000000000.000000,1429098
supportcase19,config16,1,FAILED TO FIND AN INTEGER FEASIBLE SOLUTION,3590.818513,3600,0,0,0,-1,0.000000,0.000000,1429098.000000,100000000000000000000.000000,1429098
supportcase19,config16,2,FAILED TO FIND AN INTEGER FEASIBLE SOLUTION,3591.261325,3600,0,0,0,-1,0.000000,0.000000,1429098.000000,100000000000000000000.000000,1429098
supportcase19,config16,3,FAILED TO FIND AN INTEGER FEASIBLE SOLUTION,3592.811519,3600,0,0,0,-1,0.000000,0.000000,1429098.000000,100000000000000000000.000000,1429098
supportcase19,config17,1,FAILED TO FIND AN INTEGER FEASIBLE SOLUTION,3591.042973,3600,0,0,0,-1,0.000000,0.000000,1429098.000000,100000000000000000000.000000,1429098
supportcase19,config17,2,FAILED TO FIND AN INTEGER FEASIBLE SOLUTION,3591.705253,3600,0,0,0,-1,0.000000,0.000000,1429098.000000,100000000000000000000.000000,1429098
supportcase19,config17,3,FAILED TO FIND AN INTEGER FEASIBLE SOLUTION,3592.209353,3600,0,0,0,-1,0.000000,0.000000,1429098.000000,100000000000000000000.000000,1429098
supportcase19,config21,1,FAILED TO FIND AN INTEGER FEASIBLE SOLUTION,3592.993940,3600,0,0,0,-1,0.000000,0.000000,1429098.000000,100000000000000000000.000000,1429098
supportcase19,config21,2,FAILED TO FIND AN INTEGER FEASIBLE SOLUTION,3592.316063,3600,0,0,0,-1,0.000000,0.000000,1429098.000000,100000000000000000000.000000,1429098
supportcase19,config21,3,FAILED TO FIND AN INTEGER FEASIBLE SOLUTION,3592.403520,3600,0,0,0,-1,0.000000,0.000000,1429098.000000,100000000000000000000.000000,1429098
supportcase19,config23,1,FAILED TO FIND AN INTEGER FEASIBLE SOLUTION,3593.281303,3600,0,0,0,-1,0.000000,0.000000,1429098.000000,100000000000000000000.000000,1429098
supportcase19,config23,2,FAILED TO FIND AN INTEGER FEASIBLE SOLUTION,3593.479939,3600,0,0,0,-1,0.000000,0.000000,1429098.000000,100000000000000000000.000000,1429098
supportcase19,config23,3,FAILED TO FIND AN INTEGER FEASIBLE SOLUTION,3593.430596,3600,0,0,0,-1,0.000000,0.000000,1429098.000000,100000000000000000000.000000,1429098
supportcase19,config19,1,FAILED TO FIND AN INTEGER FEASIBLE SOLUTION,0.000000,3600,0,0,-1,-1,0.000000,0.000000,inf,inf,0
supportcase19,config19,2,FAILED TO FIND AN INTEGER FEASIBLE SOLUTION,0.000000,3600,0,0,-1,-1,0.000000,0.000000,inf,inf,0
supportcase19,config19,3,FAILED TO FIND AN INTEGER FEASIBLE SOLUTION,0.000000,3600,0,0,-1,-1,0.000000,0.000000,inf,inf,0
supportcase19,config18,1,FAILED TO FIND AN INTEGER FEASIBLE SOLUTION,0.000000,3600,0,0,-1,-1,0.000000,0.000000,inf,inf,0
supportcase19,config18,2,FAILED TO FIND AN INTEGER FEASIBLE SOLUTION,0.000000,3600,0,0,-1,-1,0.000000,0.000000,inf,inf,0
supportcase19,config18,3,FAILED TO FIND AN INTEGER FEASIBLE SOLUTION,0.000000,3600,0,0,-1,-1,0.000000,0.000000,inf,inf,0
supportcase22,config1,1,FAILED TO FIND AN INTEGER FEASIBLE SOLUTION,0.000000,3600,12,0,-1,-1,0.000000,0.000000,0.230246,1.210775,29
supportcase22,config1,2,FAILED TO FIND AN INTEGER FEASIBLE SOLUTION,0.000000,3600,8,0,-1,-1,0.000000,0.000000,0.230246,1.210775,29
supportcase22,config1,3,FAILED TO FIND AN INTEGER FEASIBLE SOLUTION,0.000000,3600,67,0,-1,-1,0.000000,0.000000,0.230246,1.210775,29
supportcase22,config3,1,FAILED TO FIND AN INTEGER FEASIBLE SOLUTION,0.000000,3600,12,0,-1,-1,0.000000,0.000000,1.739275,1.739274,27
supportcase22,config3,2,FAILED TO FIND AN INTEGER FEASIBLE SOLUTION,0.000000,3600,9,0,-1,-1,0.000000,0.000000,1.843395,2.043394,19
supportcase22,config3,3,FAILED TO FIND AN INTEGER FEASIBLE SOLUTION,0.000000,3600,6,0,-1,-1,0.000000,0.000000,0.415877,2.087814,28
supportcase22,config20,1,FAILED TO FIND AN INTEGER FEASIBLE SOLUTION,0.000000,3600,1,0,-1,-1,0.000000,0.000000,2.645745,10.277461,231
supportcase22,config20,2,FAILED TO FIND AN INTEGER FEASIBLE SOLUTION,0.000000,3600,1,0,-1,-1,0.000000,0.000000,2.645745,10.277461,231
supportcase22,config20,3,FAILED TO FIND AN INTEGER FEASIBLE SOLUTION,0.000000,3600,1,0,-1,-1,0.000000,0.000000,2.645745,10.277461,231
supportcase22,config16,1,FAILED TO FIND AN INTEGER FEASIBLE SOLUTION,908.594322,3600,12,1,1,1,0.000000,0.000000,0.230246,1.210775,29
supportcase22,config16,2,FAILED TO FIND AN INTEGER FEASIBLE SOLUTION,905.427826,3600,7,1,1,1,0.000000,0.000000,0.230246,1.210775,29
supportcase22,config16,3,FAILED TO FIND AN INTEGER FEASIBLE SOLUTION,904.113637,3600,67,1,1,1,0.000000,0.000000,0.230246,1.210775,29
supportcase22,config17,1,FAILED TO FIND AN INTEGER FEASIBLE SOLUTION,1.586038,3600,57,3,3,1,0.000000,0.000000,0.261912,1.216064,32
supportcase22,config17,2,FAILED TO FIND AN INTEGER FEASIBLE SOLUTION,1.626951,3600,38,3,3,1,0.000000,0.000000,0.397693,1.141253,24
supportcase22,config17,3,FAILED TO FIND AN INTEGER FEASIBLE SOLUTION,1.602669,3600,47,3,3,1,0.000000,0.000000,0.261920,1.216071,32
supportcase22,config21,1,FAILED TO FIND AN INTEGER FEASIBLE SOLUTION,1728.790457,3600,51,11,11,0,0.000000,0.000000,34.941489,41.804864,833
supportcase22,config21,2,FAILED TO FIND AN INTEGER FEASIBLE SOLUTION,1717.661331,3600,130,11,11,0,0.000000,0.000000,0.214676,1.084989,17
supportcase22,config21,3,FAILED TO FIND AN INTEGER FEASIBLE SOLUTION,1678.637934,3600,165,11,11,0,0.000000,0.000000,0.213397,0.213393,20
supportcase22,config23,1,FAILED TO FIND AN INTEGER FEASIBLE SOLUTION,1725.945038,3600,279,11,11,0,0.000000,0.000000,0.284008,0.283462,22
supportcase22,config23,2,FAILED TO FIND AN INTEGER FEASIBLE SOLUTION,1721.703505,3600,263,11,11,0,0.000000,0.000000,0.217980,1.087932,27
supportcase22,config23,3,FAILED TO FIND AN INTEGER FEASIBLE SOLUTION,1669.397574,3600,307,11,11,0,0.000000,0.000000,0.284007,0.283462,22
supportcase22,config19,1,FAILED TO FIND AN INTEGER FEASIBLE SOLUTION,0.000000,3600,0,0,-1,-1,0.000000,0.000000,inf,inf,0
supportcase22,config19,2,FAILED TO FIND AN INTEGER FEASIBLE SOLUTION,0.000000,3600,0,0,-1,-1,0.000000,0.000000,inf,inf,0
supportcase22,config19,3,FAILED TO FIND AN INTEGER FEASIBLE SOLUTION,0.000000,3600,0,0,-1,-1,0.000000,0.000000,inf,inf,0
supportcase22,config18,1,FAILED TO FIND AN INTEGER FEASIBLE SOLUTION,0.000000,3600,0,0,-1,-1,0.000000,0.000000,inf,inf,0
supportcase22,config18,2,FAILED TO FIND AN INTEGER FEASIBLE SOLUTION,0.000000,3600,0,0,-1,-1,0.000000,0.000000,inf,inf,0
supportcase22,config18,3,FAILED TO FIND AN INTEGER FEASIBLE SOLUTION,0.000000,3600,0,0,-1,-1,0.000000,0.000000,inf,inf,0
supportcase26,config1,1,FOUND INTEGER FEASIBLE,0.000000,0.020963,1,0,-1,-1,2202.773880,2201.879396,0.000000,0.000000,0
supportcase26,config1,2,FOUND INTEGER FEASIBLE,0.000000,0.020760,1,0,-1,-1,2202.773880,2201.879396,0.000000,0.000000,0
supportcase26,config1,3,FOUND INTEGER FEASIBLE,0.000000,0.020608,1,0,-1,-1,2202.773880,2201.879396,0.000000,0.000000,0
supportcase26,config3,1,FOUND INTEGER FEASIBLE,0.000000,0.011012,0,0,-1,-1,2201.879396,2201.879396,0.000000,0.000000,0
supportcase26,config3,2,FOUND INTEGER FEASIBLE,0.000000,0.011642,0,0,-1,-1,2201.879396,2201.879396,0.000000,0.000000,0
supportcase26,config3,3,FOUND INTEGER FEASIBLE,0.000000,0.010832,0,0,-1,-1,2201.879396,2201.879396,0.000000,0.000000,0
supportcase26,config20,1,FOUND INTEGER FEASIBLE,0.000000,0.012348,0,0,-1,-1,2537.591322,2537.591322,0.000000,0.000000,0
supportcase26,config20,2,FOUND INTEGER FEASIBLE,0.000000,0.012081,0,0,-1,-1,2537.591322,2537.591322,0.000000,0.000000,0
supportcase26,config20,3,FOUND INTEGER FEASIBLE,0.000000,0.010903,0,0,-1,-1,2537.591322,2537.591322,0.000000,0.000000,0
supportcase26,config16,1,FOUND INTEGER FEASIBLE,0.007633,0.026406,0,10,0,0,2201.879396,2201.879396,0.000000,0.000000,0
supportcase26,config16,2,FOUND INTEGER FEASIBLE,0.007638,0.024659,0,10,0,0,2201.879396,2201.879396,0.000000,0.000000,0
supportcase26,config16,3,FOUND INTEGER FEASIBLE,0.006481,0.020413,0,10,0,0,2201.879396,2201.879396,0.000000,0.000000,0
supportcase26,config17,1,FOUND INTEGER FEASIBLE,0.002479,0.015856,0,0,0,0,2201.879396,2201.879396,0.000000,0.000000,0
supportcase26,config17,2,FOUND INTEGER FEASIBLE,0.002550,0.022112,0,0,0,0,2201.879396,2201.879396,0.000000,0.000000,0
supportcase26,config17,3,FOUND INTEGER FEASIBLE,0.002484,0.014943,0,0,0,0,2201.879396,2201.879396,0.000000,0.000000,0
supportcase26,config21,1,FOUND INTEGER FEASIBLE,0.002084,0.014078,0,0,0,0,2537.591322,2537.591322,0.000000,0.000000,0
supportcase26,config21,2,FOUND INTEGER FEASIBLE,0.002514,0.016066,0,0,0,0,2537.591322,2537.591322,0.000000,0.000000,0
supportcase26,config21,3,FOUND INTEGER FEASIBLE,0.002507,0.015990,0,0,0,0,2537.591322,2537.591322,0.000000,0.000000,0
supportcase26,config23,1,FOUND INTEGER FEASIBLE,0.002508,0.015843,0,0,0,0,2201.879396,2201.879396,0.000000,0.000000,0
supportcase26,config23,2,FOUND INTEGER FEASIBLE,0.002569,0.016051,0,0,0,0,2201.879396,2201.879396,0.000000,0.000000,0
supportcase26,config23,3,FOUND INTEGER FEASIBLE,0.002568,0.016104,0,0,0,0,2201.879396,2201.879396,0.000000,0.000000,0
supportcase26,config19,1,FOUND INTEGER FEASIBLE,0.000000,0.014179,0,0,-1,-1,2537.591322,2537.591322,0.000000,0.000000,0
supportcase26,config19,2,FOUND INTEGER FEASIBLE,0.000000,0.012238,0,0,-1,-1,2537.591322,2537.591322,0.000000,0.000000,0
supportcase26,config19,3,FOUND INTEGER FEASIBLE,0.000000,0.015152,0,0,-1,-1,2537.591322,2537.591322,0.000000,0.000000,0
supportcase26,config18,1,FOUND INTEGER FEASIBLE,0.000000,0.014162,0,0,-1,-1,2537.591322,2537.591322,0.000000,0.000000,0
supportcase26,config18,2,FOUND INTEGER FEASIBLE,0.000000,0.011203,0,0,-1,-1,2537.591322,2537.591322,0.000000,0.000000,0
supportcase26,config18,3,FOUND INTEGER FEASIBLE,0.000000,0.008781,0,0,-1,-1,2537.591322,2537.591322,0.000000,0.000000,0
supportcase33,config1,1,FOUND INTEGER FEASIBLE,0.000000,5.291068,46,0,-1,-1,-180.000000,-180.000000,0.000000,0.000000,0
supportcase33,config1,2,FOUND INTEGER FEASIBLE,0.000000,1.350435,23,0,-1,-1,-185.000000,-185.000000,0.000000,0.000000,0
supportcase33,config1,3,FOUND INTEGER FEASIBLE,0.000000,1.898203,51,0,-1,-1,-160.000000,-160.000000,0.000000,0.000000,0
supportcase33,config3,1,FOUND INTEGER FEASIBLE,0.000000,0.302433,0,0,-1,-1,0.000000,0.000000,0.000000,0.000000,0
supportcase33,config3,2,FOUND INTEGER FEASIBLE,0.000000,0.305181,0,0,-1,-1,0.000000,0.000000,0.000000,0.000000,0
supportcase33,config3,3,FOUND INTEGER FEASIBLE,0.000000,0.300872,0,0,-1,-1,0.000000,0.000000,0.000000,0.000000,0
supportcase33,config20,1,FOUND INTEGER FEASIBLE,0.000000,2.631593,44,0,-1,-1,-95.000000,-95.000000,0.000000,0.000000,0
supportcase33,config20,2,FOUND INTEGER FEASIBLE,0.000000,2.443076,27,0,-1,-1,-75.000000,-75.000000,0.000000,0.000000,0
supportcase33,config20,3,FOUND INTEGER FEASIBLE,0.000000,6.500819,139,0,-1,-1,-100.000000,-100.000000,0.000000,0.000000,0
supportcase33,config16,1,FOUND INTEGER FEASIBLE,0.141075,1.268555,56,11,1,1,-95.000000,-95.000000,0.000000,0.000000,0
supportcase33,config16,2,FOUND INTEGER FEASIBLE,0.141162,1.749286,100,11,1,1,-90.000000,-90.000000,0.000000,0.000000,0
supportcase33,config16,3,FOUND INTEGER FEASIBLE,0.104937,0.977789,68,11,1,1,-140.000000,-140.000000,0.000000,0.000000,0
supportcase33,config17,1,FOUND INTEGER FEASIBLE,0.031066,0.475355,0,1,0,0,0.000000,0.000000,0.000000,0.000000,0
supportcase33,config17,2,FOUND INTEGER FEASIBLE,0.033938,0.505505,0,1,0,0,0.000000,0.000000,0.000000,0.000000,0
supportcase33,config17,3,FOUND INTEGER FEASIBLE,0.034002,0.500219,0,1,0,0,0.000000,0.000000,0.000000,0.000000,0
supportcase33,config21,1,FOUND INTEGER FEASIBLE,0.269642,0.712581,0,12,0,0,-25.000000,-25.000000,0.000000,0.000000,0
supportcase33,config21,2,FOUND INTEGER FEASIBLE,0.229712,0.659397,0,12,0,0,-25.000000,-25.000000,0.000000,0.000000,0
supportcase33,config21,3,FOUND INTEGER FEASIBLE,0.153360,0.451251,0,12,0,0,-25.000000,-25.000000,0.000000,0.000000,0
supportcase33,config23,1,FOUND INTEGER FEASIBLE,0.270312,0.718043,0,12,0,0,0.000000,0.000000,0.000000,0.000000,0
supportcase33,config23,2,FOUND INTEGER FEASIBLE,0.265023,0.706502,0,12,0,0,0.000000,0.000000,0.000000,0.000000,0
supportcase33,config23,3,FOUND INTEGER FEASIBLE,0.254184,0.687565,0,12,0,0,0.000000,0.000000,0.000000,0.000000,0
supportcase33,config19,1,FOUND INTEGER FEASIBLE,0.000000,0.246295,0,0,-1,-1,0.000000,0.000000,0.000000,0.000000,0
supportcase33,config19,2,FOUND INTEGER FEASIBLE,0.000000,0.154076,0,0,-1,-1,0.000000,0.000000,0.000000,0.000000,0
supportcase33,config19,3,FOUND INTEGER FEASIBLE,0.000000,0.157154,0,0,-1,-1,0.000000,0.000000,0.000000,0.000000,0
supportcase33,config18,1,FOUND INTEGER FEASIBLE,0.000000,0.176010,0,0,-1,-1,0.000000,0.000000,0.000000,0.000000,0
supportcase33,config18,2,FOUND INTEGER FEASIBLE,0.000000,0.156919,0,0,-1,-1,0.000000,0.000000,0.000000,0.000000,0
supportcase33,config18,3,FOUND INTEGER FEASIBLE,0.000000,0.107436,0,0,-1,-1,0.000000,0.000000,0.000000,0.000000,0
supportcase40,config1,1,FOUND INTEGER FEASIBLE,0.000000,1.585246,1,0,-1,-1,65944.212164,62720.208066,0.000000,0.000000,0
supportcase40,config1,2,FOUND INTEGER FEASIBLE,0.000000,1.648281,2,0,-1,-1,47405.950372,37728.028444,0.000000,0.000000,0
supportcase40,config1,3,FOUND INTEGER FEASIBLE,0.000000,1.698443,1,0,-1,-1,65944.212164,62720.208066,0.000000,0.000000,0
supportcase40,config3,1,FOUND INTEGER FEASIBLE,0.000000,0.197801,0,0,-1,-1,138724.092090,42616.171500,0.000000,0.000000,0
supportcase40,config3,2,FOUND INTEGER FEASIBLE,0.000000,0.197221,0,0,-1,-1,138724.092090,42616.171500,0.000000,0.000000,0
supportcase40,config3,3,FOUND INTEGER FEASIBLE,0.000000,0.197472,0,0,-1,-1,138724.092090,42616.171500,0.000000,0.000000,0
supportcase40,config20,1,FOUND INTEGER FEASIBLE,0.000000,0.171201,0,0,-1,-1,141684.717691,51246.913966,0.000000,0.000000,0
supportcase40,config20,2,FOUND INTEGER FEASIBLE,0.000000,0.172802,0,0,-1,-1,141684.717691,51246.913966,0.000000,0.000000,0
supportcase40,config20,3,FOUND INTEGER FEASIBLE,0.000000,0.173948,0,0,-1,-1,141684.717691,51246.913966,0.000000,0.000000,0
supportcase40,config16,1,FOUND INTEGER FEASIBLE,0.262945,1.052256,1,2,0,0,65624.144123,54465.411672,0.000000,0.000000,0
supportcase40,config16,2,FOUND INTEGER FEASIBLE,0.333866,1.281163,2,2,0,0,51543.634793,37669.626295,0.000000,0.000000,0
supportcase40,config16,3,FOUND INTEGER FEASIBLE,0.280996,0.920878,1,2,0,0,65624.144123,54465.411672,0.000000,0.000000,0
supportcase40,config17,1,FOUND INTEGER FEASIBLE,0.018560,0.192938,0,0,0,0,137374.299261,45412.729530,0.000000,0.000000,0
supportcase40,config17,2,FOUND INTEGER FEASIBLE,0.019465,0.163196,0,0,0,0,137374.299261,45412.729530,0.000000,0.000000,0
supportcase40,config17,3,FOUND INTEGER FEASIBLE,0.024299,0.237631,0,0,0,0,137374.299261,45412.729530,0.000000,0.000000,0
supportcase40,config21,1,FOUND INTEGER FEASIBLE,0.013485,0.196151,0,0,0,0,141412.399580,50724.660842,0.000000,0.000000,0
supportcase40,config21,2,FOUND INTEGER FEASIBLE,0.013423,0.220357,0,0,0,0,141412.399580,50724.660842,0.000000,0.000000,0
supportcase40,config21,3,FOUND INTEGER FEASIBLE,0.013614,0.207254,0,0,0,0,141412.399580,50724.660842,0.000000,0.000000,0
supportcase40,config23,1,FOUND INTEGER FEASIBLE,0.013380,0.206115,0,0,0,0,137374.299261,45412.729530,0.000000,0.000000,0
supportcase40,config23,2,FOUND INTEGER FEASIBLE,0.013535,0.216698,0,0,0,0,137374.299261,45412.729530,0.000000,0.000000,0
supportcase40,config23,3,FOUND INTEGER FEASIBLE,0.013573,0.203296,0,0,0,0,137374.299261,45412.729530,0.000000,0.000000,0
supportcase40,config19,1,FOUND INTEGER FEASIBLE,0.000000,0.207422,0,0,-1,-1,213568.377872,41336.659937,0.000000,0.000000,0
supportcase40,config19,2,FOUND INTEGER FEASIBLE,0.000000,0.173473,0,0,-1,-1,213568.377872,41336.659937,0.000000,0.000000,0
supportcase40,config19,3,FOUND INTEGER FEASIBLE,0.000000,0.175356,0,0,-1,-1,213568.377872,41336.659937,0.000000,0.000000,0
supportcase40,config18,1,FOUND INTEGER FEASIBLE,0.000000,0.165354,0,0,-1,-1,213568.377872,41336.659937,0.000000,0.000000,0
supportcase40,config18,2,FOUND INTEGER FEASIBLE,0.000000,0.123224,0,0,-1,-1,213568.377872,41336.659937,0.000000,0.000000,0
supportcase40,config18,3,FOUND INTEGER FEASIBLE,0.000000,0.175965,0,0,-1,-1,213568.377872,41336.659937,0.000000,0.000000,0
supportcase42,config1,1,FOUND INTEGER FEASIBLE,0.000000,13.896320,1,0,-1,-1,77.594091,77.594091,0.000000,0.000000,0
supportcase42,config1,2,FOUND INTEGER FEASIBLE,0.000000,13.949238,1,0,-1,-1,104.633389,104.633389,0.000000,0.000000,0
supportcase42,config1,3,FOUND INTEGER FEASIBLE,0.000000,13.804753,1,0,-1,-1,8.091641,8.091641,0.000000,0.000000,0
supportcase42,config3,1,FOUND INTEGER FEASIBLE,0.000000,1.080356,0,0,-1,-1,40.000000,40.000000,0.000000,0.000000,0
supportcase42,config3,2,FOUND INTEGER FEASIBLE,0.000000,1.080540,0,0,-1,-1,40.000000,40.000000,0.000000,0.000000,0
supportcase42,config3,3,FOUND INTEGER FEASIBLE,0.000000,1.092711,0,0,-1,-1,40.000000,40.000000,0.000000,0.000000,0
supportcase42,config20,1,FOUND INTEGER FEASIBLE,0.000000,1.623220,0,0,-1,-1,40.000000,40.000000,0.000000,0.000000,0
supportcase42,config20,2,FOUND INTEGER FEASIBLE,0.000000,1.602807,0,0,-1,-1,40.000000,40.000000,0.000000,0.000000,0
supportcase42,config20,3,FOUND INTEGER FEASIBLE,0.000000,1.612454,0,0,-1,-1,40.000000,40.000000,0.000000,0.000000,0
supportcase42,config16,1,FOUND INTEGER FEASIBLE,0.000005,8.106823,1,0,0,0,77.594091,77.594091,0.000000,0.000000,0
supportcase42,config16,2,FOUND INTEGER FEASIBLE,0.000004,7.144090,1,0,0,0,104.633389,104.633389,0.000000,0.000000,0
supportcase42,config16,3,FOUND INTEGER FEASIBLE,0.000004,8.034031,1,0,0,0,8.091641,8.091641,0.000000,0.000000,0
supportcase42,config17,1,FOUND INTEGER FEASIBLE,0.000005,1.432572,0,0,0,0,40.000000,40.000000,0.000000,0.000000,0
supportcase42,config17,2,FOUND INTEGER FEASIBLE,0.000004,1.027651,0,0,0,0,40.000000,40.000000,0.000000,0.000000,0
supportcase42,config17,3,FOUND INTEGER FEASIBLE,0.000005,1.416834,0,0,0,0,40.000000,40.000000,0.000000,0.000000,0
supportcase42,config21,1,FOUND INTEGER FEASIBLE,0.000004,1.022845,0,0,0,0,40.000000,40.000000,0.000000,0.000000,0
supportcase42,config21,2,FOUND INTEGER FEASIBLE,0.000005,1.447372,0,0,0,0,40.000000,40.000000,0.000000,0.000000,0
supportcase42,config21,3,FOUND INTEGER FEASIBLE,0.000005,1.428845,0,0,0,0,40.000000,40.000000,0.000000,0.000000,0
supportcase42,config23,1,FOUND INTEGER FEASIBLE,0.000004,1.419202,0,0,0,0,40.000000,40.000000,0.000000,0.000000,0
supportcase42,config23,2,FOUND INTEGER FEASIBLE,0.000005,1.441982,0,0,0,0,40.000000,40.000000,0.000000,0.000000,0
supportcase42,config23,3,FOUND INTEGER FEASIBLE,0.000005,1.371440,0,0,0,0,40.000000,40.000000,0.000000,0.000000,0
supportcase42,config19,1,FOUND INTEGER FEASIBLE,0.000000,0.350071,0,0,-1,-1,40.000000,40.000000,0.000000,0.000000,0
supportcase42,config19,2,FOUND INTEGER FEASIBLE,0.000000,0.224908,0,0,-1,-1,40.000000,40.000000,0.000000,0.000000,0
supportcase42,config19,3,FOUND INTEGER FEASIBLE,0.000000,0.221688,0,0,-1,-1,40.000000,40.000000,0.000000,0.000000,0
supportcase42,config18,1,FOUND INTEGER FEASIBLE,0.000000,0.275892,0,0,-1,-1,40.000000,40.000000,0.000000,0.000000,0
supportcase42,config18,2,FOUND INTEGER FEASIBLE,0.000000,0.186681,0,0,-1,-1,40.000000,40.000000,0.000000,0.000000,0
supportcase42,config18,3,FOUND INTEGER FEASIBLE,0.000000,0.191768,0,0,-1,-1,40.000000,40.000000,0.000000,0.000000,0
supportcase6,config1,1,FOUND INTEGER FEASIBLE,0.000000,6.064205,4,0,-1,-1,62392.659116,62392.659116,0.000000,0.000000,0
supportcase6,config1,2,FOUND INTEGER FEASIBLE,0.000000,5.956533,4,0,-1,-1,62392.659116,62392.659116,0.000000,0.000000,0
supportcase6,config1,3,FOUND INTEGER FEASIBLE,0.000000,5.427126,3,0,-1,-1,62392.659116,62392.659116,0.000000,0.000000,0
supportcase6,config3,1,FOUND INTEGER FEASIBLE,0.000000,3.664479,1,0,-1,-1,62444.110835,62444.110835,0.000000,0.000000,0
supportcase6,config3,2,FOUND INTEGER FEASIBLE,0.000000,3.664272,1,0,-1,-1,62444.110835,62444.110835,0.000000,0.000000,0
supportcase6,config3,3,FOUND INTEGER FEASIBLE,0.000000,3.656995,1,0,-1,-1,62444.110835,62444.110835,0.000000,0.000000,0
supportcase6,config20,1,FOUND INTEGER FEASIBLE,0.000000,2.632186,0,0,-1,-1,533400.169385,533400.169385,0.000000,0.000000,0
supportcase6,config20,2,FOUND INTEGER FEASIBLE,0.000000,2.602389,0,0,-1,-1,533400.169385,533400.169385,0.000000,0.000000,0
supportcase6,config20,3,FOUND INTEGER FEASIBLE,0.000000,2.601381,0,0,-1,-1,533400.169385,533400.169385,0.000000,0.000000,0
supportcase6,config16,1,FOUND INTEGER FEASIBLE,1.344596,5.847811,2,7,1,1,62373.770427,62373.770427,0.000000,0.000000,0
supportcase6,config16,2,FOUND INTEGER FEASIBLE,1.448979,4.920822,2,7,1,1,62373.770427,62373.770427,0.000000,0.000000,0
supportcase6,config16,3,FOUND INTEGER FEASIBLE,0.955896,4.949857,2,7,1,1,62373.770427,62373.770427,0.000000,0.000000,0
supportcase6,config17,1,FOUND INTEGER FEASIBLE,1.922595,5.931596,4,10,1,1,72388.756823,72388.756823,0.000000,0.000000,0
supportcase6,config17,2,FOUND INTEGER FEASIBLE,1.038445,4.891958,4,10,1,1,72388.756823,72388.756823,0.000000,0.000000,0
supportcase6,config17,3,FOUND INTEGER FEASIBLE,1.011313,3.794199,3,10,1,1,62372.755929,62372.755929,0.000000,0.000000,0
supportcase6,config21,1,FOUND INTEGER FEASIBLE,0.438344,2.620470,1,2,0,0,92722.894762,92722.894762,0.000000,0.000000,0
supportcase6,config21,2,FOUND INTEGER FEASIBLE,0.571479,3.251719,1,2,0,0,92722.894762,92722.894762,0.000000,0.000000,0
supportcase6,config21,3,FOUND INTEGER FEASIBLE,0.451149,2.947980,1,2,0,0,92709.287155,92709.287155,0.000000,0.000000,0
supportcase6,config23,1,FOUND INTEGER FEASIBLE,0.453280,3.473643,2,2,0,0,72544.475693,72544.475693,0.000000,0.000000,0
supportcase6,config23,2,FOUND INTEGER FEASIBLE,0.314415,2.492484,2,2,0,0,72544.475693,72544.475693,0.000000,0.000000,0
supportcase6,config23,3,FOUND INTEGER FEASIBLE,0.453220,3.251269,2,2,0,0,72513.786104,72513.786104,0.000000,0.000000,0
supportcase6,config19,1,FOUND INTEGER FEASIBLE,0.000000,3.158001,0,0,-1,-1,102597.533860,102597.533860,0.000000,0.000000,0
supportcase6,config19,2,FOUND INTEGER FEASIBLE,0.000000,2.587455,0,0,-1,-1,102597.533860,102597.533860,0.000000,0.000000,0
supportcase6,config19,3,FOUND INTEGER FEASIBLE,0.000000,2.591021,0,0,-1,-1,102597.533860,102597.533860,0.000000,0.000000,0
supportcase6,config18,1,FOUND INTEGER FEASIBLE,0.000000,2.562102,0,0,-1,-1,102597.533860,102597.533860,0.000000,0.000000,0
supportcase6,config18,2,FOUND INTEGER FEASIBLE,0.000000,2.469764,0,0,-1,-1,102597.533860,102597.533860,0.000000,0.000000,0
supportcase6,config18,3,FOUND INTEGER FEASIBLE,0.000000,2.477022,0,0,-1,-1,102597.533860,102597.533860,0.000000,0.000000,0
supportcase7,config1,1,FOUND INTEGER FEASIBLE,0.000000,5.688018,5,0,-1,-1,449.534508,-551.077771,0.000000,0.000000,0
supportcase7,config1,2,FOUND INTEGER FEASIBLE,0.000000,4.179200,1,0,-1,-1,955.310372,952.693900,0.000000,0.000000,0
supportcase7,config1,3,FOUND INTEGER FEASIBLE,0.000000,5.471810,3,0,-1,-1,267.001188,-588.413128,0.000000,0.000000,0
supportcase7,config3,1,FOUND INTEGER FEASIBLE,0.000000,1.971694,0,0,-1,-1,956.959900,952.693900,0.000000,0.000000,0
supportcase7,config3,2,FOUND INTEGER FEASIBLE,0.000000,1.949000,0,0,-1,-1,956.959900,952.693900,0.000000,0.000000,0
supportcase7,config3,3,FOUND INTEGER FEASIBLE,0.000000,2.013150,0,0,-1,-1,956.959900,952.693900,0.000000,0.000000,0
supportcase7,config20,1,FOUND INTEGER FEASIBLE,0.000000,4.092785,3,0,-1,-1,830.127079,-616.657881,0.000000,0.000000,0
supportcase7,config20,2,FOUND INTEGER FEASIBLE,0.000000,4.476895,5,0,-1,-1,882.200120,-587.141341,0.000000,0.000000,0
supportcase7,config20,3,FOUND INTEGER FEASIBLE,0.000000,4.296663,4,0,-1,-1,711.138582,-692.286259,0.000000,0.000000,0
supportcase7,config16,1,FOUND INTEGER FEASIBLE,1.629263,3.274416,0,7,0,0,952.693900,952.693900,0.000000,0.000000,0
supportcase7,config16,2,FOUND INTEGER FEASIBLE,1.397549,2.286044,0,7,0,0,952.693900,952.693900,0.000000,0.000000,0
supportcase7,config16,3,FOUND INTEGER FEASIBLE,1.706623,3.016711,0,7,0,0,952.693900,952.693900,0.000000,0.000000,0
supportcase7,config17,1,FOUND INTEGER FEASIBLE,0.147515,1.520004,0,0,0,0,956.959900,952.693900,0.000000,0.000000,0
supportcase7,config17,2,FOUND INTEGER FEASIBLE,0.110032,1.816043,0,0,0,0,956.959900,952.693900,0.000000,0.000000,0
supportcase7,config17,3,FOUND INTEGER FEASIBLE,0.087673,1.774132,0,0,0,0,956.959900,952.693900,0.000000,0.000000,0
supportcase7,config21,1,FOUND INTEGER FEASIBLE,2.240605,3.157153,0,7,0,0,952.693900,952.693900,0.000000,0.000000,0
supportcase7,config21,2,FOUND INTEGER FEASIBLE,2.441275,4.098008,0,7,0,0,952.693900,952.693900,0.000000,0.000000,0
supportcase7,config21,3,FOUND INTEGER FEASIBLE,2.273958,3.552546,0,7,0,0,952.693900,952.693900,0.000000,0.000000,0
supportcase7,config23,1,FOUND INTEGER FEASIBLE,1.832502,3.472183,0,7,0,0,952.693900,952.693900,0.000000,0.000000,0
supportcase7,config23,2,FOUND INTEGER FEASIBLE,1.923842,3.199379,0,7,0,0,952.693900,952.693900,0.000000,0.000000,0
supportcase7,config23,3,FOUND INTEGER FEASIBLE,2.143234,3.448362,0,7,0,0,952.693900,952.693900,0.000000,0.000000,0
supportcase7,config19,1,FOUND INTEGER FEASIBLE,0.000000,1.929085,0,0,-1,-1,956.959900,952.693900,0.000000,0.000000,0
supportcase7,config19,2,FOUND INTEGER FEASIBLE,0.000000,1.725986,0,0,-1,-1,956.959900,952.693900,0.000000,0.000000,0
supportcase7,config19,3,FOUND INTEGER FEASIBLE,0.000000,1.715469,0,0,-1,-1,956.959900,952.693900,0.000000,0.000000,0
supportcase7,config18,1,FOUND INTEGER FEASIBLE,0.000000,1.663117,0,0,-1,-1,956.959900,952.693900,0.000000,0.000000,0
supportcase7,config18,2,FOUND INTEGER FEASIBLE,0.000000,1.001258,0,0,-1,-1,956.959900,952.693900,0.000000,0.000000,0
supportcase7,config18,3,FOUND INTEGER FEASIBLE,0.000000,1.743154,0,0,-1,-1,956.959900,952.693900,0.000000,0.000000,0
swath1,config1,1,FOUND INTEGER FEASIBLE,0.000000,0.169753,5,0,-1,-1,967.140786,652.567702,0.000000,0.000000,0
swath1,config1,2,FOUND INTEGER FEASIBLE,0.000000,0.168503,5,0,-1,-1,669.578650,597.115283,0.000000,0.000000,0
swath1,config1,3,FOUND INTEGER FEASIBLE,0.000000,0.333112,18,0,-1,-1,1328.125249,856.865067,0.000000,0.000000,0
swath1,config3,1,FOUND INTEGER FEASIBLE,0.000000,0.169593,5,0,-1,-1,1435.236088,875.325833,0.000000,0.000000,0
swath1,config3,2,FOUND INTEGER FEASIBLE,0.000000,0.317512,26,0,-1,-1,1663.517057,1051.349853,0.000000,0.000000,0
swath1,config3,3,FOUND INTEGER FEASIBLE,0.000000,0.166939,3,0,-1,-1,1388.959193,708.131622,0.000000,0.000000,0
swath1,config20,1,FOUND INTEGER FEASIBLE,0.000000,0.125622,4,0,-1,-1,1507.923263,912.821178,0.000000,0.000000,0
swath1,config20,2,FOUND INTEGER FEASIBLE,0.000000,0.178018,7,0,-1,-1,1646.622507,1099.862507,0.000000,0.000000,0
swath1,config20,3,FOUND INTEGER FEASIBLE,0.000000,0.156022,3,0,-1,-1,1538.374879,943.868333,0.000000,0.000000,0
swath1,config16,1,FOUND INTEGER FEASIBLE,0.068634,0.421824,88,2,1,0,1396.589696,718.617046,0.000000,0.000000,0
swath1,config16,2,FOUND INTEGER FEASIBLE,0.068405,0.414168,90,2,1,0,1213.945564,664.708390,0.000000,0.000000,0
swath1,config16,3,FOUND INTEGER FEASIBLE,0.068716,0.422479,91,2,1,0,1235.961649,620.857683,0.000000,0.000000,0
swath1,config17,1,FOUND INTEGER FEASIBLE,0.056350,0.174691,1,11,0,0,1603.717040,893.688794,0.000000,0.000000,0
swath1,config17,2,FOUND INTEGER FEASIBLE,0.056517,0.174366,1,11,0,0,1603.717040,893.688794,0.000000,0.000000,0
swath1,config17,3,FOUND INTEGER FEASIBLE,0.056680,0.167088,1,11,0,0,1603.717040,893.688794,0.000000,0.000000,0
swath1,config21,1,FOUND INTEGER FEASIBLE,0.047903,0.174394,1,9,0,0,1423.506269,908.012897,0.000000,0.000000,0
swath1,config21,2,FOUND INTEGER FEASIBLE,0.047769,0.177231,2,9,0,0,1421.416834,949.322610,0.000000,0.000000,0
swath1,config21,3,FOUND INTEGER FEASIBLE,0.047504,0.173122,1,9,0,0,1644.419169,946.048198,0.000000,0.000000,0
swath1,config23,1,FOUND INTEGER FEASIBLE,0.050462,0.180530,1,9,0,0,1452.810445,781.775320,0.000000,0.000000,0
swath1,config23,2,FOUND INTEGER FEASIBLE,0.047718,0.168435,2,9,0,0,1446.989590,781.775320,0.000000,0.000000,0
swath1,config23,3,FOUND INTEGER FEASIBLE,0.047691,0.177831,3,9,0,0,1360.412302,831.010398,0.000000,0.000000,0
swath1,config19,1,FOUND INTEGER FEASIBLE,0.000000,0.126953,0,0,-1,-1,1565.804759,841.097656,0.000000,0.000000,0
swath1,config19,2,FOUND INTEGER FEASIBLE,0.000000,0.119562,0,0,-1,-1,1565.804759,841.097656,0.000000,0.000000,0
swath1,config19,3,FOUND INTEGER FEASIBLE,0.000000,0.117913,0,0,-1,-1,1565.804759,841.097656,0.000000,0.000000,0
swath1,config18,1,FOUND INTEGER FEASIBLE,0.000000,0.077037,0,0,-1,-1,1565.804759,841.097656,0.000000,0.000000,0
swath1,config18,2,FOUND INTEGER FEASIBLE,0.000000,0.116921,0,0,-1,-1,1565.804759,841.097656,0.000000,0.000000,0
swath1,config18,3,FOUND INTEGER FEASIBLE,0.000000,0.116737,0,0,-1,-1,1565.804759,841.097656,0.000000,0.000000,0
swath3,config1,1,FOUND INTEGER FEASIBLE,0.000000,0.238023,9,0,-1,-1,1338.552298,909.918804,0.000000,0.000000,0
swath3,config1,2,FOUND INTEGER FEASIBLE,0.000000,0.329334,12,0,-1,-1,715.769273,592.068544,0.000000,0.000000,0
swath3,config1,3,FOUND INTEGER FEASIBLE,0.000000,0.185988,5,0,-1,-1,1005.387429,564.049579,0.000000,0.000000,0
swath3,config3,1,FOUND INTEGER FEASIBLE,0.000000,0.186683,9,0,-1,-1,1693.296099,1084.768592,0.000000,0.000000,0
swath3,config3,2,FOUND INTEGER FEASIBLE,0.000000,0.172612,7,0,-1,-1,1326.798981,896.720198,0.000000,0.000000,0
swath3,config3,3,FOUND INTEGER FEASIBLE,0.000000,0.165672,5,0,-1,-1,1424.213820,862.076222,0.000000,0.000000,0
swath3,config20,1,FOUND INTEGER FEASIBLE,0.000000,0.202315,8,0,-1,-1,1357.394363,998.266480,0.000000,0.000000,0
swath3,config20,2,FOUND INTEGER FEASIBLE,0.000000,0.109621,6,0,-1,-1,1587.946195,1187.210693,0.000000,0.000000,0
swath3,config20,3,FOUND INTEGER FEASIBLE,0.000000,0.179834,3,0,-1,-1,1635.116219,1202.711234,0.000000,0.000000,0
swath3,config16,1,FOUND INTEGER FEASIBLE,0.059497,0.424752,96,2,1,0,1270.264504,739.901379,0.000000,0.000000,0
swath3,config16,2,FOUND INTEGER FEASIBLE,0.058690,0.418497,95,2,1,0,1097.350343,639.660411,0.000000,0.000000,0
swath3,config16,3,FOUND INTEGER FEASIBLE,0.058833,0.400949,87,2,1,0,1321.100962,611.764434,0.000000,0.000000,0
swath3,config17,1,FOUND INTEGER FEASIBLE,0.038860,0.210455,6,3,0,0,1577.907093,1071.745921,0.000000,0.000000,0
swath3,config17,2,FOUND INTEGER FEASIBLE,0.038890,0.187615,4,3,0,0,1373.015189,855.117238,0.000000,0.000000,0
swath3,config17,3,FOUND INTEGER FEASIBLE,0.038994,0.210225,4,3,0,0,1439.404699,958.622602,0.000000,0.000000,0
swath3,config21,1,FOUND INTEGER FEASIBLE,0.057136,0.208309,10,8,0,0,1370.586818,987.572045,0.000000,0.000000,0
swath3,config21,2,FOUND INTEGER FEASIBLE,0.050753,0.162097,6,8,0,0,1435.425464,959.798777,0.000000,0.000000,0
swath3,config21,3,FOUND INTEGER FEASIBLE,0.061114,0.211872,5,8,0,0,1657.107284,1058.085872,0.000000,0.000000,0
swath3,config23,1,FOUND INTEGER FEASIBLE,0.061085,0.243388,9,8,0,0,1266.222773,966.198762,0.000000,0.000000,0
swath3,config23,2,FOUND INTEGER FEASIBLE,0.061650,0.201818,3,8,0,0,1478.948372,1181.948632,0.000000,0.000000,0
swath3,config23,3,FOUND INTEGER FEASIBLE,0.061471,0.222991,7,8,0,0,1671.579865,1238.501408,0.000000,0.000000,0
swath3,config19,1,FOUND INTEGER FEASIBLE,0.000000,0.123915,0,0,-1,-1,1216.956682,1016.578502,0.000000,0.000000,0
swath3,config19,2,FOUND INTEGER FEASIBLE,0.000000,0.116637,0,0,-1,-1,1216.956682,1016.578502,0.000000,0.000000,0
swath3,config19,3,FOUND INTEGER FEASIBLE,0.000000,0.116575,0,0,-1,-1,1216.956682,1016.578502,0.000000,0.000000,0
swath3,config18,1,FOUND INTEGER FEASIBLE,0.000000,0.124257,0,0,-1,-1,1216.956682,1016.578502,0.000000,0.000000,0
swath3,config18,2,FOUND INTEGER FEASIBLE,0.000000,0.070016,0,0,-1,-1,1216.956682,1016.578502,0.000000,0.000000,0
swath3,config18,3,FOUND INTEGER FEASIBLE,0.000000,0.114708,0,0,-1,-1,1216.956682,1016.578502,0.000000,0.000000,0
tbfp-network,config1,1,FOUND INTEGER FEASIBLE,0.000000,13.313745,2,0,-1,-1,85.024306,85.024306,0.000000,0.000000,0
tbfp-network,config1,2,FOUND INTEGER FEASIBLE,0.000000,13.338069,2,0,-1,-1,85.024306,85.024306,0.000000,0.000000,0
tbfp-network,config1,3,FOUND INTEGER FEASIBLE,0.000000,13.334168,2,0,-1,-1,85.024306,85.024306,0.000000,0.000000,0
tbfp-network,config3,1,FOUND INTEGER FEASIBLE,0.000000,28.327156,13,0,-1,-1,155.872917,155.872917,0.000000,0.000000,0
tbfp-network,config3,2,FOUND INTEGER FEASIBLE,0.000000,20.980058,10,0,-1,-1,137.168750,137.168750,0.000000,0.000000,0
tbfp-network,config3,3,FOUND INTEGER FEASIBLE,0.000000,25.802253,14,0,-1,-1,131.003472,131.003472,0.000000,0.000000,0
tbfp-network,config20,1,FOUND INTEGER FEASIBLE,0.000000,11.281101,3,0,-1,-1,113.083333,113.083333,0.000000,0.000000,0
tbfp-network,config20,2,FOUND INTEGER FEASIBLE,0.000000,11.383794,3,0,-1,-1,113.083333,113.083333,0.000000,0.000000,0
tbfp-network,config20,3,FOUND INTEGER FEASIBLE,0.000000,11.364874,3,0,-1,-1,113.083333,113.083333,0.000000,0.000000,0
tbfp-network,config16,1,FOUND INTEGER FEASIBLE,7.678820,22.691275,6,9,1,1,114.166667,114.166667,0.000000,0.000000,0
tbfp-network,config16,2,FOUND INTEGER FEASIBLE,5.938942,16.310286,6,9,1,1,116.875000,116.875000,0.000000,0.000000,0
tbfp-network,config16,3,FOUND INTEGER FEASIBLE,5.961265,18.294278,5,9,1,1,114.270833,114.270833,0.000000,0.000000,0
tbfp-network,config17,1,FOUND INTEGER FEASIBLE,5.006767,35.436866,20,11,0,0,171.961806,171.961806,0.000000,0.000000,0
tbfp-network,config17,2,FOUND INTEGER FEASIBLE,5.922378,24.824892,11,11,0,0,71.934028,71.934028,0.000000,0.000000,0
tbfp-network,config17,3,FOUND INTEGER FEASIBLE,4.527659,23.210133,12,11,0,0,91.166667,91.166667,0.000000,0.000000,0
tbfp-network,config21,1,FOUND INTEGER FEASIBLE,4.437253,12.412374,3,1,1,1,113.083333,113.083333,0.000000,0.000000,0
tbfp-network,config21,2,FOUND INTEGER FEASIBLE,4.312895,12.978932,3,1,1,1,113.083333,113.083333,0.000000,0.000000,0
tbfp-network,config21,3,FOUND INTEGER FEASIBLE,5.152864,13.303623,3,1,1,1,113.083333,113.083333,0.000000,0.000000,0
tbfp-network,config23,1,FOUND INTEGER FEASIBLE,4.970278,26.027441,13,1,1,1,155.872917,155.872917,0.000000,0.000000,0
tbfp-network,config23,2,FOUND INTEGER FEASIBLE,5.921772,21.098568,10,1,1,1,137.168750,137.168750,0.000000,0.000000,0
tbfp-network,config23,3,FOUND INTEGER FEASIBLE,4.295937,21.966423,14,1,1,1,131.003472,131.003472,0.000000,0.000000,0
tbfp-network,config19,1,FOUND INTEGER FEASIBLE,0.000000,21.462464,0,0,-1,-1,28.915278,28.915278,0.000000,0.000000,0
tbfp-network,config19,2,FOUND INTEGER FEASIBLE,0.000000,20.475354,0,0,-1,-1,28.915278,28.915278,0.000000,0.000000,0
tbfp-network,config19,3,FOUND INTEGER FEASIBLE,0.000000,20.400785,0,0,-1,-1,28.915278,28.915278,0.000000,0.000000,0
tbfp-network,config18,1,FOUND INTEGER FEASIBLE,0.000000,954.819330,0,0,-1,-1,95.954861,95.954861,0.000000,0.000000,0
tbfp-network,config18,2,FOUND INTEGER FEASIBLE,0.000000,156.807007,0,0,-1,-1,95.954861,95.954861,0.000000,0.000000,0
tbfp-network,config18,3,FOUND INTEGER FEASIBLE,0.000000,154.089003,0,0,-1,-1,95.954861,95.954861,0.000000,0.000000,0
thor50dday,config1,1,FOUND INTEGER FEASIBLE,0.000000,2.004923,5,0,-1,-1,204551.000000,204551.000000,0.000000,0.000000,0
thor50dday,config1,2,FOUND INTEGER FEASIBLE,0.000000,1.895179,4,0,-1,-1,204551.000000,204551.000000,0.000000,0.000000,0
thor50dday,config1,3,FOUND INTEGER FEASIBLE,0.000000,1.055336,3,0,-1,-1,204551.000000,204551.000000,0.000000,0.000000,0
thor50dday,config3,1,FOUND INTEGER FEASIBLE,0.000000,1.584532,5,0,-1,-1,204551.000000,204551.000000,0.000000,0.000000,0
thor50dday,config3,2,FOUND INTEGER FEASIBLE,0.000000,1.515000,4,0,-1,-1,204551.000000,204551.000000,0.000000,0.000000,0
thor50dday,config3,3,FOUND INTEGER FEASIBLE,0.000000,1.445869,3,0,-1,-1,204551.000000,204551.000000,0.000000,0.000000,0
thor50dday,config20,1,FOUND INTEGER FEASIBLE,0.000000,1.011548,0,0,-1,-1,426041212.000000,426041212.000000,0.000000,0.000000,0
thor50dday,config20,2,FOUND INTEGER FEASIBLE,0.000000,1.195180,0,0,-1,-1,426041212.000000,426041212.000000,0.000000,0.000000,0
thor50dday,config20,3,FOUND INTEGER FEASIBLE,0.000000,1.192367,0,0,-1,-1,426041212.000000,426041212.000000,0.000000,0.000000,0
thor50dday,config16,1,FOUND INTEGER FEASIBLE,0.533193,2.255342,5,3,0,0,191981.000000,191981.000000,0.000000,0.000000,0
thor50dday,config16,2,FOUND INTEGER FEASIBLE,0.527083,2.211743,5,3,0,0,174051.000000,174051.000000,0.000000,0.000000,0
thor50dday,config16,3,FOUND INTEGER FEASIBLE,0.281298,1.252884,4,3,0,0,196179.000000,196179.000000,0.000000,0.000000,0
thor50dday,config17,1,FOUND INTEGER FEASIBLE,0.573264,2.196288,5,1,0,0,317653.000000,317653.000000,0.000000,0.000000,0
thor50dday,config17,2,FOUND INTEGER FEASIBLE,0.574526,2.151835,4,1,0,0,317653.000000,317653.000000,0.000000,0.000000,0
thor50dday,config17,3,FOUND INTEGER FEASIBLE,0.574367,2.117428,3,1,0,0,317653.000000,317653.000000,0.000000,0.000000,0
thor50dday,config21,1,FOUND INTEGER FEASIBLE,0.211001,0.994065,0,1,0,0,1372826.000000,1372826.000000,0.000000,0.000000,0
thor50dday,config21,2,FOUND INTEGER FEASIBLE,0.208438,1.031894,0,1,0,0,1372826.000000,1372826.000000,0.000000,0.000000,0
thor50dday,config21,3,FOUND INTEGER FEASIBLE,0.274134,1.264439,0,1,0,0,1372826.000000,1372826.000000,0.000000,0.000000,0
thor50dday,config23,1,FOUND INTEGER FEASIBLE,0.274689,1.420397,5,1,0,0,204551.000000,204551.000000,0.000000,0.000000,0
thor50dday,config23,2,FOUND INTEGER FEASIBLE,0.210682,1.081745,4,1,0,0,204551.000000,204551.000000,0.000000,0.000000,0
thor50dday,config23,3,FOUND INTEGER FEASIBLE,0.209785,1.016574,3,1,0,0,204551.000000,204551.000000,0.000000,0.000000,0
thor50dday,config19,1,FOUND INTEGER FEASIBLE,0.000000,1.615166,0,0,-1,-1,426041212.000000,426041212.000000,0.000000,0.000000,0
thor50dday,config19,2,FOUND INTEGER FEASIBLE,0.000000,1.485571,0,0,-1,-1,426041212.000000,426041212.000000,0.000000,0.000000,0
thor50dday,config19,3,FOUND INTEGER FEASIBLE,0.000000,1.474723,0,0,-1,-1,426041212.000000,426041212.000000,0.000000,0.000000,0
thor50dday,config18,1,FOUND INTEGER FEASIBLE,0.000000,1.117051,0,0,-1,-1,426041212.000000,426041212.000000,0.000000,0.000000,0
thor50dday,config18,2,FOUND INTEGER FEASIBLE,0.000000,1.029832,0,0,-1,-1,426041212.000000,426041212.000000,0.000000,0.000000,0
thor50dday,config18,3,FOUND INTEGER FEASIBLE,0.000000,1.264048,0,0,-1,-1,426041212.000000,426041212.000000,0.000000,0.000000,0
timtab1,config1,1,FOUND INTEGER FEASIBLE,0.000000,0.032735,23,0,-1,-1,1376631.000000,1339498.000000,0.000000,0.000000,0
timtab1,config1,2,FOUND INTEGER FEASIBLE,0.000000,0.021105,7,0,-1,-1,1147483.000000,1135452.000000,0.000000,0.000000,0
timtab1,config1,3,FOUND INTEGER FEASIBLE,0.000000,0.230704,79,0,-1,-1,1495413.000000,1450487.000000,0.000000,0.000000,0
timtab1,config3,1,FOUND INTEGER FEASIBLE,0.000000,0.015588,5,0,-1,-1,1168320.000000,1111927.000000,0.000000,0.000000,0
timtab1,config3,2,FOUND INTEGER FEASIBLE,0.000000,0.046826,24,0,-1,-1,1434311.000000,1396544.000000,0.000000,0.000000,0
timtab1,config3,3,FOUND INTEGER FEASIBLE,0.000000,0.018899,8,0,-1,-1,1256239.000000,1226795.000000,0.000000,0.000000,0
timtab1,config20,1,FOUND INTEGER FEASIBLE,0.000000,0.070704,15,0,-1,-1,1568898.000000,1478179.000000,0.000000,0.000000,0
timtab1,config20,2,FOUND INTEGER FEASIBLE,0.000000,0.045947,20,0,-1,-1,1462248.000000,1362684.000000,0.000000,0.000000,0
timtab1,config20,3,FOUND INTEGER FEASIBLE,0.000000,0.327160,89,0,-1,-1,1420184.000000,1381095.000000,0.000000,0.000000,0
timtab1,config16,1,FOUND INTEGER FEASIBLE,0.001963,0.020909,25,9,0,0,1399946.000000,1269840.000000,0.000000,0.000000,0
timtab1,config16,2,FOUND INTEGER FEASIBLE,0.004632,0.060586,36,9,0,0,1394645.000000,1337968.000000,0.000000,0.000000,0
timtab1,config16,3,FOUND INTEGER FEASIBLE,0.004427,0.091884,59,9,1,0,1419895.000000,1277061.000000,0.000000,0.000000,0
timtab1,config17,1,FOUND INTEGER FEASIBLE,0.003592,0.124608,83,2,1,0,1354956.000000,1275735.000000,0.000000,0.000000,0
timtab1,config17,2,FOUND INTEGER FEASIBLE,0.002810,0.168974,113,2,1,0,1411556.000000,1332024.000000,0.000000,0.000000,0
timtab1,config17,3,FOUND INTEGER FEASIBLE,0.003452,0.022240,7,2,0,0,1261063.000000,1210478.000000,0.000000,0.000000,0
timtab1,config21,1,FOUND INTEGER FEASIBLE,0.003678,0.040439,16,4,1,1,1552659.000000,1508749.000000,0.000000,0.000000,0
timtab1,config21,2,FOUND INTEGER FEASIBLE,0.003640,0.034732,13,4,1,1,1589521.000000,1515367.000000,0.000000,0.000000,0
timtab1,config21,3,FOUND INTEGER FEASIBLE,0.003651,0.043944,17,4,1,1,1522996.000000,1468675.000000,0.000000,0.000000,0
timtab1,config23,1,FOUND INTEGER FEASIBLE,0.003681,0.038805,14,4,1,1,1272326.000000,1204639.000000,0.000000,0.000000,0
timtab1,config23,2,FOUND INTEGER FEASIBLE,0.003645,0.025705,7,4,1,1,1205580.000000,1144635.000000,0.000000,0.000000,0
timtab1,config23,3,FOUND INTEGER FEASIBLE,0.003617,0.033356,10,4,1,1,1266914.000000,1194505.000000,0.000000,0.000000,0
timtab1,config19,1,FOUND INTEGER FEASIBLE,0.000000,1.066614,0,0,-1,-1,1082873.000000,1082873.000000,0.000000,0.000000,0
timtab1,config19,2,FOUND INTEGER FEASIBLE,0.000000,1.072637,0,0,-1,-1,1082873.000000,1082873.000000,0.000000,0.000000,0
timtab1,config19,3,FOUND INTEGER FEASIBLE,0.000000,1.077869,0,0,-1,-1,1082873.000000,1082873.000000,0.000000,0.000000,0
timtab1,config18,1,FOUND INTEGER FEASIBLE,0.000000,0.226692,0,0,-1,-1,1102920.000000,1102920.000000,0.000000,0.000000,0
timtab1,config18,2,FOUND INTEGER FEASIBLE,0.000000,0.225949,0,0,-1,-1,1102920.000000,1102920.000000,0.000000,0.000000,0
timtab1,config18,3,FOUND INTEGER FEASIBLE,0.000000,0.226301,0,0,-1,-1,1102920.000000,1102920.000000,0.000000,0.000000,0
tr12-30,config1,1,FOUND INTEGER FEASIBLE,0.000000,0.040233,9,0,-1,-1,270697.000000,265141.000000,0.000000,0.000000,0
tr12-30,config1,2,FOUND INTEGER FEASIBLE,0.000000,0.042252,9,0,-1,-1,273828.000000,266106.000000,0.000000,0.000000,0
tr12-30,config1,3,FOUND INTEGER FEASIBLE,0.000000,0.041606,9,0,-1,-1,265267.000000,236453.000000,0.000000,0.000000,0
tr12-30,config3,1,FOUND INTEGER FEASIBLE,0.000000,0.040817,8,0,-1,-1,292991.000000,284744.000000,0.000000,0.000000,0
tr12-30,config3,2,FOUND INTEGER FEASIBLE,0.000000,0.042171,9,0,-1,-1,288151.000000,277282.000000,0.000000,0.000000,0
tr12-30,config3,3,FOUND INTEGER FEASIBLE,0.000000,0.039043,7,0,-1,-1,275029.000000,269791.000000,0.000000,0.000000,0
tr12-30,config20,1,FOUND INTEGER FEASIBLE,0.000000,0.035902,3,0,-1,-1,255267.000000,233386.000000,0.000000,0.000000,0
tr12-30,config20,2,FOUND INTEGER FEASIBLE,0.000000,0.032452,1,0,-1,-1,260866.000000,235607.000000,0.000000,0.000000,0
tr12-30,config20,3,FOUND INTEGER FEASIBLE,0.000000,0.035988,3,0,-1,-1,259302.000000,230962.000000,0.000000,0.000000,0
tr12-30,config16,1,FOUND INTEGER FEASIBLE,0.030169,0.137478,94,6,3,2,279112.000000,261813.000000,0.000000,0.000000,0
tr12-30,config16,2,FOUND INTEGER FEASIBLE,0.024907,0.127396,92,6,3,2,285007.000000,255711.000000,0.000000,0.000000,0
tr12-30,config16,3,FOUND INTEGER FEASIBLE,0.030024,0.134487,93,6,3,2,289248.000000,270306.000000,0.000000,0.000000,0
tr12-30,config17,1,FOUND INTEGER FEASIBLE,0.031171,0.059906,6,10,0,0,281977.000000,267059.000000,0.000000,0.000000,0
tr12-30,config17,2,FOUND INTEGER FEASIBLE,0.030830,0.061884,7,10,0,0,280586.000000,268425.000000,0.000000,0.000000,0
tr12-30,config17,3,FOUND INTEGER FEASIBLE,0.030719,0.059548,6,10,0,0,280374.000000,269660.000000,0.000000,0.000000,0
tr12-30,config21,1,FOUND INTEGER FEASIBLE,0.044915,0.067602,0,3,0,0,287243.000000,191500.000000,0.000000,0.000000,0
tr12-30,config21,2,FOUND INTEGER FEASIBLE,0.044580,0.067164,0,3,0,0,287243.000000,191500.000000,0.000000,0.000000,0
tr12-30,config21,3,FOUND INTEGER FEASIBLE,0.044447,0.067071,0,3,0,0,287243.000000,191500.000000,0.000000,0.000000,0
tr12-30,config23,1,FOUND INTEGER FEASIBLE,0.044585,0.073946,6,3,0,0,278125.000000,265936.000000,0.000000,0.000000,0
tr12-30,config23,2,FOUND INTEGER FEASIBLE,0.044572,0.076013,9,3,0,0,261845.000000,249428.000000,0.000000,0.000000,0
tr12-30,config23,3,FOUND INTEGER FEASIBLE,0.045042,0.073018,5,3,0,0,267178.000000,258640.000000,0.000000,0.000000,0
tr12-30,config19,1,FOUND INTEGER FEASIBLE,0.000000,0.431261,0,0,-1,-1,146032.000000,146032.000000,0.000000,0.000000,0
tr12-30,config19,2,FOUND INTEGER FEASIBLE,0.000000,0.431586,0,0,-1,-1,146032.000000,146032.000000,0.000000,0.000000,0
tr12-30,config19,3,FOUND INTEGER FEASIBLE,0.000000,0.425608,0,0,-1,-1,146032.000000,146032.000000,0.000000,0.000000,0
tr12-30,config18,1,FOUND INTEGER FEASIBLE,0.000000,0.502857,0,0,-1,-1,141205.000000,141205.000000,0.000000,0.000000,0
tr12-30,config18,2,FOUND INTEGER FEASIBLE,0.000000,0.397092,0,0,-1,-1,141205.000000,141205.000000,0.000000,0.000000,0
tr12-30,config18,3,FOUND INTEGER FEASIBLE,0.000000,0.396332,0,0,-1,-1,141205.000000,141205.000000,0.000000,0.000000,0
traininstance2,config1,1,FAILED TO FIND AN INTEGER FEASIBLE SOLUTION,0.000000,77.899430,12000,0,-1,-1,0.000000,0.000000,0.190476,0.095238,4
traininstance2,config1,2,FAILED TO FIND AN INTEGER FEASIBLE SOLUTION,0.000000,79.454066,12000,0,-1,-1,0.000000,0.000000,0.004467,0.004467,0
traininstance2,config1,3,FOUND INTEGER FEASIBLE,0.000000,39.163330,6913,0,-1,-1,616780.000000,616780.000000,0.000000,0.000000,0
traininstance2,config3,1,FAILED TO FIND AN INTEGER FEASIBLE SOLUTION,0.000000,79.207635,12000,0,-1,-1,0.000000,0.000000,0.147368,0.073684,6
traininstance2,config3,2,FOUND INTEGER FEASIBLE,0.000000,14.392199,2220,0,-1,-1,702680.000000,702680.000000,0.000000,0.000000,0
traininstance2,config3,3,FAILED TO FIND AN INTEGER FEASIBLE SOLUTION,0.000000,23.171796,3662,0,-1,-1,0.000000,0.000000,0.133333,0.066667,6
traininstance2,config20,1,FAILED TO FIND AN INTEGER FEASIBLE SOLUTION,0.000000,286.940234,12000,0,-1,-1,0.000000,0.000000,0.227140,0.113570,4
traininstance2,config20,2,FOUND INTEGER FEASIBLE,0.000000,330.486578,10554,0,-1,-1,644200.000000,644200.000000,0.000000,0.000000,0
traininstance2,config20,3,FAILED TO FIND AN INTEGER FEASIBLE SOLUTION,0.000000,54.128861,4937,0,-1,-1,0.000000,0.000000,0.042544,0.021272,4
traininstance2,config16,1,FOUND INTEGER FEASIBLE,0.042618,8.921548,2427,5,5,0,849940.000000,849940.000000,0.000000,0.000000,0
traininstance2,config16,2,FOUND INTEGER FEASIBLE,0.025145,73.505560,10688,5,5,0,846160.000000,846160.000000,0.000000,0.000000,0
traininstance2,config16,3,FOUND INTEGER FEASIBLE,0.031627,1.346539,293,5,2,0,86420.000000,86420.000000,0.000000,0.000000,0
traininstance2,config17,1,FAILED TO FIND AN INTEGER FEASIBLE SOLUTION,0.036444,66.926800,12000,6,6,1,0.000000,0.000000,0.160000,0.080000,4
traininstance2,config17,2,FOUND INTEGER FEASIBLE,0.036389,34.861846,7551,6,6,1,656560.000000,656560.000000,0.000000,0.000000,0
traininstance2,config17,3,FOUND INTEGER FEASIBLE,0.049123,61.556680,10793,6,6,1,772420.000000,772420.000000,0.000000,0.000000,0
traininstance2,config21,1,FOUND INTEGER FEASIBLE,0.055738,4.398257,886,10,9,2,90000.000000,90000.000000,0.000000,0.000000,0
traininstance2,config21,2,FOUND INTEGER FEASIBLE,0.056004,75.940044,11597,10,10,2,803220.000000,803220.000000,0.000000,0.000000,0
traininstance2,config21,3,FOUND INTEGER FEASIBLE,0.074193,67.138192,11376,10,10,2,237620.000000,237620.000000,0.000000,0.000000,0
traininstance2,config23,1,FOUND INTEGER FEASIBLE,0.074451,69.883320,11119,10,10,2,749410.000000,749410.000000,0.000000,0.000000,0
traininstance2,config23,2,FAILED TO FIND AN INTEGER FEASIBLE SOLUTION,0.074698,60.871207,12000,10,10,2,0.000000,0.000000,0.073637,0.036818,10
traininstance2,config23,3,FAILED TO FIND AN INTEGER FEASIBLE SOLUTION,0.075137,75.833390,12000,10,10,2,0.000000,0.000000,0.972507,0.481266,24
traininstance2,config19,1,FOUND INTEGER FEASIBLE,0.000000,0.936584,0,0,-1,-1,89770.000000,89770.000000,0.000000,0.000000,0
traininstance2,config19,2,FOUND INTEGER FEASIBLE,0.000000,0.935926,0,0,-1,-1,89770.000000,89770.000000,0.000000,0.000000,0
traininstance2,config19,3,FOUND INTEGER FEASIBLE,0.000000,0.922664,0,0,-1,-1,89770.000000,89770.000000,0.000000,0.000000,0
traininstance2,config18,1,FOUND INTEGER FEASIBLE,0.000000,0.637771,0,0,-1,-1,89770.000000,89770.000000,0.000000,0.000000,0
traininstance2,config18,2,FOUND INTEGER FEASIBLE,0.000000,0.829451,0,0,-1,-1,89770.000000,89770.000000,0.000000,0.000000,0
traininstance2,config18,3,FOUND INTEGER FEASIBLE,0.000000,0.748776,0,0,-1,-1,89770.000000,89770.000000,0.000000,0.000000,0
traininstance6,config1,1,FOUND INTEGER FEASIBLE,0.000000,11.641386,3706,0,-1,-1,889200.000000,889200.000000,0.000000,0.000000,0
traininstance6,config1,2,FOUND INTEGER FEASIBLE,0.000000,9.255935,2963,0,-1,-1,360000.000000,360000.000000,0.000000,0.000000,0
traininstance6,config1,3,FOUND INTEGER FEASIBLE,0.000000,0.917449,145,0,-1,-1,36920.000000,36920.000000,0.000000,0.000000,0
traininstance6,config3,1,FOUND INTEGER FEASIBLE,0.000000,2.166479,619,0,-1,-1,588480.000000,588480.000000,0.000000,0.000000,0
traininstance6,config3,2,FOUND INTEGER FEASIBLE,0.000000,8.160284,2130,0,-1,-1,144080.000000,144080.000000,0.000000,0.000000,0
traininstance6,config3,3,FOUND INTEGER FEASIBLE,0.000000,19.392161,5237,0,-1,-1,288240.000000,288240.000000,0.000000,0.000000,0
traininstance6,config20,1,FOUND INTEGER FEASIBLE,0.000000,150.442416,8810,0,-1,-1,231460.000000,231460.000000,0.000000,0.000000,0
traininstance6,config20,2,FOUND INTEGER FEASIBLE,0.000000,20.399647,2507,0,-1,-1,579920.000000,579920.000000,0.000000,0.000000,0
traininstance6,config20,3,FOUND INTEGER FEASIBLE,0.000000,11.012820,1458,0,-1,-1,345200.000000,345200.000000,0.000000,0.000000,0
traininstance6,config16,1,FOUND INTEGER FEASIBLE,0.024527,0.240425,5,5,0,0,46000.000000,46000.000000,0.000000,0.000000,0
traininstance6,config16,2,FOUND INTEGER FEASIBLE,0.024181,0.221905,5,5,0,0,49900.000000,49900.000000,0.000000,0.000000,0
traininstance6,config16,3,FOUND INTEGER FEASIBLE,0.024220,0.223421,5,5,0,0,46000.000000,46000.000000,0.000000,0.000000,0
traininstance6,config17,1,FOUND INTEGER FEASIBLE,0.044850,20.696006,7818,4,4,1,346200.000000,346200.000000,0.000000,0.000000,0
traininstance6,config17,2,FOUND INTEGER FEASIBLE,0.043869,19.169914,7075,4,4,1,449040.000000,449040.000000,0.000000,0.000000,0
traininstance6,config17,3,FOUND INTEGER FEASIBLE,0.043903,4.677446,1897,4,4,1,674120.000000,674120.000000,0.000000,0.000000,0
traininstance6,config21,1,FOUND INTEGER FEASIBLE,0.034189,10.917665,5084,6,6,1,564000.000000,564000.000000,0.000000,0.000000,0
traininstance6,config21,2,FOUND INTEGER FEASIBLE,0.034209,3.462481,973,6,6,1,888200.000000,888200.000000,0.000000,0.000000,0
traininstance6,config21,3,FOUND INTEGER FEASIBLE,0.034103,4.444240,1231,6,6,1,346580.000000,346580.000000,0.000000,0.000000,0
traininstance6,config23,1,FOUND INTEGER FEASIBLE,0.017353,2.608609,1256,6,6,1,889200.000000,889200.000000,0.000000,0.000000,0
traininstance6,config23,2,FOUND INTEGER FEASIBLE,0.017374,6.898948,2715,6,6,1,458320.000000,458320.000000,0.000000,0.000000,0
traininstance6,config23,3,FOUND INTEGER FEASIBLE,0.034407,2.682086,540,6,5,1,31880.000000,31880.000000,0.000000,0.000000,0
traininstance6,config19,1,FOUND INTEGER FEASIBLE,0.000000,0.934024,0,0,-1,-1,40310.000000,40310.000000,0.000000,0.000000,0
traininstance6,config19,2,FOUND INTEGER FEASIBLE,0.000000,0.927828,0,0,-1,-1,40310.000000,40310.000000,0.000000,0.000000,0
traininstance6,config19,3,FOUND INTEGER FEASIBLE,0.000000,0.921586,0,0,-1,-1,40310.000000,40310.000000,0.000000,0.000000,0
traininstance6,config18,1,FOUND INTEGER FEASIBLE,0.000000,0.540155,0,0,-1,-1,35100.000000,35100.000000,0.000000,0.000000,0
traininstance6,config18,2,FOUND INTEGER FEASIBLE,0.000000,0.655350,0,0,-1,-1,35100.000000,35100.000000,0.000000,0.000000,0
traininstance6,config18,3,FOUND INTEGER FEASIBLE,0.000000,0.948084,0,0,-1,-1,35100.000000,35100.000000,0.000000,0.000000,0
trento1,config1,1,FOUND INTEGER FEASIBLE,0.000000,6.562592,1,0,-1,-1,669683165.044700,669683165.044700,0.000000,0.000000,0
trento1,config1,2,FOUND INTEGER FEASIBLE,0.000000,7.450784,1,0,-1,-1,598495959.036300,598495959.036300,0.000000,0.000000,0
trento1,config1,3,FOUND INTEGER FEASIBLE,0.000000,4.904379,1,0,-1,-1,1915824593.000000,1915824593.000000,0.000000,0.000000,0
trento1,config3,1,FOUND INTEGER FEASIBLE,0.000000,4.252141,1,0,-1,-1,1785991768.502500,1785991768.502500,0.000000,0.000000,0
trento1,config3,2,FOUND INTEGER FEASIBLE,0.000000,4.321166,1,0,-1,-1,1027004580.455800,1027004580.455800,0.000000,0.000000,0
trento1,config3,3,FOUND INTEGER FEASIBLE,0.000000,4.100400,1,0,-1,-1,5204533760.660299,5204533760.660300,0.000000,0.000000,0
trento1,config20,1,FOUND INTEGER FEASIBLE,0.000000,1.536675,8,0,-1,-1,9983933076.000000,9983933076.000000,0.000000,0.000000,0
trento1,config20,2,FOUND INTEGER FEASIBLE,0.000000,1.864041,11,0,-1,-1,9984232153.000000,9984232153.000000,0.000000,0.000000,0
trento1,config20,3,FOUND INTEGER FEASIBLE,0.000000,1.244039,6,0,-1,-1,9984232832.000000,9984232832.000000,0.000000,0.000000,0
trento1,config16,1,FOUND INTEGER FEASIBLE,2.684077,2.902757,1,6,0,0,561593411.072300,561593411.072300,0.000000,0.000000,0
trento1,config16,2,FOUND INTEGER FEASIBLE,2.690034,2.873233,1,6,0,0,480452996.066600,480452996.066600,0.000000,0.000000,0
trento1,config16,3,FOUND INTEGER FEASIBLE,2.670445,2.872579,1,6,0,0,1814626803.000000,1814626803.000000,0.000000,0.000000,0
trento1,config17,1,FOUND INTEGER FEASIBLE,2.581182,2.827464,1,11,0,0,1296460038.378900,1296460038.378900,0.000000,0.000000,0
trento1,config17,2,FOUND INTEGER FEASIBLE,2.216088,2.406195,1,11,0,0,979155634.318300,979155634.318300,0.000000,0.000000,0
trento1,config17,3,FOUND INTEGER FEASIBLE,2.505473,2.701819,1,11,0,0,2158014377.403200,2158014377.403200,0.000000,0.000000,0
trento1,config21,1,FOUND INTEGER FEASIBLE,0.091581,0.445229,1,3,0,0,9999246670.000900,9999246670.000900,0.000000,0.000000,0
trento1,config21,2,FOUND INTEGER FEASIBLE,0.119878,0.584431,1,3,0,0,9999246670.000900,9999246670.000900,0.000000,0.000000,0
trento1,config21,3,FOUND INTEGER FEASIBLE,0.121225,0.594951,1,3,0,0,9999246670.000900,9999246670.000900,0.000000,0.000000,0
trento1,config23,1,FOUND INTEGER FEASIBLE,0.089775,2.686325,1,3,0,0,1860383370.160800,1860383370.160800,0.000000,0.000000,0
trento1,config23,2,FOUND INTEGER FEASIBLE,0.118010,3.460403,1,3,0,0,1233706810.126600,1233706810.126600,0.000000,0.000000,0
trento1,config23,3,FOUND INTEGER FEASIBLE,0.120067,2.868421,1,3,0,0,6203153985.238199,6203153985.238200,0.000000,0.000000,0
trento1,config19,1,FOUND INTEGER FEASIBLE,0.000000,0.071401,0,0,-1,-1,9999999999.999998,5707141.000300,0.000000,0.000000,0
trento1,config19,2,FOUND INTEGER FEASIBLE,0.000000,0.048909,0,0,-1,-1,9999999999.999998,5707141.000300,0.000000,0.000000,0
trento1,config19,3,FOUND INTEGER FEASIBLE,0.000000,0.045640,0,0,-1,-1,9999999999.999998,5707141.000300,0.000000,0.000000,0
trento1,config18,1,FOUND INTEGER FEASIBLE,0.000000,0.050776,0,0,-1,-1,9999999999.999998,5707141.000300,0.000000,0.000000,0
trento1,config18,2,FOUND INTEGER FEASIBLE,0.000000,0.046951,0,0,-1,-1,9999999999.999998,5707141.000300,0.000000,0.000000,0
trento1,config18,3,FOUND INTEGER FEASIBLE,0.000000,0.030970,0,0,-1,-1,9999999999.999998,5707141.000300,0.000000,0.000000,0
triptim1,config1,1,FOUND INTEGER FEASIBLE,0.000000,31.726869,1,0,-1,-1,24.168100,24.168100,0.000000,0.000000,0
triptim1,config1,2,FOUND INTEGER FEASIBLE,0.000000,36.893753,1,0,-1,-1,24.181100,24.181100,0.000000,0.000000,0
triptim1,config1,3,FOUND INTEGER FEASIBLE,0.000000,34.547631,2,0,-1,-1,25.478100,25.478100,0.000000,0.000000,0
triptim1,config3,1,FOUND INTEGER FEASIBLE,0.000000,54.893517,3,0,-1,-1,27.514100,27.514100,0.000000,0.000000,0
triptim1,config3,2,FOUND INTEGER FEASIBLE,0.000000,58.291605,2,0,-1,-1,27.514100,27.514100,0.000000,0.000000,0
triptim1,config3,3,FOUND INTEGER FEASIBLE,0.000000,51.040511,2,0,-1,-1,27.514100,27.514100,0.000000,0.000000,0
triptim1,config20,1,FOUND INTEGER FEASIBLE,0.000000,51.630315,3,0,-1,-1,26.798100,26.798100,0.000000,0.000000,0
triptim1,config20,2,FOUND INTEGER FEASIBLE,0.000000,51.512329,2,0,-1,-1,26.780100,26.780100,0.000000,0.000000,0
triptim1,config20,3,FOUND INTEGER FEASIBLE,0.000000,49.718024,1,0,-1,-1,26.785100,26.785100,0.000000,0.000000,0
triptim1,config16,1,FOUND INTEGER FEASIBLE,20.489323,23.374768,86,7,1,0,24.533100,24.533100,0.000000,0.000000,0
triptim1,config16,2,FOUND INTEGER FEASIBLE,21.496817,23.762085,87,7,1,0,24.538100,24.538100,0.000000,0.000000,0
triptim1,config16,3,FOUND INTEGER FEASIBLE,20.959144,22.911671,86,7,1,0,24.542100,24.542100,0.000000,0.000000,0
triptim1,config17,1,FOUND INTEGER FEASIBLE,90.496855,127.382092,2,8,0,0,27.204100,27.204100,0.000000,0.000000,0
triptim1,config17,2,FOUND INTEGER FEASIBLE,93.084812,131.671256,3,8,0,0,27.204100,27.204100,0.000000,0.000000,0
triptim1,config17,3,FOUND INTEGER FEASIBLE,90.235120,124.012528,1,8,0,0,27.214100,27.214100,0.000000,0.000000,0
triptim1,config21,1,FOUND INTEGER FEASIBLE,66.577270,68.793624,88,12,1,0,28.604100,28.604100,0.000000,0.000000,0
triptim1,config21,2,FOUND INTEGER FEASIBLE,63.219890,65.924952,87,12,1,0,28.604100,28.604100,0.000000,0.000000,0
triptim1,config21,3,FOUND INTEGER FEASIBLE,67.066067,70.073780,121,12,1,0,28.604100,28.604100,0.000000,0.000000,0
triptim1,config23,1,FOUND INTEGER FEASIBLE,62.048282,65.270140,92,12,1,0,28.604100,28.604100,0.000000,0.000000,0
triptim1,config23,2,FOUND INTEGER FEASIBLE,56.795984,58.728201,97,12,1,0,28.604100,28.604100,0.000000,0.000000,0
triptim1,config23,3,FOUND INTEGER FEASIBLE,68.260030,70.285334,86,12,1,0,28.604100,28.604100,0.000000,0.000000,0
triptim1,config19,1,FOUND INTEGER FEASIBLE,0.000000,129.290564,0,0,-1,-1,24.176100,24.176100,0.000000,0.000000,0
triptim1,config19,2,FOUND INTEGER FEASIBLE,0.000000,131.217098,0,0,-1,-1,24.176100,24.176100,0.000000,0.000000,0
triptim1,config19,3,FOUND INTEGER FEASIBLE,0.000000,130.059532,0,0,-1,-1,24.176100,24.176100,0.000000,0.000000,0
triptim1,config18,1,FOUND INTEGER FEASIBLE,0.000000,105.971478,0,0,-1,-1,22.868100,22.868100,0.000000,0.000000,0
triptim1,config18,2,FOUND INTEGER FEASIBLE,0.000000,104.810391,0,0,-1,-1,22.868100,22.868100,0.000000,0.000000,0
triptim1,config18,3,FOUND INTEGER FEASIBLE,0.000000,105.488910,0,0,-1,-1,22.868100,22.868100,0.000000,0.000000,0
uccase12,config1,1,FOUND INTEGER FEASIBLE,0.000000,4.342758,7,0,-1,-1,11712.595505,11622.907025,0.000000,0.000000,0
uccase12,config1,2,FOUND INTEGER FEASIBLE,0.000000,3.378293,7,0,-1,-1,13044.728005,12885.625898,0.000000,0.000000,0
uccase12,config1,3,FOUND INTEGER FEASIBLE,0.000000,4.351436,7,0,-1,-1,11577.982747,11508.005134,0.000000,0.000000,0
uccase12,config3,1,FOUND INTEGER FEASIBLE,0.000000,2.393687,1,0,-1,-1,1521794.367320,1464753.681677,0.000000,0.000000,0
uccase12,config3,2,FOUND INTEGER FEASIBLE,0.000000,2.365859,1,0,-1,-1,1521794.367320,1464753.681677,0.000000,0.000000,0
uccase12,config3,3,FOUND INTEGER FEASIBLE,0.000000,2.365436,1,0,-1,-1,1521794.367320,1464753.681677,0.000000,0.000000,0
uccase12,config20,1,FOUND INTEGER FEASIBLE,0.000000,2.065338,0,0,-1,-1,897480.532850,12015.087768,0.000000,0.000000,0
uccase12,config20,2,FOUND INTEGER FEASIBLE,0.000000,2.269301,0,0,-1,-1,897480.532850,12015.087768,0.000000,0.000000,0
uccase12,config20,3,FOUND INTEGER FEASIBLE,0.000000,2.126717,0,0,-1,-1,897480.532850,12015.087768,0.000000,0.000000,0
uccase12,config16,1,FOUND INTEGER FEASIBLE,3.206282,6.021073,156,9,1,0,1491073.326613,1285428.740676,0.000000,0.000000,0
uccase12,config16,2,FOUND INTEGER FEASIBLE,3.789897,7.525457,177,9,1,0,1491237.286613,1286479.866660,0.000000,0.000000,0
uccase12,config16,3,FOUND INTEGER FEASIBLE,2.791527,6.567740,135,9,1,0,1490357.246613,1281471.089328,0.000000,0.000000,0
uccase12,config17,1,FOUND INTEGER FEASIBLE,1.101030,8.699013,60,10,1,1,1516165.121020,1445550.163525,0.000000,0.000000,0
uccase12,config17,2,FOUND INTEGER FEASIBLE,1.125157,7.455102,37,10,1,1,1513796.153920,1441309.966805,0.000000,0.000000,0
uccase12,config17,3,FOUND INTEGER FEASIBLE,1.119046,8.422263,55,10,1,1,1507216.790780,1432237.558844,0.000000,0.000000,0
uccase12,config21,1,FOUND INTEGER FEASIBLE,0.246203,2.385864,0,0,0,0,897480.532850,12015.087768,0.000000,0.000000,0
uccase12,config21,2,FOUND INTEGER FEASIBLE,0.261352,2.622719,0,0,0,0,897480.532850,12015.087768,0.000000,0.000000,0
uccase12,config21,3,FOUND INTEGER FEASIBLE,0.247159,2.411957,0,0,0,0,897480.532850,12015.087768,0.000000,0.000000,0
uccase12,config23,1,FOUND INTEGER FEASIBLE,0.197561,2.208412,1,0,0,0,1521794.367320,1464753.681677,0.000000,0.000000,0
uccase12,config23,2,FOUND INTEGER FEASIBLE,0.218561,2.244740,1,0,0,0,1521794.367320,1464753.681677,0.000000,0.000000,0
uccase12,config23,3,FOUND INTEGER FEASIBLE,0.250684,2.557042,1,0,0,0,1521794.367320,1464753.681677,0.000000,0.000000,0
uccase12,config19,1,FOUND INTEGER FEASIBLE,0.000000,1.464969,0,0,-1,-1,22729.048850,12015.087768,0.000000,0.000000,0
uccase12,config19,2,FOUND INTEGER FEASIBLE,0.000000,1.279784,0,0,-1,-1,22729.048850,12015.087768,0.000000,0.000000,0
uccase12,config19,3,FOUND INTEGER FEASIBLE,0.000000,1.275442,0,0,-1,-1,22729.048850,12015.087768,0.000000,0.000000,0
uccase12,config18,1,FOUND INTEGER FEASIBLE,0.000000,1.010912,0,0,-1,-1,22729.048850,12015.087768,0.000000,0.000000,0
uccase12,config18,2,FOUND INTEGER FEASIBLE,0.000000,1.109084,0,0,-1,-1,22729.048850,12015.087768,0.000000,0.000000,0
uccase12,config18,3,FOUND INTEGER FEASIBLE,0.000000,0.888280,0,0,-1,-1,22729.048850,12015.087768,0.000000,0.000000,0
uccase9,config1,1,FOUND INTEGER FEASIBLE,0.000000,2.762275,1,0,-1,-1,27470.783557,27078.043905,0.000000,0.000000,0
uccase9,config1,2,FAILED TO FIND AN INTEGER FEASIBLE SOLUTION,0.000000,580.471757,12000,0,-1,-1,0.000000,0.000000,0.515625,0.515625,2
uccase9,config1,3,FOUND INTEGER FEASIBLE,0.000000,2.781124,1,0,-1,-1,24199.822138,24061.633211,0.000000,0.000000,0
uccase9,config3,1,FOUND INTEGER FEASIBLE,0.000000,1.554473,1,0,-1,-1,3382822.776195,3276214.614095,0.000000,0.000000,0
uccase9,config3,2,FOUND INTEGER FEASIBLE,0.000000,0.981980,1,0,-1,-1,3382822.776195,3276214.614095,0.000000,0.000000,0
uccase9,config3,3,FOUND INTEGER FEASIBLE,0.000000,1.561477,1,0,-1,-1,3382822.776195,3276214.614095,0.000000,0.000000,0
uccase9,config20,1,FOUND INTEGER FEASIBLE,0.000000,1.811068,8,0,-1,-1,66845.674578,33605.611495,0.000000,0.000000,0
uccase9,config20,2,FAILED TO FIND AN INTEGER FEASIBLE SOLUTION,0.000000,541.546881,12000,0,-1,-1,0.000000,0.000000,0.040817,0.040817,1
uccase9,config20,3,FOUND INTEGER FEASIBLE,0.000000,1.799929,6,0,-1,-1,86290.403867,33554.834623,0.000000,0.000000,0
uccase9,config16,1,FOUND INTEGER FEASIBLE,6.610662,9.057632,25,12,1,1,312368.138551,303466.902020,0.000000,0.000000,0
uccase9,config16,2,FOUND INTEGER FEASIBLE,7.197748,8.973299,32,12,1,1,395654.113668,375658.076221,0.000000,0.000000,0
uccase9,config16,3,FOUND INTEGER FEASIBLE,7.930468,10.283983,35,12,1,1,250911.255301,176834.075256,0.000000,0.000000,0
uccase9,config17,1,FOUND INTEGER FEASIBLE,0.297762,1.084654,1,3,0,0,3285032.391305,3212138.989595,0.000000,0.000000,0
uccase9,config17,2,FOUND INTEGER FEASIBLE,0.386490,1.388017,1,3,0,0,3285032.391305,3212138.989595,0.000000,0.000000,0
uccase9,config17,3,FOUND INTEGER FEASIBLE,0.297054,1.093237,1,3,0,0,3285032.391305,3212138.989595,0.000000,0.000000,0
uccase9,config21,1,FOUND INTEGER FEASIBLE,0.542272,26.129610,761,12,8,0,1638463.351860,1332732.717757,0.000000,0.000000,0
uccase9,config21,2,FOUND INTEGER FEASIBLE,0.280463,0.918698,19,12,0,0,1458045.024164,1149379.285030,0.000000,0.000000,0
uccase9,config21,3,FOUND INTEGER FEASIBLE,0.280753,1.053984,44,12,0,0,1657448.456490,1381801.864752,0.000000,0.000000,0
uccase9,config23,1,FAILED TO FIND AN INTEGER FEASIBLE SOLUTION,0.537663,552.934108,12000,12,12,0,0.000000,0.000000,0.061779,0.061779,2
uccase9,config23,2,FAILED TO FIND AN INTEGER FEASIBLE SOLUTION,0.538585,545.305879,12000,12,12,0,0.000000,0.000000,0.057328,0.057328,2
uccase9,config23,3,FAILED TO FIND AN INTEGER FEASIBLE SOLUTION,0.546315,541.024561,12000,12,12,0,0.000000,0.000000,0.002800,0.002800,1
uccase9,config19,1,FOUND INTEGER FEASIBLE,0.000000,3.097359,0,0,-1,-1,30931.877835,30931.877835,0.000000,0.000000,0
uccase9,config19,2,FOUND INTEGER FEASIBLE,0.000000,3.475682,0,0,-1,-1,30931.877835,30931.877835,0.000000,0.000000,0
uccase9,config19,3,FOUND INTEGER FEASIBLE,0.000000,3.467871,0,0,-1,-1,30931.877835,30931.877835,0.000000,0.000000,0
uccase9,config18,1,FOUND INTEGER FEASIBLE,0.000000,3.046706,0,0,-1,-1,30931.877835,30931.877835,0.000000,0.000000,0
uccase9,config18,2,FOUND INTEGER FEASIBLE,0.000000,3.074503,0,0,-1,-1,30931.877835,30931.877835,0.000000,0.000000,0
uccase9,config18,3,FOUND INTEGER FEASIBLE,0.000000,3.064718,0,0,-1,-1,30931.877835,30931.877835,0.000000,0.000000,0
uct-subprob,config1,1,FOUND INTEGER FEASIBLE,0.000000,0.257974,1,0,-1,-1,494.000000,494.000000,0.000000,0.000000,0
uct-subprob,config1,2,FOUND INTEGER FEASIBLE,0.000000,0.249555,1,0,-1,-1,388.000000,388.000000,0.000000,0.000000,0
uct-subprob,config1,3,FOUND INTEGER FEASIBLE,0.000000,0.277911,1,0,-1,-1,531.000000,531.000000,0.000000,0.000000,0
uct-subprob,config3,1,FOUND INTEGER FEASIBLE,0.000000,0.050807,0,0,-1,-1,2140.000000,380.000000,0.000000,0.000000,0
uct-subprob,config3,2,FOUND INTEGER FEASIBLE,0.000000,0.051530,0,0,-1,-1,2140.000000,380.000000,0.000000,0.000000,0
uct-subprob,config3,3,FOUND INTEGER FEASIBLE,0.000000,0.050525,0,0,-1,-1,2140.000000,380.000000,0.000000,0.000000,0
uct-subprob,config20,1,FOUND INTEGER FEASIBLE,0.000000,0.061368,1,0,-1,-1,2563.000000,718.000000,0.000000,0.000000,0
uct-subprob,config20,2,FOUND INTEGER FEASIBLE,0.000000,0.062798,1,0,-1,-1,2424.000000,591.000000,0.000000,0.000000,0
uct-subprob,config20,3,FOUND INTEGER FEASIBLE,0.000000,0.061093,1,0,-1,-1,2563.000000,705.000000,0.000000,0.000000,0
uct-subprob,config16,1,FOUND INTEGER FEASIBLE,0.116183,0.184725,1,11,0,0,405.000000,405.000000,0.000000,0.000000,0
uct-subprob,config16,2,FOUND INTEGER FEASIBLE,0.114850,0.180924,1,11,0,0,385.000000,383.000000,0.000000,0.000000,0
uct-subprob,config16,3,FOUND INTEGER FEASIBLE,0.113530,0.173458,1,11,0,0,437.000000,437.000000,0.000000,0.000000,0
uct-subprob,config17,1,FOUND INTEGER FEASIBLE,0.004750,0.071717,0,1,0,0,2006.000000,380.000000,0.000000,0.000000,0
uct-subprob,config17,2,FOUND INTEGER FEASIBLE,0.004352,0.063611,0,1,0,0,2006.000000,380.000000,0.000000,0.000000,0
uct-subprob,config17,3,FOUND INTEGER FEASIBLE,0.004684,0.071639,0,1,0,0,2006.000000,380.000000,0.000000,0.000000,0
uct-subprob,config21,1,FOUND INTEGER FEASIBLE,0.016249,0.070351,1,9,0,0,1362.000000,498.000000,0.000000,0.000000,0
uct-subprob,config21,2,FOUND INTEGER FEASIBLE,0.016568,0.071126,1,9,0,0,1334.000000,516.000000,0.000000,0.000000,0
uct-subprob,config21,3,FOUND INTEGER FEASIBLE,0.016437,0.063912,1,9,0,0,1378.000000,519.000000,0.000000,0.000000,0
uct-subprob,config23,1,FOUND INTEGER FEASIBLE,0.016419,0.062828,0,9,0,0,1254.000000,380.000000,0.000000,0.000000,0
uct-subprob,config23,2,FOUND INTEGER FEASIBLE,0.016342,0.062286,0,9,0,0,1254.000000,380.000000,0.000000,0.000000,0
uct-subprob,config23,3,FOUND INTEGER FEASIBLE,0.016306,0.062322,0,9,0,0,1254.000000,380.000000,0.000000,0.000000,0
uct-subprob,config19,1,FOUND INTEGER FEASIBLE,0.000000,0.054082,0,0,-1,-1,380.000000,380.000000,0.000000,0.000000,0
uct-subprob,config19,2,FOUND INTEGER FEASIBLE,0.000000,0.046248,0,0,-1,-1,380.000000,380.000000,0.000000,0.000000,0
uct-subprob,config19,3,FOUND INTEGER FEASIBLE,0.000000,0.044147,0,0,-1,-1,380.000000,380.000000,0.000000,0.000000,0
uct-subprob,config18,1,FOUND INTEGER FEASIBLE,0.000000,0.033795,0,0,-1,-1,380.000000,380.000000,0.000000,0.000000,0
uct-subprob,config18,2,FOUND INTEGER FEASIBLE,0.000000,0.029287,0,0,-1,-1,380.000000,380.000000,0.000000,0.000000,0
uct-subprob,config18,3,FOUND INTEGER FEASIBLE,0.000000,0.029163,0,0,-1,-1,380.000000,380.000000,0.000000,0.000000,0
unitcal_7,config1,1,FOUND INTEGER FEASIBLE,0.000000,44.181443,867,0,-1,-1,28424686.279625,25081251.129270,0.000000,0.000000,0
unitcal_7,config1,2,FOUND INTEGER FEASIBLE,0.000000,81.302483,1547,0,-1,-1,28472268.891545,25044889.809777,0.000000,0.000000,0
unitcal_7,config1,3,FOUND INTEGER FEASIBLE,0.000000,24.724954,496,0,-1,-1,29959105.413080,26715157.297506,0.000000,0.000000,0
unitcal_7,config3,1,FOUND INTEGER FEASIBLE,0.000000,128.275601,2391,0,-1,-1,29867291.848878,26607938.984111,0.000000,0.000000,0
unitcal_7,config3,2,FOUND INTEGER FEASIBLE,0.000000,117.942206,2191,0,-1,-1,29584928.532748,26174088.872881,0.000000,0.000000,0
unitcal_7,config3,3,FOUND INTEGER FEASIBLE,0.000000,21.073507,381,0,-1,-1,27370889.908842,23673369.327974,0.000000,0.000000,0
unitcal_7,config20,1,FOUND INTEGER FEASIBLE,0.000000,0.821800,0,0,-1,-1,29918932.531267,20668561.601645,0.000000,0.000000,0
unitcal_7,config20,2,FOUND INTEGER FEASIBLE,0.000000,0.673998,0,0,-1,-1,29918932.531267,20668561.601645,0.000000,0.000000,0
unitcal_7,config20,3,FOUND INTEGER FEASIBLE,0.000000,0.879179,0,0,-1,-1,29918932.531267,20668561.601645,0.000000,0.000000,0
unitcal_7,config16,1,FOUND INTEGER FEASIBLE,2.251424,48.539569,1037,11,11,2,27387985.156606,24527398.258718,0.000000,0.000000,0
unitcal_7,config16,2,FOUND INTEGER FEASIBLE,2.653850,167.005017,3543,11,11,2,29029656.787127,25751717.883801,0.000000,0.000000,0
unitcal_7,config16,3,FOUND INTEGER FEASIBLE,2.669212,59.537167,1336,11,11,2,27353513.442002,24212910.234012,0.000000,0.000000,0
unitcal_7,config17,1,FOUND INTEGER FEASIBLE,3.313916,118.006525,2479,7,7,2,29702151.689630,25831121.710632,0.000000,0.000000,0
unitcal_7,config17,2,FOUND INTEGER FEASIBLE,3.332123,34.751633,890,7,7,2,28321806.544364,25112201.658269,0.000000,0.000000,0
unitcal_7,config17,3,FOUND INTEGER FEASIBLE,3.304806,25.340805,611,7,7,2,27553438.204315,24007450.289763,0.000000,0.000000,0
unitcal_7,config21,1,FOUND INTEGER FEASIBLE,0.125313,0.559392,0,0,0,0,29971136.011362,20668561.601645,0.000000,0.000000,0
unitcal_7,config21,2,FOUND INTEGER FEASIBLE,0.124994,0.561584,0,0,0,0,29971136.011362,20668561.601645,0.000000,0.000000,0
unitcal_7,config21,3,FOUND INTEGER FEASIBLE,0.240489,1.075954,0,0,0,0,29971136.011362,20668561.601645,0.000000,0.000000,0
unitcal_7,config23,1,FOUND INTEGER FEASIBLE,0.238348,18.483917,382,0,0,0,27432831.506097,24204392.217062,0.000000,0.000000,0
unitcal_7,config23,2,FOUND INTEGER FEASIBLE,0.125175,86.857188,1883,0,0,0,29117884.134390,25223403.517516,0.000000,0.000000,0
unitcal_7,config23,3,FOUND INTEGER FEASIBLE,0.241982,7.606753,114,0,0,0,28251375.059397,24373772.689022,0.000000,0.000000,0
unitcal_7,config19,1,FOUND INTEGER FEASIBLE,0.000000,0.554276,0,0,-1,-1,28734779.287580,20668561.601645,0.000000,0.000000,0
unitcal_7,config19,2,FOUND INTEGER FEASIBLE,0.000000,0.548607,0,0,-1,-1,28734779.287580,20668561.601645,0.000000,0.000000,0
unitcal_7,config19,3,FOUND INTEGER FEASIBLE,0.000000,0.548971,0,0,-1,-1,28734779.287580,20668561.601645,0.000000,0.000000,0
unitcal_7,config18,1,FOUND INTEGER FEASIBLE,0.000000,0.378699,0,0,-1,-1,28734779.287580,20668561.601645,0.000000,0.000000,0
unitcal_7,config18,2,FOUND INTEGER FEASIBLE,0.000000,0.382434,0,0,-1,-1,28734779.287580,20668561.601645,0.000000,0.000000,0
unitcal_7,config18,3,FOUND INTEGER FEASIBLE,0.000000,0.373346,0,0,-1,-1,28734779.287580,20668561.601645,0.000000,0.000000,0
var-smallemery-m6j6,config1,1,FOUND INTEGER FEASIBLE,0.000000,4.839428,1,0,-1,-1,-85.156250,-85.156250,0.000000,0.000000,0
var-smallemery-m6j6,config1,2,FOUND INTEGER FEASIBLE,0.000000,4.938509,1,0,-1,-1,-14.312500,-14.312500,0.000000,0.000000,0
var-smallemery-m6j6,config1,3,FOUND INTEGER FEASIBLE,0.000000,4.784772,1,0,-1,-1,-86.750000,-86.750000,0.000000,0.000000,0
var-smallemery-m6j6,config3,1,FOUND INTEGER FEASIBLE,0.000000,3.715667,0,0,-1,-1,6077.593750,0.000000,0.000000,0.000000,0
var-smallemery-m6j6,config3,2,FOUND INTEGER FEASIBLE,0.000000,3.724518,0,0,-1,-1,6077.593750,0.000000,0.000000,0.000000,0
var-smallemery-m6j6,config3,3,FOUND INTEGER FEASIBLE,0.000000,3.710955,0,0,-1,-1,6077.593750,0.000000,0.000000,0.000000,0
var-smallemery-m6j6,config20,1,FOUND INTEGER FEASIBLE,0.000000,3.687253,0,0,-1,-1,6077.593750,3137.562500,0.000000,0.000000,0
var-smallemery-m6j6,config20,2,FOUND INTEGER FEASIBLE,0.000000,4.268014,0,0,-1,-1,6077.593750,3137.562500,0.000000,0.000000,0
var-smallemery-m6j6,config20,3,FOUND INTEGER FEASIBLE,0.000000,3.943376,0,0,-1,-1,6077.593750,3137.562500,0.000000,0.000000,0
var-smallemery-m6j6,config16,1,FOUND INTEGER FEASIBLE,0.733763,4.246669,0,11,0,0,0.000000,0.000000,0.000000,0.000000,0
var-smallemery-m6j6,config16,2,FOUND INTEGER FEASIBLE,0.522136,3.643460,0,11,0,0,0.000000,0.000000,0.000000,0.000000,0
var-smallemery-m6j6,config16,3,FOUND INTEGER FEASIBLE,0.508598,3.858270,0,11,0,0,0.000000,0.000000,0.000000,0.000000,0
var-smallemery-m6j6,config17,1,FOUND INTEGER FEASIBLE,0.023140,2.350079,0,1,0,0,6077.593750,0.000000,0.000000,0.000000,0
var-smallemery-m6j6,config17,2,FOUND INTEGER FEASIBLE,0.022951,3.141731,0,1,0,0,6077.593750,0.000000,0.000000,0.000000,0
var-smallemery-m6j6,config17,3,FOUND INTEGER FEASIBLE,0.023419,3.173339,0,1,0,0,6077.593750,0.000000,0.000000,0.000000,0
var-smallemery-m6j6,config21,1,FOUND INTEGER FEASIBLE,0.068802,3.830444,0,2,0,0,6077.593750,52.000000,0.000000,0.000000,0
var-smallemery-m6j6,config21,2,FOUND INTEGER FEASIBLE,0.067088,2.897387,0,2,0,0,6077.593750,52.000000,0.000000,0.000000,0
var-smallemery-m6j6,config21,3,FOUND INTEGER FEASIBLE,0.123419,3.044373,0,2,0,0,6077.593750,52.000000,0.000000,0.000000,0
var-smallemery-m6j6,config23,1,FOUND INTEGER FEASIBLE,0.064955,3.195046,0,2,0,0,6077.593750,0.000000,0.000000,0.000000,0
var-smallemery-m6j6,config23,2,FOUND INTEGER FEASIBLE,0.065550,3.210702,0,2,0,0,6077.593750,0.000000,0.000000,0.000000,0
var-smallemery-m6j6,config23,3,FOUND INTEGER FEASIBLE,0.122058,3.967721,0,2,0,0,6077.593750,0.000000,0.000000,0.000000,0
var-smallemery-m6j6,config19,1,FOUND INTEGER FEASIBLE,0.000000,0.611155,0,0,-1,-1,0.000000,0.000000,0.000000,0.000000,0
var-smallemery-m6j6,config19,2,FOUND INTEGER FEASIBLE,0.000000,0.361672,0,0,-1,-1,0.000000,0.000000,0.000000,0.000000,0
var-smallemery-m6j6,config19,3,FOUND INTEGER FEASIBLE,0.000000,0.358636,0,0,-1,-1,0.000000,0.000000,0.000000,0.000000,0
var-smallemery-m6j6,config18,1,FOUND INTEGER FEASIBLE,0.000000,0.428380,0,0,-1,-1,0.000000,0.000000,0.000000,0.000000,0
var-smallemery-m6j6,config18,2,FOUND INTEGER FEASIBLE,0.000000,0.245887,0,0,-1,-1,0.000000,0.000000,0.000000,0.000000,0
var-smallemery-m6j6,config18,3,FOUND INTEGER FEASIBLE,0.000000,0.250223,0,0,-1,-1,0.000000,0.000000,0.000000,0.000000,0
wachplan,config1,1,FOUND INTEGER FEASIBLE,0.000000,3.308049,63,0,-1,-1,-8.000000,-8.000000,0.000000,0.000000,0
wachplan,config1,2,FOUND INTEGER FEASIBLE,0.000000,1.337987,11,0,-1,-1,-8.000000,-8.000000,0.000000,0.000000,0
wachplan,config1,3,FOUND INTEGER FEASIBLE,0.000000,1.987089,19,0,-1,-1,-8.000000,-8.000000,0.000000,0.000000,0
wachplan,config3,1,FOUND INTEGER FEASIBLE,0.000000,0.908215,6,0,-1,-1,-8.000000,-8.000000,0.000000,0.000000,0
wachplan,config3,2,FOUND INTEGER FEASIBLE,0.000000,1.145648,8,0,-1,-1,-8.000000,-8.000000,0.000000,0.000000,0
wachplan,config3,3,FOUND INTEGER FEASIBLE,0.000000,0.895510,6,0,-1,-1,-8.000000,-8.000000,0.000000,0.000000,0
wachplan,config20,1,FOUND INTEGER FEASIBLE,0.000000,0.558627,16,0,-1,-1,-8.000000,-8.000000,0.000000,0.000000,0
wachplan,config20,2,FOUND INTEGER FEASIBLE,0.000000,1.028002,26,0,-1,-1,-8.000000,-8.000000,0.000000,0.000000,0
wachplan,config20,3,FOUND INTEGER FEASIBLE,0.000000,0.749080,5,0,-1,-1,-8.000000,-8.000000,0.000000,0.000000,0
wachplan,config16,1,FOUND INTEGER FEASIBLE,0.255246,4.214189,432,11,4,0,-8.000000,-8.000000,0.000000,0.000000,0
wachplan,config16,2,FOUND INTEGER FEASIBLE,0.253179,4.062020,424,11,4,0,-8.000000,-8.000000,0.000000,0.000000,0
wachplan,config16,3,FOUND INTEGER FEASIBLE,0.254679,5.312533,435,11,4,0,-8.000000,-8.000000,0.000000,0.000000,0
wachplan,config17,1,FOUND INTEGER FEASIBLE,0.101007,1.119961,126,10,2,1,-8.000000,-8.000000,0.000000,0.000000,0
wachplan,config17,2,FOUND INTEGER FEASIBLE,0.102039,1.131428,144,10,2,1,-8.000000,-8.000000,0.000000,0.000000,0
wachplan,config17,3,FOUND INTEGER FEASIBLE,0.199139,2.048757,131,10,2,1,-8.000000,-8.000000,0.000000,0.000000,0
wachplan,config21,1,FOUND INTEGER FEASIBLE,0.250874,0.524718,4,11,1,1,-8.000000,-8.000000,0.000000,0.000000,0
wachplan,config21,2,FOUND INTEGER FEASIBLE,0.249288,0.512162,4,11,1,1,-8.000000,-8.000000,0.000000,0.000000,0
wachplan,config21,3,FOUND INTEGER FEASIBLE,0.251598,0.524983,4,11,1,1,-8.000000,-8.000000,0.000000,0.000000,0
wachplan,config23,1,FOUND INTEGER FEASIBLE,0.257526,0.809085,13,11,1,1,-8.000000,-8.000000,0.000000,0.000000,0
wachplan,config23,2,FOUND INTEGER FEASIBLE,0.256149,0.763333,18,11,1,1,-8.000000,-8.000000,0.000000,0.000000,0
wachplan,config23,3,FOUND INTEGER FEASIBLE,0.248000,0.704333,10,11,1,1,-8.000000,-8.000000,0.000000,0.000000,0
wachplan,config19,1,FOUND INTEGER FEASIBLE,0.000000,4.225189,0,0,-1,-1,-8.000000,-8.000000,0.000000,0.000000,0
wachplan,config19,2,FOUND INTEGER FEASIBLE,0.000000,4.203907,0,0,-1,-1,-8.000000,-8.000000,0.000000,0.000000,0
wachplan,config19,3,FOUND INTEGER FEASIBLE,0.000000,4.506259,0,0,-1,-1,-8.000000,-8.000000,0.000000,0.000000,0
wachplan,config18,1,FOUND INTEGER FEASIBLE,0.000000,3.335142,0,0,-1,-1,-8.000000,-8.000000,0.000000,0.000000,0
wachplan,config18,2,FOUND INTEGER FEASIBLE,0.000000,3.339624,0,0,-1,-1,-8.000000,-8.000000,0.000000,0.000000,0
wachplan,config18,3,FOUND INTEGER FEASIBLE,0.000000,3.327806,0,0,-1,-1,-8.000000,-8.000000,0.000000,0.000000,0
