instance,config,seed,status,time_kernel,total_time,iterations,buckets,last_bucket,first_bucket,value,reopt_value,real_gap,proj_gap,num_frac
circ18abal,config1,1,FAILED TO FIND AN INTEGER FEASIBLE SOLUTION,0.000000,3600,201,0,-1,-1,0.000000,0.000000,16.925454,21.584393,463
circ18abal,config1,2,FAILED TO FIND AN INTEGER FEASIBLE SOLUTION,0.000000,3600,146,0,-1,-1,0.000000,0.000000,22.365770,24.063272,450
circ18abal,config1,3,FAILED TO FIND AN INTEGER FEASIBLE SOLUTION,0.000000,3600,188,0,-1,-1,0.000000,0.000000,20.448130,23.816658,446
circ18abal,config1,4,FAILED TO FIND AN INTEGER FEASIBLE SOLUTION,0.000000,3600,189,0,-1,-1,0.000000,0.000000,27.904629,30.794119,484
circ18abal,config1,5,FAILED TO FIND AN INTEGER FEASIBLE SOLUTION,0.000000,3600,190,0,-1,-1,0.000000,0.000000,25.116483,28.053811,474
circ18abal,config3,1,FAILED TO FIND AN INTEGER FEASIBLE SOLUTION,0.000000,3600,191,0,-1,-1,0.000000,0.000000,24.728035,27.723654,459
circ18abal,config3,2,FAILED TO FIND AN INTEGER FEASIBLE SOLUTION,0.000000,3600,193,0,-1,-1,0.000000,0.000000,24.728035,27.723654,459
circ18abal,config3,3,FAILED TO FIND AN INTEGER FEASIBLE SOLUTION,0.000000,3600,188,0,-1,-1,0.000000,0.000000,24.728035,27.723654,459
circ18abal,config3,4,FAILED TO FIND AN INTEGER FEASIBLE SOLUTION,0.000000,3600,193,0,-1,-1,0.000000,0.000000,22.340182,24.730195,489
circ18abal,config3,5,FAILED TO FIND AN INTEGER FEASIBLE SOLUTION,0.000000,3600,190,0,-1,-1,0.000000,0.000000,24.850852,26.498194,478
circ18abal,config20,1,FAILED TO FIND AN INTEGER FEASIBLE SOLUTION,0.000000,3600,91,0,-1,-1,0.000000,0.000000,26.813678,29.290454,412
circ18abal,config20,2,FAILED TO FIND AN INTEGER FEASIBLE SOLUTION,0.000000,3600,88,0,-1,-1,0.000000,0.000000,26.813678,29.290454,412
circ18abal,config20,3,FAILED TO FIND AN INTEGER FEASIBLE SOLUTION,0.000000,3600,74,0,-1,-1,0.000000,0.000000,26.813678,29.290454,412
circ18abal,config20,4,FAILED TO FIND AN INTEGER FEASIBLE SOLUTION,0.000000,3600,138,0,-1,-1,0.000000,0.000000,22.496705,23.353390,454
circ18abal,config20,5,FAILED TO FIND AN INTEGER FEASIBLE SOLUTION,0.000000,3600,193,0,-1,-1,0.000000,0.000000,12.347950,12.936777,393
circ18abal,config16,1,FOUND INTEGER FEASIBLE,22.527980,495.438851,36,11,2,1,1046.000000,1046.000000,0.000000,0.000000,0
circ18abal,config16,2,FOUND INTEGER FEASIBLE,23.807679,937.498154,61,11,4,1,1068.000000,1068.000000,0.000000,0.000000,0
circ18abal,config16,3,FOUND INTEGER FEASIBLE,22.725147,2766.487196,173,11,10,1,1052.000000,1052.000000,0.000000,0.000000,0
circ18abal,config16,4,FOUND INTEGER FEASIBLE,21.906066,716.594615,44,11,3,1,1102.000000,1102.000000,0.000000,0.000000,0
circ18abal,config16,5,FOUND INTEGER FEASIBLE,23.663162,1497.990326,67,11,4,1,1116.000000,1116.000000,0.000000,0.000000,0
circ18abal,config17,1,FOUND INTEGER FEASIBLE,110.652267,794.256408,60,11,2,0,1122.000000,1122.000000,0.000000,0.000000,0
circ18abal,config17,2,FOUND INTEGER FEASIBLE,120.721531,3140.248971,206,11,10,0,1102.000000,1102.000000,0.000000,0.000000,0
circ18abal,config17,3,FOUND INTEGER FEASIBLE,117.595385,801.156230,59,11,2,0,1122.000000,1122.000000,0.000000,0.000000,0
circ18abal,config17,4,FOUND INTEGER FEASIBLE,110.939342,3110.149069,219,11,10,0,1130.000000,1130.000000,0.000000,0.000000,0
circ18abal,config17,5,FAILED TO FIND AN INTEGER FEASIBLE SOLUTION,116.977382,3600,224,11,11,0,0.000000,0.000000,7.677689,7.677689,435
circ18abal,config21,1,FOUND INTEGER FEASIBLE,121.576367,1435.695549,81,11,4,0,1314.000000,1314.000000,0.000000,0.000000,0
circ18abal,config21,2,FOUND INTEGER FEASIBLE,128.787129,1771.366138,91,11,5,0,1332.000000,1332.000000,0.000000,0.000000,0
circ18abal,config21,3,FOUND INTEGER FEASIBLE,124.218182,2659.378389,131,11,8,0,1326.000000,1326.000000,0.000000,0.000000,0
circ18abal,config21,4,FAILED TO FIND AN INTEGER FEASIBLE SOLUTION,117.266073,3600,241,11,11,0,0.000000,0.000000,9.165421,9.165421,461
circ18abal,config21,5,FOUND INTEGER FEASIBLE,130.264406,536.896088,30,11,1,0,1288.000000,1288.000000,0.000000,0.000000,0
circ18abal,config23,1,FOUND INTEGER FEASIBLE,130.004137,1892.271840,117,11,6,0,1122.000000,1122.000000,0.000000,0.000000,0
circ18abal,config23,2,FOUND INTEGER FEASIBLE,129.154558,1891.099618,116,11,6,0,1122.000000,1122.000000,0.000000,0.000000,0
circ18abal,config23,3,FOUND INTEGER FEASIBLE,127.883599,1892.507170,121,11,6,0,1122.000000,1122.000000,0.000000,0.000000,0
circ18abal,config23,4,FAILED TO FIND AN INTEGER FEASIBLE SOLUTION,117.988157,3600,237,11,11,0,0.000000,0.000000,8.122361,8.122361,417
circ18abal,config23,5,FOUND INTEGER FEASIBLE,124.223132,608.433824,35,11,1,0,1132.000000,1132.000000,0.000000,0.000000,0
circ18abal,config19,1,FOUND INTEGER FEASIBLE,0.000000,959.451214,0,0,-1,-1,856.000000,856.000000,0.000000,0.000000,0
circ18abal,config19,2,FOUND INTEGER FEASIBLE,0.000000,962.848049,0,0,-1,-1,856.000000,856.000000,0.000000,0.000000,0
circ18abal,config19,3,FOUND INTEGER FEASIBLE,0.000000,959.769716,0,0,-1,-1,856.000000,856.000000,0.000000,0.000000,0
circ18abal,config19,4,FOUND INTEGER FEASIBLE,0.000000,963.418425,0,0,-1,-1,856.000000,856.000000,0.000000,0.000000,0
circ18abal,config19,5,FOUND INTEGER FEASIBLE,0.000000,954.296588,0,0,-1,-1,856.000000,856.000000,0.000000,0.000000,0
circ18abal,config18,1,FOUND INTEGER FEASIBLE,0.000000,571.109572,0,0,-1,-1,868.000000,868.000000,0.000000,0.000000,0
circ18abal,config18,2,FOUND INTEGER FEASIBLE,0.000000,573.033302,0,0,-1,-1,868.000000,868.000000,0.000000,0.000000,0
circ18abal,config18,3,FOUND INTEGER FEASIBLE,0.000000,572.118630,0,0,-1,-1,868.000000,868.000000,0.000000,0.000000,0
circ18abal,config18,4,FOUND INTEGER FEASIBLE,0.000000,568.533737,0,0,-1,-1,868.000000,868.000000,0.000000,0.000000,0
circ18abal,config18,5,FOUND INTEGER FEASIBLE,0.000000,570.005415,0,0,-1,-1,868.000000,868.000000,0.000000,0.000000,0
circ18anonbal,config1,1,FAILED TO FIND AN INTEGER FEASIBLE SOLUTION,0.000000,3600,167,0,-1,-1,0.000000,0.000000,21.750129,22.732912,486
circ18anonbal,config1,2,FAILED TO FIND AN INTEGER FEASIBLE SOLUTION,0.000000,3600,170,0,-1,-1,0.000000,0.000000,21.750129,22.732912,486
circ18anonbal,config1,3,FAILED TO FIND AN INTEGER FEASIBLE SOLUTION,0.000000,3600,171,0,-1,-1,0.000000,0.000000,21.750129,22.732912,486
circ18anonbal,config1,4,FAILED TO FIND AN INTEGER FEASIBLE SOLUTION,0.000000,3600,174,0,-1,-1,0.000000,0.000000,19.517411,22.460479,462
circ18anonbal,config1,5,FAILED TO FIND AN INTEGER FEASIBLE SOLUTION,0.000000,3600,172,0,-1,-1,0.000000,0.000000,25.860471,29.341012,463
circ18anonbal,config3,1,FAILED TO FIND AN INTEGER FEASIBLE SOLUTION,0.000000,3600,167,0,-1,-1,0.000000,0.000000,22.064063,25.400080,440
circ18anonbal,config3,2,FAILED TO FIND AN INTEGER FEASIBLE SOLUTION,0.000000,3600,167,0,-1,-1,0.000000,0.000000,22.064063,25.400080,440
circ18anonbal,config3,3,FAILED TO FIND AN INTEGER FEASIBLE SOLUTION,0.000000,3600,117,0,-1,-1,0.000000,0.000000,22.064063,25.400080,440
circ18anonbal,config3,4,FAILED TO FIND AN INTEGER FEASIBLE SOLUTION,0.000000,3600,165,0,-1,-1,0.000000,0.000000,17.993373,18.296317,467
circ18anonbal,config3,5,FAILED TO FIND AN INTEGER FEASIBLE SOLUTION,0.000000,3600,171,0,-1,-1,0.000000,0.000000,28.532234,31.780704,451
circ18anonbal,config20,1,FAILED TO FIND AN INTEGER FEASIBLE SOLUTION,0.000000,3600,78,0,-1,-1,0.000000,0.000000,25.484907,26.368251,473
circ18anonbal,config20,2,FAILED TO FIND AN INTEGER FEASIBLE SOLUTION,0.000000,3600,83,0,-1,-1,0.000000,0.000000,25.484907,26.368251,473
circ18anonbal,config20,3,FAILED TO FIND AN INTEGER FEASIBLE SOLUTION,0.000000,3600,71,0,-1,-1,0.000000,0.000000,21.438612,24.562582,462
circ18anonbal,config20,4,FAILED TO FIND AN INTEGER FEASIBLE SOLUTION,0.000000,3600,173,0,-1,-1,0.000000,0.000000,22.433491,24.752753,494
circ18anonbal,config20,5,FAILED TO FIND AN INTEGER FEASIBLE SOLUTION,0.000000,3600,163,0,-1,-1,0.000000,0.000000,24.794962,30.753347,450
circ18anonbal,config16,1,FOUND INTEGER FEASIBLE,44.377996,985.498874,52,11,4,1,1102.000000,1102.000000,0.000000,0.000000,0
circ18anonbal,config16,2,FOUND INTEGER FEASIBLE,40.782053,830.542750,52,11,3,1,1102.000000,1102.000000,0.000000,0.000000,0
circ18anonbal,config16,3,FOUND INTEGER FEASIBLE,38.237754,1007.983341,58,11,4,1,1110.000000,1110.000000,0.000000,0.000000,0
circ18anonbal,config16,4,FOUND INTEGER FEASIBLE,40.213354,1331.691339,90,11,5,1,1136.000000,1136.000000,0.000000,0.000000,0
circ18anonbal,config16,5,FOUND INTEGER FEASIBLE,44.326074,1004.509128,59,11,4,1,1026.000000,1026.000000,0.000000,0.000000,0
circ18anonbal,config17,1,FOUND INTEGER FEASIBLE,136.176320,580.632468,31,11,1,0,1070.000000,1070.000000,0.000000,0.000000,0
circ18anonbal,config17,2,FOUND INTEGER FEASIBLE,120.320802,590.237819,30,11,1,0,1070.000000,1070.000000,0.000000,0.000000,0
circ18anonbal,config17,3,FOUND INTEGER FEASIBLE,119.707558,584.088023,29,11,1,0,1070.000000,1070.000000,0.000000,0.000000,0
circ18anonbal,config17,4,FOUND INTEGER FEASIBLE,126.365567,799.878614,45,11,2,0,1068.000000,1068.000000,0.000000,0.000000,0
circ18anonbal,config17,5,FOUND INTEGER FEASIBLE,125.236606,651.768896,36,11,1,0,1080.000000,1080.000000,0.000000,0.000000,0
circ18anonbal,config21,1,FOUND INTEGER FEASIBLE,171.286042,1948.777803,153,11,6,0,1132.000000,1132.000000,0.000000,0.000000,0
circ18anonbal,config21,2,FOUND INTEGER FEASIBLE,177.672711,1371.255534,123,11,4,0,1126.000000,1126.000000,0.000000,0.000000,0
circ18anonbal,config21,3,FOUND INTEGER FEASIBLE,182.628496,849.846394,81,11,2,0,1144.000000,1144.000000,0.000000,0.000000,0
circ18anonbal,config21,4,FOUND INTEGER FEASIBLE,187.494011,2591.225758,183,11,8,0,1154.000000,1154.000000,0.000000,0.000000,0
circ18anonbal,config21,5,FAILED TO FIND AN INTEGER FEASIBLE SOLUTION,183.804303,3600,247,11,11,0,0.000000,0.000000,8.711258,8.711258,433
circ18anonbal,config23,1,FAILED TO FIND AN INTEGER FEASIBLE SOLUTION,176.485042,3600,251,11,11,0,0.000000,0.000000,7.909050,7.978924,397
circ18anonbal,config23,2,FAILED TO FIND AN INTEGER FEASIBLE SOLUTION,183.520231,3600,247,11,11,0,0.000000,0.000000,7.951359,8.156510,367
circ18anonbal,config23,3,FAILED TO FIND AN INTEGER FEASIBLE SOLUTION,182.940772,3600,247,11,11,0,0.000000,0.000000,8.100681,8.295728,370
circ18anonbal,config23,4,FOUND INTEGER FEASIBLE,167.330109,886.314426,81,11,2,0,1192.000000,1192.000000,0.000000,0.000000,0
circ18anonbal,config23,5,FOUND INTEGER FEASIBLE,173.750194,856.713482,80,11,2,0,1112.000000,1112.000000,0.000000,0.000000,0
circ18anonbal,config19,1,FOUND INTEGER FEASIBLE,0.000000,1409.833255,0,0,-1,-1,866.000000,866.000000,0.000000,0.000000,0
circ18anonbal,config19,2,FOUND INTEGER FEASIBLE,0.000000,1418.362634,0,0,-1,-1,866.000000,866.000000,0.000000,0.000000,0
circ18anonbal,config19,3,FOUND INTEGER FEASIBLE,0.000000,1411.628909,0,0,-1,-1,866.000000,866.000000,0.000000,0.000000,0
circ18anonbal,config19,4,FOUND INTEGER FEASIBLE,0.000000,1409.281434,0,0,-1,-1,866.000000,866.000000,0.000000,0.000000,0
circ18anonbal,config19,5,FOUND INTEGER FEASIBLE,0.000000,1417.669072,0,0,-1,-1,866.000000,866.000000,0.000000,0.000000,0
circ18anonbal,config18,1,FOUND INTEGER FEASIBLE,0.000000,1731.414638,0,0,-1,-1,904.000000,904.000000,0.000000,0.000000,0
circ18anonbal,config18,2,FOUND INTEGER FEASIBLE,0.000000,1730.321712,0,0,-1,-1,904.000000,904.000000,0.000000,0.000000,0
circ18anonbal,config18,3,FOUND INTEGER FEASIBLE,0.000000,1728.324611,0,0,-1,-1,904.000000,904.000000,0.000000,0.000000,0
circ18anonbal,config18,4,FOUND INTEGER FEASIBLE,0.000000,1728.927183,0,0,-1,-1,904.000000,904.000000,0.000000,0.000000,0
circ18anonbal,config18,5,FOUND INTEGER FEASIBLE,0.000000,1725.838512,0,0,-1,-1,904.000000,904.000000,0.000000,0.000000,0
circ18bbal,config1,1,FAILED TO FIND AN INTEGER FEASIBLE SOLUTION,0.000000,3600,196,0,-1,-1,0.000000,0.000000,27.487216,28.838389,478
circ18bbal,config1,2,FAILED TO FIND AN INTEGER FEASIBLE SOLUTION,0.000000,3600,198,0,-1,-1,0.000000,0.000000,22.592834,25.459400,472
circ18bbal,config1,3,FAILED TO FIND AN INTEGER FEASIBLE SOLUTION,0.000000,3600,197,0,-1,-1,0.000000,0.000000,27.487216,28.838389,478
circ18bbal,config1,4,FAILED TO FIND AN INTEGER FEASIBLE SOLUTION,0.000000,3600,190,0,-1,-1,0.000000,0.000000,23.506342,26.096959,476
circ18bbal,config1,5,FAILED TO FIND AN INTEGER FEASIBLE SOLUTION,0.000000,3600,190,0,-1,-1,0.000000,0.000000,30.391059,32.185749,483
circ18bbal,config3,1,FAILED TO FIND AN INTEGER FEASIBLE SOLUTION,0.000000,3600,194,0,-1,-1,0.000000,0.000000,26.605646,29.932703,493
circ18bbal,config3,2,FAILED TO FIND AN INTEGER FEASIBLE SOLUTION,0.000000,3600,191,0,-1,-1,0.000000,0.000000,26.605646,29.932703,493
circ18bbal,config3,3,FAILED TO FIND AN INTEGER FEASIBLE SOLUTION,0.000000,3600,184,0,-1,-1,0.000000,0.000000,26.605646,29.932703,493
circ18bbal,config3,4,FAILED TO FIND AN INTEGER FEASIBLE SOLUTION,0.000000,3600,196,0,-1,-1,0.000000,0.000000,25.625571,28.800303,423
circ18bbal,config3,5,FAILED TO FIND AN INTEGER FEASIBLE SOLUTION,0.000000,3600,194,0,-1,-1,0.000000,0.000000,27.626163,30.774094,510
circ18bbal,config20,1,FAILED TO FIND AN INTEGER FEASIBLE SOLUTION,0.000000,3600,89,0,-1,-1,0.000000,0.000000,17.120215,17.454819,448
circ18bbal,config20,2,FAILED TO FIND AN INTEGER FEASIBLE SOLUTION,0.000000,3600,88,0,-1,-1,0.000000,0.000000,16.773177,17.474913,445
circ18bbal,config20,3,FAILED TO FIND AN INTEGER FEASIBLE SOLUTION,0.000000,3600,92,0,-1,-1,0.000000,0.000000,16.271857,17.082940,458
circ18bbal,config20,4,FAILED TO FIND AN INTEGER FEASIBLE SOLUTION,0.000000,3600,188,0,-1,-1,0.000000,0.000000,22.234613,23.704128,469
circ18bbal,config20,5,FAILED TO FIND AN INTEGER FEASIBLE SOLUTION,0.000000,3600,146,0,-1,-1,0.000000,0.000000,25.077624,27.793101,477
circ18bbal,config16,1,FOUND INTEGER FEASIBLE,22.811984,681.330307,47,11,3,1,1072.000000,1072.000000,0.000000,0.000000,0
circ18bbal,config16,2,FOUND INTEGER FEASIBLE,23.808295,755.170322,52,11,3,1,1098.000000,1098.000000,0.000000,0.000000,0
circ18bbal,config16,3,FOUND INTEGER FEASIBLE,26.733721,707.484056,45,11,3,1,1070.000000,1070.000000,0.000000,0.000000,0
circ18bbal,config16,4,FOUND INTEGER FEASIBLE,23.779945,411.544948,27,11,2,1,1052.000000,1052.000000,0.000000,0.000000,0
circ18bbal,config16,5,FOUND INTEGER FEASIBLE,25.933877,1279.234754,82,11,5,1,1128.000000,1128.000000,0.000000,0.000000,0
circ18bbal,config17,1,FOUND INTEGER FEASIBLE,112.708905,1049.135735,86,11,3,0,1152.000000,1152.000000,0.000000,0.000000,0
circ18bbal,config17,2,FOUND INTEGER FEASIBLE,121.281624,779.729291,59,11,2,0,1174.000000,1174.000000,0.000000,0.000000,0
circ18bbal,config17,3,FOUND INTEGER FEASIBLE,122.840471,783.562648,57,11,2,0,1174.000000,1174.000000,0.000000,0.000000,0
circ18bbal,config17,4,FOUND INTEGER FEASIBLE,116.351754,877.498079,70,11,2,0,1110.000000,1110.000000,0.000000,0.000000,0
circ18bbal,config17,5,FAILED TO FIND AN INTEGER FEASIBLE SOLUTION,116.915222,3600,243,11,11,0,0.000000,0.000000,8.285257,8.341691,433
circ18bbal,config21,1,FOUND INTEGER FEASIBLE,120.074847,521.029583,28,11,1,0,1170.000000,1170.000000,0.000000,0.000000,0
circ18bbal,config21,2,FOUND INTEGER FEASIBLE,119.029702,517.211392,27,11,1,0,1170.000000,1170.000000,0.000000,0.000000,0
circ18bbal,config21,3,FOUND INTEGER FEASIBLE,119.688263,510.331249,28,11,1,0,1170.000000,1170.000000,0.000000,0.000000,0
circ18bbal,config21,4,FOUND INTEGER FEASIBLE,118.750227,792.885985,45,11,2,0,1168.000000,1168.000000,0.000000,0.000000,0
circ18bbal,config21,5,FOUND INTEGER FEASIBLE,126.348715,2314.508070,166,11,7,0,1102.000000,1102.000000,0.000000,0.000000,0
circ18bbal,config23,1,FOUND INTEGER FEASIBLE,128.232675,2355.104134,161,11,7,0,1140.000000,1140.000000,0.000000,0.000000,0
circ18bbal,config23,2,FOUND INTEGER FEASIBLE,125.954591,2602.421780,177,11,8,0,1074.000000,1074.000000,0.000000,0.000000,0
circ18bbal,config23,3,FAILED TO FIND AN INTEGER FEASIBLE SOLUTION,123.018039,3600,201,11,10,0,0.000000,0.000000,11.237756,11.258314,468
circ18bbal,config23,4,FOUND INTEGER FEASIBLE,128.172155,2500.697263,156,11,8,0,1086.000000,1086.000000,0.000000,0.000000,0
circ18bbal,config23,5,FAILED TO FIND AN INTEGER FEASIBLE SOLUTION,127.061745,3600,207,11,10,0,0.000000,0.000000,7.755870,7.755870,438
circ18bbal,config19,1,FOUND INTEGER FEASIBLE,0.000000,1086.480944,0,0,-1,-1,832.000000,832.000000,0.000000,0.000000,0
circ18bbal,config19,2,FOUND INTEGER FEASIBLE,0.000000,1098.324003,0,0,-1,-1,832.000000,832.000000,0.000000,0.000000,0
circ18bbal,config19,3,FOUND INTEGER FEASIBLE,0.000000,1080.200319,0,0,-1,-1,832.000000,832.000000,0.000000,0.000000,0
circ18bbal,config19,4,FOUND INTEGER FEASIBLE,0.000000,1080.291518,0,0,-1,-1,832.000000,832.000000,0.000000,0.000000,0
circ18bbal,config19,5,FOUND INTEGER FEASIBLE,0.000000,1073.543332,0,0,-1,-1,832.000000,832.000000,0.000000,0.000000,0
circ18bbal,config18,1,FOUND INTEGER FEASIBLE,0.000000,2526.916200,0,0,-1,-1,1062.000000,1062.000000,0.000000,0.000000,0
circ18bbal,config18,2,FOUND INTEGER FEASIBLE,0.000000,2523.058172,0,0,-1,-1,1062.000000,1062.000000,0.000000,0.000000,0
circ18bbal,config18,3,FOUND INTEGER FEASIBLE,0.000000,2519.117640,0,0,-1,-1,1062.000000,1062.000000,0.000000,0.000000,0
circ18bbal,config18,4,FOUND INTEGER FEASIBLE,0.000000,2503.220355,0,0,-1,-1,1062.000000,1062.000000,0.000000,0.000000,0
circ18bbal,config18,5,FOUND INTEGER FEASIBLE,0.000000,2502.550188,0,0,-1,-1,1062.000000,1062.000000,0.000000,0.000000,0
circ18cbal,config1,1,FAILED TO FIND AN INTEGER FEASIBLE SOLUTION,0.000000,3600,192,0,-1,-1,0.000000,0.000000,29.039616,32.848122,442
circ18cbal,config1,2,FAILED TO FIND AN INTEGER FEASIBLE SOLUTION,0.000000,3600,196,0,-1,-1,0.000000,0.000000,30.459424,33.451208,496
circ18cbal,config1,3,FAILED TO FIND AN INTEGER FEASIBLE SOLUTION,0.000000,3600,147,0,-1,-1,0.000000,0.000000,30.459424,33.451208,496
circ18cbal,config1,4,FAILED TO FIND AN INTEGER FEASIBLE SOLUTION,0.000000,3600,201,0,-1,-1,0.000000,0.000000,14.019338,15.052106,441
circ18cbal,config1,5,FAILED TO FIND AN INTEGER FEASIBLE SOLUTION,0.000000,3600,200,0,-1,-1,0.000000,0.000000,21.592211,26.981866,405
circ18cbal,config3,1,FAILED TO FIND AN INTEGER FEASIBLE SOLUTION,0.000000,3600,193,0,-1,-1,0.000000,0.000000,31.783490,34.620651,491
circ18cbal,config3,2,FAILED TO FIND AN INTEGER FEASIBLE SOLUTION,0.000000,3600,178,0,-1,-1,0.000000,0.000000,29.027285,33.839652,368
circ18cbal,config3,3,FAILED TO FIND AN INTEGER FEASIBLE SOLUTION,0.000000,3600,195,0,-1,-1,0.000000,0.000000,31.783490,34.620651,491
circ18cbal,config3,4,FAILED TO FIND AN INTEGER FEASIBLE SOLUTION,0.000000,3600,191,0,-1,-1,0.000000,0.000000,30.365527,36.083241,495
circ18cbal,config3,5,FAILED TO FIND AN INTEGER FEASIBLE SOLUTION,0.000000,3600,177,0,-1,-1,0.000000,0.000000,24.594663,27.784740,491
circ18cbal,config20,1,FAILED TO FIND AN INTEGER FEASIBLE SOLUTION,0.000000,3600,92,0,-1,-1,0.000000,0.000000,27.161800,29.788359,483
circ18cbal,config20,2,FAILED TO FIND AN INTEGER FEASIBLE SOLUTION,0.000000,3600,95,0,-1,-1,0.000000,0.000000,27.161800,29.788359,483
circ18cbal,config20,3,FAILED TO FIND AN INTEGER FEASIBLE SOLUTION,0.000000,3600,91,0,-1,-1,0.000000,0.000000,27.161800,29.788359,483
circ18cbal,config20,4,FAILED TO FIND AN INTEGER FEASIBLE SOLUTION,0.000000,3600,189,0,-1,-1,0.000000,0.000000,21.434455,23.962413,454
circ18cbal,config20,5,FAILED TO FIND AN INTEGER FEASIBLE SOLUTION,0.000000,3600,193,0,-1,-1,0.000000,0.000000,21.798752,23.196129,468
circ18cbal,config16,1,FOUND INTEGER FEASIBLE,28.831642,1015.970622,69,11,4,1,1062.000000,1062.000000,0.000000,0.000000,0
circ18cbal,config16,2,FOUND INTEGER FEASIBLE,27.273316,1294.894494,85,11,5,1,1068.000000,1068.000000,0.000000,0.000000,0
circ18cbal,config16,3,FOUND INTEGER FEASIBLE,28.021449,991.962074,60,11,4,1,996.000000,996.000000,0.000000,0.000000,0
circ18cbal,config16,4,FAILED TO FIND AN INTEGER FEASIBLE SOLUTION,27.377448,3600,228,11,11,1,0.000000,0.000000,8.186687,8.186687,416
circ18cbal,config16,5,FOUND INTEGER FEASIBLE,24.758050,1346.751584,86,11,5,1,1104.000000,1104.000000,0.000000,0.000000,0
circ18cbal,config17,1,FOUND INTEGER FEASIBLE,129.472748,1118.175592,80,11,3,0,1130.000000,1130.000000,0.000000,0.000000,0
circ18cbal,config17,2,FAILED TO FIND AN INTEGER FEASIBLE SOLUTION,135.252044,3600,240,11,11,0,0.000000,0.000000,7.665718,7.795651,432
circ18cbal,config17,3,FAILED TO FIND AN INTEGER FEASIBLE SOLUTION,117.818757,3600,234,11,11,0,0.000000,0.000000,8.000000,8.000000,16
circ18cbal,config17,4,FOUND INTEGER FEASIBLE,126.333737,1090.485508,85,11,3,0,1178.000000,1178.000000,0.000000,0.000000,0
circ18cbal,config17,5,FAILED TO FIND AN INTEGER FEASIBLE SOLUTION,122.584644,3600,238,11,11,0,0.000000,0.000000,6.808722,6.808722,406
circ18cbal,config21,1,FOUND INTEGER FEASIBLE,118.837142,739.457138,40,11,2,0,1262.000000,1262.000000,0.000000,0.000000,0
circ18cbal,config21,2,FOUND INTEGER FEASIBLE,115.695719,714.509899,38,11,2,0,1236.000000,1236.000000,0.000000,0.000000,0
circ18cbal,config21,3,FOUND INTEGER FEASIBLE,110.219520,1056.528250,60,11,3,0,1198.000000,1198.000000,0.000000,0.000000,0
circ18cbal,config21,4,FOUND INTEGER FEASIBLE,110.880884,1442.149499,84,11,4,0,1248.000000,1248.000000,0.000000,0.000000,0
circ18cbal,config21,5,FOUND INTEGER FEASIBLE,114.400202,1672.106671,104,11,5,0,1230.000000,1230.000000,0.000000,0.000000,0
circ18cbal,config23,1,FOUND INTEGER FEASIBLE,107.314314,1075.531555,65,11,3,0,1068.000000,1068.000000,0.000000,0.000000,0
circ18cbal,config23,2,FOUND INTEGER FEASIBLE,116.894985,1114.423875,79,11,3,0,1082.000000,1082.000000,0.000000,0.000000,0
circ18cbal,config23,3,FOUND INTEGER FEASIBLE,108.829839,1036.262812,64,11,3,0,1094.000000,1094.000000,0.000000,0.000000,0
circ18cbal,config23,4,FAILED TO FIND AN INTEGER FEASIBLE SOLUTION,113.753132,3600,240,11,11,0,0.000000,0.000000,8.298063,8.298063,432
circ18cbal,config23,5,FOUND INTEGER FEASIBLE,114.879499,1050.177333,60,11,3,0,1152.000000,1152.000000,0.000000,0.000000,0
circ18cbal,config19,1,FAILED TO FIND AN INTEGER FEASIBLE SOLUTION,0.000000,3600,0,0,-1,-1,0.000000,0.000000,inf,inf,0
circ18cbal,config19,2,FAILED TO FIND AN INTEGER FEASIBLE SOLUTION,0.000000,3600,0,0,-1,-1,0.000000,0.000000,inf,inf,0
circ18cbal,config19,3,FAILED TO FIND AN INTEGER FEASIBLE SOLUTION,0.000000,3600,0,0,-1,-1,0.000000,0.000000,inf,inf,0
circ18cbal,config19,4,FAILED TO FIND AN INTEGER FEASIBLE SOLUTION,0.000000,3600,0,0,-1,-1,0.000000,0.000000,inf,inf,0
circ18cbal,config19,5,FAILED TO FIND AN INTEGER FEASIBLE SOLUTION,0.000000,3600,0,0,-1,-1,0.000000,0.000000,inf,inf,0
circ18cbal,config18,1,FOUND INTEGER FEASIBLE,0.000000,635.069465,0,0,-1,-1,894.000000,894.000000,0.000000,0.000000,0
circ18cbal,config18,2,FOUND INTEGER FEASIBLE,0.000000,634.472329,0,0,-1,-1,894.000000,894.000000,0.000000,0.000000,0
circ18cbal,config18,3,FOUND INTEGER FEASIBLE,0.000000,634.904543,0,0,-1,-1,894.000000,894.000000,0.000000,0.000000,0
circ18cbal,config18,4,FOUND INTEGER FEASIBLE,0.000000,632.499854,0,0,-1,-1,894.000000,894.000000,0.000000,0.000000,0
circ18cbal,config18,5,FOUND INTEGER FEASIBLE,0.000000,633.794119,0,0,-1,-1,894.000000,894.000000,0.000000,0.000000,0
circ18dbal,config1,1,FAILED TO FIND AN INTEGER FEASIBLE SOLUTION,0.000000,3600,190,0,-1,-1,0.000000,0.000000,25.380919,28.233731,479
circ18dbal,config1,2,FAILED TO FIND AN INTEGER FEASIBLE SOLUTION,0.000000,3600,195,0,-1,-1,0.000000,0.000000,25.380919,28.233731,479
circ18dbal,config1,3,FAILED TO FIND AN INTEGER FEASIBLE SOLUTION,0.000000,3600,188,0,-1,-1,0.000000,0.000000,25.380919,28.233731,479
circ18dbal,config1,4,FAILED TO FIND AN INTEGER FEASIBLE SOLUTION,0.000000,3600,194,0,-1,-1,0.000000,0.000000,28.070348,30.594863,482
circ18dbal,config1,5,FAILED TO FIND AN INTEGER FEASIBLE SOLUTION,0.000000,3600,198,0,-1,-1,0.000000,0.000000,23.790295,25.801947,503
circ18dbal,config3,1,FOUND INTEGER FEASIBLE,0.000000,240.064609,14,0,-1,-1,1102.000000,1102.000000,0.000000,0.000000,0
circ18dbal,config3,2,FAILED TO FIND AN INTEGER FEASIBLE SOLUTION,0.000000,3600,196,0,-1,-1,0.000000,0.000000,23.765518,24.296788,498
circ18dbal,config3,3,FAILED TO FIND AN INTEGER FEASIBLE SOLUTION,0.000000,3600,192,0,-1,-1,0.000000,0.000000,23.765518,24.296788,498
circ18dbal,config3,4,FAILED TO FIND AN INTEGER FEASIBLE SOLUTION,0.000000,3600,200,0,-1,-1,0.000000,0.000000,20.831956,23.272044,445
circ18dbal,config3,5,FAILED TO FIND AN INTEGER FEASIBLE SOLUTION,0.000000,3600,196,0,-1,-1,0.000000,0.000000,34.549067,38.052806,486
circ18dbal,config20,1,FAILED TO FIND AN INTEGER FEASIBLE SOLUTION,0.000000,3600,92,0,-1,-1,0.000000,0.000000,20.419646,20.955524,465
circ18dbal,config20,2,FAILED TO FIND AN INTEGER FEASIBLE SOLUTION,0.000000,3600,93,0,-1,-1,0.000000,0.000000,20.419646,20.955524,465
circ18dbal,config20,3,FAILED TO FIND AN INTEGER FEASIBLE SOLUTION,0.000000,3600,86,0,-1,-1,0.000000,0.000000,20.419646,20.955524,465
circ18dbal,config20,4,FAILED TO FIND AN INTEGER FEASIBLE SOLUTION,0.000000,3600,199,0,-1,-1,0.000000,0.000000,23.081057,26.294673,467
circ18dbal,config20,5,FAILED TO FIND AN INTEGER FEASIBLE SOLUTION,0.000000,3600,144,0,-1,-1,0.000000,0.000000,17.579689,19.367731,462
circ18dbal,config16,1,FOUND INTEGER FEASIBLE,31.097798,1628.028146,108,11,6,1,1012.000000,1012.000000,0.000000,0.000000,0
circ18dbal,config16,2,FOUND INTEGER FEASIBLE,35.536392,828.985249,55,11,3,1,1022.000000,1022.000000,0.000000,0.000000,0
circ18dbal,config16,3,FOUND INTEGER FEASIBLE,31.031801,3128.239657,196,11,11,1,1036.000000,1036.000000,0.000000,0.000000,0
circ18dbal,config16,4,FOUND INTEGER FEASIBLE,31.766063,718.489513,51,11,3,1,1044.000000,1044.000000,0.000000,0.000000,0
circ18dbal,config16,5,FOUND INTEGER FEASIBLE,31.501802,432.901800,26,11,2,1,1044.000000,1044.000000,0.000000,0.000000,0
circ18dbal,config17,1,FOUND INTEGER FEASIBLE,108.562706,1045.681297,76,11,3,0,1110.000000,1110.000000,0.000000,0.000000,0
circ18dbal,config17,2,FOUND INTEGER FEASIBLE,103.630917,1059.657778,80,11,3,0,1110.000000,1110.000000,0.000000,0.000000,0
circ18dbal,config17,3,FOUND INTEGER FEASIBLE,105.681880,1374.858807,105,11,4,0,1128.000000,1128.000000,0.000000,0.000000,0
circ18dbal,config17,4,FOUND INTEGER FEASIBLE,105.760340,1098.235672,90,11,3,0,1114.000000,1114.000000,0.000000,0.000000,0
circ18dbal,config17,5,FOUND INTEGER FEASIBLE,102.361141,1662.261700,119,11,5,0,1126.000000,1126.000000,0.000000,0.000000,0
circ18dbal,config21,1,FOUND INTEGER FEASIBLE,119.259217,1885.895112,123,11,6,0,1186.000000,1186.000000,0.000000,0.000000,0
circ18dbal,config21,2,FOUND INTEGER FEASIBLE,117.067669,1884.542903,119,11,6,0,1186.000000,1186.000000,0.000000,0.000000,0
circ18dbal,config21,3,FOUND INTEGER FEASIBLE,117.741443,1418.473547,104,11,4,0,1208.000000,1208.000000,0.000000,0.000000,0
circ18dbal,config21,4,FOUND INTEGER FEASIBLE,122.086210,1102.704966,68,11,3,0,1198.000000,1198.000000,0.000000,0.000000,0
circ18dbal,config21,5,FOUND INTEGER FEASIBLE,129.756883,1926.125758,124,11,6,0,1214.000000,1214.000000,0.000000,0.000000,0
circ18dbal,config23,1,FOUND INTEGER FEASIBLE,123.346413,1711.002275,113,11,5,0,1140.000000,1140.000000,0.000000,0.000000,0
circ18dbal,config23,2,FOUND INTEGER FEASIBLE,111.294356,1880.152694,122,11,6,0,1136.000000,1136.000000,0.000000,0.000000,0
circ18dbal,config23,3,FOUND INTEGER FEASIBLE,124.906356,1886.156047,133,11,6,0,1136.000000,1136.000000,0.000000,0.000000,0
circ18dbal,config23,4,FOUND INTEGER FEASIBLE,119.147165,797.035831,49,11,2,0,1042.000000,1042.000000,0.000000,0.000000,0
circ18dbal,config23,5,FOUND INTEGER FEASIBLE,120.158883,821.863676,53,11,2,0,1120.000000,1120.000000,0.000000,0.000000,0
circ18dbal,config19,1,FOUND INTEGER FEASIBLE,0.000000,786.330249,0,0,-1,-1,828.000000,828.000000,0.000000,0.000000,0
circ18dbal,config19,2,FOUND INTEGER FEASIBLE,0.000000,788.020725,0,0,-1,-1,828.000000,828.000000,0.000000,0.000000,0
circ18dbal,config19,3,FOUND INTEGER FEASIBLE,0.000000,794.985612,0,0,-1,-1,828.000000,828.000000,0.000000,0.000000,0
circ18dbal,config19,4,FOUND INTEGER FEASIBLE,0.000000,781.521790,0,0,-1,-1,828.000000,828.000000,0.000000,0.000000,0
circ18dbal,config19,5,FOUND INTEGER FEASIBLE,0.000000,783.974564,0,0,-1,-1,828.000000,828.000000,0.000000,0.000000,0
circ18dbal,config18,1,FOUND INTEGER FEASIBLE,0.000000,2477.097187,0,0,-1,-1,860.000000,860.000000,0.000000,0.000000,0
circ18dbal,config18,2,FOUND INTEGER FEASIBLE,0.000000,2478.775730,0,0,-1,-1,860.000000,860.000000,0.000000,0.000000,0
circ18dbal,config18,3,FOUND INTEGER FEASIBLE,0.000000,2478.711110,0,0,-1,-1,860.000000,860.000000,0.000000,0.000000,0
circ18dbal,config18,4,FOUND INTEGER FEASIBLE,0.000000,2452.718754,0,0,-1,-1,860.000000,860.000000,0.000000,0.000000,0
circ18dbal,config18,5,FOUND INTEGER FEASIBLE,0.000000,2471.447253,0,0,-1,-1,860.000000,860.000000,0.000000,0.000000,0
circ18dnonbal,config1,1,FAILED TO FIND AN INTEGER FEASIBLE SOLUTION,0.000000,3600,166,0,-1,-1,0.000000,0.000000,24.010803,27.370146,437
circ18dnonbal,config1,2,FAILED TO FIND AN INTEGER FEASIBLE SOLUTION,0.000000,3600,165,0,-1,-1,0.000000,0.000000,24.010803,27.370146,437
circ18dnonbal,config1,3,FAILED TO FIND AN INTEGER FEASIBLE SOLUTION,0.000000,3600,156,0,-1,-1,0.000000,0.000000,24.010803,27.370146,437
circ18dnonbal,config1,4,FOUND INTEGER FEASIBLE,0.000000,176.132478,12,0,-1,-1,980.000000,980.000000,0.000000,0.000000,0
circ18dnonbal,config1,5,FAILED TO FIND AN INTEGER FEASIBLE SOLUTION,0.000000,3600,169,0,-1,-1,0.000000,0.000000,16.824161,18.061157,476
circ18dnonbal,config3,1,FAILED TO FIND AN INTEGER FEASIBLE SOLUTION,0.000000,3600,155,0,-1,-1,0.000000,0.000000,23.240107,24.920445,480
circ18dnonbal,config3,2,FAILED TO FIND AN INTEGER FEASIBLE SOLUTION,0.000000,3600,166,0,-1,-1,0.000000,0.000000,23.240107,24.920445,480
circ18dnonbal,config3,3,FAILED TO FIND AN INTEGER FEASIBLE SOLUTION,0.000000,3600,161,0,-1,-1,0.000000,0.000000,23.240107,24.920445,480
circ18dnonbal,config3,4,FAILED TO FIND AN INTEGER FEASIBLE SOLUTION,0.000000,3600,167,0,-1,-1,0.000000,0.000000,15.890961,16.100263,458
circ18dnonbal,config3,5,FAILED TO FIND AN INTEGER FEASIBLE SOLUTION,0.000000,3600,126,0,-1,-1,0.000000,0.000000,29.520261,33.928491,476
circ18dnonbal,config20,1,FAILED TO FIND AN INTEGER FEASIBLE SOLUTION,0.000000,3600,82,0,-1,-1,0.000000,0.000000,18.951482,20.821502,435
circ18dnonbal,config20,2,FAILED TO FIND AN INTEGER FEASIBLE SOLUTION,0.000000,3600,76,0,-1,-1,0.000000,0.000000,18.951482,20.821502,435
circ18dnonbal,config20,3,FAILED TO FIND AN INTEGER FEASIBLE SOLUTION,0.000000,3600,73,0,-1,-1,0.000000,0.000000,10.165581,12.056051,432
circ18dnonbal,config20,4,FOUND INTEGER FEASIBLE,0.000000,221.586667,12,0,-1,-1,1242.000000,1242.000000,0.000000,0.000000,0
circ18dnonbal,config20,5,FAILED TO FIND AN INTEGER FEASIBLE SOLUTION,0.000000,3600,159,0,-1,-1,0.000000,0.000000,26.121937,28.903716,481
circ18dnonbal,config16,1,FOUND INTEGER FEASIBLE,31.441291,1265.039315,72,10,4,1,1092.000000,1092.000000,0.000000,0.000000,0
circ18dnonbal,config16,2,FOUND INTEGER FEASIBLE,29.312119,873.075281,55,10,3,1,1000.000000,1000.000000,0.000000,0.000000,0
circ18dnonbal,config16,3,FAILED TO FIND AN INTEGER FEASIBLE SOLUTION,31.640502,3600,195,10,10,1,0.000000,0.000000,9.074556,9.074556,445
circ18dnonbal,config16,4,FOUND INTEGER FEASIBLE,31.441880,732.655376,39,10,3,1,1046.000000,1046.000000,0.000000,0.000000,0
circ18dnonbal,config16,5,FOUND INTEGER FEASIBLE,29.311238,1748.380005,95,10,6,1,1048.000000,1048.000000,0.000000,0.000000,0
circ18dnonbal,config17,1,FAILED TO FIND AN INTEGER FEASIBLE SOLUTION,91.649775,3600,219,11,11,0,0.000000,0.000000,7.000000,7.000000,14
circ18dnonbal,config17,2,FOUND INTEGER FEASIBLE,90.448719,619.750516,41,11,1,0,1108.000000,1108.000000,0.000000,0.000000,0
circ18dnonbal,config17,3,FOUND INTEGER FEASIBLE,90.820117,1751.686110,104,11,5,0,1122.000000,1122.000000,0.000000,0.000000,0
circ18dnonbal,config17,4,FAILED TO FIND AN INTEGER FEASIBLE SOLUTION,92.477189,3600,182,11,10,0,0.000000,0.000000,7.154856,7.154856,430
circ18dnonbal,config17,5,FAILED TO FIND AN INTEGER FEASIBLE SOLUTION,87.087355,3600,199,11,11,0,0.000000,0.000000,8.566615,8.566615,413
circ18dnonbal,config21,1,FOUND INTEGER FEASIBLE,155.080960,823.250997,72,11,2,0,1120.000000,1120.000000,0.000000,0.000000,0
circ18dnonbal,config21,2,FOUND INTEGER FEASIBLE,165.198557,829.777202,72,11,2,0,1120.000000,1120.000000,0.000000,0.000000,0
circ18dnonbal,config21,3,FOUND INTEGER FEASIBLE,166.237904,793.310804,71,11,2,0,1106.000000,1106.000000,0.000000,0.000000,0
circ18dnonbal,config21,4,FOUND INTEGER FEASIBLE,162.603464,1622.129131,122,11,5,0,1098.000000,1098.000000,0.000000,0.000000,0
circ18dnonbal,config21,5,FAILED TO FIND AN INTEGER FEASIBLE SOLUTION,160.961981,3600,236,11,11,0,0.000000,0.000000,7.202893,7.202893,415
circ18dnonbal,config23,1,FOUND INTEGER FEASIBLE,171.197202,1730.268789,120,11,5,0,1042.000000,1042.000000,0.000000,0.000000,0
circ18dnonbal,config23,2,FAILED TO FIND AN INTEGER FEASIBLE SOLUTION,155.982999,3600,244,11,11,0,0.000000,0.000000,7.797590,7.895710,408
circ18dnonbal,config23,3,FOUND INTEGER FEASIBLE,176.764478,1788.132507,122,11,5,0,1042.000000,1042.000000,0.000000,0.000000,0
circ18dnonbal,config23,4,FOUND INTEGER FEASIBLE,159.575529,1441.459534,109,11,4,0,1106.000000,1106.000000,0.000000,0.000000,0
circ18dnonbal,config23,5,FOUND INTEGER FEASIBLE,168.051567,1218.341119,103,11,3,0,1142.000000,1142.000000,0.000000,0.000000,0
circ18dnonbal,config19,1,FOUND INTEGER FEASIBLE,0.000000,1193.654206,0,0,-1,-1,932.000000,932.000000,0.000000,0.000000,0
circ18dnonbal,config19,2,FOUND INTEGER FEASIBLE,0.000000,1188.555972,0,0,-1,-1,932.000000,932.000000,0.000000,0.000000,0
circ18dnonbal,config19,3,FOUND INTEGER FEASIBLE,0.000000,1189.112824,0,0,-1,-1,932.000000,932.000000,0.000000,0.000000,0
circ18dnonbal,config19,4,FOUND INTEGER FEASIBLE,0.000000,1183.905678,0,0,-1,-1,932.000000,932.000000,0.000000,0.000000,0
circ18dnonbal,config19,5,FOUND INTEGER FEASIBLE,0.000000,1179.009562,0,0,-1,-1,932.000000,932.000000,0.000000,0.000000,0
circ18dnonbal,config18,1,FOUND INTEGER FEASIBLE,0.000000,845.453456,0,0,-1,-1,868.000000,868.000000,0.000000,0.000000,0
circ18dnonbal,config18,2,FOUND INTEGER FEASIBLE,0.000000,845.550692,0,0,-1,-1,868.000000,868.000000,0.000000,0.000000,0
circ18dnonbal,config18,3,FOUND INTEGER FEASIBLE,0.000000,844.412421,0,0,-1,-1,868.000000,868.000000,0.000000,0.000000,0
circ18dnonbal,config18,4,FOUND INTEGER FEASIBLE,0.000000,836.245324,0,0,-1,-1,868.000000,868.000000,0.000000,0.000000,0
circ18dnonbal,config18,5,FOUND INTEGER FEASIBLE,0.000000,839.539028,0,0,-1,-1,868.000000,868.000000,0.000000,0.000000,0
circ18ebal,config1,1,FAILED TO FIND AN INTEGER FEASIBLE SOLUTION,0.000000,3600,193,0,-1,-1,0.000000,0.000000,21.284645,22.890882,494
circ18ebal,config1,2,FAILED TO FIND AN INTEGER FEASIBLE SOLUTION,0.000000,3600,191,0,-1,-1,0.000000,0.000000,21.284645,22.890882,494
circ18ebal,config1,3,FAILED TO FIND AN INTEGER FEASIBLE SOLUTION,0.000000,3600,192,0,-1,-1,0.000000,0.000000,21.284645,22.890882,494
circ18ebal,config1,4,FAILED TO FIND AN INTEGER FEASIBLE SOLUTION,0.000000,3600,201,0,-1,-1,0.000000,0.000000,13.145968,14.550090,440
circ18ebal,config1,5,FAILED TO FIND AN INTEGER FEASIBLE SOLUTION,0.000000,3600,194,0,-1,-1,0.000000,0.000000,15.999034,17.142988,472
circ18ebal,config3,1,FAILED TO FIND AN INTEGER FEASIBLE SOLUTION,0.000000,3600,191,0,-1,-1,0.000000,0.000000,26.248506,28.060996,500
circ18ebal,config3,2,FAILED TO FIND AN INTEGER FEASIBLE SOLUTION,0.000000,3600,183,0,-1,-1,0.000000,0.000000,26.248506,28.060996,500
circ18ebal,config3,3,FAILED TO FIND AN INTEGER FEASIBLE SOLUTION,0.000000,3600,192,0,-1,-1,0.000000,0.000000,26.248506,28.060996,500
circ18ebal,config3,4,FAILED TO FIND AN INTEGER FEASIBLE SOLUTION,0.000000,3600,201,0,-1,-1,0.000000,0.000000,25.750671,29.035032,466
circ18ebal,config3,5,FAILED TO FIND AN INTEGER FEASIBLE SOLUTION,0.000000,3600,195,0,-1,-1,0.000000,0.000000,27.533683,29.963381,479
circ18ebal,config20,1,FAILED TO FIND AN INTEGER FEASIBLE SOLUTION,0.000000,3600,87,0,-1,-1,0.000000,0.000000,18.940520,20.224541,469
circ18ebal,config20,2,FAILED TO FIND AN INTEGER FEASIBLE SOLUTION,0.000000,3600,85,0,-1,-1,0.000000,0.000000,18.940520,20.224541,469
circ18ebal,config20,3,FAILED TO FIND AN INTEGER FEASIBLE SOLUTION,0.000000,3600,85,0,-1,-1,0.000000,0.000000,18.940520,20.224541,469
circ18ebal,config20,4,FAILED TO FIND AN INTEGER FEASIBLE SOLUTION,0.000000,3600,202,0,-1,-1,0.000000,0.000000,24.579549,28.351363,456
circ18ebal,config20,5,FAILED TO FIND AN INTEGER FEASIBLE SOLUTION,0.000000,3600,192,0,-1,-1,0.000000,0.000000,19.326705,20.068024,432
circ18ebal,config16,1,FOUND INTEGER FEASIBLE,24.015011,698.338316,44,11,3,1,1116.000000,1116.000000,0.000000,0.000000,0
circ18ebal,config16,2,FAILED TO FIND AN INTEGER FEASIBLE SOLUTION,24.134437,3600,226,11,11,1,0.000000,0.000000,7.928810,8.310549,387
circ18ebal,config16,3,FOUND INTEGER FEASIBLE,21.369899,738.361027,49,11,3,1,1134.000000,1134.000000,0.000000,0.000000,0
circ18ebal,config16,4,FOUND INTEGER FEASIBLE,24.542296,2132.868375,152,11,8,1,986.000000,986.000000,0.000000,0.000000,0
circ18ebal,config16,5,FAILED TO FIND AN INTEGER FEASIBLE SOLUTION,24.341035,3600,216,11,11,1,0.000000,0.000000,7.647221,7.647221,448
circ18ebal,config17,1,FOUND INTEGER FEASIBLE,88.900582,2563.886598,168,11,8,0,1102.000000,1102.000000,0.000000,0.000000,0
circ18ebal,config17,2,FAILED TO FIND AN INTEGER FEASIBLE SOLUTION,94.017296,3600,233,11,11,0,0.000000,0.000000,7.729205,7.933210,404
circ18ebal,config17,3,FOUND INTEGER FEASIBLE,92.099125,2005.536921,133,11,6,0,1118.000000,1118.000000,0.000000,0.000000,0
circ18ebal,config17,4,FAILED TO FIND AN INTEGER FEASIBLE SOLUTION,96.928517,3600,217,11,11,0,0.000000,0.000000,7.590483,7.590483,389
circ18ebal,config17,5,FAILED TO FIND AN INTEGER FEASIBLE SOLUTION,92.812418,3600,222,11,11,0,0.000000,0.000000,7.552031,7.552031,439
circ18ebal,config21,1,FOUND INTEGER FEASIBLE,127.800485,1716.784090,105,11,5,0,1248.000000,1248.000000,0.000000,0.000000,0
circ18ebal,config21,2,FOUND INTEGER FEASIBLE,113.156453,3472.980931,229,11,11,0,1246.000000,1246.000000,0.000000,0.000000,0
circ18ebal,config21,3,FAILED TO FIND AN INTEGER FEASIBLE SOLUTION,117.331617,3600,247,11,11,0,0.000000,0.000000,9.595836,10.042732,423
circ18ebal,config21,4,FOUND INTEGER FEASIBLE,122.400468,1616.973325,105,11,5,0,1198.000000,1198.000000,0.000000,0.000000,0
circ18ebal,config21,5,FOUND INTEGER FEASIBLE,119.729645,1051.915580,70,11,3,0,1212.000000,1212.000000,0.000000,0.000000,0
circ18ebal,config23,1,FAILED TO FIND AN INTEGER FEASIBLE SOLUTION,127.043875,3600,232,11,11,0,0.000000,0.000000,7.860903,7.886949,419
circ18ebal,config23,2,FOUND INTEGER FEASIBLE,121.351554,1411.512294,98,11,4,0,1104.000000,1104.000000,0.000000,0.000000,0
circ18ebal,config23,3,FOUND INTEGER FEASIBLE,119.378990,1720.389464,113,11,5,0,1142.000000,1142.000000,0.000000,0.000000,0
circ18ebal,config23,4,FOUND INTEGER FEASIBLE,118.082356,1856.730931,126,11,5,0,1092.000000,1092.000000,0.000000,0.000000,0
circ18ebal,config23,5,FOUND INTEGER FEASIBLE,118.381672,577.294359,33,11,1,0,1148.000000,1148.000000,0.000000,0.000000,0
circ18ebal,config19,1,FOUND INTEGER FEASIBLE,0.000000,1352.935845,0,0,-1,-1,850.000000,850.000000,0.000000,0.000000,0
circ18ebal,config19,2,FOUND INTEGER FEASIBLE,0.000000,1353.160541,0,0,-1,-1,850.000000,850.000000,0.000000,0.000000,0
circ18ebal,config19,3,FOUND INTEGER FEASIBLE,0.000000,1358.302004,0,0,-1,-1,850.000000,850.000000,0.000000,0.000000,0
circ18ebal,config19,4,FOUND INTEGER FEASIBLE,0.000000,1339.206083,0,0,-1,-1,850.000000,850.000000,0.000000,0.000000,0
circ18ebal,config19,5,FOUND INTEGER FEASIBLE,0.000000,1338.682322,0,0,-1,-1,850.000000,850.000000,0.000000,0.000000,0
circ18ebal,config18,1,FOUND INTEGER FEASIBLE,0.000000,3577.086275,0,0,-1,-1,874.000000,874.000000,0.000000,0.000000,0
circ18ebal,config18,2,FOUND INTEGER FEASIBLE,0.000000,3582.646151,0,0,-1,-1,874.000000,874.000000,0.000000,0.000000,0
circ18ebal,config18,3,FOUND INTEGER FEASIBLE,0.000000,3562.668909,0,0,-1,-1,874.000000,874.000000,0.000000,0.000000,0
circ18ebal,config18,4,FOUND INTEGER FEASIBLE,0.000000,3543.188570,0,0,-1,-1,874.000000,874.000000,0.000000,0.000000,0
circ18ebal,config18,5,FOUND INTEGER FEASIBLE,0.000000,3557.052355,0,0,-1,-1,874.000000,874.000000,0.000000,0.000000,0
circ18enonbal,config1,1,FAILED TO FIND AN INTEGER FEASIBLE SOLUTION,0.000000,3600,152,0,-1,-1,0.000000,0.000000,24.752946,29.225057,407
circ18enonbal,config1,2,FAILED TO FIND AN INTEGER FEASIBLE SOLUTION,0.000000,3600,146,0,-1,-1,0.000000,0.000000,28.099212,31.238223,466
circ18enonbal,config1,3,FAILED TO FIND AN INTEGER FEASIBLE SOLUTION,0.000000,3600,152,0,-1,-1,0.000000,0.000000,28.226321,30.628725,452
circ18enonbal,config1,4,FAILED TO FIND AN INTEGER FEASIBLE SOLUTION,0.000000,3600,146,0,-1,-1,0.000000,0.000000,21.347240,25.642875,444
circ18enonbal,config1,5,FAILED TO FIND AN INTEGER FEASIBLE SOLUTION,0.000000,3600,150,0,-1,-1,0.000000,0.000000,19.185621,21.023474,476
circ18enonbal,config3,1,FAILED TO FIND AN INTEGER FEASIBLE SOLUTION,0.000000,3600,140,0,-1,-1,0.000000,0.000000,16.478244,18.120587,474
circ18enonbal,config3,2,FAILED TO FIND AN INTEGER FEASIBLE SOLUTION,0.000000,3600,144,0,-1,-1,0.000000,0.000000,16.478244,18.120587,474
circ18enonbal,config3,3,FAILED TO FIND AN INTEGER FEASIBLE SOLUTION,0.000000,3600,138,0,-1,-1,0.000000,0.000000,16.478244,18.120587,474
circ18enonbal,config3,4,FAILED TO FIND AN INTEGER FEASIBLE SOLUTION,0.000000,3600,144,0,-1,-1,0.000000,0.000000,13.902811,17.715275,403
circ18enonbal,config3,5,FAILED TO FIND AN INTEGER FEASIBLE SOLUTION,0.000000,3600,142,0,-1,-1,0.000000,0.000000,22.857343,25.973359,450
circ18enonbal,config20,1,FAILED TO FIND AN INTEGER FEASIBLE SOLUTION,0.000000,3600,77,0,-1,-1,0.000000,0.000000,19.982340,21.181057,426
circ18enonbal,config20,2,FAILED TO FIND AN INTEGER FEASIBLE SOLUTION,0.000000,3600,71,0,-1,-1,0.000000,0.000000,19.982340,21.181057,426
circ18enonbal,config20,3,FAILED TO FIND AN INTEGER FEASIBLE SOLUTION,0.000000,3600,75,0,-1,-1,0.000000,0.000000,19.982340,21.181057,426
circ18enonbal,config20,4,FAILED TO FIND AN INTEGER FEASIBLE SOLUTION,0.000000,3600,153,0,-1,-1,0.000000,0.000000,15.906474,18.684864,415
circ18enonbal,config20,5,FOUND INTEGER FEASIBLE,0.000000,283.963521,11,0,-1,-1,1232.000000,1232.000000,0.000000,0.000000,0
circ18enonbal,config16,1,FAILED TO FIND AN INTEGER FEASIBLE SOLUTION,31.286818,3600,188,11,11,1,0.000000,0.000000,8.341309,8.341309,408
circ18enonbal,config16,2,FOUND INTEGER FEASIBLE,26.948191,2836.716015,155,11,10,1,1078.000000,1078.000000,0.000000,0.000000,0
circ18enonbal,config16,3,FAILED TO FIND AN INTEGER FEASIBLE SOLUTION,27.690279,3600,191,11,11,1,0.000000,0.000000,8.341637,8.341637,416
circ18enonbal,config16,4,FOUND INTEGER FEASIBLE,25.240580,404.967063,21,11,2,1,1056.000000,1056.000000,0.000000,0.000000,0
circ18enonbal,config16,5,FOUND INTEGER FEASIBLE,27.185138,806.247829,45,11,3,1,1090.000000,1090.000000,0.000000,0.000000,0
circ18enonbal,config17,1,FOUND INTEGER FEASIBLE,194.214348,999.800066,57,11,2,0,1136.000000,1136.000000,0.000000,0.000000,0
circ18enonbal,config17,2,FOUND INTEGER FEASIBLE,194.746811,1410.099585,77,11,4,0,1116.000000,1116.000000,0.000000,0.000000,0
circ18enonbal,config17,3,FOUND INTEGER FEASIBLE,184.974038,874.210212,41,11,2,0,1104.000000,1104.000000,0.000000,0.000000,0
circ18enonbal,config17,4,FOUND INTEGER FEASIBLE,201.213866,1423.199876,40,11,2,0,1102.000000,1102.000000,0.000000,0.000000,0
circ18enonbal,config17,5,FOUND INTEGER FEASIBLE,196.727747,1389.816243,76,11,4,0,1164.000000,1164.000000,0.000000,0.000000,0
circ18enonbal,config21,1,FAILED TO FIND AN INTEGER FEASIBLE SOLUTION,212.995125,3600,219,11,11,0,0.000000,0.000000,7.391674,7.391674,404
circ18enonbal,config21,2,FOUND INTEGER FEASIBLE,216.709383,2834.342919,172,11,9,0,1186.000000,1186.000000,0.000000,0.000000,0
circ18enonbal,config21,3,FOUND INTEGER FEASIBLE,213.518702,2689.052842,166,11,8,0,1170.000000,1170.000000,0.000000,0.000000,0
circ18enonbal,config21,4,FOUND INTEGER FEASIBLE,222.174134,1708.067210,108,11,5,0,1150.000000,1150.000000,0.000000,0.000000,0
circ18enonbal,config21,5,FOUND INTEGER FEASIBLE,221.093560,1463.338187,88,11,4,0,1154.000000,1154.000000,0.000000,0.000000,0
circ18enonbal,config23,1,FOUND INTEGER FEASIBLE,213.589887,1201.896656,79,11,3,0,1090.000000,1090.000000,0.000000,0.000000,0
circ18enonbal,config23,2,FOUND INTEGER FEASIBLE,213.867657,1190.064932,77,11,3,0,1112.000000,1112.000000,0.000000,0.000000,0
circ18enonbal,config23,3,FOUND INTEGER FEASIBLE,218.590428,1797.835454,108,11,5,0,1154.000000,1154.000000,0.000000,0.000000,0
circ18enonbal,config23,4,FAILED TO FIND AN INTEGER FEASIBLE SOLUTION,206.705905,3600,216,11,11,0,0.000000,0.000000,11.418100,11.435195,425
circ18enonbal,config23,5,FOUND INTEGER FEASIBLE,213.676087,2021.882965,127,11,6,0,1114.000000,1114.000000,0.000000,0.000000,0
circ18enonbal,config19,1,FAILED TO FIND AN INTEGER FEASIBLE SOLUTION,0.000000,3600,0,0,-1,-1,0.000000,0.000000,inf,inf,0
circ18enonbal,config19,2,FAILED TO FIND AN INTEGER FEASIBLE SOLUTION,0.000000,3600,0,0,-1,-1,0.000000,0.000000,inf,inf,0
circ18enonbal,config19,3,FAILED TO FIND AN INTEGER FEASIBLE SOLUTION,0.000000,3600,0,0,-1,-1,0.000000,0.000000,inf,inf,0
circ18enonbal,config19,4,FAILED TO FIND AN INTEGER FEASIBLE SOLUTION,0.000000,3600,0,0,-1,-1,0.000000,0.000000,inf,inf,0
circ18enonbal,config19,5,FAILED TO FIND AN INTEGER FEASIBLE SOLUTION,0.000000,3600,0,0,-1,-1,0.000000,0.000000,inf,inf,0
circ18enonbal,config18,1,FOUND INTEGER FEASIBLE,0.000000,878.270808,0,0,-1,-1,912.000000,912.000000,0.000000,0.000000,0
circ18enonbal,config18,2,FOUND INTEGER FEASIBLE,0.000000,874.977396,0,0,-1,-1,912.000000,912.000000,0.000000,0.000000,0
circ18enonbal,config18,3,FOUND INTEGER FEASIBLE,0.000000,876.763110,0,0,-1,-1,912.000000,912.000000,0.000000,0.000000,0
circ18enonbal,config18,4,FOUND INTEGER FEASIBLE,0.000000,869.825039,0,0,-1,-1,912.000000,912.000000,0.000000,0.000000,0
circ18enonbal,config18,5,FOUND INTEGER FEASIBLE,0.000000,875.928828,0,0,-1,-1,912.000000,912.000000,0.000000,0.000000,0
circ18fbal,config1,1,FAILED TO FIND AN INTEGER FEASIBLE SOLUTION,0.000000,3600,199,0,-1,-1,0.000000,0.000000,18.670819,20.924460,465
circ18fbal,config1,2,FAILED TO FIND AN INTEGER FEASIBLE SOLUTION,0.000000,3600,192,0,-1,-1,0.000000,0.000000,21.529598,25.184282,442
circ18fbal,config1,3,FAILED TO FIND AN INTEGER FEASIBLE SOLUTION,0.000000,3600,188,0,-1,-1,0.000000,0.000000,22.983356,26.828350,480
circ18fbal,config1,4,FAILED TO FIND AN INTEGER FEASIBLE SOLUTION,0.000000,3600,193,0,-1,-1,0.000000,0.000000,20.153058,23.486680,470
circ18fbal,config1,5,FAILED TO FIND AN INTEGER FEASIBLE SOLUTION,0.000000,3600,198,0,-1,-1,0.000000,0.000000,27.320640,29.786123,459
circ18fbal,config3,1,FAILED TO FIND AN INTEGER FEASIBLE SOLUTION,0.000000,3600,187,0,-1,-1,0.000000,0.000000,29.910249,32.729375,490
circ18fbal,config3,2,FAILED TO FIND AN INTEGER FEASIBLE SOLUTION,0.000000,3600,188,0,-1,-1,0.000000,0.000000,29.910249,32.729375,490
circ18fbal,config3,3,FAILED TO FIND AN INTEGER FEASIBLE SOLUTION,0.000000,3600,191,0,-1,-1,0.000000,0.000000,29.910249,32.729375,490
circ18fbal,config3,4,FAILED TO FIND AN INTEGER FEASIBLE SOLUTION,0.000000,3600,201,0,-1,-1,0.000000,0.000000,25.874874,29.575870,466
circ18fbal,config3,5,FAILED TO FIND AN INTEGER FEASIBLE SOLUTION,0.000000,3600,194,0,-1,-1,0.000000,0.000000,31.122766,33.746017,508
circ18fbal,config20,1,FAILED TO FIND AN INTEGER FEASIBLE SOLUTION,0.000000,3600,90,0,-1,-1,0.000000,0.000000,26.404236,29.206640,458
circ18fbal,config20,2,FAILED TO FIND AN INTEGER FEASIBLE SOLUTION,0.000000,3600,89,0,-1,-1,0.000000,0.000000,26.404236,29.206640,458
circ18fbal,config20,3,FAILED TO FIND AN INTEGER FEASIBLE SOLUTION,0.000000,3600,90,0,-1,-1,0.000000,0.000000,26.404236,29.206640,458
circ18fbal,config20,4,FAILED TO FIND AN INTEGER FEASIBLE SOLUTION,0.000000,3600,192,0,-1,-1,0.000000,0.000000,19.775923,22.079850,469
circ18fbal,config20,5,FAILED TO FIND AN INTEGER FEASIBLE SOLUTION,0.000000,3600,202,0,-1,-1,0.000000,0.000000,15.099123,17.004184,440
circ18fbal,config16,1,FAILED TO FIND AN INTEGER FEASIBLE SOLUTION,30.073187,3600,230,11,11,1,0.000000,0.000000,8.015758,8.098018,401
circ18fbal,config16,2,FOUND INTEGER FEASIBLE,28.299352,1460.080400,107,11,5,1,1084.000000,1084.000000,0.000000,0.000000,0
circ18fbal,config16,3,FOUND INTEGER FEASIBLE,29.871412,814.491620,57,11,3,1,1098.000000,1098.000000,0.000000,0.000000,0
circ18fbal,config16,4,FAILED TO FIND AN INTEGER FEASIBLE SOLUTION,31.765700,3600,249,11,11,1,0.000000,0.000000,7.515757,7.515757,408
circ18fbal,config16,5,FOUND INTEGER FEASIBLE,28.163164,966.121506,63,11,4,1,1046.000000,1046.000000,0.000000,0.000000,0
circ18fbal,config17,1,FOUND INTEGER FEASIBLE,116.436289,547.084538,28,11,1,0,1134.000000,1134.000000,0.000000,0.000000,0
circ18fbal,config17,2,FOUND INTEGER FEASIBLE,119.641774,546.866263,28,11,1,0,1134.000000,1134.000000,0.000000,0.000000,0
circ18fbal,config17,3,FOUND INTEGER FEASIBLE,119.792661,536.876647,28,11,1,0,1134.000000,1134.000000,0.000000,0.000000,0
circ18fbal,config17,4,FOUND INTEGER FEASIBLE,116.698226,2806.404325,180,11,9,0,1168.000000,1168.000000,0.000000,0.000000,0
circ18fbal,config17,5,FOUND INTEGER FEASIBLE,112.484754,2801.806153,196,11,9,0,1114.000000,1114.000000,0.000000,0.000000,0
circ18fbal,config21,1,FAILED TO FIND AN INTEGER FEASIBLE SOLUTION,132.714883,3600,236,11,11,0,0.000000,0.000000,7.910157,7.910157,406
circ18fbal,config21,2,FAILED TO FIND AN INTEGER FEASIBLE SOLUTION,132.466445,3600,231,11,11,0,0.000000,0.000000,8.728948,8.930934,405
circ18fbal,config21,3,FAILED TO FIND AN INTEGER FEASIBLE SOLUTION,132.798077,3600,235,11,11,0,0.000000,0.000000,8.055210,8.198377,416
circ18fbal,config21,4,FOUND INTEGER FEASIBLE,129.815810,855.799039,47,11,2,0,1174.000000,1174.000000,0.000000,0.000000,0
circ18fbal,config21,5,FOUND INTEGER FEASIBLE,126.152566,1908.477828,119,11,6,0,1160.000000,1160.000000,0.000000,0.000000,0
circ18fbal,config23,1,FOUND INTEGER FEASIBLE,126.717872,1666.156281,113,11,5,0,1110.000000,1110.000000,0.000000,0.000000,0
circ18fbal,config23,2,FAILED TO FIND AN INTEGER FEASIBLE SOLUTION,127.507143,3600,263,11,11,0,0.000000,0.000000,9.211364,9.695968,443
circ18fbal,config23,3,FOUND INTEGER FEASIBLE,124.549109,1358.055895,95,11,4,0,1038.000000,1038.000000,0.000000,0.000000,0
circ18fbal,config23,4,FOUND INTEGER FEASIBLE,126.559565,2302.973717,165,11,7,0,1180.000000,1180.000000,0.000000,0.000000,0
circ18fbal,config23,5,FAILED TO FIND AN INTEGER FEASIBLE SOLUTION,126.214732,3600,244,11,11,0,0.000000,0.000000,9.580151,9.580151,442
circ18fbal,config19,1,FOUND INTEGER FEASIBLE,0.000000,1240.320255,0,0,-1,-1,882.000000,882.000000,0.000000,0.000000,0
circ18fbal,config19,2,FOUND INTEGER FEASIBLE,0.000000,1233.662362,0,0,-1,-1,882.000000,882.000000,0.000000,0.000000,0
circ18fbal,config19,3,FOUND INTEGER FEASIBLE,0.000000,1239.817066,0,0,-1,-1,882.000000,882.000000,0.000000,0.000000,0
circ18fbal,config19,4,FOUND INTEGER FEASIBLE,0.000000,1219.029806,0,0,-1,-1,882.000000,882.000000,0.000000,0.000000,0
circ18fbal,config19,5,FOUND INTEGER FEASIBLE,0.000000,1214.857741,0,0,-1,-1,882.000000,882.000000,0.000000,0.000000,0
circ18fbal,config18,1,FOUND INTEGER FEASIBLE,0.000000,504.752655,0,0,-1,-1,872.000000,872.000000,0.000000,0.000000,0
circ18fbal,config18,2,FOUND INTEGER FEASIBLE,0.000000,500.913603,0,0,-1,-1,872.000000,872.000000,0.000000,0.000000,0
circ18fbal,config18,3,FOUND INTEGER FEASIBLE,0.000000,503.575635,0,0,-1,-1,872.000000,872.000000,0.000000,0.000000,0
circ18fbal,config18,4,FOUND INTEGER FEASIBLE,0.000000,501.106228,0,0,-1,-1,872.000000,872.000000,0.000000,0.000000,0
circ18fbal,config18,5,FOUND INTEGER FEASIBLE,0.000000,500.016230,0,0,-1,-1,872.000000,872.000000,0.000000,0.000000,0
circ18fnonbal,config1,1,FAILED TO FIND AN INTEGER FEASIBLE SOLUTION,0.000000,3600,153,0,-1,-1,0.000000,0.000000,20.308211,26.320683,452
circ18fnonbal,config1,2,FAILED TO FIND AN INTEGER FEASIBLE SOLUTION,0.000000,3600,151,0,-1,-1,0.000000,0.000000,20.308211,26.320683,452
circ18fnonbal,config1,3,FAILED TO FIND AN INTEGER FEASIBLE SOLUTION,0.000000,3600,146,0,-1,-1,0.000000,0.000000,20.308211,26.320683,452
circ18fnonbal,config1,4,FAILED TO FIND AN INTEGER FEASIBLE SOLUTION,0.000000,3600,160,0,-1,-1,0.000000,0.000000,24.768918,28.561115,449
circ18fnonbal,config1,5,FAILED TO FIND AN INTEGER FEASIBLE SOLUTION,0.000000,3600,157,0,-1,-1,0.000000,0.000000,25.317243,27.891920,437
circ18fnonbal,config3,1,FAILED TO FIND AN INTEGER FEASIBLE SOLUTION,0.000000,3600,152,0,-1,-1,0.000000,0.000000,19.592294,22.060433,439
circ18fnonbal,config3,2,FAILED TO FIND AN INTEGER FEASIBLE SOLUTION,0.000000,3600,144,0,-1,-1,0.000000,0.000000,24.195881,26.239696,455
circ18fnonbal,config3,3,FAILED TO FIND AN INTEGER FEASIBLE SOLUTION,0.000000,3600,151,0,-1,-1,0.000000,0.000000,24.195881,26.239696,455
circ18fnonbal,config3,4,FAILED TO FIND AN INTEGER FEASIBLE SOLUTION,0.000000,3600,158,0,-1,-1,0.000000,0.000000,7.716793,8.716793,361
circ18fnonbal,config3,5,FAILED TO FIND AN INTEGER FEASIBLE SOLUTION,0.000000,3600,153,0,-1,-1,0.000000,0.000000,13.580823,16.981783,444
circ18fnonbal,config20,1,FAILED TO FIND AN INTEGER FEASIBLE SOLUTION,0.000000,3600,76,0,-1,-1,0.000000,0.000000,15.739577,18.241311,331
circ18fnonbal,config20,2,FAILED TO FIND AN INTEGER FEASIBLE SOLUTION,0.000000,3600,78,0,-1,-1,0.000000,0.000000,9.161601,10.967999,351
circ18fnonbal,config20,3,FAILED TO FIND AN INTEGER FEASIBLE SOLUTION,0.000000,3600,74,0,-1,-1,0.000000,0.000000,15.739577,18.241311,331
circ18fnonbal,config20,4,FAILED TO FIND AN INTEGER FEASIBLE SOLUTION,0.000000,3600,147,0,-1,-1,0.000000,0.000000,20.577808,23.699388,367
circ18fnonbal,config20,5,FAILED TO FIND AN INTEGER FEASIBLE SOLUTION,0.000000,3600,153,0,-1,-1,0.000000,0.000000,11.792094,14.869143,430
circ18fnonbal,config16,1,FOUND INTEGER FEASIBLE,39.927756,484.008582,27,11,2,1,1046.000000,1046.000000,0.000000,0.000000,0
circ18fnonbal,config16,2,FAILED TO FIND AN INTEGER FEASIBLE SOLUTION,41.130782,3600,192,11,11,1,0.000000,0.000000,8.889694,8.889694,402
circ18fnonbal,config16,3,FAILED TO FIND AN INTEGER FEASIBLE SOLUTION,42.269579,3600,184,11,11,1,0.000000,0.000000,8.889694,8.889694,402
circ18fnonbal,config16,4,FOUND INTEGER FEASIBLE,43.022990,427.562493,21,11,2,1,1108.000000,1108.000000,0.000000,0.000000,0
circ18fnonbal,config16,5,FAILED TO FIND AN INTEGER FEASIBLE SOLUTION,39.760083,3600,205,11,11,1,0.000000,0.000000,10.565548,10.663889,416
circ18fnonbal,config17,1,FOUND INTEGER FEASIBLE,95.506302,1166.593772,72,11,3,0,1092.000000,1092.000000,0.000000,0.000000,0
circ18fnonbal,config17,2,FOUND INTEGER FEASIBLE,91.676939,1190.517123,82,11,3,0,1112.000000,1112.000000,0.000000,0.000000,0
circ18fnonbal,config17,3,FOUND INTEGER FEASIBLE,93.954442,1167.658104,78,11,3,0,1104.000000,1104.000000,0.000000,0.000000,0
circ18fnonbal,config17,4,FOUND INTEGER FEASIBLE,97.607170,1963.778118,144,11,6,0,1104.000000,1104.000000,0.000000,0.000000,0
circ18fnonbal,config17,5,FOUND INTEGER FEASIBLE,99.141965,1097.838571,72,11,3,0,1116.000000,1116.000000,0.000000,0.000000,0
circ18fnonbal,config21,1,FOUND INTEGER FEASIBLE,660.345986,2967.653456,182,11,9,0,1152.000000,1152.000000,0.000000,0.000000,0
circ18fnonbal,config21,2,FAILED TO FIND AN INTEGER FEASIBLE SOLUTION,141.061939,3600,240,11,11,0,0.000000,0.000000,11.727191,11.727191,433
circ18fnonbal,config21,3,FOUND INTEGER FEASIBLE,139.129273,886.431214,81,11,2,0,1152.000000,1152.000000,0.000000,0.000000,0
circ18fnonbal,config21,4,FOUND INTEGER FEASIBLE,147.348288,2568.363974,189,11,8,0,1160.000000,1160.000000,0.000000,0.000000,0
circ18fnonbal,config21,5,FOUND INTEGER FEASIBLE,147.509962,905.790905,86,11,2,0,1144.000000,1144.000000,0.000000,0.000000,0
circ18fnonbal,config23,1,FAILED TO FIND AN INTEGER FEASIBLE SOLUTION,144.955697,3600,232,11,11,0,0.000000,0.000000,7.731516,7.740689,387
circ18fnonbal,config23,2,FAILED TO FIND AN INTEGER FEASIBLE SOLUTION,142.192295,3600,234,11,11,0,0.000000,0.000000,7.731516,7.740689,387
circ18fnonbal,config23,3,FOUND INTEGER FEASIBLE,141.417104,2300.068656,158,11,7,0,1170.000000,1170.000000,0.000000,0.000000,0
circ18fnonbal,config23,4,FOUND INTEGER FEASIBLE,143.230820,841.992085,81,11,2,0,1116.000000,1116.000000,0.000000,0.000000,0
circ18fnonbal,config23,5,FAILED TO FIND AN INTEGER FEASIBLE SOLUTION,143.803633,3600,233,11,11,0,0.000000,0.000000,9.042556,9.241711,438
circ18fnonbal,config19,1,FAILED TO FIND AN INTEGER FEASIBLE SOLUTION,0.000000,3600,0,0,-1,-1,0.000000,0.000000,inf,inf,0
circ18fnonbal,config19,2,FAILED TO FIND AN INTEGER FEASIBLE SOLUTION,0.000000,3600,0,0,-1,-1,0.000000,0.000000,inf,inf,0
circ18fnonbal,config19,3,FAILED TO FIND AN INTEGER FEASIBLE SOLUTION,0.000000,3600,0,0,-1,-1,0.000000,0.000000,inf,inf,0
circ18fnonbal,config19,4,FAILED TO FIND AN INTEGER FEASIBLE SOLUTION,0.000000,3600,0,0,-1,-1,0.000000,0.000000,inf,inf,0
circ18fnonbal,config19,5,FAILED TO FIND AN INTEGER FEASIBLE SOLUTION,0.000000,3600,0,0,-1,-1,0.000000,0.000000,inf,inf,0
circ18fnonbal,config18,1,FOUND INTEGER FEASIBLE,0.000000,1175.107882,0,0,-1,-1,882.000000,882.000000,0.000000,0.000000,0
circ18fnonbal,config18,2,FOUND INTEGER FEASIBLE,0.000000,1178.152720,0,0,-1,-1,882.000000,882.000000,0.000000,0.000000,0
circ18fnonbal,config18,3,FOUND INTEGER FEASIBLE,0.000000,1177.047480,0,0,-1,-1,882.000000,882.000000,0.000000,0.000000,0
circ18fnonbal,config18,4,FOUND INTEGER FEASIBLE,0.000000,1163.994788,0,0,-1,-1,882.000000,882.000000,0.000000,0.000000,0
circ18fnonbal,config18,5,FOUND INTEGER FEASIBLE,0.000000,1170.835392,0,0,-1,-1,882.000000,882.000000,0.000000,0.000000,0
circ18gbal,config1,1,FAILED TO FIND AN INTEGER FEASIBLE SOLUTION,0.000000,3600,199,0,-1,-1,0.000000,0.000000,17.400971,21.121002,467
circ18gbal,config1,2,FAILED TO FIND AN INTEGER FEASIBLE SOLUTION,0.000000,3600,191,0,-1,-1,0.000000,0.000000,19.720078,21.159381,475
circ18gbal,config1,3,FAILED TO FIND AN INTEGER FEASIBLE SOLUTION,0.000000,3600,198,0,-1,-1,0.000000,0.000000,19.720078,21.159381,475
circ18gbal,config1,4,FAILED TO FIND AN INTEGER FEASIBLE SOLUTION,0.000000,3600,190,0,-1,-1,0.000000,0.000000,23.074312,25.124842,461
circ18gbal,config1,5,FAILED TO FIND AN INTEGER FEASIBLE SOLUTION,0.000000,3600,200,0,-1,-1,0.000000,0.000000,21.521390,23.821192,494
circ18gbal,config3,1,FAILED TO FIND AN INTEGER FEASIBLE SOLUTION,0.000000,3600,186,0,-1,-1,0.000000,0.000000,18.519767,22.305311,473
circ18gbal,config3,2,FAILED TO FIND AN INTEGER FEASIBLE SOLUTION,0.000000,3600,192,0,-1,-1,0.000000,0.000000,17.526162,18.844346,473
circ18gbal,config3,3,FAILED TO FIND AN INTEGER FEASIBLE SOLUTION,0.000000,3600,189,0,-1,-1,0.000000,0.000000,17.846951,22.059744,456
circ18gbal,config3,4,FAILED TO FIND AN INTEGER FEASIBLE SOLUTION,0.000000,3600,185,0,-1,-1,0.000000,0.000000,24.613123,26.630121,478
circ18gbal,config3,5,FAILED TO FIND AN INTEGER FEASIBLE SOLUTION,0.000000,3600,188,0,-1,-1,0.000000,0.000000,27.237258,29.971699,490
circ18gbal,config20,1,FAILED TO FIND AN INTEGER FEASIBLE SOLUTION,0.000000,3600,87,0,-1,-1,0.000000,0.000000,17.306181,18.718736,337
circ18gbal,config20,2,FAILED TO FIND AN INTEGER FEASIBLE SOLUTION,0.000000,3600,82,0,-1,-1,0.000000,0.000000,17.306181,18.718736,337
circ18gbal,config20,3,FAILED TO FIND AN INTEGER FEASIBLE SOLUTION,0.000000,3600,87,0,-1,-1,0.000000,0.000000,17.306181,18.718736,337
circ18gbal,config20,4,FAILED TO FIND AN INTEGER FEASIBLE SOLUTION,0.000000,3600,194,0,-1,-1,0.000000,0.000000,24.332650,27.088937,485
circ18gbal,config20,5,FAILED TO FIND AN INTEGER FEASIBLE SOLUTION,0.000000,3600,198,0,-1,-1,0.000000,0.000000,17.409478,18.038130,461
circ18gbal,config16,1,FAILED TO FIND AN INTEGER FEASIBLE SOLUTION,32.555395,3600,244,11,11,1,0.000000,0.000000,8.273422,8.298441,428
circ18gbal,config16,2,FOUND INTEGER FEASIBLE,33.576128,843.026992,62,11,3,1,1102.000000,1102.000000,0.000000,0.000000,0
circ18gbal,config16,3,FOUND INTEGER FEASIBLE,30.762725,1026.788394,75,11,4,1,1106.000000,1106.000000,0.000000,0.000000,0
circ18gbal,config16,4,FOUND INTEGER FEASIBLE,31.487243,1055.362222,72,11,4,1,1072.000000,1072.000000,0.000000,0.000000,0
circ18gbal,config16,5,FOUND INTEGER FEASIBLE,30.994383,460.767629,27,11,2,1,1068.000000,1068.000000,0.000000,0.000000,0
circ18gbal,config17,1,FOUND INTEGER FEASIBLE,143.483904,1661.710348,105,11,5,0,1044.000000,1044.000000,0.000000,0.000000,0
circ18gbal,config17,2,FOUND INTEGER FEASIBLE,145.074166,1369.062010,83,11,4,0,1048.000000,1048.000000,0.000000,0.000000,0
circ18gbal,config17,3,FOUND INTEGER FEASIBLE,149.775762,2853.754254,187,11,9,0,1114.000000,1114.000000,0.000000,0.000000,0
circ18gbal,config17,4,FOUND INTEGER FEASIBLE,144.269536,1648.184025,94,11,5,0,1116.000000,1116.000000,0.000000,0.000000,0
circ18gbal,config17,5,FAILED TO FIND AN INTEGER FEASIBLE SOLUTION,153.398732,3600,226,11,11,0,0.000000,0.000000,8.000000,8.000000,16
circ18gbal,config21,1,FOUND INTEGER FEASIBLE,111.696698,1591.951541,106,11,5,0,1142.000000,1142.000000,0.000000,0.000000,0
circ18gbal,config21,2,FAILED TO FIND AN INTEGER FEASIBLE SOLUTION,109.948387,3600,233,11,11,0,0.000000,0.000000,7.288098,7.318908,337
circ18gbal,config21,3,FOUND INTEGER FEASIBLE,105.554871,1586.678124,109,11,5,0,1142.000000,1142.000000,0.000000,0.000000,0
circ18gbal,config21,4,FOUND INTEGER FEASIBLE,105.591804,1348.964791,90,11,4,0,1178.000000,1178.000000,0.000000,0.000000,0
circ18gbal,config21,5,FOUND INTEGER FEASIBLE,101.137354,1618.935817,101,11,5,0,1202.000000,1202.000000,0.000000,0.000000,0
circ18gbal,config23,1,FOUND INTEGER FEASIBLE,108.007507,1140.096685,76,11,3,0,1184.000000,1184.000000,0.000000,0.000000,0
circ18gbal,config23,2,FAILED TO FIND AN INTEGER FEASIBLE SOLUTION,112.657192,3600,240,11,11,0,0.000000,0.000000,8.191304,8.467188,424
circ18gbal,config23,3,FOUND INTEGER FEASIBLE,106.434391,1926.504276,138,11,6,0,1174.000000,1174.000000,0.000000,0.000000,0
circ18gbal,config23,4,FAILED TO FIND AN INTEGER FEASIBLE SOLUTION,109.286167,3600,230,11,11,0,0.000000,0.000000,7.341918,7.341918,412
circ18gbal,config23,5,FOUND INTEGER FEASIBLE,110.790347,816.236225,52,11,2,0,1042.000000,1042.000000,0.000000,0.000000,0
circ18gbal,config19,1,FOUND INTEGER FEASIBLE,0.000000,688.053056,0,0,-1,-1,848.000000,848.000000,0.000000,0.000000,0
circ18gbal,config19,2,FOUND INTEGER FEASIBLE,0.000000,686.179993,0,0,-1,-1,848.000000,848.000000,0.000000,0.000000,0
circ18gbal,config19,3,FOUND INTEGER FEASIBLE,0.000000,683.248430,0,0,-1,-1,848.000000,848.000000,0.000000,0.000000,0
circ18gbal,config19,4,FOUND INTEGER FEASIBLE,0.000000,681.533247,0,0,-1,-1,848.000000,848.000000,0.000000,0.000000,0
circ18gbal,config19,5,FOUND INTEGER FEASIBLE,0.000000,680.511719,0,0,-1,-1,848.000000,848.000000,0.000000,0.000000,0
circ18gbal,config18,1,FOUND INTEGER FEASIBLE,0.000000,670.636149,0,0,-1,-1,900.000000,900.000000,0.000000,0.000000,0
circ18gbal,config18,2,FOUND INTEGER FEASIBLE,0.000000,671.579381,0,0,-1,-1,900.000000,900.000000,0.000000,0.000000,0
circ18gbal,config18,3,FOUND INTEGER FEASIBLE,0.000000,669.835325,0,0,-1,-1,900.000000,900.000000,0.000000,0.000000,0
circ18gbal,config18,4,FOUND INTEGER FEASIBLE,0.000000,661.710373,0,0,-1,-1,900.000000,900.000000,0.000000,0.000000,0
circ18gbal,config18,5,FOUND INTEGER FEASIBLE,0.000000,661.519596,0,0,-1,-1,900.000000,900.000000,0.000000,0.000000,0
circ18gnonbal,config1,1,FAILED TO FIND AN INTEGER FEASIBLE SOLUTION,0.000000,3600,167,0,-1,-1,0.000000,0.000000,21.050264,23.212358,468
circ18gnonbal,config1,2,FAILED TO FIND AN INTEGER FEASIBLE SOLUTION,0.000000,3600,162,0,-1,-1,0.000000,0.000000,12.584807,14.366293,449
circ18gnonbal,config1,3,FAILED TO FIND AN INTEGER FEASIBLE SOLUTION,0.000000,3600,167,0,-1,-1,0.000000,0.000000,12.328801,14.017023,424
circ18gnonbal,config1,4,FAILED TO FIND AN INTEGER FEASIBLE SOLUTION,0.000000,3600,170,0,-1,-1,0.000000,0.000000,21.167701,22.887885,428
circ18gnonbal,config1,5,FAILED TO FIND AN INTEGER FEASIBLE SOLUTION,0.000000,3600,166,0,-1,-1,0.000000,0.000000,23.102386,25.995499,466
circ18gnonbal,config3,1,FAILED TO FIND AN INTEGER FEASIBLE SOLUTION,0.000000,3600,168,0,-1,-1,0.000000,0.000000,25.360975,26.665120,482
circ18gnonbal,config3,2,FAILED TO FIND AN INTEGER FEASIBLE SOLUTION,0.000000,3600,163,0,-1,-1,0.000000,0.000000,25.360975,26.665120,482
circ18gnonbal,config3,3,FAILED TO FIND AN INTEGER FEASIBLE SOLUTION,0.000000,3600,160,0,-1,-1,0.000000,0.000000,25.360975,26.665120,482
circ18gnonbal,config3,4,FAILED TO FIND AN INTEGER FEASIBLE SOLUTION,0.000000,3600,169,0,-1,-1,0.000000,0.000000,19.195819,20.479613,483
circ18gnonbal,config3,5,FAILED TO FIND AN INTEGER FEASIBLE SOLUTION,0.000000,3600,167,0,-1,-1,0.000000,0.000000,29.593729,32.773279,493
circ18gnonbal,config20,1,FAILED TO FIND AN INTEGER FEASIBLE SOLUTION,0.000000,3600,61,0,-1,-1,0.000000,0.000000,31.257576,34.545995,442
circ18gnonbal,config20,2,FAILED TO FIND AN INTEGER FEASIBLE SOLUTION,0.000000,3600,66,0,-1,-1,0.000000,0.000000,31.257576,34.545995,442
circ18gnonbal,config20,3,FAILED TO FIND AN INTEGER FEASIBLE SOLUTION,0.000000,3600,81,0,-1,-1,0.000000,0.000000,31.257576,34.545995,442
circ18gnonbal,config20,4,FAILED TO FIND AN INTEGER FEASIBLE SOLUTION,0.000000,3600,170,0,-1,-1,0.000000,0.000000,30.169339,32.712316,467
circ18gnonbal,config20,5,FAILED TO FIND AN INTEGER FEASIBLE SOLUTION,0.000000,3600,170,0,-1,-1,0.000000,0.000000,23.023768,24.920353,447
circ18gnonbal,config16,1,FOUND INTEGER FEASIBLE,32.615653,1391.917861,90,11,5,1,1108.000000,1108.000000,0.000000,0.000000,0
circ18gnonbal,config16,2,FOUND INTEGER FEASIBLE,31.603936,1620.787850,99,11,6,1,1134.000000,1134.000000,0.000000,0.000000,0
circ18gnonbal,config16,3,FOUND INTEGER FEASIBLE,33.705781,1704.712387,102,11,6,1,1130.000000,1130.000000,0.000000,0.000000,0
circ18gnonbal,config16,4,FOUND INTEGER FEASIBLE,33.303444,814.762736,50,11,3,1,1058.000000,1058.000000,0.000000,0.000000,0
circ18gnonbal,config16,5,FAILED TO FIND AN INTEGER FEASIBLE SOLUTION,30.327499,3600,217,11,11,1,0.000000,0.000000,11.526369,11.526369,445
circ18gnonbal,config17,1,FOUND INTEGER FEASIBLE,123.519936,1099.040579,68,11,3,0,1072.000000,1072.000000,0.000000,0.000000,0
circ18gnonbal,config17,2,FOUND INTEGER FEASIBLE,121.134116,1034.225979,65,11,3,0,1082.000000,1082.000000,0.000000,0.000000,0
circ18gnonbal,config17,3,FOUND INTEGER FEASIBLE,119.965259,1421.694283,95,11,4,0,1084.000000,1084.000000,0.000000,0.000000,0
circ18gnonbal,config17,4,FOUND INTEGER FEASIBLE,115.671967,2066.869622,141,11,6,0,1136.000000,1136.000000,0.000000,0.000000,0
circ18gnonbal,config17,5,FOUND INTEGER FEASIBLE,120.375544,564.843155,39,11,1,0,1118.000000,1118.000000,0.000000,0.000000,0
circ18gnonbal,config21,1,FAILED TO FIND AN INTEGER FEASIBLE SOLUTION,200.566297,3600,263,11,11,0,0.000000,0.000000,14.335951,14.335951,457
circ18gnonbal,config21,2,FOUND INTEGER FEASIBLE,197.657269,2855.701825,185,11,9,0,1140.000000,1140.000000,0.000000,0.000000,0
circ18gnonbal,config21,3,FAILED TO FIND AN INTEGER FEASIBLE SOLUTION,198.754818,3600,211,11,10,0,0.000000,0.000000,4.500000,4.500000,9
circ18gnonbal,config21,4,FOUND INTEGER FEASIBLE,199.847753,1257.044586,83,11,3,0,1062.000000,1062.000000,0.000000,0.000000,0
circ18gnonbal,config21,5,FOUND INTEGER FEASIBLE,194.145858,3135.047015,204,11,10,0,1126.000000,1126.000000,0.000000,0.000000,0
circ18gnonbal,config23,1,FAILED TO FIND AN INTEGER FEASIBLE SOLUTION,198.008225,3600,242,11,11,0,0.000000,0.000000,9.183774,9.293789,436
circ18gnonbal,config23,2,FOUND INTEGER FEASIBLE,195.317899,2664.516134,182,11,8,0,1134.000000,1134.000000,0.000000,0.000000,0
circ18gnonbal,config23,3,FOUND INTEGER FEASIBLE,185.186255,1500.439637,106,11,4,0,1134.000000,1134.000000,0.000000,0.000000,0
circ18gnonbal,config23,4,FOUND INTEGER FEASIBLE,206.194112,1186.383316,81,11,3,0,1112.000000,1112.000000,0.000000,0.000000,0
circ18gnonbal,config23,5,FOUND INTEGER FEASIBLE,197.387664,1081.057189,73,11,3,0,1122.000000,1122.000000,0.000000,0.000000,0
circ18gnonbal,config19,1,FAILED TO FIND AN INTEGER FEASIBLE SOLUTION,0.000000,3600,0,0,-1,-1,0.000000,0.000000,inf,inf,0
circ18gnonbal,config19,2,FAILED TO FIND AN INTEGER FEASIBLE SOLUTION,0.000000,3600,0,0,-1,-1,0.000000,0.000000,inf,inf,0
circ18gnonbal,config19,3,FAILED TO FIND AN INTEGER FEASIBLE SOLUTION,0.000000,3600,0,0,-1,-1,0.000000,0.000000,inf,inf,0
circ18gnonbal,config19,4,FAILED TO FIND AN INTEGER FEASIBLE SOLUTION,0.000000,3600,0,0,-1,-1,0.000000,0.000000,inf,inf,0
circ18gnonbal,config19,5,FAILED TO FIND AN INTEGER FEASIBLE SOLUTION,0.000000,3600,0,0,-1,-1,0.000000,0.000000,inf,inf,0
circ18gnonbal,config18,1,FOUND INTEGER FEASIBLE,0.000000,509.344549,0,0,-1,-1,878.000000,878.000000,0.000000,0.000000,0
circ18gnonbal,config18,2,FOUND INTEGER FEASIBLE,0.000000,507.861999,0,0,-1,-1,878.000000,878.000000,0.000000,0.000000,0
circ18gnonbal,config18,3,FOUND INTEGER FEASIBLE,0.000000,506.766445,0,0,-1,-1,878.000000,878.000000,0.000000,0.000000,0
circ18gnonbal,config18,4,FOUND INTEGER FEASIBLE,0.000000,500.345654,0,0,-1,-1,878.000000,878.000000,0.000000,0.000000,0
circ18gnonbal,config18,5,FOUND INTEGER FEASIBLE,0.000000,501.800594,0,0,-1,-1,878.000000,878.000000,0.000000,0.000000,0
circ18hbal,config1,1,FAILED TO FIND AN INTEGER FEASIBLE SOLUTION,0.000000,3600,188,0,-1,-1,0.000000,0.000000,16.864434,19.963346,458
circ18hbal,config1,2,FAILED TO FIND AN INTEGER FEASIBLE SOLUTION,0.000000,3600,203,0,-1,-1,0.000000,0.000000,17.405283,18.944945,455
circ18hbal,config1,3,FAILED TO FIND AN INTEGER FEASIBLE SOLUTION,0.000000,3600,198,0,-1,-1,0.000000,0.000000,14.631159,19.515387,452
circ18hbal,config1,4,FAILED TO FIND AN INTEGER FEASIBLE SOLUTION,0.000000,3600,203,0,-1,-1,0.000000,0.000000,24.546054,27.317937,481
circ18hbal,config1,5,FAILED TO FIND AN INTEGER FEASIBLE SOLUTION,0.000000,3600,204,0,-1,-1,0.000000,0.000000,26.848120,27.737732,485
circ18hbal,config3,1,FAILED TO FIND AN INTEGER FEASIBLE SOLUTION,0.000000,3600,163,0,-1,-1,0.000000,0.000000,25.378601,27.368833,468
circ18hbal,config3,2,FAILED TO FIND AN INTEGER FEASIBLE SOLUTION,0.000000,3600,189,0,-1,-1,0.000000,0.000000,25.378601,27.368833,468
circ18hbal,config3,3,FAILED TO FIND AN INTEGER FEASIBLE SOLUTION,0.000000,3600,187,0,-1,-1,0.000000,0.000000,25.378601,27.368833,468
circ18hbal,config3,4,FAILED TO FIND AN INTEGER FEASIBLE SOLUTION,0.000000,3600,197,0,-1,-1,0.000000,0.000000,29.804902,32.776869,469
circ18hbal,config3,5,FAILED TO FIND AN INTEGER FEASIBLE SOLUTION,0.000000,3600,188,0,-1,-1,0.000000,0.000000,23.544124,25.694744,451
circ18hbal,config20,1,FAILED TO FIND AN INTEGER FEASIBLE SOLUTION,0.000000,3600,89,0,-1,-1,0.000000,0.000000,21.810788,23.316585,472
circ18hbal,config20,2,FAILED TO FIND AN INTEGER FEASIBLE SOLUTION,0.000000,3600,89,0,-1,-1,0.000000,0.000000,21.810788,23.316585,472
circ18hbal,config20,3,FAILED TO FIND AN INTEGER FEASIBLE SOLUTION,0.000000,3600,93,0,-1,-1,0.000000,0.000000,21.810788,23.316585,472
circ18hbal,config20,4,FAILED TO FIND AN INTEGER FEASIBLE SOLUTION,0.000000,3600,196,0,-1,-1,0.000000,0.000000,25.991331,27.795569,487
circ18hbal,config20,5,FAILED TO FIND AN INTEGER FEASIBLE SOLUTION,0.000000,3600,188,0,-1,-1,0.000000,0.000000,23.605948,25.830603,469
circ18hbal,config16,1,FOUND INTEGER FEASIBLE,19.418474,1001.903601,68,11,4,1,1072.000000,1072.000000,0.000000,0.000000,0
circ18hbal,config16,2,FAILED TO FIND AN INTEGER FEASIBLE SOLUTION,20.429495,3600,235,11,11,1,0.000000,0.000000,7.746326,7.746326,432
circ18hbal,config16,3,FOUND INTEGER FEASIBLE,20.062087,871.508564,63,11,3,1,1080.000000,1080.000000,0.000000,0.000000,0
circ18hbal,config16,4,FOUND INTEGER FEASIBLE,20.460449,1336.685614,87,11,5,1,1046.000000,1046.000000,0.000000,0.000000,0
circ18hbal,config16,5,FOUND INTEGER FEASIBLE,20.396748,2819.677623,206,11,10,1,1042.000000,1042.000000,0.000000,0.000000,0
circ18hbal,config17,1,FAILED TO FIND AN INTEGER FEASIBLE SOLUTION,143.301792,3600,223,11,11,0,0.000000,0.000000,9.500000,9.500000,19
circ18hbal,config17,2,FOUND INTEGER FEASIBLE,139.052805,1110.245295,63,11,3,0,1208.000000,1208.000000,0.000000,0.000000,0
circ18hbal,config17,3,FOUND INTEGER FEASIBLE,149.189291,852.583010,43,11,2,0,1214.000000,1214.000000,0.000000,0.000000,0
circ18hbal,config17,4,FOUND INTEGER FEASIBLE,146.907266,1362.223675,75,11,4,0,1190.000000,1190.000000,0.000000,0.000000,0
circ18hbal,config17,5,FOUND INTEGER FEASIBLE,141.032266,811.509564,36,11,2,0,1138.000000,1138.000000,0.000000,0.000000,0
circ18hbal,config21,1,FOUND INTEGER FEASIBLE,115.062639,1949.262887,128,11,6,0,1212.000000,1212.000000,0.000000,0.000000,0
circ18hbal,config21,2,FOUND INTEGER FEASIBLE,121.910749,1923.016828,125,11,6,0,1194.000000,1194.000000,0.000000,0.000000,0
circ18hbal,config21,3,FOUND INTEGER FEASIBLE,120.124335,808.452163,53,11,2,0,1194.000000,1194.000000,0.000000,0.000000,0
circ18hbal,config21,4,FOUND INTEGER FEASIBLE,116.621502,1665.421868,105,11,5,0,1256.000000,1256.000000,0.000000,0.000000,0
circ18hbal,config21,5,FOUND INTEGER FEASIBLE,119.056963,1149.195590,77,11,3,0,1152.000000,1152.000000,0.000000,0.000000,0
circ18hbal,config23,1,FOUND INTEGER FEASIBLE,116.527219,2820.443576,176,11,9,0,1148.000000,1148.000000,0.000000,0.000000,0
circ18hbal,config23,2,FAILED TO FIND AN INTEGER FEASIBLE SOLUTION,125.858096,3600,236,11,11,0,0.000000,0.000000,9.995342,10.120770,388
circ18hbal,config23,3,FOUND INTEGER FEASIBLE,116.654260,1669.828058,108,11,5,0,1136.000000,1136.000000,0.000000,0.000000,0
circ18hbal,config23,4,FOUND INTEGER FEASIBLE,118.312730,1377.924868,92,11,4,0,1136.000000,1136.000000,0.000000,0.000000,0
circ18hbal,config23,5,FOUND INTEGER FEASIBLE,123.834559,3521.344555,227,11,11,0,1078.000000,1078.000000,0.000000,0.000000,0
circ18hbal,config19,1,FOUND INTEGER FEASIBLE,0.000000,1009.578880,0,0,-1,-1,864.000000,864.000000,0.000000,0.000000,0
circ18hbal,config19,2,FOUND INTEGER FEASIBLE,0.000000,1015.457632,0,0,-1,-1,864.000000,864.000000,0.000000,0.000000,0
circ18hbal,config19,3,FOUND INTEGER FEASIBLE,0.000000,1007.967263,0,0,-1,-1,864.000000,864.000000,0.000000,0.000000,0
circ18hbal,config19,4,FOUND INTEGER FEASIBLE,0.000000,992.049548,0,0,-1,-1,864.000000,864.000000,0.000000,0.000000,0
circ18hbal,config19,5,FOUND INTEGER FEASIBLE,0.000000,996.679423,0,0,-1,-1,864.000000,864.000000,0.000000,0.000000,0
circ18hbal,config18,1,FAILED TO FIND AN INTEGER FEASIBLE SOLUTION,0.000000,3600,0,0,-1,-1,0.000000,0.000000,inf,inf,0
circ18hbal,config18,2,FOUND INTEGER FEASIBLE,0.000000,2818.393217,0,0,-1,-1,1110.000000,1110.000000,0.000000,0.000000,0
circ18hbal,config18,3,FOUND INTEGER FEASIBLE,0.000000,2823.364626,0,0,-1,-1,1110.000000,1110.000000,0.000000,0.000000,0
circ18hbal,config18,4,FOUND INTEGER FEASIBLE,0.000000,2795.605310,0,0,-1,-1,1110.000000,1110.000000,0.000000,0.000000,0
circ18hbal,config18,5,FOUND INTEGER FEASIBLE,0.000000,2814.053877,0,0,-1,-1,1110.000000,1110.000000,0.000000,0.000000,0
circ18hnonbal,config1,1,FAILED TO FIND AN INTEGER FEASIBLE SOLUTION,0.000000,3600,153,0,-1,-1,0.000000,0.000000,20.767554,22.244625,457
circ18hnonbal,config1,2,FAILED TO FIND AN INTEGER FEASIBLE SOLUTION,0.000000,3600,151,0,-1,-1,0.000000,0.000000,20.767554,22.244625,457
circ18hnonbal,config1,3,FAILED TO FIND AN INTEGER FEASIBLE SOLUTION,0.000000,3600,159,0,-1,-1,0.000000,0.000000,20.767554,22.244625,457
circ18hnonbal,config1,4,FAILED TO FIND AN INTEGER FEASIBLE SOLUTION,0.000000,3600,121,0,-1,-1,0.000000,0.000000,26.385051,27.165092,468
circ18hnonbal,config1,5,FAILED TO FIND AN INTEGER FEASIBLE SOLUTION,0.000000,3600,144,0,-1,-1,0.000000,0.000000,25.833517,28.369309,449
circ18hnonbal,config3,1,FAILED TO FIND AN INTEGER FEASIBLE SOLUTION,0.000000,3600,157,0,-1,-1,0.000000,0.000000,22.883300,23.692757,481
circ18hnonbal,config3,2,FAILED TO FIND AN INTEGER FEASIBLE SOLUTION,0.000000,3600,155,0,-1,-1,0.000000,0.000000,22.883300,23.692757,481
circ18hnonbal,config3,3,FAILED TO FIND AN INTEGER FEASIBLE SOLUTION,0.000000,3600,159,0,-1,-1,0.000000,0.000000,22.883300,23.692757,481
circ18hnonbal,config3,4,FAILED TO FIND AN INTEGER FEASIBLE SOLUTION,0.000000,3600,158,0,-1,-1,0.000000,0.000000,24.360855,26.223998,456
circ18hnonbal,config3,5,FAILED TO FIND AN INTEGER FEASIBLE SOLUTION,0.000000,3600,160,0,-1,-1,0.000000,0.000000,19.484382,22.429363,467
circ18hnonbal,config20,1,FAILED TO FIND AN INTEGER FEASIBLE SOLUTION,0.000000,3600,78,0,-1,-1,0.000000,0.000000,14.222407,15.693854,460
circ18hnonbal,config20,2,FAILED TO FIND AN INTEGER FEASIBLE SOLUTION,0.000000,3600,79,0,-1,-1,0.000000,0.000000,14.222407,15.693854,460
circ18hnonbal,config20,3,FAILED TO FIND AN INTEGER FEASIBLE SOLUTION,0.000000,3600,76,0,-1,-1,0.000000,0.000000,16.174636,17.486265,433
circ18hnonbal,config20,4,FAILED TO FIND AN INTEGER FEASIBLE SOLUTION,0.000000,3600,162,0,-1,-1,0.000000,0.000000,27.507946,28.701887,452
circ18hnonbal,config20,5,FAILED TO FIND AN INTEGER FEASIBLE SOLUTION,0.000000,3600,156,0,-1,-1,0.000000,0.000000,17.489578,19.925897,410
circ18hnonbal,config16,1,FOUND INTEGER FEASIBLE,38.920969,1317.078062,70,11,5,1,1012.000000,1012.000000,0.000000,0.000000,0
circ18hnonbal,config16,2,FOUND INTEGER FEASIBLE,38.956324,1100.996161,64,11,4,1,1004.000000,1004.000000,0.000000,0.000000,0
circ18hnonbal,config16,3,FOUND INTEGER FEASIBLE,39.055127,1070.670611,61,11,4,1,1012.000000,1012.000000,0.000000,0.000000,0
circ18hnonbal,config16,4,FOUND INTEGER FEASIBLE,39.236446,477.536360,25,11,2,1,1050.000000,1050.000000,0.000000,0.000000,0
circ18hnonbal,config16,5,FOUND INTEGER FEASIBLE,38.587886,407.401211,20,11,2,1,1094.000000,1094.000000,0.000000,0.000000,0
circ18hnonbal,config17,1,FOUND INTEGER FEASIBLE,119.138495,1171.960235,67,11,3,0,1146.000000,1146.000000,0.000000,0.000000,0
circ18hnonbal,config17,2,FOUND INTEGER FEASIBLE,117.313503,1351.559478,78,11,4,0,1160.000000,1160.000000,0.000000,0.000000,0
circ18hnonbal,config17,3,FOUND INTEGER FEASIBLE,124.344503,2944.706995,171,11,9,0,1184.000000,1184.000000,0.000000,0.000000,0
circ18hnonbal,config17,4,FAILED TO FIND AN INTEGER FEASIBLE SOLUTION,111.519312,3600,209,11,11,0,0.000000,0.000000,7.000000,7.000000,14
circ18hnonbal,config17,5,FOUND INTEGER FEASIBLE,115.343292,1980.226384,114,11,6,0,1166.000000,1166.000000,0.000000,0.000000,0
circ18hnonbal,config21,1,FOUND INTEGER FEASIBLE,128.469852,1510.579127,80,10,5,1,1252.000000,1252.000000,0.000000,0.000000,0
circ18hnonbal,config21,2,FOUND INTEGER FEASIBLE,130.501458,1037.526098,54,10,3,1,1244.000000,1244.000000,0.000000,0.000000,0
circ18hnonbal,config21,3,FOUND INTEGER FEASIBLE,134.028698,1230.011825,63,10,4,1,1252.000000,1252.000000,0.000000,0.000000,0
circ18hnonbal,config21,4,FOUND INTEGER FEASIBLE,125.029896,1804.608797,115,10,6,1,1266.000000,1266.000000,0.000000,0.000000,0
circ18hnonbal,config21,5,FOUND INTEGER FEASIBLE,130.413209,585.484133,29,10,2,1,1276.000000,1276.000000,0.000000,0.000000,0
circ18hnonbal,config23,1,FOUND INTEGER FEASIBLE,133.684154,613.600613,27,10,2,1,1084.000000,1084.000000,0.000000,0.000000,0
circ18hnonbal,config23,2,FOUND INTEGER FEASIBLE,124.616107,602.042654,27,10,2,1,1112.000000,1112.000000,0.000000,0.000000,0
circ18hnonbal,config23,3,FOUND INTEGER FEASIBLE,134.660902,634.134561,27,10,2,1,1118.000000,1118.000000,0.000000,0.000000,0
circ18hnonbal,config23,4,FOUND INTEGER FEASIBLE,131.013482,882.613252,48,10,3,1,1074.000000,1074.000000,0.000000,0.000000,0
circ18hnonbal,config23,5,FOUND INTEGER FEASIBLE,132.818613,849.524560,44,10,3,1,1096.000000,1096.000000,0.000000,0.000000,0
circ18hnonbal,config19,1,FOUND INTEGER FEASIBLE,0.000000,1113.409775,0,0,-1,-1,924.000000,924.000000,0.000000,0.000000,0
circ18hnonbal,config19,2,FOUND INTEGER FEASIBLE,0.000000,1111.118042,0,0,-1,-1,924.000000,924.000000,0.000000,0.000000,0
circ18hnonbal,config19,3,FOUND INTEGER FEASIBLE,0.000000,1106.162888,0,0,-1,-1,924.000000,924.000000,0.000000,0.000000,0
circ18hnonbal,config19,4,FOUND INTEGER FEASIBLE,0.000000,1092.989283,0,0,-1,-1,924.000000,924.000000,0.000000,0.000000,0
circ18hnonbal,config19,5,FOUND INTEGER FEASIBLE,0.000000,1088.444645,0,0,-1,-1,924.000000,924.000000,0.000000,0.000000,0
circ18hnonbal,config18,1,FOUND INTEGER FEASIBLE,0.000000,1969.949906,0,0,-1,-1,904.000000,904.000000,0.000000,0.000000,0
circ18hnonbal,config18,2,FOUND INTEGER FEASIBLE,0.000000,1966.892232,0,0,-1,-1,904.000000,904.000000,0.000000,0.000000,0
circ18hnonbal,config18,3,FOUND INTEGER FEASIBLE,0.000000,1969.633922,0,0,-1,-1,904.000000,904.000000,0.000000,0.000000,0
circ18hnonbal,config18,4,FOUND INTEGER FEASIBLE,0.000000,1951.972743,0,0,-1,-1,904.000000,904.000000,0.000000,0.000000,0
circ18hnonbal,config18,5,FOUND INTEGER FEASIBLE,0.000000,1957.254086,0,0,-1,-1,904.000000,904.000000,0.000000,0.000000,0
circ18ibal,config1,1,FAILED TO FIND AN INTEGER FEASIBLE SOLUTION,0.000000,3600,199,0,-1,-1,0.000000,0.000000,28.248569,31.061417,482
circ18ibal,config1,2,FAILED TO FIND AN INTEGER FEASIBLE SOLUTION,0.000000,3600,196,0,-1,-1,0.000000,0.000000,28.248569,31.061417,482
circ18ibal,config1,3,FAILED TO FIND AN INTEGER FEASIBLE SOLUTION,0.000000,3600,193,0,-1,-1,0.000000,0.000000,28.248569,31.061417,482
circ18ibal,config1,4,FAILED TO FIND AN INTEGER FEASIBLE SOLUTION,0.000000,3600,202,0,-1,-1,0.000000,0.000000,30.573729,33.236455,510
circ18ibal,config1,5,FAILED TO FIND AN INTEGER FEASIBLE SOLUTION,0.000000,3600,199,0,-1,-1,0.000000,0.000000,20.078023,22.875418,486
circ18ibal,config3,1,FAILED TO FIND AN INTEGER FEASIBLE SOLUTION,0.000000,3600,140,0,-1,-1,0.000000,0.000000,24.345543,26.196088,472
circ18ibal,config3,2,FAILED TO FIND AN INTEGER FEASIBLE SOLUTION,0.000000,3600,186,0,-1,-1,0.000000,0.000000,24.345543,26.196088,472
circ18ibal,config3,3,FAILED TO FIND AN INTEGER FEASIBLE SOLUTION,0.000000,3600,189,0,-1,-1,0.000000,0.000000,24.345543,26.196088,472
circ18ibal,config3,4,FAILED TO FIND AN INTEGER FEASIBLE SOLUTION,0.000000,3600,188,0,-1,-1,0.000000,0.000000,24.205351,26.506536,448
circ18ibal,config3,5,FAILED TO FIND AN INTEGER FEASIBLE SOLUTION,0.000000,3600,190,0,-1,-1,0.000000,0.000000,30.152662,33.373370,499
circ18ibal,config20,1,FAILED TO FIND AN INTEGER FEASIBLE SOLUTION,0.000000,3600,96,0,-1,-1,0.000000,0.000000,25.022640,28.257064,477
circ18ibal,config20,2,FAILED TO FIND AN INTEGER FEASIBLE SOLUTION,0.000000,3600,93,0,-1,-1,0.000000,0.000000,25.022640,28.257064,477
circ18ibal,config20,3,FAILED TO FIND AN INTEGER FEASIBLE SOLUTION,0.000000,3600,93,0,-1,-1,0.000000,0.000000,19.513742,21.016444,450
circ18ibal,config20,4,FAILED TO FIND AN INTEGER FEASIBLE SOLUTION,0.000000,3600,196,0,-1,-1,0.000000,0.000000,24.555776,25.456467,472
circ18ibal,config20,5,FAILED TO FIND AN INTEGER FEASIBLE SOLUTION,0.000000,3600,170,0,-1,-1,0.000000,0.000000,24.295278,26.078031,467
circ18ibal,config16,1,FOUND INTEGER FEASIBLE,19.857946,433.839449,28,11,2,1,990.000000,990.000000,0.000000,0.000000,0
circ18ibal,config16,2,FOUND INTEGER FEASIBLE,21.652835,2853.259795,186,11,10,1,1206.000000,1206.000000,0.000000,0.000000,0
circ18ibal,config16,3,FOUND INTEGER FEASIBLE,22.382927,439.824398,29,11,2,1,990.000000,990.000000,0.000000,0.000000,0
circ18ibal,config16,4,FOUND INTEGER FEASIBLE,21.989624,743.499023,53,11,3,1,1094.000000,1094.000000,0.000000,0.000000,0
circ18ibal,config16,5,FAILED TO FIND AN INTEGER FEASIBLE SOLUTION,21.508681,3600,194,11,11,1,0.000000,0.000000,7.891863,7.978674,432
circ18ibal,config17,1,FOUND INTEGER FEASIBLE,117.293670,1655.563525,105,11,5,0,1142.000000,1142.000000,0.000000,0.000000,0
circ18ibal,config17,2,FOUND INTEGER FEASIBLE,119.802123,913.408428,59,11,2,0,1110.000000,1110.000000,0.000000,0.000000,0
circ18ibal,config17,3,FOUND INTEGER FEASIBLE,118.429510,951.187622,62,11,2,0,1112.000000,1112.000000,0.000000,0.000000,0
circ18ibal,config17,4,FOUND INTEGER FEASIBLE,114.762541,1370.529914,82,11,4,0,1084.000000,1084.000000,0.000000,0.000000,0
circ18ibal,config17,5,FOUND INTEGER FEASIBLE,116.522163,2220.867482,154,11,7,0,1202.000000,1202.000000,0.000000,0.000000,0
circ18ibal,config21,1,FOUND INTEGER FEASIBLE,113.587275,743.321959,48,11,2,0,1218.000000,1218.000000,0.000000,0.000000,0
circ18ibal,config21,2,FOUND INTEGER FEASIBLE,106.836184,3104.689471,217,11,10,0,1198.000000,1198.000000,0.000000,0.000000,0
circ18ibal,config21,3,FOUND INTEGER FEASIBLE,113.496157,3096.085184,228,11,10,0,1236.000000,1236.000000,0.000000,0.000000,0
circ18ibal,config21,4,FOUND INTEGER FEASIBLE,117.800145,1130.803986,75,11,3,0,1194.000000,1194.000000,0.000000,0.000000,0
circ18ibal,config21,5,FOUND INTEGER FEASIBLE,113.561525,1342.687018,87,11,4,0,1190.000000,1190.000000,0.000000,0.000000,0
circ18ibal,config23,1,FOUND INTEGER FEASIBLE,117.565942,1656.674741,111,11,5,0,1136.000000,1136.000000,0.000000,0.000000,0
circ18ibal,config23,2,FOUND INTEGER FEASIBLE,116.709604,3092.487134,198,11,10,0,1136.000000,1136.000000,0.000000,0.000000,0
circ18ibal,config23,3,FOUND INTEGER FEASIBLE,123.995532,871.021967,58,11,2,0,1158.000000,1158.000000,0.000000,0.000000,0
circ18ibal,config23,4,FAILED TO FIND AN INTEGER FEASIBLE SOLUTION,104.371603,3600,228,11,11,0,0.000000,0.000000,7.455869,7.455869,439
circ18ibal,config23,5,FAILED TO FIND AN INTEGER FEASIBLE SOLUTION,115.465318,3600,237,11,11,0,0.000000,0.000000,10.026185,10.330431,414
circ18ibal,config19,1,FOUND INTEGER FEASIBLE,0.000000,840.734346,0,0,-1,-1,836.000000,836.000000,0.000000,0.000000,0
circ18ibal,config19,2,FOUND INTEGER FEASIBLE,0.000000,895.828184,0,0,-1,-1,836.000000,836.000000,0.000000,0.000000,0
circ18ibal,config19,3,FOUND INTEGER FEASIBLE,0.000000,836.644632,0,0,-1,-1,836.000000,836.000000,0.000000,0.000000,0
circ18ibal,config19,4,FOUND INTEGER FEASIBLE,0.000000,828.235260,0,0,-1,-1,836.000000,836.000000,0.000000,0.000000,0
circ18ibal,config19,5,FOUND INTEGER FEASIBLE,0.000000,827.816568,0,0,-1,-1,836.000000,836.000000,0.000000,0.000000,0
circ18ibal,config18,1,FAILED TO FIND AN INTEGER FEASIBLE SOLUTION,0.000000,3600,0,0,-1,-1,0.000000,0.000000,inf,inf,0
circ18ibal,config18,2,FAILED TO FIND AN INTEGER FEASIBLE SOLUTION,0.000000,3600,0,0,-1,-1,0.000000,0.000000,inf,inf,0
circ18ibal,config18,3,FAILED TO FIND AN INTEGER FEASIBLE SOLUTION,0.000000,3600,0,0,-1,-1,0.000000,0.000000,inf,inf,0
circ18ibal,config18,4,FAILED TO FIND AN INTEGER FEASIBLE SOLUTION,0.000000,3600,0,0,-1,-1,0.000000,0.000000,inf,inf,0
circ18ibal,config18,5,FAILED TO FIND AN INTEGER FEASIBLE SOLUTION,0.000000,3600,0,0,-1,-1,0.000000,0.000000,inf,inf,0
circ18inonbal,config1,1,FAILED TO FIND AN INTEGER FEASIBLE SOLUTION,0.000000,3600,149,0,-1,-1,0.000000,0.000000,24.161256,25.393718,473
circ18inonbal,config1,2,FAILED TO FIND AN INTEGER FEASIBLE SOLUTION,0.000000,3600,159,0,-1,-1,0.000000,0.000000,24.161256,25.393718,473
circ18inonbal,config1,3,FAILED TO FIND AN INTEGER FEASIBLE SOLUTION,0.000000,3600,155,0,-1,-1,0.000000,0.000000,24.161256,25.393718,473
circ18inonbal,config1,4,FAILED TO FIND AN INTEGER FEASIBLE SOLUTION,0.000000,3600,154,0,-1,-1,0.000000,0.000000,27.372416,31.271410,385
circ18inonbal,config1,5,FAILED TO FIND AN INTEGER FEASIBLE SOLUTION,0.000000,3600,113,0,-1,-1,0.000000,0.000000,11.751760,14.063459,412
circ18inonbal,config3,1,FAILED TO FIND AN INTEGER FEASIBLE SOLUTION,0.000000,3600,141,0,-1,-1,0.000000,0.000000,32.154408,35.860175,457
circ18inonbal,config3,2,FAILED TO FIND AN INTEGER FEASIBLE SOLUTION,0.000000,3600,148,0,-1,-1,0.000000,0.000000,30.303721,35.128752,432
circ18inonbal,config3,3,FAILED TO FIND AN INTEGER FEASIBLE SOLUTION,0.000000,3600,150,0,-1,-1,0.000000,0.000000,32.154408,35.860175,457
circ18inonbal,config3,4,FAILED TO FIND AN INTEGER FEASIBLE SOLUTION,0.000000,3600,156,0,-1,-1,0.000000,0.000000,27.354465,29.722948,482
circ18inonbal,config3,5,FAILED TO FIND AN INTEGER FEASIBLE SOLUTION,0.000000,3600,148,0,-1,-1,0.000000,0.000000,10.346779,13.039277,450
circ18inonbal,config20,1,FAILED TO FIND AN INTEGER FEASIBLE SOLUTION,0.000000,3600,76,0,-1,-1,0.000000,0.000000,21.982808,23.523396,458
circ18inonbal,config20,2,FAILED TO FIND AN INTEGER FEASIBLE SOLUTION,0.000000,3600,74,0,-1,-1,0.000000,0.000000,19.617050,22.101600,439
circ18inonbal,config20,3,FAILED TO FIND AN INTEGER FEASIBLE SOLUTION,0.000000,3600,76,0,-1,-1,0.000000,0.000000,19.617050,22.101600,439
circ18inonbal,config20,4,FAILED TO FIND AN INTEGER FEASIBLE SOLUTION,0.000000,3600,155,0,-1,-1,0.000000,0.000000,20.850857,24.293104,401
circ18inonbal,config20,5,FAILED TO FIND AN INTEGER FEASIBLE SOLUTION,0.000000,3600,137,0,-1,-1,0.000000,0.000000,11.709950,12.534351,447
circ18inonbal,config16,1,FOUND INTEGER FEASIBLE,36.352075,1064.736297,67,11,4,1,1102.000000,1102.000000,0.000000,0.000000,0
circ18inonbal,config16,2,FOUND INTEGER FEASIBLE,37.318692,747.930686,41,11,3,1,1090.000000,1090.000000,0.000000,0.000000,0
circ18inonbal,config16,3,FOUND INTEGER FEASIBLE,37.545099,2200.257755,120,11,8,1,1118.000000,1118.000000,0.000000,0.000000,0
circ18inonbal,config16,4,FOUND INTEGER FEASIBLE,38.380677,515.777255,26,11,2,1,1026.000000,1026.000000,0.000000,0.000000,0
circ18inonbal,config16,5,FOUND INTEGER FEASIBLE,40.262013,2264.613621,120,11,8,1,1086.000000,1086.000000,0.000000,0.000000,0
circ18inonbal,config17,1,FOUND INTEGER FEASIBLE,131.752819,1124.477799,70,11,3,0,1060.000000,1060.000000,0.000000,0.000000,0
circ18inonbal,config17,2,FAILED TO FIND AN INTEGER FEASIBLE SOLUTION,127.155975,3600,201,11,11,0,0.000000,0.000000,13.364912,13.574942,441
circ18inonbal,config17,3,FOUND INTEGER FEASIBLE,123.935822,844.903505,56,11,2,0,1066.000000,1066.000000,0.000000,0.000000,0
circ18inonbal,config17,4,FOUND INTEGER FEASIBLE,126.549846,885.014108,54,11,2,0,1170.000000,1170.000000,0.000000,0.000000,0
circ18inonbal,config17,5,FOUND INTEGER FEASIBLE,125.419770,2288.424615,141,11,7,0,1130.000000,1130.000000,0.000000,0.000000,0
circ18inonbal,config21,1,FOUND INTEGER FEASIBLE,159.541900,771.134235,36,10,2,1,1218.000000,1218.000000,0.000000,0.000000,0
circ18inonbal,config21,2,FOUND INTEGER FEASIBLE,173.141715,1676.359572,98,10,5,1,1220.000000,1220.000000,0.000000,0.000000,0
circ18inonbal,config21,3,FOUND INTEGER FEASIBLE,161.125490,1807.739404,98,10,6,1,1224.000000,1224.000000,0.000000,0.000000,0
circ18inonbal,config21,4,FOUND INTEGER FEASIBLE,162.175133,524.076767,18,10,2,1,1218.000000,1218.000000,0.000000,0.000000,0
circ18inonbal,config21,5,FOUND INTEGER FEASIBLE,166.469191,1495.692858,68,10,5,1,1144.000000,1144.000000,0.000000,0.000000,0
circ18inonbal,config23,1,FAILED TO FIND AN INTEGER FEASIBLE SOLUTION,156.903923,3600,174,10,10,1,0.000000,0.000000,4.500000,4.500000,9
circ18inonbal,config23,2,FAILED TO FIND AN INTEGER FEASIBLE SOLUTION,158.817380,3600,187,10,10,1,0.000000,0.000000,4.500000,4.500000,9
circ18inonbal,config23,3,FOUND INTEGER FEASIBLE,163.171651,2584.922261,125,10,8,1,1094.000000,1094.000000,0.000000,0.000000,0
circ18inonbal,config23,4,FOUND INTEGER FEASIBLE,169.394064,1494.393157,75,10,5,1,1070.000000,1070.000000,0.000000,0.000000,0
circ18inonbal,config23,5,FOUND INTEGER FEASIBLE,167.800781,1181.168234,60,10,4,1,1114.000000,1114.000000,0.000000,0.000000,0
circ18inonbal,config19,1,FOUND INTEGER FEASIBLE,0.000000,838.321511,0,0,-1,-1,868.000000,868.000000,0.000000,0.000000,0
circ18inonbal,config19,2,FOUND INTEGER FEASIBLE,0.000000,840.788251,0,0,-1,-1,868.000000,868.000000,0.000000,0.000000,0
circ18inonbal,config19,3,FOUND INTEGER FEASIBLE,0.000000,840.668883,0,0,-1,-1,868.000000,868.000000,0.000000,0.000000,0
circ18inonbal,config19,4,FOUND INTEGER FEASIBLE,0.000000,828.935857,0,0,-1,-1,868.000000,868.000000,0.000000,0.000000,0
circ18inonbal,config19,5,FOUND INTEGER FEASIBLE,0.000000,829.464188,0,0,-1,-1,868.000000,868.000000,0.000000,0.000000,0
circ18inonbal,config18,1,FOUND INTEGER FEASIBLE,0.000000,623.707365,0,0,-1,-1,910.000000,910.000000,0.000000,0.000000,0
circ18inonbal,config18,2,FOUND INTEGER FEASIBLE,0.000000,622.274644,0,0,-1,-1,910.000000,910.000000,0.000000,0.000000,0
circ18inonbal,config18,3,FOUND INTEGER FEASIBLE,0.000000,624.255523,0,0,-1,-1,910.000000,910.000000,0.000000,0.000000,0
circ18inonbal,config18,4,FOUND INTEGER FEASIBLE,0.000000,620.071476,0,0,-1,-1,910.000000,910.000000,0.000000,0.000000,0
circ18inonbal,config18,5,FOUND INTEGER FEASIBLE,0.000000,617.732294,0,0,-1,-1,910.000000,910.000000,0.000000,0.000000,0
circ18jbal,config1,1,FAILED TO FIND AN INTEGER FEASIBLE SOLUTION,0.000000,3600,193,0,-1,-1,0.000000,0.000000,17.836875,19.429814,445
circ18jbal,config1,2,FAILED TO FIND AN INTEGER FEASIBLE SOLUTION,0.000000,3600,198,0,-1,-1,0.000000,0.000000,17.836875,19.429814,445
circ18jbal,config1,3,FAILED TO FIND AN INTEGER FEASIBLE SOLUTION,0.000000,3600,194,0,-1,-1,0.000000,0.000000,17.836875,19.429814,445
circ18jbal,config1,4,FAILED TO FIND AN INTEGER FEASIBLE SOLUTION,0.000000,3600,184,0,-1,-1,0.000000,0.000000,20.117614,21.844732,460
circ18jbal,config1,5,FAILED TO FIND AN INTEGER FEASIBLE SOLUTION,0.000000,3600,194,0,-1,-1,0.000000,0.000000,15.505841,15.827290,472
circ18jbal,config3,1,FAILED TO FIND AN INTEGER FEASIBLE SOLUTION,0.000000,3600,194,0,-1,-1,0.000000,0.000000,25.090604,26.744105,480
circ18jbal,config3,2,FAILED TO FIND AN INTEGER FEASIBLE SOLUTION,0.000000,3600,192,0,-1,-1,0.000000,0.000000,25.090604,26.744105,480
circ18jbal,config3,3,FAILED TO FIND AN INTEGER FEASIBLE SOLUTION,0.000000,3600,190,0,-1,-1,0.000000,0.000000,25.090604,26.744105,480
circ18jbal,config3,4,FAILED TO FIND AN INTEGER FEASIBLE SOLUTION,0.000000,3600,187,0,-1,-1,0.000000,0.000000,20.513237,23.801076,475
circ18jbal,config3,5,FAILED TO FIND AN INTEGER FEASIBLE SOLUTION,0.000000,3600,187,0,-1,-1,0.000000,0.000000,26.567834,29.356812,479
circ18jbal,config20,1,FAILED TO FIND AN INTEGER FEASIBLE SOLUTION,0.000000,3600,69,0,-1,-1,0.000000,0.000000,16.154474,16.968521,441
circ18jbal,config20,2,FAILED TO FIND AN INTEGER FEASIBLE SOLUTION,0.000000,3600,91,0,-1,-1,0.000000,0.000000,16.154474,16.968521,441
circ18jbal,config20,3,FAILED TO FIND AN INTEGER FEASIBLE SOLUTION,0.000000,3600,97,0,-1,-1,0.000000,0.000000,12.618662,14.933001,444
circ18jbal,config20,4,FAILED TO FIND AN INTEGER FEASIBLE SOLUTION,0.000000,3600,188,0,-1,-1,0.000000,0.000000,18.547082,19.751453,461
circ18jbal,config20,5,FAILED TO FIND AN INTEGER FEASIBLE SOLUTION,0.000000,3600,181,0,-1,-1,0.000000,0.000000,21.955011,26.032376,486
circ18jbal,config16,1,FOUND INTEGER FEASIBLE,23.897543,410.864286,24,11,2,1,1032.000000,1032.000000,0.000000,0.000000,0
circ18jbal,config16,2,FOUND INTEGER FEASIBLE,24.078166,410.764800,24,11,2,1,1032.000000,1032.000000,0.000000,0.000000,0
circ18jbal,config16,3,FOUND INTEGER FEASIBLE,22.263902,411.252630,24,11,2,1,1032.000000,1032.000000,0.000000,0.000000,0
circ18jbal,config16,4,FAILED TO FIND AN INTEGER FEASIBLE SOLUTION,23.042445,3600,223,11,11,1,0.000000,0.000000,7.500000,7.500000,15
circ18jbal,config16,5,FOUND INTEGER FEASIBLE,24.261118,463.130912,31,11,2,1,1062.000000,1062.000000,0.000000,0.000000,0
circ18jbal,config17,1,FOUND INTEGER FEASIBLE,129.443003,1959.802623,151,11,6,0,1184.000000,1184.000000,0.000000,0.000000,0
circ18jbal,config17,2,FAILED TO FIND AN INTEGER FEASIBLE SOLUTION,128.594301,3600,265,11,11,0,0.000000,0.000000,8.821563,8.821563,434
circ18jbal,config17,3,FAILED TO FIND AN INTEGER FEASIBLE SOLUTION,132.481284,3600,250,11,11,0,0.000000,0.000000,9.500000,9.500000,19
circ18jbal,config17,4,FAILED TO FIND AN INTEGER FEASIBLE SOLUTION,134.188497,3600,263,11,11,0,0.000000,0.000000,7.771396,7.771396,409
circ18jbal,config17,5,FOUND INTEGER FEASIBLE,135.468264,1692.042375,142,11,5,0,1156.000000,1156.000000,0.000000,0.000000,0
circ18jbal,config21,1,FOUND INTEGER FEASIBLE,155.576661,1868.769669,83,11,4,0,1252.000000,1252.000000,0.000000,0.000000,0
circ18jbal,config21,2,FOUND INTEGER FEASIBLE,151.952086,1360.313730,84,11,4,0,1226.000000,1226.000000,0.000000,0.000000,0
circ18jbal,config21,3,FOUND INTEGER FEASIBLE,147.880045,1390.297468,92,11,4,0,1234.000000,1234.000000,0.000000,0.000000,0
circ18jbal,config21,4,FOUND INTEGER FEASIBLE,150.090006,623.890800,29,11,1,0,1210.000000,1210.000000,0.000000,0.000000,0
circ18jbal,config21,5,FOUND INTEGER FEASIBLE,159.085206,796.363295,46,11,2,0,1202.000000,1202.000000,0.000000,0.000000,0
circ18jbal,config23,1,FOUND INTEGER FEASIBLE,152.156602,1427.516333,96,11,4,0,1126.000000,1126.000000,0.000000,0.000000,0
circ18jbal,config23,2,FOUND INTEGER FEASIBLE,140.502869,1421.027056,96,11,4,0,1126.000000,1126.000000,0.000000,0.000000,0
circ18jbal,config23,3,FOUND INTEGER FEASIBLE,143.785896,1432.671717,94,11,4,0,1126.000000,1126.000000,0.000000,0.000000,0
circ18jbal,config23,4,FOUND INTEGER FEASIBLE,154.019356,1361.744724,84,11,4,0,1124.000000,1124.000000,0.000000,0.000000,0
circ18jbal,config23,5,FAILED TO FIND AN INTEGER FEASIBLE SOLUTION,160.705736,3600,228,11,11,0,0.000000,0.000000,11.005159,11.005159,444
circ18jbal,config19,1,FOUND INTEGER FEASIBLE,0.000000,867.586166,0,0,-1,-1,848.000000,848.000000,0.000000,0.000000,0
circ18jbal,config19,2,FOUND INTEGER FEASIBLE,0.000000,861.533731,0,0,-1,-1,848.000000,848.000000,0.000000,0.000000,0
circ18jbal,config19,3,FOUND INTEGER FEASIBLE,0.000000,864.485975,0,0,-1,-1,848.000000,848.000000,0.000000,0.000000,0
circ18jbal,config19,4,FOUND INTEGER FEASIBLE,0.000000,849.038763,0,0,-1,-1,848.000000,848.000000,0.000000,0.000000,0
circ18jbal,config19,5,FOUND INTEGER FEASIBLE,0.000000,851.438823,0,0,-1,-1,848.000000,848.000000,0.000000,0.000000,0
circ18jbal,config18,1,FOUND INTEGER FEASIBLE,0.000000,1023.529880,0,0,-1,-1,904.000000,904.000000,0.000000,0.000000,0
circ18jbal,config18,2,FOUND INTEGER FEASIBLE,0.000000,1014.359034,0,0,-1,-1,904.000000,904.000000,0.000000,0.000000,0
circ18jbal,config18,3,FOUND INTEGER FEASIBLE,0.000000,1011.742381,0,0,-1,-1,904.000000,904.000000,0.000000,0.000000,0
circ18jbal,config18,4,FOUND INTEGER FEASIBLE,0.000000,1009.610747,0,0,-1,-1,904.000000,904.000000,0.000000,0.000000,0
circ18jbal,config18,5,FOUND INTEGER FEASIBLE,0.000000,1005.578576,0,0,-1,-1,904.000000,904.000000,0.000000,0.000000,0
circ18jnonbal,config1,1,FAILED TO FIND AN INTEGER FEASIBLE SOLUTION,0.000000,3600,181,0,-1,-1,0.000000,0.000000,22.200871,24.534277,426
circ18jnonbal,config1,2,FAILED TO FIND AN INTEGER FEASIBLE SOLUTION,0.000000,3600,167,0,-1,-1,0.000000,0.000000,22.200871,24.534277,426
circ18jnonbal,config1,3,FAILED TO FIND AN INTEGER FEASIBLE SOLUTION,0.000000,3600,184,0,-1,-1,0.000000,0.000000,22.200871,24.534277,426
circ18jnonbal,config1,4,FAILED TO FIND AN INTEGER FEASIBLE SOLUTION,0.000000,3600,180,0,-1,-1,0.000000,0.000000,23.268145,26.314427,475
circ18jnonbal,config1,5,FAILED TO FIND AN INTEGER FEASIBLE SOLUTION,0.000000,3600,172,0,-1,-1,0.000000,0.000000,19.136191,20.313448,451
circ18jnonbal,config3,1,FAILED TO FIND AN INTEGER FEASIBLE SOLUTION,0.000000,3600,176,0,-1,-1,0.000000,0.000000,28.908834,33.674065,484
circ18jnonbal,config3,2,FAILED TO FIND AN INTEGER FEASIBLE SOLUTION,0.000000,3600,172,0,-1,-1,0.000000,0.000000,28.908834,33.674065,484
circ18jnonbal,config3,3,FAILED TO FIND AN INTEGER FEASIBLE SOLUTION,0.000000,3600,172,0,-1,-1,0.000000,0.000000,28.908834,33.674065,484
circ18jnonbal,config3,4,FAILED TO FIND AN INTEGER FEASIBLE SOLUTION,0.000000,3600,171,0,-1,-1,0.000000,0.000000,25.898320,29.566693,479
circ18jnonbal,config3,5,FAILED TO FIND AN INTEGER FEASIBLE SOLUTION,0.000000,3600,131,0,-1,-1,0.000000,0.000000,20.425292,22.274572,474
circ18jnonbal,config20,1,FAILED TO FIND AN INTEGER FEASIBLE SOLUTION,0.000000,3600,85,0,-1,-1,0.000000,0.000000,26.166734,26.946744,425
circ18jnonbal,config20,2,FAILED TO FIND AN INTEGER FEASIBLE SOLUTION,0.000000,3600,82,0,-1,-1,0.000000,0.000000,26.166734,26.946744,425
circ18jnonbal,config20,3,FAILED TO FIND AN INTEGER FEASIBLE SOLUTION,0.000000,3600,85,0,-1,-1,0.000000,0.000000,23.085098,25.690624,461
circ18jnonbal,config20,4,FAILED TO FIND AN INTEGER FEASIBLE SOLUTION,0.000000,3600,178,0,-1,-1,0.000000,0.000000,26.919583,29.526195,474
circ18jnonbal,config20,5,FAILED TO FIND AN INTEGER FEASIBLE SOLUTION,0.000000,3600,163,0,-1,-1,0.000000,0.000000,14.439128,14.939634,451
circ18jnonbal,config16,1,FOUND INTEGER FEASIBLE,28.469663,2551.612117,173,11,9,1,1030.000000,1030.000000,0.000000,0.000000,0
circ18jnonbal,config16,2,FAILED TO FIND AN INTEGER FEASIBLE SOLUTION,27.398982,3600,223,11,11,1,0.000000,0.000000,8.622587,8.622587,395
circ18jnonbal,config16,3,FOUND INTEGER FEASIBLE,29.157463,1993.290108,139,11,7,1,1058.000000,1058.000000,0.000000,0.000000,0
circ18jnonbal,config16,4,FAILED TO FIND AN INTEGER FEASIBLE SOLUTION,27.267118,3600,213,11,11,1,0.000000,0.000000,7.102274,7.102274,443
circ18jnonbal,config16,5,FOUND INTEGER FEASIBLE,27.296111,459.945793,28,11,2,1,1022.000000,1022.000000,0.000000,0.000000,0
circ18jnonbal,config17,1,FOUND INTEGER FEASIBLE,129.133171,855.263028,50,11,2,0,1106.000000,1106.000000,0.000000,0.000000,0
circ18jnonbal,config17,2,FOUND INTEGER FEASIBLE,121.919924,611.595455,36,11,1,0,1138.000000,1138.000000,0.000000,0.000000,0
circ18jnonbal,config17,3,FOUND INTEGER FEASIBLE,133.205138,885.497420,51,11,2,0,1104.000000,1104.000000,0.000000,0.000000,0
circ18jnonbal,config17,4,FOUND INTEGER FEASIBLE,130.175733,823.236452,43,11,2,0,1172.000000,1172.000000,0.000000,0.000000,0
circ18jnonbal,config17,5,FOUND INTEGER FEASIBLE,123.369816,1186.323177,73,11,3,0,1144.000000,1144.000000,0.000000,0.000000,0
circ18jnonbal,config21,1,FAILED TO FIND AN INTEGER FEASIBLE SOLUTION,154.860943,3600,253,11,11,0,0.000000,0.000000,8.156452,8.283811,437
circ18jnonbal,config21,2,FOUND INTEGER FEASIBLE,160.889644,1086.524801,86,11,3,0,1140.000000,1140.000000,0.000000,0.000000,0
circ18jnonbal,config21,3,FOUND INTEGER FEASIBLE,144.673791,2249.706221,168,11,7,0,1114.000000,1114.000000,0.000000,0.000000,0
circ18jnonbal,config21,4,FOUND INTEGER FEASIBLE,150.576943,3448.873529,241,11,11,0,1150.000000,1150.000000,0.000000,0.000000,0
circ18jnonbal,config21,5,FAILED TO FIND AN INTEGER FEASIBLE SOLUTION,153.720631,3600,246,11,11,0,0.000000,0.000000,8.762026,8.918202,430
circ18jnonbal,config23,1,FOUND INTEGER FEASIBLE,158.888853,2258.449107,173,11,7,0,1162.000000,1162.000000,0.000000,0.000000,0
circ18jnonbal,config23,2,FOUND INTEGER FEASIBLE,153.177283,2528.467009,184,11,8,0,1118.000000,1118.000000,0.000000,0.000000,0
circ18jnonbal,config23,3,FOUND INTEGER FEASIBLE,157.638178,1716.672392,130,11,5,0,1122.000000,1122.000000,0.000000,0.000000,0
circ18jnonbal,config23,4,FOUND INTEGER FEASIBLE,161.057810,1369.557336,115,11,4,0,1124.000000,1124.000000,0.000000,0.000000,0
circ18jnonbal,config23,5,FOUND INTEGER FEASIBLE,161.200201,1108.282989,82,11,3,0,1102.000000,1102.000000,0.000000,0.000000,0
circ18jnonbal,config19,1,FOUND INTEGER FEASIBLE,0.000000,1338.982214,0,0,-1,-1,840.000000,840.000000,0.000000,0.000000,0
circ18jnonbal,config19,2,FOUND INTEGER FEASIBLE,0.000000,1347.239770,0,0,-1,-1,840.000000,840.000000,0.000000,0.000000,0
circ18jnonbal,config19,3,FOUND INTEGER FEASIBLE,0.000000,1336.879984,0,0,-1,-1,840.000000,840.000000,0.000000,0.000000,0
circ18jnonbal,config19,4,FOUND INTEGER FEASIBLE,0.000000,1328.470620,0,0,-1,-1,840.000000,840.000000,0.000000,0.000000,0
circ18jnonbal,config19,5,FOUND INTEGER FEASIBLE,0.000000,1328.193212,0,0,-1,-1,840.000000,840.000000,0.000000,0.000000,0
circ18jnonbal,config18,1,FOUND INTEGER FEASIBLE,0.000000,1399.603030,0,0,-1,-1,922.000000,922.000000,0.000000,0.000000,0
circ18jnonbal,config18,2,FOUND INTEGER FEASIBLE,0.000000,1391.671842,0,0,-1,-1,922.000000,922.000000,0.000000,0.000000,0
circ18jnonbal,config18,3,FOUND INTEGER FEASIBLE,0.000000,1393.377655,0,0,-1,-1,922.000000,922.000000,0.000000,0.000000,0
circ18jnonbal,config18,4,FOUND INTEGER FEASIBLE,0.000000,1384.120053,0,0,-1,-1,922.000000,922.000000,0.000000,0.000000,0
circ18jnonbal,config18,5,FOUND INTEGER FEASIBLE,0.000000,1390.772823,0,0,-1,-1,922.000000,922.000000,0.000000,0.000000,0
circ20abal,config1,1,FAILED TO FIND AN INTEGER FEASIBLE SOLUTION,0.000000,3600,80,0,-1,-1,0.000000,0.000000,28.440742,31.079679,617
circ20abal,config1,2,FAILED TO FIND AN INTEGER FEASIBLE SOLUTION,0.000000,3600,80,0,-1,-1,0.000000,0.000000,28.440742,31.079679,617
circ20abal,config1,3,FAILED TO FIND AN INTEGER FEASIBLE SOLUTION,0.000000,3600,78,0,-1,-1,0.000000,0.000000,28.440742,31.079679,617
circ20abal,config1,4,FAILED TO FIND AN INTEGER FEASIBLE SOLUTION,0.000000,3600,79,0,-1,-1,0.000000,0.000000,28.210979,31.010819,581
circ20abal,config1,5,FAILED TO FIND AN INTEGER FEASIBLE SOLUTION,0.000000,3600,77,0,-1,-1,0.000000,0.000000,31.902487,33.286764,594
circ20abal,config3,1,FAILED TO FIND AN INTEGER FEASIBLE SOLUTION,0.000000,3600,72,0,-1,-1,0.000000,0.000000,30.529463,32.546872,584
circ20abal,config3,2,FAILED TO FIND AN INTEGER FEASIBLE SOLUTION,0.000000,3600,69,0,-1,-1,0.000000,0.000000,30.529463,32.546872,584
circ20abal,config3,3,FAILED TO FIND AN INTEGER FEASIBLE SOLUTION,0.000000,3600,73,0,-1,-1,0.000000,0.000000,30.529463,32.546872,584
circ20abal,config3,4,FAILED TO FIND AN INTEGER FEASIBLE SOLUTION,0.000000,3600,76,0,-1,-1,0.000000,0.000000,26.965328,30.662647,581
circ20abal,config3,5,FAILED TO FIND AN INTEGER FEASIBLE SOLUTION,0.000000,3600,75,0,-1,-1,0.000000,0.000000,25.067431,28.016851,569
circ20abal,config20,1,FAILED TO FIND AN INTEGER FEASIBLE SOLUTION,0.000000,3600,37,0,-1,-1,0.000000,0.000000,34.907300,39.566893,580
circ20abal,config20,2,FAILED TO FIND AN INTEGER FEASIBLE SOLUTION,0.000000,3600,37,0,-1,-1,0.000000,0.000000,34.907300,39.566893,580
circ20abal,config20,3,FAILED TO FIND AN INTEGER FEASIBLE SOLUTION,0.000000,3600,37,0,-1,-1,0.000000,0.000000,34.907300,39.566893,580
circ20abal,config20,4,FOUND INTEGER FEASIBLE,0.000000,869.663215,21,0,-1,-1,1652.000000,1652.000000,0.000000,0.000000,0
circ20abal,config20,5,FAILED TO FIND AN INTEGER FEASIBLE SOLUTION,0.000000,3600,72,0,-1,-1,0.000000,0.000000,31.459215,34.578699,598
circ20abal,config16,1,FOUND INTEGER FEASIBLE,64.841326,1535.120396,45,11,5,1,1430.000000,1430.000000,0.000000,0.000000,0
circ20abal,config16,2,FOUND INTEGER FEASIBLE,57.356066,3014.514099,98,11,10,1,1424.000000,1424.000000,0.000000,0.000000,0
circ20abal,config16,3,FAILED TO FIND AN INTEGER FEASIBLE SOLUTION,60.096354,3600,121,11,11,1,0.000000,0.000000,11.394028,11.394028,503
circ20abal,config16,4,FOUND INTEGER FEASIBLE,56.964112,2745.773181,97,11,9,1,1454.000000,1454.000000,0.000000,0.000000,0
circ20abal,config16,5,FAILED TO FIND AN INTEGER FEASIBLE SOLUTION,57.741723,3600,94,11,11,1,0.000000,0.000000,8.343566,8.723102,494
circ20abal,config17,1,FAILED TO FIND AN INTEGER FEASIBLE SOLUTION,228.924833,3600,112,11,11,0,0.000000,0.000000,9.075107,9.182108,495
circ20abal,config17,2,FAILED TO FIND AN INTEGER FEASIBLE SOLUTION,244.994221,3600,109,11,11,0,0.000000,0.000000,9.000000,9.000000,18
circ20abal,config17,3,FAILED TO FIND AN INTEGER FEASIBLE SOLUTION,235.682350,3600,110,11,11,0,0.000000,0.000000,9.075107,9.182108,502
circ20abal,config17,4,FOUND INTEGER FEASIBLE,239.676643,1473.775635,33,11,4,0,1570.000000,1570.000000,0.000000,0.000000,0
circ20abal,config17,5,FAILED TO FIND AN INTEGER FEASIBLE SOLUTION,230.162256,3600,113,11,11,0,0.000000,0.000000,8.167595,8.167595,543
circ20abal,config21,1,FOUND INTEGER FEASIBLE,286.977942,3600,37,11,4,0,1620.000000,1620.000000,0.000000,0.000000,0
circ20abal,config21,2,FOUND INTEGER FEASIBLE,284.831691,1967.191577,63,11,5,0,1630.000000,1630.000000,0.000000,0.000000,0
circ20abal,config21,3,FOUND INTEGER FEASIBLE,291.830654,2061.299041,66,11,6,0,1630.000000,1630.000000,0.000000,0.000000,0
circ20abal,config21,4,FOUND INTEGER FEASIBLE,290.032783,2635.990979,87,11,8,0,1654.000000,1654.000000,0.000000,0.000000,0
circ20abal,config21,5,FOUND INTEGER FEASIBLE,280.061518,1308.793216,35,11,3,0,1670.000000,1670.000000,0.000000,0.000000,0
circ20abal,config23,1,FAILED TO FIND AN INTEGER FEASIBLE SOLUTION,295.318967,3600,97,11,11,0,0.000000,0.000000,7.000000,7.000000,14
circ20abal,config23,2,FOUND INTEGER FEASIBLE,291.646351,2683.840260,78,11,8,0,1538.000000,1538.000000,0.000000,0.000000,0
circ20abal,config23,3,FAILED TO FIND AN INTEGER FEASIBLE SOLUTION,287.372640,3600,100,11,11,0,0.000000,0.000000,5.000000,5.000000,10
circ20abal,config23,4,FAILED TO FIND AN INTEGER FEASIBLE SOLUTION,283.161512,3600,114,11,11,0,0.000000,0.000000,7.691944,7.691944,462
circ20abal,config23,5,FOUND INTEGER FEASIBLE,287.949232,2474.884405,70,11,7,0,1606.000000,1606.000000,0.000000,0.000000,0
circ20abal,config19,1,FOUND INTEGER FEASIBLE,0.000000,1929.349356,0,0,-1,-1,1158.000000,1158.000000,0.000000,0.000000,0
circ20abal,config19,2,FOUND INTEGER FEASIBLE,0.000000,1888.277693,0,0,-1,-1,1158.000000,1158.000000,0.000000,0.000000,0
circ20abal,config19,3,FOUND INTEGER FEASIBLE,0.000000,1869.470075,0,0,-1,-1,1158.000000,1158.000000,0.000000,0.000000,0
circ20abal,config19,4,FOUND INTEGER FEASIBLE,0.000000,1863.992247,0,0,-1,-1,1158.000000,1158.000000,0.000000,0.000000,0
circ20abal,config19,5,FOUND INTEGER FEASIBLE,0.000000,1872.518196,0,0,-1,-1,1158.000000,1158.000000,0.000000,0.000000,0
circ20abal,config18,1,FAILED TO FIND AN INTEGER FEASIBLE SOLUTION,0.000000,3600,0,0,-1,-1,0.000000,0.000000,inf,inf,0
circ20abal,config18,2,FAILED TO FIND AN INTEGER FEASIBLE SOLUTION,0.000000,3600,0,0,-1,-1,0.000000,0.000000,inf,inf,0
circ20abal,config18,3,FAILED TO FIND AN INTEGER FEASIBLE SOLUTION,0.000000,3600,0,0,-1,-1,0.000000,0.000000,inf,inf,0
circ20abal,config18,4,FAILED TO FIND AN INTEGER FEASIBLE SOLUTION,0.000000,3600,0,0,-1,-1,0.000000,0.000000,inf,inf,0
circ20abal,config18,5,FAILED TO FIND AN INTEGER FEASIBLE SOLUTION,0.000000,3600,0,0,-1,-1,0.000000,0.000000,inf,inf,0
circ20anonbal,config1,1,FAILED TO FIND AN INTEGER FEASIBLE SOLUTION,0.000000,3600,60,0,-1,-1,0.000000,0.000000,26.677927,28.039513,551
circ20anonbal,config1,2,FAILED TO FIND AN INTEGER FEASIBLE SOLUTION,0.000000,3600,61,0,-1,-1,0.000000,0.000000,26.677927,28.039513,551
circ20anonbal,config1,3,FAILED TO FIND AN INTEGER FEASIBLE SOLUTION,0.000000,3600,59,0,-1,-1,0.000000,0.000000,26.677927,28.039513,551
circ20anonbal,config1,4,FAILED TO FIND AN INTEGER FEASIBLE SOLUTION,0.000000,3600,59,0,-1,-1,0.000000,0.000000,16.375678,20.776246,533
circ20anonbal,config1,5,FAILED TO FIND AN INTEGER FEASIBLE SOLUTION,0.000000,3600,61,0,-1,-1,0.000000,0.000000,20.517138,24.098368,542
circ20anonbal,config3,1,FAILED TO FIND AN INTEGER FEASIBLE SOLUTION,0.000000,3600,57,0,-1,-1,0.000000,0.000000,22.900031,24.741086,492
circ20anonbal,config3,2,FAILED TO FIND AN INTEGER FEASIBLE SOLUTION,0.000000,3600,64,0,-1,-1,0.000000,0.000000,22.900031,24.741086,492
circ20anonbal,config3,3,FAILED TO FIND AN INTEGER FEASIBLE SOLUTION,0.000000,3600,56,0,-1,-1,0.000000,0.000000,22.900031,24.741086,492
circ20anonbal,config3,4,FAILED TO FIND AN INTEGER FEASIBLE SOLUTION,0.000000,3600,44,0,-1,-1,0.000000,0.000000,27.290235,28.624507,547
circ20anonbal,config3,5,FAILED TO FIND AN INTEGER FEASIBLE SOLUTION,0.000000,3600,56,0,-1,-1,0.000000,0.000000,11.084193,11.178602,511
circ20anonbal,config20,1,FAILED TO FIND AN INTEGER FEASIBLE SOLUTION,0.000000,3600,58,0,-1,-1,0.000000,0.000000,27.435838,31.427004,567
circ20anonbal,config20,2,FAILED TO FIND AN INTEGER FEASIBLE SOLUTION,0.000000,3600,59,0,-1,-1,0.000000,0.000000,27.435838,31.427004,567
circ20anonbal,config20,3,FAILED TO FIND AN INTEGER FEASIBLE SOLUTION,0.000000,3600,57,0,-1,-1,0.000000,0.000000,27.435838,31.427004,567
circ20anonbal,config20,4,FAILED TO FIND AN INTEGER FEASIBLE SOLUTION,0.000000,3600,61,0,-1,-1,0.000000,0.000000,28.989449,30.846725,472
circ20anonbal,config20,5,FAILED TO FIND AN INTEGER FEASIBLE SOLUTION,0.000000,3600,58,0,-1,-1,0.000000,0.000000,23.628342,25.410994,564
circ20anonbal,config16,1,FOUND INTEGER FEASIBLE,83.765649,1526.717060,33,11,5,1,1360.000000,1360.000000,0.000000,0.000000,0
circ20anonbal,config16,2,FOUND INTEGER FEASIBLE,84.519655,1690.653543,41,11,6,1,1414.000000,1414.000000,0.000000,0.000000,0
circ20anonbal,config16,3,FOUND INTEGER FEASIBLE,84.230614,1243.502370,27,11,4,1,1436.000000,1436.000000,0.000000,0.000000,0
circ20anonbal,config16,4,FOUND INTEGER FEASIBLE,78.584889,2583.436979,62,11,9,1,1414.000000,1414.000000,0.000000,0.000000,0
circ20anonbal,config16,5,FOUND INTEGER FEASIBLE,84.879179,1565.220636,42,11,5,1,1536.000000,1536.000000,0.000000,0.000000,0
circ20anonbal,config17,1,FAILED TO FIND AN INTEGER FEASIBLE SOLUTION,302.697236,3600,80,11,11,0,0.000000,0.000000,9.057614,9.853560,474
circ20anonbal,config17,2,FOUND INTEGER FEASIBLE,304.105456,1844.013779,32,11,5,0,1570.000000,1570.000000,0.000000,0.000000,0
circ20anonbal,config17,3,FOUND INTEGER FEASIBLE,311.142215,1712.094619,31,11,4,0,1570.000000,1570.000000,0.000000,0.000000,0
circ20anonbal,config17,4,FAILED TO FIND AN INTEGER FEASIBLE SOLUTION,307.271090,3600,82,11,11,0,0.000000,0.000000,14.601621,14.764408,560
circ20anonbal,config17,5,FOUND INTEGER FEASIBLE,303.734950,2935.643499,59,11,9,0,1546.000000,1546.000000,0.000000,0.000000,0
circ20anonbal,config21,1,FOUND INTEGER FEASIBLE,323.648032,3167.434358,63,11,10,1,1646.000000,1646.000000,0.000000,0.000000,0
circ20anonbal,config21,2,FOUND INTEGER FEASIBLE,318.487568,3150.965255,64,11,10,1,1646.000000,1646.000000,0.000000,0.000000,0
circ20anonbal,config21,3,FOUND INTEGER FEASIBLE,307.271334,3107.952363,74,11,10,1,1614.000000,1614.000000,0.000000,0.000000,0
circ20anonbal,config21,4,FOUND INTEGER FEASIBLE,313.914882,1742.333296,38,11,5,1,1742.000000,1742.000000,0.000000,0.000000,0
circ20anonbal,config21,5,FAILED TO FIND AN INTEGER FEASIBLE SOLUTION,319.319400,3600,91,11,11,1,0.000000,0.000000,9.042553,9.094835,493
circ20anonbal,config23,1,FAILED TO FIND AN INTEGER FEASIBLE SOLUTION,312.024644,3600,86,11,11,1,0.000000,0.000000,8.788645,8.788645,504
circ20anonbal,config23,2,FAILED TO FIND AN INTEGER FEASIBLE SOLUTION,322.983188,3600,86,11,11,1,0.000000,0.000000,8.788645,8.788645,504
circ20anonbal,config23,3,FAILED TO FIND AN INTEGER FEASIBLE SOLUTION,308.787043,3600,76,11,11,1,0.000000,0.000000,8.557613,8.695494,454
circ20anonbal,config23,4,FOUND INTEGER FEASIBLE,324.966715,3211.293017,47,11,10,1,1606.000000,1606.000000,0.000000,0.000000,0
circ20anonbal,config23,5,FOUND INTEGER FEASIBLE,317.530385,2939.397701,53,11,9,1,1466.000000,1466.000000,0.000000,0.000000,0
circ20anonbal,config19,1,FAILED TO FIND AN INTEGER FEASIBLE SOLUTION,0.000000,3600,0,0,-1,-1,0.000000,0.000000,inf,inf,0
circ20anonbal,config19,2,FAILED TO FIND AN INTEGER FEASIBLE SOLUTION,0.000000,3600,0,0,-1,-1,0.000000,0.000000,inf,inf,0
circ20anonbal,config19,3,FAILED TO FIND AN INTEGER FEASIBLE SOLUTION,0.000000,3600,0,0,-1,-1,0.000000,0.000000,inf,inf,0
circ20anonbal,config19,4,FAILED TO FIND AN INTEGER FEASIBLE SOLUTION,0.000000,3600,0,0,-1,-1,0.000000,0.000000,inf,inf,0
circ20anonbal,config19,5,FAILED TO FIND AN INTEGER FEASIBLE SOLUTION,0.000000,3600,0,0,-1,-1,0.000000,0.000000,inf,inf,0
circ20anonbal,config18,1,FAILED TO FIND AN INTEGER FEASIBLE SOLUTION,0.000000,3600,0,0,-1,-1,0.000000,0.000000,inf,inf,0
circ20anonbal,config18,2,FAILED TO FIND AN INTEGER FEASIBLE SOLUTION,0.000000,3600,0,0,-1,-1,0.000000,0.000000,inf,inf,0
circ20anonbal,config18,3,FAILED TO FIND AN INTEGER FEASIBLE SOLUTION,0.000000,3600,0,0,-1,-1,0.000000,0.000000,inf,inf,0
circ20anonbal,config18,4,FAILED TO FIND AN INTEGER FEASIBLE SOLUTION,0.000000,3600,0,0,-1,-1,0.000000,0.000000,inf,inf,0
circ20anonbal,config18,5,FAILED TO FIND AN INTEGER FEASIBLE SOLUTION,0.000000,3600,0,0,-1,-1,0.000000,0.000000,inf,inf,0
circ20bbal,config1,1,FAILED TO FIND AN INTEGER FEASIBLE SOLUTION,0.000000,3600,73,0,-1,-1,0.000000,0.000000,34.285519,39.002129,552
circ20bbal,config1,2,FAILED TO FIND AN INTEGER FEASIBLE SOLUTION,0.000000,3600,76,0,-1,-1,0.000000,0.000000,34.285519,39.002129,552
circ20bbal,config1,3,FAILED TO FIND AN INTEGER FEASIBLE SOLUTION,0.000000,3600,75,0,-1,-1,0.000000,0.000000,34.285519,39.002129,552
circ20bbal,config1,4,FAILED TO FIND AN INTEGER FEASIBLE SOLUTION,0.000000,3600,74,0,-1,-1,0.000000,0.000000,27.685244,30.389834,577
circ20bbal,config1,5,FAILED TO FIND AN INTEGER FEASIBLE SOLUTION,0.000000,3600,71,0,-1,-1,0.000000,0.000000,30.876007,31.332916,612
circ20bbal,config3,1,FAILED TO FIND AN INTEGER FEASIBLE SOLUTION,0.000000,3600,59,0,-1,-1,0.000000,0.000000,24.141431,27.408741,592
circ20bbal,config3,2,FAILED TO FIND AN INTEGER FEASIBLE SOLUTION,0.000000,3600,73,0,-1,-1,0.000000,0.000000,24.141431,27.408741,592
circ20bbal,config3,3,FAILED TO FIND AN INTEGER FEASIBLE SOLUTION,0.000000,3600,75,0,-1,-1,0.000000,0.000000,24.141431,27.408741,592
circ20bbal,config3,4,FAILED TO FIND AN INTEGER FEASIBLE SOLUTION,0.000000,3600,71,0,-1,-1,0.000000,0.000000,30.038941,32.630001,591
circ20bbal,config3,5,FAILED TO FIND AN INTEGER FEASIBLE SOLUTION,0.000000,3600,70,0,-1,-1,0.000000,0.000000,28.977748,33.805441,587
circ20bbal,config20,1,FAILED TO FIND AN INTEGER FEASIBLE SOLUTION,0.000000,3600,73,0,-1,-1,0.000000,0.000000,36.929865,38.926742,601
circ20bbal,config20,2,FAILED TO FIND AN INTEGER FEASIBLE SOLUTION,0.000000,3600,75,0,-1,-1,0.000000,0.000000,36.929865,38.926742,601
circ20bbal,config20,3,FAILED TO FIND AN INTEGER FEASIBLE SOLUTION,0.000000,3600,71,0,-1,-1,0.000000,0.000000,36.929865,38.926742,601
circ20bbal,config20,4,FAILED TO FIND AN INTEGER FEASIBLE SOLUTION,0.000000,3600,73,0,-1,-1,0.000000,0.000000,20.144197,21.978716,567
circ20bbal,config20,5,FAILED TO FIND AN INTEGER FEASIBLE SOLUTION,0.000000,3600,66,0,-1,-1,0.000000,0.000000,31.050195,34.885710,573
circ20bbal,config16,1,FOUND INTEGER FEASIBLE,55.900657,1663.566732,46,11,6,1,1470.000000,1470.000000,0.000000,0.000000,0
circ20bbal,config16,2,FOUND INTEGER FEASIBLE,60.556700,1165.478927,33,11,4,1,1438.000000,1438.000000,0.000000,0.000000,0
circ20bbal,config16,3,FOUND INTEGER FEASIBLE,58.565193,820.912878,19,11,3,1,1402.000000,1402.000000,0.000000,0.000000,0
circ20bbal,config16,4,FOUND INTEGER FEASIBLE,55.105784,914.266853,26,11,3,1,1414.000000,1414.000000,0.000000,0.000000,0
circ20bbal,config16,5,FAILED TO FIND AN INTEGER FEASIBLE SOLUTION,56.590869,3600,92,11,11,1,0.000000,0.000000,12.580367,12.582508,549
circ20bbal,config17,1,FOUND INTEGER FEASIBLE,238.123180,2037.262384,54,10,5,0,1542.000000,1542.000000,0.000000,0.000000,0
circ20bbal,config17,2,FAILED TO FIND AN INTEGER FEASIBLE SOLUTION,240.588241,3600,116,10,10,0,0.000000,0.000000,16.577248,17.008683,560
circ20bbal,config17,3,FAILED TO FIND AN INTEGER FEASIBLE SOLUTION,244.080006,3600,99,10,10,0,0.000000,0.000000,8.728542,8.793983,554
circ20bbal,config17,4,FOUND INTEGER FEASIBLE,250.823367,1367.342613,28,10,3,0,1572.000000,1572.000000,0.000000,0.000000,0
circ20bbal,config17,5,FAILED TO FIND AN INTEGER FEASIBLE SOLUTION,234.787430,3600,110,10,10,0,0.000000,0.000000,8.170418,8.367934,482
circ20bbal,config21,1,FOUND INTEGER FEASIBLE,272.725190,1895.641122,48,11,5,0,1678.000000,1678.000000,0.000000,0.000000,0
circ20bbal,config21,2,FOUND INTEGER FEASIBLE,281.665326,1815.243434,43,11,5,0,1678.000000,1678.000000,0.000000,0.000000,0
circ20bbal,config21,3,FOUND INTEGER FEASIBLE,288.053132,1840.827838,43,11,5,0,1690.000000,1690.000000,0.000000,0.000000,0
circ20bbal,config21,4,FAILED TO FIND AN INTEGER FEASIBLE SOLUTION,281.888736,3600,103,11,11,0,0.000000,0.000000,8.550517,8.557344,530
circ20bbal,config21,5,FOUND INTEGER FEASIBLE,280.418114,2729.181688,79,11,8,0,1680.000000,1680.000000,0.000000,0.000000,0
circ20bbal,config23,1,FAILED TO FIND AN INTEGER FEASIBLE SOLUTION,291.355756,3600,102,11,11,0,0.000000,0.000000,7.422249,7.422249,502
circ20bbal,config23,2,FOUND INTEGER FEASIBLE,294.271361,1844.511132,46,11,5,0,1566.000000,1566.000000,0.000000,0.000000,0
circ20bbal,config23,3,FAILED TO FIND AN INTEGER FEASIBLE SOLUTION,285.227026,3600,97,11,11,0,0.000000,0.000000,8.694786,8.694786,542
circ20bbal,config23,4,FOUND INTEGER FEASIBLE,272.846201,1228.458616,25,11,3,0,1562.000000,1562.000000,0.000000,0.000000,0
circ20bbal,config23,5,FOUND INTEGER FEASIBLE,281.098423,1844.393894,52,11,5,0,1566.000000,1566.000000,0.000000,0.000000,0
circ20bbal,config19,1,FAILED TO FIND AN INTEGER FEASIBLE SOLUTION,0.000000,3600,0,0,-1,-1,0.000000,0.000000,inf,inf,0
circ20bbal,config19,2,FAILED TO FIND AN INTEGER FEASIBLE SOLUTION,0.000000,3600,0,0,-1,-1,0.000000,0.000000,inf,inf,0
circ20bbal,config19,3,FAILED TO FIND AN INTEGER FEASIBLE SOLUTION,0.000000,3600,0,0,-1,-1,0.000000,0.000000,inf,inf,0
circ20bbal,config19,4,FAILED TO FIND AN INTEGER FEASIBLE SOLUTION,0.000000,3600,0,0,-1,-1,0.000000,0.000000,inf,inf,0
circ20bbal,config19,5,FAILED TO FIND AN INTEGER FEASIBLE SOLUTION,0.000000,3600,0,0,-1,-1,0.000000,0.000000,inf,inf,0
circ20bbal,config18,1,FOUND INTEGER FEASIBLE,0.000000,1785.630919,0,0,-1,-1,1190.000000,1190.000000,0.000000,0.000000,0
circ20bbal,config18,2,FOUND INTEGER FEASIBLE,0.000000,1786.066930,0,0,-1,-1,1190.000000,1190.000000,0.000000,0.000000,0
circ20bbal,config18,3,FOUND INTEGER FEASIBLE,0.000000,1786.949904,0,0,-1,-1,1190.000000,1190.000000,0.000000,0.000000,0
circ20bbal,config18,4,FOUND INTEGER FEASIBLE,0.000000,1806.768958,0,0,-1,-1,1190.000000,1190.000000,0.000000,0.000000,0
circ20bbal,config18,5,FOUND INTEGER FEASIBLE,0.000000,1779.746831,0,0,-1,-1,1190.000000,1190.000000,0.000000,0.000000,0
circ20bnonbal,config1,1,FAILED TO FIND AN INTEGER FEASIBLE SOLUTION,0.000000,3600,70,0,-1,-1,0.000000,0.000000,31.663581,33.400846,582
circ20bnonbal,config1,2,FAILED TO FIND AN INTEGER FEASIBLE SOLUTION,0.000000,3600,69,0,-1,-1,0.000000,0.000000,25.369453,27.497342,466
circ20bnonbal,config1,3,FAILED TO FIND AN INTEGER FEASIBLE SOLUTION,0.000000,3600,71,0,-1,-1,0.000000,0.000000,31.663581,33.400846,582
circ20bnonbal,config1,4,FAILED TO FIND AN INTEGER FEASIBLE SOLUTION,0.000000,3600,74,0,-1,-1,0.000000,0.000000,32.953629,35.666086,503
circ20bnonbal,config1,5,FAILED TO FIND AN INTEGER FEASIBLE SOLUTION,0.000000,3600,75,0,-1,-1,0.000000,0.000000,24.543385,30.962670,557
circ20bnonbal,config3,1,FAILED TO FIND AN INTEGER FEASIBLE SOLUTION,0.000000,3600,67,0,-1,-1,0.000000,0.000000,34.041819,38.369807,592
circ20bnonbal,config3,2,FAILED TO FIND AN INTEGER FEASIBLE SOLUTION,0.000000,3600,70,0,-1,-1,0.000000,0.000000,34.041819,38.369807,592
circ20bnonbal,config3,3,FAILED TO FIND AN INTEGER FEASIBLE SOLUTION,0.000000,3600,67,0,-1,-1,0.000000,0.000000,34.041819,38.369807,592
circ20bnonbal,config3,4,FAILED TO FIND AN INTEGER FEASIBLE SOLUTION,0.000000,3600,69,0,-1,-1,0.000000,0.000000,27.877454,31.594565,508
circ20bnonbal,config3,5,FAILED TO FIND AN INTEGER FEASIBLE SOLUTION,0.000000,3600,72,0,-1,-1,0.000000,0.000000,25.595538,28.821820,583
circ20bnonbal,config20,1,FAILED TO FIND AN INTEGER FEASIBLE SOLUTION,0.000000,3600,67,0,-1,-1,0.000000,0.000000,24.282713,26.595526,546
circ20bnonbal,config20,2,FOUND INTEGER FEASIBLE,0.000000,890.326161,17,0,-1,-1,1698.000000,1698.000000,0.000000,0.000000,0
circ20bnonbal,config20,3,FAILED TO FIND AN INTEGER FEASIBLE SOLUTION,0.000000,3600,69,0,-1,-1,0.000000,0.000000,24.282713,26.595526,546
circ20bnonbal,config20,4,FAILED TO FIND AN INTEGER FEASIBLE SOLUTION,0.000000,3600,74,0,-1,-1,0.000000,0.000000,15.189159,15.337651,516
circ20bnonbal,config20,5,FAILED TO FIND AN INTEGER FEASIBLE SOLUTION,0.000000,3600,68,0,-1,-1,0.000000,0.000000,25.273921,27.731648,575
circ20bnonbal,config16,1,FOUND INTEGER FEASIBLE,74.601078,891.007676,19,11,3,1,1410.000000,1410.000000,0.000000,0.000000,0
circ20bnonbal,config16,2,FOUND INTEGER FEASIBLE,70.352217,2030.957836,65,11,7,1,1498.000000,1498.000000,0.000000,0.000000,0
circ20bnonbal,config16,3,FAILED TO FIND AN INTEGER FEASIBLE SOLUTION,71.472532,3600,110,11,11,1,0.000000,0.000000,10.057084,11.154311,485
circ20bnonbal,config16,4,FOUND INTEGER FEASIBLE,71.994003,1792.837860,53,11,6,1,1620.000000,1620.000000,0.000000,0.000000,0
circ20bnonbal,config16,5,FOUND INTEGER FEASIBLE,74.611807,1723.698406,47,11,6,1,1494.000000,1494.000000,0.000000,0.000000,0
circ20bnonbal,config17,1,FAILED TO FIND AN INTEGER FEASIBLE SOLUTION,299.340062,3600,101,11,11,0,0.000000,0.000000,9.865711,9.917358,501
circ20bnonbal,config17,2,FOUND INTEGER FEASIBLE,292.097374,3580.735013,83,11,11,0,1502.000000,1502.000000,0.000000,0.000000,0
circ20bnonbal,config17,3,FAILED TO FIND AN INTEGER FEASIBLE SOLUTION,292.187390,3600,90,11,11,0,0.000000,0.000000,8.367391,8.367391,501
circ20bnonbal,config17,4,FOUND INTEGER FEASIBLE,304.302507,2518.528897,72,11,7,0,1516.000000,1516.000000,0.000000,0.000000,0
circ20bnonbal,config17,5,FOUND INTEGER FEASIBLE,300.176727,2657.765679,56,11,8,0,1548.000000,1548.000000,0.000000,0.000000,0
circ20bnonbal,config21,1,FOUND INTEGER FEASIBLE,429.739031,2480.733709,63,11,8,1,1698.000000,1698.000000,0.000000,0.000000,0
circ20bnonbal,config21,2,FAILED TO FIND AN INTEGER FEASIBLE SOLUTION,425.685470,3600,104,11,11,1,0.000000,0.000000,12.651197,12.779113,514
circ20bnonbal,config21,3,FAILED TO FIND AN INTEGER FEASIBLE SOLUTION,425.067510,3600,94,11,11,1,0.000000,0.000000,10.770280,11.297776,502
circ20bnonbal,config21,4,FOUND INTEGER FEASIBLE,427.849303,3245.110218,84,11,11,1,1688.000000,1688.000000,0.000000,0.000000,0
circ20bnonbal,config21,5,FAILED TO FIND AN INTEGER FEASIBLE SOLUTION,426.610993,3600,77,11,11,1,0.000000,0.000000,7.950044,7.950044,486
circ20bnonbal,config23,1,FOUND INTEGER FEASIBLE,424.650010,1502.014553,27,11,4,1,1536.000000,1536.000000,0.000000,0.000000,0
circ20bnonbal,config23,2,FOUND INTEGER FEASIBLE,416.146501,2749.529161,68,11,9,1,1534.000000,1534.000000,0.000000,0.000000,0
circ20bnonbal,config23,3,FAILED TO FIND AN INTEGER FEASIBLE SOLUTION,922.287742,3600,72,11,11,1,0.000000,0.000000,14.183336,14.252771,568
circ20bnonbal,config23,4,FAILED TO FIND AN INTEGER FEASIBLE SOLUTION,421.997514,3600,106,11,11,1,0.000000,0.000000,11.429134,11.634744,504
circ20bnonbal,config23,5,FAILED TO FIND AN INTEGER FEASIBLE SOLUTION,418.552886,3600,91,11,11,1,0.000000,0.000000,13.530534,13.769549,528
circ20bnonbal,config19,1,FAILED TO FIND AN INTEGER FEASIBLE SOLUTION,0.000000,3600,0,0,-1,-1,0.000000,0.000000,inf,inf,0
circ20bnonbal,config19,2,FAILED TO FIND AN INTEGER FEASIBLE SOLUTION,0.000000,3600,0,0,-1,-1,0.000000,0.000000,inf,inf,0
circ20bnonbal,config19,3,FAILED TO FIND AN INTEGER FEASIBLE SOLUTION,0.000000,3600,0,0,-1,-1,0.000000,0.000000,inf,inf,0
circ20bnonbal,config19,4,FAILED TO FIND AN INTEGER FEASIBLE SOLUTION,0.000000,3600,0,0,-1,-1,0.000000,0.000000,inf,inf,0
circ20bnonbal,config19,5,FAILED TO FIND AN INTEGER FEASIBLE SOLUTION,0.000000,3600,0,0,-1,-1,0.000000,0.000000,inf,inf,0
circ20bnonbal,config18,1,FAILED TO FIND AN INTEGER FEASIBLE SOLUTION,0.000000,3600,0,0,-1,-1,0.000000,0.000000,inf,inf,0
circ20bnonbal,config18,2,FAILED TO FIND AN INTEGER FEASIBLE SOLUTION,0.000000,3600,0,0,-1,-1,0.000000,0.000000,inf,inf,0
circ20bnonbal,config18,3,FAILED TO FIND AN INTEGER FEASIBLE SOLUTION,0.000000,3600,0,0,-1,-1,0.000000,0.000000,inf,inf,0
circ20bnonbal,config18,4,FAILED TO FIND AN INTEGER FEASIBLE SOLUTION,0.000000,3600,0,0,-1,-1,0.000000,0.000000,inf,inf,0
circ20bnonbal,config18,5,FAILED TO FIND AN INTEGER FEASIBLE SOLUTION,0.000000,3600,0,0,-1,-1,0.000000,0.000000,inf,inf,0
circ20cbal,config1,1,FAILED TO FIND AN INTEGER FEASIBLE SOLUTION,0.000000,3600,79,0,-1,-1,0.000000,0.000000,28.599137,31.507499,593
circ20cbal,config1,2,FAILED TO FIND AN INTEGER FEASIBLE SOLUTION,0.000000,3600,79,0,-1,-1,0.000000,0.000000,28.599137,31.507499,593
circ20cbal,config1,3,FAILED TO FIND AN INTEGER FEASIBLE SOLUTION,0.000000,3600,76,0,-1,-1,0.000000,0.000000,27.485700,31.027819,599
circ20cbal,config1,4,FAILED TO FIND AN INTEGER FEASIBLE SOLUTION,0.000000,3600,75,0,-1,-1,0.000000,0.000000,25.110909,26.875441,578
circ20cbal,config1,5,FAILED TO FIND AN INTEGER FEASIBLE SOLUTION,0.000000,3600,80,0,-1,-1,0.000000,0.000000,29.406199,30.705983,604
circ20cbal,config3,1,FAILED TO FIND AN INTEGER FEASIBLE SOLUTION,0.000000,3600,77,0,-1,-1,0.000000,0.000000,30.731536,32.194314,590
circ20cbal,config3,2,FAILED TO FIND AN INTEGER FEASIBLE SOLUTION,0.000000,3600,77,0,-1,-1,0.000000,0.000000,30.731536,32.194314,590
circ20cbal,config3,3,FAILED TO FIND AN INTEGER FEASIBLE SOLUTION,0.000000,3600,75,0,-1,-1,0.000000,0.000000,30.731536,32.194314,590
circ20cbal,config3,4,FAILED TO FIND AN INTEGER FEASIBLE SOLUTION,0.000000,3600,71,0,-1,-1,0.000000,0.000000,25.628735,28.046482,583
circ20cbal,config3,5,FAILED TO FIND AN INTEGER FEASIBLE SOLUTION,0.000000,3600,73,0,-1,-1,0.000000,0.000000,25.469953,28.731508,575
circ20cbal,config20,1,FAILED TO FIND AN INTEGER FEASIBLE SOLUTION,0.000000,3600,73,0,-1,-1,0.000000,0.000000,24.876929,25.922940,573
circ20cbal,config20,2,FAILED TO FIND AN INTEGER FEASIBLE SOLUTION,0.000000,3600,76,0,-1,-1,0.000000,0.000000,18.155223,23.089988,524
circ20cbal,config20,3,FAILED TO FIND AN INTEGER FEASIBLE SOLUTION,0.000000,3600,74,0,-1,-1,0.000000,0.000000,17.867988,20.509556,571
circ20cbal,config20,4,FAILED TO FIND AN INTEGER FEASIBLE SOLUTION,0.000000,3600,75,0,-1,-1,0.000000,0.000000,18.801674,22.661677,524
circ20cbal,config20,5,FAILED TO FIND AN INTEGER FEASIBLE SOLUTION,0.000000,3600,58,0,-1,-1,0.000000,0.000000,25.209950,32.475103,579
circ20cbal,config16,1,FOUND INTEGER FEASIBLE,56.944281,1445.417987,42,11,5,1,1416.000000,1416.000000,0.000000,0.000000,0
circ20cbal,config16,2,FOUND INTEGER FEASIBLE,55.612987,1063.539033,28,11,4,1,1400.000000,1400.000000,0.000000,0.000000,0
circ20cbal,config16,3,FOUND INTEGER FEASIBLE,53.915276,775.168756,18,11,3,1,1362.000000,1362.000000,0.000000,0.000000,0
circ20cbal,config16,4,FOUND INTEGER FEASIBLE,57.569138,3004.166701,81,11,10,1,1364.000000,1364.000000,0.000000,0.000000,0
circ20cbal,config16,5,FOUND INTEGER FEASIBLE,60.801841,1296.106488,45,11,5,1,1444.000000,1444.000000,0.000000,0.000000,0
circ20cbal,config17,1,FOUND INTEGER FEASIBLE,188.651784,1769.538381,44,11,5,0,1512.000000,1512.000000,0.000000,0.000000,0
circ20cbal,config17,2,FOUND INTEGER FEASIBLE,184.295418,3316.333297,104,11,10,0,1528.000000,1528.000000,0.000000,0.000000,0
circ20cbal,config17,3,FAILED TO FIND AN INTEGER FEASIBLE SOLUTION,195.126082,3600,83,11,11,0,0.000000,0.000000,8.127002,8.169191,435
circ20cbal,config17,4,FOUND INTEGER FEASIBLE,191.394174,1285.716337,27,11,3,0,1526.000000,1526.000000,0.000000,0.000000,0
circ20cbal,config17,5,FOUND INTEGER FEASIBLE,191.008388,1633.180004,44,11,4,0,1572.000000,1572.000000,0.000000,0.000000,0
circ20cbal,config21,1,FOUND INTEGER FEASIBLE,169.909642,922.672969,20,11,2,0,1632.000000,1632.000000,0.000000,0.000000,0
circ20cbal,config21,2,FOUND INTEGER FEASIBLE,170.342986,918.312266,20,11,2,0,1632.000000,1632.000000,0.000000,0.000000,0
circ20cbal,config21,3,FOUND INTEGER FEASIBLE,171.695334,915.879096,20,11,2,0,1632.000000,1632.000000,0.000000,0.000000,0
circ20cbal,config21,4,FOUND INTEGER FEASIBLE,172.125943,2160.549550,67,11,6,0,1646.000000,1646.000000,0.000000,0.000000,0
circ20cbal,config21,5,FOUND INTEGER FEASIBLE,178.085263,1749.191194,54,11,5,0,1698.000000,1698.000000,0.000000,0.000000,0
circ20cbal,config23,1,FOUND INTEGER FEASIBLE,168.386870,2909.734463,99,11,9,0,1504.000000,1504.000000,0.000000,0.000000,0
circ20cbal,config23,2,FAILED TO FIND AN INTEGER FEASIBLE SOLUTION,174.011532,3600,124,11,11,0,0.000000,0.000000,10.229378,10.554952,538
circ20cbal,config23,3,FAILED TO FIND AN INTEGER FEASIBLE SOLUTION,179.705684,3600,97,11,11,0,0.000000,0.000000,7.048952,7.048952,523
circ20cbal,config23,4,FOUND INTEGER FEASIBLE,172.652345,3327.486389,111,11,10,0,1582.000000,1582.000000,0.000000,0.000000,0
circ20cbal,config23,5,FOUND INTEGER FEASIBLE,165.208762,1760.883593,53,11,5,0,1486.000000,1486.000000,0.000000,0.000000,0
circ20cbal,config19,1,FOUND INTEGER FEASIBLE,0.000000,3390.898850,0,0,-1,-1,1106.000000,1106.000000,0.000000,0.000000,0
circ20cbal,config19,2,FOUND INTEGER FEASIBLE,0.000000,3404.318963,0,0,-1,-1,1106.000000,1106.000000,0.000000,0.000000,0
circ20cbal,config19,3,FOUND INTEGER FEASIBLE,0.000000,3374.926685,0,0,-1,-1,1106.000000,1106.000000,0.000000,0.000000,0
circ20cbal,config19,4,FOUND INTEGER FEASIBLE,0.000000,3366.117210,0,0,-1,-1,1106.000000,1106.000000,0.000000,0.000000,0
circ20cbal,config19,5,FOUND INTEGER FEASIBLE,0.000000,3338.930999,0,0,-1,-1,1106.000000,1106.000000,0.000000,0.000000,0
circ20cbal,config18,1,FOUND INTEGER FEASIBLE,0.000000,2364.184692,0,0,-1,-1,1210.000000,1210.000000,0.000000,0.000000,0
circ20cbal,config18,2,FOUND INTEGER FEASIBLE,0.000000,2365.603252,0,0,-1,-1,1210.000000,1210.000000,0.000000,0.000000,0
circ20cbal,config18,3,FOUND INTEGER FEASIBLE,0.000000,2365.328492,0,0,-1,-1,1210.000000,1210.000000,0.000000,0.000000,0
circ20cbal,config18,4,FOUND INTEGER FEASIBLE,0.000000,2374.334302,0,0,-1,-1,1210.000000,1210.000000,0.000000,0.000000,0
circ20cbal,config18,5,FOUND INTEGER FEASIBLE,0.000000,2377.825835,0,0,-1,-1,1210.000000,1210.000000,0.000000,0.000000,0
circ20cnonbal,config1,1,FAILED TO FIND AN INTEGER FEASIBLE SOLUTION,0.000000,3600,71,0,-1,-1,0.000000,0.000000,29.555726,34.241944,564
circ20cnonbal,config1,2,FAILED TO FIND AN INTEGER FEASIBLE SOLUTION,0.000000,3600,71,0,-1,-1,0.000000,0.000000,29.555726,34.241944,564
circ20cnonbal,config1,3,FAILED TO FIND AN INTEGER FEASIBLE SOLUTION,0.000000,3600,68,0,-1,-1,0.000000,0.000000,29.555726,34.241944,564
circ20cnonbal,config1,4,FAILED TO FIND AN INTEGER FEASIBLE SOLUTION,0.000000,3600,69,0,-1,-1,0.000000,0.000000,18.696740,20.693534,554
circ20cnonbal,config1,5,FAILED TO FIND AN INTEGER FEASIBLE SOLUTION,0.000000,3600,67,0,-1,-1,0.000000,0.000000,30.217068,32.299208,535
circ20cnonbal,config3,1,FAILED TO FIND AN INTEGER FEASIBLE SOLUTION,0.000000,3600,66,0,-1,-1,0.000000,0.000000,31.479509,35.717766,563
circ20cnonbal,config3,2,FAILED TO FIND AN INTEGER FEASIBLE SOLUTION,0.000000,3600,62,0,-1,-1,0.000000,0.000000,31.028657,35.367730,610
circ20cnonbal,config3,3,FAILED TO FIND AN INTEGER FEASIBLE SOLUTION,0.000000,3600,63,0,-1,-1,0.000000,0.000000,31.479509,35.717766,563
circ20cnonbal,config3,4,FAILED TO FIND AN INTEGER FEASIBLE SOLUTION,0.000000,3600,66,0,-1,-1,0.000000,0.000000,29.811957,32.807332,533
circ20cnonbal,config3,5,FAILED TO FIND AN INTEGER FEASIBLE SOLUTION,0.000000,3600,64,0,-1,-1,0.000000,0.000000,18.234448,20.365272,515
circ20cnonbal,config20,1,FAILED TO FIND AN INTEGER FEASIBLE SOLUTION,0.000000,3600,64,0,-1,-1,0.000000,0.000000,29.870756,33.590626,501
circ20cnonbal,config20,2,FAILED TO FIND AN INTEGER FEASIBLE SOLUTION,0.000000,3600,71,0,-1,-1,0.000000,0.000000,22.952891,25.831990,575
circ20cnonbal,config20,3,FAILED TO FIND AN INTEGER FEASIBLE SOLUTION,0.000000,3600,50,0,-1,-1,0.000000,0.000000,30.387768,34.792707,561
circ20cnonbal,config20,4,FAILED TO FIND AN INTEGER FEASIBLE SOLUTION,0.000000,3600,64,0,-1,-1,0.000000,0.000000,21.753190,25.313195,527
circ20cnonbal,config20,5,FAILED TO FIND AN INTEGER FEASIBLE SOLUTION,0.000000,3600,51,0,-1,-1,0.000000,0.000000,30.519334,32.773941,544
circ20cnonbal,config16,1,FAILED TO FIND AN INTEGER FEASIBLE SOLUTION,75.770992,3600,89,11,11,1,0.000000,0.000000,7.520299,7.679945,405
circ20cnonbal,config16,2,FOUND INTEGER FEASIBLE,71.420999,1373.393084,32,11,5,1,1366.000000,1366.000000,0.000000,0.000000,0
circ20cnonbal,config16,3,FAILED TO FIND AN INTEGER FEASIBLE SOLUTION,77.588449,3600,85,11,11,1,0.000000,0.000000,7.363511,7.385022,384
circ20cnonbal,config16,4,FOUND INTEGER FEASIBLE,75.571168,859.274094,18,11,3,1,1458.000000,1458.000000,0.000000,0.000000,0
circ20cnonbal,config16,5,FOUND INTEGER FEASIBLE,72.853011,1495.003593,48,11,5,1,1390.000000,1390.000000,0.000000,0.000000,0
circ20cnonbal,config17,1,FOUND INTEGER FEASIBLE,476.511074,1189.796878,19,11,2,0,1530.000000,1530.000000,0.000000,0.000000,0
circ20cnonbal,config17,2,FOUND INTEGER FEASIBLE,484.947795,1198.027365,19,11,2,0,1530.000000,1530.000000,0.000000,0.000000,0
circ20cnonbal,config17,3,FOUND INTEGER FEASIBLE,480.922925,1187.043017,19,11,2,0,1530.000000,1530.000000,0.000000,0.000000,0
circ20cnonbal,config17,4,FOUND INTEGER FEASIBLE,478.302956,1192.996229,21,11,2,0,1590.000000,1590.000000,0.000000,0.000000,0
circ20cnonbal,config17,5,FOUND INTEGER FEASIBLE,476.803941,2984.393941,74,11,9,0,1566.000000,1566.000000,0.000000,0.000000,0
circ20cnonbal,config21,1,FAILED TO FIND AN INTEGER FEASIBLE SOLUTION,686.291766,3600,96,11,11,0,0.000000,0.000000,7.500000,7.500000,15
circ20cnonbal,config21,2,FOUND INTEGER FEASIBLE,704.092201,2180.501957,46,11,5,0,1514.000000,1514.000000,0.000000,0.000000,0
circ20cnonbal,config21,3,FOUND INTEGER FEASIBLE,690.453237,1797.552214,33,11,4,0,1550.000000,1550.000000,0.000000,0.000000,0
circ20cnonbal,config21,4,FAILED TO FIND AN INTEGER FEASIBLE SOLUTION,669.395900,3600,91,11,11,0,0.000000,0.000000,11.225911,11.258738,515
circ20cnonbal,config21,5,FOUND INTEGER FEASIBLE,696.590604,2161.905383,42,11,5,0,1542.000000,1542.000000,0.000000,0.000000,0
circ20cnonbal,config23,1,FAILED TO FIND AN INTEGER FEASIBLE SOLUTION,663.437740,3600,86,11,10,0,0.000000,0.000000,6.500000,6.500000,13
circ20cnonbal,config23,2,FAILED TO FIND AN INTEGER FEASIBLE SOLUTION,681.104004,3600,84,11,11,0,0.000000,0.000000,7.963664,7.963664,503
circ20cnonbal,config23,3,FAILED TO FIND AN INTEGER FEASIBLE SOLUTION,673.152024,3600,92,11,11,0,0.000000,0.000000,6.500000,6.500000,13
circ20cnonbal,config23,4,FOUND INTEGER FEASIBLE,665.722140,2271.457919,53,11,6,0,1508.000000,1508.000000,0.000000,0.000000,0
circ20cnonbal,config23,5,FOUND INTEGER FEASIBLE,684.470544,2587.009216,55,11,7,0,1480.000000,1480.000000,0.000000,0.000000,0
circ20cnonbal,config19,1,FAILED TO FIND AN INTEGER FEASIBLE SOLUTION,0.000000,3600,0,0,-1,-1,0.000000,0.000000,inf,inf,0
circ20cnonbal,config19,2,FAILED TO FIND AN INTEGER FEASIBLE SOLUTION,0.000000,3600,0,0,-1,-1,0.000000,0.000000,inf,inf,0
circ20cnonbal,config19,3,FAILED TO FIND AN INTEGER FEASIBLE SOLUTION,0.000000,3600,0,0,-1,-1,0.000000,0.000000,inf,inf,0
circ20cnonbal,config19,4,FAILED TO FIND AN INTEGER FEASIBLE SOLUTION,0.000000,3600,0,0,-1,-1,0.000000,0.000000,inf,inf,0
circ20cnonbal,config19,5,FAILED TO FIND AN INTEGER FEASIBLE SOLUTION,0.000000,3600,0,0,-1,-1,0.000000,0.000000,inf,inf,0
circ20cnonbal,config18,1,FAILED TO FIND AN INTEGER FEASIBLE SOLUTION,0.000000,3600,0,0,-1,-1,0.000000,0.000000,inf,inf,0
circ20cnonbal,config18,2,FAILED TO FIND AN INTEGER FEASIBLE SOLUTION,0.000000,3600,0,0,-1,-1,0.000000,0.000000,inf,inf,0
circ20cnonbal,config18,3,FAILED TO FIND AN INTEGER FEASIBLE SOLUTION,0.000000,3600,0,0,-1,-1,0.000000,0.000000,inf,inf,0
circ20cnonbal,config18,4,FAILED TO FIND AN INTEGER FEASIBLE SOLUTION,0.000000,3600,0,0,-1,-1,0.000000,0.000000,inf,inf,0
circ20cnonbal,config18,5,FAILED TO FIND AN INTEGER FEASIBLE SOLUTION,0.000000,3600,0,0,-1,-1,0.000000,0.000000,inf,inf,0
circ20dbal,config1,1,FAILED TO FIND AN INTEGER FEASIBLE SOLUTION,0.000000,3600,76,0,-1,-1,0.000000,0.000000,33.674363,37.451542,589
circ20dbal,config1,2,FAILED TO FIND AN INTEGER FEASIBLE SOLUTION,0.000000,3600,81,0,-1,-1,0.000000,0.000000,33.674363,37.451542,589
circ20dbal,config1,3,FAILED TO FIND AN INTEGER FEASIBLE SOLUTION,0.000000,3600,74,0,-1,-1,0.000000,0.000000,33.674363,37.451542,589
circ20dbal,config1,4,FAILED TO FIND AN INTEGER FEASIBLE SOLUTION,0.000000,3600,60,0,-1,-1,0.000000,0.000000,23.532181,24.527594,578
circ20dbal,config1,5,FAILED TO FIND AN INTEGER FEASIBLE SOLUTION,0.000000,3600,76,0,-1,-1,0.000000,0.000000,29.544294,31.656055,570
circ20dbal,config3,1,FAILED TO FIND AN INTEGER FEASIBLE SOLUTION,0.000000,3600,75,0,-1,-1,0.000000,0.000000,28.385630,31.358491,581
circ20dbal,config3,2,FAILED TO FIND AN INTEGER FEASIBLE SOLUTION,0.000000,3600,69,0,-1,-1,0.000000,0.000000,28.385630,31.358491,581
circ20dbal,config3,3,FAILED TO FIND AN INTEGER FEASIBLE SOLUTION,0.000000,3600,63,0,-1,-1,0.000000,0.000000,28.385630,31.358491,581
circ20dbal,config3,4,FAILED TO FIND AN INTEGER FEASIBLE SOLUTION,0.000000,3600,73,0,-1,-1,0.000000,0.000000,32.645939,35.735697,613
circ20dbal,config3,5,FAILED TO FIND AN INTEGER FEASIBLE SOLUTION,0.000000,3600,73,0,-1,-1,0.000000,0.000000,34.152562,34.667010,590
circ20dbal,config20,1,FAILED TO FIND AN INTEGER FEASIBLE SOLUTION,0.000000,3600,68,0,-1,-1,0.000000,0.000000,20.951949,23.905647,557
circ20dbal,config20,2,FAILED TO FIND AN INTEGER FEASIBLE SOLUTION,0.000000,3600,68,0,-1,-1,0.000000,0.000000,23.623955,25.534748,534
circ20dbal,config20,3,FAILED TO FIND AN INTEGER FEASIBLE SOLUTION,0.000000,3600,73,0,-1,-1,0.000000,0.000000,23.623955,25.534748,534
circ20dbal,config20,4,FAILED TO FIND AN INTEGER FEASIBLE SOLUTION,0.000000,3600,57,0,-1,-1,0.000000,0.000000,17.265593,18.631854,523
circ20dbal,config20,5,FAILED TO FIND AN INTEGER FEASIBLE SOLUTION,0.000000,3600,73,0,-1,-1,0.000000,0.000000,16.079829,17.777445,520
circ20dbal,config16,1,FOUND INTEGER FEASIBLE,67.071284,1103.947341,32,11,4,1,1362.000000,1362.000000,0.000000,0.000000,0
circ20dbal,config16,2,FOUND INTEGER FEASIBLE,69.259770,1416.839103,40,11,5,1,1362.000000,1362.000000,0.000000,0.000000,0
circ20dbal,config16,3,FAILED TO FIND AN INTEGER FEASIBLE SOLUTION,66.771180,3600,99,11,11,1,0.000000,0.000000,7.000000,7.000000,14
circ20dbal,config16,4,FOUND INTEGER FEASIBLE,63.813182,1529.554007,45,11,5,1,1358.000000,1358.000000,0.000000,0.000000,0
circ20dbal,config16,5,FOUND INTEGER FEASIBLE,64.837355,913.283156,26,11,3,1,1474.000000,1474.000000,0.000000,0.000000,0
circ20dbal,config17,1,FAILED TO FIND AN INTEGER FEASIBLE SOLUTION,216.265071,3600,97,11,11,0,0.000000,0.000000,7.994272,8.080916,493
circ20dbal,config17,2,FOUND INTEGER FEASIBLE,219.806643,2355.212705,64,11,7,0,1480.000000,1480.000000,0.000000,0.000000,0
circ20dbal,config17,3,FOUND INTEGER FEASIBLE,220.952734,1866.693471,46,11,5,0,1478.000000,1478.000000,0.000000,0.000000,0
circ20dbal,config17,4,FOUND INTEGER FEASIBLE,214.460028,1620.135796,39,11,4,0,1554.000000,1554.000000,0.000000,0.000000,0
circ20dbal,config17,5,FOUND INTEGER FEASIBLE,221.086485,2025.868987,48,11,6,0,1534.000000,1534.000000,0.000000,0.000000,0
circ20dbal,config21,1,FOUND INTEGER FEASIBLE,249.432279,1500.251489,36,11,4,0,1620.000000,1620.000000,0.000000,0.000000,0
circ20dbal,config21,2,FAILED TO FIND AN INTEGER FEASIBLE SOLUTION,267.973425,3600,103,11,11,0,0.000000,0.000000,9.908130,9.908130,453
circ20dbal,config21,3,FAILED TO FIND AN INTEGER FEASIBLE SOLUTION,258.419361,3600,105,11,11,0,0.000000,0.000000,8.255103,8.255103,490
circ20dbal,config21,4,FOUND INTEGER FEASIBLE,247.661386,1328.379610,35,11,3,0,1614.000000,1614.000000,0.000000,0.000000,0
circ20dbal,config21,5,FOUND INTEGER FEASIBLE,282.084059,1567.934773,39,11,4,0,1652.000000,1652.000000,0.000000,0.000000,0
circ20dbal,config23,1,FAILED TO FIND AN INTEGER FEASIBLE SOLUTION,282.064510,3600,103,11,11,0,0.000000,0.000000,7.776481,7.776481,481
circ20dbal,config23,2,FOUND INTEGER FEASIBLE,268.197814,2068.514645,66,11,6,0,1560.000000,1560.000000,0.000000,0.000000,0
circ20dbal,config23,3,FOUND INTEGER FEASIBLE,255.127568,2154.702834,62,11,6,0,1544.000000,1544.000000,0.000000,0.000000,0
circ20dbal,config23,4,FAILED TO FIND AN INTEGER FEASIBLE SOLUTION,269.141796,3600,92,11,11,0,0.000000,0.000000,7.949425,7.949425,528
circ20dbal,config23,5,FOUND INTEGER FEASIBLE,270.343274,1658.198859,44,11,4,0,1582.000000,1582.000000,0.000000,0.000000,0
circ20dbal,config19,1,FAILED TO FIND AN INTEGER FEASIBLE SOLUTION,0.000000,3600,0,0,-1,-1,0.000000,0.000000,inf,inf,0
circ20dbal,config19,2,FAILED TO FIND AN INTEGER FEASIBLE SOLUTION,0.000000,3600,0,0,-1,-1,0.000000,0.000000,inf,inf,0
circ20dbal,config19,3,FAILED TO FIND AN INTEGER FEASIBLE SOLUTION,0.000000,3600,0,0,-1,-1,0.000000,0.000000,inf,inf,0
circ20dbal,config19,4,FAILED TO FIND AN INTEGER FEASIBLE SOLUTION,0.000000,3600,0,0,-1,-1,0.000000,0.000000,inf,inf,0
circ20dbal,config19,5,FAILED TO FIND AN INTEGER FEASIBLE SOLUTION,0.000000,3600,0,0,-1,-1,0.000000,0.000000,inf,inf,0
circ20dbal,config18,1,FAILED TO FIND AN INTEGER FEASIBLE SOLUTION,0.000000,3600,0,0,-1,-1,0.000000,0.000000,inf,inf,0
circ20dbal,config18,2,FAILED TO FIND AN INTEGER FEASIBLE SOLUTION,0.000000,3600,0,0,-1,-1,0.000000,0.000000,inf,inf,0
circ20dbal,config18,3,FAILED TO FIND AN INTEGER FEASIBLE SOLUTION,0.000000,3600,0,0,-1,-1,0.000000,0.000000,inf,inf,0
circ20dbal,config18,4,FAILED TO FIND AN INTEGER FEASIBLE SOLUTION,0.000000,3600,0,0,-1,-1,0.000000,0.000000,inf,inf,0
circ20dbal,config18,5,FAILED TO FIND AN INTEGER FEASIBLE SOLUTION,0.000000,3600,0,0,-1,-1,0.000000,0.000000,inf,inf,0
circ20dnonbal,config1,1,FAILED TO FIND AN INTEGER FEASIBLE SOLUTION,0.000000,3600,39,0,-1,-1,0.000000,0.000000,26.675625,28.398804,590
circ20dnonbal,config1,2,FAILED TO FIND AN INTEGER FEASIBLE SOLUTION,0.000000,3600,38,0,-1,-1,0.000000,0.000000,26.675625,28.398804,590
circ20dnonbal,config1,3,FAILED TO FIND AN INTEGER FEASIBLE SOLUTION,0.000000,3600,38,0,-1,-1,0.000000,0.000000,26.675625,28.398804,590
circ20dnonbal,config1,4,FAILED TO FIND AN INTEGER FEASIBLE SOLUTION,0.000000,3600,68,0,-1,-1,0.000000,0.000000,30.503540,33.859680,558
circ20dnonbal,config1,5,FAILED TO FIND AN INTEGER FEASIBLE SOLUTION,0.000000,3600,65,0,-1,-1,0.000000,0.000000,29.388577,31.794173,563
circ20dnonbal,config3,1,FAILED TO FIND AN INTEGER FEASIBLE SOLUTION,0.000000,3600,35,0,-1,-1,0.000000,0.000000,21.164320,24.123638,547
circ20dnonbal,config3,2,FAILED TO FIND AN INTEGER FEASIBLE SOLUTION,0.000000,3600,32,0,-1,-1,0.000000,0.000000,21.164320,24.123638,547
circ20dnonbal,config3,3,FAILED TO FIND AN INTEGER FEASIBLE SOLUTION,0.000000,3600,30,0,-1,-1,0.000000,0.000000,21.164320,24.123638,547
circ20dnonbal,config3,4,FAILED TO FIND AN INTEGER FEASIBLE SOLUTION,0.000000,3600,66,0,-1,-1,0.000000,0.000000,26.063422,29.787681,578
circ20dnonbal,config3,5,FAILED TO FIND AN INTEGER FEASIBLE SOLUTION,0.000000,3600,64,0,-1,-1,0.000000,0.000000,29.491410,34.804067,608
circ20dnonbal,config20,1,FAILED TO FIND AN INTEGER FEASIBLE SOLUTION,0.000000,3600,45,0,-1,-1,0.000000,0.000000,19.184787,20.893834,531
circ20dnonbal,config20,2,FAILED TO FIND AN INTEGER FEASIBLE SOLUTION,0.000000,3600,48,0,-1,-1,0.000000,0.000000,17.126930,19.232166,504
circ20dnonbal,config20,3,FAILED TO FIND AN INTEGER FEASIBLE SOLUTION,0.000000,3600,64,0,-1,-1,0.000000,0.000000,14.643668,17.643802,516
circ20dnonbal,config20,4,FAILED TO FIND AN INTEGER FEASIBLE SOLUTION,0.000000,3600,66,0,-1,-1,0.000000,0.000000,26.073794,30.067055,595
circ20dnonbal,config20,5,FAILED TO FIND AN INTEGER FEASIBLE SOLUTION,0.000000,3600,66,0,-1,-1,0.000000,0.000000,26.879774,30.847205,557
circ20dnonbal,config16,1,FOUND INTEGER FEASIBLE,68.390229,2788.370315,66,10,9,1,1356.000000,1356.000000,0.000000,0.000000,0
circ20dnonbal,config16,2,FOUND INTEGER FEASIBLE,64.165139,1616.830876,41,10,5,1,1356.000000,1356.000000,0.000000,0.000000,0
circ20dnonbal,config16,3,FOUND INTEGER FEASIBLE,72.637632,1685.381388,42,10,5,1,1356.000000,1356.000000,0.000000,0.000000,0
circ20dnonbal,config16,4,FOUND INTEGER FEASIBLE,68.228639,2143.699140,55,10,7,1,1442.000000,1442.000000,0.000000,0.000000,0
circ20dnonbal,config16,5,FAILED TO FIND AN INTEGER FEASIBLE SOLUTION,69.884205,3600,98,10,10,1,0.000000,0.000000,8.870434,9.332423,492
circ20dnonbal,config17,1,FOUND INTEGER FEASIBLE,336.209051,3593.222746,101,11,11,0,1524.000000,1524.000000,0.000000,0.000000,0
circ20dnonbal,config17,2,FOUND INTEGER FEASIBLE,328.441724,1864.140932,41,11,5,0,1556.000000,1556.000000,0.000000,0.000000,0
circ20dnonbal,config17,3,FOUND INTEGER FEASIBLE,334.048802,1719.541869,38,11,4,0,1540.000000,1540.000000,0.000000,0.000000,0
circ20dnonbal,config17,4,FOUND INTEGER FEASIBLE,336.893394,1948.669474,43,11,5,0,1518.000000,1518.000000,0.000000,0.000000,0
circ20dnonbal,config17,5,FOUND INTEGER FEASIBLE,334.640569,1928.488386,42,11,5,0,1542.000000,1542.000000,0.000000,0.000000,0
circ20dnonbal,config21,1,FAILED TO FIND AN INTEGER FEASIBLE SOLUTION,397.401057,3600,110,11,11,0,0.000000,0.000000,11.033109,11.033109,536
circ20dnonbal,config21,2,FAILED TO FIND AN INTEGER FEASIBLE SOLUTION,386.030649,3600,89,11,10,0,0.000000,0.000000,12.333755,12.778710,505
circ20dnonbal,config21,3,FOUND INTEGER FEASIBLE,396.309310,3080.124584,89,11,9,0,1588.000000,1588.000000,0.000000,0.000000,0
circ20dnonbal,config21,4,FAILED TO FIND AN INTEGER FEASIBLE SOLUTION,380.431874,3600,83,11,11,0,0.000000,0.000000,9.955955,10.379618,546
circ20dnonbal,config21,5,FAILED TO FIND AN INTEGER FEASIBLE SOLUTION,392.064699,3600,99,11,11,0,0.000000,0.000000,10.711386,11.143975,538
circ20dnonbal,config23,1,FOUND INTEGER FEASIBLE,395.021342,2519.327592,74,11,7,0,1512.000000,1512.000000,0.000000,0.000000,0
circ20dnonbal,config23,2,FOUND INTEGER FEASIBLE,387.066901,2519.940739,61,11,7,0,1602.000000,1602.000000,0.000000,0.000000,0
circ20dnonbal,config23,3,FOUND INTEGER FEASIBLE,397.750607,3281.556242,82,11,10,0,1598.000000,1598.000000,0.000000,0.000000,0
circ20dnonbal,config23,4,FOUND INTEGER FEASIBLE,396.457101,1743.519070,37,11,4,0,1578.000000,1578.000000,0.000000,0.000000,0
circ20dnonbal,config23,5,FOUND INTEGER FEASIBLE,391.121358,1990.238464,48,11,5,0,1516.000000,1516.000000,0.000000,0.000000,0
circ20dnonbal,config19,1,FAILED TO FIND AN INTEGER FEASIBLE SOLUTION,0.000000,3600,0,0,-1,-1,0.000000,0.000000,inf,inf,0
circ20dnonbal,config19,2,FAILED TO FIND AN INTEGER FEASIBLE SOLUTION,0.000000,3600,0,0,-1,-1,0.000000,0.000000,inf,inf,0
circ20dnonbal,config19,3,FAILED TO FIND AN INTEGER FEASIBLE SOLUTION,0.000000,3600,0,0,-1,-1,0.000000,0.000000,inf,inf,0
circ20dnonbal,config19,4,FOUND INTEGER FEASIBLE,0.000000,3312.932933,0,0,-1,-1,1220.000000,1220.000000,0.000000,0.000000,0
circ20dnonbal,config19,5,FOUND INTEGER FEASIBLE,0.000000,3304.983772,0,0,-1,-1,1220.000000,1220.000000,0.000000,0.000000,0
circ20dnonbal,config18,1,FAILED TO FIND AN INTEGER FEASIBLE SOLUTION,0.000000,3600,0,0,-1,-1,0.000000,0.000000,inf,inf,0
circ20dnonbal,config18,2,FAILED TO FIND AN INTEGER FEASIBLE SOLUTION,0.000000,3600,0,0,-1,-1,0.000000,0.000000,inf,inf,0
circ20dnonbal,config18,3,FAILED TO FIND AN INTEGER FEASIBLE SOLUTION,0.000000,3600,0,0,-1,-1,0.000000,0.000000,inf,inf,0
circ20dnonbal,config18,4,FAILED TO FIND AN INTEGER FEASIBLE SOLUTION,0.000000,3600,0,0,-1,-1,0.000000,0.000000,inf,inf,0
circ20dnonbal,config18,5,FAILED TO FIND AN INTEGER FEASIBLE SOLUTION,0.000000,3600,0,0,-1,-1,0.000000,0.000000,inf,inf,0
circ20ebal,config1,1,FAILED TO FIND AN INTEGER FEASIBLE SOLUTION,0.000000,3600,41,0,-1,-1,0.000000,0.000000,28.974225,34.415375,579
circ20ebal,config1,2,FAILED TO FIND AN INTEGER FEASIBLE SOLUTION,0.000000,3600,40,0,-1,-1,0.000000,0.000000,30.440461,33.074600,596
circ20ebal,config1,3,FAILED TO FIND AN INTEGER FEASIBLE SOLUTION,0.000000,3600,37,0,-1,-1,0.000000,0.000000,30.593426,32.963277,599
circ20ebal,config1,4,FAILED TO FIND AN INTEGER FEASIBLE SOLUTION,0.000000,3600,79,0,-1,-1,0.000000,0.000000,28.295365,30.798109,572
circ20ebal,config1,5,FAILED TO FIND AN INTEGER FEASIBLE SOLUTION,0.000000,3600,78,0,-1,-1,0.000000,0.000000,31.728830,35.152117,610
circ20ebal,config3,1,FAILED TO FIND AN INTEGER FEASIBLE SOLUTION,0.000000,3600,36,0,-1,-1,0.000000,0.000000,25.786247,28.494683,598
circ20ebal,config3,2,FAILED TO FIND AN INTEGER FEASIBLE SOLUTION,0.000000,3600,36,0,-1,-1,0.000000,0.000000,25.786247,28.494683,598
circ20ebal,config3,3,FAILED TO FIND AN INTEGER FEASIBLE SOLUTION,0.000000,3600,37,0,-1,-1,0.000000,0.000000,22.751545,25.007320,591
circ20ebal,config3,4,FAILED TO FIND AN INTEGER FEASIBLE SOLUTION,0.000000,3600,70,0,-1,-1,0.000000,0.000000,29.696572,32.818861,525
circ20ebal,config3,5,FAILED TO FIND AN INTEGER FEASIBLE SOLUTION,0.000000,3600,71,0,-1,-1,0.000000,0.000000,29.145290,32.712436,618
circ20ebal,config20,1,FAILED TO FIND AN INTEGER FEASIBLE SOLUTION,0.000000,3600,71,0,-1,-1,0.000000,0.000000,24.395607,27.336726,563
circ20ebal,config20,2,FAILED TO FIND AN INTEGER FEASIBLE SOLUTION,0.000000,3600,72,0,-1,-1,0.000000,0.000000,24.395607,27.336726,563
circ20ebal,config20,3,FOUND INTEGER FEASIBLE,0.000000,589.254065,12,0,-1,-1,1700.000000,1700.000000,0.000000,0.000000,0
circ20ebal,config20,4,FAILED TO FIND AN INTEGER FEASIBLE SOLUTION,0.000000,3600,72,0,-1,-1,0.000000,0.000000,28.239600,31.211757,570
circ20ebal,config20,5,FAILED TO FIND AN INTEGER FEASIBLE SOLUTION,0.000000,3600,74,0,-1,-1,0.000000,0.000000,32.360726,38.285448,483
circ20ebal,config16,1,FOUND INTEGER FEASIBLE,49.786788,1988.090922,58,11,7,1,1530.000000,1530.000000,0.000000,0.000000,0
circ20ebal,config16,2,FAILED TO FIND AN INTEGER FEASIBLE SOLUTION,53.305941,3600,132,11,11,1,0.000000,0.000000,13.865291,13.989349,544
circ20ebal,config16,3,FAILED TO FIND AN INTEGER FEASIBLE SOLUTION,51.898645,3600,135,11,11,1,0.000000,0.000000,13.865291,13.989349,544
circ20ebal,config16,4,FOUND INTEGER FEASIBLE,50.433755,1823.893942,52,11,6,1,1422.000000,1422.000000,0.000000,0.000000,0
circ20ebal,config16,5,FAILED TO FIND AN INTEGER FEASIBLE SOLUTION,50.681613,3600,135,11,11,1,0.000000,0.000000,14.919167,14.919167,529
circ20ebal,config17,1,FOUND INTEGER FEASIBLE,245.178802,1476.063924,38,11,4,0,1492.000000,1492.000000,0.000000,0.000000,0
circ20ebal,config17,2,FAILED TO FIND AN INTEGER FEASIBLE SOLUTION,240.131213,3600,105,11,11,0,0.000000,0.000000,7.920782,7.920782,524
circ20ebal,config17,3,FOUND INTEGER FEASIBLE,245.919046,1891.804937,54,11,5,0,1500.000000,1500.000000,0.000000,0.000000,0
circ20ebal,config17,4,FAILED TO FIND AN INTEGER FEASIBLE SOLUTION,244.118252,3600,101,11,11,0,0.000000,0.000000,7.232424,7.232424,477
circ20ebal,config17,5,FOUND INTEGER FEASIBLE,245.659529,1324.300460,28,11,3,0,1530.000000,1530.000000,0.000000,0.000000,0
circ20ebal,config21,1,FOUND INTEGER FEASIBLE,295.276805,2350.805213,73,11,7,0,1622.000000,1622.000000,0.000000,0.000000,0
circ20ebal,config21,2,FOUND INTEGER FEASIBLE,296.290018,2350.651911,71,11,7,0,1622.000000,1622.000000,0.000000,0.000000,0
circ20ebal,config21,3,FOUND INTEGER FEASIBLE,297.962381,1300.726806,29,11,3,0,1702.000000,1702.000000,0.000000,0.000000,0
circ20ebal,config21,4,FOUND INTEGER FEASIBLE,298.059805,1924.053367,56,11,5,0,1652.000000,1652.000000,0.000000,0.000000,0
circ20ebal,config21,5,FAILED TO FIND AN INTEGER FEASIBLE SOLUTION,296.534006,3600,93,11,11,0,0.000000,0.000000,9.071093,9.071093,497
circ20ebal,config23,1,FAILED TO FIND AN INTEGER FEASIBLE SOLUTION,302.477511,3600,90,11,11,0,0.000000,0.000000,8.591631,8.655561,520
circ20ebal,config23,2,FAILED TO FIND AN INTEGER FEASIBLE SOLUTION,304.921403,3600,93,11,11,0,0.000000,0.000000,8.609217,8.809784,514
circ20ebal,config23,3,FAILED TO FIND AN INTEGER FEASIBLE SOLUTION,301.253989,3600,87,11,11,0,0.000000,0.000000,8.591631,8.655561,522
circ20ebal,config23,4,FOUND INTEGER FEASIBLE,308.294401,1602.594698,42,11,4,0,1622.000000,1622.000000,0.000000,0.000000,0
circ20ebal,config23,5,FOUND INTEGER FEASIBLE,302.900299,1744.941156,49,11,5,0,1538.000000,1538.000000,0.000000,0.000000,0
circ20ebal,config19,1,FOUND INTEGER FEASIBLE,0.000000,3286.161105,0,0,-1,-1,1128.000000,1128.000000,0.000000,0.000000,0
circ20ebal,config19,2,FOUND INTEGER FEASIBLE,0.000000,3274.420914,0,0,-1,-1,1128.000000,1128.000000,0.000000,0.000000,0
circ20ebal,config19,3,FOUND INTEGER FEASIBLE,0.000000,3286.203011,0,0,-1,-1,1128.000000,1128.000000,0.000000,0.000000,0
circ20ebal,config19,4,FOUND INTEGER FEASIBLE,0.000000,1742.264621,0,0,-1,-1,1128.000000,1128.000000,0.000000,0.000000,0
circ20ebal,config19,5,FOUND INTEGER FEASIBLE,0.000000,1723.417232,0,0,-1,-1,1128.000000,1128.000000,0.000000,0.000000,0
circ20ebal,config18,1,FAILED TO FIND AN INTEGER FEASIBLE SOLUTION,0.000000,3600,0,0,-1,-1,0.000000,0.000000,inf,inf,0
circ20ebal,config18,2,FAILED TO FIND AN INTEGER FEASIBLE SOLUTION,0.000000,3600,0,0,-1,-1,0.000000,0.000000,inf,inf,0
circ20ebal,config18,3,FAILED TO FIND AN INTEGER FEASIBLE SOLUTION,0.000000,3600,0,0,-1,-1,0.000000,0.000000,inf,inf,0
circ20ebal,config18,4,FAILED TO FIND AN INTEGER FEASIBLE SOLUTION,0.000000,3600,0,0,-1,-1,0.000000,0.000000,inf,inf,0
circ20ebal,config18,5,FAILED TO FIND AN INTEGER FEASIBLE SOLUTION,0.000000,3600,0,0,-1,-1,0.000000,0.000000,inf,inf,0
circ20enonbal,config1,1,FAILED TO FIND AN INTEGER FEASIBLE SOLUTION,0.000000,3600,36,0,-1,-1,0.000000,0.000000,33.844488,36.715109,581
circ20enonbal,config1,2,FAILED TO FIND AN INTEGER FEASIBLE SOLUTION,0.000000,3600,37,0,-1,-1,0.000000,0.000000,33.844488,36.715109,581
circ20enonbal,config1,3,FAILED TO FIND AN INTEGER FEASIBLE SOLUTION,0.000000,3600,36,0,-1,-1,0.000000,0.000000,33.844488,36.715109,581
circ20enonbal,config1,4,FAILED TO FIND AN INTEGER FEASIBLE SOLUTION,0.000000,3600,68,0,-1,-1,0.000000,0.000000,23.575243,24.668488,590
circ20enonbal,config1,5,FAILED TO FIND AN INTEGER FEASIBLE SOLUTION,0.000000,3600,65,0,-1,-1,0.000000,0.000000,27.166295,31.519302,572
circ20enonbal,config3,1,FAILED TO FIND AN INTEGER FEASIBLE SOLUTION,0.000000,3600,33,0,-1,-1,0.000000,0.000000,21.374257,24.085338,552
circ20enonbal,config3,2,FAILED TO FIND AN INTEGER FEASIBLE SOLUTION,0.000000,3600,32,0,-1,-1,0.000000,0.000000,21.374257,24.085338,552
circ20enonbal,config3,3,FAILED TO FIND AN INTEGER FEASIBLE SOLUTION,0.000000,3600,31,0,-1,-1,0.000000,0.000000,21.374257,24.085338,552
circ20enonbal,config3,4,FAILED TO FIND AN INTEGER FEASIBLE SOLUTION,0.000000,3600,64,0,-1,-1,0.000000,0.000000,31.891932,34.881478,579
circ20enonbal,config3,5,FAILED TO FIND AN INTEGER FEASIBLE SOLUTION,0.000000,3600,47,0,-1,-1,0.000000,0.000000,34.263370,36.414210,620
circ20enonbal,config20,1,FAILED TO FIND AN INTEGER FEASIBLE SOLUTION,0.000000,3600,49,0,-1,-1,0.000000,0.000000,25.781130,26.407450,562
circ20enonbal,config20,2,FAILED TO FIND AN INTEGER FEASIBLE SOLUTION,0.000000,3600,62,0,-1,-1,0.000000,0.000000,25.781130,26.407450,562
circ20enonbal,config20,3,FAILED TO FIND AN INTEGER FEASIBLE SOLUTION,0.000000,3600,65,0,-1,-1,0.000000,0.000000,25.781130,26.407450,562
circ20enonbal,config20,4,FAILED TO FIND AN INTEGER FEASIBLE SOLUTION,0.000000,3600,62,0,-1,-1,0.000000,0.000000,33.329136,35.899834,543
circ20enonbal,config20,5,FAILED TO FIND AN INTEGER FEASIBLE SOLUTION,0.000000,3600,61,0,-1,-1,0.000000,0.000000,24.730955,26.972552,557
circ20enonbal,config16,1,FOUND INTEGER FEASIBLE,85.835148,2460.003579,66,11,8,1,1456.000000,1456.000000,0.000000,0.000000,0
circ20enonbal,config16,2,FOUND INTEGER FEASIBLE,87.089974,3226.857719,81,11,11,1,1450.000000,1450.000000,0.000000,0.000000,0
circ20enonbal,config16,3,FAILED TO FIND AN INTEGER FEASIBLE SOLUTION,85.198513,3600,99,11,11,1,0.000000,0.000000,16.943056,17.549202,563
circ20enonbal,config16,4,FOUND INTEGER FEASIBLE,82.235737,2921.886704,84,11,10,1,1514.000000,1514.000000,0.000000,0.000000,0
circ20enonbal,config16,5,FOUND INTEGER FEASIBLE,88.583418,1131.347549,26,11,4,1,1470.000000,1470.000000,0.000000,0.000000,0
circ20enonbal,config17,1,FAILED TO FIND AN INTEGER FEASIBLE SOLUTION,321.475921,3600,99,11,11,0,0.000000,0.000000,12.346845,12.408094,521
circ20enonbal,config17,2,FOUND INTEGER FEASIBLE,319.603627,1630.200615,41,11,4,0,1596.000000,1596.000000,0.000000,0.000000,0
circ20enonbal,config17,3,FOUND INTEGER FEASIBLE,319.641650,3023.520606,89,11,9,0,1576.000000,1576.000000,0.000000,0.000000,0
circ20enonbal,config17,4,FAILED TO FIND AN INTEGER FEASIBLE SOLUTION,324.683813,3600,107,11,11,0,0.000000,0.000000,15.023876,15.387067,566
circ20enonbal,config17,5,FAILED TO FIND AN INTEGER FEASIBLE SOLUTION,318.803591,3600,85,11,11,0,0.000000,0.000000,9.008173,9.315254,484
circ20enonbal,config21,1,FOUND INTEGER FEASIBLE,343.389906,1551.859252,29,10,4,1,1692.000000,1692.000000,0.000000,0.000000,0
circ20enonbal,config21,2,FOUND INTEGER FEASIBLE,345.079993,1502.553536,30,10,4,1,1750.000000,1750.000000,0.000000,0.000000,0
circ20enonbal,config21,3,FOUND INTEGER FEASIBLE,339.603012,1490.074439,30,10,4,1,1750.000000,1750.000000,0.000000,0.000000,0
circ20enonbal,config21,4,FAILED TO FIND AN INTEGER FEASIBLE SOLUTION,346.513516,3600,87,10,10,1,0.000000,0.000000,8.000000,8.000000,16
circ20enonbal,config21,5,FOUND INTEGER FEASIBLE,349.635996,1829.749719,34,10,5,1,1688.000000,1688.000000,0.000000,0.000000,0
circ20enonbal,config23,1,FOUND INTEGER FEASIBLE,345.310558,2136.053466,50,10,6,1,1576.000000,1576.000000,0.000000,0.000000,0
circ20enonbal,config23,2,FOUND INTEGER FEASIBLE,335.386790,2029.164964,50,10,6,1,1588.000000,1588.000000,0.000000,0.000000,0
circ20enonbal,config23,3,FOUND INTEGER FEASIBLE,352.371968,3230.271181,82,10,10,1,1594.000000,1594.000000,0.000000,0.000000,0
circ20enonbal,config23,4,FOUND INTEGER FEASIBLE,347.394221,2396.849314,56,10,7,1,1614.000000,1614.000000,0.000000,0.000000,0
circ20enonbal,config23,5,FOUND INTEGER FEASIBLE,356.785005,2275.564838,44,10,7,1,1592.000000,1592.000000,0.000000,0.000000,0
circ20enonbal,config19,1,FAILED TO FIND AN INTEGER FEASIBLE SOLUTION,0.000000,3600,0,0,-1,-1,0.000000,0.000000,inf,inf,0
circ20enonbal,config19,2,FAILED TO FIND AN INTEGER FEASIBLE SOLUTION,0.000000,3600,0,0,-1,-1,0.000000,0.000000,inf,inf,0
circ20enonbal,config19,3,FAILED TO FIND AN INTEGER FEASIBLE SOLUTION,0.000000,3600,0,0,-1,-1,0.000000,0.000000,inf,inf,0
circ20enonbal,config19,4,FOUND INTEGER FEASIBLE,0.000000,3252.547964,0,0,-1,-1,1258.000000,1258.000000,0.000000,0.000000,0
circ20enonbal,config19,5,FOUND INTEGER FEASIBLE,0.000000,3248.318401,0,0,-1,-1,1258.000000,1258.000000,0.000000,0.000000,0
circ20enonbal,config18,1,FAILED TO FIND AN INTEGER FEASIBLE SOLUTION,0.000000,3600,0,0,-1,-1,0.000000,0.000000,inf,inf,0
circ20enonbal,config18,2,FAILED TO FIND AN INTEGER FEASIBLE SOLUTION,0.000000,3600,0,0,-1,-1,0.000000,0.000000,inf,inf,0
circ20enonbal,config18,3,FAILED TO FIND AN INTEGER FEASIBLE SOLUTION,0.000000,3600,0,0,-1,-1,0.000000,0.000000,inf,inf,0
circ20enonbal,config18,4,FAILED TO FIND AN INTEGER FEASIBLE SOLUTION,0.000000,3600,0,0,-1,-1,0.000000,0.000000,inf,inf,0
circ20enonbal,config18,5,FAILED TO FIND AN INTEGER FEASIBLE SOLUTION,0.000000,3600,0,0,-1,-1,0.000000,0.000000,inf,inf,0
circ20fbal,config1,1,FAILED TO FIND AN INTEGER FEASIBLE SOLUTION,0.000000,3600,40,0,-1,-1,0.000000,0.000000,23.807487,25.715345,550
circ20fbal,config1,2,FOUND INTEGER FEASIBLE,0.000000,1384.235489,19,0,-1,-1,1428.000000,1428.000000,0.000000,0.000000,0
circ20fbal,config1,3,FAILED TO FIND AN INTEGER FEASIBLE SOLUTION,0.000000,3600,38,0,-1,-1,0.000000,0.000000,11.569991,11.569991,497
circ20fbal,config1,4,FAILED TO FIND AN INTEGER FEASIBLE SOLUTION,0.000000,3600,78,0,-1,-1,0.000000,0.000000,33.597760,36.420031,612
circ20fbal,config1,5,FAILED TO FIND AN INTEGER FEASIBLE SOLUTION,0.000000,3600,76,0,-1,-1,0.000000,0.000000,23.565403,25.356133,575
circ20fbal,config3,1,FAILED TO FIND AN INTEGER FEASIBLE SOLUTION,0.000000,3600,29,0,-1,-1,0.000000,0.000000,30.824840,33.110364,587
circ20fbal,config3,2,FAILED TO FIND AN INTEGER FEASIBLE SOLUTION,0.000000,3600,35,0,-1,-1,0.000000,0.000000,30.824840,33.110364,587
circ20fbal,config3,3,FAILED TO FIND AN INTEGER FEASIBLE SOLUTION,0.000000,3600,36,0,-1,-1,0.000000,0.000000,30.824840,33.110364,587
circ20fbal,config3,4,FAILED TO FIND AN INTEGER FEASIBLE SOLUTION,0.000000,3600,75,0,-1,-1,0.000000,0.000000,33.977299,36.377127,616
circ20fbal,config3,5,FAILED TO FIND AN INTEGER FEASIBLE SOLUTION,0.000000,3600,73,0,-1,-1,0.000000,0.000000,19.185257,21.339375,593
circ20fbal,config20,1,FAILED TO FIND AN INTEGER FEASIBLE SOLUTION,0.000000,3600,71,0,-1,-1,0.000000,0.000000,13.922776,14.967734,512
circ20fbal,config20,2,FAILED TO FIND AN INTEGER FEASIBLE SOLUTION,0.000000,3600,73,0,-1,-1,0.000000,0.000000,13.328503,15.533937,481
circ20fbal,config20,3,FAILED TO FIND AN INTEGER FEASIBLE SOLUTION,0.000000,3600,72,0,-1,-1,0.000000,0.000000,12.906312,14.339911,469
circ20fbal,config20,4,FAILED TO FIND AN INTEGER FEASIBLE SOLUTION,0.000000,3600,75,0,-1,-1,0.000000,0.000000,29.505049,31.651709,595
circ20fbal,config20,5,FOUND INTEGER FEASIBLE,0.000000,541.018269,10,0,-1,-1,1702.000000,1702.000000,0.000000,0.000000,0
circ20fbal,config16,1,FOUND INTEGER FEASIBLE,63.263992,1190.084394,32,11,4,1,1486.000000,1486.000000,0.000000,0.000000,0
circ20fbal,config16,2,FOUND INTEGER FEASIBLE,61.600778,3179.781855,101,11,11,1,1430.000000,1430.000000,0.000000,0.000000,0
circ20fbal,config16,3,FOUND INTEGER FEASIBLE,59.824911,1437.901816,38,11,5,1,1424.000000,1424.000000,0.000000,0.000000,0
circ20fbal,config16,4,FAILED TO FIND AN INTEGER FEASIBLE SOLUTION,61.148670,3600,106,11,11,1,0.000000,0.000000,7.500000,7.500000,15
circ20fbal,config16,5,FOUND INTEGER FEASIBLE,62.029188,1185.391447,35,11,4,1,1452.000000,1452.000000,0.000000,0.000000,0
circ20fbal,config17,1,FOUND INTEGER FEASIBLE,288.502138,1962.265667,58,11,5,0,1480.000000,1480.000000,0.000000,0.000000,0
circ20fbal,config17,2,FAILED TO FIND AN INTEGER FEASIBLE SOLUTION,287.689949,3600,132,11,11,0,0.000000,0.000000,18.210741,18.671904,587
circ20fbal,config17,3,FOUND INTEGER FEASIBLE,292.362586,1669.577070,42,11,4,0,1558.000000,1558.000000,0.000000,0.000000,0
circ20fbal,config17,4,FOUND INTEGER FEASIBLE,287.338019,1220.762165,26,11,3,0,1612.000000,1612.000000,0.000000,0.000000,0
circ20fbal,config17,5,FAILED TO FIND AN INTEGER FEASIBLE SOLUTION,287.951088,3600,110,11,11,0,0.000000,0.000000,11.928438,12.002345,536
circ20fbal,config21,1,FOUND INTEGER FEASIBLE,248.760608,1614.033188,42,11,4,0,1652.000000,1652.000000,0.000000,0.000000,0
circ20fbal,config21,2,FOUND INTEGER FEASIBLE,261.184830,2312.600567,62,11,7,0,1638.000000,1638.000000,0.000000,0.000000,0
circ20fbal,config21,3,FOUND INTEGER FEASIBLE,263.208500,1792.014768,48,11,5,0,1612.000000,1612.000000,0.000000,0.000000,0
circ20fbal,config21,4,FAILED TO FIND AN INTEGER FEASIBLE SOLUTION,256.322268,3600,120,11,11,0,0.000000,0.000000,10.517227,10.517227,531
circ20fbal,config21,5,FOUND INTEGER FEASIBLE,257.004535,1257.302524,28,11,3,0,1598.000000,1598.000000,0.000000,0.000000,0
circ20fbal,config23,1,FOUND INTEGER FEASIBLE,259.612548,2239.685412,74,11,6,0,1526.000000,1526.000000,0.000000,0.000000,0
circ20fbal,config23,2,FOUND INTEGER FEASIBLE,260.946960,3496.221197,105,11,11,0,1466.000000,1466.000000,0.000000,0.000000,0
circ20fbal,config23,3,FAILED TO FIND AN INTEGER FEASIBLE SOLUTION,262.620815,3600,97,11,11,0,0.000000,0.000000,10.688893,10.688893,528
circ20fbal,config23,4,FOUND INTEGER FEASIBLE,255.965160,2245.403457,50,11,5,0,1526.000000,1526.000000,0.000000,0.000000,0
circ20fbal,config23,5,FOUND INTEGER FEASIBLE,270.845164,1565.345886,44,11,4,0,1502.000000,1502.000000,0.000000,0.000000,0
circ20fbal,config19,1,FAILED TO FIND AN INTEGER FEASIBLE SOLUTION,0.000000,3600,0,0,-1,-1,0.000000,0.000000,inf,inf,0
circ20fbal,config19,2,FAILED TO FIND AN INTEGER FEASIBLE SOLUTION,0.000000,3600,0,0,-1,-1,0.000000,0.000000,inf,inf,0
circ20fbal,config19,3,FAILED TO FIND AN INTEGER FEASIBLE SOLUTION,0.000000,3600,0,0,-1,-1,0.000000,0.000000,inf,inf,0
circ20fbal,config19,4,FAILED TO FIND AN INTEGER FEASIBLE SOLUTION,0.000000,3600,0,0,-1,-1,0.000000,0.000000,inf,inf,0
circ20fbal,config19,5,FAILED TO FIND AN INTEGER FEASIBLE SOLUTION,0.000000,3600,0,0,-1,-1,0.000000,0.000000,inf,inf,0
circ20fbal,config18,1,FAILED TO FIND AN INTEGER FEASIBLE SOLUTION,0.000000,3600,0,0,-1,-1,0.000000,0.000000,inf,inf,0
circ20fbal,config18,2,FAILED TO FIND AN INTEGER FEASIBLE SOLUTION,0.000000,3600,0,0,-1,-1,0.000000,0.000000,inf,inf,0
circ20fbal,config18,3,FAILED TO FIND AN INTEGER FEASIBLE SOLUTION,0.000000,3600,0,0,-1,-1,0.000000,0.000000,inf,inf,0
circ20fbal,config18,4,FAILED TO FIND AN INTEGER FEASIBLE SOLUTION,0.000000,3600,0,0,-1,-1,0.000000,0.000000,inf,inf,0
circ20fbal,config18,5,FAILED TO FIND AN INTEGER FEASIBLE SOLUTION,0.000000,3600,0,0,-1,-1,0.000000,0.000000,inf,inf,0
circ20gbal,config1,1,FAILED TO FIND AN INTEGER FEASIBLE SOLUTION,0.000000,3600,41,0,-1,-1,0.000000,0.000000,31.264912,33.011657,610
circ20gbal,config1,2,FAILED TO FIND AN INTEGER FEASIBLE SOLUTION,0.000000,3600,41,0,-1,-1,0.000000,0.000000,31.264912,33.011657,610
circ20gbal,config1,3,FAILED TO FIND AN INTEGER FEASIBLE SOLUTION,0.000000,3600,41,0,-1,-1,0.000000,0.000000,31.264912,33.011657,610
circ20gbal,config1,4,FAILED TO FIND AN INTEGER FEASIBLE SOLUTION,0.000000,3600,75,0,-1,-1,0.000000,0.000000,25.087642,27.570070,608
circ20gbal,config1,5,FAILED TO FIND AN INTEGER FEASIBLE SOLUTION,0.000000,3600,77,0,-1,-1,0.000000,0.000000,22.195982,23.363195,579
circ20gbal,config3,1,FAILED TO FIND AN INTEGER FEASIBLE SOLUTION,0.000000,3600,38,0,-1,-1,0.000000,0.000000,25.987086,27.592377,592
circ20gbal,config3,2,FAILED TO FIND AN INTEGER FEASIBLE SOLUTION,0.000000,3600,38,0,-1,-1,0.000000,0.000000,25.987086,27.592377,592
circ20gbal,config3,3,FAILED TO FIND AN INTEGER FEASIBLE SOLUTION,0.000000,3600,36,0,-1,-1,0.000000,0.000000,25.987086,27.592377,592
circ20gbal,config3,4,FAILED TO FIND AN INTEGER FEASIBLE SOLUTION,0.000000,3600,73,0,-1,-1,0.000000,0.000000,30.201109,36.102096,585
circ20gbal,config3,5,FAILED TO FIND AN INTEGER FEASIBLE SOLUTION,0.000000,3600,75,0,-1,-1,0.000000,0.000000,33.594577,35.953062,595
circ20gbal,config20,1,FAILED TO FIND AN INTEGER FEASIBLE SOLUTION,0.000000,3600,72,0,-1,-1,0.000000,0.000000,28.157889,29.856411,562
circ20gbal,config20,2,FAILED TO FIND AN INTEGER FEASIBLE SOLUTION,0.000000,3600,74,0,-1,-1,0.000000,0.000000,28.157889,29.856411,562
circ20gbal,config20,3,FAILED TO FIND AN INTEGER FEASIBLE SOLUTION,0.000000,3600,72,0,-1,-1,0.000000,0.000000,28.157889,29.856411,562
circ20gbal,config20,4,FAILED TO FIND AN INTEGER FEASIBLE SOLUTION,0.000000,3600,73,0,-1,-1,0.000000,0.000000,24.237913,26.755339,542
circ20gbal,config20,5,FAILED TO FIND AN INTEGER FEASIBLE SOLUTION,0.000000,3600,72,0,-1,-1,0.000000,0.000000,22.775082,24.605674,576
circ20gbal,config16,1,FOUND INTEGER FEASIBLE,50.458776,759.212998,19,11,3,1,1366.000000,1366.000000,0.000000,0.000000,0
circ20gbal,config16,2,FOUND INTEGER FEASIBLE,53.443243,751.871318,19,11,3,1,1366.000000,1366.000000,0.000000,0.000000,0
circ20gbal,config16,3,FOUND INTEGER FEASIBLE,54.516958,753.909834,19,11,3,1,1366.000000,1366.000000,0.000000,0.000000,0
circ20gbal,config16,4,FAILED TO FIND AN INTEGER FEASIBLE SOLUTION,51.513529,3600,100,11,11,1,0.000000,0.000000,7.602731,7.602731,473
circ20gbal,config16,5,FOUND INTEGER FEASIBLE,54.664365,891.897166,23,11,3,1,1464.000000,1464.000000,0.000000,0.000000,0
circ20gbal,config17,1,FOUND INTEGER FEASIBLE,273.612544,1541.656377,25,11,4,1,1600.000000,1600.000000,0.000000,0.000000,0
circ20gbal,config17,2,FOUND INTEGER FEASIBLE,272.217178,1528.510559,25,11,4,1,1600.000000,1600.000000,0.000000,0.000000,0
circ20gbal,config17,3,FOUND INTEGER FEASIBLE,261.851095,1537.993630,25,11,4,1,1608.000000,1608.000000,0.000000,0.000000,0
circ20gbal,config17,4,FAILED TO FIND AN INTEGER FEASIBLE SOLUTION,267.136657,3600,91,11,11,1,0.000000,0.000000,10.556367,10.556367,536
circ20gbal,config17,5,FAILED TO FIND AN INTEGER FEASIBLE SOLUTION,259.298174,3600,86,11,11,1,0.000000,0.000000,11.276010,11.376518,539
circ20gbal,config21,1,FAILED TO FIND AN INTEGER FEASIBLE SOLUTION,281.598267,3600,102,11,11,0,0.000000,0.000000,8.500000,8.500000,17
circ20gbal,config21,2,FAILED TO FIND AN INTEGER FEASIBLE SOLUTION,303.487703,3600,98,11,11,0,0.000000,0.000000,8.500000,8.500000,17
circ20gbal,config21,3,FAILED TO FIND AN INTEGER FEASIBLE SOLUTION,285.332495,3600,95,11,11,0,0.000000,0.000000,8.500000,8.500000,17
circ20gbal,config21,4,FAILED TO FIND AN INTEGER FEASIBLE SOLUTION,283.098209,3600,117,11,11,0,0.000000,0.000000,8.834741,8.910430,508
circ20gbal,config21,5,FOUND INTEGER FEASIBLE,295.938407,1313.992146,33,11,3,0,1648.000000,1648.000000,0.000000,0.000000,0
circ20gbal,config23,1,FOUND INTEGER FEASIBLE,292.674754,2201.166766,69,11,6,0,1564.000000,1564.000000,0.000000,0.000000,0
circ20gbal,config23,2,FOUND INTEGER FEASIBLE,299.607781,2334.644472,67,11,7,0,1540.000000,1540.000000,0.000000,0.000000,0
circ20gbal,config23,3,FOUND INTEGER FEASIBLE,297.775537,2210.506488,66,11,6,0,1564.000000,1564.000000,0.000000,0.000000,0
circ20gbal,config23,4,FOUND INTEGER FEASIBLE,293.817722,1616.997089,42,11,4,0,1502.000000,1502.000000,0.000000,0.000000,0
circ20gbal,config23,5,FAILED TO FIND AN INTEGER FEASIBLE SOLUTION,292.807100,3600,117,11,11,0,0.000000,0.000000,12.457940,12.625762,521
circ20gbal,config19,1,FAILED TO FIND AN INTEGER FEASIBLE SOLUTION,0.000000,3600,0,0,-1,-1,0.000000,0.000000,inf,inf,0
circ20gbal,config19,2,FAILED TO FIND AN INTEGER FEASIBLE SOLUTION,0.000000,3600,0,0,-1,-1,0.000000,0.000000,inf,inf,0
circ20gbal,config19,3,FAILED TO FIND AN INTEGER FEASIBLE SOLUTION,0.000000,3600,0,0,-1,-1,0.000000,0.000000,inf,inf,0
circ20gbal,config19,4,FOUND INTEGER FEASIBLE,0.000000,2164.027047,0,0,-1,-1,1148.000000,1148.000000,0.000000,0.000000,0
circ20gbal,config19,5,FOUND INTEGER FEASIBLE,0.000000,2148.339440,0,0,-1,-1,1148.000000,1148.000000,0.000000,0.000000,0
circ20gbal,config18,1,FOUND INTEGER FEASIBLE,0.000000,3463.340041,0,0,-1,-1,1214.000000,1214.000000,0.000000,0.000000,0
circ20gbal,config18,2,FOUND INTEGER FEASIBLE,0.000000,3468.208153,0,0,-1,-1,1214.000000,1214.000000,0.000000,0.000000,0
circ20gbal,config18,3,FOUND INTEGER FEASIBLE,0.000000,3456.710957,0,0,-1,-1,1214.000000,1214.000000,0.000000,0.000000,0
circ20gbal,config18,4,FOUND INTEGER FEASIBLE,0.000000,3503.076974,0,0,-1,-1,1214.000000,1214.000000,0.000000,0.000000,0
circ20gbal,config18,5,FOUND INTEGER FEASIBLE,0.000000,3501.762057,0,0,-1,-1,1214.000000,1214.000000,0.000000,0.000000,0
circ20gnonbal,config1,1,FAILED TO FIND AN INTEGER FEASIBLE SOLUTION,0.000000,3600,37,0,-1,-1,0.000000,0.000000,28.835802,30.484874,575
circ20gnonbal,config1,2,FAILED TO FIND AN INTEGER FEASIBLE SOLUTION,0.000000,3600,35,0,-1,-1,0.000000,0.000000,28.835802,30.484874,575
circ20gnonbal,config1,3,FAILED TO FIND AN INTEGER FEASIBLE SOLUTION,0.000000,3600,35,0,-1,-1,0.000000,0.000000,28.835802,30.484874,575
circ20gnonbal,config1,4,FAILED TO FIND AN INTEGER FEASIBLE SOLUTION,0.000000,3600,67,0,-1,-1,0.000000,0.000000,22.692830,25.247437,592
circ20gnonbal,config1,5,FAILED TO FIND AN INTEGER FEASIBLE SOLUTION,0.000000,3600,65,0,-1,-1,0.000000,0.000000,29.727660,33.059594,570
circ20gnonbal,config3,1,FAILED TO FIND AN INTEGER FEASIBLE SOLUTION,0.000000,3600,30,0,-1,-1,0.000000,0.000000,30.441824,34.248083,598
circ20gnonbal,config3,2,FAILED TO FIND AN INTEGER FEASIBLE SOLUTION,0.000000,3600,34,0,-1,-1,0.000000,0.000000,30.441824,34.248083,598
circ20gnonbal,config3,3,FAILED TO FIND AN INTEGER FEASIBLE SOLUTION,0.000000,3600,36,0,-1,-1,0.000000,0.000000,30.441824,34.248083,598
circ20gnonbal,config3,4,FAILED TO FIND AN INTEGER FEASIBLE SOLUTION,0.000000,3600,62,0,-1,-1,0.000000,0.000000,21.274159,26.507905,566
circ20gnonbal,config3,5,FAILED TO FIND AN INTEGER FEASIBLE SOLUTION,0.000000,3600,64,0,-1,-1,0.000000,0.000000,25.136585,27.645388,561
circ20gnonbal,config20,1,FAILED TO FIND AN INTEGER FEASIBLE SOLUTION,0.000000,3600,64,0,-1,-1,0.000000,0.000000,23.989982,25.261932,552
circ20gnonbal,config20,2,FAILED TO FIND AN INTEGER FEASIBLE SOLUTION,0.000000,3600,62,0,-1,-1,0.000000,0.000000,23.989982,25.261932,552
circ20gnonbal,config20,3,FAILED TO FIND AN INTEGER FEASIBLE SOLUTION,0.000000,3600,58,0,-1,-1,0.000000,0.000000,23.989982,25.261932,552
circ20gnonbal,config20,4,FAILED TO FIND AN INTEGER FEASIBLE SOLUTION,0.000000,3600,65,0,-1,-1,0.000000,0.000000,29.134019,36.320449,476
circ20gnonbal,config20,5,FAILED TO FIND AN INTEGER FEASIBLE SOLUTION,0.000000,3600,63,0,-1,-1,0.000000,0.000000,30.554653,31.659228,572
circ20gnonbal,config16,1,FOUND INTEGER FEASIBLE,77.748255,1158.272425,32,10,4,1,1394.000000,1394.000000,0.000000,0.000000,0
circ20gnonbal,config16,2,FOUND INTEGER FEASIBLE,83.097814,1167.091509,32,10,4,1,1394.000000,1394.000000,0.000000,0.000000,0
circ20gnonbal,config16,3,FOUND INTEGER FEASIBLE,82.777743,1159.517070,31,10,4,1,1394.000000,1394.000000,0.000000,0.000000,0
circ20gnonbal,config16,4,FAILED TO FIND AN INTEGER FEASIBLE SOLUTION,79.225186,3600,91,10,10,1,0.000000,0.000000,7.000000,7.000000,14
circ20gnonbal,config16,5,FAILED TO FIND AN INTEGER FEASIBLE SOLUTION,82.355436,3600,78,10,10,1,0.000000,0.000000,8.825538,8.825538,504
circ20gnonbal,config17,1,FAILED TO FIND AN INTEGER FEASIBLE SOLUTION,327.916746,3600,106,11,11,0,0.000000,0.000000,12.979666,13.251303,545
circ20gnonbal,config17,2,FOUND INTEGER FEASIBLE,320.328675,3294.084721,87,11,10,0,1570.000000,1570.000000,0.000000,0.000000,0
circ20gnonbal,config17,3,FOUND INTEGER FEASIBLE,331.371113,2824.259347,81,11,8,0,1620.000000,1620.000000,0.000000,0.000000,0
circ20gnonbal,config17,4,FOUND INTEGER FEASIBLE,322.873045,1629.750575,32,11,4,0,1642.000000,1642.000000,0.000000,0.000000,0
circ20gnonbal,config17,5,FAILED TO FIND AN INTEGER FEASIBLE SOLUTION,329.909795,3600,87,11,11,0,0.000000,0.000000,15.334418,15.689544,516
circ20gnonbal,config21,1,FAILED TO FIND AN INTEGER FEASIBLE SOLUTION,261.262325,3600,97,11,11,1,0.000000,0.000000,8.984750,9.372959,471
circ20gnonbal,config21,2,FOUND INTEGER FEASIBLE,265.970488,2816.906737,69,11,9,1,1714.000000,1714.000000,0.000000,0.000000,0
circ20gnonbal,config21,3,FOUND INTEGER FEASIBLE,250.992845,2076.962628,47,11,7,1,1688.000000,1688.000000,0.000000,0.000000,0
circ20gnonbal,config21,4,FAILED TO FIND AN INTEGER FEASIBLE SOLUTION,243.882315,3600,63,11,10,1,0.000000,0.000000,10.241138,10.872663,522
circ20gnonbal,config21,5,FOUND INTEGER FEASIBLE,251.834631,1098.522502,20,11,3,1,1636.000000,1636.000000,0.000000,0.000000,0
circ20gnonbal,config23,1,FOUND INTEGER FEASIBLE,254.631417,2704.969281,66,11,9,1,1508.000000,1508.000000,0.000000,0.000000,0
circ20gnonbal,config23,2,FAILED TO FIND AN INTEGER FEASIBLE SOLUTION,264.907037,3600,80,11,11,1,0.000000,0.000000,9.042860,9.195259,445
circ20gnonbal,config23,3,FOUND INTEGER FEASIBLE,254.108721,2215.770915,46,11,7,1,1474.000000,1474.000000,0.000000,0.000000,0
circ20gnonbal,config23,4,FOUND INTEGER FEASIBLE,259.812144,1668.754362,34,11,5,1,1508.000000,1508.000000,0.000000,0.000000,0
circ20gnonbal,config23,5,FAILED TO FIND AN INTEGER FEASIBLE SOLUTION,253.417269,3600,75,11,11,4,0.000000,0.000000,12.397274,12.397274,511
circ20gnonbal,config19,1,FAILED TO FIND AN INTEGER FEASIBLE SOLUTION,0.000000,3600,0,0,-1,-1,0.000000,0.000000,inf,inf,0
circ20gnonbal,config19,2,FAILED TO FIND AN INTEGER FEASIBLE SOLUTION,0.000000,3600,0,0,-1,-1,0.000000,0.000000,inf,inf,0
circ20gnonbal,config19,3,FAILED TO FIND AN INTEGER FEASIBLE SOLUTION,0.000000,3600,0,0,-1,-1,0.000000,0.000000,inf,inf,0
circ20gnonbal,config19,4,FAILED TO FIND AN INTEGER FEASIBLE SOLUTION,0.000000,3600,0,0,-1,-1,0.000000,0.000000,inf,inf,0
circ20gnonbal,config19,5,FAILED TO FIND AN INTEGER FEASIBLE SOLUTION,0.000000,3600,0,0,-1,-1,0.000000,0.000000,inf,inf,0
circ20gnonbal,config18,1,FOUND INTEGER FEASIBLE,0.000000,1886.581669,0,0,-1,-1,1146.000000,1146.000000,0.000000,0.000000,0
circ20gnonbal,config18,2,FOUND INTEGER FEASIBLE,0.000000,1903.760461,0,0,-1,-1,1146.000000,1146.000000,0.000000,0.000000,0
circ20gnonbal,config18,3,FOUND INTEGER FEASIBLE,0.000000,1903.138817,0,0,-1,-1,1146.000000,1146.000000,0.000000,0.000000,0
circ20gnonbal,config18,4,FOUND INTEGER FEASIBLE,0.000000,1866.725717,0,0,-1,-1,1146.000000,1146.000000,0.000000,0.000000,0
circ20gnonbal,config18,5,FOUND INTEGER FEASIBLE,0.000000,1870.768071,0,0,-1,-1,1146.000000,1146.000000,0.000000,0.000000,0
circ20hbal,config1,1,FAILED TO FIND AN INTEGER FEASIBLE SOLUTION,0.000000,3600,40,0,-1,-1,0.000000,0.000000,31.801685,34.163821,595
circ20hbal,config1,2,FAILED TO FIND AN INTEGER FEASIBLE SOLUTION,0.000000,3600,39,0,-1,-1,0.000000,0.000000,31.527131,34.866367,600
circ20hbal,config1,3,FAILED TO FIND AN INTEGER FEASIBLE SOLUTION,0.000000,3600,29,0,-1,-1,0.000000,0.000000,29.591249,31.508428,573
circ20hbal,config1,4,FAILED TO FIND AN INTEGER FEASIBLE SOLUTION,0.000000,3600,72,0,-1,-1,0.000000,0.000000,30.272170,32.794312,593
circ20hbal,config1,5,FAILED TO FIND AN INTEGER FEASIBLE SOLUTION,0.000000,3600,74,0,-1,-1,0.000000,0.000000,28.411242,30.453923,580
circ20hbal,config3,1,FAILED TO FIND AN INTEGER FEASIBLE SOLUTION,0.000000,3600,37,0,-1,-1,0.000000,0.000000,28.572663,31.258597,613
circ20hbal,config3,2,FAILED TO FIND AN INTEGER FEASIBLE SOLUTION,0.000000,3600,39,0,-1,-1,0.000000,0.000000,28.572663,31.258597,613
circ20hbal,config3,3,FAILED TO FIND AN INTEGER FEASIBLE SOLUTION,0.000000,3600,39,0,-1,-1,0.000000,0.000000,28.572663,31.258597,613
circ20hbal,config3,4,FAILED TO FIND AN INTEGER FEASIBLE SOLUTION,0.000000,3600,78,0,-1,-1,0.000000,0.000000,28.732297,31.975936,560
circ20hbal,config3,5,FAILED TO FIND AN INTEGER FEASIBLE SOLUTION,0.000000,3600,74,0,-1,-1,0.000000,0.000000,30.304117,34.638376,575
circ20hbal,config20,1,FAILED TO FIND AN INTEGER FEASIBLE SOLUTION,0.000000,3600,76,0,-1,-1,0.000000,0.000000,27.518744,31.631701,564
circ20hbal,config20,2,FAILED TO FIND AN INTEGER FEASIBLE SOLUTION,0.000000,3600,63,0,-1,-1,0.000000,0.000000,27.518744,31.631701,564
circ20hbal,config20,3,FAILED TO FIND AN INTEGER FEASIBLE SOLUTION,0.000000,3600,75,0,-1,-1,0.000000,0.000000,27.518744,31.631701,564
circ20hbal,config20,4,FAILED TO FIND AN INTEGER FEASIBLE SOLUTION,0.000000,3600,77,0,-1,-1,0.000000,0.000000,27.107393,29.820960,576
circ20hbal,config20,5,FAILED TO FIND AN INTEGER FEASIBLE SOLUTION,0.000000,3600,75,0,-1,-1,0.000000,0.000000,24.207102,25.625584,566
circ20hbal,config16,1,FOUND INTEGER FEASIBLE,61.346565,3523.864283,117,11,11,1,1428.000000,1428.000000,0.000000,0.000000,0
circ20hbal,config16,2,FAILED TO FIND AN INTEGER FEASIBLE SOLUTION,57.620583,3600,116,11,11,1,0.000000,0.000000,9.127944,9.557950,526
circ20hbal,config16,3,FAILED TO FIND AN INTEGER FEASIBLE SOLUTION,59.023091,3600,103,11,11,1,0.000000,0.000000,7.694152,7.754208,509
circ20hbal,config16,4,FOUND INTEGER FEASIBLE,59.971777,1124.904838,33,11,4,1,1494.000000,1494.000000,0.000000,0.000000,0
circ20hbal,config16,5,FAILED TO FIND AN INTEGER FEASIBLE SOLUTION,57.016053,3600,102,11,11,1,0.000000,0.000000,5.000000,5.000000,10
circ20hbal,config17,1,FAILED TO FIND AN INTEGER FEASIBLE SOLUTION,214.094648,3600,115,11,11,0,0.000000,0.000000,8.443200,8.482574,482
circ20hbal,config17,2,FOUND INTEGER FEASIBLE,211.646479,3271.108293,96,11,10,0,1548.000000,1548.000000,0.000000,0.000000,0
circ20hbal,config17,3,FOUND INTEGER FEASIBLE,215.366628,2156.318458,70,11,6,0,1540.000000,1540.000000,0.000000,0.000000,0
circ20hbal,config17,4,FOUND INTEGER FEASIBLE,214.157436,1632.397086,47,11,4,0,1568.000000,1568.000000,0.000000,0.000000,0
circ20hbal,config17,5,FOUND INTEGER FEASIBLE,220.672200,2427.347044,74,11,7,0,1482.000000,1482.000000,0.000000,0.000000,0
circ20hbal,config21,1,FOUND INTEGER FEASIBLE,246.240622,1514.789759,27,11,4,0,1670.000000,1670.000000,0.000000,0.000000,0
circ20hbal,config21,2,FOUND INTEGER FEASIBLE,249.526841,1521.958707,26,11,4,0,1670.000000,1670.000000,0.000000,0.000000,0
circ20hbal,config21,3,FOUND INTEGER FEASIBLE,251.279866,1520.602149,27,11,4,0,1670.000000,1670.000000,0.000000,0.000000,0
circ20hbal,config21,4,FOUND INTEGER FEASIBLE,245.818025,2046.029704,58,11,6,0,1676.000000,1676.000000,0.000000,0.000000,0
circ20hbal,config21,5,FOUND INTEGER FEASIBLE,247.995860,1827.923390,48,11,5,0,1636.000000,1636.000000,0.000000,0.000000,0
circ20hbal,config23,1,FAILED TO FIND AN INTEGER FEASIBLE SOLUTION,250.660174,3600,107,11,11,0,0.000000,0.000000,9.250643,9.263026,504
circ20hbal,config23,2,FOUND INTEGER FEASIBLE,255.852291,3359.839403,91,11,10,0,1576.000000,1576.000000,0.000000,0.000000,0
circ20hbal,config23,3,FAILED TO FIND AN INTEGER FEASIBLE SOLUTION,253.373380,3600,102,11,11,0,0.000000,0.000000,5.000000,5.000000,10
circ20hbal,config23,4,FOUND INTEGER FEASIBLE,246.584517,1867.721995,46,11,5,0,1626.000000,1626.000000,0.000000,0.000000,0
circ20hbal,config23,5,FAILED TO FIND AN INTEGER FEASIBLE SOLUTION,251.120012,3600,96,11,11,0,0.000000,0.000000,9.000000,9.000000,18
circ20hbal,config19,1,FOUND INTEGER FEASIBLE,0.000000,3239.188157,0,0,-1,-1,1136.000000,1136.000000,0.000000,0.000000,0
circ20hbal,config19,2,FOUND INTEGER FEASIBLE,0.000000,3232.264058,0,0,-1,-1,1136.000000,1136.000000,0.000000,0.000000,0
circ20hbal,config19,3,FOUND INTEGER FEASIBLE,0.000000,3245.152396,0,0,-1,-1,1136.000000,1136.000000,0.000000,0.000000,0
circ20hbal,config19,4,FOUND INTEGER FEASIBLE,0.000000,1725.281193,0,0,-1,-1,1136.000000,1136.000000,0.000000,0.000000,0
circ20hbal,config19,5,FOUND INTEGER FEASIBLE,0.000000,1730.650138,0,0,-1,-1,1136.000000,1136.000000,0.000000,0.000000,0
circ20hbal,config18,1,FAILED TO FIND AN INTEGER FEASIBLE SOLUTION,0.000000,3600,0,0,-1,-1,0.000000,0.000000,inf,inf,0
circ20hbal,config18,2,FAILED TO FIND AN INTEGER FEASIBLE SOLUTION,0.000000,3600,0,0,-1,-1,0.000000,0.000000,inf,inf,0
circ20hbal,config18,3,FAILED TO FIND AN INTEGER FEASIBLE SOLUTION,0.000000,3600,0,0,-1,-1,0.000000,0.000000,inf,inf,0
circ20hbal,config18,4,FAILED TO FIND AN INTEGER FEASIBLE SOLUTION,0.000000,3600,0,0,-1,-1,0.000000,0.000000,inf,inf,0
circ20hbal,config18,5,FAILED TO FIND AN INTEGER FEASIBLE SOLUTION,0.000000,3600,0,0,-1,-1,0.000000,0.000000,inf,inf,0
circ20ibal,config1,1,FAILED TO FIND AN INTEGER FEASIBLE SOLUTION,0.000000,3600,39,0,-1,-1,0.000000,0.000000,28.963936,30.278996,615
circ20ibal,config1,2,FAILED TO FIND AN INTEGER FEASIBLE SOLUTION,0.000000,3600,40,0,-1,-1,0.000000,0.000000,28.963936,30.278996,615
circ20ibal,config1,3,FAILED TO FIND AN INTEGER FEASIBLE SOLUTION,0.000000,3600,39,0,-1,-1,0.000000,0.000000,28.963936,30.278996,615
circ20ibal,config1,4,FAILED TO FIND AN INTEGER FEASIBLE SOLUTION,0.000000,3600,77,0,-1,-1,0.000000,0.000000,31.630776,33.670092,609
circ20ibal,config1,5,FAILED TO FIND AN INTEGER FEASIBLE SOLUTION,0.000000,3600,76,0,-1,-1,0.000000,0.000000,26.547951,29.306313,597
circ20ibal,config3,1,FAILED TO FIND AN INTEGER FEASIBLE SOLUTION,0.000000,3600,37,0,-1,-1,0.000000,0.000000,27.989028,29.212705,561
circ20ibal,config3,2,FAILED TO FIND AN INTEGER FEASIBLE SOLUTION,0.000000,3600,39,0,-1,-1,0.000000,0.000000,27.989028,29.212705,561
circ20ibal,config3,3,FAILED TO FIND AN INTEGER FEASIBLE SOLUTION,0.000000,3600,38,0,-1,-1,0.000000,0.000000,27.989028,29.212705,561
circ20ibal,config3,4,FAILED TO FIND AN INTEGER FEASIBLE SOLUTION,0.000000,3600,77,0,-1,-1,0.000000,0.000000,27.647379,30.954070,590
circ20ibal,config3,5,FAILED TO FIND AN INTEGER FEASIBLE SOLUTION,0.000000,3600,74,0,-1,-1,0.000000,0.000000,28.235304,32.793197,572
circ20ibal,config20,1,FAILED TO FIND AN INTEGER FEASIBLE SOLUTION,0.000000,3600,73,0,-1,-1,0.000000,0.000000,32.174478,34.612091,581
circ20ibal,config20,2,FAILED TO FIND AN INTEGER FEASIBLE SOLUTION,0.000000,3600,76,0,-1,-1,0.000000,0.000000,29.599275,35.000206,579
circ20ibal,config20,3,FAILED TO FIND AN INTEGER FEASIBLE SOLUTION,0.000000,3600,71,0,-1,-1,0.000000,0.000000,29.599275,35.000206,579
circ20ibal,config20,4,FAILED TO FIND AN INTEGER FEASIBLE SOLUTION,0.000000,3600,75,0,-1,-1,0.000000,0.000000,23.524634,26.132797,565
circ20ibal,config20,5,FAILED TO FIND AN INTEGER FEASIBLE SOLUTION,0.000000,3600,72,0,-1,-1,0.000000,0.000000,33.978509,38.667348,599
circ20ibal,config16,1,FAILED TO FIND AN INTEGER FEASIBLE SOLUTION,91.026827,3600,101,11,11,1,0.000000,0.000000,8.098562,8.098562,531
circ20ibal,config16,2,FOUND INTEGER FEASIBLE,86.909024,3455.802021,97,11,11,1,1408.000000,1408.000000,0.000000,0.000000,0
circ20ibal,config16,3,FOUND INTEGER FEASIBLE,84.930817,1817.842130,49,11,6,1,1378.000000,1378.000000,0.000000,0.000000,0
circ20ibal,config16,4,FAILED TO FIND AN INTEGER FEASIBLE SOLUTION,81.936629,3600,115,11,11,1,0.000000,0.000000,8.487948,8.487948,512
circ20ibal,config16,5,FOUND INTEGER FEASIBLE,86.635467,981.234876,23,11,3,1,1440.000000,1440.000000,0.000000,0.000000,0
circ20ibal,config17,1,FAILED TO FIND AN INTEGER FEASIBLE SOLUTION,243.358409,3600,89,11,11,0,0.000000,0.000000,9.718666,9.718666,482
circ20ibal,config17,2,FOUND INTEGER FEASIBLE,233.187453,1872.826065,34,11,4,0,1580.000000,1580.000000,0.000000,0.000000,0
circ20ibal,config17,3,FAILED TO FIND AN INTEGER FEASIBLE SOLUTION,223.280357,3600,101,11,11,0,0.000000,0.000000,7.529357,7.529357,479
circ20ibal,config17,4,FOUND INTEGER FEASIBLE,233.157102,1321.943823,31,11,3,0,1488.000000,1488.000000,0.000000,0.000000,0
circ20ibal,config17,5,FAILED TO FIND AN INTEGER FEASIBLE SOLUTION,229.666674,3600,119,11,11,0,0.000000,0.000000,10.673635,10.832587,509
circ20ibal,config21,1,FOUND INTEGER FEASIBLE,266.090662,3030.180285,68,11,9,0,1660.000000,1660.000000,0.000000,0.000000,0
circ20ibal,config21,2,FOUND INTEGER FEASIBLE,262.618344,1923.047263,43,11,5,0,1660.000000,1660.000000,0.000000,0.000000,0
circ20ibal,config21,3,FAILED TO FIND AN INTEGER FEASIBLE SOLUTION,271.239363,3600,127,11,11,0,0.000000,0.000000,13.744261,14.172316,566
circ20ibal,config21,4,FOUND INTEGER FEASIBLE,259.026443,2410.852407,66,11,7,0,1678.000000,1678.000000,0.000000,0.000000,0
circ20ibal,config21,5,FOUND INTEGER FEASIBLE,268.088719,2075.576805,62,11,6,0,1628.000000,1628.000000,0.000000,0.000000,0
circ20ibal,config23,1,FOUND INTEGER FEASIBLE,274.590868,1440.149951,33,11,4,0,1582.000000,1582.000000,0.000000,0.000000,0
circ20ibal,config23,2,FOUND INTEGER FEASIBLE,271.057240,1651.868550,40,11,4,0,1566.000000,1566.000000,0.000000,0.000000,0
circ20ibal,config23,3,FOUND INTEGER FEASIBLE,270.518983,1659.492206,41,11,4,0,1566.000000,1566.000000,0.000000,0.000000,0
circ20ibal,config23,4,FAILED TO FIND AN INTEGER FEASIBLE SOLUTION,265.409468,3600,113,11,11,0,0.000000,0.000000,10.484962,11.206246,541
circ20ibal,config23,5,FOUND INTEGER FEASIBLE,271.492236,2401.202583,57,11,7,0,1520.000000,1520.000000,0.000000,0.000000,0
circ20ibal,config19,1,FAILED TO FIND AN INTEGER FEASIBLE SOLUTION,0.000000,3600,0,0,-1,-1,0.000000,0.000000,inf,inf,0
circ20ibal,config19,2,FAILED TO FIND AN INTEGER FEASIBLE SOLUTION,0.000000,3600,0,0,-1,-1,0.000000,0.000000,inf,inf,0
circ20ibal,config19,3,FAILED TO FIND AN INTEGER FEASIBLE SOLUTION,0.000000,3600,0,0,-1,-1,0.000000,0.000000,inf,inf,0
circ20ibal,config19,4,FOUND INTEGER FEASIBLE,0.000000,2310.644564,0,0,-1,-1,1166.000000,1166.000000,0.000000,0.000000,0
circ20ibal,config19,5,FOUND INTEGER FEASIBLE,0.000000,2308.446913,0,0,-1,-1,1166.000000,1166.000000,0.000000,0.000000,0
circ20ibal,config18,1,FOUND INTEGER FEASIBLE,0.000000,1312.800922,0,0,-1,-1,1172.000000,1172.000000,0.000000,0.000000,0
circ20ibal,config18,2,FOUND INTEGER FEASIBLE,0.000000,2157.062576,0,0,-1,-1,1172.000000,1172.000000,0.000000,0.000000,0
circ20ibal,config18,3,FOUND INTEGER FEASIBLE,0.000000,1227.757170,0,0,-1,-1,1172.000000,1172.000000,0.000000,0.000000,0
circ20ibal,config18,4,FOUND INTEGER FEASIBLE,0.000000,1252.784408,0,0,-1,-1,1172.000000,1172.000000,0.000000,0.000000,0
circ20ibal,config18,5,FOUND INTEGER FEASIBLE,0.000000,1248.221508,0,0,-1,-1,1172.000000,1172.000000,0.000000,0.000000,0
circ20inonbal,config1,1,FAILED TO FIND AN INTEGER FEASIBLE SOLUTION,0.000000,3600,38,0,-1,-1,0.000000,0.000000,25.912259,29.256256,584
circ20inonbal,config1,2,FAILED TO FIND AN INTEGER FEASIBLE SOLUTION,0.000000,3600,37,0,-1,-1,0.000000,0.000000,25.912259,29.256256,584
circ20inonbal,config1,3,FAILED TO FIND AN INTEGER FEASIBLE SOLUTION,0.000000,3600,38,0,-1,-1,0.000000,0.000000,25.912259,29.256256,584
circ20inonbal,config1,4,FAILED TO FIND AN INTEGER FEASIBLE SOLUTION,0.000000,3600,72,0,-1,-1,0.000000,0.000000,28.856806,31.043084,605
circ20inonbal,config1,5,FAILED TO FIND AN INTEGER FEASIBLE SOLUTION,0.000000,3600,68,0,-1,-1,0.000000,0.000000,23.795247,25.165030,583
circ20inonbal,config3,1,FAILED TO FIND AN INTEGER FEASIBLE SOLUTION,0.000000,3600,35,0,-1,-1,0.000000,0.000000,25.206213,27.705022,580
circ20inonbal,config3,2,FAILED TO FIND AN INTEGER FEASIBLE SOLUTION,0.000000,3600,36,0,-1,-1,0.000000,0.000000,25.206213,27.705022,580
circ20inonbal,config3,3,FAILED TO FIND AN INTEGER FEASIBLE SOLUTION,0.000000,3600,35,0,-1,-1,0.000000,0.000000,25.206213,27.705022,580
circ20inonbal,config3,4,FAILED TO FIND AN INTEGER FEASIBLE SOLUTION,0.000000,3600,69,0,-1,-1,0.000000,0.000000,27.084840,29.845547,585
circ20inonbal,config3,5,FAILED TO FIND AN INTEGER FEASIBLE SOLUTION,0.000000,3600,67,0,-1,-1,0.000000,0.000000,33.944488,37.411499,596
circ20inonbal,config20,1,FAILED TO FIND AN INTEGER FEASIBLE SOLUTION,0.000000,3600,72,0,-1,-1,0.000000,0.000000,19.406405,20.491612,571
circ20inonbal,config20,2,FAILED TO FIND AN INTEGER FEASIBLE SOLUTION,0.000000,3600,66,0,-1,-1,0.000000,0.000000,16.730868,20.949837,512
circ20inonbal,config20,3,FAILED TO FIND AN INTEGER FEASIBLE SOLUTION,0.000000,3600,69,0,-1,-1,0.000000,0.000000,20.993005,22.601656,530
circ20inonbal,config20,4,FAILED TO FIND AN INTEGER FEASIBLE SOLUTION,0.000000,3600,68,0,-1,-1,0.000000,0.000000,17.217812,22.095346,498
circ20inonbal,config20,5,FAILED TO FIND AN INTEGER FEASIBLE SOLUTION,0.000000,3600,74,0,-1,-1,0.000000,0.000000,16.285359,17.196870,540
circ20inonbal,config16,1,FOUND INTEGER FEASIBLE,68.337389,1117.520847,28,11,4,1,1366.000000,1366.000000,0.000000,0.000000,0
circ20inonbal,config16,2,FOUND INTEGER FEASIBLE,72.912697,971.903206,23,11,3,1,1344.000000,1344.000000,0.000000,0.000000,0
circ20inonbal,config16,3,FAILED TO FIND AN INTEGER FEASIBLE SOLUTION,77.498565,3600,92,11,11,1,0.000000,0.000000,8.953027,9.181610,526
circ20inonbal,config16,4,FOUND INTEGER FEASIBLE,70.380597,1568.665937,45,11,5,1,1422.000000,1422.000000,0.000000,0.000000,0
circ20inonbal,config16,5,FOUND INTEGER FEASIBLE,73.615050,2038.714363,56,11,7,1,1516.000000,1516.000000,0.000000,0.000000,0
circ20inonbal,config17,1,FOUND INTEGER FEASIBLE,293.008148,2003.577565,44,10,5,0,1572.000000,1572.000000,0.000000,0.000000,0
circ20inonbal,config17,2,FOUND INTEGER FEASIBLE,295.855365,2431.909068,64,10,6,0,1546.000000,1546.000000,0.000000,0.000000,0
circ20inonbal,config17,3,FOUND INTEGER FEASIBLE,289.793496,1482.937521,30,10,3,0,1488.000000,1488.000000,0.000000,0.000000,0
circ20inonbal,config17,4,FOUND INTEGER FEASIBLE,290.375089,2338.234374,52,10,6,0,1564.000000,1564.000000,0.000000,0.000000,0
circ20inonbal,config17,5,FOUND INTEGER FEASIBLE,302.880884,2265.228330,49,10,6,0,1498.000000,1498.000000,0.000000,0.000000,0
circ20inonbal,config21,1,FAILED TO FIND AN INTEGER FEASIBLE SOLUTION,374.384369,3600,115,11,11,0,0.000000,0.000000,11.799624,11.951931,571
circ20inonbal,config21,2,FOUND INTEGER FEASIBLE,380.248777,1746.827973,57,11,4,0,1576.000000,1576.000000,0.000000,0.000000,0
circ20inonbal,config21,3,FOUND INTEGER FEASIBLE,375.650974,2794.519276,86,11,8,0,1622.000000,1622.000000,0.000000,0.000000,0
circ20inonbal,config21,4,FOUND INTEGER FEASIBLE,369.653298,2484.481140,79,11,7,0,1638.000000,1638.000000,0.000000,0.000000,0
circ20inonbal,config21,5,FOUND INTEGER FEASIBLE,363.454286,1992.139106,68,11,5,0,1616.000000,1616.000000,0.000000,0.000000,0
circ20inonbal,config23,1,FOUND INTEGER FEASIBLE,381.955802,2683.732749,83,11,8,0,1612.000000,1612.000000,0.000000,0.000000,0
circ20inonbal,config23,2,FOUND INTEGER FEASIBLE,382.027070,1650.454402,55,11,4,0,1604.000000,1604.000000,0.000000,0.000000,0
circ20inonbal,config23,3,FOUND INTEGER FEASIBLE,364.737592,2833.244100,103,11,8,0,1638.000000,1638.000000,0.000000,0.000000,0
circ20inonbal,config23,4,FAILED TO FIND AN INTEGER FEASIBLE SOLUTION,367.670141,3600,120,11,11,0,0.000000,0.000000,9.000000,9.000000,18
circ20inonbal,config23,5,FAILED TO FIND AN INTEGER FEASIBLE SOLUTION,369.966307,3600,116,11,11,0,0.000000,0.000000,9.550417,9.550417,537
circ20inonbal,config19,1,FAILED TO FIND AN INTEGER FEASIBLE SOLUTION,0.000000,3600,0,0,-1,-1,0.000000,0.000000,inf,inf,0
circ20inonbal,config19,2,FAILED TO FIND AN INTEGER FEASIBLE SOLUTION,0.000000,3600,0,0,-1,-1,0.000000,0.000000,inf,inf,0
circ20inonbal,config19,3,FAILED TO FIND AN INTEGER FEASIBLE SOLUTION,0.000000,3600,0,0,-1,-1,0.000000,0.000000,inf,inf,0
circ20inonbal,config19,4,FAILED TO FIND AN INTEGER FEASIBLE SOLUTION,0.000000,3600,0,0,-1,-1,0.000000,0.000000,inf,inf,0
circ20inonbal,config19,5,FAILED TO FIND AN INTEGER FEASIBLE SOLUTION,0.000000,3600,0,0,-1,-1,0.000000,0.000000,inf,inf,0
circ20inonbal,config18,1,FAILED TO FIND AN INTEGER FEASIBLE SOLUTION,0.000000,3600,0,0,-1,-1,0.000000,0.000000,inf,inf,0
circ20inonbal,config18,2,FAILED TO FIND AN INTEGER FEASIBLE SOLUTION,0.000000,3600,0,0,-1,-1,0.000000,0.000000,inf,inf,0
circ20inonbal,config18,3,FAILED TO FIND AN INTEGER FEASIBLE SOLUTION,0.000000,3600,0,0,-1,-1,0.000000,0.000000,inf,inf,0
circ20inonbal,config18,4,FAILED TO FIND AN INTEGER FEASIBLE SOLUTION,0.000000,3600,0,0,-1,-1,0.000000,0.000000,inf,inf,0
circ20inonbal,config18,5,FAILED TO FIND AN INTEGER FEASIBLE SOLUTION,0.000000,3600,0,0,-1,-1,0.000000,0.000000,inf,inf,0
circ20jbal,config1,1,FAILED TO FIND AN INTEGER FEASIBLE SOLUTION,0.000000,3600,37,0,-1,-1,0.000000,0.000000,31.872537,34.974379,604
circ20jbal,config1,2,FAILED TO FIND AN INTEGER FEASIBLE SOLUTION,0.000000,3600,41,0,-1,-1,0.000000,0.000000,31.872537,34.974379,604
circ20jbal,config1,3,FAILED TO FIND AN INTEGER FEASIBLE SOLUTION,0.000000,3600,40,0,-1,-1,0.000000,0.000000,31.872537,34.974379,604
circ20jbal,config1,4,FAILED TO FIND AN INTEGER FEASIBLE SOLUTION,0.000000,3600,56,0,-1,-1,0.000000,0.000000,23.651425,26.196640,579
circ20jbal,config1,5,FAILED TO FIND AN INTEGER FEASIBLE SOLUTION,0.000000,3600,79,0,-1,-1,0.000000,0.000000,34.019301,36.475308,581
circ20jbal,config3,1,FAILED TO FIND AN INTEGER FEASIBLE SOLUTION,0.000000,3600,39,0,-1,-1,0.000000,0.000000,29.344132,31.494048,609
circ20jbal,config3,2,FAILED TO FIND AN INTEGER FEASIBLE SOLUTION,0.000000,3600,36,0,-1,-1,0.000000,0.000000,29.344132,31.494048,609
circ20jbal,config3,3,FAILED TO FIND AN INTEGER FEASIBLE SOLUTION,0.000000,3600,36,0,-1,-1,0.000000,0.000000,29.344132,31.494048,609
circ20jbal,config3,4,FAILED TO FIND AN INTEGER FEASIBLE SOLUTION,0.000000,3600,75,0,-1,-1,0.000000,0.000000,29.251074,30.619601,555
circ20jbal,config3,5,FAILED TO FIND AN INTEGER FEASIBLE SOLUTION,0.000000,3600,73,0,-1,-1,0.000000,0.000000,36.551041,38.231772,625
circ20jbal,config20,1,FAILED TO FIND AN INTEGER FEASIBLE SOLUTION,0.000000,3600,74,0,-1,-1,0.000000,0.000000,29.200276,31.126618,610
circ20jbal,config20,2,FAILED TO FIND AN INTEGER FEASIBLE SOLUTION,0.000000,3600,76,0,-1,-1,0.000000,0.000000,29.200276,31.126618,610
circ20jbal,config20,3,FAILED TO FIND AN INTEGER FEASIBLE SOLUTION,0.000000,3600,67,0,-1,-1,0.000000,0.000000,29.200276,31.126618,610
circ20jbal,config20,4,FAILED TO FIND AN INTEGER FEASIBLE SOLUTION,0.000000,3600,74,0,-1,-1,0.000000,0.000000,30.830754,31.504267,580
circ20jbal,config20,5,FAILED TO FIND AN INTEGER FEASIBLE SOLUTION,0.000000,3600,76,0,-1,-1,0.000000,0.000000,10.180577,11.706321,528
circ20jbal,config16,1,FOUND INTEGER FEASIBLE,54.769737,1759.036597,62,11,6,1,1410.000000,1410.000000,0.000000,0.000000,0
circ20jbal,config16,2,FAILED TO FIND AN INTEGER FEASIBLE SOLUTION,59.052762,3600,127,11,11,1,0.000000,0.000000,10.927247,11.162211,563
circ20jbal,config16,3,FOUND INTEGER FEASIBLE,62.629589,2419.690713,63,11,7,1,1374.000000,1374.000000,0.000000,0.000000,0
circ20jbal,config16,4,FOUND INTEGER FEASIBLE,59.044550,1808.425268,55,11,6,1,1338.000000,1338.000000,0.000000,0.000000,0
circ20jbal,config16,5,FOUND INTEGER FEASIBLE,59.021236,961.332973,25,11,3,1,1384.000000,1384.000000,0.000000,0.000000,0
circ20jbal,config17,1,FOUND INTEGER FEASIBLE,259.949304,1852.048822,46,11,5,0,1564.000000,1564.000000,0.000000,0.000000,0
circ20jbal,config17,2,FOUND INTEGER FEASIBLE,257.350252,2668.589708,74,11,8,0,1558.000000,1558.000000,0.000000,0.000000,0
circ20jbal,config17,3,FOUND INTEGER FEASIBLE,253.919227,1853.065776,46,11,5,0,1564.000000,1564.000000,0.000000,0.000000,0
circ20jbal,config17,4,FAILED TO FIND AN INTEGER FEASIBLE SOLUTION,256.933891,3600,97,11,11,0,0.000000,0.000000,8.144535,8.290296,508
circ20jbal,config17,5,FAILED TO FIND AN INTEGER FEASIBLE SOLUTION,259.909768,3600,104,11,11,0,0.000000,0.000000,8.052819,8.816985,493
circ20jbal,config21,1,FOUND INTEGER FEASIBLE,262.359388,1360.538709,30,11,3,0,1718.000000,1718.000000,0.000000,0.000000,0
circ20jbal,config21,2,FOUND INTEGER FEASIBLE,252.380209,2789.498354,69,11,8,0,1698.000000,1698.000000,0.000000,0.000000,0
circ20jbal,config21,3,FOUND INTEGER FEASIBLE,259.844314,1357.206174,29,11,3,0,1718.000000,1718.000000,0.000000,0.000000,0
circ20jbal,config21,4,FAILED TO FIND AN INTEGER FEASIBLE SOLUTION,258.917588,3600,93,11,11,0,0.000000,0.000000,8.500000,8.500000,17
circ20jbal,config21,5,FOUND INTEGER FEASIBLE,259.015892,1994.811608,48,11,6,0,1710.000000,1710.000000,0.000000,0.000000,0
circ20jbal,config23,1,FOUND INTEGER FEASIBLE,260.818477,2264.552928,47,11,7,0,1594.000000,1594.000000,0.000000,0.000000,0
circ20jbal,config23,2,FOUND INTEGER FEASIBLE,256.324773,1219.955419,32,11,3,0,1508.000000,1508.000000,0.000000,0.000000,0
circ20jbal,config23,3,FAILED TO FIND AN INTEGER FEASIBLE SOLUTION,255.631153,3600,104,11,11,0,0.000000,0.000000,8.154726,8.759325,499
circ20jbal,config23,4,FOUND INTEGER FEASIBLE,256.320123,2664.060368,83,11,8,0,1558.000000,1558.000000,0.000000,0.000000,0
circ20jbal,config23,5,FAILED TO FIND AN INTEGER FEASIBLE SOLUTION,262.998925,3600,120,11,11,0,0.000000,0.000000,8.217523,8.308090,511
circ20jbal,config19,1,FAILED TO FIND AN INTEGER FEASIBLE SOLUTION,0.000000,3600,0,0,-1,-1,0.000000,0.000000,inf,inf,0
circ20jbal,config19,2,FAILED TO FIND AN INTEGER FEASIBLE SOLUTION,0.000000,3600,0,0,-1,-1,0.000000,0.000000,inf,inf,0
circ20jbal,config19,3,FAILED TO FIND AN INTEGER FEASIBLE SOLUTION,0.000000,3600,0,0,-1,-1,0.000000,0.000000,inf,inf,0
circ20jbal,config19,4,FOUND INTEGER FEASIBLE,0.000000,2661.739246,0,0,-1,-1,1158.000000,1158.000000,0.000000,0.000000,0
circ20jbal,config19,5,FOUND INTEGER FEASIBLE,0.000000,2652.114974,0,0,-1,-1,1158.000000,1158.000000,0.000000,0.000000,0
circ20jbal,config18,1,FOUND INTEGER FEASIBLE,0.000000,1708.754205,0,0,-1,-1,1190.000000,1190.000000,0.000000,0.000000,0
circ20jbal,config18,2,FOUND INTEGER FEASIBLE,0.000000,1732.497820,0,0,-1,-1,1190.000000,1190.000000,0.000000,0.000000,0
circ20jbal,config18,3,FOUND INTEGER FEASIBLE,0.000000,1732.249171,0,0,-1,-1,1190.000000,1190.000000,0.000000,0.000000,0
circ20jbal,config18,4,FOUND INTEGER FEASIBLE,0.000000,1730.482697,0,0,-1,-1,1190.000000,1190.000000,0.000000,0.000000,0
circ20jbal,config18,5,FOUND INTEGER FEASIBLE,0.000000,1730.509108,0,0,-1,-1,1190.000000,1190.000000,0.000000,0.000000,0
circ20jnonbal,config1,1,FAILED TO FIND AN INTEGER FEASIBLE SOLUTION,0.000000,3600,35,0,-1,-1,0.000000,0.000000,32.219145,36.273140,581
circ20jnonbal,config1,2,FAILED TO FIND AN INTEGER FEASIBLE SOLUTION,0.000000,3600,35,0,-1,-1,0.000000,0.000000,32.219145,36.273140,581
circ20jnonbal,config1,3,FAILED TO FIND AN INTEGER FEASIBLE SOLUTION,0.000000,3600,37,0,-1,-1,0.000000,0.000000,32.219145,36.273140,581
circ20jnonbal,config1,4,FAILED TO FIND AN INTEGER FEASIBLE SOLUTION,0.000000,3600,70,0,-1,-1,0.000000,0.000000,26.702770,31.232619,573
circ20jnonbal,config1,5,FAILED TO FIND AN INTEGER FEASIBLE SOLUTION,0.000000,3600,72,0,-1,-1,0.000000,0.000000,17.037011,19.116873,538
circ20jnonbal,config3,1,FAILED TO FIND AN INTEGER FEASIBLE SOLUTION,0.000000,3600,30,0,-1,-1,0.000000,0.000000,29.116532,31.594745,588
circ20jnonbal,config3,2,FAILED TO FIND AN INTEGER FEASIBLE SOLUTION,0.000000,3600,29,0,-1,-1,0.000000,0.000000,29.116532,31.594745,588
circ20jnonbal,config3,3,FAILED TO FIND AN INTEGER FEASIBLE SOLUTION,0.000000,3600,22,0,-1,-1,0.000000,0.000000,29.116532,31.594745,588
circ20jnonbal,config3,4,FAILED TO FIND AN INTEGER FEASIBLE SOLUTION,0.000000,3600,63,0,-1,-1,0.000000,0.000000,29.897713,34.942164,578
circ20jnonbal,config3,5,FAILED TO FIND AN INTEGER FEASIBLE SOLUTION,0.000000,3600,64,0,-1,-1,0.000000,0.000000,30.016989,32.422936,557
circ20jnonbal,config20,1,FAILED TO FIND AN INTEGER FEASIBLE SOLUTION,0.000000,3600,67,0,-1,-1,0.000000,0.000000,18.936871,20.948018,539
circ20jnonbal,config20,2,FAILED TO FIND AN INTEGER FEASIBLE SOLUTION,0.000000,3600,66,0,-1,-1,0.000000,0.000000,18.936871,20.948018,539
circ20jnonbal,config20,3,FAILED TO FIND AN INTEGER FEASIBLE SOLUTION,0.000000,3600,66,0,-1,-1,0.000000,0.000000,18.936871,20.948018,539
circ20jnonbal,config20,4,FAILED TO FIND AN INTEGER FEASIBLE SOLUTION,0.000000,3600,66,0,-1,-1,0.000000,0.000000,31.882608,33.342397,581
circ20jnonbal,config20,5,FAILED TO FIND AN INTEGER FEASIBLE SOLUTION,0.000000,3600,67,0,-1,-1,0.000000,0.000000,25.921434,30.471668,536
circ20jnonbal,config16,1,FAILED TO FIND AN INTEGER FEASIBLE SOLUTION,94.850253,3600,117,10,10,1,0.000000,0.000000,11.914409,12.852012,532
circ20jnonbal,config16,2,FOUND INTEGER FEASIBLE,93.011208,2329.648806,71,10,7,1,1374.000000,1374.000000,0.000000,0.000000,0
circ20jnonbal,config16,3,FOUND INTEGER FEASIBLE,100.159147,1245.716587,32,10,4,1,1404.000000,1404.000000,0.000000,0.000000,0
circ20jnonbal,config16,4,FAILED TO FIND AN INTEGER FEASIBLE SOLUTION,90.758839,3600,86,10,10,1,0.000000,0.000000,8.779609,8.830956,485
circ20jnonbal,config16,5,FAILED TO FIND AN INTEGER FEASIBLE SOLUTION,96.240952,3600,93,10,10,1,0.000000,0.000000,8.916900,9.031143,475
circ20jnonbal,config17,1,FOUND INTEGER FEASIBLE,523.682786,3047.139346,76,11,9,0,1556.000000,1556.000000,0.000000,0.000000,0
circ20jnonbal,config17,2,FOUND INTEGER FEASIBLE,535.887102,2988.341111,74,11,9,0,1558.000000,1558.000000,0.000000,0.000000,0
circ20jnonbal,config17,3,FOUND INTEGER FEASIBLE,521.292665,2801.127109,68,11,8,0,1574.000000,1574.000000,0.000000,0.000000,0
circ20jnonbal,config17,4,FAILED TO FIND AN INTEGER FEASIBLE SOLUTION,535.203904,3600,74,11,11,0,0.000000,0.000000,9.811970,9.994415,519
circ20jnonbal,config17,5,FAILED TO FIND AN INTEGER FEASIBLE SOLUTION,534.198576,3600,61,11,11,0,0.000000,0.000000,7.754580,7.754580,453
circ20jnonbal,config21,1,FOUND INTEGER FEASIBLE,369.555876,3022.934814,89,11,9,0,1550.000000,1550.000000,0.000000,0.000000,0
circ20jnonbal,config21,2,FOUND INTEGER FEASIBLE,361.784567,3347.148759,104,11,10,0,1568.000000,1568.000000,0.000000,0.000000,0
circ20jnonbal,config21,3,FAILED TO FIND AN INTEGER FEASIBLE SOLUTION,369.643042,3600,112,11,11,0,0.000000,0.000000,10.000000,10.000000,20
circ20jnonbal,config21,4,FOUND INTEGER FEASIBLE,364.529396,1918.120289,68,11,5,0,1532.000000,1532.000000,0.000000,0.000000,0
circ20jnonbal,config21,5,FAILED TO FIND AN INTEGER FEASIBLE SOLUTION,374.374575,3600,129,11,10,0,0.000000,0.000000,17.638350,18.036605,535
circ20jnonbal,config23,1,FOUND INTEGER FEASIBLE,374.488901,2834.878234,93,11,8,0,1596.000000,1596.000000,0.000000,0.000000,0
circ20jnonbal,config23,2,FOUND INTEGER FEASIBLE,373.132051,2729.828972,85,11,8,0,1560.000000,1560.000000,0.000000,0.000000,0
circ20jnonbal,config23,3,FAILED TO FIND AN INTEGER FEASIBLE SOLUTION,363.070217,3600,112,11,11,0,0.000000,0.000000,10.747505,10.899374,507
circ20jnonbal,config23,4,FOUND INTEGER FEASIBLE,372.411901,3170.060437,114,11,10,0,1564.000000,1564.000000,0.000000,0.000000,0
circ20jnonbal,config23,5,FOUND INTEGER FEASIBLE,380.463652,2710.748400,86,11,8,0,1660.000000,1660.000000,0.000000,0.000000,0
circ20jnonbal,config19,1,FAILED TO FIND AN INTEGER FEASIBLE SOLUTION,0.000000,3600,0,0,-1,-1,0.000000,0.000000,inf,inf,0
circ20jnonbal,config19,2,FAILED TO FIND AN INTEGER FEASIBLE SOLUTION,0.000000,3600,0,0,-1,-1,0.000000,0.000000,inf,inf,0
circ20jnonbal,config19,3,FAILED TO FIND AN INTEGER FEASIBLE SOLUTION,0.000000,3600,0,0,-1,-1,0.000000,0.000000,inf,inf,0
circ20jnonbal,config19,4,FAILED TO FIND AN INTEGER FEASIBLE SOLUTION,0.000000,3600,0,0,-1,-1,0.000000,0.000000,inf,inf,0
circ20jnonbal,config19,5,FAILED TO FIND AN INTEGER FEASIBLE SOLUTION,0.000000,3600,0,0,-1,-1,0.000000,0.000000,inf,inf,0
circ20jnonbal,config18,1,FAILED TO FIND AN INTEGER FEASIBLE SOLUTION,0.000000,3600,0,0,-1,-1,0.000000,0.000000,inf,inf,0
circ20jnonbal,config18,2,FAILED TO FIND AN INTEGER FEASIBLE SOLUTION,0.000000,3600,0,0,-1,-1,0.000000,0.000000,inf,inf,0
circ20jnonbal,config18,3,FAILED TO FIND AN INTEGER FEASIBLE SOLUTION,0.000000,3600,0,0,-1,-1,0.000000,0.000000,inf,inf,0
circ20jnonbal,config18,4,FAILED TO FIND AN INTEGER FEASIBLE SOLUTION,0.000000,3600,0,0,-1,-1,0.000000,0.000000,inf,inf,0
circ20jnonbal,config18,5,FAILED TO FIND AN INTEGER FEASIBLE SOLUTION,0.000000,3600,0,0,-1,-1,0.000000,0.000000,inf,inf,0
