instance,config,seed,status,time_kernel,total_time,iterations,buckets,last_bucket,first_bucket,value,reopt_value,real_gap,proj_gap,num_frac
r-stop-dp-C100_3_v2_d0.25_b1,config1,1,FAILED TO FIND AN INTEGER FEASIBLE SOLUTION,0.000000,3600,350,0,-1,-1,0.000000,0.000000,13.436347,13.436347,113
r-stop-dp-C100_3_v2_d0.25_b1,config1,2,FAILED TO FIND AN INTEGER FEASIBLE SOLUTION,0.000000,3600,326,0,-1,-1,0.000000,0.000000,14.752509,14.752509,127
r-stop-dp-C100_3_v2_d0.25_b1,config1,3,FAILED TO FIND AN INTEGER FEASIBLE SOLUTION,0.000000,3600,343,0,-1,-1,0.000000,0.000000,13.100029,13.100029,99
r-stop-dp-C100_3_v2_d0.25_b1,config3,1,FOUND INTEGER FEASIBLE,0.000000,143.403770,6,0,-1,-1,0.000000,0.000000,0.000000,0.000000,0
r-stop-dp-C100_3_v2_d0.25_b1,config3,2,FOUND INTEGER FEASIBLE,0.000000,11.112840,7,0,-1,-1,0.000000,0.000000,0.000000,0.000000,0
r-stop-dp-C100_3_v2_d0.25_b1,config3,3,FOUND INTEGER FEASIBLE,0.000000,9.675839,5,0,-1,-1,0.000000,0.000000,0.000000,0.000000,0
r-stop-dp-C100_3_v2_d0.25_b1,config20,1,FAILED TO FIND AN INTEGER FEASIBLE SOLUTION,0.000000,3600,551,0,-1,-1,0.000000,0.000000,12.448758,12.448758,82
r-stop-dp-C100_3_v2_d0.25_b1,config20,2,FAILED TO FIND AN INTEGER FEASIBLE SOLUTION,0.000000,3600,538,0,-1,-1,0.000000,0.000000,11.866793,11.905062,98
r-stop-dp-C100_3_v2_d0.25_b1,config20,3,FAILED TO FIND AN INTEGER FEASIBLE SOLUTION,0.000000,3600,486,0,-1,-1,0.000000,0.000000,14.657971,14.677718,98
r-stop-dp-C100_3_v2_d0.25_b1,config16,1,FAILED TO FIND AN INTEGER FEASIBLE SOLUTION,26.792678,3600,412,13,13,0,0.000000,0.000000,1.829404,1.829404,16
r-stop-dp-C100_3_v2_d0.25_b1,config16,2,FAILED TO FIND AN INTEGER FEASIBLE SOLUTION,25.826740,3600,458,13,13,0,0.000000,0.000000,1.225118,1.225118,11
r-stop-dp-C100_3_v2_d0.25_b1,config16,3,FAILED TO FIND AN INTEGER FEASIBLE SOLUTION,25.936495,3600,449,13,13,0,0.000000,0.000000,1.114334,1.114334,15
r-stop-dp-C100_3_v2_d0.25_b1,config17,1,FOUND INTEGER FEASIBLE,1.674522,4.121478,4,9,0,0,0.000000,0.000000,0.000000,0.000000,0
r-stop-dp-C100_3_v2_d0.25_b1,config17,2,FOUND INTEGER FEASIBLE,1.653697,4.895356,4,9,0,0,0.000000,0.000000,0.000000,0.000000,0
r-stop-dp-C100_3_v2_d0.25_b1,config17,3,FOUND INTEGER FEASIBLE,1.660750,4.904336,2,9,0,0,0.000000,0.000000,0.000000,0.000000,0
r-stop-dp-C100_3_v2_d0.25_b1,config21,1,FOUND INTEGER FEASIBLE,13.946847,17.253754,0,12,0,0,0.000000,0.000000,0.000000,0.000000,0
r-stop-dp-C100_3_v2_d0.25_b1,config21,2,FOUND INTEGER FEASIBLE,14.107648,17.430408,0,12,0,0,0.000000,0.000000,0.000000,0.000000,0
r-stop-dp-C100_3_v2_d0.25_b1,config21,3,FOUND INTEGER FEASIBLE,14.819189,18.131013,0,12,0,0,0.000000,0.000000,0.000000,0.000000,0
r-stop-dp-C100_3_v2_d0.25_b1,config23,1,FOUND INTEGER FEASIBLE,14.035378,17.428739,13,12,0,0,0.000000,0.000000,0.000000,0.000000,0
r-stop-dp-C100_3_v2_d0.25_b1,config23,2,FOUND INTEGER FEASIBLE,14.184764,16.561429,15,12,0,0,0.000000,0.000000,0.000000,0.000000,0
r-stop-dp-C100_3_v2_d0.25_b1,config23,3,FOUND INTEGER FEASIBLE,13.942337,17.244716,7,12,0,0,0.000000,0.000000,0.000000,0.000000,0
r-stop-dp-C100_3_v2_d0.25_b1,config19,1,FOUND INTEGER FEASIBLE,0.000000,4.315819,0,0,-1,-1,0.000000,0.000000,0.000000,0.000000,0
r-stop-dp-C100_3_v2_d0.25_b1,config19,2,FOUND INTEGER FEASIBLE,0.000000,4.095012,0,0,-1,-1,0.000000,0.000000,0.000000,0.000000,0
r-stop-dp-C100_3_v2_d0.25_b1,config19,3,FOUND INTEGER FEASIBLE,0.000000,4.073589,0,0,-1,-1,0.000000,0.000000,0.000000,0.000000,0
r-stop-dp-C100_3_v2_d0.25_b1,config18,1,FOUND INTEGER FEASIBLE,0.000000,5.090120,0,0,-1,-1,0.000000,0.000000,0.000000,0.000000,0
r-stop-dp-C100_3_v2_d0.25_b1,config18,2,FOUND INTEGER FEASIBLE,0.000000,4.048367,0,0,-1,-1,0.000000,0.000000,0.000000,0.000000,0
r-stop-dp-C100_3_v2_d0.25_b1,config18,3,FOUND INTEGER FEASIBLE,0.000000,5.044472,0,0,-1,-1,0.000000,0.000000,0.000000,0.000000,0
r-stop-dp-C100_3_v2_d0.25_b5,config1,1,FAILED TO FIND AN INTEGER FEASIBLE SOLUTION,0.000000,3600,22,0,-1,-1,0.000000,0.000000,17.858291,17.858291,147
r-stop-dp-C100_3_v2_d0.25_b5,config1,2,FAILED TO FIND AN INTEGER FEASIBLE SOLUTION,0.000000,3600,20,0,-1,-1,0.000000,0.000000,17.859323,17.859323,136
r-stop-dp-C100_3_v2_d0.25_b5,config1,3,FAILED TO FIND AN INTEGER FEASIBLE SOLUTION,0.000000,3600,23,0,-1,-1,0.000000,0.000000,17.501185,17.501185,148
r-stop-dp-C100_3_v2_d0.25_b5,config3,1,FAILED TO FIND AN INTEGER FEASIBLE SOLUTION,0.000000,3600,1,0,-1,-1,0.000000,0.000000,1.246099,1.246099,4
r-stop-dp-C100_3_v2_d0.25_b5,config3,2,FAILED TO FIND AN INTEGER FEASIBLE SOLUTION,0.000000,3600,1,0,-1,-1,0.000000,0.000000,1.246099,1.246099,4
r-stop-dp-C100_3_v2_d0.25_b5,config3,3,FAILED TO FIND AN INTEGER FEASIBLE SOLUTION,0.000000,3600,4,0,-1,-1,0.000000,0.000000,1.239956,1.239956,7
r-stop-dp-C100_3_v2_d0.25_b5,config20,1,FAILED TO FIND AN INTEGER FEASIBLE SOLUTION,0.000000,3600,12,0,-1,-1,0.000000,0.000000,19.952535,20.262907,154
r-stop-dp-C100_3_v2_d0.25_b5,config20,2,FAILED TO FIND AN INTEGER FEASIBLE SOLUTION,0.000000,3600,12,0,-1,-1,0.000000,0.000000,19.235150,19.623203,143
r-stop-dp-C100_3_v2_d0.25_b5,config20,3,FAILED TO FIND AN INTEGER FEASIBLE SOLUTION,0.000000,3600,14,0,-1,-1,0.000000,0.000000,19.001174,19.001174,165
r-stop-dp-C100_3_v2_d0.25_b5,config16,1,FAILED TO FIND AN INTEGER FEASIBLE SOLUTION,325.336984,3600,183,13,13,0,0.000000,0.000000,13.071675,3.599574,52
r-stop-dp-C100_3_v2_d0.25_b5,config16,2,FAILED TO FIND AN INTEGER FEASIBLE SOLUTION,313.095093,3600,176,13,13,0,0.000000,0.000000,3.030929,3.030929,18
r-stop-dp-C100_3_v2_d0.25_b5,config16,3,FAILED TO FIND AN INTEGER FEASIBLE SOLUTION,313.901563,3600,177,13,13,0,0.000000,0.000000,11.937412,3.585953,44
r-stop-dp-C100_3_v2_d0.25_b5,config17,1,FOUND INTEGER FEASIBLE,35.157467,79.660475,86,8,1,0,0.000000,0.000000,0.000000,0.000000,0
r-stop-dp-C100_3_v2_d0.25_b5,config17,2,FOUND INTEGER FEASIBLE,36.542934,81.106860,84,8,1,0,0.000000,0.000000,0.000000,0.000000,0
r-stop-dp-C100_3_v2_d0.25_b5,config17,3,FOUND INTEGER FEASIBLE,36.307401,81.103656,86,8,1,0,0.000000,0.000000,0.000000,0.000000,0
r-stop-dp-C100_3_v2_d0.25_b5,config21,1,FOUND INTEGER FEASIBLE,150.547301,160.536110,2,12,0,0,0.000000,0.000000,0.000000,0.000000,0
r-stop-dp-C100_3_v2_d0.25_b5,config21,2,FOUND INTEGER FEASIBLE,162.900021,172.835667,2,12,0,0,0.000000,0.000000,0.000000,0.000000,0
r-stop-dp-C100_3_v2_d0.25_b5,config21,3,FOUND INTEGER FEASIBLE,151.501965,161.437925,1,12,0,0,0.000000,0.000000,0.000000,0.000000,0
r-stop-dp-C100_3_v2_d0.25_b5,config23,1,FOUND INTEGER FEASIBLE,150.122482,160.149505,3,12,0,0,0.000000,0.000000,0.000000,0.000000,0
r-stop-dp-C100_3_v2_d0.25_b5,config23,2,FOUND INTEGER FEASIBLE,154.453450,164.392019,4,12,0,0,0.000000,0.000000,0.000000,0.000000,0
r-stop-dp-C100_3_v2_d0.25_b5,config23,3,FOUND INTEGER FEASIBLE,152.517062,162.533453,10,12,0,0,0.000000,0.000000,0.000000,0.000000,0
r-stop-dp-C100_3_v2_d0.25_b5,config19,1,FOUND INTEGER FEASIBLE,0.000000,15.598117,0,0,-1,-1,0.000000,0.000000,0.000000,0.000000,0
r-stop-dp-C100_3_v2_d0.25_b5,config19,2,FOUND INTEGER FEASIBLE,0.000000,14.374861,0,0,-1,-1,0.000000,0.000000,0.000000,0.000000,0
r-stop-dp-C100_3_v2_d0.25_b5,config19,3,FOUND INTEGER FEASIBLE,0.000000,13.586675,0,0,-1,-1,0.000000,0.000000,0.000000,0.000000,0
r-stop-dp-C100_3_v2_d0.25_b5,config18,1,FOUND INTEGER FEASIBLE,0.000000,15.940114,0,0,-1,-1,0.000000,0.000000,0.000000,0.000000,0
r-stop-dp-C100_3_v2_d0.25_b5,config18,2,FOUND INTEGER FEASIBLE,0.000000,14.494519,0,0,-1,-1,0.000000,0.000000,0.000000,0.000000,0
r-stop-dp-C100_3_v2_d0.25_b5,config18,3,FOUND INTEGER FEASIBLE,0.000000,15.660098,0,0,-1,-1,0.000000,0.000000,0.000000,0.000000,0
r-stop-dp-C100_3_v4_d0.25_b1,config1,1,FAILED TO FIND AN INTEGER FEASIBLE SOLUTION,0.000000,3600,390,0,-1,-1,0.000000,0.000000,11.620577,11.620577,94
r-stop-dp-C100_3_v4_d0.25_b1,config1,2,FAILED TO FIND AN INTEGER FEASIBLE SOLUTION,0.000000,3600,404,0,-1,-1,0.000000,0.000000,9.950249,9.950249,83
r-stop-dp-C100_3_v4_d0.25_b1,config1,3,FAILED TO FIND AN INTEGER FEASIBLE SOLUTION,0.000000,3600,391,0,-1,-1,0.000000,0.000000,11.423201,11.423201,106
r-stop-dp-C100_3_v4_d0.25_b1,config3,1,FOUND INTEGER FEASIBLE,0.000000,131.655613,6,0,-1,-1,0.000000,0.000000,0.000000,0.000000,0
r-stop-dp-C100_3_v4_d0.25_b1,config3,2,FOUND INTEGER FEASIBLE,0.000000,10.097413,7,0,-1,-1,0.000000,0.000000,0.000000,0.000000,0
r-stop-dp-C100_3_v4_d0.25_b1,config3,3,FOUND INTEGER FEASIBLE,0.000000,8.461345,5,0,-1,-1,0.000000,0.000000,0.000000,0.000000,0
r-stop-dp-C100_3_v4_d0.25_b1,config20,1,FAILED TO FIND AN INTEGER FEASIBLE SOLUTION,0.000000,3600,630,0,-1,-1,0.000000,0.000000,8.903121,8.903121,83
r-stop-dp-C100_3_v4_d0.25_b1,config20,2,FAILED TO FIND AN INTEGER FEASIBLE SOLUTION,0.000000,3600,602,0,-1,-1,0.000000,0.000000,9.527438,9.527438,74
r-stop-dp-C100_3_v4_d0.25_b1,config20,3,FAILED TO FIND AN INTEGER FEASIBLE SOLUTION,0.000000,3600,608,0,-1,-1,0.000000,0.000000,11.581624,11.592724,92
r-stop-dp-C100_3_v4_d0.25_b1,config16,1,FAILED TO FIND AN INTEGER FEASIBLE SOLUTION,25.328152,3600,713,13,13,1,0.000000,0.000000,9.819659,9.989727,86
r-stop-dp-C100_3_v4_d0.25_b1,config16,2,FAILED TO FIND AN INTEGER FEASIBLE SOLUTION,25.453981,3600,657,13,13,1,0.000000,0.000000,12.260045,12.509352,88
r-stop-dp-C100_3_v4_d0.25_b1,config16,3,FAILED TO FIND AN INTEGER FEASIBLE SOLUTION,25.648742,3600,750,13,13,1,0.000000,0.000000,9.716404,9.716404,94
r-stop-dp-C100_3_v4_d0.25_b1,config17,1,FOUND INTEGER FEASIBLE,1.148883,4.619070,2,11,0,0,0.000000,0.000000,0.000000,0.000000,0
r-stop-dp-C100_3_v4_d0.25_b1,config17,2,FOUND INTEGER FEASIBLE,1.135805,4.447810,2,11,0,0,0.000000,0.000000,0.000000,0.000000,0
r-stop-dp-C100_3_v4_d0.25_b1,config17,3,FOUND INTEGER FEASIBLE,1.152078,4.452078,2,11,0,0,0.000000,0.000000,0.000000,0.000000,0
r-stop-dp-C100_3_v4_d0.25_b1,config21,1,FOUND INTEGER FEASIBLE,14.345418,17.705804,3,12,0,0,0.000000,0.000000,0.000000,0.000000,0
r-stop-dp-C100_3_v4_d0.25_b1,config21,2,FOUND INTEGER FEASIBLE,14.174054,17.551354,2,12,0,0,0.000000,0.000000,0.000000,0.000000,0
r-stop-dp-C100_3_v4_d0.25_b1,config21,3,FOUND INTEGER FEASIBLE,14.227206,17.573409,6,12,0,0,0.000000,0.000000,0.000000,0.000000,0
r-stop-dp-C100_3_v4_d0.25_b1,config23,1,FOUND INTEGER FEASIBLE,14.247799,17.604636,6,12,0,0,0.000000,0.000000,0.000000,0.000000,0
r-stop-dp-C100_3_v4_d0.25_b1,config23,2,FOUND INTEGER FEASIBLE,14.105600,17.467422,7,12,0,0,0.000000,0.000000,0.000000,0.000000,0
r-stop-dp-C100_3_v4_d0.25_b1,config23,3,FOUND INTEGER FEASIBLE,14.240672,17.593459,5,12,0,0,0.000000,0.000000,0.000000,0.000000,0
r-stop-dp-C100_3_v4_d0.25_b1,config19,1,FOUND INTEGER FEASIBLE,0.000000,4.048343,0,0,-1,-1,0.000000,0.000000,0.000000,0.000000,0
r-stop-dp-C100_3_v4_d0.25_b1,config19,2,FOUND INTEGER FEASIBLE,0.000000,4.069444,0,0,-1,-1,0.000000,0.000000,0.000000,0.000000,0
r-stop-dp-C100_3_v4_d0.25_b1,config19,3,FOUND INTEGER FEASIBLE,0.000000,3.773711,0,0,-1,-1,0.000000,0.000000,0.000000,0.000000,0
r-stop-dp-C100_3_v4_d0.25_b1,config18,1,FOUND INTEGER FEASIBLE,0.000000,5.114219,0,0,-1,-1,0.000000,0.000000,0.000000,0.000000,0
r-stop-dp-C100_3_v4_d0.25_b1,config18,2,FOUND INTEGER FEASIBLE,0.000000,5.038956,0,0,-1,-1,0.000000,0.000000,0.000000,0.000000,0
r-stop-dp-C100_3_v4_d0.25_b1,config18,3,FOUND INTEGER FEASIBLE,0.000000,5.041739,0,0,-1,-1,0.000000,0.000000,0.000000,0.000000,0
r-stop-dp-C100_3_v4_d0.25_b5,config1,1,FAILED TO FIND AN INTEGER FEASIBLE SOLUTION,0.000000,3600,26,0,-1,-1,0.000000,0.000000,15.207716,15.207716,127
r-stop-dp-C100_3_v4_d0.25_b5,config1,2,FAILED TO FIND AN INTEGER FEASIBLE SOLUTION,0.000000,3600,18,0,-1,-1,0.000000,0.000000,15.366789,15.366789,147
r-stop-dp-C100_3_v4_d0.25_b5,config1,3,FAILED TO FIND AN INTEGER FEASIBLE SOLUTION,0.000000,3600,32,0,-1,-1,0.000000,0.000000,14.714236,14.714236,136
r-stop-dp-C100_3_v4_d0.25_b5,config3,1,FAILED TO FIND AN INTEGER FEASIBLE SOLUTION,0.000000,3600,3,0,-1,-1,0.000000,0.000000,1.197174,1.197174,9
r-stop-dp-C100_3_v4_d0.25_b5,config3,2,FAILED TO FIND AN INTEGER FEASIBLE SOLUTION,0.000000,3600,3,0,-1,-1,0.000000,0.000000,1.197174,1.197174,9
r-stop-dp-C100_3_v4_d0.25_b5,config3,3,FAILED TO FIND AN INTEGER FEASIBLE SOLUTION,0.000000,3600,2,0,-1,-1,0.000000,0.000000,1.246099,1.246099,4
r-stop-dp-C100_3_v4_d0.25_b5,config20,1,FAILED TO FIND AN INTEGER FEASIBLE SOLUTION,0.000000,3600,23,0,-1,-1,0.000000,0.000000,16.218250,16.218250,142
r-stop-dp-C100_3_v4_d0.25_b5,config20,2,FAILED TO FIND AN INTEGER FEASIBLE SOLUTION,0.000000,3600,20,0,-1,-1,0.000000,0.000000,16.825060,16.825060,140
r-stop-dp-C100_3_v4_d0.25_b5,config20,3,FAILED TO FIND AN INTEGER FEASIBLE SOLUTION,0.000000,3600,14,0,-1,-1,0.000000,0.000000,17.496204,17.650315,142
r-stop-dp-C100_3_v4_d0.25_b5,config16,1,FAILED TO FIND AN INTEGER FEASIBLE SOLUTION,442.713828,3600,53,12,12,1,0.000000,0.000000,16.910569,17.068776,152
r-stop-dp-C100_3_v4_d0.25_b5,config16,2,FAILED TO FIND AN INTEGER FEASIBLE SOLUTION,427.413276,3600,52,12,12,1,0.000000,0.000000,17.128378,17.128378,160
r-stop-dp-C100_3_v4_d0.25_b5,config16,3,FAILED TO FIND AN INTEGER FEASIBLE SOLUTION,423.384240,3600,55,12,12,1,0.000000,0.000000,16.006303,16.274213,122
r-stop-dp-C100_3_v4_d0.25_b5,config17,1,FOUND INTEGER FEASIBLE,37.867918,85.797032,86,8,1,0,0.000000,0.000000,0.000000,0.000000,0
r-stop-dp-C100_3_v4_d0.25_b5,config17,2,FOUND INTEGER FEASIBLE,37.348602,83.589789,84,8,1,0,0.000000,0.000000,0.000000,0.000000,0
r-stop-dp-C100_3_v4_d0.25_b5,config17,3,FOUND INTEGER FEASIBLE,38.564428,85.579443,86,8,1,0,0.000000,0.000000,0.000000,0.000000,0
r-stop-dp-C100_3_v4_d0.25_b5,config21,1,FOUND INTEGER FEASIBLE,926.605115,1623.995311,96,12,4,0,0.000000,0.000000,0.000000,0.000000,0
r-stop-dp-C100_3_v4_d0.25_b5,config21,2,FOUND INTEGER FEASIBLE,1000.149053,2584.856843,101,12,4,0,0.000000,0.000000,0.000000,0.000000,0
r-stop-dp-C100_3_v4_d0.25_b5,config21,3,FOUND INTEGER FEASIBLE,911.061447,1611.320697,96,12,4,0,0.000000,0.000000,0.000000,0.000000,0
r-stop-dp-C100_3_v4_d0.25_b5,config23,1,FOUND INTEGER FEASIBLE,919.433534,1618.359266,95,12,4,0,0.000000,0.000000,0.000000,0.000000,0
r-stop-dp-C100_3_v4_d0.25_b5,config23,2,FOUND INTEGER FEASIBLE,920.970238,1619.488868,101,12,4,0,0.000000,0.000000,0.000000,0.000000,0
r-stop-dp-C100_3_v4_d0.25_b5,config23,3,FOUND INTEGER FEASIBLE,921.914312,1620.387871,96,12,4,0,0.000000,0.000000,0.000000,0.000000,0
r-stop-dp-C100_3_v4_d0.25_b5,config19,1,FOUND INTEGER FEASIBLE,0.000000,15.278677,0,0,-1,-1,0.000000,0.000000,0.000000,0.000000,0
r-stop-dp-C100_3_v4_d0.25_b5,config19,2,FOUND INTEGER FEASIBLE,0.000000,13.708251,0,0,-1,-1,0.000000,0.000000,0.000000,0.000000,0
r-stop-dp-C100_3_v4_d0.25_b5,config19,3,FOUND INTEGER FEASIBLE,0.000000,13.946551,0,0,-1,-1,0.000000,0.000000,0.000000,0.000000,0
r-stop-dp-C100_3_v4_d0.25_b5,config18,1,FOUND INTEGER FEASIBLE,0.000000,15.722301,0,0,-1,-1,0.000000,0.000000,0.000000,0.000000,0
r-stop-dp-C100_3_v4_d0.25_b5,config18,2,FOUND INTEGER FEASIBLE,0.000000,15.607089,0,0,-1,-1,0.000000,0.000000,0.000000,0.000000,0
r-stop-dp-C100_3_v4_d0.25_b5,config18,3,FOUND INTEGER FEASIBLE,0.000000,15.480109,0,0,-1,-1,0.000000,0.000000,0.000000,0.000000,0
r-stop-dp-C100_4_v2_d0.25_b1,config1,1,FAILED TO FIND AN INTEGER FEASIBLE SOLUTION,0.000000,3600,350,0,-1,-1,0.000000,0.000000,5.605072,5.605072,99
r-stop-dp-C100_4_v2_d0.25_b1,config1,2,FAILED TO FIND AN INTEGER FEASIBLE SOLUTION,0.000000,3600,388,0,-1,-1,0.000000,0.000000,5.303814,5.303814,108
r-stop-dp-C100_4_v2_d0.25_b1,config1,3,FAILED TO FIND AN INTEGER FEASIBLE SOLUTION,0.000000,3600,348,0,-1,-1,0.000000,0.000000,5.864547,5.864547,116
r-stop-dp-C100_4_v2_d0.25_b1,config3,1,FAILED TO FIND AN INTEGER FEASIBLE SOLUTION,0.000000,3600,92,0,-1,-1,0.000000,0.000000,0.499674,0.499674,7
r-stop-dp-C100_4_v2_d0.25_b1,config3,2,FAILED TO FIND AN INTEGER FEASIBLE SOLUTION,0.000000,3600,90,0,-1,-1,0.000000,0.000000,0.499674,0.499674,7
r-stop-dp-C100_4_v2_d0.25_b1,config3,3,FOUND INTEGER FEASIBLE,0.000000,11.729540,6,0,-1,-1,0.000000,0.000000,0.000000,0.000000,0
r-stop-dp-C100_4_v2_d0.25_b1,config20,1,FAILED TO FIND AN INTEGER FEASIBLE SOLUTION,0.000000,3600,520,0,-1,-1,0.000000,0.000000,5.465152,5.465152,82
r-stop-dp-C100_4_v2_d0.25_b1,config20,2,FAILED TO FIND AN INTEGER FEASIBLE SOLUTION,0.000000,3600,562,0,-1,-1,0.000000,0.000000,5.956353,5.956353,78
r-stop-dp-C100_4_v2_d0.25_b1,config20,3,FAILED TO FIND AN INTEGER FEASIBLE SOLUTION,0.000000,3600,260,0,-1,-1,0.000000,0.000000,5.906013,5.906013,97
r-stop-dp-C100_4_v2_d0.25_b1,config16,1,FAILED TO FIND AN INTEGER FEASIBLE SOLUTION,15.334009,3600,420,11,11,0,0.000000,0.000000,0.439211,0.439211,14
r-stop-dp-C100_4_v2_d0.25_b1,config16,2,FAILED TO FIND AN INTEGER FEASIBLE SOLUTION,15.476033,3600,416,11,11,0,0.000000,0.000000,0.487332,0.487332,9
r-stop-dp-C100_4_v2_d0.25_b1,config16,3,FAILED TO FIND AN INTEGER FEASIBLE SOLUTION,15.486513,3600,418,11,11,0,0.000000,0.000000,0.541085,0.541085,11
r-stop-dp-C100_4_v2_d0.25_b1,config17,1,FOUND INTEGER FEASIBLE,1.511164,4.902784,2,8,0,0,0.000000,0.000000,0.000000,0.000000,0
r-stop-dp-C100_4_v2_d0.25_b1,config17,2,FOUND INTEGER FEASIBLE,1.504009,4.773042,2,8,0,0,0.000000,0.000000,0.000000,0.000000,0
r-stop-dp-C100_4_v2_d0.25_b1,config17,3,FOUND INTEGER FEASIBLE,1.515152,4.782724,2,8,0,0,0.000000,0.000000,0.000000,0.000000,0
r-stop-dp-C100_4_v2_d0.25_b1,config21,1,FOUND INTEGER FEASIBLE,19.986819,23.320593,1,12,0,0,0.000000,0.000000,0.000000,0.000000,0
r-stop-dp-C100_4_v2_d0.25_b1,config21,2,FOUND INTEGER FEASIBLE,19.964320,23.306610,1,12,0,0,0.000000,0.000000,0.000000,0.000000,0
r-stop-dp-C100_4_v2_d0.25_b1,config21,3,FOUND INTEGER FEASIBLE,20.120095,22.495130,1,12,0,0,0.000000,0.000000,0.000000,0.000000,0
r-stop-dp-C100_4_v2_d0.25_b1,config23,1,FOUND INTEGER FEASIBLE,19.881949,23.242080,7,12,0,0,0.000000,0.000000,0.000000,0.000000,0
r-stop-dp-C100_4_v2_d0.25_b1,config23,2,FOUND INTEGER FEASIBLE,20.046937,23.385018,8,12,0,0,0.000000,0.000000,0.000000,0.000000,0
r-stop-dp-C100_4_v2_d0.25_b1,config23,3,FOUND INTEGER FEASIBLE,20.236291,22.612868,13,12,0,0,0.000000,0.000000,0.000000,0.000000,0
r-stop-dp-C100_4_v2_d0.25_b1,config19,1,FOUND INTEGER FEASIBLE,0.000000,4.353638,0,0,-1,-1,0.000000,0.000000,0.000000,0.000000,0
r-stop-dp-C100_4_v2_d0.25_b1,config19,2,FOUND INTEGER FEASIBLE,0.000000,4.034578,0,0,-1,-1,0.000000,0.000000,0.000000,0.000000,0
r-stop-dp-C100_4_v2_d0.25_b1,config19,3,FOUND INTEGER FEASIBLE,0.000000,4.143915,0,0,-1,-1,0.000000,0.000000,0.000000,0.000000,0
r-stop-dp-C100_4_v2_d0.25_b1,config18,1,FOUND INTEGER FEASIBLE,0.000000,5.101522,0,0,-1,-1,0.000000,0.000000,0.000000,0.000000,0
r-stop-dp-C100_4_v2_d0.25_b1,config18,2,FOUND INTEGER FEASIBLE,0.000000,5.006883,0,0,-1,-1,0.000000,0.000000,0.000000,0.000000,0
r-stop-dp-C100_4_v2_d0.25_b1,config18,3,FOUND INTEGER FEASIBLE,0.000000,5.017824,0,0,-1,-1,0.000000,0.000000,0.000000,0.000000,0
r-stop-dp-C100_4_v2_d0.25_b5,config1,1,FAILED TO FIND AN INTEGER FEASIBLE SOLUTION,0.000000,3600,19,0,-1,-1,0.000000,0.000000,7.449484,7.449484,137
r-stop-dp-C100_4_v2_d0.25_b5,config1,2,FAILED TO FIND AN INTEGER FEASIBLE SOLUTION,0.000000,3600,20,0,-1,-1,0.000000,0.000000,7.508686,7.508686,141
r-stop-dp-C100_4_v2_d0.25_b5,config1,3,FAILED TO FIND AN INTEGER FEASIBLE SOLUTION,0.000000,3600,14,0,-1,-1,0.000000,0.000000,7.477448,7.477448,139
r-stop-dp-C100_4_v2_d0.25_b5,config3,1,FAILED TO FIND AN INTEGER FEASIBLE SOLUTION,0.000000,3600,1,0,-1,-1,0.000000,0.000000,0.563993,0.563993,7
r-stop-dp-C100_4_v2_d0.25_b5,config3,2,FAILED TO FIND AN INTEGER FEASIBLE SOLUTION,0.000000,3600,1,0,-1,-1,0.000000,0.000000,0.563993,0.563993,7
r-stop-dp-C100_4_v2_d0.25_b5,config3,3,FAILED TO FIND AN INTEGER FEASIBLE SOLUTION,0.000000,3600,2,0,-1,-1,0.000000,0.000000,0.557834,0.557834,9
r-stop-dp-C100_4_v2_d0.25_b5,config20,1,FAILED TO FIND AN INTEGER FEASIBLE SOLUTION,0.000000,3600,22,0,-1,-1,0.000000,0.000000,6.976577,6.976577,135
r-stop-dp-C100_4_v2_d0.25_b5,config20,2,FAILED TO FIND AN INTEGER FEASIBLE SOLUTION,0.000000,3600,21,0,-1,-1,0.000000,0.000000,7.891522,7.891522,167
r-stop-dp-C100_4_v2_d0.25_b5,config20,3,FAILED TO FIND AN INTEGER FEASIBLE SOLUTION,0.000000,3600,24,0,-1,-1,0.000000,0.000000,7.411111,7.411111,136
r-stop-dp-C100_4_v2_d0.25_b5,config16,1,FAILED TO FIND AN INTEGER FEASIBLE SOLUTION,226.120363,3600,180,11,11,0,0.000000,0.000000,6.882548,1.357477,42
r-stop-dp-C100_4_v2_d0.25_b5,config16,2,FAILED TO FIND AN INTEGER FEASIBLE SOLUTION,225.377269,3600,229,11,11,0,0.000000,0.000000,6.862289,1.352412,42
r-stop-dp-C100_4_v2_d0.25_b5,config16,3,FAILED TO FIND AN INTEGER FEASIBLE SOLUTION,225.188521,3600,229,11,11,0,0.000000,0.000000,6.862289,1.352412,42
r-stop-dp-C100_4_v2_d0.25_b5,config17,1,FOUND INTEGER FEASIBLE,13.870441,22.651047,0,11,0,0,0.000000,0.000000,0.000000,0.000000,0
r-stop-dp-C100_4_v2_d0.25_b5,config17,2,FOUND INTEGER FEASIBLE,13.903527,23.568626,0,11,0,0,0.000000,0.000000,0.000000,0.000000,0
r-stop-dp-C100_4_v2_d0.25_b5,config17,3,FOUND INTEGER FEASIBLE,13.860868,23.517890,0,11,0,0,0.000000,0.000000,0.000000,0.000000,0
r-stop-dp-C100_4_v2_d0.25_b5,config21,1,FOUND INTEGER FEASIBLE,791.887130,801.902927,1,12,0,0,0.000000,0.000000,0.000000,0.000000,0
r-stop-dp-C100_4_v2_d0.25_b5,config21,2,FOUND INTEGER FEASIBLE,783.122321,793.228126,1,12,0,0,0.000000,0.000000,0.000000,0.000000,0
r-stop-dp-C100_4_v2_d0.25_b5,config21,3,FOUND INTEGER FEASIBLE,786.802294,796.854845,1,12,0,0,0.000000,0.000000,0.000000,0.000000,0
r-stop-dp-C100_4_v2_d0.25_b5,config23,1,FOUND INTEGER FEASIBLE,787.186727,797.187946,2,12,0,0,0.000000,0.000000,0.000000,0.000000,0
r-stop-dp-C100_4_v2_d0.25_b5,config23,2,FOUND INTEGER FEASIBLE,794.907077,804.967123,2,12,0,0,0.000000,0.000000,0.000000,0.000000,0
r-stop-dp-C100_4_v2_d0.25_b5,config23,3,FOUND INTEGER FEASIBLE,783.638254,793.679641,2,12,0,0,0.000000,0.000000,0.000000,0.000000,0
r-stop-dp-C100_4_v2_d0.25_b5,config19,1,FOUND INTEGER FEASIBLE,0.000000,14.788529,0,0,-1,-1,0.000000,0.000000,0.000000,0.000000,0
r-stop-dp-C100_4_v2_d0.25_b5,config19,2,FOUND INTEGER FEASIBLE,0.000000,14.037970,0,0,-1,-1,0.000000,0.000000,0.000000,0.000000,0
r-stop-dp-C100_4_v2_d0.25_b5,config19,3,FOUND INTEGER FEASIBLE,0.000000,14.355258,0,0,-1,-1,0.000000,0.000000,0.000000,0.000000,0
r-stop-dp-C100_4_v2_d0.25_b5,config18,1,FOUND INTEGER FEASIBLE,0.000000,15.707568,0,0,-1,-1,0.000000,0.000000,0.000000,0.000000,0
r-stop-dp-C100_4_v2_d0.25_b5,config18,2,FOUND INTEGER FEASIBLE,0.000000,15.517515,0,0,-1,-1,0.000000,0.000000,0.000000,0.000000,0
r-stop-dp-C100_4_v2_d0.25_b5,config18,3,FOUND INTEGER FEASIBLE,0.000000,15.406213,0,0,-1,-1,0.000000,0.000000,0.000000,0.000000,0
r-stop-dp-C100_4_v4_d0.25_b1,config1,1,FAILED TO FIND AN INTEGER FEASIBLE SOLUTION,0.000000,3600,437,0,-1,-1,0.000000,0.000000,4.734673,4.734673,80
r-stop-dp-C100_4_v4_d0.25_b1,config1,2,FAILED TO FIND AN INTEGER FEASIBLE SOLUTION,0.000000,3600,393,0,-1,-1,0.000000,0.000000,5.269417,5.269417,97
r-stop-dp-C100_4_v4_d0.25_b1,config1,3,FAILED TO FIND AN INTEGER FEASIBLE SOLUTION,0.000000,3600,401,0,-1,-1,0.000000,0.000000,4.769116,4.769116,92
r-stop-dp-C100_4_v4_d0.25_b1,config3,1,FAILED TO FIND AN INTEGER FEASIBLE SOLUTION,0.000000,3600,160,0,-1,-1,0.000000,0.000000,0.499674,0.499674,7
r-stop-dp-C100_4_v4_d0.25_b1,config3,2,FAILED TO FIND AN INTEGER FEASIBLE SOLUTION,0.000000,3600,152,0,-1,-1,0.000000,0.000000,0.499674,0.499674,7
r-stop-dp-C100_4_v4_d0.25_b1,config3,3,FOUND INTEGER FEASIBLE,0.000000,12.605797,6,0,-1,-1,0.000000,0.000000,0.000000,0.000000,0
r-stop-dp-C100_4_v4_d0.25_b1,config20,1,FAILED TO FIND AN INTEGER FEASIBLE SOLUTION,0.000000,3600,664,0,-1,-1,0.000000,0.000000,4.063843,4.063843,73
r-stop-dp-C100_4_v4_d0.25_b1,config20,2,FAILED TO FIND AN INTEGER FEASIBLE SOLUTION,0.000000,3600,649,0,-1,-1,0.000000,0.000000,4.264665,4.264665,82
r-stop-dp-C100_4_v4_d0.25_b1,config20,3,FAILED TO FIND AN INTEGER FEASIBLE SOLUTION,0.000000,3600,460,0,-1,-1,0.000000,0.000000,4.154569,4.154569,65
r-stop-dp-C100_4_v4_d0.25_b1,config16,1,FOUND INTEGER FEASIBLE,7.783276,19.754736,112,13,2,1,-118.340820,-167.127120,0.000000,0.000000,0
r-stop-dp-C100_4_v4_d0.25_b1,config16,2,FOUND INTEGER FEASIBLE,7.814696,21.705313,95,13,2,1,-134.710820,-216.743050,0.000000,0.000000,0
r-stop-dp-C100_4_v4_d0.25_b1,config16,3,FOUND INTEGER FEASIBLE,7.833112,44.445497,165,13,2,1,-55.767510,-142.515630,0.000000,0.000000,0
r-stop-dp-C100_4_v4_d0.25_b1,config17,1,FOUND INTEGER FEASIBLE,1.510978,4.790084,2,8,0,0,0.000000,0.000000,0.000000,0.000000,0
r-stop-dp-C100_4_v4_d0.25_b1,config17,2,FOUND INTEGER FEASIBLE,1.503425,3.797995,2,8,0,0,0.000000,0.000000,0.000000,0.000000,0
r-stop-dp-C100_4_v4_d0.25_b1,config17,3,FOUND INTEGER FEASIBLE,1.509723,4.769106,2,8,0,0,0.000000,0.000000,0.000000,0.000000,0
r-stop-dp-C100_4_v4_d0.25_b1,config21,1,FOUND INTEGER FEASIBLE,9.736365,13.079129,0,12,0,0,0.000000,0.000000,0.000000,0.000000,0
r-stop-dp-C100_4_v4_d0.25_b1,config21,2,FOUND INTEGER FEASIBLE,9.810421,13.146561,0,12,0,0,0.000000,0.000000,0.000000,0.000000,0
r-stop-dp-C100_4_v4_d0.25_b1,config21,3,FOUND INTEGER FEASIBLE,9.804723,13.133123,0,12,0,0,0.000000,0.000000,0.000000,0.000000,0
r-stop-dp-C100_4_v4_d0.25_b1,config23,1,FOUND INTEGER FEASIBLE,9.892147,13.267027,5,12,0,0,0.000000,0.000000,0.000000,0.000000,0
r-stop-dp-C100_4_v4_d0.25_b1,config23,2,FOUND INTEGER FEASIBLE,9.700027,13.049076,7,12,0,0,0.000000,0.000000,0.000000,0.000000,0
r-stop-dp-C100_4_v4_d0.25_b1,config23,3,FOUND INTEGER FEASIBLE,9.814776,13.163728,5,12,0,0,0.000000,0.000000,0.000000,0.000000,0
r-stop-dp-C100_4_v4_d0.25_b1,config19,1,FOUND INTEGER FEASIBLE,0.000000,4.366489,0,0,-1,-1,0.000000,0.000000,0.000000,0.000000,0
r-stop-dp-C100_4_v4_d0.25_b1,config19,2,FOUND INTEGER FEASIBLE,0.000000,4.088016,0,0,-1,-1,0.000000,0.000000,0.000000,0.000000,0
r-stop-dp-C100_4_v4_d0.25_b1,config19,3,FOUND INTEGER FEASIBLE,0.000000,4.100327,0,0,-1,-1,0.000000,0.000000,0.000000,0.000000,0
r-stop-dp-C100_4_v4_d0.25_b1,config18,1,FOUND INTEGER FEASIBLE,0.000000,4.824333,0,0,-1,-1,0.000000,0.000000,0.000000,0.000000,0
r-stop-dp-C100_4_v4_d0.25_b1,config18,2,FOUND INTEGER FEASIBLE,0.000000,4.980023,0,0,-1,-1,0.000000,0.000000,0.000000,0.000000,0
r-stop-dp-C100_4_v4_d0.25_b1,config18,3,FOUND INTEGER FEASIBLE,0.000000,5.025543,0,0,-1,-1,0.000000,0.000000,0.000000,0.000000,0
r-stop-dp-C100_4_v4_d0.25_b5,config1,1,FAILED TO FIND AN INTEGER FEASIBLE SOLUTION,0.000000,3600,18,0,-1,-1,0.000000,0.000000,6.837951,6.837951,144
r-stop-dp-C100_4_v4_d0.25_b5,config1,2,FAILED TO FIND AN INTEGER FEASIBLE SOLUTION,0.000000,3600,16,0,-1,-1,0.000000,0.000000,6.777274,6.777274,133
r-stop-dp-C100_4_v4_d0.25_b5,config1,3,FAILED TO FIND AN INTEGER FEASIBLE SOLUTION,0.000000,3600,25,0,-1,-1,0.000000,0.000000,6.102642,6.102642,119
r-stop-dp-C100_4_v4_d0.25_b5,config3,1,FAILED TO FIND AN INTEGER FEASIBLE SOLUTION,0.000000,3600,1,0,-1,-1,0.000000,0.000000,0.554846,0.554846,7
r-stop-dp-C100_4_v4_d0.25_b5,config3,2,FAILED TO FIND AN INTEGER FEASIBLE SOLUTION,0.000000,3600,1,0,-1,-1,0.000000,0.000000,0.554846,0.554846,7
r-stop-dp-C100_4_v4_d0.25_b5,config3,3,FAILED TO FIND AN INTEGER FEASIBLE SOLUTION,0.000000,3600,1,0,-1,-1,0.000000,0.000000,0.558033,0.558033,9
r-stop-dp-C100_4_v4_d0.25_b5,config20,1,FAILED TO FIND AN INTEGER FEASIBLE SOLUTION,0.000000,3600,25,0,-1,-1,0.000000,0.000000,6.253219,6.253219,122
r-stop-dp-C100_4_v4_d0.25_b5,config20,2,FAILED TO FIND AN INTEGER FEASIBLE SOLUTION,0.000000,3600,21,0,-1,-1,0.000000,0.000000,6.997412,6.997412,127
r-stop-dp-C100_4_v4_d0.25_b5,config20,3,FAILED TO FIND AN INTEGER FEASIBLE SOLUTION,0.000000,3600,25,0,-1,-1,0.000000,0.000000,6.253978,6.253978,86
r-stop-dp-C100_4_v4_d0.25_b5,config16,1,FAILED TO FIND AN INTEGER FEASIBLE SOLUTION,176.341738,3600,296,13,13,0,0.000000,0.000000,0.702972,0.702972,16
r-stop-dp-C100_4_v4_d0.25_b5,config16,2,FAILED TO FIND AN INTEGER FEASIBLE SOLUTION,177.535418,3600,248,13,13,0,0.000000,0.000000,0.438195,0.438195,7
r-stop-dp-C100_4_v4_d0.25_b5,config16,3,FAILED TO FIND AN INTEGER FEASIBLE SOLUTION,177.928459,3600,234,13,13,0,0.000000,0.000000,1.715541,1.715541,30
r-stop-dp-C100_4_v4_d0.25_b5,config17,1,FOUND INTEGER FEASIBLE,11.433559,21.306843,0,11,0,0,0.000000,0.000000,0.000000,0.000000,0
r-stop-dp-C100_4_v4_d0.25_b5,config17,2,FOUND INTEGER FEASIBLE,11.312263,21.042348,0,11,0,0,0.000000,0.000000,0.000000,0.000000,0
r-stop-dp-C100_4_v4_d0.25_b5,config17,3,FOUND INTEGER FEASIBLE,11.410512,21.212520,0,11,0,0,0.000000,0.000000,0.000000,0.000000,0
r-stop-dp-C100_4_v4_d0.25_b5,config21,1,FOUND INTEGER FEASIBLE,479.305347,489.344779,1,12,0,0,0.000000,0.000000,0.000000,0.000000,0
r-stop-dp-C100_4_v4_d0.25_b5,config21,2,FOUND INTEGER FEASIBLE,479.703668,489.796884,1,12,0,0,0.000000,0.000000,0.000000,0.000000,0
r-stop-dp-C100_4_v4_d0.25_b5,config21,3,FOUND INTEGER FEASIBLE,477.972715,487.936254,1,12,0,0,0.000000,0.000000,0.000000,0.000000,0
r-stop-dp-C100_4_v4_d0.25_b5,config23,1,FOUND INTEGER FEASIBLE,480.068938,490.096828,4,12,0,0,0.000000,0.000000,0.000000,0.000000,0
r-stop-dp-C100_4_v4_d0.25_b5,config23,2,FOUND INTEGER FEASIBLE,474.777809,484.793689,4,12,0,0,0.000000,0.000000,0.000000,0.000000,0
r-stop-dp-C100_4_v4_d0.25_b5,config23,3,FOUND INTEGER FEASIBLE,482.947773,492.994011,5,12,0,0,0.000000,0.000000,0.000000,0.000000,0
r-stop-dp-C100_4_v4_d0.25_b5,config19,1,FOUND INTEGER FEASIBLE,0.000000,14.414661,0,0,-1,-1,0.000000,0.000000,0.000000,0.000000,0
r-stop-dp-C100_4_v4_d0.25_b5,config19,2,FOUND INTEGER FEASIBLE,0.000000,13.816894,0,0,-1,-1,0.000000,0.000000,0.000000,0.000000,0
r-stop-dp-C100_4_v4_d0.25_b5,config19,3,FOUND INTEGER FEASIBLE,0.000000,13.750496,0,0,-1,-1,0.000000,0.000000,0.000000,0.000000,0
r-stop-dp-C100_4_v4_d0.25_b5,config18,1,FOUND INTEGER FEASIBLE,0.000000,15.648899,0,0,-1,-1,0.000000,0.000000,0.000000,0.000000,0
r-stop-dp-C100_4_v4_d0.25_b5,config18,2,FOUND INTEGER FEASIBLE,0.000000,15.591703,0,0,-1,-1,0.000000,0.000000,0.000000,0.000000,0
r-stop-dp-C100_4_v4_d0.25_b5,config18,3,FOUND INTEGER FEASIBLE,0.000000,15.439798,0,0,-1,-1,0.000000,0.000000,0.000000,0.000000,0
r-stop-dp-C50_3_v2_d0.25_b1,config1,1,FAILED TO FIND AN INTEGER FEASIBLE SOLUTION,0.000000,3600,6768,0,-1,-1,0.000000,0.000000,1.143356,1.143356,10
r-stop-dp-C50_3_v2_d0.25_b1,config1,2,FAILED TO FIND AN INTEGER FEASIBLE SOLUTION,0.000000,3600,6123,0,-1,-1,0.000000,0.000000,1.113927,1.113927,19
r-stop-dp-C50_3_v2_d0.25_b1,config1,3,FAILED TO FIND AN INTEGER FEASIBLE SOLUTION,0.000000,3600,6211,0,-1,-1,0.000000,0.000000,1.165345,1.165345,15
r-stop-dp-C50_3_v2_d0.25_b1,config3,1,FOUND INTEGER FEASIBLE,0.000000,4.150269,14,0,-1,-1,-44.685410,-52.906890,0.000000,0.000000,0
r-stop-dp-C50_3_v2_d0.25_b1,config3,2,FAILED TO FIND AN INTEGER FEASIBLE SOLUTION,0.000000,3600,6733,0,-1,-1,0.000000,0.000000,0.676767,0.676767,6
r-stop-dp-C50_3_v2_d0.25_b1,config3,3,FOUND INTEGER FEASIBLE,0.000000,1.509703,5,0,-1,-1,0.000000,0.000000,0.000000,0.000000,0
r-stop-dp-C50_3_v2_d0.25_b1,config20,1,FAILED TO FIND AN INTEGER FEASIBLE SOLUTION,0.000000,3600,8552,0,-1,-1,0.000000,0.000000,0.938426,0.938426,16
r-stop-dp-C50_3_v2_d0.25_b1,config20,2,FAILED TO FIND AN INTEGER FEASIBLE SOLUTION,0.000000,3600,8409,0,-1,-1,0.000000,0.000000,1.160588,1.160588,10
r-stop-dp-C50_3_v2_d0.25_b1,config20,3,FAILED TO FIND AN INTEGER FEASIBLE SOLUTION,0.000000,3600,8859,0,-1,-1,0.000000,0.000000,1.004366,1.004366,10
r-stop-dp-C50_3_v2_d0.25_b1,config16,1,FOUND INTEGER FEASIBLE,3.397880,107.512934,367,11,3,0,-100.229020,-112.118380,0.000000,0.000000,0
r-stop-dp-C50_3_v2_d0.25_b1,config16,2,FOUND INTEGER FEASIBLE,3.419180,105.234483,349,11,4,0,-111.785940,-126.391120,0.000000,0.000000,0
r-stop-dp-C50_3_v2_d0.25_b1,config16,3,FOUND INTEGER FEASIBLE,3.407701,66.031414,224,11,2,0,-70.823750,-84.602110,0.000000,0.000000,0
r-stop-dp-C50_3_v2_d0.25_b1,config17,1,FOUND INTEGER FEASIBLE,0.239800,0.759482,0,2,0,0,0.000000,0.000000,0.000000,0.000000,0
r-stop-dp-C50_3_v2_d0.25_b1,config17,2,FOUND INTEGER FEASIBLE,0.239300,0.757477,0,2,0,0,0.000000,0.000000,0.000000,0.000000,0
r-stop-dp-C50_3_v2_d0.25_b1,config17,3,FOUND INTEGER FEASIBLE,0.241078,0.758960,0,2,0,0,0.000000,0.000000,0.000000,0.000000,0
r-stop-dp-C50_3_v2_d0.25_b1,config21,1,FOUND INTEGER FEASIBLE,2.031479,2.546237,0,12,0,0,0.000000,0.000000,0.000000,0.000000,0
r-stop-dp-C50_3_v2_d0.25_b1,config21,2,FOUND INTEGER FEASIBLE,2.212599,2.727297,0,12,0,0,0.000000,0.000000,0.000000,0.000000,0
r-stop-dp-C50_3_v2_d0.25_b1,config21,3,FOUND INTEGER FEASIBLE,2.201717,2.716301,0,12,0,0,0.000000,0.000000,0.000000,0.000000,0
r-stop-dp-C50_3_v2_d0.25_b1,config23,1,FOUND INTEGER FEASIBLE,2.195770,2.725421,5,12,0,0,0.000000,0.000000,0.000000,0.000000,0
r-stop-dp-C50_3_v2_d0.25_b1,config23,2,FOUND INTEGER FEASIBLE,2.194902,2.711975,7,12,0,0,0.000000,0.000000,0.000000,0.000000,0
r-stop-dp-C50_3_v2_d0.25_b1,config23,3,FOUND INTEGER FEASIBLE,2.199644,2.716042,5,12,0,0,0.000000,0.000000,0.000000,0.000000,0
r-stop-dp-C50_3_v2_d0.25_b1,config19,1,FOUND INTEGER FEASIBLE,0.000000,0.555731,0,0,-1,-1,0.000000,0.000000,0.000000,0.000000,0
r-stop-dp-C50_3_v2_d0.25_b1,config19,2,FOUND INTEGER FEASIBLE,0.000000,0.517132,0,0,-1,-1,0.000000,0.000000,0.000000,0.000000,0
r-stop-dp-C50_3_v2_d0.25_b1,config19,3,FOUND INTEGER FEASIBLE,0.000000,0.514676,0,0,-1,-1,0.000000,0.000000,0.000000,0.000000,0
r-stop-dp-C50_3_v2_d0.25_b1,config18,1,FOUND INTEGER FEASIBLE,0.000000,0.981686,0,0,-1,-1,0.000000,0.000000,0.000000,0.000000,0
r-stop-dp-C50_3_v2_d0.25_b1,config18,2,FOUND INTEGER FEASIBLE,0.000000,0.949990,0,0,-1,-1,0.000000,0.000000,0.000000,0.000000,0
r-stop-dp-C50_3_v2_d0.25_b1,config18,3,FOUND INTEGER FEASIBLE,0.000000,0.951213,0,0,-1,-1,0.000000,0.000000,0.000000,0.000000,0
r-stop-dp-C50_3_v2_d0.25_b5,config1,1,FAILED TO FIND AN INTEGER FEASIBLE SOLUTION,0.000000,3600,605,0,-1,-1,0.000000,0.000000,3.422661,3.422661,29
r-stop-dp-C50_3_v2_d0.25_b5,config1,2,FAILED TO FIND AN INTEGER FEASIBLE SOLUTION,0.000000,3600,467,0,-1,-1,0.000000,0.000000,4.432785,4.432785,41
r-stop-dp-C50_3_v2_d0.25_b5,config1,3,FOUND INTEGER FEASIBLE,0.000000,3488.568662,528,0,-1,-1,-91.249180,-122.028130,0.000000,0.000000,0
r-stop-dp-C50_3_v2_d0.25_b5,config3,1,FAILED TO FIND AN INTEGER FEASIBLE SOLUTION,0.000000,3600,244,0,-1,-1,0.000000,0.000000,0.676767,0.676767,6
r-stop-dp-C50_3_v2_d0.25_b5,config3,2,FOUND INTEGER FEASIBLE,0.000000,29.343272,10,0,-1,-1,-21.357350,-31.086600,0.000000,0.000000,0
r-stop-dp-C50_3_v2_d0.25_b5,config3,3,FOUND INTEGER FEASIBLE,0.000000,66.053844,5,0,-1,-1,0.000000,0.000000,0.000000,0.000000,0
r-stop-dp-C50_3_v2_d0.25_b5,config20,1,FAILED TO FIND AN INTEGER FEASIBLE SOLUTION,0.000000,3600,838,0,-1,-1,0.000000,0.000000,0.894418,0.894418,14
r-stop-dp-C50_3_v2_d0.25_b5,config20,2,FAILED TO FIND AN INTEGER FEASIBLE SOLUTION,0.000000,3600,622,0,-1,-1,0.000000,0.000000,0.936799,0.936799,10
r-stop-dp-C50_3_v2_d0.25_b5,config20,3,FAILED TO FIND AN INTEGER FEASIBLE SOLUTION,0.000000,3600,448,0,-1,-1,0.000000,0.000000,3.192329,3.192329,38
r-stop-dp-C50_3_v2_d0.25_b5,config16,1,FOUND INTEGER FEASIBLE,19.073039,475.572933,271,11,3,0,-34.774640,-51.693450,0.000000,0.000000,0
r-stop-dp-C50_3_v2_d0.25_b5,config16,2,FOUND INTEGER FEASIBLE,19.259620,961.327651,376,11,4,0,-39.547690,-47.218700,0.000000,0.000000,0
r-stop-dp-C50_3_v2_d0.25_b5,config16,3,FOUND INTEGER FEASIBLE,19.060069,167.219302,177,11,2,0,-99.604800,-116.360530,0.000000,0.000000,0
r-stop-dp-C50_3_v2_d0.25_b5,config17,1,FOUND INTEGER FEASIBLE,0.912609,2.737467,0,2,0,0,0.000000,0.000000,0.000000,0.000000,0
r-stop-dp-C50_3_v2_d0.25_b5,config17,2,FOUND INTEGER FEASIBLE,0.899363,2.711991,0,2,0,0,0.000000,0.000000,0.000000,0.000000,0
r-stop-dp-C50_3_v2_d0.25_b5,config17,3,FOUND INTEGER FEASIBLE,0.896434,2.714996,0,2,0,0,0.000000,0.000000,0.000000,0.000000,0
r-stop-dp-C50_3_v2_d0.25_b5,config21,1,FOUND INTEGER FEASIBLE,46.176810,601.025696,196,12,3,0,0.000000,0.000000,0.000000,0.000000,0
r-stop-dp-C50_3_v2_d0.25_b5,config21,2,FOUND INTEGER FEASIBLE,46.090743,618.917988,190,12,3,0,-77.769750,-104.190440,0.000000,0.000000,0
r-stop-dp-C50_3_v2_d0.25_b5,config21,3,FOUND INTEGER FEASIBLE,46.198007,179.532363,106,12,1,0,-35.703350,-53.771350,0.000000,0.000000,0
r-stop-dp-C50_3_v2_d0.25_b5,config23,1,FOUND INTEGER FEASIBLE,46.187838,109.501989,97,12,1,0,-20.715350,-38.467480,0.000000,0.000000,0
r-stop-dp-C50_3_v2_d0.25_b5,config23,2,FOUND INTEGER FEASIBLE,46.267174,327.541126,134,12,2,0,0.000000,0.000000,0.000000,0.000000,0
r-stop-dp-C50_3_v2_d0.25_b5,config23,3,FOUND INTEGER FEASIBLE,46.097210,327.354151,137,12,2,0,0.000000,0.000000,0.000000,0.000000,0
r-stop-dp-C50_3_v2_d0.25_b5,config19,1,FOUND INTEGER FEASIBLE,0.000000,2.405794,0,0,-1,-1,0.000000,0.000000,0.000000,0.000000,0
r-stop-dp-C50_3_v2_d0.25_b5,config19,2,FOUND INTEGER FEASIBLE,0.000000,1.984712,0,0,-1,-1,0.000000,0.000000,0.000000,0.000000,0
r-stop-dp-C50_3_v2_d0.25_b5,config19,3,FOUND INTEGER FEASIBLE,0.000000,1.964832,0,0,-1,-1,0.000000,0.000000,0.000000,0.000000,0
r-stop-dp-C50_3_v2_d0.25_b5,config18,1,FOUND INTEGER FEASIBLE,0.000000,2.723804,0,0,-1,-1,0.000000,0.000000,0.000000,0.000000,0
r-stop-dp-C50_3_v2_d0.25_b5,config18,2,FOUND INTEGER FEASIBLE,0.000000,2.834811,0,0,-1,-1,0.000000,0.000000,0.000000,0.000000,0
r-stop-dp-C50_3_v2_d0.25_b5,config18,3,FOUND INTEGER FEASIBLE,0.000000,2.804137,0,0,-1,-1,0.000000,0.000000,0.000000,0.000000,0
r-stop-dp-C50_3_v4_d0.25_b1,config1,1,FAILED TO FIND AN INTEGER FEASIBLE SOLUTION,0.000000,3600,6004,0,-1,-1,0.000000,0.000000,0.119435,0.119435,4
r-stop-dp-C50_3_v4_d0.25_b1,config1,2,FAILED TO FIND AN INTEGER FEASIBLE SOLUTION,0.000000,3600,5626,0,-1,-1,0.000000,0.000000,0.236241,0.236241,6
r-stop-dp-C50_3_v4_d0.25_b1,config1,3,FAILED TO FIND AN INTEGER FEASIBLE SOLUTION,0.000000,3600,4436,0,-1,-1,0.000000,0.000000,0.223665,0.223665,6
r-stop-dp-C50_3_v4_d0.25_b1,config3,1,FOUND INTEGER FEASIBLE,0.000000,4.386160,14,0,-1,-1,-44.685410,-52.906890,0.000000,0.000000,0
r-stop-dp-C50_3_v4_d0.25_b1,config3,2,FOUND INTEGER FEASIBLE,0.000000,8.816822,22,0,-1,-1,-122.409070,-128.672610,0.000000,0.000000,0
r-stop-dp-C50_3_v4_d0.25_b1,config3,3,FOUND INTEGER FEASIBLE,0.000000,1.635770,5,0,-1,-1,0.000000,0.000000,0.000000,0.000000,0
r-stop-dp-C50_3_v4_d0.25_b1,config20,1,FOUND INTEGER FEASIBLE,0.000000,2952.155417,6343,0,-1,-1,-135.148900,-167.539460,0.000000,0.000000,0
r-stop-dp-C50_3_v4_d0.25_b1,config20,2,FAILED TO FIND AN INTEGER FEASIBLE SOLUTION,0.000000,3600,7916,0,-1,-1,0.000000,0.000000,0.147552,0.147552,6
r-stop-dp-C50_3_v4_d0.25_b1,config20,3,FAILED TO FIND AN INTEGER FEASIBLE SOLUTION,0.000000,3600,5942,0,-1,-1,0.000000,0.000000,0.238229,0.238229,7
r-stop-dp-C50_3_v4_d0.25_b1,config16,1,FOUND INTEGER FEASIBLE,2.772032,71.587031,195,12,2,0,-109.195020,-111.304020,0.000000,0.000000,0
r-stop-dp-C50_3_v4_d0.25_b1,config16,2,FOUND INTEGER FEASIBLE,2.778068,67.012212,174,12,2,0,-120.332250,-125.768620,0.000000,0.000000,0
r-stop-dp-C50_3_v4_d0.25_b1,config16,3,FOUND INTEGER FEASIBLE,2.796675,74.377162,171,12,2,0,-61.186800,-87.336840,0.000000,0.000000,0
r-stop-dp-C50_3_v4_d0.25_b1,config17,1,FOUND INTEGER FEASIBLE,0.214255,1.265260,0,2,0,0,0.000000,0.000000,0.000000,0.000000,0
r-stop-dp-C50_3_v4_d0.25_b1,config17,2,FOUND INTEGER FEASIBLE,0.214636,1.268888,0,2,0,0,0.000000,0.000000,0.000000,0.000000,0
r-stop-dp-C50_3_v4_d0.25_b1,config17,3,FOUND INTEGER FEASIBLE,0.214305,1.264908,0,2,0,0,0.000000,0.000000,0.000000,0.000000,0
r-stop-dp-C50_3_v4_d0.25_b1,config21,1,FOUND INTEGER FEASIBLE,2.414746,2.931168,0,12,0,0,0.000000,0.000000,0.000000,0.000000,0
r-stop-dp-C50_3_v4_d0.25_b1,config21,2,FOUND INTEGER FEASIBLE,2.486135,2.998900,0,12,0,0,0.000000,0.000000,0.000000,0.000000,0
r-stop-dp-C50_3_v4_d0.25_b1,config21,3,FOUND INTEGER FEASIBLE,2.488105,3.004884,0,12,0,0,0.000000,0.000000,0.000000,0.000000,0
r-stop-dp-C50_3_v4_d0.25_b1,config23,1,FOUND INTEGER FEASIBLE,2.483242,3.001385,5,12,0,0,0.000000,0.000000,0.000000,0.000000,0
r-stop-dp-C50_3_v4_d0.25_b1,config23,2,FOUND INTEGER FEASIBLE,2.493317,3.011824,7,12,0,0,0.000000,0.000000,0.000000,0.000000,0
r-stop-dp-C50_3_v4_d0.25_b1,config23,3,FOUND INTEGER FEASIBLE,2.486937,3.004119,5,12,0,0,0.000000,0.000000,0.000000,0.000000,0
r-stop-dp-C50_3_v4_d0.25_b1,config19,1,FOUND INTEGER FEASIBLE,0.000000,0.785483,0,0,-1,-1,-19.503840,-19.503840,0.000000,0.000000,0
r-stop-dp-C50_3_v4_d0.25_b1,config19,2,FOUND INTEGER FEASIBLE,0.000000,0.737505,0,0,-1,-1,-19.503840,-19.503840,0.000000,0.000000,0
r-stop-dp-C50_3_v4_d0.25_b1,config19,3,FOUND INTEGER FEASIBLE,0.000000,0.736653,0,0,-1,-1,-19.503840,-19.503840,0.000000,0.000000,0
r-stop-dp-C50_3_v4_d0.25_b1,config18,1,FOUND INTEGER FEASIBLE,0.000000,0.978991,0,0,-1,-1,-19.503840,-19.503840,0.000000,0.000000,0
r-stop-dp-C50_3_v4_d0.25_b1,config18,2,FOUND INTEGER FEASIBLE,0.000000,0.950906,0,0,-1,-1,-19.503840,-19.503840,0.000000,0.000000,0
r-stop-dp-C50_3_v4_d0.25_b1,config18,3,FOUND INTEGER FEASIBLE,0.000000,0.948804,0,0,-1,-1,-19.503840,-19.503840,0.000000,0.000000,0
r-stop-dp-C50_3_v4_d0.25_b5,config1,1,FAILED TO FIND AN INTEGER FEASIBLE SOLUTION,0.000000,3600,536,0,-1,-1,0.000000,0.000000,0.667377,0.667377,6
r-stop-dp-C50_3_v4_d0.25_b5,config1,2,FAILED TO FIND AN INTEGER FEASIBLE SOLUTION,0.000000,3600,471,0,-1,-1,0.000000,0.000000,1.288485,1.288485,16
r-stop-dp-C50_3_v4_d0.25_b5,config1,3,FAILED TO FIND AN INTEGER FEASIBLE SOLUTION,0.000000,3600,612,0,-1,-1,0.000000,0.000000,1.345989,1.345989,12
r-stop-dp-C50_3_v4_d0.25_b5,config3,1,FOUND INTEGER FEASIBLE,0.000000,766.979689,115,0,-1,-1,-145.146940,-167.257850,0.000000,0.000000,0
r-stop-dp-C50_3_v4_d0.25_b5,config3,2,FOUND INTEGER FEASIBLE,0.000000,29.144015,10,0,-1,-1,-21.357350,-31.086600,0.000000,0.000000,0
r-stop-dp-C50_3_v4_d0.25_b5,config3,3,FOUND INTEGER FEASIBLE,0.000000,71.296720,5,0,-1,-1,0.000000,0.000000,0.000000,0.000000,0
r-stop-dp-C50_3_v4_d0.25_b5,config20,1,FAILED TO FIND AN INTEGER FEASIBLE SOLUTION,0.000000,3600,607,0,-1,-1,0.000000,0.000000,0.834980,0.834980,7
r-stop-dp-C50_3_v4_d0.25_b5,config20,2,FOUND INTEGER FEASIBLE,0.000000,1424.718614,361,0,-1,-1,-118.526350,-141.666310,0.000000,0.000000,0
r-stop-dp-C50_3_v4_d0.25_b5,config20,3,FOUND INTEGER FEASIBLE,0.000000,1979.903183,547,0,-1,-1,-182.738300,-209.104560,0.000000,0.000000,0
r-stop-dp-C50_3_v4_d0.25_b5,config16,1,FOUND INTEGER FEASIBLE,14.028536,123.295132,191,12,2,0,-62.777660,-78.016170,0.000000,0.000000,0
r-stop-dp-C50_3_v4_d0.25_b5,config16,2,FOUND INTEGER FEASIBLE,14.273096,127.546840,173,12,2,0,-62.777660,-78.016170,0.000000,0.000000,0
r-stop-dp-C50_3_v4_d0.25_b5,config16,3,FOUND INTEGER FEASIBLE,14.143094,147.118347,175,12,2,0,-52.570270,-73.931650,0.000000,0.000000,0
r-stop-dp-C50_3_v4_d0.25_b5,config17,1,FOUND INTEGER FEASIBLE,0.816453,3.708244,0,2,0,0,0.000000,0.000000,0.000000,0.000000,0
r-stop-dp-C50_3_v4_d0.25_b5,config17,2,FOUND INTEGER FEASIBLE,0.816124,3.696736,0,2,0,0,0.000000,0.000000,0.000000,0.000000,0
r-stop-dp-C50_3_v4_d0.25_b5,config17,3,FOUND INTEGER FEASIBLE,0.812179,3.704225,0,2,0,0,0.000000,0.000000,0.000000,0.000000,0
r-stop-dp-C50_3_v4_d0.25_b5,config21,1,FOUND INTEGER FEASIBLE,17.713075,19.561100,0,12,0,0,0.000000,0.000000,0.000000,0.000000,0
r-stop-dp-C50_3_v4_d0.25_b5,config21,2,FOUND INTEGER FEASIBLE,17.791916,19.649788,0,12,0,0,0.000000,0.000000,0.000000,0.000000,0
r-stop-dp-C50_3_v4_d0.25_b5,config21,3,FOUND INTEGER FEASIBLE,17.718430,19.571263,0,12,0,0,0.000000,0.000000,0.000000,0.000000,0
r-stop-dp-C50_3_v4_d0.25_b5,config23,1,FOUND INTEGER FEASIBLE,17.598503,18.659620,5,12,0,0,0.000000,0.000000,0.000000,0.000000,0
r-stop-dp-C50_3_v4_d0.25_b5,config23,2,FOUND INTEGER FEASIBLE,17.883525,19.741336,5,12,0,0,0.000000,0.000000,0.000000,0.000000,0
r-stop-dp-C50_3_v4_d0.25_b5,config23,3,FOUND INTEGER FEASIBLE,17.666534,19.516806,5,12,0,0,0.000000,0.000000,0.000000,0.000000,0
r-stop-dp-C50_3_v4_d0.25_b5,config19,1,FOUND INTEGER FEASIBLE,0.000000,2.383407,0,0,-1,-1,-19.503840,-19.503840,0.000000,0.000000,0
r-stop-dp-C50_3_v4_d0.25_b5,config19,2,FOUND INTEGER FEASIBLE,0.000000,2.429100,0,0,-1,-1,-19.503840,-19.503840,0.000000,0.000000,0
r-stop-dp-C50_3_v4_d0.25_b5,config19,3,FOUND INTEGER FEASIBLE,0.000000,2.454006,0,0,-1,-1,-19.503840,-19.503840,0.000000,0.000000,0
r-stop-dp-C50_3_v4_d0.25_b5,config18,1,FOUND INTEGER FEASIBLE,0.000000,2.698453,0,0,-1,-1,-19.503840,-19.503840,0.000000,0.000000,0
r-stop-dp-C50_3_v4_d0.25_b5,config18,2,FOUND INTEGER FEASIBLE,0.000000,2.700865,0,0,-1,-1,-19.503840,-19.503840,0.000000,0.000000,0
r-stop-dp-C50_3_v4_d0.25_b5,config18,3,FOUND INTEGER FEASIBLE,0.000000,2.683181,0,0,-1,-1,-19.503840,-19.503840,0.000000,0.000000,0
r-stop-dp-C50_4_v2_d0.25_b1,config1,1,FAILED TO FIND AN INTEGER FEASIBLE SOLUTION,0.000000,3600,5470,0,-1,-1,0.000000,0.000000,0.479405,0.479405,12
r-stop-dp-C50_4_v2_d0.25_b1,config1,2,FAILED TO FIND AN INTEGER FEASIBLE SOLUTION,0.000000,3600,5087,0,-1,-1,0.000000,0.000000,0.618098,0.618098,12
r-stop-dp-C50_4_v2_d0.25_b1,config1,3,FAILED TO FIND AN INTEGER FEASIBLE SOLUTION,0.000000,3600,4944,0,-1,-1,0.000000,0.000000,0.448150,0.448150,8
r-stop-dp-C50_4_v2_d0.25_b1,config3,1,FOUND INTEGER FEASIBLE,0.000000,3.323893,9,0,-1,-1,-30.703540,-30.703540,0.000000,0.000000,0
r-stop-dp-C50_4_v2_d0.25_b1,config3,2,FOUND INTEGER FEASIBLE,0.000000,3.080537,10,0,-1,-1,-21.357350,-31.454100,0.000000,0.000000,0
r-stop-dp-C50_4_v2_d0.25_b1,config3,3,FOUND INTEGER FEASIBLE,0.000000,1.711320,5,0,-1,-1,0.000000,0.000000,0.000000,0.000000,0
r-stop-dp-C50_4_v2_d0.25_b1,config20,1,FAILED TO FIND AN INTEGER FEASIBLE SOLUTION,0.000000,3600,7262,0,-1,-1,0.000000,0.000000,0.683020,0.683020,14
r-stop-dp-C50_4_v2_d0.25_b1,config20,2,FAILED TO FIND AN INTEGER FEASIBLE SOLUTION,0.000000,3600,6384,0,-1,-1,0.000000,0.000000,0.386038,0.386038,8
r-stop-dp-C50_4_v2_d0.25_b1,config20,3,FAILED TO FIND AN INTEGER FEASIBLE SOLUTION,0.000000,3600,7152,0,-1,-1,0.000000,0.000000,0.488847,0.488847,12
r-stop-dp-C50_4_v2_d0.25_b1,config16,1,FOUND INTEGER FEASIBLE,2.766532,85.533335,244,13,2,0,-57.669120,-95.478830,0.000000,0.000000,0
r-stop-dp-C50_4_v2_d0.25_b1,config16,2,FOUND INTEGER FEASIBLE,2.765789,174.067224,397,13,4,0,-93.739880,-136.504310,0.000000,0.000000,0
r-stop-dp-C50_4_v2_d0.25_b1,config16,3,FOUND INTEGER FEASIBLE,2.782374,249.208795,645,13,7,0,-22.225220,-35.292980,0.000000,0.000000,0
r-stop-dp-C50_4_v2_d0.25_b1,config17,1,FOUND INTEGER FEASIBLE,0.364340,0.881130,0,2,0,0,0.000000,0.000000,0.000000,0.000000,0
r-stop-dp-C50_4_v2_d0.25_b1,config17,2,FOUND INTEGER FEASIBLE,0.367423,0.886474,0,2,0,0,0.000000,0.000000,0.000000,0.000000,0
r-stop-dp-C50_4_v2_d0.25_b1,config17,3,FOUND INTEGER FEASIBLE,0.363737,0.878585,0,2,0,0,0.000000,0.000000,0.000000,0.000000,0
r-stop-dp-C50_4_v2_d0.25_b1,config21,1,FOUND INTEGER FEASIBLE,2.205666,2.722330,2,12,0,0,0.000000,0.000000,0.000000,0.000000,0
r-stop-dp-C50_4_v2_d0.25_b1,config21,2,FOUND INTEGER FEASIBLE,2.342367,2.858081,1,12,0,0,0.000000,0.000000,0.000000,0.000000,0
r-stop-dp-C50_4_v2_d0.25_b1,config21,3,FOUND INTEGER FEASIBLE,2.350696,2.869276,2,12,0,0,0.000000,0.000000,0.000000,0.000000,0
r-stop-dp-C50_4_v2_d0.25_b1,config23,1,FOUND INTEGER FEASIBLE,2.337287,2.851806,0,12,0,0,0.000000,0.000000,0.000000,0.000000,0
r-stop-dp-C50_4_v2_d0.25_b1,config23,2,FOUND INTEGER FEASIBLE,2.352788,2.867612,0,12,0,0,0.000000,0.000000,0.000000,0.000000,0
r-stop-dp-C50_4_v2_d0.25_b1,config23,3,FOUND INTEGER FEASIBLE,2.343338,2.858067,0,12,0,0,0.000000,0.000000,0.000000,0.000000,0
r-stop-dp-C50_4_v2_d0.25_b1,config19,1,FOUND INTEGER FEASIBLE,0.000000,0.624949,0,0,-1,-1,0.000000,0.000000,0.000000,0.000000,0
r-stop-dp-C50_4_v2_d0.25_b1,config19,2,FOUND INTEGER FEASIBLE,0.000000,0.749219,0,0,-1,-1,0.000000,0.000000,0.000000,0.000000,0
r-stop-dp-C50_4_v2_d0.25_b1,config19,3,FOUND INTEGER FEASIBLE,0.000000,0.738164,0,0,-1,-1,0.000000,0.000000,0.000000,0.000000,0
r-stop-dp-C50_4_v2_d0.25_b1,config18,1,FOUND INTEGER FEASIBLE,0.000000,0.977473,0,0,-1,-1,0.000000,0.000000,0.000000,0.000000,0
r-stop-dp-C50_4_v2_d0.25_b1,config18,2,FOUND INTEGER FEASIBLE,0.000000,0.948030,0,0,-1,-1,0.000000,0.000000,0.000000,0.000000,0
r-stop-dp-C50_4_v2_d0.25_b1,config18,3,FOUND INTEGER FEASIBLE,0.000000,0.948847,0,0,-1,-1,0.000000,0.000000,0.000000,0.000000,0
r-stop-dp-C50_4_v2_d0.25_b5,config1,1,FAILED TO FIND AN INTEGER FEASIBLE SOLUTION,0.000000,3600,459,0,-1,-1,0.000000,0.000000,0.995539,0.995539,20
r-stop-dp-C50_4_v2_d0.25_b5,config1,2,FAILED TO FIND AN INTEGER FEASIBLE SOLUTION,0.000000,3600,279,0,-1,-1,0.000000,0.000000,2.401574,2.401574,38
r-stop-dp-C50_4_v2_d0.25_b5,config1,3,FAILED TO FIND AN INTEGER FEASIBLE SOLUTION,0.000000,3600,324,0,-1,-1,0.000000,0.000000,1.915124,1.915124,22
r-stop-dp-C50_4_v2_d0.25_b5,config3,1,FAILED TO FIND AN INTEGER FEASIBLE SOLUTION,0.000000,3600,85,0,-1,-1,0.000000,0.000000,0.319242,0.319242,6
r-stop-dp-C50_4_v2_d0.25_b5,config3,2,FOUND INTEGER FEASIBLE,0.000000,118.216590,10,0,-1,-1,-21.357350,-31.086600,0.000000,0.000000,0
r-stop-dp-C50_4_v2_d0.25_b5,config3,3,FOUND INTEGER FEASIBLE,0.000000,67.458139,5,0,-1,-1,0.000000,0.000000,0.000000,0.000000,0
r-stop-dp-C50_4_v2_d0.25_b5,config20,1,FAILED TO FIND AN INTEGER FEASIBLE SOLUTION,0.000000,3600,452,0,-1,-1,0.000000,0.000000,1.657870,1.657870,37
r-stop-dp-C50_4_v2_d0.25_b5,config20,2,FAILED TO FIND AN INTEGER FEASIBLE SOLUTION,0.000000,3600,419,0,-1,-1,0.000000,0.000000,1.050619,1.050619,29
r-stop-dp-C50_4_v2_d0.25_b5,config20,3,FAILED TO FIND AN INTEGER FEASIBLE SOLUTION,0.000000,3600,568,0,-1,-1,0.000000,0.000000,1.507342,1.507342,25
r-stop-dp-C50_4_v2_d0.25_b5,config16,1,FOUND INTEGER FEASIBLE,5.722688,16.553750,112,13,1,1,-35.781940,-79.754530,0.000000,0.000000,0
r-stop-dp-C50_4_v2_d0.25_b5,config16,2,FOUND INTEGER FEASIBLE,5.720371,17.866643,134,13,1,1,-40.043570,-74.222790,0.000000,0.035619,0
r-stop-dp-C50_4_v2_d0.25_b5,config16,3,FOUND INTEGER FEASIBLE,5.592739,169.642033,128,13,2,1,-29.937500,-85.932030,0.000000,0.000000,0
r-stop-dp-C50_4_v2_d0.25_b5,config17,1,FOUND INTEGER FEASIBLE,1.196349,3.013655,0,2,0,0,0.000000,0.000000,0.000000,0.000000,0
r-stop-dp-C50_4_v2_d0.25_b5,config17,2,FOUND INTEGER FEASIBLE,1.183711,2.991055,0,2,0,0,0.000000,0.000000,0.000000,0.000000,0
r-stop-dp-C50_4_v2_d0.25_b5,config17,3,FOUND INTEGER FEASIBLE,1.183219,2.997179,0,2,0,0,0.000000,0.000000,0.000000,0.000000,0
r-stop-dp-C50_4_v2_d0.25_b5,config21,1,FOUND INTEGER FEASIBLE,96.667875,98.510926,0,11,0,0,0.000000,0.000000,0.000000,0.000000,0
r-stop-dp-C50_4_v2_d0.25_b5,config21,2,FOUND INTEGER FEASIBLE,96.998829,98.843025,0,11,0,0,0.000000,0.000000,0.000000,0.000000,0
r-stop-dp-C50_4_v2_d0.25_b5,config21,3,FOUND INTEGER FEASIBLE,96.174521,98.017369,0,11,0,0,0.000000,0.000000,0.000000,0.000000,0
r-stop-dp-C50_4_v2_d0.25_b5,config23,1,FOUND INTEGER FEASIBLE,97.407583,99.255290,5,11,0,0,0.000000,0.000000,0.000000,0.000000,0
r-stop-dp-C50_4_v2_d0.25_b5,config23,2,FOUND INTEGER FEASIBLE,96.460034,98.304869,5,11,0,0,0.000000,0.000000,0.000000,0.000000,0
r-stop-dp-C50_4_v2_d0.25_b5,config23,3,FOUND INTEGER FEASIBLE,97.451371,99.300636,5,11,0,0,0.000000,0.000000,0.000000,0.000000,0
r-stop-dp-C50_4_v2_d0.25_b5,config19,1,FOUND INTEGER FEASIBLE,0.000000,2.287640,0,0,-1,-1,0.000000,0.000000,0.000000,0.000000,0
r-stop-dp-C50_4_v2_d0.25_b5,config19,2,FOUND INTEGER FEASIBLE,0.000000,2.306418,0,0,-1,-1,0.000000,0.000000,0.000000,0.000000,0
r-stop-dp-C50_4_v2_d0.25_b5,config19,3,FOUND INTEGER FEASIBLE,0.000000,2.355449,0,0,-1,-1,0.000000,0.000000,0.000000,0.000000,0
r-stop-dp-C50_4_v2_d0.25_b5,config18,1,FOUND INTEGER FEASIBLE,0.000000,2.727990,0,0,-1,-1,0.000000,0.000000,0.000000,0.000000,0
r-stop-dp-C50_4_v2_d0.25_b5,config18,2,FOUND INTEGER FEASIBLE,0.000000,2.822497,0,0,-1,-1,0.000000,0.000000,0.000000,0.000000,0
r-stop-dp-C50_4_v2_d0.25_b5,config18,3,FOUND INTEGER FEASIBLE,0.000000,2.831967,0,0,-1,-1,0.000000,0.000000,0.000000,0.000000,0
r-stop-dp-C50_4_v4_d0.25_b1,config1,1,FOUND INTEGER FEASIBLE,0.000000,850.249953,1124,0,-1,-1,-132.799860,-232.352920,0.000000,0.000000,0
r-stop-dp-C50_4_v4_d0.25_b1,config1,2,FAILED TO FIND AN INTEGER FEASIBLE SOLUTION,0.000000,3600,4229,0,-1,-1,0.000000,0.000000,0.155917,0.155917,6
r-stop-dp-C50_4_v4_d0.25_b1,config1,3,FAILED TO FIND AN INTEGER FEASIBLE SOLUTION,0.000000,3600,4122,0,-1,-1,0.000000,0.000000,0.155297,0.155297,6
r-stop-dp-C50_4_v4_d0.25_b1,config3,1,FOUND INTEGER FEASIBLE,0.000000,3.317763,9,0,-1,-1,-30.703540,-30.703540,0.000000,0.000000,0
r-stop-dp-C50_4_v4_d0.25_b1,config3,2,FOUND INTEGER FEASIBLE,0.000000,3.059769,10,0,-1,-1,-21.357350,-31.454100,0.000000,0.000000,0
r-stop-dp-C50_4_v4_d0.25_b1,config3,3,FOUND INTEGER FEASIBLE,0.000000,1.701348,5,0,-1,-1,0.000000,0.000000,0.000000,0.000000,0
r-stop-dp-C50_4_v4_d0.25_b1,config20,1,FAILED TO FIND AN INTEGER FEASIBLE SOLUTION,0.000000,3600,6163,0,-1,-1,0.000000,0.000000,0.145339,0.145339,6
r-stop-dp-C50_4_v4_d0.25_b1,config20,2,FAILED TO FIND AN INTEGER FEASIBLE SOLUTION,0.000000,3600,6094,0,-1,-1,0.000000,0.000000,0.273934,0.273934,12
r-stop-dp-C50_4_v4_d0.25_b1,config20,3,FAILED TO FIND AN INTEGER FEASIBLE SOLUTION,0.000000,3600,5944,0,-1,-1,0.000000,0.000000,0.192213,0.192213,6
r-stop-dp-C50_4_v4_d0.25_b1,config16,1,FAILED TO FIND AN INTEGER FEASIBLE SOLUTION,2.066353,3600,6089,11,11,1,0.000000,0.000000,0.066328,0.066328,6
r-stop-dp-C50_4_v4_d0.25_b1,config16,2,FAILED TO FIND AN INTEGER FEASIBLE SOLUTION,2.072247,3600,6157,11,11,1,0.000000,0.000000,0.074361,0.074361,6
r-stop-dp-C50_4_v4_d0.25_b1,config16,3,FAILED TO FIND AN INTEGER FEASIBLE SOLUTION,1.329636,3600,6118,11,11,1,0.000000,0.000000,0.042722,0.042722,6
r-stop-dp-C50_4_v4_d0.25_b1,config17,1,FOUND INTEGER FEASIBLE,0.213060,1.273995,0,2,0,0,0.000000,0.000000,0.000000,0.000000,0
r-stop-dp-C50_4_v4_d0.25_b1,config17,2,FOUND INTEGER FEASIBLE,0.212964,1.266409,0,2,0,0,0.000000,0.000000,0.000000,0.000000,0
r-stop-dp-C50_4_v4_d0.25_b1,config17,3,FOUND INTEGER FEASIBLE,0.212412,1.260039,0,2,0,0,0.000000,0.000000,0.000000,0.000000,0
r-stop-dp-C50_4_v4_d0.25_b1,config21,1,FOUND INTEGER FEASIBLE,2.842116,3.357640,0,12,0,0,0.000000,0.000000,0.000000,0.000000,0
r-stop-dp-C50_4_v4_d0.25_b1,config21,2,FOUND INTEGER FEASIBLE,2.817602,3.335023,0,12,0,0,0.000000,0.000000,0.000000,0.000000,0
r-stop-dp-C50_4_v4_d0.25_b1,config21,3,FOUND INTEGER FEASIBLE,2.822575,3.336196,0,12,0,0,0.000000,0.000000,0.000000,0.000000,0
r-stop-dp-C50_4_v4_d0.25_b1,config23,1,FOUND INTEGER FEASIBLE,2.807887,3.324811,1,12,0,0,0.000000,0.000000,0.000000,0.000000,0
r-stop-dp-C50_4_v4_d0.25_b1,config23,2,FOUND INTEGER FEASIBLE,3.655167,4.196912,2,12,0,0,0.000000,0.000000,0.000000,0.000000,0
r-stop-dp-C50_4_v4_d0.25_b1,config23,3,FOUND INTEGER FEASIBLE,2.825247,3.346543,1,12,0,0,0.000000,0.000000,0.000000,0.000000,0
r-stop-dp-C50_4_v4_d0.25_b1,config19,1,FOUND INTEGER FEASIBLE,0.000000,0.548022,0,0,-1,-1,-19.503840,-19.503840,0.000000,0.000000,0
r-stop-dp-C50_4_v4_d0.25_b1,config19,2,FOUND INTEGER FEASIBLE,0.000000,0.741895,0,0,-1,-1,-19.503840,-19.503840,0.000000,0.000000,0
r-stop-dp-C50_4_v4_d0.25_b1,config19,3,FOUND INTEGER FEASIBLE,0.000000,0.512588,0,0,-1,-1,-19.503840,-19.503840,0.000000,0.000000,0
r-stop-dp-C50_4_v4_d0.25_b1,config18,1,FOUND INTEGER FEASIBLE,0.000000,0.964711,0,0,-1,-1,-19.503840,-19.503840,0.000000,0.000000,0
r-stop-dp-C50_4_v4_d0.25_b1,config18,2,FOUND INTEGER FEASIBLE,0.000000,0.952246,0,0,-1,-1,-19.503840,-19.503840,0.000000,0.000000,0
r-stop-dp-C50_4_v4_d0.25_b1,config18,3,FOUND INTEGER FEASIBLE,0.000000,0.945682,0,0,-1,-1,-19.503840,-19.503840,0.000000,0.000000,0
r-stop-dp-C50_4_v4_d0.25_b5,config1,1,FAILED TO FIND AN INTEGER FEASIBLE SOLUTION,0.000000,3600,304,0,-1,-1,0.000000,0.000000,0.692185,0.692185,15
r-stop-dp-C50_4_v4_d0.25_b5,config1,2,FAILED TO FIND AN INTEGER FEASIBLE SOLUTION,0.000000,3600,362,0,-1,-1,0.000000,0.000000,1.161547,1.161547,32
r-stop-dp-C50_4_v4_d0.25_b5,config1,3,FAILED TO FIND AN INTEGER FEASIBLE SOLUTION,0.000000,3600,361,0,-1,-1,0.000000,0.000000,0.642174,0.642174,13
r-stop-dp-C50_4_v4_d0.25_b5,config3,1,FOUND INTEGER FEASIBLE,0.000000,363.109484,38,0,-1,-1,-87.095260,-153.127310,0.000000,0.000000,0
r-stop-dp-C50_4_v4_d0.25_b5,config3,2,FOUND INTEGER FEASIBLE,0.000000,106.589522,10,0,-1,-1,-21.357350,-31.086600,0.000000,0.000000,0
r-stop-dp-C50_4_v4_d0.25_b5,config3,3,FOUND INTEGER FEASIBLE,0.000000,67.006635,5,0,-1,-1,0.000000,0.000000,0.000000,0.000000,0
r-stop-dp-C50_4_v4_d0.25_b5,config20,1,FAILED TO FIND AN INTEGER FEASIBLE SOLUTION,0.000000,3600,671,0,-1,-1,0.000000,0.000000,0.258941,0.258941,6
r-stop-dp-C50_4_v4_d0.25_b5,config20,2,FAILED TO FIND AN INTEGER FEASIBLE SOLUTION,0.000000,3600,684,0,-1,-1,0.000000,0.000000,0.209391,0.209391,6
r-stop-dp-C50_4_v4_d0.25_b5,config20,3,FOUND INTEGER FEASIBLE,0.000000,2712.162999,537,0,-1,-1,-175.563440,-245.892420,0.000000,0.000000,0
r-stop-dp-C50_4_v4_d0.25_b5,config16,1,FOUND INTEGER FEASIBLE,12.262330,151.405263,230,11,2,0,-81.117240,-124.949190,0.000000,0.000000,0
r-stop-dp-C50_4_v4_d0.25_b5,config16,2,FOUND INTEGER FEASIBLE,12.273078,475.487463,244,11,3,0,-87.770810,-132.443420,0.000000,0.000000,0
r-stop-dp-C50_4_v4_d0.25_b5,config16,3,FOUND INTEGER FEASIBLE,12.318873,106.103252,181,11,2,0,-72.174530,-100.291140,0.000000,0.000000,0
r-stop-dp-C50_4_v4_d0.25_b5,config17,1,FOUND INTEGER FEASIBLE,0.943099,3.872738,0,2,0,0,0.000000,0.000000,0.000000,0.000000,0
r-stop-dp-C50_4_v4_d0.25_b5,config17,2,FOUND INTEGER FEASIBLE,0.942368,3.860179,0,2,0,0,0.000000,0.000000,0.000000,0.000000,0
r-stop-dp-C50_4_v4_d0.25_b5,config17,3,FOUND INTEGER FEASIBLE,0.945149,3.846410,0,2,0,0,0.000000,0.000000,0.000000,0.000000,0
r-stop-dp-C50_4_v4_d0.25_b5,config21,1,FOUND INTEGER FEASIBLE,33.638076,35.513934,0,12,0,0,0.000000,0.000000,0.000000,0.000000,0
r-stop-dp-C50_4_v4_d0.25_b5,config21,2,FOUND INTEGER FEASIBLE,33.155398,35.028228,0,12,0,0,0.000000,0.000000,0.000000,0.000000,0
r-stop-dp-C50_4_v4_d0.25_b5,config21,3,FOUND INTEGER FEASIBLE,33.274752,35.158983,0,12,0,0,0.000000,0.000000,0.000000,0.000000,0
r-stop-dp-C50_4_v4_d0.25_b5,config23,1,FOUND INTEGER FEASIBLE,32.972553,34.850439,5,12,0,0,0.000000,0.000000,0.000000,0.000000,0
r-stop-dp-C50_4_v4_d0.25_b5,config23,2,FOUND INTEGER FEASIBLE,33.685335,35.575577,7,12,0,0,0.000000,0.000000,0.000000,0.000000,0
r-stop-dp-C50_4_v4_d0.25_b5,config23,3,FOUND INTEGER FEASIBLE,33.252940,35.137732,5,12,0,0,0.000000,0.000000,0.000000,0.000000,0
r-stop-dp-C50_4_v4_d0.25_b5,config19,1,FOUND INTEGER FEASIBLE,0.000000,2.397450,0,0,-1,-1,-19.503840,-19.503840,0.000000,0.000000,0
r-stop-dp-C50_4_v4_d0.25_b5,config19,2,FOUND INTEGER FEASIBLE,0.000000,2.399378,0,0,-1,-1,-19.503840,-19.503840,0.000000,0.000000,0
r-stop-dp-C50_4_v4_d0.25_b5,config19,3,FOUND INTEGER FEASIBLE,0.000000,1.588544,0,0,-1,-1,-19.503840,-19.503840,0.000000,0.000000,0
r-stop-dp-C50_4_v4_d0.25_b5,config18,1,FOUND INTEGER FEASIBLE,0.000000,1.944492,0,0,-1,-1,-19.503840,-19.503840,0.000000,0.000000,0
r-stop-dp-C50_4_v4_d0.25_b5,config18,2,FOUND INTEGER FEASIBLE,0.000000,2.823619,0,0,-1,-1,-19.503840,-19.503840,0.000000,0.000000,0
r-stop-dp-C50_4_v4_d0.25_b5,config18,3,FOUND INTEGER FEASIBLE,0.000000,2.842416,0,0,-1,-1,-19.503840,-19.503840,0.000000,0.000000,0
r-stop-dp-R100_3_v2_d0.25_b1,config1,1,FAILED TO FIND AN INTEGER FEASIBLE SOLUTION,0.000000,3600,205,0,-1,-1,0.000000,0.000000,16.898306,16.898306,129
r-stop-dp-R100_3_v2_d0.25_b1,config1,2,FAILED TO FIND AN INTEGER FEASIBLE SOLUTION,0.000000,3600,192,0,-1,-1,0.000000,0.000000,16.833137,17.162933,135
r-stop-dp-R100_3_v2_d0.25_b1,config1,3,FAILED TO FIND AN INTEGER FEASIBLE SOLUTION,0.000000,3600,155,0,-1,-1,0.000000,0.000000,17.773660,17.773660,130
r-stop-dp-R100_3_v2_d0.25_b1,config3,1,FOUND INTEGER FEASIBLE,0.000000,239.337625,5,0,-1,-1,0.000000,0.000000,0.000000,0.000000,0
r-stop-dp-R100_3_v2_d0.25_b1,config3,2,FOUND INTEGER FEASIBLE,0.000000,235.568272,5,0,-1,-1,0.000000,0.000000,0.000000,0.000000,0
r-stop-dp-R100_3_v2_d0.25_b1,config3,3,FOUND INTEGER FEASIBLE,0.000000,8.100862,3,0,-1,-1,0.000000,0.000000,0.000000,0.000000,0
r-stop-dp-R100_3_v2_d0.25_b1,config20,1,FAILED TO FIND AN INTEGER FEASIBLE SOLUTION,0.000000,3600,371,0,-1,-1,0.000000,0.000000,14.603934,14.603934,118
r-stop-dp-R100_3_v2_d0.25_b1,config20,2,FAILED TO FIND AN INTEGER FEASIBLE SOLUTION,0.000000,3600,362,0,-1,-1,0.000000,0.000000,12.879139,12.879139,108
r-stop-dp-R100_3_v2_d0.25_b1,config20,3,FAILED TO FIND AN INTEGER FEASIBLE SOLUTION,0.000000,3600,348,0,-1,-1,0.000000,0.000000,14.971632,15.343592,112
r-stop-dp-R100_3_v2_d0.25_b1,config16,1,FAILED TO FIND AN INTEGER FEASIBLE SOLUTION,17.443698,3600,602,13,13,0,0.000000,0.000000,1.139198,1.139198,11
r-stop-dp-R100_3_v2_d0.25_b1,config16,2,FOUND INTEGER FEASIBLE,17.209979,68.621027,209,13,2,0,-60.506120,-69.135820,0.000000,0.000000,0
r-stop-dp-R100_3_v2_d0.25_b1,config16,3,FOUND INTEGER FEASIBLE,17.442290,630.684240,288,13,4,0,-54.113460,-56.563620,0.000000,0.000000,0
r-stop-dp-R100_3_v2_d0.25_b1,config17,1,FOUND INTEGER FEASIBLE,1.489345,5.058149,2,8,0,0,0.000000,0.000000,0.000000,0.000000,0
r-stop-dp-R100_3_v2_d0.25_b1,config17,2,FOUND INTEGER FEASIBLE,1.504117,5.101804,2,8,0,0,0.000000,0.000000,0.000000,0.000000,0
r-stop-dp-R100_3_v2_d0.25_b1,config17,3,FOUND INTEGER FEASIBLE,1.488333,5.050961,1,8,0,0,0.000000,0.000000,0.000000,0.000000,0
r-stop-dp-R100_3_v2_d0.25_b1,config21,1,FOUND INTEGER FEASIBLE,6.080070,8.823174,0,13,1,1,-1.317530,-1.317530,0.000000,0.000000,0
r-stop-dp-R100_3_v2_d0.25_b1,config21,2,FOUND INTEGER FEASIBLE,6.133734,9.860993,0,13,1,1,-1.317530,-1.317530,0.000000,0.000000,0
r-stop-dp-R100_3_v2_d0.25_b1,config21,3,FOUND INTEGER FEASIBLE,6.078354,9.757122,0,13,1,1,-1.317530,-1.317530,0.000000,0.000000,0
r-stop-dp-R100_3_v2_d0.25_b1,config23,1,FOUND INTEGER FEASIBLE,6.117235,9.817096,8,13,1,1,-1.239750,-1.239750,0.000000,0.000000,0
r-stop-dp-R100_3_v2_d0.25_b1,config23,2,FOUND INTEGER FEASIBLE,6.130396,9.857516,12,13,1,1,-1.163980,-1.163980,0.000000,0.000000,0
r-stop-dp-R100_3_v2_d0.25_b1,config23,3,FOUND INTEGER FEASIBLE,6.120379,9.823264,14,13,1,1,0.000000,0.000000,0.000000,0.000000,0
r-stop-dp-R100_3_v2_d0.25_b1,config19,1,FOUND INTEGER FEASIBLE,0.000000,4.562357,0,0,-1,-1,0.000000,0.000000,0.000000,0.000000,0
r-stop-dp-R100_3_v2_d0.25_b1,config19,2,FOUND INTEGER FEASIBLE,0.000000,4.658946,0,0,-1,-1,0.000000,0.000000,0.000000,0.000000,0
r-stop-dp-R100_3_v2_d0.25_b1,config19,3,FOUND INTEGER FEASIBLE,0.000000,910.912563,0,0,-1,-1,0.000000,0.000000,0.000000,0.000000,0
r-stop-dp-R100_3_v2_d0.25_b1,config18,1,FOUND INTEGER FEASIBLE,0.000000,5.619009,0,0,-1,-1,0.000000,0.000000,0.000000,0.000000,0
r-stop-dp-R100_3_v2_d0.25_b1,config18,2,FOUND INTEGER FEASIBLE,0.000000,5.533496,0,0,-1,-1,0.000000,0.000000,0.000000,0.000000,0
r-stop-dp-R100_3_v2_d0.25_b1,config18,3,FOUND INTEGER FEASIBLE,0.000000,5.550277,0,0,-1,-1,0.000000,0.000000,0.000000,0.000000,0
r-stop-dp-R100_3_v2_d0.25_b5,config1,1,FAILED TO FIND AN INTEGER FEASIBLE SOLUTION,0.000000,3600,14,0,-1,-1,0.000000,0.000000,20.532753,20.532753,189
r-stop-dp-R100_3_v2_d0.25_b5,config1,2,FAILED TO FIND AN INTEGER FEASIBLE SOLUTION,0.000000,3600,17,0,-1,-1,0.000000,0.000000,20.351077,20.352128,176
r-stop-dp-R100_3_v2_d0.25_b5,config1,3,FAILED TO FIND AN INTEGER FEASIBLE SOLUTION,0.000000,3600,13,0,-1,-1,0.000000,0.000000,20.308164,20.308164,176
r-stop-dp-R100_3_v2_d0.25_b5,config3,1,FAILED TO FIND AN INTEGER FEASIBLE SOLUTION,0.000000,3600,1,0,-1,-1,0.000000,0.000000,1.451371,1.451371,9
r-stop-dp-R100_3_v2_d0.25_b5,config3,2,FAILED TO FIND AN INTEGER FEASIBLE SOLUTION,0.000000,3600,1,0,-1,-1,0.000000,0.000000,1.451371,1.451371,9
r-stop-dp-R100_3_v2_d0.25_b5,config3,3,FAILED TO FIND AN INTEGER FEASIBLE SOLUTION,0.000000,3600,1,0,-1,-1,0.000000,0.000000,1.254477,1.254477,4
r-stop-dp-R100_3_v2_d0.25_b5,config20,1,FAILED TO FIND AN INTEGER FEASIBLE SOLUTION,0.000000,3600,14,0,-1,-1,0.000000,0.000000,22.514774,22.973578,190
r-stop-dp-R100_3_v2_d0.25_b5,config20,2,FAILED TO FIND AN INTEGER FEASIBLE SOLUTION,0.000000,3600,14,0,-1,-1,0.000000,0.000000,22.828028,22.895119,197
r-stop-dp-R100_3_v2_d0.25_b5,config20,3,FAILED TO FIND AN INTEGER FEASIBLE SOLUTION,0.000000,3600,14,0,-1,-1,0.000000,0.000000,22.566109,22.566109,198
r-stop-dp-R100_3_v2_d0.25_b5,config16,1,FAILED TO FIND AN INTEGER FEASIBLE SOLUTION,348.539216,3600,165,13,13,0,0.000000,0.000000,4.440538,4.440538,42
r-stop-dp-R100_3_v2_d0.25_b5,config16,2,FAILED TO FIND AN INTEGER FEASIBLE SOLUTION,349.881301,3600,189,13,13,0,0.000000,0.000000,4.875915,4.875915,37
r-stop-dp-R100_3_v2_d0.25_b5,config16,3,FAILED TO FIND AN INTEGER FEASIBLE SOLUTION,350.086918,3600,179,13,13,0,0.000000,0.000000,4.979138,4.979138,35
r-stop-dp-R100_3_v2_d0.25_b5,config17,1,FOUND INTEGER FEASIBLE,10.504205,21.045246,0,8,0,0,0.000000,0.000000,0.000000,0.000000,0
r-stop-dp-R100_3_v2_d0.25_b5,config17,2,FOUND INTEGER FEASIBLE,10.555069,21.654204,0,8,0,0,0.000000,0.000000,0.000000,0.000000,0
r-stop-dp-R100_3_v2_d0.25_b5,config17,3,FOUND INTEGER FEASIBLE,10.551105,21.495024,0,8,0,0,0.000000,0.000000,0.000000,0.000000,0
r-stop-dp-R100_3_v2_d0.25_b5,config21,1,FOUND INTEGER FEASIBLE,37.326459,340.167066,100,13,3,1,0.000000,0.000000,0.000000,0.000000,0
r-stop-dp-R100_3_v2_d0.25_b5,config21,2,FOUND INTEGER FEASIBLE,37.489496,343.251813,96,13,3,1,-0.077780,-0.077780,0.000000,0.000000,0
r-stop-dp-R100_3_v2_d0.25_b5,config21,3,FAILED TO FIND AN INTEGER FEASIBLE SOLUTION,37.125844,3600,128,13,13,1,0.000000,0.000000,1.253275,0.939956,4
r-stop-dp-R100_3_v2_d0.25_b5,config23,1,FOUND INTEGER FEASIBLE,38.456186,347.020461,89,13,3,1,0.000000,0.000000,0.000000,0.000000,0
r-stop-dp-R100_3_v2_d0.25_b5,config23,2,FAILED TO FIND AN INTEGER FEASIBLE SOLUTION,37.887847,3600,129,13,12,1,0.000000,0.000000,1.253275,0.939956,4
r-stop-dp-R100_3_v2_d0.25_b5,config23,3,FOUND INTEGER FEASIBLE,37.846484,341.935331,97,13,3,1,-0.257310,-0.257310,0.000000,0.000000,0
r-stop-dp-R100_3_v2_d0.25_b5,config19,1,FOUND INTEGER FEASIBLE,0.000000,17.036098,0,0,-1,-1,0.000000,0.000000,0.000000,0.000000,0
r-stop-dp-R100_3_v2_d0.25_b5,config19,2,FOUND INTEGER FEASIBLE,0.000000,15.487635,0,0,-1,-1,0.000000,0.000000,0.000000,0.000000,0
r-stop-dp-R100_3_v2_d0.25_b5,config19,3,FOUND INTEGER FEASIBLE,0.000000,15.960236,0,0,-1,-1,0.000000,0.000000,0.000000,0.000000,0
r-stop-dp-R100_3_v2_d0.25_b5,config18,1,FOUND INTEGER FEASIBLE,0.000000,18.520797,0,0,-1,-1,0.000000,0.000000,0.000000,0.000000,0
r-stop-dp-R100_3_v2_d0.25_b5,config18,2,FOUND INTEGER FEASIBLE,0.000000,18.359390,0,0,-1,-1,0.000000,0.000000,0.000000,0.000000,0
r-stop-dp-R100_3_v2_d0.25_b5,config18,3,FOUND INTEGER FEASIBLE,0.000000,18.310733,0,0,-1,-1,0.000000,0.000000,0.000000,0.000000,0
r-stop-dp-R100_3_v4_d0.25_b1,config1,1,FAILED TO FIND AN INTEGER FEASIBLE SOLUTION,0.000000,3600,321,0,-1,-1,0.000000,0.000000,12.181442,12.181442,107
r-stop-dp-R100_3_v4_d0.25_b1,config1,2,FAILED TO FIND AN INTEGER FEASIBLE SOLUTION,0.000000,3600,275,0,-1,-1,0.000000,0.000000,13.670788,13.915343,101
r-stop-dp-R100_3_v4_d0.25_b1,config1,3,FAILED TO FIND AN INTEGER FEASIBLE SOLUTION,0.000000,3600,343,0,-1,-1,0.000000,0.000000,10.209990,10.392131,79
r-stop-dp-R100_3_v4_d0.25_b1,config3,1,FOUND INTEGER FEASIBLE,0.000000,230.163127,5,0,-1,-1,0.000000,0.000000,0.000000,0.000000,0
r-stop-dp-R100_3_v4_d0.25_b1,config3,2,FOUND INTEGER FEASIBLE,0.000000,230.615342,5,0,-1,-1,0.000000,0.000000,0.000000,0.000000,0
r-stop-dp-R100_3_v4_d0.25_b1,config3,3,FOUND INTEGER FEASIBLE,0.000000,6.879731,3,0,-1,-1,0.000000,0.000000,0.000000,0.000000,0
r-stop-dp-R100_3_v4_d0.25_b1,config20,1,FAILED TO FIND AN INTEGER FEASIBLE SOLUTION,0.000000,3600,575,0,-1,-1,0.000000,0.000000,7.116672,7.116672,68
r-stop-dp-R100_3_v4_d0.25_b1,config20,2,FAILED TO FIND AN INTEGER FEASIBLE SOLUTION,0.000000,3600,538,0,-1,-1,0.000000,0.000000,11.584307,11.677588,99
r-stop-dp-R100_3_v4_d0.25_b1,config20,3,FAILED TO FIND AN INTEGER FEASIBLE SOLUTION,0.000000,3600,355,0,-1,-1,0.000000,0.000000,13.568248,13.568248,106
r-stop-dp-R100_3_v4_d0.25_b1,config16,1,FOUND INTEGER FEASIBLE,16.643783,175.124944,196,12,2,0,-92.079530,-106.727790,0.000000,0.000000,0
r-stop-dp-R100_3_v4_d0.25_b1,config16,2,FOUND INTEGER FEASIBLE,16.712871,56.808877,199,12,2,0,-53.926230,-70.118120,0.000000,0.000000,0
r-stop-dp-R100_3_v4_d0.25_b1,config16,3,FOUND INTEGER FEASIBLE,16.627124,42.044259,241,12,2,0,-51.314820,-67.871090,0.000000,0.000000,0
r-stop-dp-R100_3_v4_d0.25_b1,config17,1,FOUND INTEGER FEASIBLE,1.497245,5.056271,3,8,0,0,0.000000,0.000000,0.000000,0.000000,0
r-stop-dp-R100_3_v4_d0.25_b1,config17,2,FOUND INTEGER FEASIBLE,1.502138,5.065545,3,8,0,0,0.000000,0.000000,0.000000,0.000000,0
r-stop-dp-R100_3_v4_d0.25_b1,config17,3,FOUND INTEGER FEASIBLE,1.491800,5.075918,1,8,0,0,0.000000,0.000000,0.000000,0.000000,0
r-stop-dp-R100_3_v4_d0.25_b1,config21,1,FOUND INTEGER FEASIBLE,6.996415,10.688503,0,13,1,1,-2.583260,-2.583260,0.000000,0.000000,0
r-stop-dp-R100_3_v4_d0.25_b1,config21,2,FOUND INTEGER FEASIBLE,7.005698,10.647610,0,13,1,1,-2.583260,-2.583260,0.000000,0.000000,0
r-stop-dp-R100_3_v4_d0.25_b1,config21,3,FOUND INTEGER FEASIBLE,7.017343,10.685739,0,13,1,1,-2.583260,-2.583260,0.000000,0.000000,0
r-stop-dp-R100_3_v4_d0.25_b1,config23,1,FOUND INTEGER FEASIBLE,6.978409,10.634902,3,13,1,1,0.000000,0.000000,0.000000,0.000000,0
r-stop-dp-R100_3_v4_d0.25_b1,config23,2,FOUND INTEGER FEASIBLE,6.988619,10.655633,3,13,1,1,0.000000,0.000000,0.000000,0.000000,0
r-stop-dp-R100_3_v4_d0.25_b1,config23,3,FOUND INTEGER FEASIBLE,6.971778,10.674302,14,13,1,1,0.000000,0.000000,0.000000,0.000000,0
r-stop-dp-R100_3_v4_d0.25_b1,config19,1,FOUND INTEGER FEASIBLE,0.000000,4.257555,0,0,-1,-1,0.000000,0.000000,0.000000,0.000000,0
r-stop-dp-R100_3_v4_d0.25_b1,config19,2,FOUND INTEGER FEASIBLE,0.000000,4.491950,0,0,-1,-1,0.000000,0.000000,0.000000,0.000000,0
r-stop-dp-R100_3_v4_d0.25_b1,config19,3,FOUND INTEGER FEASIBLE,0.000000,4.406061,0,0,-1,-1,0.000000,0.000000,0.000000,0.000000,0
r-stop-dp-R100_3_v4_d0.25_b1,config18,1,FOUND INTEGER FEASIBLE,0.000000,5.652404,0,0,-1,-1,0.000000,0.000000,0.000000,0.000000,0
r-stop-dp-R100_3_v4_d0.25_b1,config18,2,FOUND INTEGER FEASIBLE,0.000000,5.580749,0,0,-1,-1,0.000000,0.000000,0.000000,0.000000,0
r-stop-dp-R100_3_v4_d0.25_b1,config18,3,FOUND INTEGER FEASIBLE,0.000000,5.572734,0,0,-1,-1,0.000000,0.000000,0.000000,0.000000,0
r-stop-dp-R100_3_v4_d0.25_b5,config1,1,FAILED TO FIND AN INTEGER FEASIBLE SOLUTION,0.000000,3600,15,0,-1,-1,0.000000,0.000000,18.154175,18.154175,181
r-stop-dp-R100_3_v4_d0.25_b5,config1,2,FAILED TO FIND AN INTEGER FEASIBLE SOLUTION,0.000000,3600,14,0,-1,-1,0.000000,0.000000,18.063857,18.063857,154
r-stop-dp-R100_3_v4_d0.25_b5,config1,3,FAILED TO FIND AN INTEGER FEASIBLE SOLUTION,0.000000,3600,15,0,-1,-1,0.000000,0.000000,17.835177,17.835177,166
r-stop-dp-R100_3_v4_d0.25_b5,config3,1,FAILED TO FIND AN INTEGER FEASIBLE SOLUTION,0.000000,3600,1,0,-1,-1,0.000000,0.000000,1.451371,1.451371,9
r-stop-dp-R100_3_v4_d0.25_b5,config3,2,FAILED TO FIND AN INTEGER FEASIBLE SOLUTION,0.000000,3600,1,0,-1,-1,0.000000,0.000000,1.451371,1.451371,9
r-stop-dp-R100_3_v4_d0.25_b5,config3,3,FAILED TO FIND AN INTEGER FEASIBLE SOLUTION,0.000000,3600,1,0,-1,-1,0.000000,0.000000,1.254477,1.254477,4
r-stop-dp-R100_3_v4_d0.25_b5,config20,1,FAILED TO FIND AN INTEGER FEASIBLE SOLUTION,0.000000,3600,21,0,-1,-1,0.000000,0.000000,19.438555,19.517607,165
r-stop-dp-R100_3_v4_d0.25_b5,config20,2,FAILED TO FIND AN INTEGER FEASIBLE SOLUTION,0.000000,3600,21,0,-1,-1,0.000000,0.000000,18.603088,19.144801,159
r-stop-dp-R100_3_v4_d0.25_b5,config20,3,FAILED TO FIND AN INTEGER FEASIBLE SOLUTION,0.000000,3600,21,0,-1,-1,0.000000,0.000000,19.514644,19.514644,169
r-stop-dp-R100_3_v4_d0.25_b5,config16,1,FAILED TO FIND AN INTEGER FEASIBLE SOLUTION,266.900381,3600,194,12,12,0,0.000000,0.000000,2.964468,2.964468,25
r-stop-dp-R100_3_v4_d0.25_b5,config16,2,FOUND INTEGER FEASIBLE,274.161670,2384.217176,156,12,8,0,-75.707800,-94.245760,0.000000,0.000000,0
r-stop-dp-R100_3_v4_d0.25_b5,config16,3,FOUND INTEGER FEASIBLE,272.819877,1358.268517,148,12,5,0,-55.532900,-95.498260,0.000000,0.000000,0
r-stop-dp-R100_3_v4_d0.25_b5,config17,1,FOUND INTEGER FEASIBLE,7.701514,18.844057,0,9,0,0,0.000000,0.000000,0.000000,0.000000,0
r-stop-dp-R100_3_v4_d0.25_b5,config17,2,FOUND INTEGER FEASIBLE,7.678331,17.673285,0,9,0,0,0.000000,0.000000,0.000000,0.000000,0
r-stop-dp-R100_3_v4_d0.25_b5,config17,3,FOUND INTEGER FEASIBLE,7.696587,18.777153,0,9,0,0,0.000000,0.000000,0.000000,0.000000,0
r-stop-dp-R100_3_v4_d0.25_b5,config21,1,FOUND INTEGER FEASIBLE,35.616657,47.238139,1,13,1,1,-2.583260,-2.583260,0.000000,0.000000,0
r-stop-dp-R100_3_v4_d0.25_b5,config21,2,FOUND INTEGER FEASIBLE,35.564533,47.221116,1,13,1,1,-2.583260,-2.583260,0.000000,0.000000,0
r-stop-dp-R100_3_v4_d0.25_b5,config21,3,FOUND INTEGER FEASIBLE,35.495945,47.112155,1,13,1,1,-2.583260,-2.583260,0.000000,0.000000,0
r-stop-dp-R100_3_v4_d0.25_b5,config23,1,FOUND INTEGER FEASIBLE,35.539292,47.242813,8,13,1,1,0.000000,0.000000,0.000000,0.000000,0
r-stop-dp-R100_3_v4_d0.25_b5,config23,2,FOUND INTEGER FEASIBLE,35.550208,47.179706,8,13,1,1,0.000000,0.000000,0.000000,0.000000,0
r-stop-dp-R100_3_v4_d0.25_b5,config23,3,FOUND INTEGER FEASIBLE,35.533977,47.261209,15,13,1,1,-2.583260,-2.583260,0.000000,0.000000,0
r-stop-dp-R100_3_v4_d0.25_b5,config19,1,FOUND INTEGER FEASIBLE,0.000000,17.064460,0,0,-1,-1,0.000000,0.000000,0.000000,0.000000,0
r-stop-dp-R100_3_v4_d0.25_b5,config19,2,FOUND INTEGER FEASIBLE,0.000000,15.952155,0,0,-1,-1,0.000000,0.000000,0.000000,0.000000,0
r-stop-dp-R100_3_v4_d0.25_b5,config19,3,FOUND INTEGER FEASIBLE,0.000000,15.880487,0,0,-1,-1,0.000000,0.000000,0.000000,0.000000,0
r-stop-dp-R100_3_v4_d0.25_b5,config18,1,FOUND INTEGER FEASIBLE,0.000000,18.490433,0,0,-1,-1,0.000000,0.000000,0.000000,0.000000,0
r-stop-dp-R100_3_v4_d0.25_b5,config18,2,FOUND INTEGER FEASIBLE,0.000000,18.653323,0,0,-1,-1,0.000000,0.000000,0.000000,0.000000,0
r-stop-dp-R100_3_v4_d0.25_b5,config18,3,FOUND INTEGER FEASIBLE,0.000000,18.364016,0,0,-1,-1,0.000000,0.000000,0.000000,0.000000,0
r-stop-dp-R100_4_v2_d0.25_b1,config1,1,FAILED TO FIND AN INTEGER FEASIBLE SOLUTION,0.000000,3600,215,0,-1,-1,0.000000,0.000000,7.484427,7.484427,132
r-stop-dp-R100_4_v2_d0.25_b1,config1,2,FAILED TO FIND AN INTEGER FEASIBLE SOLUTION,0.000000,3600,220,0,-1,-1,0.000000,0.000000,7.524157,7.524157,139
r-stop-dp-R100_4_v2_d0.25_b1,config1,3,FAILED TO FIND AN INTEGER FEASIBLE SOLUTION,0.000000,3600,240,0,-1,-1,0.000000,0.000000,6.307292,6.307292,133
r-stop-dp-R100_4_v2_d0.25_b1,config3,1,FOUND INTEGER FEASIBLE,0.000000,163.925359,5,0,-1,-1,0.000000,0.000000,0.000000,0.000000,0
r-stop-dp-R100_4_v2_d0.25_b1,config3,2,FOUND INTEGER FEASIBLE,0.000000,164.030489,5,0,-1,-1,0.000000,0.000000,0.000000,0.000000,0
r-stop-dp-R100_4_v2_d0.25_b1,config3,3,FOUND INTEGER FEASIBLE,0.000000,13.543362,9,0,-1,-1,0.000000,0.000000,0.000000,0.000000,0
r-stop-dp-R100_4_v2_d0.25_b1,config20,1,FAILED TO FIND AN INTEGER FEASIBLE SOLUTION,0.000000,3600,420,0,-1,-1,0.000000,0.000000,4.931945,4.931945,96
r-stop-dp-R100_4_v2_d0.25_b1,config20,2,FAILED TO FIND AN INTEGER FEASIBLE SOLUTION,0.000000,3600,427,0,-1,-1,0.000000,0.000000,5.697260,5.697260,109
r-stop-dp-R100_4_v2_d0.25_b1,config20,3,FAILED TO FIND AN INTEGER FEASIBLE SOLUTION,0.000000,3600,406,0,-1,-1,0.000000,0.000000,5.467440,5.467440,90
r-stop-dp-R100_4_v2_d0.25_b1,config16,1,FAILED TO FIND AN INTEGER FEASIBLE SOLUTION,18.982451,3600,472,12,12,1,0.000000,0.000000,2.775947,2.775947,44
r-stop-dp-R100_4_v2_d0.25_b1,config16,2,FAILED TO FIND AN INTEGER FEASIBLE SOLUTION,19.085495,3600,453,12,12,1,0.000000,0.000000,3.355634,3.355634,55
r-stop-dp-R100_4_v2_d0.25_b1,config16,3,FAILED TO FIND AN INTEGER FEASIBLE SOLUTION,19.166900,3600,422,12,12,1,0.000000,0.000000,3.119401,3.119401,60
r-stop-dp-R100_4_v2_d0.25_b1,config17,1,FOUND INTEGER FEASIBLE,0.951703,4.582887,0,11,0,0,0.000000,0.000000,0.000000,0.000000,0
r-stop-dp-R100_4_v2_d0.25_b1,config17,2,FOUND INTEGER FEASIBLE,0.931341,4.476116,0,11,0,0,0.000000,0.000000,0.000000,0.000000,0
r-stop-dp-R100_4_v2_d0.25_b1,config17,3,FOUND INTEGER FEASIBLE,0.942510,4.497632,0,11,0,0,0.000000,0.000000,0.000000,0.000000,0
r-stop-dp-R100_4_v2_d0.25_b1,config21,1,FOUND INTEGER FEASIBLE,7.979062,11.669035,1,13,1,1,-1.343510,-1.343510,0.000000,0.000000,0
r-stop-dp-R100_4_v2_d0.25_b1,config21,2,FOUND INTEGER FEASIBLE,7.994351,10.683776,1,13,1,1,-2.325950,-2.325950,0.000000,0.000000,0
r-stop-dp-R100_4_v2_d0.25_b1,config21,3,FOUND INTEGER FEASIBLE,8.013946,10.698704,1,13,1,1,-1.343510,-1.343510,0.000000,0.000000,0
r-stop-dp-R100_4_v2_d0.25_b1,config23,1,FOUND INTEGER FEASIBLE,8.053737,11.756987,1,13,1,1,0.000000,0.000000,0.000000,0.000000,0
r-stop-dp-R100_4_v2_d0.25_b1,config23,2,FOUND INTEGER FEASIBLE,7.971697,11.674420,4,13,1,1,0.000000,0.000000,0.000000,0.000000,0
r-stop-dp-R100_4_v2_d0.25_b1,config23,3,FOUND INTEGER FEASIBLE,8.019456,11.759114,1,13,1,1,0.000000,0.000000,0.000000,0.000000,0
r-stop-dp-R100_4_v2_d0.25_b1,config19,1,FOUND INTEGER FEASIBLE,0.000000,4.605933,0,0,-1,-1,0.000000,0.000000,0.000000,0.000000,0
r-stop-dp-R100_4_v2_d0.25_b1,config19,2,FOUND INTEGER FEASIBLE,0.000000,4.431008,0,0,-1,-1,0.000000,0.000000,0.000000,0.000000,0
r-stop-dp-R100_4_v2_d0.25_b1,config19,3,FOUND INTEGER FEASIBLE,0.000000,4.631472,0,0,-1,-1,0.000000,0.000000,0.000000,0.000000,0
r-stop-dp-R100_4_v2_d0.25_b1,config18,1,FOUND INTEGER FEASIBLE,0.000000,5.337534,0,0,-1,-1,0.000000,0.000000,0.000000,0.000000,0
r-stop-dp-R100_4_v2_d0.25_b1,config18,2,FOUND INTEGER FEASIBLE,0.000000,5.399390,0,0,-1,-1,0.000000,0.000000,0.000000,0.000000,0
r-stop-dp-R100_4_v2_d0.25_b1,config18,3,FOUND INTEGER FEASIBLE,0.000000,4.846473,0,0,-1,-1,0.000000,0.000000,0.000000,0.000000,0
r-stop-dp-R100_4_v2_d0.25_b5,config1,1,FAILED TO FIND AN INTEGER FEASIBLE SOLUTION,0.000000,3600,18,0,-1,-1,0.000000,0.000000,9.050373,9.050373,172
r-stop-dp-R100_4_v2_d0.25_b5,config1,2,FAILED TO FIND AN INTEGER FEASIBLE SOLUTION,0.000000,3600,20,0,-1,-1,0.000000,0.000000,9.205539,9.205539,169
r-stop-dp-R100_4_v2_d0.25_b5,config1,3,FAILED TO FIND AN INTEGER FEASIBLE SOLUTION,0.000000,3600,16,0,-1,-1,0.000000,0.000000,9.187213,9.187213,171
r-stop-dp-R100_4_v2_d0.25_b5,config3,1,FAILED TO FIND AN INTEGER FEASIBLE SOLUTION,0.000000,3600,1,0,-1,-1,0.000000,0.000000,0.573964,0.573964,4
r-stop-dp-R100_4_v2_d0.25_b5,config3,2,FAILED TO FIND AN INTEGER FEASIBLE SOLUTION,0.000000,3600,1,0,-1,-1,0.000000,0.000000,0.573964,0.573964,4
r-stop-dp-R100_4_v2_d0.25_b5,config3,3,FOUND INTEGER FEASIBLE,0.000000,3300.705226,5,0,-1,-1,0.000000,0.000000,0.000000,0.000000,0
r-stop-dp-R100_4_v2_d0.25_b5,config20,1,FAILED TO FIND AN INTEGER FEASIBLE SOLUTION,0.000000,3600,20,0,-1,-1,0.000000,0.000000,10.819467,10.819467,184
r-stop-dp-R100_4_v2_d0.25_b5,config20,2,FAILED TO FIND AN INTEGER FEASIBLE SOLUTION,0.000000,3600,20,0,-1,-1,0.000000,0.000000,10.611002,10.611002,181
r-stop-dp-R100_4_v2_d0.25_b5,config20,3,FAILED TO FIND AN INTEGER FEASIBLE SOLUTION,0.000000,3600,22,0,-1,-1,0.000000,0.000000,10.131425,10.131425,176
r-stop-dp-R100_4_v2_d0.25_b5,config16,1,FAILED TO FIND AN INTEGER FEASIBLE SOLUTION,188.631344,3600,89,12,12,1,0.000000,0.000000,7.729746,7.729746,134
r-stop-dp-R100_4_v2_d0.25_b5,config16,2,FAILED TO FIND AN INTEGER FEASIBLE SOLUTION,188.235637,3600,86,12,12,1,0.000000,0.000000,7.665933,7.665933,141
r-stop-dp-R100_4_v2_d0.25_b5,config16,3,FAILED TO FIND AN INTEGER FEASIBLE SOLUTION,191.894976,3600,84,12,12,1,0.000000,0.000000,7.484979,7.484979,116
r-stop-dp-R100_4_v2_d0.25_b5,config17,1,FOUND INTEGER FEASIBLE,6.080537,17.317105,0,8,0,0,0.000000,0.000000,0.000000,0.000000,0
r-stop-dp-R100_4_v2_d0.25_b5,config17,2,FOUND INTEGER FEASIBLE,6.076123,17.172276,0,8,0,0,0.000000,0.000000,0.000000,0.000000,0
r-stop-dp-R100_4_v2_d0.25_b5,config17,3,FOUND INTEGER FEASIBLE,6.046178,17.074704,0,8,0,0,0.000000,0.000000,0.000000,0.000000,0
r-stop-dp-R100_4_v2_d0.25_b5,config21,1,FOUND INTEGER FEASIBLE,226.228285,237.221849,2,13,0,0,0.000000,0.000000,0.000000,0.000000,0
r-stop-dp-R100_4_v2_d0.25_b5,config21,2,FOUND INTEGER FEASIBLE,226.878213,237.894778,1,13,0,0,0.000000,0.000000,0.000000,0.000000,0
r-stop-dp-R100_4_v2_d0.25_b5,config21,3,FOUND INTEGER FEASIBLE,225.707956,235.782448,2,13,0,0,0.000000,0.000000,0.000000,0.000000,0
r-stop-dp-R100_4_v2_d0.25_b5,config23,1,FOUND INTEGER FEASIBLE,228.776405,239.880850,0,13,0,0,0.000000,0.000000,0.000000,0.000000,0
r-stop-dp-R100_4_v2_d0.25_b5,config23,2,FOUND INTEGER FEASIBLE,226.241850,237.288414,0,13,0,0,0.000000,0.000000,0.000000,0.000000,0
r-stop-dp-R100_4_v2_d0.25_b5,config23,3,FOUND INTEGER FEASIBLE,228.340771,239.406262,0,13,0,0,0.000000,0.000000,0.000000,0.000000,0
r-stop-dp-R100_4_v2_d0.25_b5,config19,1,FOUND INTEGER FEASIBLE,0.000000,16.704436,0,0,-1,-1,0.000000,0.000000,0.000000,0.000000,0
r-stop-dp-R100_4_v2_d0.25_b5,config19,2,FOUND INTEGER FEASIBLE,0.000000,15.917229,0,0,-1,-1,0.000000,0.000000,0.000000,0.000000,0
r-stop-dp-R100_4_v2_d0.25_b5,config19,3,FOUND INTEGER FEASIBLE,0.000000,15.789564,0,0,-1,-1,0.000000,0.000000,0.000000,0.000000,0
r-stop-dp-R100_4_v2_d0.25_b5,config18,1,FOUND INTEGER FEASIBLE,0.000000,18.805104,0,0,-1,-1,0.000000,0.000000,0.000000,0.000000,0
r-stop-dp-R100_4_v2_d0.25_b5,config18,2,FOUND INTEGER FEASIBLE,0.000000,18.380497,0,0,-1,-1,0.000000,0.000000,0.000000,0.000000,0
r-stop-dp-R100_4_v2_d0.25_b5,config18,3,FOUND INTEGER FEASIBLE,0.000000,18.414503,0,0,-1,-1,0.000000,0.000000,0.000000,0.000000,0
r-stop-dp-R100_4_v4_d0.25_b1,config1,1,FAILED TO FIND AN INTEGER FEASIBLE SOLUTION,0.000000,3600,232,0,-1,-1,0.000000,0.000000,6.201292,6.201292,90
r-stop-dp-R100_4_v4_d0.25_b1,config1,2,FAILED TO FIND AN INTEGER FEASIBLE SOLUTION,0.000000,3600,241,0,-1,-1,0.000000,0.000000,6.164847,6.164847,105
r-stop-dp-R100_4_v4_d0.25_b1,config1,3,FAILED TO FIND AN INTEGER FEASIBLE SOLUTION,0.000000,3600,255,0,-1,-1,0.000000,0.000000,5.640878,5.640878,95
r-stop-dp-R100_4_v4_d0.25_b1,config3,1,FOUND INTEGER FEASIBLE,0.000000,172.173649,5,0,-1,-1,0.000000,0.000000,0.000000,0.000000,0
r-stop-dp-R100_4_v4_d0.25_b1,config3,2,FOUND INTEGER FEASIBLE,0.000000,173.939231,5,0,-1,-1,0.000000,0.000000,0.000000,0.000000,0
r-stop-dp-R100_4_v4_d0.25_b1,config3,3,FOUND INTEGER FEASIBLE,0.000000,12.518768,9,0,-1,-1,0.000000,0.000000,0.000000,0.000000,0
r-stop-dp-R100_4_v4_d0.25_b1,config20,1,FAILED TO FIND AN INTEGER FEASIBLE SOLUTION,0.000000,3600,548,0,-1,-1,0.000000,0.000000,4.061622,4.061622,88
r-stop-dp-R100_4_v4_d0.25_b1,config20,2,FAILED TO FIND AN INTEGER FEASIBLE SOLUTION,0.000000,3600,485,0,-1,-1,0.000000,0.000000,5.791665,5.791665,107
r-stop-dp-R100_4_v4_d0.25_b1,config20,3,FAILED TO FIND AN INTEGER FEASIBLE SOLUTION,0.000000,3600,548,0,-1,-1,0.000000,0.000000,3.455776,3.455776,73
r-stop-dp-R100_4_v4_d0.25_b1,config16,1,FOUND INTEGER FEASIBLE,18.920073,939.713294,242,12,5,0,-124.575550,-153.875130,0.000000,0.000000,0
r-stop-dp-R100_4_v4_d0.25_b1,config16,2,FOUND INTEGER FEASIBLE,18.996676,2263.074130,376,12,9,0,-138.012210,-169.112890,0.000000,0.000000,0
r-stop-dp-R100_4_v4_d0.25_b1,config16,3,FOUND INTEGER FEASIBLE,18.999344,396.675888,196,12,3,0,-125.406800,-170.765800,0.000000,0.000000,0
r-stop-dp-R100_4_v4_d0.25_b1,config17,1,FOUND INTEGER FEASIBLE,0.938146,4.516620,0,11,0,0,0.000000,0.000000,0.000000,0.000000,0
r-stop-dp-R100_4_v4_d0.25_b1,config17,2,FOUND INTEGER FEASIBLE,0.930440,4.470045,0,11,0,0,0.000000,0.000000,0.000000,0.000000,0
r-stop-dp-R100_4_v4_d0.25_b1,config17,3,FOUND INTEGER FEASIBLE,0.935226,4.500809,0,11,0,0,0.000000,0.000000,0.000000,0.000000,0
r-stop-dp-R100_4_v4_d0.25_b1,config21,1,FOUND INTEGER FEASIBLE,6.661563,10.353905,2,13,1,1,-2.403730,-2.403730,0.000000,0.000000,0
r-stop-dp-R100_4_v4_d0.25_b1,config21,2,FOUND INTEGER FEASIBLE,6.703533,10.400426,2,13,1,1,-2.403730,-2.403730,0.000000,0.000000,0
r-stop-dp-R100_4_v4_d0.25_b1,config21,3,FOUND INTEGER FEASIBLE,6.711262,10.422585,2,13,1,1,-2.403730,-2.403730,0.000000,0.000000,0
r-stop-dp-R100_4_v4_d0.25_b1,config23,1,FOUND INTEGER FEASIBLE,6.723040,10.467479,13,13,1,1,-1.239750,-1.239750,0.000000,0.000000,0
r-stop-dp-R100_4_v4_d0.25_b1,config23,2,FOUND INTEGER FEASIBLE,6.694964,10.405834,7,13,1,1,0.000000,0.000000,0.000000,0.000000,0
r-stop-dp-R100_4_v4_d0.25_b1,config23,3,FOUND INTEGER FEASIBLE,6.708855,10.450836,7,13,1,1,0.000000,0.000000,0.000000,0.000000,0
r-stop-dp-R100_4_v4_d0.25_b1,config19,1,FOUND INTEGER FEASIBLE,0.000000,4.424931,0,0,-1,-1,0.000000,0.000000,0.000000,0.000000,0
r-stop-dp-R100_4_v4_d0.25_b1,config19,2,FOUND INTEGER FEASIBLE,0.000000,4.516470,0,0,-1,-1,0.000000,0.000000,0.000000,0.000000,0
r-stop-dp-R100_4_v4_d0.25_b1,config19,3,FOUND INTEGER FEASIBLE,0.000000,4.471970,0,0,-1,-1,0.000000,0.000000,0.000000,0.000000,0
r-stop-dp-R100_4_v4_d0.25_b1,config18,1,FOUND INTEGER FEASIBLE,0.000000,5.323750,0,0,-1,-1,0.000000,0.000000,0.000000,0.000000,0
r-stop-dp-R100_4_v4_d0.25_b1,config18,2,FOUND INTEGER FEASIBLE,0.000000,5.301519,0,0,-1,-1,0.000000,0.000000,0.000000,0.000000,0
r-stop-dp-R100_4_v4_d0.25_b1,config18,3,FOUND INTEGER FEASIBLE,0.000000,5.246674,0,0,-1,-1,0.000000,0.000000,0.000000,0.000000,0
r-stop-dp-R100_4_v4_d0.25_b5,config1,1,FAILED TO FIND AN INTEGER FEASIBLE SOLUTION,0.000000,3600,23,0,-1,-1,0.000000,0.000000,8.104735,8.104735,150
r-stop-dp-R100_4_v4_d0.25_b5,config1,2,FAILED TO FIND AN INTEGER FEASIBLE SOLUTION,0.000000,3600,23,0,-1,-1,0.000000,0.000000,8.219386,8.219386,163
r-stop-dp-R100_4_v4_d0.25_b5,config1,3,FAILED TO FIND AN INTEGER FEASIBLE SOLUTION,0.000000,3600,22,0,-1,-1,0.000000,0.000000,8.003234,8.003234,156
r-stop-dp-R100_4_v4_d0.25_b5,config3,1,FAILED TO FIND AN INTEGER FEASIBLE SOLUTION,0.000000,3600,5,0,-1,-1,0.000000,0.000000,0.553829,0.553829,4
r-stop-dp-R100_4_v4_d0.25_b5,config3,2,FAILED TO FIND AN INTEGER FEASIBLE SOLUTION,0.000000,3600,5,0,-1,-1,0.000000,0.000000,0.553829,0.553829,4
r-stop-dp-R100_4_v4_d0.25_b5,config3,3,FOUND INTEGER FEASIBLE,0.000000,3502.784688,5,0,-1,-1,0.000000,0.000000,0.000000,0.000000,0
r-stop-dp-R100_4_v4_d0.25_b5,config20,1,FAILED TO FIND AN INTEGER FEASIBLE SOLUTION,0.000000,3600,17,0,-1,-1,0.000000,0.000000,9.481741,9.481741,162
r-stop-dp-R100_4_v4_d0.25_b5,config20,2,FAILED TO FIND AN INTEGER FEASIBLE SOLUTION,0.000000,3600,16,0,-1,-1,0.000000,0.000000,9.552468,9.552468,182
r-stop-dp-R100_4_v4_d0.25_b5,config20,3,FAILED TO FIND AN INTEGER FEASIBLE SOLUTION,0.000000,3600,17,0,-1,-1,0.000000,0.000000,9.494500,9.494500,154
r-stop-dp-R100_4_v4_d0.25_b5,config16,1,FOUND INTEGER FEASIBLE,332.476192,2700.999791,141,12,10,0,-57.469040,-110.647190,0.000000,0.000000,0
r-stop-dp-R100_4_v4_d0.25_b5,config16,2,FAILED TO FIND AN INTEGER FEASIBLE SOLUTION,333.004670,3600,173,12,12,0,0.000000,0.000000,1.558309,1.558309,17
r-stop-dp-R100_4_v4_d0.25_b5,config16,3,FAILED TO FIND AN INTEGER FEASIBLE SOLUTION,332.053602,3600,175,12,12,0,0.000000,0.000000,1.299958,1.299958,22
r-stop-dp-R100_4_v4_d0.25_b5,config17,1,FOUND INTEGER FEASIBLE,6.077596,17.346189,0,8,0,0,0.000000,0.000000,0.000000,0.000000,0
r-stop-dp-R100_4_v4_d0.25_b5,config17,2,FOUND INTEGER FEASIBLE,6.005310,17.081936,0,8,0,0,0.000000,0.000000,0.000000,0.000000,0
r-stop-dp-R100_4_v4_d0.25_b5,config17,3,FOUND INTEGER FEASIBLE,6.009682,16.151171,0,8,0,0,0.000000,0.000000,0.000000,0.000000,0
r-stop-dp-R100_4_v4_d0.25_b5,config21,1,FOUND INTEGER FEASIBLE,77.229716,88.310390,0,13,0,0,0.000000,0.000000,0.000000,0.000000,0
r-stop-dp-R100_4_v4_d0.25_b5,config21,2,FOUND INTEGER FEASIBLE,76.729637,87.767587,0,13,0,0,0.000000,0.000000,0.000000,0.000000,0
r-stop-dp-R100_4_v4_d0.25_b5,config21,3,FOUND INTEGER FEASIBLE,77.738331,88.822250,0,13,0,0,0.000000,0.000000,0.000000,0.000000,0
r-stop-dp-R100_4_v4_d0.25_b5,config23,1,FOUND INTEGER FEASIBLE,77.440206,88.559721,0,13,0,0,0.000000,0.000000,0.000000,0.000000,0
r-stop-dp-R100_4_v4_d0.25_b5,config23,2,FOUND INTEGER FEASIBLE,77.682418,88.877310,0,13,0,0,0.000000,0.000000,0.000000,0.000000,0
r-stop-dp-R100_4_v4_d0.25_b5,config23,3,FOUND INTEGER FEASIBLE,77.498990,88.622813,0,13,0,0,0.000000,0.000000,0.000000,0.000000,0
r-stop-dp-R100_4_v4_d0.25_b5,config19,1,FOUND INTEGER FEASIBLE,0.000000,17.712042,0,0,-1,-1,0.000000,0.000000,0.000000,0.000000,0
r-stop-dp-R100_4_v4_d0.25_b5,config19,2,FOUND INTEGER FEASIBLE,0.000000,17.019765,0,0,-1,-1,0.000000,0.000000,0.000000,0.000000,0
r-stop-dp-R100_4_v4_d0.25_b5,config19,3,FOUND INTEGER FEASIBLE,0.000000,16.523302,0,0,-1,-1,0.000000,0.000000,0.000000,0.000000,0
r-stop-dp-R100_4_v4_d0.25_b5,config18,1,FOUND INTEGER FEASIBLE,0.000000,18.633443,0,0,-1,-1,0.000000,0.000000,0.000000,0.000000,0
r-stop-dp-R100_4_v4_d0.25_b5,config18,2,FOUND INTEGER FEASIBLE,0.000000,18.419036,0,0,-1,-1,0.000000,0.000000,0.000000,0.000000,0
r-stop-dp-R100_4_v4_d0.25_b5,config18,3,FOUND INTEGER FEASIBLE,0.000000,18.369995,0,0,-1,-1,0.000000,0.000000,0.000000,0.000000,0
r-stop-dp-R50_3_v2_d0.25_b1,config1,1,FAILED TO FIND AN INTEGER FEASIBLE SOLUTION,0.000000,3600,9995,0,-1,-1,0.000000,0.000000,0.667697,0.667697,9
r-stop-dp-R50_3_v2_d0.25_b1,config1,2,FAILED TO FIND AN INTEGER FEASIBLE SOLUTION,0.000000,3600,7820,0,-1,-1,0.000000,0.000000,0.580476,0.580476,10
r-stop-dp-R50_3_v2_d0.25_b1,config1,3,FOUND INTEGER FEASIBLE,0.000000,1747.561770,4857,0,-1,-1,-48.759200,-51.655760,0.000000,0.000000,0
r-stop-dp-R50_3_v2_d0.25_b1,config3,1,FOUND INTEGER FEASIBLE,0.000000,4.649810,15,0,-1,-1,-43.027220,-55.091140,0.000000,0.000000,0
r-stop-dp-R50_3_v2_d0.25_b1,config3,2,FAILED TO FIND AN INTEGER FEASIBLE SOLUTION,0.000000,3600,7576,0,-1,-1,0.000000,0.000000,0.949557,0.949557,8
r-stop-dp-R50_3_v2_d0.25_b1,config3,3,FOUND INTEGER FEASIBLE,0.000000,1.892936,3,0,-1,-1,0.000000,0.000000,0.000000,0.000000,0
r-stop-dp-R50_3_v2_d0.25_b1,config20,1,FAILED TO FIND AN INTEGER FEASIBLE SOLUTION,0.000000,3600,7815,0,-1,-1,0.000000,0.000000,0.347078,0.347078,9
r-stop-dp-R50_3_v2_d0.25_b1,config20,2,FAILED TO FIND AN INTEGER FEASIBLE SOLUTION,0.000000,3600,8020,0,-1,-1,0.000000,0.000000,1.435770,1.435770,12
r-stop-dp-R50_3_v2_d0.25_b1,config20,3,FAILED TO FIND AN INTEGER FEASIBLE SOLUTION,0.000000,3600,7907,0,-1,-1,0.000000,0.000000,0.794482,0.794482,9
r-stop-dp-R50_3_v2_d0.25_b1,config16,1,FOUND INTEGER FEASIBLE,3.087425,56.866255,196,12,2,0,-83.839030,-90.059140,0.000000,0.000000,0
r-stop-dp-R50_3_v2_d0.25_b1,config16,2,FOUND INTEGER FEASIBLE,3.088471,50.668473,192,12,2,0,-41.032370,-47.474650,0.000000,0.000000,0
r-stop-dp-R50_3_v2_d0.25_b1,config16,3,FOUND INTEGER FEASIBLE,3.098347,75.790830,313,12,3,0,-89.764360,-96.505540,0.000000,0.000000,0
r-stop-dp-R50_3_v2_d0.25_b1,config17,1,FOUND INTEGER FEASIBLE,0.207005,0.780181,0,2,0,0,0.000000,0.000000,0.000000,0.000000,0
r-stop-dp-R50_3_v2_d0.25_b1,config17,2,FOUND INTEGER FEASIBLE,0.206863,0.783887,0,2,0,0,0.000000,0.000000,0.000000,0.000000,0
r-stop-dp-R50_3_v2_d0.25_b1,config17,3,FOUND INTEGER FEASIBLE,0.206912,0.783135,0,2,0,0,0.000000,0.000000,0.000000,0.000000,0
r-stop-dp-R50_3_v2_d0.25_b1,config21,1,FOUND INTEGER FEASIBLE,1.376806,1.956306,0,13,1,1,0.000000,0.000000,0.000000,0.000000,0
r-stop-dp-R50_3_v2_d0.25_b1,config21,2,FOUND INTEGER FEASIBLE,1.476300,2.060198,0,13,1,1,0.000000,0.000000,0.000000,0.000000,0
r-stop-dp-R50_3_v2_d0.25_b1,config21,3,FOUND INTEGER FEASIBLE,1.474852,2.059071,0,13,1,1,0.000000,0.000000,0.000000,0.000000,0
r-stop-dp-R50_3_v2_d0.25_b1,config23,1,FOUND INTEGER FEASIBLE,1.475008,2.060594,2,13,1,1,0.000000,0.000000,0.000000,0.000000,0
r-stop-dp-R50_3_v2_d0.25_b1,config23,2,FOUND INTEGER FEASIBLE,1.474817,2.057806,2,13,1,1,0.000000,0.000000,0.000000,0.000000,0
r-stop-dp-R50_3_v2_d0.25_b1,config23,3,FOUND INTEGER FEASIBLE,1.471386,2.054912,1,13,1,1,0.000000,0.000000,0.000000,0.000000,0
r-stop-dp-R50_3_v2_d0.25_b1,config19,1,FOUND INTEGER FEASIBLE,0.000000,0.613072,0,0,-1,-1,0.000000,0.000000,0.000000,0.000000,0
r-stop-dp-R50_3_v2_d0.25_b1,config19,2,FOUND INTEGER FEASIBLE,0.000000,0.596499,0,0,-1,-1,0.000000,0.000000,0.000000,0.000000,0
r-stop-dp-R50_3_v2_d0.25_b1,config19,3,FOUND INTEGER FEASIBLE,0.000000,0.588121,0,0,-1,-1,0.000000,0.000000,0.000000,0.000000,0
r-stop-dp-R50_3_v2_d0.25_b1,config18,1,FOUND INTEGER FEASIBLE,0.000000,0.751815,0,0,-1,-1,0.000000,0.000000,0.000000,0.000000,0
r-stop-dp-R50_3_v2_d0.25_b1,config18,2,FOUND INTEGER FEASIBLE,0.000000,0.741057,0,0,-1,-1,0.000000,0.000000,0.000000,0.000000,0
r-stop-dp-R50_3_v2_d0.25_b1,config18,3,FOUND INTEGER FEASIBLE,0.000000,0.743697,0,0,-1,-1,0.000000,0.000000,0.000000,0.000000,0
r-stop-dp-R50_3_v2_d0.25_b5,config1,1,FAILED TO FIND AN INTEGER FEASIBLE SOLUTION,0.000000,3600,538,0,-1,-1,0.000000,0.000000,1.643271,1.643271,14
r-stop-dp-R50_3_v2_d0.25_b5,config1,2,FAILED TO FIND AN INTEGER FEASIBLE SOLUTION,0.000000,3600,731,0,-1,-1,0.000000,0.000000,1.512175,1.512175,18
r-stop-dp-R50_3_v2_d0.25_b5,config1,3,FAILED TO FIND AN INTEGER FEASIBLE SOLUTION,0.000000,3600,841,0,-1,-1,0.000000,0.000000,2.559356,2.559356,17
r-stop-dp-R50_3_v2_d0.25_b5,config3,1,FOUND INTEGER FEASIBLE,0.000000,34.628640,11,0,-1,-1,-36.674840,-45.537990,0.000000,0.000000,0
r-stop-dp-R50_3_v2_d0.25_b5,config3,2,FOUND INTEGER FEASIBLE,0.000000,51.339084,17,0,-1,-1,-47.785630,-60.518920,0.000000,0.000000,0
r-stop-dp-R50_3_v2_d0.25_b5,config3,3,FOUND INTEGER FEASIBLE,0.000000,5.779647,3,0,-1,-1,0.000000,0.000000,0.000000,0.000000,0
r-stop-dp-R50_3_v2_d0.25_b5,config20,1,FAILED TO FIND AN INTEGER FEASIBLE SOLUTION,0.000000,3600,348,0,-1,-1,0.000000,0.000000,5.073855,5.073855,38
r-stop-dp-R50_3_v2_d0.25_b5,config20,2,FAILED TO FIND AN INTEGER FEASIBLE SOLUTION,0.000000,3600,415,0,-1,-1,0.000000,0.000000,2.384822,2.384822,18
r-stop-dp-R50_3_v2_d0.25_b5,config20,3,FAILED TO FIND AN INTEGER FEASIBLE SOLUTION,0.000000,3600,505,0,-1,-1,0.000000,0.000000,2.579402,2.579402,21
r-stop-dp-R50_3_v2_d0.25_b5,config16,1,FOUND INTEGER FEASIBLE,11.359283,75.709184,202,12,2,0,-35.540600,-50.126110,0.000000,0.000000,0
r-stop-dp-R50_3_v2_d0.25_b5,config16,2,FOUND INTEGER FEASIBLE,11.375527,108.835609,232,12,2,0,-33.160940,-43.316580,0.000000,0.000000,0
r-stop-dp-R50_3_v2_d0.25_b5,config16,3,FOUND INTEGER FEASIBLE,11.422688,89.511122,235,12,2,0,-34.516210,-38.365900,0.000000,0.000000,0
r-stop-dp-R50_3_v2_d0.25_b5,config17,1,FOUND INTEGER FEASIBLE,0.904092,2.938677,0,2,0,0,0.000000,0.000000,0.000000,0.000000,0
r-stop-dp-R50_3_v2_d0.25_b5,config17,2,FOUND INTEGER FEASIBLE,0.830907,1.989237,0,2,0,0,0.000000,0.000000,0.000000,0.000000,0
r-stop-dp-R50_3_v2_d0.25_b5,config17,3,FOUND INTEGER FEASIBLE,0.896938,2.939446,0,2,0,0,0.000000,0.000000,0.000000,0.000000,0
r-stop-dp-R50_3_v2_d0.25_b5,config21,1,FOUND INTEGER FEASIBLE,29.219763,56.822359,92,12,1,0,-35.520600,-46.704160,0.000000,0.000000,0
r-stop-dp-R50_3_v2_d0.25_b5,config21,2,FOUND INTEGER FEASIBLE,29.438814,489.338342,261,12,3,0,-45.990080,-52.234330,0.000000,0.000000,0
r-stop-dp-R50_3_v2_d0.25_b5,config21,3,FOUND INTEGER FEASIBLE,29.249024,358.231702,200,12,2,0,-41.252340,-46.636140,0.000000,0.000000,0
r-stop-dp-R50_3_v2_d0.25_b5,config23,1,FOUND INTEGER FEASIBLE,29.328014,54.497121,96,12,1,0,-2.055240,-10.364140,0.000000,0.000000,0
r-stop-dp-R50_3_v2_d0.25_b5,config23,2,FOUND INTEGER FEASIBLE,29.451850,278.356302,157,12,1,0,-12.071010,-19.383530,0.000000,0.000000,0
r-stop-dp-R50_3_v2_d0.25_b5,config23,3,FOUND INTEGER FEASIBLE,29.407367,70.690516,99,12,1,0,-29.548160,-30.816560,0.000000,0.000000,0
r-stop-dp-R50_3_v2_d0.25_b5,config19,1,FOUND INTEGER FEASIBLE,0.000000,2.178493,0,0,-1,-1,0.000000,0.000000,0.000000,0.000000,0
r-stop-dp-R50_3_v2_d0.25_b5,config19,2,FOUND INTEGER FEASIBLE,0.000000,2.120895,0,0,-1,-1,0.000000,0.000000,0.000000,0.000000,0
r-stop-dp-R50_3_v2_d0.25_b5,config19,3,FOUND INTEGER FEASIBLE,0.000000,2.020740,0,0,-1,-1,0.000000,0.000000,0.000000,0.000000,0
r-stop-dp-R50_3_v2_d0.25_b5,config18,1,FOUND INTEGER FEASIBLE,0.000000,2.750611,0,0,-1,-1,0.000000,0.000000,0.000000,0.000000,0
r-stop-dp-R50_3_v2_d0.25_b5,config18,2,FOUND INTEGER FEASIBLE,0.000000,2.700481,0,0,-1,-1,0.000000,0.000000,0.000000,0.000000,0
r-stop-dp-R50_3_v2_d0.25_b5,config18,3,FOUND INTEGER FEASIBLE,0.000000,2.703853,0,0,-1,-1,0.000000,0.000000,0.000000,0.000000,0
r-stop-dp-R50_3_v4_d0.25_b1,config1,1,FOUND INTEGER FEASIBLE,0.000000,2569.965945,7401,0,-1,-1,-81.169670,-110.797180,0.000000,0.000000,0
r-stop-dp-R50_3_v4_d0.25_b1,config1,2,FOUND INTEGER FEASIBLE,0.000000,778.729513,2319,0,-1,-1,-127.543970,-154.339030,0.000000,0.000000,0
r-stop-dp-R50_3_v4_d0.25_b1,config1,3,FOUND INTEGER FEASIBLE,0.000000,1037.639198,3045,0,-1,-1,-122.757680,-138.031330,0.000000,0.000000,0
r-stop-dp-R50_3_v4_d0.25_b1,config3,1,FOUND INTEGER FEASIBLE,0.000000,3.911470,10,0,-1,-1,-59.346080,-63.925880,0.000000,0.000000,0
r-stop-dp-R50_3_v4_d0.25_b1,config3,2,FOUND INTEGER FEASIBLE,0.000000,80.196669,298,0,-1,-1,-94.526690,-133.771190,0.000000,0.000000,0
r-stop-dp-R50_3_v4_d0.25_b1,config3,3,FOUND INTEGER FEASIBLE,0.000000,1.817660,3,0,-1,-1,0.000000,0.000000,0.000000,0.000000,0
r-stop-dp-R50_3_v4_d0.25_b1,config20,1,FOUND INTEGER FEASIBLE,0.000000,2414.659914,5049,0,-1,-1,-35.803710,-52.528180,0.000000,0.000000,0
r-stop-dp-R50_3_v4_d0.25_b1,config20,2,FOUND INTEGER FEASIBLE,0.000000,904.022011,2009,0,-1,-1,-45.145830,-80.470950,0.000000,0.000000,0
r-stop-dp-R50_3_v4_d0.25_b1,config20,3,FOUND INTEGER FEASIBLE,0.000000,349.861083,842,0,-1,-1,-71.043940,-111.748220,0.000000,0.000000,0
r-stop-dp-R50_3_v4_d0.25_b1,config16,1,FOUND INTEGER FEASIBLE,3.198154,70.227169,184,12,2,0,-145.068770,-157.941820,0.000000,0.000000,0
r-stop-dp-R50_3_v4_d0.25_b1,config16,2,FOUND INTEGER FEASIBLE,3.206458,67.442412,171,12,2,0,-77.876500,-111.515740,0.000000,0.000000,0
r-stop-dp-R50_3_v4_d0.25_b1,config16,3,FOUND INTEGER FEASIBLE,2.458891,88.902370,195,12,2,0,-81.852050,-92.119070,0.000000,0.000000,0
r-stop-dp-R50_3_v4_d0.25_b1,config17,1,FOUND INTEGER FEASIBLE,0.185769,1.232763,0,2,0,0,0.000000,0.000000,0.000000,0.000000,0
r-stop-dp-R50_3_v4_d0.25_b1,config17,2,FOUND INTEGER FEASIBLE,0.183469,1.231374,0,2,0,0,0.000000,0.000000,0.000000,0.000000,0
r-stop-dp-R50_3_v4_d0.25_b1,config17,3,FOUND INTEGER FEASIBLE,0.184266,1.228012,0,2,0,0,0.000000,0.000000,0.000000,0.000000,0
r-stop-dp-R50_3_v4_d0.25_b1,config21,1,FOUND INTEGER FEASIBLE,2.520129,3.092198,2,12,0,0,0.000000,0.000000,0.000000,0.000000,0
r-stop-dp-R50_3_v4_d0.25_b1,config21,2,FOUND INTEGER FEASIBLE,2.611232,3.186110,2,12,0,0,0.000000,0.000000,0.000000,0.000000,0
r-stop-dp-R50_3_v4_d0.25_b1,config21,3,FOUND INTEGER FEASIBLE,2.630169,3.203968,1,12,0,0,0.000000,0.000000,0.000000,0.000000,0
r-stop-dp-R50_3_v4_d0.25_b1,config23,1,FOUND INTEGER FEASIBLE,2.609078,3.182872,0,12,0,0,0.000000,0.000000,0.000000,0.000000,0
r-stop-dp-R50_3_v4_d0.25_b1,config23,2,FOUND INTEGER FEASIBLE,2.606869,3.182559,0,12,0,0,0.000000,0.000000,0.000000,0.000000,0
r-stop-dp-R50_3_v4_d0.25_b1,config23,3,FOUND INTEGER FEASIBLE,1.874295,2.181178,0,12,0,0,0.000000,0.000000,0.000000,0.000000,0
r-stop-dp-R50_3_v4_d0.25_b1,config19,1,FOUND INTEGER FEASIBLE,0.000000,0.620961,0,0,-1,-1,-1.317530,-7.175590,0.000000,0.000000,0
r-stop-dp-R50_3_v4_d0.25_b1,config19,2,FOUND INTEGER FEASIBLE,0.000000,0.560629,0,0,-1,-1,-1.317530,-7.175590,0.000000,0.000000,0
r-stop-dp-R50_3_v4_d0.25_b1,config19,3,FOUND INTEGER FEASIBLE,0.000000,0.545752,0,0,-1,-1,-1.317530,-7.175590,0.000000,0.000000,0
r-stop-dp-R50_3_v4_d0.25_b1,config18,1,FOUND INTEGER FEASIBLE,0.000000,0.712166,0,0,-1,-1,-1.317530,-7.175590,0.000000,0.000000,0
r-stop-dp-R50_3_v4_d0.25_b1,config18,2,FOUND INTEGER FEASIBLE,0.000000,0.705590,0,0,-1,-1,-1.317530,-7.175590,0.000000,0.000000,0
r-stop-dp-R50_3_v4_d0.25_b1,config18,3,FOUND INTEGER FEASIBLE,0.000000,0.702141,0,0,-1,-1,-1.317530,-7.175590,0.000000,0.000000,0
r-stop-dp-R50_3_v4_d0.25_b5,config1,1,FOUND INTEGER FEASIBLE,0.000000,2657.468488,820,0,-1,-1,-138.798160,-145.475250,0.000000,0.000000,0
r-stop-dp-R50_3_v4_d0.25_b5,config1,2,FOUND INTEGER FEASIBLE,0.000000,1710.873835,533,0,-1,-1,-136.289490,-167.404660,0.000000,0.000000,0
r-stop-dp-R50_3_v4_d0.25_b5,config1,3,FOUND INTEGER FEASIBLE,0.000000,1420.262599,473,0,-1,-1,-145.864360,-166.025780,0.000000,0.000000,0
r-stop-dp-R50_3_v4_d0.25_b5,config3,1,FOUND INTEGER FEASIBLE,0.000000,53.483176,11,0,-1,-1,-70.510450,-70.510450,0.000000,0.000000,0
r-stop-dp-R50_3_v4_d0.25_b5,config3,2,FOUND INTEGER FEASIBLE,0.000000,41.157645,10,0,-1,-1,-14.860480,-21.906400,0.000000,0.000000,0
r-stop-dp-R50_3_v4_d0.25_b5,config3,3,FOUND INTEGER FEASIBLE,0.000000,5.789885,3,0,-1,-1,0.000000,0.000000,0.000000,0.000000,0
r-stop-dp-R50_3_v4_d0.25_b5,config20,1,FOUND INTEGER FEASIBLE,0.000000,2983.253008,544,0,-1,-1,-78.959160,-134.199690,0.000000,0.000000,0
r-stop-dp-R50_3_v4_d0.25_b5,config20,2,FOUND INTEGER FEASIBLE,0.000000,2159.455092,398,0,-1,-1,-122.090570,-134.140990,0.000000,0.000000,0
r-stop-dp-R50_3_v4_d0.25_b5,config20,3,FOUND INTEGER FEASIBLE,0.000000,2878.673446,538,0,-1,-1,-123.640800,-140.475770,0.000000,0.000000,0
r-stop-dp-R50_3_v4_d0.25_b5,config16,1,FOUND INTEGER FEASIBLE,14.626785,66.466216,201,12,2,0,-81.683320,-96.839920,0.000000,0.000000,0
r-stop-dp-R50_3_v4_d0.25_b5,config16,2,FOUND INTEGER FEASIBLE,15.857013,67.720680,227,12,2,0,-82.362540,-90.869780,0.000000,0.000000,0
r-stop-dp-R50_3_v4_d0.25_b5,config16,3,FOUND INTEGER FEASIBLE,14.650533,68.081334,228,12,2,0,-88.647160,-103.972620,0.000000,0.000000,0
r-stop-dp-R50_3_v4_d0.25_b5,config17,1,FOUND INTEGER FEASIBLE,0.668595,3.599738,0,2,0,0,0.000000,0.000000,0.000000,0.000000,0
r-stop-dp-R50_3_v4_d0.25_b5,config17,2,FOUND INTEGER FEASIBLE,0.667088,3.595652,0,2,0,0,0.000000,0.000000,0.000000,0.000000,0
r-stop-dp-R50_3_v4_d0.25_b5,config17,3,FOUND INTEGER FEASIBLE,0.666734,3.601644,0,2,0,0,0.000000,0.000000,0.000000,0.000000,0
r-stop-dp-R50_3_v4_d0.25_b5,config21,1,FOUND INTEGER FEASIBLE,21.982976,24.039793,0,12,0,0,0.000000,0.000000,0.000000,0.000000,0
r-stop-dp-R50_3_v4_d0.25_b5,config21,2,FOUND INTEGER FEASIBLE,22.013739,24.076763,0,12,0,0,0.000000,0.000000,0.000000,0.000000,0
r-stop-dp-R50_3_v4_d0.25_b5,config21,3,FOUND INTEGER FEASIBLE,21.976509,24.039462,0,12,0,0,0.000000,0.000000,0.000000,0.000000,0
r-stop-dp-R50_3_v4_d0.25_b5,config23,1,FOUND INTEGER FEASIBLE,21.878680,23.943689,5,12,0,0,0.000000,0.000000,0.000000,0.000000,0
r-stop-dp-R50_3_v4_d0.25_b5,config23,2,FOUND INTEGER FEASIBLE,21.973947,24.040291,5,12,0,0,0.000000,0.000000,0.000000,0.000000,0
r-stop-dp-R50_3_v4_d0.25_b5,config23,3,FOUND INTEGER FEASIBLE,21.999369,24.057722,3,12,0,0,0.000000,0.000000,0.000000,0.000000,0
r-stop-dp-R50_3_v4_d0.25_b5,config19,1,FOUND INTEGER FEASIBLE,0.000000,2.048196,0,0,-1,-1,-1.317530,-7.175590,0.000000,0.000000,0
r-stop-dp-R50_3_v4_d0.25_b5,config19,2,FOUND INTEGER FEASIBLE,0.000000,1.922974,0,0,-1,-1,-1.317530,-7.175590,0.000000,0.000000,0
r-stop-dp-R50_3_v4_d0.25_b5,config19,3,FOUND INTEGER FEASIBLE,0.000000,1.989779,0,0,-1,-1,-1.317530,-7.175590,0.000000,0.000000,0
r-stop-dp-R50_3_v4_d0.25_b5,config18,1,FOUND INTEGER FEASIBLE,0.000000,2.531571,0,0,-1,-1,-1.317530,-7.175590,0.000000,0.000000,0
r-stop-dp-R50_3_v4_d0.25_b5,config18,2,FOUND INTEGER FEASIBLE,0.000000,2.557903,0,0,-1,-1,-1.317530,-7.175590,0.000000,0.000000,0
r-stop-dp-R50_3_v4_d0.25_b5,config18,3,FOUND INTEGER FEASIBLE,0.000000,2.543492,0,0,-1,-1,-1.317530,-7.175590,0.000000,0.000000,0
r-stop-dp-R50_4_v2_d0.25_b1,config1,1,FAILED TO FIND AN INTEGER FEASIBLE SOLUTION,0.000000,3600,8869,0,-1,-1,0.000000,0.000000,0.482113,0.482113,12
r-stop-dp-R50_4_v2_d0.25_b1,config1,2,FOUND INTEGER FEASIBLE,0.000000,870.312351,2295,0,-1,-1,-15.777150,-24.848340,0.000000,0.000000,0
r-stop-dp-R50_4_v2_d0.25_b1,config1,3,FAILED TO FIND AN INTEGER FEASIBLE SOLUTION,0.000000,3600,9108,0,-1,-1,0.000000,0.000000,0.417756,0.417756,9
r-stop-dp-R50_4_v2_d0.25_b1,config3,1,FAILED TO FIND AN INTEGER FEASIBLE SOLUTION,0.000000,3600,9036,0,-1,-1,0.000000,0.000000,0.018660,0.018660,4
r-stop-dp-R50_4_v2_d0.25_b1,config3,2,FOUND INTEGER FEASIBLE,0.000000,3.936364,10,0,-1,-1,-22.048080,-35.433480,0.000000,0.000000,0
r-stop-dp-R50_4_v2_d0.25_b1,config3,3,FOUND INTEGER FEASIBLE,0.000000,2.213319,5,0,-1,-1,0.000000,0.000000,0.000000,0.000000,0
r-stop-dp-R50_4_v2_d0.25_b1,config20,1,FAILED TO FIND AN INTEGER FEASIBLE SOLUTION,0.000000,3600,6180,0,-1,-1,0.000000,0.000000,0.273069,0.273069,6
r-stop-dp-R50_4_v2_d0.25_b1,config20,2,FAILED TO FIND AN INTEGER FEASIBLE SOLUTION,0.000000,3600,6674,0,-1,-1,0.000000,0.000000,0.032330,0.032330,6
r-stop-dp-R50_4_v2_d0.25_b1,config20,3,FAILED TO FIND AN INTEGER FEASIBLE SOLUTION,0.000000,3600,6569,0,-1,-1,0.000000,0.000000,0.424667,0.424667,9
r-stop-dp-R50_4_v2_d0.25_b1,config16,1,FOUND INTEGER FEASIBLE,3.180389,77.498569,225,12,2,0,-35.557810,-101.045330,0.000000,0.000000,0
r-stop-dp-R50_4_v2_d0.25_b1,config16,2,FOUND INTEGER FEASIBLE,3.188749,62.367690,185,12,2,0,-61.096180,-78.415170,0.000000,0.000000,0
r-stop-dp-R50_4_v2_d0.25_b1,config16,3,FOUND INTEGER FEASIBLE,3.199926,60.447170,180,12,2,0,-74.230900,-76.531380,0.000000,0.000000,0
r-stop-dp-R50_4_v2_d0.25_b1,config17,1,FOUND INTEGER FEASIBLE,0.206615,0.781816,0,2,0,0,0.000000,0.000000,0.000000,0.000000,0
r-stop-dp-R50_4_v2_d0.25_b1,config17,2,FOUND INTEGER FEASIBLE,0.207044,0.785003,0,2,0,0,0.000000,0.000000,0.000000,0.000000,0
r-stop-dp-R50_4_v2_d0.25_b1,config17,3,FOUND INTEGER FEASIBLE,0.205992,0.781765,0,2,0,0,0.000000,0.000000,0.000000,0.000000,0
r-stop-dp-R50_4_v2_d0.25_b1,config21,1,FOUND INTEGER FEASIBLE,1.071995,1.659033,0,13,1,1,0.000000,0.000000,0.000000,0.000000,0
r-stop-dp-R50_4_v2_d0.25_b1,config21,2,FOUND INTEGER FEASIBLE,1.122723,1.713188,0,13,1,1,0.000000,0.000000,0.000000,0.000000,0
r-stop-dp-R50_4_v2_d0.25_b1,config21,3,FOUND INTEGER FEASIBLE,1.117192,1.709229,0,13,1,1,0.000000,0.000000,0.000000,0.000000,0
r-stop-dp-R50_4_v2_d0.25_b1,config23,1,FOUND INTEGER FEASIBLE,1.119678,1.709602,1,13,1,1,0.000000,0.000000,0.000000,0.000000,0
r-stop-dp-R50_4_v2_d0.25_b1,config23,2,FOUND INTEGER FEASIBLE,1.117962,1.711302,2,13,1,1,0.000000,0.000000,0.000000,0.000000,0
r-stop-dp-R50_4_v2_d0.25_b1,config23,3,FOUND INTEGER FEASIBLE,1.118782,1.709273,1,13,1,1,0.000000,0.000000,0.000000,0.000000,0
r-stop-dp-R50_4_v2_d0.25_b1,config19,1,FOUND INTEGER FEASIBLE,0.000000,0.610133,0,0,-1,-1,0.000000,0.000000,0.000000,0.000000,0
r-stop-dp-R50_4_v2_d0.25_b1,config19,2,FOUND INTEGER FEASIBLE,0.000000,0.587281,0,0,-1,-1,0.000000,0.000000,0.000000,0.000000,0
r-stop-dp-R50_4_v2_d0.25_b1,config19,3,FOUND INTEGER FEASIBLE,0.000000,0.586305,0,0,-1,-1,0.000000,0.000000,0.000000,0.000000,0
r-stop-dp-R50_4_v2_d0.25_b1,config18,1,FOUND INTEGER FEASIBLE,0.000000,0.614553,0,0,-1,-1,0.000000,0.000000,0.000000,0.000000,0
r-stop-dp-R50_4_v2_d0.25_b1,config18,2,FOUND INTEGER FEASIBLE,0.000000,0.755997,0,0,-1,-1,0.000000,0.000000,0.000000,0.000000,0
r-stop-dp-R50_4_v2_d0.25_b1,config18,3,FOUND INTEGER FEASIBLE,0.000000,0.741105,0,0,-1,-1,0.000000,0.000000,0.000000,0.000000,0
r-stop-dp-R50_4_v2_d0.25_b5,config1,1,FAILED TO FIND AN INTEGER FEASIBLE SOLUTION,0.000000,3600,747,0,-1,-1,0.000000,0.000000,1.695890,1.695890,20
r-stop-dp-R50_4_v2_d0.25_b5,config1,2,FAILED TO FIND AN INTEGER FEASIBLE SOLUTION,0.000000,3600,599,0,-1,-1,0.000000,0.000000,0.879450,0.879450,14
r-stop-dp-R50_4_v2_d0.25_b5,config1,3,FAILED TO FIND AN INTEGER FEASIBLE SOLUTION,0.000000,3600,802,0,-1,-1,0.000000,0.000000,0.451222,0.451222,6
r-stop-dp-R50_4_v2_d0.25_b5,config3,1,FAILED TO FIND AN INTEGER FEASIBLE SOLUTION,0.000000,3600,296,0,-1,-1,0.000000,0.000000,0.559741,0.559741,6
r-stop-dp-R50_4_v2_d0.25_b5,config3,2,FOUND INTEGER FEASIBLE,0.000000,75.319301,10,0,-1,-1,-22.048080,-35.433480,0.000000,0.000000,0
r-stop-dp-R50_4_v2_d0.25_b5,config3,3,FOUND INTEGER FEASIBLE,0.000000,70.707351,5,0,-1,-1,0.000000,0.000000,0.000000,0.000000,0
r-stop-dp-R50_4_v2_d0.25_b5,config20,1,FAILED TO FIND AN INTEGER FEASIBLE SOLUTION,0.000000,3600,634,0,-1,-1,0.000000,0.000000,0.896436,0.896436,17
r-stop-dp-R50_4_v2_d0.25_b5,config20,2,FAILED TO FIND AN INTEGER FEASIBLE SOLUTION,0.000000,3600,487,0,-1,-1,0.000000,0.000000,1.628672,1.628672,24
r-stop-dp-R50_4_v2_d0.25_b5,config20,3,FAILED TO FIND AN INTEGER FEASIBLE SOLUTION,0.000000,3600,508,0,-1,-1,0.000000,0.000000,0.900083,0.900083,10
r-stop-dp-R50_4_v2_d0.25_b5,config16,1,FOUND INTEGER FEASIBLE,13.243654,249.635177,246,12,2,0,-70.967330,-78.206430,0.000000,0.000000,0
r-stop-dp-R50_4_v2_d0.25_b5,config16,2,FOUND INTEGER FEASIBLE,13.286773,86.270858,187,12,2,0,-27.658160,-27.658160,0.000000,0.000000,0
r-stop-dp-R50_4_v2_d0.25_b5,config16,3,FOUND INTEGER FEASIBLE,13.389282,158.438405,212,12,2,0,-41.708100,-50.297740,0.000000,0.000000,0
r-stop-dp-R50_4_v2_d0.25_b5,config17,1,FOUND INTEGER FEASIBLE,1.209027,3.251697,0,2,0,0,0.000000,0.000000,0.000000,0.000000,0
r-stop-dp-R50_4_v2_d0.25_b5,config17,2,FOUND INTEGER FEASIBLE,1.203280,3.241941,0,2,0,0,0.000000,0.000000,0.000000,0.000000,0
r-stop-dp-R50_4_v2_d0.25_b5,config17,3,FOUND INTEGER FEASIBLE,1.195987,3.225413,0,2,0,0,0.000000,0.000000,0.000000,0.000000,0
r-stop-dp-R50_4_v2_d0.25_b5,config21,1,FOUND INTEGER FEASIBLE,50.929594,52.989917,2,12,0,0,0.000000,0.000000,0.000000,0.000000,0
r-stop-dp-R50_4_v2_d0.25_b5,config21,2,FOUND INTEGER FEASIBLE,50.757003,52.817282,2,12,0,0,0.000000,0.000000,0.000000,0.000000,0
r-stop-dp-R50_4_v2_d0.25_b5,config21,3,FOUND INTEGER FEASIBLE,51.074474,53.139790,2,12,0,0,0.000000,0.000000,0.000000,0.000000,0
r-stop-dp-R50_4_v2_d0.25_b5,config23,1,FOUND INTEGER FEASIBLE,50.874441,52.939921,0,12,0,0,0.000000,0.000000,0.000000,0.000000,0
r-stop-dp-R50_4_v2_d0.25_b5,config23,2,FOUND INTEGER FEASIBLE,50.941550,53.012101,0,12,0,0,0.000000,0.000000,0.000000,0.000000,0
r-stop-dp-R50_4_v2_d0.25_b5,config23,3,FOUND INTEGER FEASIBLE,50.646705,52.712613,0,12,0,0,0.000000,0.000000,0.000000,0.000000,0
r-stop-dp-R50_4_v2_d0.25_b5,config19,1,FOUND INTEGER FEASIBLE,0.000000,2.248869,0,0,-1,-1,0.000000,0.000000,0.000000,0.000000,0
r-stop-dp-R50_4_v2_d0.25_b5,config19,2,FOUND INTEGER FEASIBLE,0.000000,2.036501,0,0,-1,-1,0.000000,0.000000,0.000000,0.000000,0
r-stop-dp-R50_4_v2_d0.25_b5,config19,3,FOUND INTEGER FEASIBLE,0.000000,2.147656,0,0,-1,-1,0.000000,0.000000,0.000000,0.000000,0
r-stop-dp-R50_4_v2_d0.25_b5,config18,1,FOUND INTEGER FEASIBLE,0.000000,2.659630,0,0,-1,-1,0.000000,0.000000,0.000000,0.000000,0
r-stop-dp-R50_4_v2_d0.25_b5,config18,2,FOUND INTEGER FEASIBLE,0.000000,2.717540,0,0,-1,-1,0.000000,0.000000,0.000000,0.000000,0
r-stop-dp-R50_4_v2_d0.25_b5,config18,3,FOUND INTEGER FEASIBLE,0.000000,2.693760,0,0,-1,-1,0.000000,0.000000,0.000000,0.000000,0
r-stop-dp-R50_4_v4_d0.25_b1,config1,1,FOUND INTEGER FEASIBLE,0.000000,876.660344,2194,0,-1,-1,-65.222910,-107.792820,0.000000,0.000000,0
r-stop-dp-R50_4_v4_d0.25_b1,config1,2,FOUND INTEGER FEASIBLE,0.000000,819.046452,2145,0,-1,-1,-127.494990,-189.451850,0.000000,0.000000,0
r-stop-dp-R50_4_v4_d0.25_b1,config1,3,FOUND INTEGER FEASIBLE,0.000000,569.871176,1541,0,-1,-1,-125.539760,-145.681790,0.000000,0.000000,0
r-stop-dp-R50_4_v4_d0.25_b1,config3,1,FOUND INTEGER FEASIBLE,0.000000,14.336664,44,0,-1,-1,-111.839710,-167.970310,0.000000,0.000000,0
r-stop-dp-R50_4_v4_d0.25_b1,config3,2,FOUND INTEGER FEASIBLE,0.000000,3.834511,10,0,-1,-1,-22.048080,-35.433480,0.000000,0.000000,0
r-stop-dp-R50_4_v4_d0.25_b1,config3,3,FOUND INTEGER FEASIBLE,0.000000,2.199076,5,0,-1,-1,0.000000,0.000000,0.000000,0.000000,0
r-stop-dp-R50_4_v4_d0.25_b1,config20,1,FOUND INTEGER FEASIBLE,0.000000,786.843252,1545,0,-1,-1,-105.367730,-179.955810,0.000000,0.000000,0
r-stop-dp-R50_4_v4_d0.25_b1,config20,2,FOUND INTEGER FEASIBLE,0.000000,708.858428,1537,0,-1,-1,-127.448100,-169.814260,0.000000,0.000000,0
r-stop-dp-R50_4_v4_d0.25_b1,config20,3,FOUND INTEGER FEASIBLE,0.000000,647.174884,1446,0,-1,-1,-112.074620,-126.543380,0.000000,0.000000,0
r-stop-dp-R50_4_v4_d0.25_b1,config16,1,FOUND INTEGER FEASIBLE,2.286247,184.210404,499,12,5,1,-76.762700,-130.955290,0.000000,0.000000,0
r-stop-dp-R50_4_v4_d0.25_b1,config16,2,FOUND INTEGER FEASIBLE,2.288696,408.737445,1099,12,12,1,-69.472330,-123.483570,0.000000,0.000000,0
r-stop-dp-R50_4_v4_d0.25_b1,config16,3,FOUND INTEGER FEASIBLE,2.298279,246.777520,637,12,7,1,-94.996690,-183.889590,0.000000,0.000000,0
r-stop-dp-R50_4_v4_d0.25_b1,config17,1,FOUND INTEGER FEASIBLE,0.183865,1.234012,0,2,0,0,0.000000,0.000000,0.000000,0.000000,0
r-stop-dp-R50_4_v4_d0.25_b1,config17,2,FOUND INTEGER FEASIBLE,0.185336,1.233671,0,2,0,0,0.000000,0.000000,0.000000,0.000000,0
r-stop-dp-R50_4_v4_d0.25_b1,config17,3,FOUND INTEGER FEASIBLE,0.184477,1.226232,0,2,0,0,0.000000,0.000000,0.000000,0.000000,0
r-stop-dp-R50_4_v4_d0.25_b1,config21,1,FOUND INTEGER FEASIBLE,2.277141,2.849945,2,12,0,0,0.000000,0.000000,0.000000,0.000000,0
r-stop-dp-R50_4_v4_d0.25_b1,config21,2,FOUND INTEGER FEASIBLE,2.360304,2.933790,1,12,0,0,0.000000,0.000000,0.000000,0.000000,0
r-stop-dp-R50_4_v4_d0.25_b1,config21,3,FOUND INTEGER FEASIBLE,2.359809,2.937059,2,12,0,0,0.000000,0.000000,0.000000,0.000000,0
r-stop-dp-R50_4_v4_d0.25_b1,config23,1,FOUND INTEGER FEASIBLE,2.354844,2.929657,0,12,0,0,0.000000,0.000000,0.000000,0.000000,0
r-stop-dp-R50_4_v4_d0.25_b1,config23,2,FOUND INTEGER FEASIBLE,2.366399,2.942326,0,12,0,0,0.000000,0.000000,0.000000,0.000000,0
r-stop-dp-R50_4_v4_d0.25_b1,config23,3,FOUND INTEGER FEASIBLE,2.352472,2.928528,0,12,0,0,0.000000,0.000000,0.000000,0.000000,0
r-stop-dp-R50_4_v4_d0.25_b1,config19,1,FOUND INTEGER FEASIBLE,0.000000,0.614164,0,0,-1,-1,-1.317530,-7.175590,0.000000,0.000000,0
r-stop-dp-R50_4_v4_d0.25_b1,config19,2,FOUND INTEGER FEASIBLE,0.000000,0.600687,0,0,-1,-1,-1.317530,-7.175590,0.000000,0.000000,0
r-stop-dp-R50_4_v4_d0.25_b1,config19,3,FOUND INTEGER FEASIBLE,0.000000,0.524257,0,0,-1,-1,-1.317530,-7.175590,0.000000,0.000000,0
r-stop-dp-R50_4_v4_d0.25_b1,config18,1,FOUND INTEGER FEASIBLE,0.000000,0.709297,0,0,-1,-1,-1.317530,-7.175590,0.000000,0.000000,0
r-stop-dp-R50_4_v4_d0.25_b1,config18,2,FOUND INTEGER FEASIBLE,0.000000,0.697527,0,0,-1,-1,-1.317530,-7.175590,0.000000,0.000000,0
r-stop-dp-R50_4_v4_d0.25_b1,config18,3,FOUND INTEGER FEASIBLE,0.000000,0.698053,0,0,-1,-1,-1.317530,-7.175590,0.000000,0.000000,0
r-stop-dp-R50_4_v4_d0.25_b5,config1,1,FOUND INTEGER FEASIBLE,0.000000,1452.185777,397,0,-1,-1,-66.587080,-146.755020,0.000000,0.000000,0
r-stop-dp-R50_4_v4_d0.25_b5,config1,2,FOUND INTEGER FEASIBLE,0.000000,868.085494,251,0,-1,-1,-109.754070,-144.590520,0.000000,0.000000,0
r-stop-dp-R50_4_v4_d0.25_b5,config1,3,FOUND INTEGER FEASIBLE,0.000000,1900.709376,363,0,-1,-1,-113.488720,-129.775600,0.000000,0.000000,0
r-stop-dp-R50_4_v4_d0.25_b5,config3,1,FOUND INTEGER FEASIBLE,0.000000,1427.509141,179,0,-1,-1,-61.154410,-111.215760,0.000000,0.000000,0
r-stop-dp-R50_4_v4_d0.25_b5,config3,2,FOUND INTEGER FEASIBLE,0.000000,72.162512,10,0,-1,-1,-22.048080,-35.433480,0.000000,0.000000,0
r-stop-dp-R50_4_v4_d0.25_b5,config3,3,FOUND INTEGER FEASIBLE,0.000000,70.497308,5,0,-1,-1,0.000000,0.000000,0.000000,0.000000,0
r-stop-dp-R50_4_v4_d0.25_b5,config20,1,FAILED TO FIND AN INTEGER FEASIBLE SOLUTION,0.000000,3600,550,0,-1,-1,0.000000,0.000000,0.351639,0.351639,6
r-stop-dp-R50_4_v4_d0.25_b5,config20,2,FAILED TO FIND AN INTEGER FEASIBLE SOLUTION,0.000000,3600,403,0,-1,-1,0.000000,0.000000,0.812869,0.812869,11
r-stop-dp-R50_4_v4_d0.25_b5,config20,3,FOUND INTEGER FEASIBLE,0.000000,3185.276854,448,0,-1,-1,-89.402110,-118.355350,0.000000,0.000000,0
r-stop-dp-R50_4_v4_d0.25_b5,config16,1,FOUND INTEGER FEASIBLE,7.764223,10.758046,23,12,1,1,-121.257860,-195.209230,0.000000,0.000000,0
r-stop-dp-R50_4_v4_d0.25_b5,config16,2,FOUND INTEGER FEASIBLE,7.664194,10.573917,58,12,1,1,-96.588710,-128.581090,0.000000,0.000000,0
r-stop-dp-R50_4_v4_d0.25_b5,config16,3,FOUND INTEGER FEASIBLE,7.664620,9.615455,28,12,1,1,-143.610890,-202.311050,0.000000,0.000000,0
r-stop-dp-R50_4_v4_d0.25_b5,config17,1,FOUND INTEGER FEASIBLE,0.834019,3.791285,0,2,0,0,0.000000,0.000000,0.000000,0.000000,0
r-stop-dp-R50_4_v4_d0.25_b5,config17,2,FOUND INTEGER FEASIBLE,0.821492,3.764628,0,2,0,0,0.000000,0.000000,0.000000,0.000000,0
r-stop-dp-R50_4_v4_d0.25_b5,config17,3,FOUND INTEGER FEASIBLE,0.823276,3.764685,0,2,0,0,0.000000,0.000000,0.000000,0.000000,0
r-stop-dp-R50_4_v4_d0.25_b5,config21,1,FOUND INTEGER FEASIBLE,21.213667,23.287696,0,12,0,0,0.000000,0.000000,0.000000,0.000000,0
r-stop-dp-R50_4_v4_d0.25_b5,config21,2,FOUND INTEGER FEASIBLE,21.241610,23.308059,0,12,0,0,0.000000,0.000000,0.000000,0.000000,0
r-stop-dp-R50_4_v4_d0.25_b5,config21,3,FOUND INTEGER FEASIBLE,21.144118,23.213545,0,12,0,0,0.000000,0.000000,0.000000,0.000000,0
r-stop-dp-R50_4_v4_d0.25_b5,config23,1,FOUND INTEGER FEASIBLE,21.254200,23.329154,7,12,0,0,0.000000,0.000000,0.000000,0.000000,0
r-stop-dp-R50_4_v4_d0.25_b5,config23,2,FOUND INTEGER FEASIBLE,21.084380,23.164907,7,12,0,0,0.000000,0.000000,0.000000,0.000000,0
r-stop-dp-R50_4_v4_d0.25_b5,config23,3,FOUND INTEGER FEASIBLE,21.237968,23.309890,5,12,0,0,0.000000,0.000000,0.000000,0.000000,0
r-stop-dp-R50_4_v4_d0.25_b5,config19,1,FOUND INTEGER FEASIBLE,0.000000,2.040174,0,0,-1,-1,-1.317530,-7.175590,0.000000,0.000000,0
r-stop-dp-R50_4_v4_d0.25_b5,config19,2,FOUND INTEGER FEASIBLE,0.000000,1.953872,0,0,-1,-1,-1.317530,-7.175590,0.000000,0.000000,0
r-stop-dp-R50_4_v4_d0.25_b5,config19,3,FOUND INTEGER FEASIBLE,0.000000,2.064764,0,0,-1,-1,-1.317530,-7.175590,0.000000,0.000000,0
r-stop-dp-R50_4_v4_d0.25_b5,config18,1,FOUND INTEGER FEASIBLE,0.000000,2.601298,0,0,-1,-1,-1.317530,-7.175590,0.000000,0.000000,0
r-stop-dp-R50_4_v4_d0.25_b5,config18,2,FOUND INTEGER FEASIBLE,0.000000,2.554780,0,0,-1,-1,-1.317530,-7.175590,0.000000,0.000000,0
r-stop-dp-R50_4_v4_d0.25_b5,config18,3,FOUND INTEGER FEASIBLE,0.000000,2.551195,0,0,-1,-1,-1.317530,-7.175590,0.000000,0.000000,0
r-stop-dp-RC100_3_v2_d0.25_b1,config1,1,FAILED TO FIND AN INTEGER FEASIBLE SOLUTION,0.000000,3600,395,0,-1,-1,0.000000,0.000000,14.591377,14.591377,133
r-stop-dp-RC100_3_v2_d0.25_b1,config1,2,FAILED TO FIND AN INTEGER FEASIBLE SOLUTION,0.000000,3600,387,0,-1,-1,0.000000,0.000000,13.809180,13.821298,123
r-stop-dp-RC100_3_v2_d0.25_b1,config1,3,FAILED TO FIND AN INTEGER FEASIBLE SOLUTION,0.000000,3600,389,0,-1,-1,0.000000,0.000000,14.206076,14.206076,108
r-stop-dp-RC100_3_v2_d0.25_b1,config3,1,FOUND INTEGER FEASIBLE,0.000000,10.137071,3,0,-1,-1,0.000000,0.000000,0.000000,0.000000,0
r-stop-dp-RC100_3_v2_d0.25_b1,config3,2,FOUND INTEGER FEASIBLE,0.000000,10.210863,3,0,-1,-1,0.000000,0.000000,0.000000,0.000000,0
r-stop-dp-RC100_3_v2_d0.25_b1,config3,3,FOUND INTEGER FEASIBLE,0.000000,11.941925,4,0,-1,-1,0.000000,0.000000,0.000000,0.000000,0
r-stop-dp-RC100_3_v2_d0.25_b1,config20,1,FAILED TO FIND AN INTEGER FEASIBLE SOLUTION,0.000000,3600,225,0,-1,-1,0.000000,0.000000,14.535789,14.954081,102
r-stop-dp-RC100_3_v2_d0.25_b1,config20,2,FAILED TO FIND AN INTEGER FEASIBLE SOLUTION,0.000000,3600,225,0,-1,-1,0.000000,0.000000,15.778718,15.778718,136
r-stop-dp-RC100_3_v2_d0.25_b1,config20,3,FAILED TO FIND AN INTEGER FEASIBLE SOLUTION,0.000000,3600,236,0,-1,-1,0.000000,0.000000,14.708373,14.708373,136
r-stop-dp-RC100_3_v2_d0.25_b1,config16,1,FAILED TO FIND AN INTEGER FEASIBLE SOLUTION,39.632477,3600,446,13,13,1,0.000000,0.000000,12.209916,12.229120,94
r-stop-dp-RC100_3_v2_d0.25_b1,config16,2,FAILED TO FIND AN INTEGER FEASIBLE SOLUTION,39.488750,3600,502,13,13,1,0.000000,0.000000,14.168733,14.168733,125
r-stop-dp-RC100_3_v2_d0.25_b1,config16,3,FAILED TO FIND AN INTEGER FEASIBLE SOLUTION,39.509788,3600,652,13,13,1,0.000000,0.000000,9.988324,9.988324,120
r-stop-dp-RC100_3_v2_d0.25_b1,config17,1,FOUND INTEGER FEASIBLE,1.082610,4.851994,2,8,0,0,0.000000,0.000000,0.000000,0.000000,0
r-stop-dp-RC100_3_v2_d0.25_b1,config17,2,FOUND INTEGER FEASIBLE,1.095497,4.753635,2,8,0,0,0.000000,0.000000,0.000000,0.000000,0
r-stop-dp-RC100_3_v2_d0.25_b1,config17,3,FOUND INTEGER FEASIBLE,1.075390,4.711229,1,8,0,0,0.000000,0.000000,0.000000,0.000000,0
r-stop-dp-RC100_3_v2_d0.25_b1,config21,1,FOUND INTEGER FEASIBLE,13.548795,17.284662,0,12,0,0,0.000000,0.000000,0.000000,0.000000,0
r-stop-dp-RC100_3_v2_d0.25_b1,config21,2,FOUND INTEGER FEASIBLE,13.391118,17.099197,0,12,0,0,0.000000,0.000000,0.000000,0.000000,0
r-stop-dp-RC100_3_v2_d0.25_b1,config21,3,FOUND INTEGER FEASIBLE,13.558732,17.281122,0,12,0,0,0.000000,0.000000,0.000000,0.000000,0
r-stop-dp-RC100_3_v2_d0.25_b1,config23,1,FOUND INTEGER FEASIBLE,13.371394,17.105178,4,12,0,0,0.000000,0.000000,0.000000,0.000000,0
r-stop-dp-RC100_3_v2_d0.25_b1,config23,2,FOUND INTEGER FEASIBLE,13.538421,17.285399,4,12,0,0,0.000000,0.000000,0.000000,0.000000,0
r-stop-dp-RC100_3_v2_d0.25_b1,config23,3,FOUND INTEGER FEASIBLE,13.441136,17.143879,10,12,0,0,0.000000,0.000000,0.000000,0.000000,0
r-stop-dp-RC100_3_v2_d0.25_b1,config19,1,FOUND INTEGER FEASIBLE,0.000000,4.237396,0,0,-1,-1,-1.255030,-11.204230,0.000000,0.000000,0
r-stop-dp-RC100_3_v2_d0.25_b1,config19,2,FOUND INTEGER FEASIBLE,0.000000,4.225648,0,0,-1,-1,-1.255030,-11.204230,0.000000,0.000000,0
r-stop-dp-RC100_3_v2_d0.25_b1,config19,3,FOUND INTEGER FEASIBLE,0.000000,4.433976,0,0,-1,-1,-1.255030,-11.204230,0.000000,0.000000,0
r-stop-dp-RC100_3_v2_d0.25_b1,config18,1,FOUND INTEGER FEASIBLE,0.000000,5.510736,0,0,-1,-1,-1.255030,-11.204230,0.000000,0.000000,0
r-stop-dp-RC100_3_v2_d0.25_b1,config18,2,FOUND INTEGER FEASIBLE,0.000000,5.299025,0,0,-1,-1,-1.255030,-11.204230,0.000000,0.000000,0
r-stop-dp-RC100_3_v2_d0.25_b1,config18,3,FOUND INTEGER FEASIBLE,0.000000,4.810879,0,0,-1,-1,-1.255030,-11.204230,0.000000,0.000000,0
r-stop-dp-RC100_3_v2_d0.25_b5,config1,1,FAILED TO FIND AN INTEGER FEASIBLE SOLUTION,0.000000,3600,28,0,-1,-1,0.000000,0.000000,17.834338,17.834338,179
r-stop-dp-RC100_3_v2_d0.25_b5,config1,2,FAILED TO FIND AN INTEGER FEASIBLE SOLUTION,0.000000,3600,28,0,-1,-1,0.000000,0.000000,17.547753,17.547753,159
r-stop-dp-RC100_3_v2_d0.25_b5,config1,3,FAILED TO FIND AN INTEGER FEASIBLE SOLUTION,0.000000,3600,28,0,-1,-1,0.000000,0.000000,17.651799,17.651799,186
r-stop-dp-RC100_3_v2_d0.25_b5,config3,1,FOUND INTEGER FEASIBLE,0.000000,579.022128,3,0,-1,-1,0.000000,0.000000,0.000000,0.000000,0
r-stop-dp-RC100_3_v2_d0.25_b5,config3,2,FOUND INTEGER FEASIBLE,0.000000,591.050372,3,0,-1,-1,0.000000,0.000000,0.000000,0.000000,0
r-stop-dp-RC100_3_v2_d0.25_b5,config3,3,FAILED TO FIND AN INTEGER FEASIBLE SOLUTION,0.000000,3600,1,0,-1,-1,0.000000,0.000000,1.393151,1.393151,4
r-stop-dp-RC100_3_v2_d0.25_b5,config20,1,FAILED TO FIND AN INTEGER FEASIBLE SOLUTION,0.000000,3600,10,0,-1,-1,0.000000,0.000000,21.472487,21.588203,176
r-stop-dp-RC100_3_v2_d0.25_b5,config20,2,FAILED TO FIND AN INTEGER FEASIBLE SOLUTION,0.000000,3600,10,0,-1,-1,0.000000,0.000000,21.278105,21.291112,171
r-stop-dp-RC100_3_v2_d0.25_b5,config20,3,FAILED TO FIND AN INTEGER FEASIBLE SOLUTION,0.000000,3600,8,0,-1,-1,0.000000,0.000000,20.201444,20.265498,150
r-stop-dp-RC100_3_v2_d0.25_b5,config16,1,FAILED TO FIND AN INTEGER FEASIBLE SOLUTION,319.874812,3600,142,12,12,0,0.000000,0.000000,4.120762,4.120762,31
r-stop-dp-RC100_3_v2_d0.25_b5,config16,2,FAILED TO FIND AN INTEGER FEASIBLE SOLUTION,318.745701,3600,155,12,12,0,0.000000,0.000000,3.761187,3.761187,45
r-stop-dp-RC100_3_v2_d0.25_b5,config16,3,FAILED TO FIND AN INTEGER FEASIBLE SOLUTION,320.651047,3600,139,12,12,0,0.000000,0.000000,4.120762,4.120762,31
r-stop-dp-RC100_3_v2_d0.25_b5,config17,1,FOUND INTEGER FEASIBLE,11.045506,22.896213,0,6,0,0,0.000000,0.000000,0.000000,0.000000,0
r-stop-dp-RC100_3_v2_d0.25_b5,config17,2,FOUND INTEGER FEASIBLE,11.048621,22.348343,0,6,0,0,0.000000,0.000000,0.000000,0.000000,0
r-stop-dp-RC100_3_v2_d0.25_b5,config17,3,FOUND INTEGER FEASIBLE,11.065523,22.485415,0,6,0,0,0.000000,0.000000,0.000000,0.000000,0
r-stop-dp-RC100_3_v2_d0.25_b5,config21,1,FOUND INTEGER FEASIBLE,333.155311,344.681680,1,12,0,0,0.000000,0.000000,0.000000,0.000000,0
r-stop-dp-RC100_3_v2_d0.25_b5,config21,2,FOUND INTEGER FEASIBLE,336.252840,347.895587,2,12,0,0,0.000000,0.000000,0.000000,0.000000,0
r-stop-dp-RC100_3_v2_d0.25_b5,config21,3,FOUND INTEGER FEASIBLE,332.781613,344.341955,1,12,0,0,0.000000,0.000000,0.000000,0.000000,0
r-stop-dp-RC100_3_v2_d0.25_b5,config23,1,FOUND INTEGER FEASIBLE,334.631738,346.191872,3,12,0,0,0.000000,0.000000,0.000000,0.000000,0
r-stop-dp-RC100_3_v2_d0.25_b5,config23,2,FOUND INTEGER FEASIBLE,333.130394,343.800690,3,12,0,0,0.000000,0.000000,0.000000,0.000000,0
r-stop-dp-RC100_3_v2_d0.25_b5,config23,3,FOUND INTEGER FEASIBLE,333.855279,345.573266,15,12,0,0,0.000000,0.000000,0.000000,0.000000,0
r-stop-dp-RC100_3_v2_d0.25_b5,config19,1,FOUND INTEGER FEASIBLE,0.000000,15.445746,0,0,-1,-1,-1.255030,-11.204230,0.000000,0.000000,0
r-stop-dp-RC100_3_v2_d0.25_b5,config19,2,FOUND INTEGER FEASIBLE,0.000000,15.343894,0,0,-1,-1,-1.255030,-11.204230,0.000000,0.000000,0
r-stop-dp-RC100_3_v2_d0.25_b5,config19,3,FOUND INTEGER FEASIBLE,0.000000,14.717205,0,0,-1,-1,-1.255030,-11.204230,0.000000,0.000000,0
r-stop-dp-RC100_3_v2_d0.25_b5,config18,1,FOUND INTEGER FEASIBLE,0.000000,18.711160,0,0,-1,-1,-1.255030,-11.204230,0.000000,0.000000,0
r-stop-dp-RC100_3_v2_d0.25_b5,config18,2,FOUND INTEGER FEASIBLE,0.000000,18.234148,0,0,-1,-1,-1.255030,-11.204230,0.000000,0.000000,0
r-stop-dp-RC100_3_v2_d0.25_b5,config18,3,FOUND INTEGER FEASIBLE,0.000000,18.341109,0,0,-1,-1,-1.255030,-11.204230,0.000000,0.000000,0
r-stop-dp-RC100_3_v4_d0.25_b1,config1,1,FAILED TO FIND AN INTEGER FEASIBLE SOLUTION,0.000000,3600,473,0,-1,-1,0.000000,0.000000,9.223979,9.223979,74
r-stop-dp-RC100_3_v4_d0.25_b1,config1,2,FAILED TO FIND AN INTEGER FEASIBLE SOLUTION,0.000000,3600,454,0,-1,-1,0.000000,0.000000,10.591671,10.591671,108
r-stop-dp-RC100_3_v4_d0.25_b1,config1,3,FAILED TO FIND AN INTEGER FEASIBLE SOLUTION,0.000000,3600,455,0,-1,-1,0.000000,0.000000,8.716320,8.716320,90
r-stop-dp-RC100_3_v4_d0.25_b1,config3,1,FOUND INTEGER FEASIBLE,0.000000,10.203584,3,0,-1,-1,0.000000,0.000000,0.000000,0.000000,0
r-stop-dp-RC100_3_v4_d0.25_b1,config3,2,FOUND INTEGER FEASIBLE,0.000000,10.140183,3,0,-1,-1,0.000000,0.000000,0.000000,0.000000,0
r-stop-dp-RC100_3_v4_d0.25_b1,config3,3,FOUND INTEGER FEASIBLE,0.000000,12.304290,4,0,-1,-1,0.000000,0.000000,0.000000,0.000000,0
r-stop-dp-RC100_3_v4_d0.25_b1,config20,1,FAILED TO FIND AN INTEGER FEASIBLE SOLUTION,0.000000,3600,332,0,-1,-1,0.000000,0.000000,11.823415,11.823415,105
r-stop-dp-RC100_3_v4_d0.25_b1,config20,2,FAILED TO FIND AN INTEGER FEASIBLE SOLUTION,0.000000,3600,284,0,-1,-1,0.000000,0.000000,13.197937,13.197937,127
r-stop-dp-RC100_3_v4_d0.25_b1,config20,3,FAILED TO FIND AN INTEGER FEASIBLE SOLUTION,0.000000,3600,283,0,-1,-1,0.000000,0.000000,12.375811,12.452764,104
r-stop-dp-RC100_3_v4_d0.25_b1,config16,1,FAILED TO FIND AN INTEGER FEASIBLE SOLUTION,28.882736,3600,588,12,12,1,0.000000,0.000000,10.103902,10.290791,81
r-stop-dp-RC100_3_v4_d0.25_b1,config16,2,FAILED TO FIND AN INTEGER FEASIBLE SOLUTION,28.810936,3600,560,12,12,1,0.000000,0.000000,8.264013,8.264013,67
r-stop-dp-RC100_3_v4_d0.25_b1,config16,3,FAILED TO FIND AN INTEGER FEASIBLE SOLUTION,29.027054,3600,481,12,11,1,0.000000,0.000000,6.667023,6.667023,74
r-stop-dp-RC100_3_v4_d0.25_b1,config17,1,FOUND INTEGER FEASIBLE,1.082870,4.927216,0,8,0,0,0.000000,0.000000,0.000000,0.000000,0
r-stop-dp-RC100_3_v4_d0.25_b1,config17,2,FOUND INTEGER FEASIBLE,1.086980,4.770588,0,8,0,0,0.000000,0.000000,0.000000,0.000000,0
r-stop-dp-RC100_3_v4_d0.25_b1,config17,3,FOUND INTEGER FEASIBLE,1.079473,4.717836,0,8,0,0,0.000000,0.000000,0.000000,0.000000,0
r-stop-dp-RC100_3_v4_d0.25_b1,config21,1,FOUND INTEGER FEASIBLE,13.722315,17.455238,0,12,0,0,0.000000,0.000000,0.000000,0.000000,0
r-stop-dp-RC100_3_v4_d0.25_b1,config21,2,FOUND INTEGER FEASIBLE,13.527562,17.224459,0,12,0,0,0.000000,0.000000,0.000000,0.000000,0
r-stop-dp-RC100_3_v4_d0.25_b1,config21,3,FOUND INTEGER FEASIBLE,13.762971,17.524464,0,12,0,0,0.000000,0.000000,0.000000,0.000000,0
r-stop-dp-RC100_3_v4_d0.25_b1,config23,1,FOUND INTEGER FEASIBLE,13.713169,17.456485,6,12,0,0,0.000000,0.000000,0.000000,0.000000,0
r-stop-dp-RC100_3_v4_d0.25_b1,config23,2,FOUND INTEGER FEASIBLE,13.714487,17.477617,3,12,0,0,0.000000,0.000000,0.000000,0.000000,0
r-stop-dp-RC100_3_v4_d0.25_b1,config23,3,FOUND INTEGER FEASIBLE,13.752803,17.479324,4,12,0,0,0.000000,0.000000,0.000000,0.000000,0
r-stop-dp-RC100_3_v4_d0.25_b1,config19,1,FOUND INTEGER FEASIBLE,0.000000,4.572484,0,0,-1,-1,-1.255030,-11.204230,0.000000,0.000000,0
r-stop-dp-RC100_3_v4_d0.25_b1,config19,2,FOUND INTEGER FEASIBLE,0.000000,4.586659,0,0,-1,-1,-1.255030,-11.204230,0.000000,0.000000,0
r-stop-dp-RC100_3_v4_d0.25_b1,config19,3,FOUND INTEGER FEASIBLE,0.000000,4.540411,0,0,-1,-1,-1.255030,-11.204230,0.000000,0.000000,0
r-stop-dp-RC100_3_v4_d0.25_b1,config18,1,FOUND INTEGER FEASIBLE,0.000000,5.586554,0,0,-1,-1,-1.255030,-11.204230,0.000000,0.000000,0
r-stop-dp-RC100_3_v4_d0.25_b1,config18,2,FOUND INTEGER FEASIBLE,0.000000,5.590800,0,0,-1,-1,-1.255030,-11.204230,0.000000,0.000000,0
r-stop-dp-RC100_3_v4_d0.25_b1,config18,3,FOUND INTEGER FEASIBLE,0.000000,5.563310,0,0,-1,-1,-1.255030,-11.204230,0.000000,0.000000,0
r-stop-dp-RC100_3_v4_d0.25_b5,config1,1,FAILED TO FIND AN INTEGER FEASIBLE SOLUTION,0.000000,3600,27,0,-1,-1,0.000000,0.000000,15.756592,15.756592,185
r-stop-dp-RC100_3_v4_d0.25_b5,config1,2,FAILED TO FIND AN INTEGER FEASIBLE SOLUTION,0.000000,3600,29,0,-1,-1,0.000000,0.000000,15.756592,15.756592,185
r-stop-dp-RC100_3_v4_d0.25_b5,config1,3,FAILED TO FIND AN INTEGER FEASIBLE SOLUTION,0.000000,3600,26,0,-1,-1,0.000000,0.000000,15.756592,15.756592,185
r-stop-dp-RC100_3_v4_d0.25_b5,config3,1,FAILED TO FIND AN INTEGER FEASIBLE SOLUTION,0.000000,3600,1,0,-1,-1,0.000000,0.000000,1.332813,1.332813,9
r-stop-dp-RC100_3_v4_d0.25_b5,config3,2,FAILED TO FIND AN INTEGER FEASIBLE SOLUTION,0.000000,3600,1,0,-1,-1,0.000000,0.000000,1.332813,1.332813,9
r-stop-dp-RC100_3_v4_d0.25_b5,config3,3,FAILED TO FIND AN INTEGER FEASIBLE SOLUTION,0.000000,3600,1,0,-1,-1,0.000000,0.000000,1.393151,1.393151,4
r-stop-dp-RC100_3_v4_d0.25_b5,config20,1,FAILED TO FIND AN INTEGER FEASIBLE SOLUTION,0.000000,3600,11,0,-1,-1,0.000000,0.000000,17.602104,17.800689,159
r-stop-dp-RC100_3_v4_d0.25_b5,config20,2,FAILED TO FIND AN INTEGER FEASIBLE SOLUTION,0.000000,3600,13,0,-1,-1,0.000000,0.000000,17.131583,17.131583,173
r-stop-dp-RC100_3_v4_d0.25_b5,config20,3,FAILED TO FIND AN INTEGER FEASIBLE SOLUTION,0.000000,3600,12,0,-1,-1,0.000000,0.000000,17.644969,17.827513,151
r-stop-dp-RC100_3_v4_d0.25_b5,config16,1,FAILED TO FIND AN INTEGER FEASIBLE SOLUTION,225.064934,3600,46,12,12,1,0.000000,0.000000,19.822091,19.822091,165
r-stop-dp-RC100_3_v4_d0.25_b5,config16,2,FAILED TO FIND AN INTEGER FEASIBLE SOLUTION,222.855390,3600,48,12,12,1,0.000000,0.000000,19.031540,19.031540,177
r-stop-dp-RC100_3_v4_d0.25_b5,config16,3,FAILED TO FIND AN INTEGER FEASIBLE SOLUTION,224.295745,3600,44,12,12,1,0.000000,0.000000,18.548608,18.548608,176
r-stop-dp-RC100_3_v4_d0.25_b5,config17,1,FOUND INTEGER FEASIBLE,13.132661,24.753137,0,9,0,0,0.000000,0.000000,0.000000,0.000000,0
r-stop-dp-RC100_3_v4_d0.25_b5,config17,2,FOUND INTEGER FEASIBLE,12.990410,24.377663,0,9,0,0,0.000000,0.000000,0.000000,0.000000,0
r-stop-dp-RC100_3_v4_d0.25_b5,config17,3,FOUND INTEGER FEASIBLE,13.124670,24.532921,0,9,0,0,0.000000,0.000000,0.000000,0.000000,0
r-stop-dp-RC100_3_v4_d0.25_b5,config21,1,FOUND INTEGER FEASIBLE,696.702440,2084.602725,107,12,6,0,0.000000,0.000000,0.000000,0.000000,0
r-stop-dp-RC100_3_v4_d0.25_b5,config21,2,FOUND INTEGER FEASIBLE,692.906667,2081.638740,107,12,6,0,0.000000,0.000000,0.000000,0.000000,0
r-stop-dp-RC100_3_v4_d0.25_b5,config21,3,FOUND INTEGER FEASIBLE,696.469682,2150.380680,110,12,7,0,0.000000,0.000000,0.000000,0.000000,0
r-stop-dp-RC100_3_v4_d0.25_b5,config23,1,FOUND INTEGER FEASIBLE,698.161790,1685.315773,104,12,5,0,0.000000,0.000000,0.000000,0.000000,0
r-stop-dp-RC100_3_v4_d0.25_b5,config23,2,FOUND INTEGER FEASIBLE,699.230259,2087.763044,107,12,6,0,0.000000,0.000000,0.000000,0.000000,0
r-stop-dp-RC100_3_v4_d0.25_b5,config23,3,FOUND INTEGER FEASIBLE,693.245193,2148.283747,110,12,7,0,0.000000,0.000000,0.000000,0.000000,0
r-stop-dp-RC100_3_v4_d0.25_b5,config19,1,FOUND INTEGER FEASIBLE,0.000000,15.553699,0,0,-1,-1,-1.255030,-11.204230,0.000000,0.000000,0
r-stop-dp-RC100_3_v4_d0.25_b5,config19,2,FOUND INTEGER FEASIBLE,0.000000,14.750852,0,0,-1,-1,-1.255030,-11.204230,0.000000,0.000000,0
r-stop-dp-RC100_3_v4_d0.25_b5,config19,3,FOUND INTEGER FEASIBLE,0.000000,14.493647,0,0,-1,-1,-1.255030,-11.204230,0.000000,0.000000,0
r-stop-dp-RC100_3_v4_d0.25_b5,config18,1,FOUND INTEGER FEASIBLE,0.000000,17.475436,0,0,-1,-1,-1.255030,-11.204230,0.000000,0.000000,0
r-stop-dp-RC100_3_v4_d0.25_b5,config18,2,FOUND INTEGER FEASIBLE,0.000000,17.225234,0,0,-1,-1,-1.255030,-11.204230,0.000000,0.000000,0
r-stop-dp-RC100_3_v4_d0.25_b5,config18,3,FOUND INTEGER FEASIBLE,0.000000,17.022664,0,0,-1,-1,-1.255030,-11.204230,0.000000,0.000000,0
r-stop-dp-RC100_4_v2_d0.25_b1,config1,1,FAILED TO FIND AN INTEGER FEASIBLE SOLUTION,0.000000,3600,554,0,-1,-1,0.000000,0.000000,7.450078,7.450078,116
r-stop-dp-RC100_4_v2_d0.25_b1,config1,2,FAILED TO FIND AN INTEGER FEASIBLE SOLUTION,0.000000,3600,574,0,-1,-1,0.000000,0.000000,6.657205,6.657205,109
r-stop-dp-RC100_4_v2_d0.25_b1,config1,3,FAILED TO FIND AN INTEGER FEASIBLE SOLUTION,0.000000,3600,563,0,-1,-1,0.000000,0.000000,6.345252,6.345252,96
r-stop-dp-RC100_4_v2_d0.25_b1,config3,1,FOUND INTEGER FEASIBLE,0.000000,14.593575,7,0,-1,-1,0.000000,0.000000,0.000000,0.000000,0
r-stop-dp-RC100_4_v2_d0.25_b1,config3,2,FAILED TO FIND AN INTEGER FEASIBLE SOLUTION,0.000000,3600,287,0,-1,-1,0.000000,0.000000,0.368419,0.368419,6
r-stop-dp-RC100_4_v2_d0.25_b1,config3,3,FOUND INTEGER FEASIBLE,0.000000,12.759457,5,0,-1,-1,0.000000,0.000000,0.000000,0.000000,0
r-stop-dp-RC100_4_v2_d0.25_b1,config20,1,FAILED TO FIND AN INTEGER FEASIBLE SOLUTION,0.000000,3600,339,0,-1,-1,0.000000,0.000000,8.154697,8.154697,109
r-stop-dp-RC100_4_v2_d0.25_b1,config20,2,FAILED TO FIND AN INTEGER FEASIBLE SOLUTION,0.000000,3600,329,0,-1,-1,0.000000,0.000000,9.104693,9.104693,131
r-stop-dp-RC100_4_v2_d0.25_b1,config20,3,FAILED TO FIND AN INTEGER FEASIBLE SOLUTION,0.000000,3600,335,0,-1,-1,0.000000,0.000000,8.212501,8.212501,111
r-stop-dp-RC100_4_v2_d0.25_b1,config16,1,FAILED TO FIND AN INTEGER FEASIBLE SOLUTION,14.648552,3600,558,11,11,1,0.000000,0.000000,3.406710,3.406710,48
r-stop-dp-RC100_4_v2_d0.25_b1,config16,2,FAILED TO FIND AN INTEGER FEASIBLE SOLUTION,14.713632,3600,519,11,11,1,0.000000,0.000000,0.896545,0.896545,18
r-stop-dp-RC100_4_v2_d0.25_b1,config16,3,FAILED TO FIND AN INTEGER FEASIBLE SOLUTION,14.664775,3600,616,11,11,1,0.000000,0.000000,1.765087,1.765087,21
r-stop-dp-RC100_4_v2_d0.25_b1,config17,1,FOUND INTEGER FEASIBLE,1.079908,4.908772,0,7,0,0,0.000000,0.000000,0.000000,0.000000,0
r-stop-dp-RC100_4_v2_d0.25_b1,config17,2,FOUND INTEGER FEASIBLE,1.058656,4.704747,0,7,0,0,0.000000,0.000000,0.000000,0.000000,0
r-stop-dp-RC100_4_v2_d0.25_b1,config17,3,FOUND INTEGER FEASIBLE,1.081141,4.804970,0,7,0,0,0.000000,0.000000,0.000000,0.000000,0
r-stop-dp-RC100_4_v2_d0.25_b1,config21,1,FOUND INTEGER FEASIBLE,15.208462,18.931670,2,12,0,0,0.000000,0.000000,0.000000,0.000000,0
r-stop-dp-RC100_4_v2_d0.25_b1,config21,2,FOUND INTEGER FEASIBLE,15.524268,19.260685,2,12,0,0,0.000000,0.000000,0.000000,0.000000,0
r-stop-dp-RC100_4_v2_d0.25_b1,config21,3,FOUND INTEGER FEASIBLE,15.483629,19.202548,2,12,0,0,0.000000,0.000000,0.000000,0.000000,0
r-stop-dp-RC100_4_v2_d0.25_b1,config23,1,FOUND INTEGER FEASIBLE,15.326688,19.043961,2,12,0,0,0.000000,0.000000,0.000000,0.000000,0
r-stop-dp-RC100_4_v2_d0.25_b1,config23,2,FOUND INTEGER FEASIBLE,15.255895,18.976826,7,12,0,0,0.000000,0.000000,0.000000,0.000000,0
r-stop-dp-RC100_4_v2_d0.25_b1,config23,3,FOUND INTEGER FEASIBLE,15.410588,19.160879,2,12,0,0,0.000000,0.000000,0.000000,0.000000,0
r-stop-dp-RC100_4_v2_d0.25_b1,config19,1,FOUND INTEGER FEASIBLE,0.000000,4.459735,0,0,-1,-1,-1.255030,-11.204230,0.000000,0.000000,0
r-stop-dp-RC100_4_v2_d0.25_b1,config19,2,FOUND INTEGER FEASIBLE,0.000000,4.280037,0,0,-1,-1,-1.255030,-11.204230,0.000000,0.000000,0
r-stop-dp-RC100_4_v2_d0.25_b1,config19,3,FOUND INTEGER FEASIBLE,0.000000,3.836722,0,0,-1,-1,-1.255030,-11.204230,0.000000,0.000000,0
r-stop-dp-RC100_4_v2_d0.25_b1,config18,1,FOUND INTEGER FEASIBLE,0.000000,5.522814,0,0,-1,-1,-1.255030,-11.204230,0.000000,0.000000,0
r-stop-dp-RC100_4_v2_d0.25_b1,config18,2,FOUND INTEGER FEASIBLE,0.000000,5.452101,0,0,-1,-1,-1.255030,-11.204230,0.000000,0.000000,0
r-stop-dp-RC100_4_v2_d0.25_b1,config18,3,FOUND INTEGER FEASIBLE,0.000000,5.458023,0,0,-1,-1,-1.255030,-11.204230,0.000000,0.000000,0
r-stop-dp-RC100_4_v2_d0.25_b5,config1,1,FAILED TO FIND AN INTEGER FEASIBLE SOLUTION,0.000000,3600,38,0,-1,-1,0.000000,0.000000,10.374589,10.374589,166
r-stop-dp-RC100_4_v2_d0.25_b5,config1,2,FAILED TO FIND AN INTEGER FEASIBLE SOLUTION,0.000000,3600,40,0,-1,-1,0.000000,0.000000,10.305221,10.305221,176
r-stop-dp-RC100_4_v2_d0.25_b5,config1,3,FAILED TO FIND AN INTEGER FEASIBLE SOLUTION,0.000000,3600,43,0,-1,-1,0.000000,0.000000,10.366087,10.366087,165
r-stop-dp-RC100_4_v2_d0.25_b5,config3,1,FAILED TO FIND AN INTEGER FEASIBLE SOLUTION,0.000000,3600,1,0,-1,-1,0.000000,0.000000,0.801735,0.801735,4
r-stop-dp-RC100_4_v2_d0.25_b5,config3,2,FAILED TO FIND AN INTEGER FEASIBLE SOLUTION,0.000000,3600,1,0,-1,-1,0.000000,0.000000,0.801735,0.801735,4
r-stop-dp-RC100_4_v2_d0.25_b5,config3,3,FAILED TO FIND AN INTEGER FEASIBLE SOLUTION,0.000000,3600,3,0,-1,-1,0.000000,0.000000,0.764827,0.764827,8
r-stop-dp-RC100_4_v2_d0.25_b5,config20,1,FAILED TO FIND AN INTEGER FEASIBLE SOLUTION,0.000000,3600,13,0,-1,-1,0.000000,0.000000,12.057852,12.057852,187
r-stop-dp-RC100_4_v2_d0.25_b5,config20,2,FAILED TO FIND AN INTEGER FEASIBLE SOLUTION,0.000000,3600,13,0,-1,-1,0.000000,0.000000,12.191121,12.191121,163
r-stop-dp-RC100_4_v2_d0.25_b5,config20,3,FAILED TO FIND AN INTEGER FEASIBLE SOLUTION,0.000000,3600,13,0,-1,-1,0.000000,0.000000,11.742613,11.742613,170
r-stop-dp-RC100_4_v2_d0.25_b5,config16,1,FAILED TO FIND AN INTEGER FEASIBLE SOLUTION,534.903201,3600,93,12,12,1,0.000000,0.000000,7.612871,7.612871,129
r-stop-dp-RC100_4_v2_d0.25_b5,config16,2,FAILED TO FIND AN INTEGER FEASIBLE SOLUTION,539.528600,3600,90,12,12,1,0.000000,0.000000,8.763232,8.763232,152
r-stop-dp-RC100_4_v2_d0.25_b5,config16,3,FAILED TO FIND AN INTEGER FEASIBLE SOLUTION,539.850617,3600,142,12,12,1,0.000000,0.000000,5.758811,5.758811,74
r-stop-dp-RC100_4_v2_d0.25_b5,config17,1,FOUND INTEGER FEASIBLE,7.602245,19.585424,0,10,0,0,0.000000,0.000000,0.000000,0.000000,0
r-stop-dp-RC100_4_v2_d0.25_b5,config17,2,FOUND INTEGER FEASIBLE,7.560133,18.975017,0,10,0,0,0.000000,0.000000,0.000000,0.000000,0
r-stop-dp-RC100_4_v2_d0.25_b5,config17,3,FOUND INTEGER FEASIBLE,7.628266,19.078389,0,10,0,0,0.000000,0.000000,0.000000,0.000000,0
r-stop-dp-RC100_4_v2_d0.25_b5,config21,1,FOUND INTEGER FEASIBLE,582.531275,594.040185,1,12,0,0,0.000000,0.000000,0.000000,0.000000,0
r-stop-dp-RC100_4_v2_d0.25_b5,config21,2,FOUND INTEGER FEASIBLE,584.414259,596.012056,1,12,0,0,0.000000,0.000000,0.000000,0.000000,0
r-stop-dp-RC100_4_v2_d0.25_b5,config21,3,FOUND INTEGER FEASIBLE,582.143857,593.812208,1,12,0,0,0.000000,0.000000,0.000000,0.000000,0
r-stop-dp-RC100_4_v2_d0.25_b5,config23,1,FOUND INTEGER FEASIBLE,584.328546,596.106321,6,12,0,0,0.000000,0.000000,0.000000,0.000000,0
r-stop-dp-RC100_4_v2_d0.25_b5,config23,2,FOUND INTEGER FEASIBLE,583.016347,594.820942,6,12,0,0,0.000000,0.000000,0.000000,0.000000,0
r-stop-dp-RC100_4_v2_d0.25_b5,config23,3,FOUND INTEGER FEASIBLE,585.325165,597.098422,11,12,0,0,0.000000,0.000000,0.000000,0.000000,0
r-stop-dp-RC100_4_v2_d0.25_b5,config19,1,FOUND INTEGER FEASIBLE,0.000000,15.596665,0,0,-1,-1,-1.255030,-11.204230,0.000000,0.000000,0
r-stop-dp-RC100_4_v2_d0.25_b5,config19,2,FOUND INTEGER FEASIBLE,0.000000,14.829884,0,0,-1,-1,-1.255030,-11.204230,0.000000,0.000000,0
r-stop-dp-RC100_4_v2_d0.25_b5,config19,3,FOUND INTEGER FEASIBLE,0.000000,15.208905,0,0,-1,-1,-1.255030,-11.204230,0.000000,0.000000,0
r-stop-dp-RC100_4_v2_d0.25_b5,config18,1,FOUND INTEGER FEASIBLE,0.000000,18.070475,0,0,-1,-1,-1.255030,-11.204230,0.000000,0.000000,0
r-stop-dp-RC100_4_v2_d0.25_b5,config18,2,FOUND INTEGER FEASIBLE,0.000000,17.782903,0,0,-1,-1,-1.255030,-11.204230,0.000000,0.000000,0
r-stop-dp-RC100_4_v2_d0.25_b5,config18,3,FOUND INTEGER FEASIBLE,0.000000,17.530882,0,0,-1,-1,-1.255030,-11.204230,0.000000,0.000000,0
r-stop-dp-RC100_4_v4_d0.25_b1,config1,1,FAILED TO FIND AN INTEGER FEASIBLE SOLUTION,0.000000,3600,528,0,-1,-1,0.000000,0.000000,5.721077,5.721077,82
r-stop-dp-RC100_4_v4_d0.25_b1,config1,2,FAILED TO FIND AN INTEGER FEASIBLE SOLUTION,0.000000,3600,569,0,-1,-1,0.000000,0.000000,6.280386,6.280386,91
r-stop-dp-RC100_4_v4_d0.25_b1,config1,3,FAILED TO FIND AN INTEGER FEASIBLE SOLUTION,0.000000,3600,533,0,-1,-1,0.000000,0.000000,5.158410,5.158410,78
r-stop-dp-RC100_4_v4_d0.25_b1,config3,1,FOUND INTEGER FEASIBLE,0.000000,14.345652,7,0,-1,-1,0.000000,0.000000,0.000000,0.000000,0
r-stop-dp-RC100_4_v4_d0.25_b1,config3,2,FAILED TO FIND AN INTEGER FEASIBLE SOLUTION,0.000000,3600,347,0,-1,-1,0.000000,0.000000,0.368419,0.368419,6
r-stop-dp-RC100_4_v4_d0.25_b1,config3,3,FOUND INTEGER FEASIBLE,0.000000,12.795749,5,0,-1,-1,0.000000,0.000000,0.000000,0.000000,0
r-stop-dp-RC100_4_v4_d0.25_b1,config20,1,FAILED TO FIND AN INTEGER FEASIBLE SOLUTION,0.000000,3600,315,0,-1,-1,0.000000,0.000000,6.059973,6.059973,108
r-stop-dp-RC100_4_v4_d0.25_b1,config20,2,FAILED TO FIND AN INTEGER FEASIBLE SOLUTION,0.000000,3600,303,0,-1,-1,0.000000,0.000000,5.388203,5.388203,82
r-stop-dp-RC100_4_v4_d0.25_b1,config20,3,FAILED TO FIND AN INTEGER FEASIBLE SOLUTION,0.000000,3600,373,0,-1,-1,0.000000,0.000000,6.208210,6.208210,92
r-stop-dp-RC100_4_v4_d0.25_b1,config16,1,FOUND INTEGER FEASIBLE,13.336830,108.113507,190,11,2,0,-58.210790,-86.799970,0.000000,0.000000,0
r-stop-dp-RC100_4_v4_d0.25_b1,config16,2,FOUND INTEGER FEASIBLE,13.388827,67.062256,217,11,2,0,-35.773940,-77.211940,0.000000,0.000000,0
r-stop-dp-RC100_4_v4_d0.25_b1,config16,3,FOUND INTEGER FEASIBLE,13.302239,352.221413,206,11,3,0,-68.423030,-88.544730,0.000000,0.000000,0
r-stop-dp-RC100_4_v4_d0.25_b1,config17,1,FOUND INTEGER FEASIBLE,1.073085,4.756468,1,7,0,0,0.000000,0.000000,0.000000,0.000000,0
r-stop-dp-RC100_4_v4_d0.25_b1,config17,2,FOUND INTEGER FEASIBLE,1.063427,4.734867,1,7,0,0,0.000000,0.000000,0.000000,0.000000,0
r-stop-dp-RC100_4_v4_d0.25_b1,config17,3,FOUND INTEGER FEASIBLE,1.068312,4.752706,1,7,0,0,0.000000,0.000000,0.000000,0.000000,0
r-stop-dp-RC100_4_v4_d0.25_b1,config21,1,FOUND INTEGER FEASIBLE,20.077286,80.200255,100,12,1,0,-108.478080,-183.905630,0.000000,0.000000,0
r-stop-dp-RC100_4_v4_d0.25_b1,config21,2,FOUND INTEGER FEASIBLE,19.943006,873.312233,217,12,4,0,0.000000,0.000000,0.000000,0.000000,0
r-stop-dp-RC100_4_v4_d0.25_b1,config21,3,FOUND INTEGER FEASIBLE,19.890845,1422.700289,228,12,6,0,-82.248830,-163.333710,0.000000,0.000000,0
r-stop-dp-RC100_4_v4_d0.25_b1,config23,1,FOUND INTEGER FEASIBLE,19.747761,62.285477,93,12,1,0,-131.402860,-173.414550,0.000000,0.000000,0
r-stop-dp-RC100_4_v4_d0.25_b1,config23,2,FOUND INTEGER FEASIBLE,19.849556,172.187026,116,12,1,0,-59.550430,-118.220130,0.000000,0.000000,0
r-stop-dp-RC100_4_v4_d0.25_b1,config23,3,FOUND INTEGER FEASIBLE,19.889093,69.169647,96,12,1,0,-55.969980,-83.403170,0.000000,0.000000,0
r-stop-dp-RC100_4_v4_d0.25_b1,config19,1,FOUND INTEGER FEASIBLE,0.000000,4.454210,0,0,-1,-1,-1.255030,-11.204230,0.000000,0.000000,0
r-stop-dp-RC100_4_v4_d0.25_b1,config19,2,FOUND INTEGER FEASIBLE,0.000000,4.202621,0,0,-1,-1,-1.255030,-11.204230,0.000000,0.000000,0
r-stop-dp-RC100_4_v4_d0.25_b1,config19,3,FOUND INTEGER FEASIBLE,0.000000,4.194086,0,0,-1,-1,-1.255030,-11.204230,0.000000,0.000000,0
r-stop-dp-RC100_4_v4_d0.25_b1,config18,1,FOUND INTEGER FEASIBLE,0.000000,5.264251,0,0,-1,-1,-1.255030,-11.204230,0.000000,0.000000,0
r-stop-dp-RC100_4_v4_d0.25_b1,config18,2,FOUND INTEGER FEASIBLE,0.000000,5.192066,0,0,-1,-1,-1.255030,-11.204230,0.000000,0.000000,0
r-stop-dp-RC100_4_v4_d0.25_b1,config18,3,FOUND INTEGER FEASIBLE,0.000000,5.159831,0,0,-1,-1,-1.255030,-11.204230,0.000000,0.000000,0
r-stop-dp-RC100_4_v4_d0.25_b5,config1,1,FAILED TO FIND AN INTEGER FEASIBLE SOLUTION,0.000000,3600,38,0,-1,-1,0.000000,0.000000,8.750829,8.750829,130
r-stop-dp-RC100_4_v4_d0.25_b5,config1,2,FAILED TO FIND AN INTEGER FEASIBLE SOLUTION,0.000000,3600,44,0,-1,-1,0.000000,0.000000,9.011092,9.011092,171
r-stop-dp-RC100_4_v4_d0.25_b5,config1,3,FAILED TO FIND AN INTEGER FEASIBLE SOLUTION,0.000000,3600,36,0,-1,-1,0.000000,0.000000,8.969551,8.969551,170
r-stop-dp-RC100_4_v4_d0.25_b5,config3,1,FAILED TO FIND AN INTEGER FEASIBLE SOLUTION,0.000000,3600,1,0,-1,-1,0.000000,0.000000,0.811634,0.811634,6
r-stop-dp-RC100_4_v4_d0.25_b5,config3,2,FAILED TO FIND AN INTEGER FEASIBLE SOLUTION,0.000000,3600,1,0,-1,-1,0.000000,0.000000,0.811634,0.811634,6
r-stop-dp-RC100_4_v4_d0.25_b5,config3,3,FOUND INTEGER FEASIBLE,0.000000,1395.339417,5,0,-1,-1,0.000000,0.000000,0.000000,0.000000,0
r-stop-dp-RC100_4_v4_d0.25_b5,config20,1,FAILED TO FIND AN INTEGER FEASIBLE SOLUTION,0.000000,3600,19,0,-1,-1,0.000000,0.000000,9.644041,9.644041,140
r-stop-dp-RC100_4_v4_d0.25_b5,config20,2,FAILED TO FIND AN INTEGER FEASIBLE SOLUTION,0.000000,3600,19,0,-1,-1,0.000000,0.000000,10.108982,10.108982,162
r-stop-dp-RC100_4_v4_d0.25_b5,config20,3,FAILED TO FIND AN INTEGER FEASIBLE SOLUTION,0.000000,3600,19,0,-1,-1,0.000000,0.000000,10.306126,10.306126,147
r-stop-dp-RC100_4_v4_d0.25_b5,config16,1,FOUND INTEGER FEASIBLE,107.821014,362.577425,261,11,2,0,-45.161410,-77.926230,0.000000,0.000000,0
r-stop-dp-RC100_4_v4_d0.25_b5,config16,2,FOUND INTEGER FEASIBLE,108.835309,340.156671,216,11,2,0,-48.522670,-101.204470,0.000000,0.000000,0
r-stop-dp-RC100_4_v4_d0.25_b5,config16,3,FOUND INTEGER FEASIBLE,107.070419,442.825183,189,11,2,0,-73.997360,-119.525770,0.000000,0.000000,0
r-stop-dp-RC100_4_v4_d0.25_b5,config17,1,FOUND INTEGER FEASIBLE,5.061485,16.476593,0,10,0,0,0.000000,0.000000,0.000000,0.000000,0
r-stop-dp-RC100_4_v4_d0.25_b5,config17,2,FOUND INTEGER FEASIBLE,5.080632,16.555269,0,10,0,0,0.000000,0.000000,0.000000,0.000000,0
r-stop-dp-RC100_4_v4_d0.25_b5,config17,3,FOUND INTEGER FEASIBLE,5.026729,16.464451,0,10,0,0,0.000000,0.000000,0.000000,0.000000,0
r-stop-dp-RC100_4_v4_d0.25_b5,config21,1,FOUND INTEGER FEASIBLE,822.460940,1547.960044,101,12,4,0,0.000000,0.000000,0.000000,0.000000,0
r-stop-dp-RC100_4_v4_d0.25_b5,config21,2,FOUND INTEGER FEASIBLE,829.866142,1552.165772,101,12,4,0,0.000000,0.000000,0.000000,0.000000,0
r-stop-dp-RC100_4_v4_d0.25_b5,config21,3,FOUND INTEGER FEASIBLE,821.373298,1543.330286,99,12,4,0,0.000000,0.000000,0.000000,0.000000,0
r-stop-dp-RC100_4_v4_d0.25_b5,config23,1,FOUND INTEGER FEASIBLE,826.218142,1541.111957,99,12,4,0,0.000000,0.000000,0.000000,0.000000,0
r-stop-dp-RC100_4_v4_d0.25_b5,config23,2,FOUND INTEGER FEASIBLE,824.421698,1546.717952,99,12,4,0,0.000000,0.000000,0.000000,0.000000,0
r-stop-dp-RC100_4_v4_d0.25_b5,config23,3,FOUND INTEGER FEASIBLE,823.801914,1549.270771,99,12,4,0,0.000000,0.000000,0.000000,0.000000,0
r-stop-dp-RC100_4_v4_d0.25_b5,config19,1,FOUND INTEGER FEASIBLE,0.000000,16.090385,0,0,-1,-1,-1.255030,-11.204230,0.000000,0.000000,0
r-stop-dp-RC100_4_v4_d0.25_b5,config19,2,FOUND INTEGER FEASIBLE,0.000000,14.677826,0,0,-1,-1,-1.255030,-11.204230,0.000000,0.000000,0
r-stop-dp-RC100_4_v4_d0.25_b5,config19,3,FOUND INTEGER FEASIBLE,0.000000,14.843488,0,0,-1,-1,-1.255030,-11.204230,0.000000,0.000000,0
r-stop-dp-RC100_4_v4_d0.25_b5,config18,1,FOUND INTEGER FEASIBLE,0.000000,18.709005,0,0,-1,-1,-1.255030,-11.204230,0.000000,0.000000,0
r-stop-dp-RC100_4_v4_d0.25_b5,config18,2,FOUND INTEGER FEASIBLE,0.000000,17.653894,0,0,-1,-1,-1.255030,-11.204230,0.000000,0.000000,0
r-stop-dp-RC100_4_v4_d0.25_b5,config18,3,FOUND INTEGER FEASIBLE,0.000000,17.799298,0,0,-1,-1,-1.255030,-11.204230,0.000000,0.000000,0
r-stop-dp-RC50_3_v2_d0.25_b1,config1,1,FAILED TO FIND AN INTEGER FEASIBLE SOLUTION,0.000000,3600,8787,0,-1,-1,0.000000,0.000000,0.212490,0.212490,9
r-stop-dp-RC50_3_v2_d0.25_b1,config1,2,FOUND INTEGER FEASIBLE,0.000000,3068.295119,7322,0,-1,-1,-70.150840,-87.183950,0.000000,0.000000,0
r-stop-dp-RC50_3_v2_d0.25_b1,config1,3,FAILED TO FIND AN INTEGER FEASIBLE SOLUTION,0.000000,3600,8977,0,-1,-1,0.000000,0.000000,0.389145,0.389145,6
r-stop-dp-RC50_3_v2_d0.25_b1,config3,1,FOUND INTEGER FEASIBLE,0.000000,4.529645,13,0,-1,-1,-15.874280,-32.289360,0.000000,0.000000,0
r-stop-dp-RC50_3_v2_d0.25_b1,config3,2,FOUND INTEGER FEASIBLE,0.000000,1768.554534,4414,0,-1,-1,-13.173100,-15.830950,0.000000,0.000000,0
r-stop-dp-RC50_3_v2_d0.25_b1,config3,3,FOUND INTEGER FEASIBLE,0.000000,1.393416,5,0,-1,-1,0.000000,0.000000,0.000000,0.000000,0
r-stop-dp-RC50_3_v2_d0.25_b1,config20,1,FOUND INTEGER FEASIBLE,0.000000,1511.380200,3087,0,-1,-1,-64.481690,-87.879910,0.000000,0.000000,0
r-stop-dp-RC50_3_v2_d0.25_b1,config20,2,FAILED TO FIND AN INTEGER FEASIBLE SOLUTION,0.000000,3600,6629,0,-1,-1,0.000000,0.000000,0.273592,0.273592,6
r-stop-dp-RC50_3_v2_d0.25_b1,config20,3,FOUND INTEGER FEASIBLE,0.000000,1987.158743,3737,0,-1,-1,-41.392780,-60.555280,0.000000,0.000000,0
r-stop-dp-RC50_3_v2_d0.25_b1,config16,1,FOUND INTEGER FEASIBLE,3.588503,111.626468,312,11,3,0,-101.077130,-111.485700,0.000000,0.000000,0
r-stop-dp-RC50_3_v2_d0.25_b1,config16,2,FOUND INTEGER FEASIBLE,3.566028,205.806451,631,11,6,0,-4.867790,-14.590010,0.000000,0.000000,0
r-stop-dp-RC50_3_v2_d0.25_b1,config16,3,FOUND INTEGER FEASIBLE,3.579949,75.216801,218,11,2,0,-80.009750,-91.042970,0.000000,0.000000,0
r-stop-dp-RC50_3_v2_d0.25_b1,config17,1,FOUND INTEGER FEASIBLE,0.214294,0.712510,0,2,0,0,0.000000,0.000000,0.000000,0.000000,0
r-stop-dp-RC50_3_v2_d0.25_b1,config17,2,FOUND INTEGER FEASIBLE,0.216141,0.723467,0,2,0,0,0.000000,0.000000,0.000000,0.000000,0
r-stop-dp-RC50_3_v2_d0.25_b1,config17,3,FOUND INTEGER FEASIBLE,0.171996,0.634521,0,2,0,0,0.000000,0.000000,0.000000,0.000000,0
r-stop-dp-RC50_3_v2_d0.25_b1,config21,1,FOUND INTEGER FEASIBLE,2.255606,2.754902,0,12,0,0,0.000000,0.000000,0.000000,0.000000,0
r-stop-dp-RC50_3_v2_d0.25_b1,config21,2,FOUND INTEGER FEASIBLE,2.302458,2.801556,0,12,0,0,0.000000,0.000000,0.000000,0.000000,0
r-stop-dp-RC50_3_v2_d0.25_b1,config21,3,FOUND INTEGER FEASIBLE,2.296306,2.797094,0,12,0,0,0.000000,0.000000,0.000000,0.000000,0
r-stop-dp-RC50_3_v2_d0.25_b1,config23,1,FOUND INTEGER FEASIBLE,2.295375,2.797653,7,12,0,0,0.000000,0.000000,0.000000,0.000000,0
r-stop-dp-RC50_3_v2_d0.25_b1,config23,2,FOUND INTEGER FEASIBLE,2.292918,2.794156,7,12,0,0,0.000000,0.000000,0.000000,0.000000,0
r-stop-dp-RC50_3_v2_d0.25_b1,config23,3,FOUND INTEGER FEASIBLE,2.295252,2.797507,5,12,0,0,0.000000,0.000000,0.000000,0.000000,0
r-stop-dp-RC50_3_v2_d0.25_b1,config19,1,FOUND INTEGER FEASIBLE,0.000000,0.532947,0,0,-1,-1,0.000000,0.000000,0.000000,0.000000,0
r-stop-dp-RC50_3_v2_d0.25_b1,config19,2,FOUND INTEGER FEASIBLE,0.000000,0.504873,0,0,-1,-1,0.000000,0.000000,0.000000,0.000000,0
r-stop-dp-RC50_3_v2_d0.25_b1,config19,3,FOUND INTEGER FEASIBLE,0.000000,0.498340,0,0,-1,-1,0.000000,0.000000,0.000000,0.000000,0
r-stop-dp-RC50_3_v2_d0.25_b1,config18,1,FOUND INTEGER FEASIBLE,0.000000,0.659776,0,0,-1,-1,0.000000,0.000000,0.000000,0.000000,0
r-stop-dp-RC50_3_v2_d0.25_b1,config18,2,FOUND INTEGER FEASIBLE,0.000000,0.636357,0,0,-1,-1,0.000000,0.000000,0.000000,0.000000,0
r-stop-dp-RC50_3_v2_d0.25_b1,config18,3,FOUND INTEGER FEASIBLE,0.000000,0.640787,0,0,-1,-1,0.000000,0.000000,0.000000,0.000000,0
r-stop-dp-RC50_3_v2_d0.25_b5,config1,1,FOUND INTEGER FEASIBLE,0.000000,1815.955315,435,0,-1,-1,-65.305550,-76.446690,0.000000,0.000000,0
r-stop-dp-RC50_3_v2_d0.25_b5,config1,2,FAILED TO FIND AN INTEGER FEASIBLE SOLUTION,0.000000,3600,663,0,-1,-1,0.000000,0.000000,1.441897,1.441897,16
r-stop-dp-RC50_3_v2_d0.25_b5,config1,3,FAILED TO FIND AN INTEGER FEASIBLE SOLUTION,0.000000,3600,648,0,-1,-1,0.000000,0.000000,1.966593,1.966593,17
r-stop-dp-RC50_3_v2_d0.25_b5,config3,1,FOUND INTEGER FEASIBLE,0.000000,42.737319,9,0,-1,-1,-21.653320,-29.241120,0.000000,0.000000,0
r-stop-dp-RC50_3_v2_d0.25_b5,config3,2,FOUND INTEGER FEASIBLE,0.000000,2698.200344,679,0,-1,-1,-56.637740,-63.732240,0.000000,0.000000,0
r-stop-dp-RC50_3_v2_d0.25_b5,config3,3,FOUND INTEGER FEASIBLE,0.000000,26.849685,5,0,-1,-1,0.000000,0.000000,0.000000,0.000000,0
r-stop-dp-RC50_3_v2_d0.25_b5,config20,1,FAILED TO FIND AN INTEGER FEASIBLE SOLUTION,0.000000,3600,741,0,-1,-1,0.000000,0.000000,0.405865,0.405865,9
r-stop-dp-RC50_3_v2_d0.25_b5,config20,2,FOUND INTEGER FEASIBLE,0.000000,1778.970470,322,0,-1,-1,-42.464980,-70.837580,0.000000,0.000000,0
r-stop-dp-RC50_3_v2_d0.25_b5,config20,3,FAILED TO FIND AN INTEGER FEASIBLE SOLUTION,0.000000,3600,593,0,-1,-1,0.000000,0.000000,0.906531,0.906531,14
r-stop-dp-RC50_3_v2_d0.25_b5,config16,1,FOUND INTEGER FEASIBLE,13.494373,3053.769473,848,13,13,1,-96.139180,-106.782240,0.000000,0.000000,0
r-stop-dp-RC50_3_v2_d0.25_b5,config16,2,FOUND INTEGER FEASIBLE,13.511107,2938.503621,748,13,12,1,-11.265940,-22.725240,0.000000,0.000000,0
r-stop-dp-RC50_3_v2_d0.25_b5,config16,3,FOUND INTEGER FEASIBLE,13.528097,2339.085336,644,13,10,1,-38.034540,-42.250640,0.000000,0.000000,0
r-stop-dp-RC50_3_v2_d0.25_b5,config17,1,FOUND INTEGER FEASIBLE,1.191184,3.060216,0,2,0,0,0.000000,0.000000,0.000000,0.000000,0
r-stop-dp-RC50_3_v2_d0.25_b5,config17,2,FOUND INTEGER FEASIBLE,1.210562,2.983703,0,2,0,0,0.000000,0.000000,0.000000,0.000000,0
r-stop-dp-RC50_3_v2_d0.25_b5,config17,3,FOUND INTEGER FEASIBLE,1.209398,2.987173,0,2,0,0,0.000000,0.000000,0.000000,0.000000,0
r-stop-dp-RC50_3_v2_d0.25_b5,config21,1,FOUND INTEGER FEASIBLE,20.529560,21.559313,4,12,0,0,0.000000,0.000000,0.000000,0.000000,0
r-stop-dp-RC50_3_v2_d0.25_b5,config21,2,FOUND INTEGER FEASIBLE,20.507282,22.314909,1,12,0,0,0.000000,0.000000,0.000000,0.000000,0
r-stop-dp-RC50_3_v2_d0.25_b5,config21,3,FOUND INTEGER FEASIBLE,20.690832,22.506201,4,12,0,0,0.000000,0.000000,0.000000,0.000000,0
r-stop-dp-RC50_3_v2_d0.25_b5,config23,1,FOUND INTEGER FEASIBLE,20.563594,22.377253,1,12,0,0,0.000000,0.000000,0.000000,0.000000,0
r-stop-dp-RC50_3_v2_d0.25_b5,config23,2,FOUND INTEGER FEASIBLE,20.689042,22.502600,2,12,0,0,0.000000,0.000000,0.000000,0.000000,0
r-stop-dp-RC50_3_v2_d0.25_b5,config23,3,FOUND INTEGER FEASIBLE,20.490392,22.299735,1,12,0,0,0.000000,0.000000,0.000000,0.000000,0
r-stop-dp-RC50_3_v2_d0.25_b5,config19,1,FOUND INTEGER FEASIBLE,0.000000,1.789014,0,0,-1,-1,0.000000,0.000000,0.000000,0.000000,0
r-stop-dp-RC50_3_v2_d0.25_b5,config19,2,FOUND INTEGER FEASIBLE,0.000000,1.871234,0,0,-1,-1,0.000000,0.000000,0.000000,0.000000,0
r-stop-dp-RC50_3_v2_d0.25_b5,config19,3,FOUND INTEGER FEASIBLE,0.000000,1.894720,0,0,-1,-1,0.000000,0.000000,0.000000,0.000000,0
r-stop-dp-RC50_3_v2_d0.25_b5,config18,1,FOUND INTEGER FEASIBLE,0.000000,2.344911,0,0,-1,-1,0.000000,0.000000,0.000000,0.000000,0
r-stop-dp-RC50_3_v2_d0.25_b5,config18,2,FOUND INTEGER FEASIBLE,0.000000,2.336369,0,0,-1,-1,0.000000,0.000000,0.000000,0.000000,0
r-stop-dp-RC50_3_v2_d0.25_b5,config18,3,FOUND INTEGER FEASIBLE,0.000000,2.345989,0,0,-1,-1,0.000000,0.000000,0.000000,0.000000,0
r-stop-dp-RC50_3_v4_d0.25_b1,config1,1,FOUND INTEGER FEASIBLE,0.000000,208.292863,545,0,-1,-1,-190.358150,-211.258030,0.000000,0.000000,0
r-stop-dp-RC50_3_v4_d0.25_b1,config1,2,FOUND INTEGER FEASIBLE,0.000000,440.759786,1087,0,-1,-1,-107.092780,-160.810130,0.000000,0.000000,0
r-stop-dp-RC50_3_v4_d0.25_b1,config1,3,FOUND INTEGER FEASIBLE,0.000000,611.163765,1535,0,-1,-1,-70.098020,-107.400740,0.000000,0.000000,0
r-stop-dp-RC50_3_v4_d0.25_b1,config3,1,FOUND INTEGER FEASIBLE,0.000000,4.764263,13,0,-1,-1,-43.179240,-43.179240,0.000000,0.000000,0
r-stop-dp-RC50_3_v4_d0.25_b1,config3,2,FOUND INTEGER FEASIBLE,0.000000,7.056902,25,0,-1,-1,-137.987580,-178.233790,0.000000,0.000000,0
r-stop-dp-RC50_3_v4_d0.25_b1,config3,3,FOUND INTEGER FEASIBLE,0.000000,2.286194,5,0,-1,-1,0.000000,0.000000,0.000000,0.000000,0
r-stop-dp-RC50_3_v4_d0.25_b1,config20,1,FOUND INTEGER FEASIBLE,0.000000,274.685240,574,0,-1,-1,-157.531690,-190.022160,0.000000,0.000000,0
r-stop-dp-RC50_3_v4_d0.25_b1,config20,2,FOUND INTEGER FEASIBLE,0.000000,1221.387024,2409,0,-1,-1,-142.199400,-184.995420,0.000000,0.000000,0
r-stop-dp-RC50_3_v4_d0.25_b1,config20,3,FOUND INTEGER FEASIBLE,0.000000,151.301237,325,0,-1,-1,-143.709890,-189.227280,0.000000,0.000000,0
r-stop-dp-RC50_3_v4_d0.25_b1,config16,1,FOUND INTEGER FEASIBLE,3.201745,53.787503,186,9,2,0,-130.624350,-146.084360,0.000000,0.000000,0
r-stop-dp-RC50_3_v4_d0.25_b1,config16,2,FOUND INTEGER FEASIBLE,3.205975,53.905586,168,9,2,0,-104.368490,-131.702770,0.000000,0.000000,0
r-stop-dp-RC50_3_v4_d0.25_b1,config16,3,FOUND INTEGER FEASIBLE,3.211818,53.698500,177,9,2,0,-97.838140,-110.549840,0.000000,0.000000,0
r-stop-dp-RC50_3_v4_d0.25_b1,config17,1,FOUND INTEGER FEASIBLE,0.102838,0.622280,0,2,0,0,0.000000,0.000000,0.000000,0.000000,0
r-stop-dp-RC50_3_v4_d0.25_b1,config17,2,FOUND INTEGER FEASIBLE,0.192596,1.190454,0,2,0,0,0.000000,0.000000,0.000000,0.000000,0
r-stop-dp-RC50_3_v4_d0.25_b1,config17,3,FOUND INTEGER FEASIBLE,0.191148,1.193461,0,2,0,0,0.000000,0.000000,0.000000,0.000000,0
r-stop-dp-RC50_3_v4_d0.25_b1,config21,1,FOUND INTEGER FEASIBLE,2.194830,2.694484,0,12,0,0,0.000000,0.000000,0.000000,0.000000,0
r-stop-dp-RC50_3_v4_d0.25_b1,config21,2,FOUND INTEGER FEASIBLE,2.273297,2.776477,0,12,0,0,0.000000,0.000000,0.000000,0.000000,0
r-stop-dp-RC50_3_v4_d0.25_b1,config21,3,FOUND INTEGER FEASIBLE,2.261474,2.762342,0,12,0,0,0.000000,0.000000,0.000000,0.000000,0
r-stop-dp-RC50_3_v4_d0.25_b1,config23,1,FOUND INTEGER FEASIBLE,2.268350,2.770883,5,12,0,0,0.000000,0.000000,0.000000,0.000000,0
r-stop-dp-RC50_3_v4_d0.25_b1,config23,2,FOUND INTEGER FEASIBLE,2.267644,2.770569,7,12,0,0,0.000000,0.000000,0.000000,0.000000,0
r-stop-dp-RC50_3_v4_d0.25_b1,config23,3,FOUND INTEGER FEASIBLE,2.277730,2.781125,5,12,0,0,0.000000,0.000000,0.000000,0.000000,0
r-stop-dp-RC50_3_v4_d0.25_b1,config19,1,FOUND INTEGER FEASIBLE,0.000000,0.458597,0,0,-1,-1,-7.203660,-7.203660,0.000000,0.000000,0
r-stop-dp-RC50_3_v4_d0.25_b1,config19,2,FOUND INTEGER FEASIBLE,0.000000,0.497024,0,0,-1,-1,-7.203660,-7.203660,0.000000,0.000000,0
r-stop-dp-RC50_3_v4_d0.25_b1,config19,3,FOUND INTEGER FEASIBLE,0.000000,0.516956,0,0,-1,-1,-7.203660,-7.203660,0.000000,0.000000,0
r-stop-dp-RC50_3_v4_d0.25_b1,config18,1,FOUND INTEGER FEASIBLE,0.000000,0.635916,0,0,-1,-1,-7.203660,-7.203660,0.000000,0.000000,0
r-stop-dp-RC50_3_v4_d0.25_b1,config18,2,FOUND INTEGER FEASIBLE,0.000000,0.627736,0,0,-1,-1,-7.203660,-7.203660,0.000000,0.000000,0
r-stop-dp-RC50_3_v4_d0.25_b1,config18,3,FOUND INTEGER FEASIBLE,0.000000,0.637463,0,0,-1,-1,-7.203660,-7.203660,0.000000,0.000000,0
r-stop-dp-RC50_3_v4_d0.25_b5,config1,1,FOUND INTEGER FEASIBLE,0.000000,3088.677660,817,0,-1,-1,-160.324970,-194.152730,0.000000,0.000000,0
r-stop-dp-RC50_3_v4_d0.25_b5,config1,2,FOUND INTEGER FEASIBLE,0.000000,3481.630104,605,0,-1,-1,-101.261040,-147.250330,0.000000,0.000000,0
r-stop-dp-RC50_3_v4_d0.25_b5,config1,3,FOUND INTEGER FEASIBLE,0.000000,1204.762579,318,0,-1,-1,-195.068070,-213.551600,0.000000,0.000000,0
r-stop-dp-RC50_3_v4_d0.25_b5,config3,1,FOUND INTEGER FEASIBLE,0.000000,48.356024,12,0,-1,-1,-43.413320,-43.413320,0.000000,0.000000,0
r-stop-dp-RC50_3_v4_d0.25_b5,config3,2,FOUND INTEGER FEASIBLE,0.000000,63.183350,20,0,-1,-1,-119.874950,-151.124990,0.000000,0.000000,0
r-stop-dp-RC50_3_v4_d0.25_b5,config3,3,FOUND INTEGER FEASIBLE,0.000000,26.370172,5,0,-1,-1,0.000000,0.000000,0.000000,0.000000,0
r-stop-dp-RC50_3_v4_d0.25_b5,config20,1,FOUND INTEGER FEASIBLE,0.000000,2651.332968,354,0,-1,-1,-93.687620,-134.776340,0.000000,0.000000,0
r-stop-dp-RC50_3_v4_d0.25_b5,config20,2,FOUND INTEGER FEASIBLE,0.000000,3211.129195,571,0,-1,-1,-159.576130,-203.390980,0.000000,0.000000,0
r-stop-dp-RC50_3_v4_d0.25_b5,config20,3,FAILED TO FIND AN INTEGER FEASIBLE SOLUTION,0.000000,3600,530,0,-1,-1,0.000000,0.000000,0.212667,0.212667,9
r-stop-dp-RC50_3_v4_d0.25_b5,config16,1,FOUND INTEGER FEASIBLE,12.385932,154.359486,179,10,2,0,-87.080590,-108.509010,0.000000,0.000000,0
r-stop-dp-RC50_3_v4_d0.25_b5,config16,2,FOUND INTEGER FEASIBLE,12.384505,143.253350,168,10,2,0,-129.406320,-130.440340,0.000000,0.000000,0
r-stop-dp-RC50_3_v4_d0.25_b5,config16,3,FOUND INTEGER FEASIBLE,12.430695,121.832341,171,10,2,0,-105.752630,-115.943730,0.000000,0.000000,0
r-stop-dp-RC50_3_v4_d0.25_b5,config17,1,FOUND INTEGER FEASIBLE,0.874865,3.613856,0,2,0,0,0.000000,0.000000,0.000000,0.000000,0
r-stop-dp-RC50_3_v4_d0.25_b5,config17,2,FOUND INTEGER FEASIBLE,0.872085,3.617125,0,2,0,0,0.000000,0.000000,0.000000,0.000000,0
r-stop-dp-RC50_3_v4_d0.25_b5,config17,3,FOUND INTEGER FEASIBLE,0.867856,3.603467,0,2,0,0,0.000000,0.000000,0.000000,0.000000,0
r-stop-dp-RC50_3_v4_d0.25_b5,config21,1,FOUND INTEGER FEASIBLE,18.795270,20.597959,0,12,0,0,0.000000,0.000000,0.000000,0.000000,0
r-stop-dp-RC50_3_v4_d0.25_b5,config21,2,FOUND INTEGER FEASIBLE,18.718430,20.523799,0,12,0,0,0.000000,0.000000,0.000000,0.000000,0
r-stop-dp-RC50_3_v4_d0.25_b5,config21,3,FOUND INTEGER FEASIBLE,18.714090,20.533977,0,12,0,0,0.000000,0.000000,0.000000,0.000000,0
r-stop-dp-RC50_3_v4_d0.25_b5,config23,1,FOUND INTEGER FEASIBLE,18.704601,20.520656,5,12,0,0,0.000000,0.000000,0.000000,0.000000,0
r-stop-dp-RC50_3_v4_d0.25_b5,config23,2,FOUND INTEGER FEASIBLE,18.812671,20.630257,7,12,0,0,0.000000,0.000000,0.000000,0.000000,0
r-stop-dp-RC50_3_v4_d0.25_b5,config23,3,FOUND INTEGER FEASIBLE,18.650215,19.676537,5,12,0,0,0.000000,0.000000,0.000000,0.000000,0
r-stop-dp-RC50_3_v4_d0.25_b5,config19,1,FOUND INTEGER FEASIBLE,0.000000,1.976469,0,0,-1,-1,-7.203660,-7.203660,0.000000,0.000000,0
r-stop-dp-RC50_3_v4_d0.25_b5,config19,2,FOUND INTEGER FEASIBLE,0.000000,1.865092,0,0,-1,-1,-7.203660,-7.203660,0.000000,0.000000,0
r-stop-dp-RC50_3_v4_d0.25_b5,config19,3,FOUND INTEGER FEASIBLE,0.000000,1.877856,0,0,-1,-1,-7.203660,-7.203660,0.000000,0.000000,0
r-stop-dp-RC50_3_v4_d0.25_b5,config18,1,FOUND INTEGER FEASIBLE,0.000000,2.308542,0,0,-1,-1,-7.203660,-7.203660,0.000000,0.000000,0
r-stop-dp-RC50_3_v4_d0.25_b5,config18,2,FOUND INTEGER FEASIBLE,0.000000,2.300155,0,0,-1,-1,-7.203660,-7.203660,0.000000,0.000000,0
r-stop-dp-RC50_3_v4_d0.25_b5,config18,3,FOUND INTEGER FEASIBLE,0.000000,2.310179,0,0,-1,-1,-7.203660,-7.203660,0.000000,0.000000,0
r-stop-dp-RC50_4_v2_d0.25_b1,config1,1,FOUND INTEGER FEASIBLE,0.000000,2032.319896,4899,0,-1,-1,-43.450520,-59.444520,0.000000,0.000000,0
r-stop-dp-RC50_4_v2_d0.25_b1,config1,2,FAILED TO FIND AN INTEGER FEASIBLE SOLUTION,0.000000,3600,8479,0,-1,-1,0.000000,0.000000,0.132602,0.132602,4
r-stop-dp-RC50_4_v2_d0.25_b1,config1,3,FAILED TO FIND AN INTEGER FEASIBLE SOLUTION,0.000000,3600,6759,0,-1,-1,0.000000,0.000000,0.061185,0.061185,6
r-stop-dp-RC50_4_v2_d0.25_b1,config3,1,FOUND INTEGER FEASIBLE,0.000000,4.617813,13,0,-1,-1,-23.911800,-39.483960,0.000000,0.000000,0
r-stop-dp-RC50_4_v2_d0.25_b1,config3,2,FOUND INTEGER FEASIBLE,0.000000,1633.446803,3979,0,-1,-1,-20.976170,-59.953000,0.000000,0.000000,0
r-stop-dp-RC50_4_v2_d0.25_b1,config3,3,FOUND INTEGER FEASIBLE,0.000000,2.246055,5,0,-1,-1,0.000000,0.000000,0.000000,0.000000,0
r-stop-dp-RC50_4_v2_d0.25_b1,config20,1,FOUND INTEGER FEASIBLE,0.000000,2372.155294,4926,0,-1,-1,-60.061380,-92.756790,0.000000,0.000000,0
r-stop-dp-RC50_4_v2_d0.25_b1,config20,2,FAILED TO FIND AN INTEGER FEASIBLE SOLUTION,0.000000,3600,6543,0,-1,-1,0.000000,0.000000,0.276715,0.276715,6
r-stop-dp-RC50_4_v2_d0.25_b1,config20,3,FOUND INTEGER FEASIBLE,0.000000,1140.269934,2206,0,-1,-1,-19.627260,-78.202330,0.000000,0.000000,0
r-stop-dp-RC50_4_v2_d0.25_b1,config16,1,FAILED TO FIND AN INTEGER FEASIBLE SOLUTION,2.956626,3600,7802,12,12,1,0.000000,0.000000,0.459897,0.459897,12
r-stop-dp-RC50_4_v2_d0.25_b1,config16,2,FOUND INTEGER FEASIBLE,2.985720,639.075158,1800,12,12,1,-63.206680,-84.211420,0.000000,0.000000,0
r-stop-dp-RC50_4_v2_d0.25_b1,config16,3,FOUND INTEGER FEASIBLE,2.208886,393.169294,1113,12,12,1,-26.647360,-84.579750,0.000000,0.000000,0
r-stop-dp-RC50_4_v2_d0.25_b1,config17,1,FOUND INTEGER FEASIBLE,0.216070,1.220902,0,2,0,0,0.000000,0.000000,0.000000,0.000000,0
r-stop-dp-RC50_4_v2_d0.25_b1,config17,2,FOUND INTEGER FEASIBLE,0.215091,1.210917,0,2,0,0,0.000000,0.000000,0.000000,0.000000,0
r-stop-dp-RC50_4_v2_d0.25_b1,config17,3,FOUND INTEGER FEASIBLE,0.213826,1.215542,0,2,0,0,0.000000,0.000000,0.000000,0.000000,0
r-stop-dp-RC50_4_v2_d0.25_b1,config21,1,FOUND INTEGER FEASIBLE,1.928263,2.426153,0,12,0,0,0.000000,0.000000,0.000000,0.000000,0
r-stop-dp-RC50_4_v2_d0.25_b1,config21,2,FOUND INTEGER FEASIBLE,1.983697,2.487264,0,12,0,0,0.000000,0.000000,0.000000,0.000000,0
r-stop-dp-RC50_4_v2_d0.25_b1,config21,3,FOUND INTEGER FEASIBLE,1.990366,2.493142,0,12,0,0,0.000000,0.000000,0.000000,0.000000,0
r-stop-dp-RC50_4_v2_d0.25_b1,config23,1,FOUND INTEGER FEASIBLE,1.238990,1.509324,0,12,0,0,0.000000,0.000000,0.000000,0.000000,0
r-stop-dp-RC50_4_v2_d0.25_b1,config23,2,FOUND INTEGER FEASIBLE,2.012011,2.513671,0,12,0,0,0.000000,0.000000,0.000000,0.000000,0
r-stop-dp-RC50_4_v2_d0.25_b1,config23,3,FOUND INTEGER FEASIBLE,1.995779,2.497004,0,12,0,0,0.000000,0.000000,0.000000,0.000000,0
r-stop-dp-RC50_4_v2_d0.25_b1,config19,1,FOUND INTEGER FEASIBLE,0.000000,0.541814,0,0,-1,-1,0.000000,0.000000,0.000000,0.000000,0
r-stop-dp-RC50_4_v2_d0.25_b1,config19,2,FOUND INTEGER FEASIBLE,0.000000,0.498427,0,0,-1,-1,0.000000,0.000000,0.000000,0.000000,0
r-stop-dp-RC50_4_v2_d0.25_b1,config19,3,FOUND INTEGER FEASIBLE,0.000000,0.497695,0,0,-1,-1,0.000000,0.000000,0.000000,0.000000,0
r-stop-dp-RC50_4_v2_d0.25_b1,config18,1,FOUND INTEGER FEASIBLE,0.000000,0.643548,0,0,-1,-1,0.000000,0.000000,0.000000,0.000000,0
r-stop-dp-RC50_4_v2_d0.25_b1,config18,2,FOUND INTEGER FEASIBLE,0.000000,0.628720,0,0,-1,-1,0.000000,0.000000,0.000000,0.000000,0
r-stop-dp-RC50_4_v2_d0.25_b1,config18,3,FOUND INTEGER FEASIBLE,0.000000,0.638438,0,0,-1,-1,0.000000,0.000000,0.000000,0.000000,0
r-stop-dp-RC50_4_v2_d0.25_b5,config1,1,FAILED TO FIND AN INTEGER FEASIBLE SOLUTION,0.000000,3600,734,0,-1,-1,0.000000,0.000000,0.839260,0.839260,10
r-stop-dp-RC50_4_v2_d0.25_b5,config1,2,FOUND INTEGER FEASIBLE,0.000000,2100.597301,693,0,-1,-1,-60.283290,-95.970780,0.000000,0.000000,0
r-stop-dp-RC50_4_v2_d0.25_b5,config1,3,FOUND INTEGER FEASIBLE,0.000000,3248.114195,1201,0,-1,-1,-20.239920,-35.578360,0.000000,0.000000,0
r-stop-dp-RC50_4_v2_d0.25_b5,config3,1,FOUND INTEGER FEASIBLE,0.000000,25.740492,13,0,-1,-1,-19.214280,-34.786440,0.000000,0.000000,0
r-stop-dp-RC50_4_v2_d0.25_b5,config3,2,FOUND INTEGER FEASIBLE,0.000000,1829.633096,432,0,-1,-1,-10.549650,-26.028130,0.000000,0.000000,0
r-stop-dp-RC50_4_v2_d0.25_b5,config3,3,FOUND INTEGER FEASIBLE,0.000000,6.295305,5,0,-1,-1,0.000000,0.000000,0.000000,0.000000,0
r-stop-dp-RC50_4_v2_d0.25_b5,config20,1,FAILED TO FIND AN INTEGER FEASIBLE SOLUTION,0.000000,3600,524,0,-1,-1,0.000000,0.000000,0.587616,0.587616,9
r-stop-dp-RC50_4_v2_d0.25_b5,config20,2,FOUND INTEGER FEASIBLE,0.000000,1857.685287,496,0,-1,-1,-34.143230,-53.575930,0.000000,0.000000,0
r-stop-dp-RC50_4_v2_d0.25_b5,config20,3,FAILED TO FIND AN INTEGER FEASIBLE SOLUTION,0.000000,3600,858,0,-1,-1,0.000000,0.000000,0.542079,0.542079,16
r-stop-dp-RC50_4_v2_d0.25_b5,config16,1,FOUND INTEGER FEASIBLE,9.059637,44.785763,152,9,2,1,-40.341960,-49.111210,0.000000,0.000000,0
r-stop-dp-RC50_4_v2_d0.25_b5,config16,2,FOUND INTEGER FEASIBLE,9.044591,99.141025,152,9,2,1,-49.338450,-98.335320,0.000000,0.000000,0
r-stop-dp-RC50_4_v2_d0.25_b5,config16,3,FOUND INTEGER FEASIBLE,9.047222,56.021250,184,9,2,1,-60.122650,-60.122650,0.000000,0.000000,0
r-stop-dp-RC50_4_v2_d0.25_b5,config17,1,FOUND INTEGER FEASIBLE,0.756472,2.544061,0,2,0,0,0.000000,0.000000,0.000000,0.000000,0
r-stop-dp-RC50_4_v2_d0.25_b5,config17,2,FOUND INTEGER FEASIBLE,0.734805,2.508249,0,2,0,0,0.000000,0.000000,0.000000,0.000000,0
r-stop-dp-RC50_4_v2_d0.25_b5,config17,3,FOUND INTEGER FEASIBLE,0.733779,2.512056,0,2,0,0,0.000000,0.000000,0.000000,0.000000,0
r-stop-dp-RC50_4_v2_d0.25_b5,config21,1,FOUND INTEGER FEASIBLE,78.522714,80.330528,2,12,0,0,0.000000,0.000000,0.000000,0.000000,0
r-stop-dp-RC50_4_v2_d0.25_b5,config21,2,FOUND INTEGER FEASIBLE,78.279438,79.305632,2,12,0,0,0.000000,0.000000,0.000000,0.000000,0
r-stop-dp-RC50_4_v2_d0.25_b5,config21,3,FOUND INTEGER FEASIBLE,78.641340,80.455561,2,12,0,0,0.000000,0.000000,0.000000,0.000000,0
r-stop-dp-RC50_4_v2_d0.25_b5,config23,1,FOUND INTEGER FEASIBLE,78.607288,80.433315,7,12,0,0,0.000000,0.000000,0.000000,0.000000,0
r-stop-dp-RC50_4_v2_d0.25_b5,config23,2,FOUND INTEGER FEASIBLE,78.797202,80.639055,6,12,0,0,0.000000,0.000000,0.000000,0.000000,0
r-stop-dp-RC50_4_v2_d0.25_b5,config23,3,FOUND INTEGER FEASIBLE,78.509583,80.326907,9,12,0,0,0.000000,0.000000,0.000000,0.000000,0
r-stop-dp-RC50_4_v2_d0.25_b5,config19,1,FOUND INTEGER FEASIBLE,0.000000,2.001116,0,0,-1,-1,0.000000,0.000000,0.000000,0.000000,0
r-stop-dp-RC50_4_v2_d0.25_b5,config19,2,FOUND INTEGER FEASIBLE,0.000000,1.888989,0,0,-1,-1,0.000000,0.000000,0.000000,0.000000,0
r-stop-dp-RC50_4_v2_d0.25_b5,config19,3,FOUND INTEGER FEASIBLE,0.000000,1.881640,0,0,-1,-1,0.000000,0.000000,0.000000,0.000000,0
r-stop-dp-RC50_4_v2_d0.25_b5,config18,1,FOUND INTEGER FEASIBLE,0.000000,2.279154,0,0,-1,-1,0.000000,0.000000,0.000000,0.000000,0
r-stop-dp-RC50_4_v2_d0.25_b5,config18,2,FOUND INTEGER FEASIBLE,0.000000,2.319352,0,0,-1,-1,0.000000,0.000000,0.000000,0.000000,0
r-stop-dp-RC50_4_v2_d0.25_b5,config18,3,FOUND INTEGER FEASIBLE,0.000000,2.342970,0,0,-1,-1,0.000000,0.000000,0.000000,0.000000,0
r-stop-dp-RC50_4_v4_d0.25_b1,config1,1,FOUND INTEGER FEASIBLE,0.000000,1559.736909,4254,0,-1,-1,-95.330800,-154.750990,0.000000,0.000000,0
r-stop-dp-RC50_4_v4_d0.25_b1,config1,2,FOUND INTEGER FEASIBLE,0.000000,307.918313,845,0,-1,-1,-127.905610,-147.674410,0.000000,0.000000,0
r-stop-dp-RC50_4_v4_d0.25_b1,config1,3,FOUND INTEGER FEASIBLE,0.000000,315.526865,807,0,-1,-1,-165.613910,-206.899310,0.000000,0.000000,0
r-stop-dp-RC50_4_v4_d0.25_b1,config3,1,FOUND INTEGER FEASIBLE,0.000000,4.424085,13,0,-1,-1,-23.911800,-39.483960,0.000000,0.000000,0
r-stop-dp-RC50_4_v4_d0.25_b1,config3,2,FOUND INTEGER FEASIBLE,0.000000,93.665879,247,0,-1,-1,-164.579730,-235.087610,0.000000,0.000000,0
r-stop-dp-RC50_4_v4_d0.25_b1,config3,3,FOUND INTEGER FEASIBLE,0.000000,2.221281,5,0,-1,-1,0.000000,0.000000,0.000000,0.000000,0
r-stop-dp-RC50_4_v4_d0.25_b1,config20,1,FOUND INTEGER FEASIBLE,0.000000,1143.152534,2461,0,-1,-1,-80.039790,-122.770280,0.000000,0.000000,0
r-stop-dp-RC50_4_v4_d0.25_b1,config20,2,FOUND INTEGER FEASIBLE,0.000000,183.531316,384,0,-1,-1,-126.930680,-170.045150,0.000000,0.000000,0
r-stop-dp-RC50_4_v4_d0.25_b1,config20,3,FOUND INTEGER FEASIBLE,0.000000,1953.828170,3797,0,-1,-1,-117.013110,-166.261700,0.000000,0.000000,0
r-stop-dp-RC50_4_v4_d0.25_b1,config16,1,FOUND INTEGER FEASIBLE,2.781646,77.505041,176,7,2,0,-98.208280,-108.937780,0.000000,0.000000,0
r-stop-dp-RC50_4_v4_d0.25_b1,config16,2,FOUND INTEGER FEASIBLE,2.762003,78.757719,215,7,2,0,-86.309830,-171.089630,0.000000,0.000000,0
r-stop-dp-RC50_4_v4_d0.25_b1,config16,3,FOUND INTEGER FEASIBLE,2.794289,74.734752,176,7,2,0,-109.482300,-126.854800,0.000000,0.000000,0
r-stop-dp-RC50_4_v4_d0.25_b1,config17,1,FOUND INTEGER FEASIBLE,0.191553,1.189779,0,2,0,0,0.000000,0.000000,0.000000,0.000000,0
r-stop-dp-RC50_4_v4_d0.25_b1,config17,2,FOUND INTEGER FEASIBLE,0.190564,1.188266,0,2,0,0,0.000000,0.000000,0.000000,0.000000,0
r-stop-dp-RC50_4_v4_d0.25_b1,config17,3,FOUND INTEGER FEASIBLE,0.191713,1.188554,0,2,0,0,0.000000,0.000000,0.000000,0.000000,0
r-stop-dp-RC50_4_v4_d0.25_b1,config21,1,FOUND INTEGER FEASIBLE,2.397295,2.905566,0,12,0,0,0.000000,0.000000,0.000000,0.000000,0
r-stop-dp-RC50_4_v4_d0.25_b1,config21,2,FOUND INTEGER FEASIBLE,2.411956,2.907337,0,12,0,0,0.000000,0.000000,0.000000,0.000000,0
r-stop-dp-RC50_4_v4_d0.25_b1,config21,3,FOUND INTEGER FEASIBLE,2.403113,2.903252,0,12,0,0,0.000000,0.000000,0.000000,0.000000,0
r-stop-dp-RC50_4_v4_d0.25_b1,config23,1,FOUND INTEGER FEASIBLE,2.390264,2.889708,1,12,0,0,0.000000,0.000000,0.000000,0.000000,0
r-stop-dp-RC50_4_v4_d0.25_b1,config23,2,FOUND INTEGER FEASIBLE,2.377016,2.876078,2,12,0,0,0.000000,0.000000,0.000000,0.000000,0
r-stop-dp-RC50_4_v4_d0.25_b1,config23,3,FOUND INTEGER FEASIBLE,2.383025,2.882819,1,12,0,0,0.000000,0.000000,0.000000,0.000000,0
r-stop-dp-RC50_4_v4_d0.25_b1,config19,1,FOUND INTEGER FEASIBLE,0.000000,0.537905,0,0,-1,-1,-7.203660,-7.203660,0.000000,0.000000,0
r-stop-dp-RC50_4_v4_d0.25_b1,config19,2,FOUND INTEGER FEASIBLE,0.000000,0.499504,0,0,-1,-1,-7.203660,-7.203660,0.000000,0.000000,0
r-stop-dp-RC50_4_v4_d0.25_b1,config19,3,FOUND INTEGER FEASIBLE,0.000000,0.497320,0,0,-1,-1,-7.203660,-7.203660,0.000000,0.000000,0
r-stop-dp-RC50_4_v4_d0.25_b1,config18,1,FOUND INTEGER FEASIBLE,0.000000,0.659247,0,0,-1,-1,-7.203660,-7.203660,0.000000,0.000000,0
r-stop-dp-RC50_4_v4_d0.25_b1,config18,2,FOUND INTEGER FEASIBLE,0.000000,0.627450,0,0,-1,-1,-7.203660,-7.203660,0.000000,0.000000,0
r-stop-dp-RC50_4_v4_d0.25_b1,config18,3,FOUND INTEGER FEASIBLE,0.000000,0.638439,0,0,-1,-1,-7.203660,-7.203660,0.000000,0.000000,0
r-stop-dp-RC50_4_v4_d0.25_b5,config1,1,FOUND INTEGER FEASIBLE,0.000000,1259.010949,412,0,-1,-1,-110.420030,-155.065340,0.000000,0.000000,0
r-stop-dp-RC50_4_v4_d0.25_b5,config1,2,FOUND INTEGER FEASIBLE,0.000000,1029.769746,393,0,-1,-1,-75.341190,-132.787780,0.000000,0.000000,0
r-stop-dp-RC50_4_v4_d0.25_b5,config1,3,FOUND INTEGER FEASIBLE,0.000000,880.355218,300,0,-1,-1,-151.143360,-185.123780,0.000000,0.000000,0
r-stop-dp-RC50_4_v4_d0.25_b5,config3,1,FOUND INTEGER FEASIBLE,0.000000,589.577576,211,0,-1,-1,-128.980660,-157.853680,0.000000,0.000000,0
r-stop-dp-RC50_4_v4_d0.25_b5,config3,2,FOUND INTEGER FEASIBLE,0.000000,32.252392,22,0,-1,-1,-80.395160,-146.807210,0.000000,0.000000,0
r-stop-dp-RC50_4_v4_d0.25_b5,config3,3,FOUND INTEGER FEASIBLE,0.000000,6.416971,5,0,-1,-1,0.000000,0.000000,0.000000,0.000000,0
r-stop-dp-RC50_4_v4_d0.25_b5,config20,1,FOUND INTEGER FEASIBLE,0.000000,591.860488,149,0,-1,-1,-142.900550,-183.874830,0.000000,0.000000,0
r-stop-dp-RC50_4_v4_d0.25_b5,config20,2,FOUND INTEGER FEASIBLE,0.000000,979.300601,201,0,-1,-1,-162.663240,-237.027520,0.000000,0.000000,0
r-stop-dp-RC50_4_v4_d0.25_b5,config20,3,FOUND INTEGER FEASIBLE,0.000000,504.646453,118,0,-1,-1,-140.929930,-188.650370,0.000000,0.000000,0
r-stop-dp-RC50_4_v4_d0.25_b5,config16,1,FOUND INTEGER FEASIBLE,8.480839,27.062115,202,7,1,0,-36.284380,-37.614380,0.000000,0.000000,0
r-stop-dp-RC50_4_v4_d0.25_b5,config16,2,FOUND INTEGER FEASIBLE,8.566656,36.818963,259,7,2,0,0.000040,-5.302040,0.000000,0.000000,0
r-stop-dp-RC50_4_v4_d0.25_b5,config16,3,FOUND INTEGER FEASIBLE,8.621643,34.133757,180,7,2,0,-112.723180,-125.350720,0.000000,0.000000,0
r-stop-dp-RC50_4_v4_d0.25_b5,config17,1,FOUND INTEGER FEASIBLE,0.682478,3.425620,0,2,0,0,0.000000,0.000000,0.000000,0.000000,0
r-stop-dp-RC50_4_v4_d0.25_b5,config17,2,FOUND INTEGER FEASIBLE,0.679105,3.405066,0,2,0,0,0.000000,0.000000,0.000000,0.000000,0
r-stop-dp-RC50_4_v4_d0.25_b5,config17,3,FOUND INTEGER FEASIBLE,0.674357,3.406365,0,2,0,0,0.000000,0.000000,0.000000,0.000000,0
r-stop-dp-RC50_4_v4_d0.25_b5,config21,1,FOUND INTEGER FEASIBLE,35.391718,37.188715,0,12,0,0,0.000000,0.000000,0.000000,0.000000,0
r-stop-dp-RC50_4_v4_d0.25_b5,config21,2,FOUND INTEGER FEASIBLE,34.703131,36.502859,0,12,0,0,0.000000,0.000000,0.000000,0.000000,0
r-stop-dp-RC50_4_v4_d0.25_b5,config21,3,FOUND INTEGER FEASIBLE,35.001132,36.818024,0,12,0,0,0.000000,0.000000,0.000000,0.000000,0
r-stop-dp-RC50_4_v4_d0.25_b5,config23,1,FOUND INTEGER FEASIBLE,34.683325,36.490267,7,12,0,0,0.000000,0.000000,0.000000,0.000000,0
r-stop-dp-RC50_4_v4_d0.25_b5,config23,2,FOUND INTEGER FEASIBLE,35.020227,36.831538,8,12,0,0,0.000000,0.000000,0.000000,0.000000,0
r-stop-dp-RC50_4_v4_d0.25_b5,config23,3,FOUND INTEGER FEASIBLE,34.613340,36.419426,5,12,0,0,0.000000,0.000000,0.000000,0.000000,0
r-stop-dp-RC50_4_v4_d0.25_b5,config19,1,FOUND INTEGER FEASIBLE,0.000000,2.022219,0,0,-1,-1,-7.203660,-7.203660,0.000000,0.000000,0
r-stop-dp-RC50_4_v4_d0.25_b5,config19,2,FOUND INTEGER FEASIBLE,0.000000,1.878518,0,0,-1,-1,-7.203660,-7.203660,0.000000,0.000000,0
r-stop-dp-RC50_4_v4_d0.25_b5,config19,3,FOUND INTEGER FEASIBLE,0.000000,1.882252,0,0,-1,-1,-7.203660,-7.203660,0.000000,0.000000,0
r-stop-dp-RC50_4_v4_d0.25_b5,config18,1,FOUND INTEGER FEASIBLE,0.000000,2.375205,0,0,-1,-1,-7.203660,-7.203660,0.000000,0.000000,0
r-stop-dp-RC50_4_v4_d0.25_b5,config18,2,FOUND INTEGER FEASIBLE,0.000000,2.364870,0,0,-1,-1,-7.203660,-7.203660,0.000000,0.000000,0
r-stop-dp-RC50_4_v4_d0.25_b5,config18,3,FOUND INTEGER FEASIBLE,0.000000,1.915622,0,0,-1,-1,-7.203660,-7.203660,0.000000,0.000000,0
