instance,config,seed,status,time_kernel,total_time,iterations,buckets,last_bucket,first_bucket,value,reopt_value,real_gap,proj_gap,num_frac
30n20b8,config16,1,FAILED TO FIND AN INTEGER FEASIBLE SOLUTION,0.190959,38.988205,12000,11,11,1,0.000000,0.000000,1.233491,1.858491,5
30n20b8,config16,2,FAILED TO FIND AN INTEGER FEASIBLE SOLUTION,0.258874,39.767309,12000,11,11,1,0.000000,0.000000,0.358491,0.358491,2
30n20b8,config16,3,FAILED TO FIND AN INTEGER FEASIBLE SOLUTION,0.128375,37.865485,12000,11,11,1,0.000000,0.000000,0.358491,0.358491,2
30n20b8,config16,4,FAILED TO FIND AN INTEGER FEASIBLE SOLUTION,0.127916,36.077718,12000,11,11,1,0.000000,0.000000,0.358491,0.358491,2
30n20b8,config16,5,FAILED TO FIND AN INTEGER FEASIBLE SOLUTION,0.253894,41.041059,12000,11,11,1,0.000000,0.000000,0.422222,0.422222,4
30n20b8,config17,1,FOUND INTEGER FEASIBLE,0.014788,2.611910,1002,10,9,0,5530.000000,5530.000000,0.000000,0.000000,0
30n20b8,config17,2,FAILED TO FIND AN INTEGER FEASIBLE SOLUTION,0.014743,45.823630,12000,10,10,0,0.000000,0.000000,0.612012,1.527505,5
30n20b8,config17,3,FAILED TO FIND AN INTEGER FEASIBLE SOLUTION,0.029524,51.033809,12000,10,10,0,0.000000,0.000000,0.555556,2.444444,2
30n20b8,config17,4,FAILED TO FIND AN INTEGER FEASIBLE SOLUTION,0.029072,56.099421,12000,10,10,0,0.000000,0.000000,0.653521,1.569014,7
30n20b8,config17,5,FAILED TO FIND AN INTEGER FEASIBLE SOLUTION,0.029162,37.724526,12000,10,10,0,0.000000,0.000000,1.235910,1.235910,4
30n20b8,config21,1,FOUND INTEGER FEASIBLE,0.026182,3.241683,850,9,8,0,5530.000000,5530.000000,0.000000,0.000000,0
30n20b8,config21,2,FAILED TO FIND AN INTEGER FEASIBLE SOLUTION,0.027342,44.316278,12000,9,9,0,0.000000,0.000000,0.253521,1.169014,3
30n20b8,config21,3,FOUND INTEGER FEASIBLE,0.013298,0.691760,244,9,1,0,906.000000,906.000000,0.000000,0.000000,0
30n20b8,config21,4,FAILED TO FIND AN INTEGER FEASIBLE SOLUTION,0.026040,36.708306,12000,9,9,0,0.000000,0.000000,0.877419,0.877419,3
30n20b8,config21,5,FAILED TO FIND AN INTEGER FEASIBLE SOLUTION,0.026164,45.839904,12000,9,9,0,0.000000,0.000000,0.021978,1.021978,2
30n20b8,config23,1,FOUND INTEGER FEASIBLE,0.026236,37.817489,10630,9,9,0,2730.000000,2730.000000,0.000000,0.000000,0
30n20b8,config23,2,FAILED TO FIND AN INTEGER FEASIBLE SOLUTION,0.026048,37.493835,12000,9,9,0,0.000000,0.000000,0.469767,1.600000,3
30n20b8,config23,3,FOUND INTEGER FEASIBLE,0.026164,2.602101,579,9,5,0,5530.000000,5530.000000,0.000000,0.000000,0
30n20b8,config23,4,FAILED TO FIND AN INTEGER FEASIBLE SOLUTION,0.026165,43.110831,12000,9,9,0,0.000000,0.000000,0.021978,0.021978,2
30n20b8,config23,5,FOUND INTEGER FEASIBLE,0.013832,0.981214,334,9,3,0,4153.000000,4153.000000,0.000000,0.000000,0
50v-10,config16,1,FOUND INTEGER FEASIBLE,0.012231,0.070533,4,0,0,0,20171.079947,20171.079947,0.000000,0.000000,0
50v-10,config16,2,FOUND INTEGER FEASIBLE,0.009545,0.054730,4,0,0,0,9559.729975,9559.729975,0.000000,0.000000,0
50v-10,config16,3,FOUND INTEGER FEASIBLE,0.009185,0.046093,2,0,0,0,9544.509972,9544.509972,0.000000,0.000000,0
50v-10,config16,4,FOUND INTEGER FEASIBLE,0.011725,0.055424,1,0,0,0,7482.059980,7482.059980,0.000000,0.000000,0
50v-10,config16,5,FOUND INTEGER FEASIBLE,0.009162,0.046897,3,0,0,0,24537.669936,24537.669936,0.000000,0.000000,0
50v-10,config17,1,FOUND INTEGER FEASIBLE,0.004154,0.027795,0,0,0,0,14047637.242963,14047637.242963,0.000000,0.000000,0
50v-10,config17,2,FOUND INTEGER FEASIBLE,0.005142,0.035418,0,0,0,0,14047637.242963,14047637.242963,0.000000,0.000000,0
50v-10,config17,3,FOUND INTEGER FEASIBLE,0.004139,0.028040,0,0,0,0,14047637.242963,14047637.242963,0.000000,0.000000,0
50v-10,config17,4,FOUND INTEGER FEASIBLE,0.004112,0.027771,0,0,0,0,14047637.242963,14047637.242963,0.000000,0.000000,0
50v-10,config17,5,FOUND INTEGER FEASIBLE,0.005050,0.034177,0,0,0,0,14047637.242963,14047637.242963,0.000000,0.000000,0
50v-10,config21,1,FOUND INTEGER FEASIBLE,0.002425,0.028396,0,0,0,0,14205494.682632,14205494.682632,0.000000,0.000000,0
50v-10,config21,2,FOUND INTEGER FEASIBLE,0.002442,0.028282,0,0,0,0,14205494.682632,14205494.682632,0.000000,0.000000,0
50v-10,config21,3,FOUND INTEGER FEASIBLE,0.002472,0.028238,0,0,0,0,14205494.682632,14205494.682632,0.000000,0.000000,0
50v-10,config21,4,FOUND INTEGER FEASIBLE,0.002013,0.023464,0,0,0,0,14205494.682632,14205494.682632,0.000000,0.000000,0
50v-10,config21,5,FOUND INTEGER FEASIBLE,0.001986,0.023607,0,0,0,0,14205494.682632,14205494.682632,0.000000,0.000000,0
50v-10,config23,1,FOUND INTEGER FEASIBLE,0.001972,0.026013,0,0,0,0,14047637.242963,14047637.242963,0.000000,0.000000,0
50v-10,config23,2,FOUND INTEGER FEASIBLE,0.002500,0.031880,0,0,0,0,14047637.242963,14047637.242963,0.000000,0.000000,0
50v-10,config23,3,FOUND INTEGER FEASIBLE,0.001507,0.023689,0,0,0,0,14047637.242963,14047637.242963,0.000000,0.000000,0
50v-10,config23,4,FOUND INTEGER FEASIBLE,0.001891,0.024055,0,0,0,0,14047637.242963,14047637.242963,0.000000,0.000000,0
50v-10,config23,5,FOUND INTEGER FEASIBLE,0.002448,0.031156,0,0,0,0,14047637.242963,14047637.242963,0.000000,0.000000,0
CMS750_4,config16,1,FOUND INTEGER FEASIBLE,0.107525,0.661154,0,11,0,0,993.000000,993.000000,0.000000,0.000000,0
CMS750_4,config16,2,FOUND INTEGER FEASIBLE,0.143907,0.866433,0,11,0,0,993.000000,993.000000,0.000000,0.000000,0
CMS750_4,config16,3,FOUND INTEGER FEASIBLE,0.140752,0.810274,0,11,0,0,993.000000,993.000000,0.000000,0.000000,0
CMS750_4,config16,4,FOUND INTEGER FEASIBLE,0.142825,0.857991,0,11,0,0,993.000000,993.000000,0.000000,0.000000,0
CMS750_4,config16,5,FOUND INTEGER FEASIBLE,0.143472,0.870700,0,11,0,0,993.000000,993.000000,0.000000,0.000000,0
CMS750_4,config17,1,FOUND INTEGER FEASIBLE,0.047175,0.560664,0,0,0,0,993.000000,993.000000,0.000000,0.000000,0
CMS750_4,config17,2,FOUND INTEGER FEASIBLE,0.047326,0.564869,0,0,0,0,993.000000,993.000000,0.000000,0.000000,0
CMS750_4,config17,3,FOUND INTEGER FEASIBLE,0.047583,0.561233,0,0,0,0,993.000000,993.000000,0.000000,0.000000,0
CMS750_4,config17,4,FOUND INTEGER FEASIBLE,0.042261,0.520519,0,0,0,0,993.000000,993.000000,0.000000,0.000000,0
CMS750_4,config17,5,FOUND INTEGER FEASIBLE,0.048707,0.579846,0,0,0,0,993.000000,993.000000,0.000000,0.000000,0
CMS750_4,config21,1,FOUND INTEGER FEASIBLE,0.236908,0.956517,0,11,0,0,993.000000,993.000000,0.000000,0.000000,0
CMS750_4,config21,2,FOUND INTEGER FEASIBLE,0.233640,0.953210,0,11,0,0,993.000000,993.000000,0.000000,0.000000,0
CMS750_4,config21,3,FOUND INTEGER FEASIBLE,0.236121,0.967927,0,11,0,0,993.000000,993.000000,0.000000,0.000000,0
CMS750_4,config21,4,FOUND INTEGER FEASIBLE,0.234995,0.965768,0,11,0,0,993.000000,993.000000,0.000000,0.000000,0
CMS750_4,config21,5,FOUND INTEGER FEASIBLE,0.211709,0.848007,0,11,0,0,993.000000,993.000000,0.000000,0.000000,0
CMS750_4,config23,1,FOUND INTEGER FEASIBLE,0.234197,0.959294,0,11,0,0,993.000000,993.000000,0.000000,0.000000,0
CMS750_4,config23,2,FOUND INTEGER FEASIBLE,0.176666,0.732081,0,11,0,0,993.000000,993.000000,0.000000,0.000000,0
CMS750_4,config23,3,FOUND INTEGER FEASIBLE,0.174966,0.706613,0,11,0,0,993.000000,993.000000,0.000000,0.000000,0
CMS750_4,config23,4,FOUND INTEGER FEASIBLE,0.236388,0.981384,0,11,0,0,993.000000,993.000000,0.000000,0.000000,0
CMS750_4,config23,5,FOUND INTEGER FEASIBLE,0.236394,0.983883,0,11,0,0,993.000000,993.000000,0.000000,0.000000,0
academictimetablesmall,config16,1,FAILED TO FIND AN INTEGER FEASIBLE SOLUTION,0.698397,3600,4538,12,12,1,0.000000,0.000000,54.997900,36.277802,341
academictimetablesmall,config16,2,FAILED TO FIND AN INTEGER FEASIBLE SOLUTION,0.797546,3600,4739,12,12,1,0.000000,0.000000,38.168908,22.546499,160
academictimetablesmall,config16,3,FAILED TO FIND AN INTEGER FEASIBLE SOLUTION,1.036999,3600,4702,12,12,1,0.000000,0.000000,42.011640,33.969312,297
academictimetablesmall,config16,4,FAILED TO FIND AN INTEGER FEASIBLE SOLUTION,0.558158,3600,4639,12,12,1,0.000000,0.000000,27.229541,21.930360,287
academictimetablesmall,config16,5,FAILED TO FIND AN INTEGER FEASIBLE SOLUTION,0.805919,3600,4701,12,12,1,0.000000,0.000000,46.945188,29.436508,301
academictimetablesmall,config17,1,FAILED TO FIND AN INTEGER FEASIBLE SOLUTION,5.491886,3600,4659,11,11,6,0.000000,0.000000,38.972564,24.971282,257
academictimetablesmall,config17,2,FAILED TO FIND AN INTEGER FEASIBLE SOLUTION,5.059012,3600,3815,11,11,6,0.000000,0.000000,52.871507,45.391680,460
academictimetablesmall,config17,3,FAILED TO FIND AN INTEGER FEASIBLE SOLUTION,5.094311,3600,4630,11,11,6,0.000000,0.000000,36.108005,36.358849,282
academictimetablesmall,config17,4,FAILED TO FIND AN INTEGER FEASIBLE SOLUTION,4.888422,3600,4676,11,11,6,0.000000,0.000000,38.910806,31.900229,269
academictimetablesmall,config17,5,FAILED TO FIND AN INTEGER FEASIBLE SOLUTION,5.618083,3600,4660,11,11,6,0.000000,0.000000,35.250000,30.964286,168
academictimetablesmall,config21,1,FAILED TO FIND AN INTEGER FEASIBLE SOLUTION,1.967371,3600,4718,12,12,1,0.000000,0.000000,30.200000,18.000000,131
academictimetablesmall,config21,2,FAILED TO FIND AN INTEGER FEASIBLE SOLUTION,1.354398,3600,4447,12,12,1,0.000000,0.000000,41.885865,24.594860,202
academictimetablesmall,config21,3,FAILED TO FIND AN INTEGER FEASIBLE SOLUTION,2.565649,3600,4705,12,12,1,0.000000,0.000000,33.907407,20.935185,264
academictimetablesmall,config21,4,FAILED TO FIND AN INTEGER FEASIBLE SOLUTION,1.863761,3600,4365,12,12,1,0.000000,0.000000,48.430450,42.243857,431
academictimetablesmall,config21,5,FAILED TO FIND AN INTEGER FEASIBLE SOLUTION,1.963401,3600,4682,12,12,1,0.000000,0.000000,42.238095,23.196429,193
academictimetablesmall,config23,1,FAILED TO FIND AN INTEGER FEASIBLE SOLUTION,1.824366,3600,4774,12,12,1,0.000000,0.000000,39.325059,20.293144,173
academictimetablesmall,config23,2,FAILED TO FIND AN INTEGER FEASIBLE SOLUTION,1.966803,3600,4558,12,12,1,0.000000,0.000000,38.660039,32.274692,355
academictimetablesmall,config23,3,FAILED TO FIND AN INTEGER FEASIBLE SOLUTION,1.955029,3600,4749,12,12,1,0.000000,0.000000,29.149912,21.930776,180
academictimetablesmall,config23,4,FAILED TO FIND AN INTEGER FEASIBLE SOLUTION,2.270736,3600,4449,12,12,1,0.000000,0.000000,28.904582,26.762616,352
academictimetablesmall,config23,5,FAILED TO FIND AN INTEGER FEASIBLE SOLUTION,2.543314,3600,4613,12,12,1,0.000000,0.000000,48.115460,37.874679,354
air05,config16,1,FOUND INTEGER FEASIBLE,0.174822,2.088773,4,3,1,1,28059.000000,28059.000000,0.000000,0.000000,0
air05,config16,2,FOUND INTEGER FEASIBLE,0.172364,2.039262,4,3,1,1,28059.000000,28059.000000,0.000000,0.000000,0
air05,config16,3,FOUND INTEGER FEASIBLE,0.171276,2.040846,4,3,1,1,28059.000000,28059.000000,0.000000,0.000000,0
air05,config16,4,FOUND INTEGER FEASIBLE,0.130075,3.545462,14,3,1,1,32463.000000,32463.000000,0.000000,0.000000,0
air05,config16,5,FOUND INTEGER FEASIBLE,0.170805,1.540663,1,3,1,1,28674.000000,28674.000000,0.000000,0.000000,0
air05,config17,1,FOUND INTEGER FEASIBLE,0.289664,4.543597,13,6,1,1,39319.000000,39319.000000,0.000000,0.000000,0
air05,config17,2,FOUND INTEGER FEASIBLE,0.291409,4.432507,12,6,1,1,40251.000000,40251.000000,0.000000,0.000000,0
air05,config17,3,FOUND INTEGER FEASIBLE,0.147052,2.299038,6,6,1,1,40101.000000,40101.000000,0.000000,0.000000,0
air05,config17,4,FOUND INTEGER FEASIBLE,0.290605,2.615230,10,6,1,1,41162.000000,41162.000000,0.000000,0.000000,0
air05,config17,5,FOUND INTEGER FEASIBLE,0.295507,3.223746,7,6,1,1,38816.000000,38816.000000,0.000000,0.000000,0
air05,config21,1,FOUND INTEGER FEASIBLE,0.857615,9.508062,31,12,0,0,43005.000000,43005.000000,0.000000,0.000000,0
air05,config21,2,FOUND INTEGER FEASIBLE,0.437291,5.109750,21,12,0,0,44370.000000,44370.000000,0.000000,0.000000,0
air05,config21,3,FOUND INTEGER FEASIBLE,0.647739,5.354364,13,12,0,0,43653.000000,43653.000000,0.000000,0.000000,0
air05,config21,4,FOUND INTEGER FEASIBLE,0.862776,3.844250,17,12,0,0,45784.000000,45784.000000,0.000000,0.000000,0
air05,config21,5,FOUND INTEGER FEASIBLE,0.652021,9.035031,35,12,0,0,40222.000000,40222.000000,0.000000,0.000000,0
air05,config23,1,FOUND INTEGER FEASIBLE,0.642016,2.793176,11,12,0,0,38119.000000,38119.000000,0.000000,0.000000,0
air05,config23,2,FOUND INTEGER FEASIBLE,0.858234,2.953551,9,12,0,0,38134.000000,38134.000000,0.000000,0.000000,0
air05,config23,3,FOUND INTEGER FEASIBLE,0.866148,4.029023,13,12,0,0,38192.000000,38192.000000,0.000000,0.000000,0
air05,config23,4,FOUND INTEGER FEASIBLE,0.855249,1.990208,3,12,0,0,38332.000000,38332.000000,0.000000,0.000000,0
air05,config23,5,FOUND INTEGER FEASIBLE,0.859695,2.838553,8,12,0,0,39974.000000,39974.000000,0.000000,0.000000,0
app1-1,config16,1,FOUND INTEGER FEASIBLE,0.025457,0.217035,84,5,1,0,-2.000000,-2.000000,0.000000,0.000000,0
app1-1,config16,2,FOUND INTEGER FEASIBLE,0.024263,0.194757,84,5,1,0,-2.000000,-2.000000,0.000000,0.000000,0
app1-1,config16,3,FOUND INTEGER FEASIBLE,0.024495,0.195657,84,5,1,0,-2.000000,-2.000000,0.000000,0.000000,0
app1-1,config16,4,FOUND INTEGER FEASIBLE,0.024487,0.200616,89,5,1,0,-2.000000,-2.000000,0.000000,0.000000,0
app1-1,config16,5,FOUND INTEGER FEASIBLE,0.024453,0.207584,92,5,1,0,-2.000000,-2.000000,0.000000,0.000000,0
app1-1,config17,1,FOUND INTEGER FEASIBLE,0.016674,0.168596,12,11,0,0,-1.000000,-1.000000,0.000000,0.000000,0
app1-1,config17,2,FOUND INTEGER FEASIBLE,0.012970,0.152105,11,11,0,0,-1.000000,-1.000000,0.000000,0.000000,0
app1-1,config17,3,FOUND INTEGER FEASIBLE,0.017439,0.179398,7,11,0,0,-1.000000,-1.000000,0.000000,0.000000,0
app1-1,config17,4,FOUND INTEGER FEASIBLE,0.012302,0.113505,6,11,0,0,-1.000000,-1.000000,0.000000,0.000000,0
app1-1,config17,5,FOUND INTEGER FEASIBLE,0.016147,0.151574,7,11,0,0,-2.000000,-2.000000,0.000000,0.000000,0
app1-1,config21,1,FOUND INTEGER FEASIBLE,0.137268,0.317877,102,10,1,0,-1.000000,-1.000000,0.000000,0.000000,0
app1-1,config21,2,FOUND INTEGER FEASIBLE,0.102405,0.261128,108,10,1,0,-1.000000,-1.000000,0.000000,0.000000,0
app1-1,config21,3,FOUND INTEGER FEASIBLE,0.102585,0.239477,96,10,1,0,-1.000000,-1.000000,0.000000,0.000000,0
app1-1,config21,4,FOUND INTEGER FEASIBLE,0.134375,0.319679,100,10,1,0,-1.000000,-1.000000,0.000000,0.000000,0
app1-1,config21,5,FOUND INTEGER FEASIBLE,0.134230,0.317205,104,10,1,0,-1.000000,-1.000000,0.000000,0.000000,0
app1-1,config23,1,FOUND INTEGER FEASIBLE,0.134628,0.310982,94,10,1,0,-1.000000,-1.000000,0.000000,0.000000,0
app1-1,config23,2,FOUND INTEGER FEASIBLE,0.132914,0.309348,94,10,1,0,-1.000000,-1.000000,0.000000,0.000000,0
app1-1,config23,3,FOUND INTEGER FEASIBLE,0.113945,0.263295,97,10,1,0,-1.000000,-1.000000,0.000000,0.000000,0
app1-1,config23,4,FOUND INTEGER FEASIBLE,0.136982,0.328095,92,10,1,0,-1.000000,-1.000000,0.000000,0.000000,0
app1-1,config23,5,FOUND INTEGER FEASIBLE,0.134444,0.314611,96,10,1,0,-1.000000,-1.000000,0.000000,0.000000,0
app1-2,config16,1,FOUND INTEGER FEASIBLE,0.501597,4.546108,25,11,1,1,-23.000000,-23.000000,0.000000,0.000000,0
app1-2,config16,2,FOUND INTEGER FEASIBLE,0.494026,4.177698,16,11,1,1,-23.000000,-23.000000,0.000000,0.000000,0
app1-2,config16,3,FOUND INTEGER FEASIBLE,0.499781,4.014085,11,11,1,1,-23.000000,-23.000000,0.000000,0.000000,0
app1-2,config16,4,FOUND INTEGER FEASIBLE,0.696363,5.028071,25,11,1,1,-26.000000,-26.000000,0.000000,0.000000,0
app1-2,config16,5,FOUND INTEGER FEASIBLE,0.508198,4.598186,16,11,1,1,-23.000000,-23.000000,0.000000,0.000000,0
app1-2,config17,1,FOUND INTEGER FEASIBLE,0.318167,31.054286,747,10,8,0,-22.000000,-22.000000,0.000000,0.000000,0
app1-2,config17,2,FOUND INTEGER FEASIBLE,0.357462,25.363491,763,10,8,0,-21.000000,-21.000000,0.000000,0.000000,0
app1-2,config17,3,FOUND INTEGER FEASIBLE,0.183355,26.262590,753,10,8,0,-22.000000,-22.000000,0.000000,0.000000,0
app1-2,config17,4,FOUND INTEGER FEASIBLE,0.183654,29.160040,808,10,8,0,-23.000000,-23.000000,0.000000,0.000000,0
app1-2,config17,5,FOUND INTEGER FEASIBLE,0.183509,25.191210,758,10,8,0,-22.000000,-22.000000,0.000000,0.000000,0
app1-2,config21,1,FOUND INTEGER FEASIBLE,3.709188,7.790961,126,11,1,0,-24.000000,-24.000000,0.000000,0.000000,0
app1-2,config21,2,FOUND INTEGER FEASIBLE,4.738705,8.325016,128,11,1,0,-24.000000,-24.000000,0.000000,0.000000,0
app1-2,config21,3,FOUND INTEGER FEASIBLE,4.848213,8.941121,108,11,1,0,-24.000000,-24.000000,0.000000,0.000000,0
app1-2,config21,4,FOUND INTEGER FEASIBLE,4.723829,8.190563,98,11,1,0,-24.000000,-24.000000,0.000000,0.000000,0
app1-2,config21,5,FOUND INTEGER FEASIBLE,3.718807,7.307332,128,11,1,0,-24.000000,-24.000000,0.000010,0.000000,0
app1-2,config23,1,FOUND INTEGER FEASIBLE,4.759856,7.370661,109,11,1,0,-24.000000,-24.000000,0.000000,0.000000,0
app1-2,config23,2,FOUND INTEGER FEASIBLE,3.695506,7.134682,115,11,1,0,-24.000000,-24.000000,0.000000,0.000000,0
app1-2,config23,3,FOUND INTEGER FEASIBLE,3.727569,6.847707,110,11,1,0,-23.000000,-23.000000,0.000000,0.000000,0
app1-2,config23,4,FOUND INTEGER FEASIBLE,3.695666,7.057073,104,11,1,0,-23.000000,-23.000000,0.000000,0.000000,0
app1-2,config23,5,FOUND INTEGER FEASIBLE,3.698798,6.088167,118,11,1,0,-23.000000,-23.000000,0.000000,0.000000,0
assign1-5-8,config16,1,FOUND INTEGER FEASIBLE,0.012265,0.022447,1,7,0,0,241.000000,241.000000,0.000000,0.000000,0
assign1-5-8,config16,2,FOUND INTEGER FEASIBLE,0.012074,0.022293,1,7,0,0,240.000000,240.000000,0.000000,0.000000,0
assign1-5-8,config16,3,FOUND INTEGER FEASIBLE,0.031061,0.055819,1,7,0,0,233.000000,233.000000,0.000000,0.000000,0
assign1-5-8,config16,4,FOUND INTEGER FEASIBLE,0.028884,0.052308,1,7,0,0,241.000000,241.000000,0.000000,0.000000,0
assign1-5-8,config16,5,FOUND INTEGER FEASIBLE,0.023777,0.043783,1,7,0,0,248.000000,248.000000,0.000000,0.000000,0
assign1-5-8,config17,1,FOUND INTEGER FEASIBLE,0.001730,0.014671,0,0,0,0,474.000000,239.000000,0.000000,0.000000,0
assign1-5-8,config17,2,FOUND INTEGER FEASIBLE,0.002157,0.018410,0,0,0,0,474.000000,239.000000,0.000000,0.000000,0
assign1-5-8,config17,3,FOUND INTEGER FEASIBLE,0.002131,0.018270,0,0,0,0,474.000000,239.000000,0.000000,0.000000,0
assign1-5-8,config17,4,FOUND INTEGER FEASIBLE,0.002112,0.017608,0,0,0,0,474.000000,239.000000,0.000000,0.000000,0
assign1-5-8,config17,5,FOUND INTEGER FEASIBLE,0.002114,0.016764,0,0,0,0,474.000000,239.000000,0.000000,0.000000,0
assign1-5-8,config21,1,FOUND INTEGER FEASIBLE,0.002115,0.018089,0,0,0,0,474.000000,274.000000,0.000000,0.000000,0
assign1-5-8,config21,2,FOUND INTEGER FEASIBLE,0.002075,0.017789,0,0,0,0,474.000000,274.000000,0.000000,0.000000,0
assign1-5-8,config21,3,FOUND INTEGER FEASIBLE,0.001770,0.015911,0,0,0,0,474.000000,274.000000,0.000000,0.000000,0
assign1-5-8,config21,4,FOUND INTEGER FEASIBLE,0.002073,0.017833,0,0,0,0,474.000000,274.000000,0.000000,0.000000,0
assign1-5-8,config21,5,FOUND INTEGER FEASIBLE,0.002028,0.017642,0,0,0,0,474.000000,274.000000,0.000000,0.000000,0
assign1-5-8,config23,1,FOUND INTEGER FEASIBLE,0.002083,0.017747,0,0,0,0,474.000000,239.000000,0.000000,0.000000,0
assign1-5-8,config23,2,FOUND INTEGER FEASIBLE,0.002095,0.017737,0,0,0,0,474.000000,239.000000,0.000000,0.000000,0
assign1-5-8,config23,3,FOUND INTEGER FEASIBLE,0.002105,0.017805,0,0,0,0,474.000000,239.000000,0.000000,0.000000,0
assign1-5-8,config23,4,FOUND INTEGER FEASIBLE,0.002117,0.017993,0,0,0,0,474.000000,239.000000,0.000000,0.000000,0
assign1-5-8,config23,5,FOUND INTEGER FEASIBLE,0.002124,0.017715,0,0,0,0,474.000000,239.000000,0.000000,0.000000,0
atlanta-ip,config16,1,FOUND INTEGER FEASIBLE,5.465245,11.144317,280,12,4,2,160.016203,160.016203,0.000000,0.000000,0
atlanta-ip,config16,2,FOUND INTEGER FEASIBLE,3.061151,8.966948,234,12,4,2,144.011792,144.011792,0.000000,0.000000,0
atlanta-ip,config16,3,FOUND INTEGER FEASIBLE,4.134380,10.122865,328,12,4,2,186.028910,186.028910,0.000000,0.000000,0
atlanta-ip,config16,4,FOUND INTEGER FEASIBLE,3.520974,8.772183,227,12,4,2,162.018410,162.018410,0.000000,0.000000,0
atlanta-ip,config16,5,FOUND INTEGER FEASIBLE,4.464341,11.049873,281,12,4,2,178.015216,178.015216,0.000000,0.000000,0
atlanta-ip,config17,1,FOUND INTEGER FEASIBLE,0.506619,1.771205,1,6,1,1,140.009935,140.009935,0.000000,0.000000,0
atlanta-ip,config17,2,FOUND INTEGER FEASIBLE,0.268155,1.057295,1,6,1,1,140.009935,140.009935,0.000000,0.000000,0
atlanta-ip,config17,3,FOUND INTEGER FEASIBLE,0.504208,1.759234,1,6,1,1,140.009935,140.009935,0.000000,0.000000,0
atlanta-ip,config17,4,FOUND INTEGER FEASIBLE,0.497318,1.734894,1,6,1,1,140.009935,140.009935,0.000000,0.000000,0
atlanta-ip,config17,5,FOUND INTEGER FEASIBLE,0.503777,1.760822,1,6,1,1,140.009935,140.009935,0.000000,0.000000,0
atlanta-ip,config21,1,FOUND INTEGER FEASIBLE,1.923068,3.158351,47,12,1,1,170.044763,170.044763,0.000000,0.000000,0
atlanta-ip,config21,2,FOUND INTEGER FEASIBLE,1.477790,2.386088,32,12,1,1,170.045951,170.045951,0.000000,0.000000,0
atlanta-ip,config21,3,FOUND INTEGER FEASIBLE,1.936932,3.416795,35,12,1,1,170.045475,170.045475,0.000000,0.000000,0
atlanta-ip,config21,4,FOUND INTEGER FEASIBLE,1.933587,3.395556,23,12,1,1,170.045723,170.045723,0.000000,0.000000,0
atlanta-ip,config21,5,FOUND INTEGER FEASIBLE,1.917990,3.385828,22,12,1,1,170.045479,170.045479,0.000000,0.000000,0
atlanta-ip,config23,1,FOUND INTEGER FEASIBLE,2.126601,3.605584,56,12,1,1,156.010972,156.010972,0.000000,0.000000,0
atlanta-ip,config23,2,FOUND INTEGER FEASIBLE,1.473547,2.425136,74,12,1,1,150.011596,150.011596,0.000000,0.000000,0
atlanta-ip,config23,3,FOUND INTEGER FEASIBLE,1.480454,2.452340,88,12,1,1,152.011210,152.011210,0.000000,0.000000,0
atlanta-ip,config23,4,FOUND INTEGER FEASIBLE,1.948609,3.384923,22,12,1,1,156.011110,156.011110,0.000000,0.000000,0
atlanta-ip,config23,5,FOUND INTEGER FEASIBLE,1.919744,3.258677,113,12,1,1,148.011153,148.011153,0.000000,0.000000,0
b1c1s1,config16,1,FOUND INTEGER FEASIBLE,0.102275,0.387813,100,5,1,0,74076.443800,47650.650000,0.000000,0.000000,0
b1c1s1,config16,2,FOUND INTEGER FEASIBLE,0.102128,0.411350,114,5,1,0,70677.182548,51227.950000,0.000000,0.000000,0
b1c1s1,config16,3,FOUND INTEGER FEASIBLE,0.102276,0.391100,125,5,1,0,66469.132657,47407.650000,0.000000,0.000000,0
b1c1s1,config16,4,FOUND INTEGER FEASIBLE,0.149976,0.541513,110,5,1,0,64264.816000,44024.350000,0.000000,0.000000,0
b1c1s1,config16,5,FOUND INTEGER FEASIBLE,0.148942,0.459188,116,5,1,0,65565.010000,42971.450000,0.000000,0.000000,0
b1c1s1,config17,1,FOUND INTEGER FEASIBLE,0.698538,0.928347,8,7,0,0,58215.660000,39996.120000,0.000000,0.000000,0
b1c1s1,config17,2,FOUND INTEGER FEASIBLE,0.697432,0.944816,7,7,0,0,62058.011454,43990.450000,0.000000,0.000000,0
b1c1s1,config17,3,FOUND INTEGER FEASIBLE,0.933975,1.225969,4,7,0,0,65242.687077,38852.450000,0.000000,0.000000,0
b1c1s1,config17,4,FOUND INTEGER FEASIBLE,0.933892,1.168104,4,7,0,0,63877.393652,46459.250000,0.000000,0.000000,0
b1c1s1,config17,5,FOUND INTEGER FEASIBLE,0.940298,1.143431,1,7,0,0,65520.443187,44204.480000,0.000000,0.000000,0
b1c1s1,config21,1,FOUND INTEGER FEASIBLE,0.034645,0.129058,0,0,0,0,119162.682667,74803.520000,0.000000,0.000000,0
b1c1s1,config21,2,FOUND INTEGER FEASIBLE,0.034442,0.120502,0,0,0,0,119162.682667,74803.520000,0.000000,0.000000,0
b1c1s1,config21,3,FOUND INTEGER FEASIBLE,0.034164,0.118970,0,0,0,0,119162.682667,74803.520000,0.000000,0.000000,0
b1c1s1,config21,4,FOUND INTEGER FEASIBLE,0.034372,0.118689,0,0,0,0,119162.682667,74803.520000,0.000000,0.000000,0
b1c1s1,config21,5,FOUND INTEGER FEASIBLE,0.034395,0.118811,0,0,0,0,119162.682667,74803.520000,0.000000,0.000000,0
b1c1s1,config23,1,FOUND INTEGER FEASIBLE,0.034332,0.818922,6,0,0,0,60709.857800,40680.250000,0.000000,0.000000,0
b1c1s1,config23,2,FOUND INTEGER FEASIBLE,0.034512,0.915813,6,0,0,0,66906.353048,48317.050000,0.000000,0.000000,0
b1c1s1,config23,3,FOUND INTEGER FEASIBLE,0.034901,0.777756,6,0,0,0,68389.412548,42561.150000,0.000000,0.000000,0
b1c1s1,config23,4,FOUND INTEGER FEASIBLE,0.035355,0.639533,2,0,0,0,63581.019476,44556.850000,0.000000,0.000000,0
b1c1s1,config23,5,FOUND INTEGER FEASIBLE,0.025999,0.403767,1,0,0,0,77568.150326,52888.400000,0.000000,0.000000,0
bab2,config16,1,FAILED TO FIND AN INTEGER FEASIBLE SOLUTION,15.163992,3600,586,3,3,2,0.000000,0.000000,12.000000,6.000000,24
bab2,config16,2,FAILED TO FIND AN INTEGER FEASIBLE SOLUTION,15.691719,3600,591,3,3,2,0.000000,0.000000,10.000000,5.000000,20
bab2,config16,3,FAILED TO FIND AN INTEGER FEASIBLE SOLUTION,14.850355,3600,661,3,3,2,0.000000,0.000000,4.000000,2.000000,8
bab2,config16,4,FAILED TO FIND AN INTEGER FEASIBLE SOLUTION,11.758961,3600,925,3,3,2,0.000000,0.000000,10.000000,5.000000,20
bab2,config16,5,FAILED TO FIND AN INTEGER FEASIBLE SOLUTION,13.647694,3600,675,3,3,2,0.000000,0.000000,8.000000,4.000000,16
bab2,config17,1,FAILED TO FIND AN INTEGER FEASIBLE SOLUTION,14.956696,3600,1259,11,11,1,0.000000,0.000000,8.000000,4.000000,16
bab2,config17,2,FAILED TO FIND AN INTEGER FEASIBLE SOLUTION,18.531881,3600,1207,11,11,1,0.000000,0.000000,8.000000,4.500000,16
bab2,config17,3,FAILED TO FIND AN INTEGER FEASIBLE SOLUTION,16.950718,3600,1365,11,11,1,0.000000,0.000000,10.000000,5.500000,20
bab2,config17,4,FAILED TO FIND AN INTEGER FEASIBLE SOLUTION,18.115122,3600,1102,11,11,1,0.000000,0.000000,5.000000,2.500000,10
bab2,config17,5,FAILED TO FIND AN INTEGER FEASIBLE SOLUTION,15.863090,3600,1368,11,11,1,0.000000,0.000000,12.000000,6.500000,24
bab2,config21,1,FAILED TO FIND AN INTEGER FEASIBLE SOLUTION,10.262037,3600,689,9,9,1,0.000000,0.000000,5.000000,3.000000,10
bab2,config21,2,FAILED TO FIND AN INTEGER FEASIBLE SOLUTION,7.946913,3600,809,9,9,1,0.000000,0.000000,11.000000,6.000000,22
bab2,config21,3,FAILED TO FIND AN INTEGER FEASIBLE SOLUTION,7.797548,3600,1122,9,9,1,0.000000,0.000000,11.000000,6.000000,22
bab2,config21,4,FAILED TO FIND AN INTEGER FEASIBLE SOLUTION,8.891957,3600,632,9,9,1,0.000000,0.000000,6.000000,3.500000,12
bab2,config21,5,FAILED TO FIND AN INTEGER FEASIBLE SOLUTION,9.569488,3600,666,9,9,1,0.000000,0.000000,5.000000,3.000000,10
bab2,config23,1,FAILED TO FIND AN INTEGER FEASIBLE SOLUTION,7.887520,3600,803,9,9,1,0.000000,0.000000,9.000000,4.500000,18
bab2,config23,2,FAILED TO FIND AN INTEGER FEASIBLE SOLUTION,9.911111,3600,654,9,9,1,0.000000,0.000000,9.000000,4.500000,18
bab2,config23,3,FAILED TO FIND AN INTEGER FEASIBLE SOLUTION,9.332056,3600,592,9,9,1,0.000000,0.000000,3.000000,1.500000,6
bab2,config23,4,FAILED TO FIND AN INTEGER FEASIBLE SOLUTION,8.809997,3600,794,9,9,1,0.000000,0.000000,9.000000,4.500000,18
bab2,config23,5,FAILED TO FIND AN INTEGER FEASIBLE SOLUTION,9.561628,3600,620,9,9,1,0.000000,0.000000,5.000000,2.500000,10
bab6,config16,1,FOUND INTEGER FEASIBLE,6.322318,62.336699,189,6,3,2,-136055.129200,-136055.129200,0.000000,0.000000,0
bab6,config16,2,FOUND INTEGER FEASIBLE,5.471505,45.342207,56,6,2,2,-136741.647100,-136741.647100,0.000000,0.000000,0
bab6,config16,3,FOUND INTEGER FEASIBLE,6.279507,304.359109,976,6,6,2,-71935.168200,-71935.168200,0.000000,0.000000,0
bab6,config16,4,FOUND INTEGER FEASIBLE,5.575567,39.725443,51,6,2,2,-159751.431400,-159751.431400,0.000000,0.000000,0
bab6,config16,5,FOUND INTEGER FEASIBLE,6.493741,73.775752,330,6,5,2,-158900.074200,-158900.074200,0.000000,0.000000,0
bab6,config17,1,FOUND INTEGER FEASIBLE,28.971404,46.392039,119,11,1,1,33268.743600,33268.743600,0.000000,0.000000,0
bab6,config17,2,FOUND INTEGER FEASIBLE,30.639791,91.259175,545,11,5,1,25642.971100,25642.971100,0.000000,0.000000,0
bab6,config17,3,FOUND INTEGER FEASIBLE,23.185789,38.746048,77,11,1,1,35200.168000,35200.168000,0.000000,0.000000,0
bab6,config17,4,FAILED TO FIND AN INTEGER FEASIBLE SOLUTION,25.954443,2009.354156,12000,11,11,1,0.000000,0.000000,0.500000,0.500000,1
bab6,config17,5,FOUND INTEGER FEASIBLE,25.382605,49.222329,205,11,1,1,19949.597000,19949.597000,0.000000,0.000000,0
bab6,config21,1,FOUND INTEGER FEASIBLE,7.171829,3452.378677,10073,10,10,1,-10888.259700,-10888.259700,0.000000,0.000000,0
bab6,config21,2,FOUND INTEGER FEASIBLE,6.419701,197.488151,752,10,8,1,5988.606100,5988.606100,0.000000,0.000000,0
bab6,config21,3,FOUND INTEGER FEASIBLE,7.175385,162.324869,732,10,9,1,-1024.588800,-1024.588800,0.000000,0.000000,0
bab6,config21,4,FOUND INTEGER FEASIBLE,8.052940,2223.738124,6005,10,10,1,3984.900700,3984.900700,0.000000,0.000000,0
bab6,config21,5,FOUND INTEGER FEASIBLE,7.378487,1674.708157,3851,10,10,1,7463.461700,7463.461700,0.000000,0.000000,0
bab6,config23,1,FOUND INTEGER FEASIBLE,6.367806,295.765924,1623,10,10,1,15520.104200,15520.104200,0.000000,0.000000,0
bab6,config23,2,FOUND INTEGER FEASIBLE,7.145667,567.430527,1505,10,10,1,3840.265400,3840.265400,0.000000,0.000000,0
bab6,config23,3,FOUND INTEGER FEASIBLE,7.110656,474.723341,2088,10,10,1,5754.044700,5754.044700,0.000000,0.000000,0
bab6,config23,4,FOUND INTEGER FEASIBLE,8.301862,92.689753,436,10,4,1,34206.914100,34206.914100,0.000000,0.000000,0
bab6,config23,5,FOUND INTEGER FEASIBLE,7.562585,46.533240,200,10,2,1,27229.203700,27229.203700,0.000000,0.000000,0
beasleyC3,config16,1,FOUND INTEGER FEASIBLE,0.026690,0.071750,7,7,0,0,929.000000,929.000000,0.000000,0.000000,0
beasleyC3,config16,2,FOUND INTEGER FEASIBLE,0.024511,0.079879,9,7,0,0,934.000000,934.000000,0.000000,0.000000,0
beasleyC3,config16,3,FOUND INTEGER FEASIBLE,0.023540,0.068326,7,7,0,0,931.000000,931.000000,0.000000,0.000000,0
beasleyC3,config16,4,FOUND INTEGER FEASIBLE,0.025323,0.066936,2,7,0,0,1044.000000,1044.000000,0.000000,0.000000,0
beasleyC3,config16,5,FOUND INTEGER FEASIBLE,0.025180,0.069586,4,7,0,0,911.000000,911.000000,0.000000,0.000000,0
beasleyC3,config17,1,FOUND INTEGER FEASIBLE,0.025743,0.072871,8,6,0,0,914.000000,914.000000,0.000000,0.000000,0
beasleyC3,config17,2,FOUND INTEGER FEASIBLE,0.028531,0.079541,8,6,0,0,928.000000,928.000000,0.000000,0.000000,0
beasleyC3,config17,3,FOUND INTEGER FEASIBLE,0.028745,0.078392,7,6,0,0,938.000000,938.000000,0.000000,0.000000,0
beasleyC3,config17,4,FOUND INTEGER FEASIBLE,0.025485,0.064606,2,6,0,0,1059.000000,1059.000000,0.000000,0.000000,0
beasleyC3,config17,5,FOUND INTEGER FEASIBLE,0.025576,0.068126,5,6,0,0,988.000000,988.000000,0.000000,0.000000,0
beasleyC3,config21,1,FOUND INTEGER FEASIBLE,0.065407,0.087423,0,4,0,0,1116.000000,1116.000000,0.000000,0.000000,0
beasleyC3,config21,2,FOUND INTEGER FEASIBLE,0.065437,0.087499,0,4,0,0,1116.000000,1116.000000,0.000000,0.000000,0
beasleyC3,config21,3,FOUND INTEGER FEASIBLE,0.065846,0.088027,0,4,0,0,1116.000000,1116.000000,0.000000,0.000000,0
beasleyC3,config21,4,FOUND INTEGER FEASIBLE,0.070115,0.095906,0,4,0,0,1116.000000,1116.000000,0.000000,0.000000,0
beasleyC3,config21,5,FOUND INTEGER FEASIBLE,0.065617,0.088097,0,4,0,0,1116.000000,1116.000000,0.000000,0.000000,0
beasleyC3,config23,1,FOUND INTEGER FEASIBLE,0.066129,0.088749,2,4,0,0,1035.000000,1035.000000,0.000000,0.000000,0
beasleyC3,config23,2,FOUND INTEGER FEASIBLE,0.069526,0.097029,2,4,0,0,1035.000000,1035.000000,0.000000,0.000000,0
beasleyC3,config23,3,FOUND INTEGER FEASIBLE,0.069524,0.095724,2,4,0,0,1035.000000,1035.000000,0.000000,0.000000,0
beasleyC3,config23,4,FOUND INTEGER FEASIBLE,0.070130,0.096786,2,4,0,0,1035.000000,1035.000000,0.000000,0.000000,0
beasleyC3,config23,5,FOUND INTEGER FEASIBLE,0.068586,0.094999,2,4,0,0,1035.000000,1035.000000,0.000000,0.000000,0
binkar10_1,config16,1,FOUND INTEGER FEASIBLE,0.033798,0.050450,0,9,0,0,10212.290106,10212.290106,0.000000,0.000000,0
binkar10_1,config16,2,FOUND INTEGER FEASIBLE,0.042081,0.058500,0,9,0,0,10212.290106,10212.290106,0.000000,0.000000,0
binkar10_1,config16,3,FOUND INTEGER FEASIBLE,0.037898,0.057123,0,9,0,0,10212.290106,10212.290106,0.000000,0.000000,0
binkar10_1,config16,4,FOUND INTEGER FEASIBLE,0.033700,0.050061,0,9,0,0,10212.290106,10212.290106,0.000000,0.000000,0
binkar10_1,config16,5,FOUND INTEGER FEASIBLE,0.033672,0.050139,0,9,0,0,10212.290106,10212.290106,0.000000,0.000000,0
binkar10_1,config17,1,FOUND INTEGER FEASIBLE,0.017056,0.047008,3,2,0,0,12156.380066,11965.230060,0.000000,0.000000,0
binkar10_1,config17,2,FOUND INTEGER FEASIBLE,0.016921,0.046689,3,2,0,0,12156.380066,11965.230060,0.000000,0.000000,0
binkar10_1,config17,3,FOUND INTEGER FEASIBLE,0.017064,0.045249,3,2,0,0,12156.380066,11965.230060,0.000000,0.000000,0
binkar10_1,config17,4,FOUND INTEGER FEASIBLE,0.016878,0.045502,2,2,0,0,12156.380066,11965.230060,0.000000,0.000000,0
binkar10_1,config17,5,FOUND INTEGER FEASIBLE,0.016836,0.043358,1,2,0,0,12192.680068,11965.230060,0.000000,0.000000,0
binkar10_1,config21,1,FOUND INTEGER FEASIBLE,0.030502,0.056408,1,7,0,0,1009980.030020,9214.199989,0.000000,0.000000,0
binkar10_1,config21,2,FOUND INTEGER FEASIBLE,0.025564,0.048955,1,7,0,0,1009980.030020,9214.199989,0.000000,0.000000,0
binkar10_1,config21,3,FOUND INTEGER FEASIBLE,0.025637,0.049107,1,7,0,0,1009980.030020,9214.199989,0.000000,0.000000,0
binkar10_1,config21,4,FOUND INTEGER FEASIBLE,0.032811,0.059085,1,7,0,0,1009980.030020,9214.199989,0.000000,0.000000,0
binkar10_1,config21,5,FOUND INTEGER FEASIBLE,0.029410,0.055572,1,7,0,0,1009980.030020,9214.199989,0.000000,0.000000,0
binkar10_1,config23,1,FOUND INTEGER FEASIBLE,0.030002,0.056763,1,7,0,0,10896.050029,10791.680027,0.000000,0.000000,0
binkar10_1,config23,2,FOUND INTEGER FEASIBLE,0.025451,0.049162,1,7,0,0,10896.050029,10791.680027,0.000000,0.000000,0
binkar10_1,config23,3,FOUND INTEGER FEASIBLE,0.025488,0.049186,1,7,0,0,10896.050029,10791.680027,0.000000,0.000000,0
binkar10_1,config23,4,FOUND INTEGER FEASIBLE,0.025451,0.049194,1,7,0,0,10896.050029,10791.680027,0.000000,0.000000,0
binkar10_1,config23,5,FOUND INTEGER FEASIBLE,0.025430,0.049015,1,7,0,0,10911.210030,10739.920031,0.000000,0.000000,0
blp-ar98,config16,1,FOUND INTEGER FEASIBLE,0.163587,1.372616,15,12,2,2,12990.116605,12990.116605,0.000000,0.000000,0
blp-ar98,config16,2,FOUND INTEGER FEASIBLE,0.161825,1.353540,13,12,2,2,12596.711840,12596.711840,0.000000,0.000000,0
blp-ar98,config16,3,FOUND INTEGER FEASIBLE,0.164644,1.172613,4,12,2,2,11310.716288,11310.716288,0.000000,0.000000,0
blp-ar98,config16,4,FOUND INTEGER FEASIBLE,0.141254,1.180957,16,12,2,2,14207.490635,14207.490635,0.000000,0.000000,0
blp-ar98,config16,5,FOUND INTEGER FEASIBLE,0.122213,0.941187,8,12,2,2,13011.363226,13011.363226,0.000000,0.000000,0
blp-ar98,config17,1,FOUND INTEGER FEASIBLE,0.146056,1.421058,19,10,1,1,15833.750267,15833.750267,0.000000,0.000000,0
blp-ar98,config17,2,FOUND INTEGER FEASIBLE,0.147151,1.379675,15,10,1,1,14784.708635,14784.708635,0.000000,0.000000,0
blp-ar98,config17,3,FOUND INTEGER FEASIBLE,0.145002,1.243988,11,10,1,1,14340.900733,14340.900733,0.000000,0.000000,0
blp-ar98,config17,4,FOUND INTEGER FEASIBLE,0.145585,1.232188,10,10,1,1,15242.907677,15242.907677,0.000000,0.000000,0
blp-ar98,config17,5,FOUND INTEGER FEASIBLE,0.143371,1.294321,13,10,1,1,15257.123152,15257.123152,0.000000,0.000000,0
blp-ar98,config21,1,FOUND INTEGER FEASIBLE,0.298821,1.652193,21,4,0,0,17263.990302,17263.990302,0.000000,0.000000,0
blp-ar98,config21,2,FOUND INTEGER FEASIBLE,0.292392,1.503098,15,4,0,0,17378.852750,17378.852750,0.000000,0.000000,0
blp-ar98,config21,3,FOUND INTEGER FEASIBLE,0.284974,1.846038,36,4,0,0,17028.118142,17028.118142,0.000000,0.000000,0
blp-ar98,config21,4,FOUND INTEGER FEASIBLE,0.299748,2.904550,95,4,1,0,17457.482371,17457.482371,0.000000,0.000000,0
blp-ar98,config21,5,FOUND INTEGER FEASIBLE,0.215595,1.979205,72,4,0,0,16648.666408,16648.666408,0.000000,0.000000,0
blp-ar98,config23,1,FOUND INTEGER FEASIBLE,0.219470,1.283159,26,4,0,0,15228.090142,15228.090142,0.000000,0.000000,0
blp-ar98,config23,2,FOUND INTEGER FEASIBLE,0.290462,2.371020,67,4,0,0,16691.874299,16691.874299,0.000000,0.000000,0
blp-ar98,config23,3,FOUND INTEGER FEASIBLE,0.289666,1.632331,25,4,0,0,14307.241954,14307.241954,0.000000,0.000000,0
blp-ar98,config23,4,FOUND INTEGER FEASIBLE,0.291679,2.382574,72,4,0,0,14514.324253,14514.324253,0.000000,0.000000,0
blp-ar98,config23,5,FOUND INTEGER FEASIBLE,0.290575,2.746065,92,4,0,0,16543.524470,16543.524470,0.000000,0.000000,0
blp-ic98,config16,1,FOUND INTEGER FEASIBLE,0.150031,0.647000,1,10,0,0,6878.345898,6878.345898,0.000000,0.000000,0
blp-ic98,config16,2,FOUND INTEGER FEASIBLE,0.150137,0.652955,1,10,0,0,6623.589520,6623.589520,0.000000,0.000000,0
blp-ic98,config16,3,FOUND INTEGER FEASIBLE,0.151135,0.657583,1,10,0,0,6995.994333,6995.994333,0.000000,0.000000,0
blp-ic98,config16,4,FOUND INTEGER FEASIBLE,0.151483,0.648056,1,10,0,0,6537.079093,6537.079093,0.000000,0.000000,0
blp-ic98,config16,5,FOUND INTEGER FEASIBLE,0.124299,0.590230,1,10,0,0,6995.994333,6995.994333,0.000000,0.000000,0
blp-ic98,config17,1,FOUND INTEGER FEASIBLE,0.096896,0.766676,3,8,0,0,9254.933922,9254.933922,0.000000,0.000000,0
blp-ic98,config17,2,FOUND INTEGER FEASIBLE,0.098896,0.765701,3,8,0,0,9254.933922,9254.933922,0.000000,0.000000,0
blp-ic98,config17,3,FOUND INTEGER FEASIBLE,0.098731,0.740421,3,8,0,0,11438.840629,11438.840629,0.000000,0.000000,0
blp-ic98,config17,4,FOUND INTEGER FEASIBLE,0.097685,0.799535,3,8,0,0,10285.169626,10285.169626,0.000000,0.000000,0
blp-ic98,config17,5,FOUND INTEGER FEASIBLE,0.099496,0.759723,3,8,0,0,12728.592570,12728.592570,0.000000,0.000000,0
blp-ic98,config21,1,FOUND INTEGER FEASIBLE,0.136152,1.059148,13,2,0,0,11791.596250,11791.596250,0.000000,0.000000,0
blp-ic98,config21,2,FOUND INTEGER FEASIBLE,0.118177,0.835308,4,2,0,0,12482.153187,12482.153187,0.000000,0.000000,0
blp-ic98,config21,3,FOUND INTEGER FEASIBLE,0.101700,0.730880,5,2,0,0,12150.269381,12150.269381,0.000000,0.000000,0
blp-ic98,config21,4,FOUND INTEGER FEASIBLE,0.102669,0.777267,8,2,0,0,12602.096853,12602.096853,0.000000,0.000000,0
blp-ic98,config21,5,FOUND INTEGER FEASIBLE,0.102205,0.698205,3,2,0,0,12365.454478,12365.454478,0.000000,0.000000,0
blp-ic98,config23,1,FOUND INTEGER FEASIBLE,0.136291,0.945519,1,2,0,0,9374.670797,9374.670797,0.000000,0.000000,0
blp-ic98,config23,2,FOUND INTEGER FEASIBLE,0.134813,0.919676,1,2,0,0,8643.335453,8643.335453,0.000000,0.000000,0
blp-ic98,config23,3,FOUND INTEGER FEASIBLE,0.113018,0.795929,1,2,0,0,10484.841974,10484.841974,0.000000,0.000000,0
blp-ic98,config23,4,FOUND INTEGER FEASIBLE,0.102468,0.708875,1,2,0,0,8643.335453,8643.335453,0.000000,0.000000,0
blp-ic98,config23,5,FOUND INTEGER FEASIBLE,0.102814,0.692374,1,2,0,0,10232.403483,10232.403483,0.000000,0.000000,0
bnatt400,config16,1,FAILED TO FIND AN INTEGER FEASIBLE SOLUTION,0.618073,461.701031,12000,11,11,11,0.000000,0.000000,8.479233,11.241138,76
bnatt400,config16,2,FAILED TO FIND AN INTEGER FEASIBLE SOLUTION,0.610330,489.888034,12000,11,11,11,0.000000,0.000000,7.249008,10.272817,37
bnatt400,config16,3,FAILED TO FIND AN INTEGER FEASIBLE SOLUTION,0.611652,478.289154,12000,11,11,11,0.000000,0.000000,6.621429,8.669048,34
bnatt400,config16,4,FAILED TO FIND AN INTEGER FEASIBLE SOLUTION,0.457250,490.734365,12000,11,11,11,0.000000,0.000000,7.472222,10.472222,33
bnatt400,config16,5,FAILED TO FIND AN INTEGER FEASIBLE SOLUTION,0.612489,465.915108,12000,11,11,11,0.000000,0.000000,4.751736,6.585069,31
bnatt400,config17,1,FAILED TO FIND AN INTEGER FEASIBLE SOLUTION,0.695460,475.402462,12000,11,11,1,0.000000,0.000000,5.305556,7.472222,36
bnatt400,config17,2,FAILED TO FIND AN INTEGER FEASIBLE SOLUTION,0.687815,474.550994,12000,11,11,1,0.000000,0.000000,5.563492,6.753968,23
bnatt400,config17,3,FAILED TO FIND AN INTEGER FEASIBLE SOLUTION,0.346457,475.690976,12000,11,11,1,0.000000,0.000000,9.075347,10.658681,53
bnatt400,config17,4,FAILED TO FIND AN INTEGER FEASIBLE SOLUTION,0.692997,450.467072,12000,11,11,1,0.000000,0.000000,7.565278,9.565278,39
bnatt400,config17,5,FAILED TO FIND AN INTEGER FEASIBLE SOLUTION,0.691785,480.629422,12000,11,11,1,0.000000,0.000000,5.606547,8.596693,59
bnatt400,config21,1,FAILED TO FIND AN INTEGER FEASIBLE SOLUTION,1.031934,498.847560,12000,12,12,8,0.000000,0.000000,4.714820,6.379172,67
bnatt400,config21,2,FAILED TO FIND AN INTEGER FEASIBLE SOLUTION,0.519794,489.105780,12000,12,12,8,0.000000,0.000000,6.250000,10.583333,31
bnatt400,config21,3,FAILED TO FIND AN INTEGER FEASIBLE SOLUTION,0.761075,493.769778,12000,12,12,8,0.000000,0.000000,6.406349,10.073016,34
bnatt400,config21,4,FAILED TO FIND AN INTEGER FEASIBLE SOLUTION,0.520705,512.370092,12000,12,12,8,0.000000,0.000000,7.575198,10.658532,79
bnatt400,config21,5,FAILED TO FIND AN INTEGER FEASIBLE SOLUTION,0.522314,483.981661,12000,12,12,8,0.000000,0.000000,8.081019,10.192130,43
bnatt400,config23,1,FAILED TO FIND AN INTEGER FEASIBLE SOLUTION,1.026024,459.411575,12000,12,12,8,0.000000,0.000000,5.376455,9.709788,45
bnatt400,config23,2,FAILED TO FIND AN INTEGER FEASIBLE SOLUTION,0.767453,491.327696,12000,12,12,8,0.000000,0.000000,5.777778,9.111111,28
bnatt400,config23,3,FAILED TO FIND AN INTEGER FEASIBLE SOLUTION,1.028645,492.632550,12000,12,12,8,0.000000,0.000000,4.450000,6.400000,35
bnatt400,config23,4,FAILED TO FIND AN INTEGER FEASIBLE SOLUTION,1.028913,493.539590,12000,12,12,8,0.000000,0.000000,5.405754,9.072421,45
bnatt400,config23,5,FAILED TO FIND AN INTEGER FEASIBLE SOLUTION,0.531447,509.479899,12000,12,12,8,0.000000,0.000000,3.473413,5.806746,41
bppc4-08,config16,1,FOUND INTEGER FEASIBLE,0.051671,0.170054,1,10,0,0,97.000000,97.000000,0.000000,0.000000,0
bppc4-08,config16,2,FOUND INTEGER FEASIBLE,0.051916,0.166728,1,10,0,0,97.000000,97.000000,0.000000,0.000000,0
bppc4-08,config16,3,FOUND INTEGER FEASIBLE,0.050906,0.146221,1,10,0,0,111.000000,111.000000,0.000000,0.000000,0
bppc4-08,config16,4,FOUND INTEGER FEASIBLE,0.052256,0.154520,1,10,0,0,97.000000,97.000000,0.000000,0.000000,0
bppc4-08,config16,5,FOUND INTEGER FEASIBLE,0.051730,0.159117,1,10,0,0,86.000000,86.000000,0.000000,0.000000,0
bppc4-08,config17,1,FOUND INTEGER FEASIBLE,0.001997,0.055675,0,0,0,0,5159.000000,290.000000,0.000000,0.000000,0
bppc4-08,config17,2,FOUND INTEGER FEASIBLE,0.002379,0.063465,0,0,0,0,5159.000000,290.000000,0.000000,0.000000,0
bppc4-08,config17,3,FOUND INTEGER FEASIBLE,0.002491,0.063339,0,0,0,0,5159.000000,290.000000,0.000000,0.000000,0
bppc4-08,config17,4,FOUND INTEGER FEASIBLE,0.002128,0.062378,0,0,0,0,5159.000000,290.000000,0.000000,0.000000,0
bppc4-08,config17,5,FOUND INTEGER FEASIBLE,0.002484,0.063446,0,0,0,0,5159.000000,290.000000,0.000000,0.000000,0
bppc4-08,config21,1,FOUND INTEGER FEASIBLE,0.002021,0.055398,0,0,0,0,5159.000000,290.000000,0.000000,0.000000,0
bppc4-08,config21,2,FOUND INTEGER FEASIBLE,0.002410,0.063215,0,0,0,0,5159.000000,290.000000,0.000000,0.000000,0
bppc4-08,config21,3,FOUND INTEGER FEASIBLE,0.002467,0.063237,0,0,0,0,5159.000000,290.000000,0.000000,0.000000,0
bppc4-08,config21,4,FOUND INTEGER FEASIBLE,0.002037,0.055648,0,0,0,0,5159.000000,290.000000,0.000000,0.000000,0
bppc4-08,config21,5,FOUND INTEGER FEASIBLE,0.001995,0.056120,0,0,0,0,5159.000000,290.000000,0.000000,0.000000,0
bppc4-08,config23,1,FOUND INTEGER FEASIBLE,0.002011,0.055645,0,0,0,0,5159.000000,290.000000,0.000000,0.000000,0
bppc4-08,config23,2,FOUND INTEGER FEASIBLE,0.002437,0.064041,0,0,0,0,5159.000000,290.000000,0.000000,0.000000,0
bppc4-08,config23,3,FOUND INTEGER FEASIBLE,0.001948,0.052536,0,0,0,0,5159.000000,290.000000,0.000000,0.000000,0
bppc4-08,config23,4,FOUND INTEGER FEASIBLE,0.002117,0.062988,0,0,0,0,5159.000000,290.000000,0.000000,0.000000,0
bppc4-08,config23,5,FOUND INTEGER FEASIBLE,0.001950,0.053028,0,0,0,0,5159.000000,290.000000,0.000000,0.000000,0
brazil3,config16,1,FOUND INTEGER FEASIBLE,1.327891,9.210342,9,7,2,2,147.000000,147.000000,0.000000,0.000000,0
brazil3,config16,2,FOUND INTEGER FEASIBLE,1.378455,7.198180,8,7,2,2,134.000000,134.000000,0.000000,0.000000,0
brazil3,config16,3,FOUND INTEGER FEASIBLE,1.378018,8.578253,8,7,2,2,186.000000,186.000000,0.000000,0.000000,0
brazil3,config16,4,FOUND INTEGER FEASIBLE,1.376872,6.569304,7,7,2,2,153.000000,153.000000,0.000000,0.000000,0
brazil3,config16,5,FOUND INTEGER FEASIBLE,1.390355,7.273465,6,7,2,2,186.000000,186.000000,0.000000,0.000000,0
brazil3,config17,1,FOUND INTEGER FEASIBLE,0.646051,8.726367,13,6,2,2,243.000000,243.000000,0.000000,0.000000,0
brazil3,config17,2,FOUND INTEGER FEASIBLE,0.652835,10.399779,15,6,2,2,266.000000,266.000000,0.000000,0.000000,0
brazil3,config17,3,FOUND INTEGER FEASIBLE,1.275479,32.589004,31,6,2,2,295.000000,295.000000,0.000000,0.000000,0
brazil3,config17,4,FOUND INTEGER FEASIBLE,0.650152,34.712939,32,6,2,2,318.000000,318.000000,0.000000,0.000000,0
brazil3,config17,5,FOUND INTEGER FEASIBLE,1.286070,11.879123,14,6,2,2,253.000000,253.000000,0.000000,0.000000,0
brazil3,config21,1,FOUND INTEGER FEASIBLE,0.674720,7.497369,14,8,1,1,430.000000,430.000000,0.000000,0.000000,0
brazil3,config21,2,FOUND INTEGER FEASIBLE,1.345017,3.871438,6,8,1,1,431.000000,431.000000,0.000000,0.000000,0
brazil3,config21,3,FOUND INTEGER FEASIBLE,0.678976,8.839809,22,8,1,1,430.000000,430.000000,0.000000,0.000000,0
brazil3,config21,4,FOUND INTEGER FEASIBLE,0.675476,4.055445,14,8,1,1,443.000000,443.000000,0.000000,0.000000,0
brazil3,config21,5,FOUND INTEGER FEASIBLE,0.675746,3.821772,4,8,1,1,407.000000,407.000000,0.000000,0.000000,0
brazil3,config23,1,FOUND INTEGER FEASIBLE,0.991726,8.905205,7,8,1,1,214.000000,214.000000,0.000000,0.000000,0
brazil3,config23,2,FOUND INTEGER FEASIBLE,1.313893,7.546723,14,8,1,1,185.000000,185.000000,0.000000,0.000000,0
brazil3,config23,3,FOUND INTEGER FEASIBLE,1.321723,10.198458,13,8,1,1,210.000000,210.000000,0.000000,0.000000,0
brazil3,config23,4,FOUND INTEGER FEASIBLE,1.265769,12.179890,20,8,1,1,215.000000,215.000000,0.000000,0.000000,0
brazil3,config23,5,FOUND INTEGER FEASIBLE,1.315305,8.273184,12,8,1,1,221.000000,221.000000,0.000000,0.000000,0
buildingenergy,config16,1,FOUND INTEGER FEASIBLE,0.000016,121.895272,1,0,0,0,35858.099763,33672.088512,0.000000,0.000000,0
buildingenergy,config16,2,FOUND INTEGER FEASIBLE,0.000012,118.104494,1,0,0,0,36235.069913,33749.449207,0.000000,0.000000,0
buildingenergy,config16,3,FOUND INTEGER FEASIBLE,0.000025,88.369873,1,0,0,0,36219.020501,33527.853408,0.000000,0.000000,0
buildingenergy,config16,4,FOUND INTEGER FEASIBLE,0.000017,69.753104,1,0,0,0,35715.339382,33325.887355,0.000000,0.000000,0
buildingenergy,config16,5,FOUND INTEGER FEASIBLE,0.000010,103.995125,1,0,0,0,36379.405125,33674.908348,0.000000,0.000000,0
buildingenergy,config17,1,FOUND INTEGER FEASIBLE,0.000017,3.865762,1,0,0,0,15802658.531228,14253353.470356,0.000000,0.000000,0
buildingenergy,config17,2,FOUND INTEGER FEASIBLE,0.000017,3.902257,1,0,0,0,15802934.276210,14253629.220426,0.000000,0.000000,0
buildingenergy,config17,3,FOUND INTEGER FEASIBLE,0.000017,3.879658,1,0,0,0,15802934.276210,14253629.220426,0.000000,0.000000,0
buildingenergy,config17,4,FOUND INTEGER FEASIBLE,0.000018,3.881977,1,0,0,0,15806234.276210,14256603.383676,0.000000,0.000000,0
buildingenergy,config17,5,FOUND INTEGER FEASIBLE,0.000010,2.933836,1,0,0,0,15802658.531228,14253353.470356,0.000000,0.000000,0
buildingenergy,config21,1,FOUND INTEGER FEASIBLE,0.000018,3.925051,1,0,0,0,15802658.531228,14253353.470356,0.000000,0.000000,0
buildingenergy,config21,2,FOUND INTEGER FEASIBLE,0.000017,3.909629,1,0,0,0,15802934.276210,14253629.220426,0.000000,0.000000,0
buildingenergy,config21,3,FOUND INTEGER FEASIBLE,0.000018,3.954178,1,0,0,0,15802934.276210,14253629.220426,0.000000,0.000000,0
buildingenergy,config21,4,FOUND INTEGER FEASIBLE,0.000015,3.569334,1,0,0,0,15806234.276210,14256603.383676,0.000000,0.000000,0
buildingenergy,config21,5,FOUND INTEGER FEASIBLE,0.000017,3.862015,1,0,0,0,15802658.531228,14253353.470356,0.000000,0.000000,0
buildingenergy,config23,1,FOUND INTEGER FEASIBLE,0.000018,3.882816,1,0,0,0,15802658.531228,14253353.470356,0.000000,0.000000,0
buildingenergy,config23,2,FOUND INTEGER FEASIBLE,0.000017,3.917221,1,0,0,0,15802934.276210,14253629.220426,0.000000,0.000000,0
buildingenergy,config23,3,FOUND INTEGER FEASIBLE,0.000018,4.019463,1,0,0,0,15802934.276210,14253629.220426,0.000000,0.000000,0
buildingenergy,config23,4,FOUND INTEGER FEASIBLE,0.000015,3.594431,1,0,0,0,15806234.276210,14256603.383676,0.000000,0.000000,0
buildingenergy,config23,5,FOUND INTEGER FEASIBLE,0.000017,4.107404,1,0,0,0,15802658.531228,14253353.470356,0.000000,0.000000,0
cbs-cta,config16,1,FOUND INTEGER FEASIBLE,0.153552,0.560968,2,10,0,0,121700.625920,54077.375373,0.000000,0.000000,0
cbs-cta,config16,2,FOUND INTEGER FEASIBLE,0.144723,0.489133,2,10,0,0,466136.086191,58792.625032,0.000000,0.000000,0
cbs-cta,config16,3,FOUND INTEGER FEASIBLE,0.200103,0.706651,2,10,0,0,1002624.405878,54250.010196,0.000000,0.000000,0
cbs-cta,config16,4,FOUND INTEGER FEASIBLE,0.200108,0.708637,2,10,0,0,184280.588435,54077.375373,0.000000,0.000000,0
cbs-cta,config16,5,FOUND INTEGER FEASIBLE,0.149915,0.543654,2,10,0,0,114911.181738,54250.010196,0.000000,0.000000,0
cbs-cta,config17,1,FOUND INTEGER FEASIBLE,0.065571,0.319096,0,0,0,0,30953468173.624607,10364883.208225,0.000000,0.000000,0
cbs-cta,config17,2,FOUND INTEGER FEASIBLE,0.065543,0.307833,0,0,0,0,30953468173.624607,10364883.208225,0.000000,0.000000,0
cbs-cta,config17,3,FOUND INTEGER FEASIBLE,0.065261,0.307461,0,0,0,0,30953468173.624607,10364883.208225,0.000000,0.000000,0
cbs-cta,config17,4,FOUND INTEGER FEASIBLE,0.062509,0.309011,0,0,0,0,30953468173.624607,10364883.208225,0.000000,0.000000,0
cbs-cta,config17,5,FOUND INTEGER FEASIBLE,0.065495,0.309403,0,0,0,0,30953468173.624607,10364883.208225,0.000000,0.000000,0
cbs-cta,config21,1,FOUND INTEGER FEASIBLE,0.066772,0.304833,0,0,0,0,30083482285.189465,908924466.663873,0.000000,0.000000,0
cbs-cta,config21,2,FOUND INTEGER FEASIBLE,0.066882,0.309845,0,0,0,0,30083482285.189465,908924466.663873,0.000000,0.000000,0
cbs-cta,config21,3,FOUND INTEGER FEASIBLE,0.066944,0.314161,0,0,0,0,30083482285.189465,908924466.663873,0.000000,0.000000,0
cbs-cta,config21,4,FOUND INTEGER FEASIBLE,0.066858,0.319897,0,0,0,0,30083482285.189465,908924466.663873,0.000000,0.000000,0
cbs-cta,config21,5,FOUND INTEGER FEASIBLE,0.066935,0.320997,0,0,0,0,30083482285.189465,908924466.663873,0.000000,0.000000,0
cbs-cta,config23,1,FOUND INTEGER FEASIBLE,0.066996,0.311315,0,0,0,0,30953468173.624607,10364883.208225,0.000000,0.000000,0
cbs-cta,config23,2,FOUND INTEGER FEASIBLE,0.067707,0.328849,0,0,0,0,30953468173.624607,10364883.208225,0.000000,0.000000,0
cbs-cta,config23,3,FOUND INTEGER FEASIBLE,0.067097,0.314795,0,0,0,0,30953468173.624607,10364883.208225,0.000000,0.000000,0
cbs-cta,config23,4,FOUND INTEGER FEASIBLE,0.067526,0.312693,0,0,0,0,30953468173.624607,10364883.208225,0.000000,0.000000,0
cbs-cta,config23,5,FOUND INTEGER FEASIBLE,0.067420,0.312806,0,0,0,0,30953468173.624607,10364883.208225,0.000000,0.000000,0
chromaticindex1024-7,config16,1,FOUND INTEGER FEASIBLE,65.664018,68.693952,2,10,5,5,4.000000,4.000000,0.000000,0.000000,0
chromaticindex1024-7,config16,2,FOUND INTEGER FEASIBLE,68.535131,71.482522,4,10,5,5,4.000000,4.000000,0.000000,0.000000,0
chromaticindex1024-7,config16,3,FOUND INTEGER FEASIBLE,71.036665,73.848653,4,10,5,5,4.000000,4.000000,0.000000,0.000000,0
chromaticindex1024-7,config16,4,FOUND INTEGER FEASIBLE,67.982938,70.875618,2,10,5,5,4.000000,4.000000,0.000000,0.000000,0
chromaticindex1024-7,config16,5,FOUND INTEGER FEASIBLE,65.800460,68.552429,2,10,5,5,4.000000,4.000000,0.000000,0.000000,0
chromaticindex1024-7,config17,1,FOUND INTEGER FEASIBLE,52.622382,56.111117,1,10,5,5,4.000000,4.000000,0.000000,0.000000,0
chromaticindex1024-7,config17,2,FOUND INTEGER FEASIBLE,49.064639,52.637626,2,10,5,5,4.000000,4.000000,0.000000,0.000000,0
chromaticindex1024-7,config17,3,FOUND INTEGER FEASIBLE,48.559486,51.848373,1,10,5,5,4.000000,4.000000,0.000000,0.000000,0
chromaticindex1024-7,config17,4,FOUND INTEGER FEASIBLE,50.693777,54.212404,2,10,5,5,4.000000,4.000000,0.000000,0.000000,0
chromaticindex1024-7,config17,5,FOUND INTEGER FEASIBLE,49.647479,52.132421,1,10,5,5,4.000000,4.000000,0.000000,0.000000,0
chromaticindex1024-7,config21,1,FOUND INTEGER FEASIBLE,26.368558,139.277864,326,10,10,6,4.000000,4.000000,0.000000,0.000000,0
chromaticindex1024-7,config21,2,FOUND INTEGER FEASIBLE,25.054480,138.502068,328,10,10,6,4.000000,4.000000,0.000000,0.000000,0
chromaticindex1024-7,config21,3,FOUND INTEGER FEASIBLE,24.244120,138.306484,330,10,10,6,4.000000,4.000000,0.000000,0.000000,0
chromaticindex1024-7,config21,4,FOUND INTEGER FEASIBLE,22.411910,134.074426,326,10,10,6,4.000000,4.000000,0.000000,0.000000,0
chromaticindex1024-7,config21,5,FOUND INTEGER FEASIBLE,23.327221,138.803706,326,10,10,6,4.000000,4.000000,0.000000,0.000000,0
chromaticindex1024-7,config23,1,FOUND INTEGER FEASIBLE,23.280970,135.268368,328,10,10,6,4.000000,4.000000,0.000000,0.000000,0
chromaticindex1024-7,config23,2,FOUND INTEGER FEASIBLE,22.197035,132.511207,329,10,10,6,4.000000,4.000000,0.000000,0.000000,0
chromaticindex1024-7,config23,3,FOUND INTEGER FEASIBLE,22.658773,134.198365,330,10,10,6,4.000000,4.000000,0.000000,0.000000,0
chromaticindex1024-7,config23,4,FOUND INTEGER FEASIBLE,24.986008,138.269572,328,10,10,6,4.000000,4.000000,0.000000,0.000000,0
chromaticindex1024-7,config23,5,FOUND INTEGER FEASIBLE,27.971094,131.817974,327,10,10,6,4.000000,4.000000,0.000000,0.000000,0
chromaticindex512-7,config16,1,FOUND INTEGER FEASIBLE,15.705155,17.706577,1,10,5,5,4.000000,4.000000,0.000000,0.000000,0
chromaticindex512-7,config16,2,FOUND INTEGER FEASIBLE,18.260674,20.451986,1,10,5,5,4.000000,4.000000,0.000000,0.000000,0
chromaticindex512-7,config16,3,FOUND INTEGER FEASIBLE,17.883999,19.889482,1,10,5,5,4.000000,4.000000,0.000000,0.000000,0
chromaticindex512-7,config16,4,FOUND INTEGER FEASIBLE,16.451234,17.960580,1,10,5,5,4.000000,4.000000,0.000000,0.000000,0
chromaticindex512-7,config16,5,FOUND INTEGER FEASIBLE,15.347682,16.856348,1,10,5,5,4.000000,4.000000,0.000000,0.000000,0
chromaticindex512-7,config17,1,FOUND INTEGER FEASIBLE,15.661916,16.695274,1,10,2,2,4.000000,4.000000,0.000000,0.000000,0
chromaticindex512-7,config17,2,FOUND INTEGER FEASIBLE,15.873332,16.594521,1,10,2,2,4.000000,4.000000,0.000000,0.000000,0
chromaticindex512-7,config17,3,FOUND INTEGER FEASIBLE,17.243294,18.584120,1,10,2,2,4.000000,4.000000,0.000000,0.000000,0
chromaticindex512-7,config17,4,FOUND INTEGER FEASIBLE,13.528209,14.834610,1,10,2,2,4.000000,4.000000,0.000000,0.000000,0
chromaticindex512-7,config17,5,FOUND INTEGER FEASIBLE,15.699829,17.025169,1,10,2,2,4.000000,4.000000,0.000000,0.000000,0
chromaticindex512-7,config21,1,FOUND INTEGER FEASIBLE,8.381232,58.136853,328,10,10,6,4.000000,4.000000,0.000000,0.000000,0
chromaticindex512-7,config21,2,FOUND INTEGER FEASIBLE,8.997407,56.795195,329,10,10,6,4.000000,4.000000,0.000000,0.000000,0
chromaticindex512-7,config21,3,FOUND INTEGER FEASIBLE,9.960817,59.885249,330,10,10,6,4.000000,4.000000,0.000000,0.000000,0
chromaticindex512-7,config21,4,FOUND INTEGER FEASIBLE,10.969615,60.462388,327,10,10,6,4.000000,4.000000,0.000000,0.000000,0
chromaticindex512-7,config21,5,FOUND INTEGER FEASIBLE,10.120629,59.949729,327,10,10,6,4.000000,4.000000,0.000000,0.000000,0
chromaticindex512-7,config23,1,FOUND INTEGER FEASIBLE,9.815699,58.708219,327,10,10,6,4.000000,4.000000,0.000000,0.000000,0
chromaticindex512-7,config23,2,FOUND INTEGER FEASIBLE,8.964522,56.176725,328,10,10,6,4.000000,4.000000,0.000000,0.000000,0
chromaticindex512-7,config23,3,FOUND INTEGER FEASIBLE,8.448819,55.616183,328,10,10,6,4.000000,4.000000,0.000000,0.000000,0
chromaticindex512-7,config23,4,FOUND INTEGER FEASIBLE,8.591424,57.339189,326,10,10,6,4.000000,4.000000,0.000000,0.000000,0
chromaticindex512-7,config23,5,FOUND INTEGER FEASIBLE,10.052908,58.001363,327,10,10,6,4.000000,4.000000,0.000000,0.000000,0
cmflsp50-24-8-8,config16,1,FAILED TO FIND AN INTEGER FEASIBLE SOLUTION,4.684367,467.020580,12000,12,12,0,0.000000,0.000000,0.021912,0.021912,4
cmflsp50-24-8-8,config16,2,FAILED TO FIND AN INTEGER FEASIBLE SOLUTION,4.681051,465.454667,12000,12,12,0,0.000000,0.000000,0.061677,0.061677,4
cmflsp50-24-8-8,config16,3,FOUND INTEGER FEASIBLE,4.826996,398.318225,10017,12,12,0,67583632.743704,66469782.558800,0.000000,0.000000,0
cmflsp50-24-8-8,config16,4,FAILED TO FIND AN INTEGER FEASIBLE SOLUTION,4.700529,485.019623,12000,12,12,0,0.000000,0.000000,0.053410,0.053410,4
cmflsp50-24-8-8,config16,5,FOUND INTEGER FEASIBLE,4.668287,22.763108,661,12,6,0,67884912.623561,67140424.458800,0.000000,0.000000,0
cmflsp50-24-8-8,config17,1,FAILED TO FIND AN INTEGER FEASIBLE SOLUTION,5.175313,477.327945,12000,2,2,0,0.000000,0.000000,0.443112,0.443112,17
cmflsp50-24-8-8,config17,2,FAILED TO FIND AN INTEGER FEASIBLE SOLUTION,4.117560,462.304903,12000,2,2,0,0.000000,0.000000,0.208751,0.208751,4
cmflsp50-24-8-8,config17,3,FAILED TO FIND AN INTEGER FEASIBLE SOLUTION,5.473836,482.456157,12000,2,2,0,0.000000,0.000000,0.109399,0.109399,5
cmflsp50-24-8-8,config17,4,FAILED TO FIND AN INTEGER FEASIBLE SOLUTION,4.356611,474.896795,12000,2,2,0,0.000000,0.000000,0.041870,0.041870,9
cmflsp50-24-8-8,config17,5,FAILED TO FIND AN INTEGER FEASIBLE SOLUTION,4.230566,456.884477,12000,2,2,0,0.000000,0.000000,0.107867,0.107867,6
cmflsp50-24-8-8,config21,1,FAILED TO FIND AN INTEGER FEASIBLE SOLUTION,8.605652,461.038570,12000,12,12,0,0.000000,0.000000,0.091914,0.091914,2
cmflsp50-24-8-8,config21,2,FOUND INTEGER FEASIBLE,7.562290,419.461224,10575,12,12,0,67866012.569720,67228010.124900,0.000000,0.000000,0
cmflsp50-24-8-8,config21,3,FOUND INTEGER FEASIBLE,8.529998,329.172882,8344,12,12,0,67601928.655048,66877080.906600,0.000000,0.000000,0
cmflsp50-24-8-8,config21,4,FAILED TO FIND AN INTEGER FEASIBLE SOLUTION,9.227788,497.933379,12000,12,12,0,0.000000,0.000000,0.153467,0.153467,4
cmflsp50-24-8-8,config21,5,FAILED TO FIND AN INTEGER FEASIBLE SOLUTION,6.614084,473.032139,12000,12,12,0,0.000000,0.000000,0.127406,0.127406,6
cmflsp50-24-8-8,config23,1,FAILED TO FIND AN INTEGER FEASIBLE SOLUTION,7.573577,463.085387,12000,12,12,0,0.000000,0.000000,0.144592,0.144592,13
cmflsp50-24-8-8,config23,2,FAILED TO FIND AN INTEGER FEASIBLE SOLUTION,7.280383,465.115630,12000,12,12,0,0.000000,0.000000,0.172079,0.172079,5
cmflsp50-24-8-8,config23,3,FAILED TO FIND AN INTEGER FEASIBLE SOLUTION,7.503698,457.448312,12000,12,12,0,0.000000,0.000000,0.142615,0.142615,12
cmflsp50-24-8-8,config23,4,FAILED TO FIND AN INTEGER FEASIBLE SOLUTION,8.590715,484.403897,12000,12,12,0,0.000000,0.000000,0.026404,0.026404,12
cmflsp50-24-8-8,config23,5,FOUND INTEGER FEASIBLE,7.502405,34.014387,904,12,9,0,67550196.635762,66745332.225500,0.000000,0.000000,0
co-100,config16,1,FOUND INTEGER FEASIBLE,0.221468,9.737402,19,6,2,2,10862300.410000,10862300.410000,0.000000,0.000000,0
co-100,config16,2,FOUND INTEGER FEASIBLE,0.256653,8.714894,17,6,2,2,12087419.050000,12087419.050000,0.000000,0.000000,0
co-100,config16,3,FOUND INTEGER FEASIBLE,0.219103,10.852581,65,6,2,2,12031098.390000,12031098.390000,0.000000,0.000000,0
co-100,config16,4,FOUND INTEGER FEASIBLE,0.223426,11.513711,77,6,2,2,9604740.980000,9604740.980000,0.000000,0.000000,0
co-100,config16,5,FOUND INTEGER FEASIBLE,0.218137,8.352213,12,6,2,2,12035090.200000,12035090.200000,0.000000,0.000000,0
co-100,config17,1,FOUND INTEGER FEASIBLE,0.315281,9.203197,38,2,2,2,17766824.110000,17766824.110000,0.000000,0.000000,0
co-100,config17,2,FOUND INTEGER FEASIBLE,0.322379,9.122497,13,2,2,2,16977749.270000,16977749.270000,0.000000,0.000000,0
co-100,config17,3,FOUND INTEGER FEASIBLE,0.452966,9.556398,11,2,2,2,18694309.150000,18694309.150000,0.000000,0.000000,0
co-100,config17,4,FOUND INTEGER FEASIBLE,0.314378,12.007438,40,2,2,2,19197833.600000,19197833.600000,0.000000,0.000000,0
co-100,config17,5,FOUND INTEGER FEASIBLE,0.311147,9.844111,16,2,2,2,15924682.510000,15924682.510000,0.000000,0.000000,0
co-100,config21,1,FOUND INTEGER FEASIBLE,2.174186,8.484625,1,12,1,1,9577814.070000,9577814.070000,0.000000,0.000000,0
co-100,config21,2,FOUND INTEGER FEASIBLE,2.152825,8.441070,1,12,1,1,9577814.070000,9577814.070000,0.000000,0.000000,0
co-100,config21,3,FOUND INTEGER FEASIBLE,2.158949,8.440329,1,12,1,1,9577814.070000,9577814.070000,0.000000,0.000000,0
co-100,config21,4,FOUND INTEGER FEASIBLE,3.145306,9.450919,1,12,1,1,9577814.070000,9577814.070000,0.000000,0.000000,0
co-100,config21,5,FOUND INTEGER FEASIBLE,3.040540,9.507264,1,12,1,1,9577814.070000,9577814.070000,0.000000,0.000000,0
co-100,config23,1,FOUND INTEGER FEASIBLE,2.169647,9.512159,15,12,1,1,7243384.340000,7243384.340000,0.000000,0.000000,0
co-100,config23,2,FOUND INTEGER FEASIBLE,2.163192,10.243829,5,12,1,1,7239784.340000,7239784.340000,0.000000,0.000000,0
co-100,config23,3,FOUND INTEGER FEASIBLE,2.160778,8.193758,5,12,1,1,9523059.000000,9523059.000000,0.000000,0.000000,0
co-100,config23,4,FOUND INTEGER FEASIBLE,3.178470,10.521809,12,12,1,1,9515491.490000,9515491.490000,0.000000,0.000000,0
co-100,config23,5,FOUND INTEGER FEASIBLE,2.453323,9.544293,3,12,1,1,7239784.340000,7239784.340000,0.000000,0.000000,0
cod105,config16,1,FOUND INTEGER FEASIBLE,2.550013,4.254635,1,9,0,0,0.000000,0.000000,0.000000,0.000000,0
cod105,config16,2,FOUND INTEGER FEASIBLE,3.172740,4.920556,1,9,0,0,0.000000,0.000000,0.000000,0.000000,0
cod105,config16,3,FOUND INTEGER FEASIBLE,1.591107,3.322063,1,9,0,0,0.000000,0.000000,0.000000,0.000000,0
cod105,config16,4,FOUND INTEGER FEASIBLE,2.687614,5.020239,1,9,0,0,0.000000,0.000000,0.000000,0.000000,0
cod105,config16,5,FOUND INTEGER FEASIBLE,2.542908,4.024270,1,9,0,0,-7.000000,-7.000000,0.000000,0.000000,0
cod105,config17,1,FOUND INTEGER FEASIBLE,0.002897,0.228901,0,0,0,0,0.000000,0.000000,0.000000,0.000000,0
cod105,config17,2,FOUND INTEGER FEASIBLE,0.002763,0.228629,0,0,0,0,0.000000,0.000000,0.000000,0.000000,0
cod105,config17,3,FOUND INTEGER FEASIBLE,0.002718,0.210028,0,0,0,0,0.000000,0.000000,0.000000,0.000000,0
cod105,config17,4,FOUND INTEGER FEASIBLE,0.002684,0.207349,0,0,0,0,0.000000,0.000000,0.000000,0.000000,0
cod105,config17,5,FOUND INTEGER FEASIBLE,0.002778,0.223142,0,0,0,0,0.000000,0.000000,0.000000,0.000000,0
cod105,config21,1,FOUND INTEGER FEASIBLE,2.350360,3.800805,1,9,0,0,0.000000,0.000000,0.000000,0.000000,0
cod105,config21,2,FOUND INTEGER FEASIBLE,2.531202,3.928124,1,9,0,0,0.000000,0.000000,0.000000,0.000000,0
cod105,config21,3,FOUND INTEGER FEASIBLE,1.601646,2.920938,1,9,0,0,0.000000,0.000000,0.000000,0.000000,0
cod105,config21,4,FOUND INTEGER FEASIBLE,1.577462,2.896149,1,9,0,0,0.000000,0.000000,0.000000,0.000000,0
cod105,config21,5,FOUND INTEGER FEASIBLE,2.520930,3.973449,1,9,0,0,-7.000000,-7.000000,0.000000,0.000000,0
cod105,config23,1,FOUND INTEGER FEASIBLE,1.583394,1.678734,0,9,0,0,0.000000,0.000000,0.000000,0.000000,0
cod105,config23,2,FOUND INTEGER FEASIBLE,2.257840,2.409105,0,9,0,0,0.000000,0.000000,0.000000,0.000000,0
cod105,config23,3,FOUND INTEGER FEASIBLE,2.547360,2.722547,0,9,0,0,0.000000,0.000000,0.000000,0.000000,0
cod105,config23,4,FOUND INTEGER FEASIBLE,2.542534,2.714400,0,9,0,0,0.000000,0.000000,0.000000,0.000000,0
cod105,config23,5,FOUND INTEGER FEASIBLE,2.635549,2.821996,0,9,0,0,0.000000,0.000000,0.000000,0.000000,0
comp07-2idx,config16,1,FOUND INTEGER FEASIBLE,5.478248,9.987233,148,12,2,1,949.000000,949.000000,0.000000,0.000000,0
comp07-2idx,config16,2,FOUND INTEGER FEASIBLE,5.468990,12.157136,128,12,2,1,890.000000,890.000000,0.000000,0.000000,0
comp07-2idx,config16,3,FOUND INTEGER FEASIBLE,5.455854,14.829709,184,12,2,1,979.000000,979.000000,0.000000,0.000000,0
comp07-2idx,config16,4,FOUND INTEGER FEASIBLE,4.601332,6.612585,79,12,1,1,755.000000,755.000000,0.000000,0.000000,0
comp07-2idx,config16,5,FOUND INTEGER FEASIBLE,6.513079,9.233327,122,12,1,1,780.000000,780.000000,0.000000,0.000000,0
comp07-2idx,config17,1,FOUND INTEGER FEASIBLE,6.245317,8.743683,158,11,1,0,1119.000000,1119.000000,0.000000,0.000000,0
comp07-2idx,config17,2,FOUND INTEGER FEASIBLE,6.097748,7.967404,151,11,1,0,1118.000000,1118.000000,0.000000,0.000000,0
comp07-2idx,config17,3,FOUND INTEGER FEASIBLE,6.101858,8.315692,170,11,1,0,1620.000000,1620.000000,0.000000,0.000000,0
comp07-2idx,config17,4,FOUND INTEGER FEASIBLE,6.125620,9.020404,167,11,1,0,1665.000000,1665.000000,0.000000,0.000000,0
comp07-2idx,config17,5,FOUND INTEGER FEASIBLE,6.252085,8.339363,163,11,1,0,2439.000000,2439.000000,0.000000,0.000000,0
comp07-2idx,config21,1,FOUND INTEGER FEASIBLE,2.343172,6.527942,182,12,2,1,10326.000000,10326.000000,0.000000,0.000000,0
comp07-2idx,config21,2,FOUND INTEGER FEASIBLE,1.953321,4.704171,96,12,1,1,7977.000000,7977.000000,0.000000,0.000000,0
comp07-2idx,config21,3,FOUND INTEGER FEASIBLE,2.359601,4.604111,72,12,1,1,11783.000000,11783.000000,0.000000,0.000000,0
comp07-2idx,config21,4,FOUND INTEGER FEASIBLE,2.371521,6.978537,149,12,1,1,8216.000000,8216.000000,0.000000,0.000000,0
comp07-2idx,config21,5,FOUND INTEGER FEASIBLE,2.352517,7.096862,171,12,2,1,11103.000000,11103.000000,0.000000,0.000000,0
comp07-2idx,config23,1,FOUND INTEGER FEASIBLE,2.372170,6.582225,116,12,1,1,4852.000000,4852.000000,0.000000,0.000000,0
comp07-2idx,config23,2,FOUND INTEGER FEASIBLE,2.357318,7.143862,128,12,2,1,1763.000000,1763.000000,0.000000,0.000000,0
comp07-2idx,config23,3,FOUND INTEGER FEASIBLE,2.370109,5.287702,84,12,1,1,3252.000000,3252.000000,0.000000,0.000000,0
comp07-2idx,config23,4,FOUND INTEGER FEASIBLE,1.470455,6.739720,179,12,1,1,3406.000000,3406.000000,0.000000,0.000000,0
comp07-2idx,config23,5,FOUND INTEGER FEASIBLE,2.382100,5.720887,76,12,1,1,3436.000000,3436.000000,0.000000,0.000000,0
comp21-2idx,config16,1,FOUND INTEGER FEASIBLE,3.419721,4.631023,19,12,2,2,1057.000000,1057.000000,0.000000,0.000000,0
comp21-2idx,config16,2,FOUND INTEGER FEASIBLE,2.712152,3.735418,19,12,2,2,1241.000000,1241.000000,0.000000,0.000000,0
comp21-2idx,config16,3,FOUND INTEGER FEASIBLE,2.734948,3.706518,21,12,2,2,1899.000000,1899.000000,0.000000,0.000000,0
comp21-2idx,config16,4,FOUND INTEGER FEASIBLE,2.706593,3.696090,19,12,2,2,1027.000000,1027.000000,0.000000,0.000000,0
comp21-2idx,config16,5,FOUND INTEGER FEASIBLE,2.710681,3.851049,19,12,2,2,1740.000000,1740.000000,0.000000,0.000000,0
comp21-2idx,config17,1,FOUND INTEGER FEASIBLE,2.018737,2.980478,19,12,2,2,1497.000000,1497.000000,0.000000,0.000000,0
comp21-2idx,config17,2,FOUND INTEGER FEASIBLE,2.007114,3.605742,18,12,2,2,1485.000000,1485.000000,0.000000,0.000000,0
comp21-2idx,config17,3,FOUND INTEGER FEASIBLE,2.008419,3.063791,24,12,2,2,1815.000000,1815.000000,0.000000,0.000000,0
comp21-2idx,config17,4,FOUND INTEGER FEASIBLE,2.018394,2.990767,18,12,2,2,1497.000000,1497.000000,0.000000,0.000000,0
comp21-2idx,config17,5,FOUND INTEGER FEASIBLE,1.628997,2.710570,22,12,2,2,1561.000000,1561.000000,0.000000,0.000000,0
comp21-2idx,config21,1,FOUND INTEGER FEASIBLE,4.797662,5.144975,1,3,1,1,16615.000000,16615.000000,0.000000,0.000000,0
comp21-2idx,config21,2,FOUND INTEGER FEASIBLE,4.555640,4.860234,1,3,1,1,14930.000000,14930.000000,0.000000,0.000000,0
comp21-2idx,config21,3,FOUND INTEGER FEASIBLE,4.828436,5.159051,1,3,1,1,16582.000000,16582.000000,0.000000,0.000000,0
comp21-2idx,config21,4,FOUND INTEGER FEASIBLE,5.851250,6.174472,1,3,1,1,16139.000000,16139.000000,0.000000,0.000000,0
comp21-2idx,config21,5,FOUND INTEGER FEASIBLE,5.187504,5.542634,1,3,1,1,16582.000000,16582.000000,0.000000,0.000000,0
comp21-2idx,config23,1,FOUND INTEGER FEASIBLE,4.805989,5.761538,22,3,1,1,997.000000,997.000000,0.000000,0.000000,0
comp21-2idx,config23,2,FOUND INTEGER FEASIBLE,3.855023,4.617146,16,3,1,1,977.000000,977.000000,0.000000,0.000000,0
comp21-2idx,config23,3,FOUND INTEGER FEASIBLE,4.600490,5.462714,21,3,1,1,1526.000000,1526.000000,0.000000,0.000000,0
comp21-2idx,config23,4,FOUND INTEGER FEASIBLE,6.184704,7.254515,18,3,1,1,2408.000000,2408.000000,0.000000,0.000000,0
comp21-2idx,config23,5,FOUND INTEGER FEASIBLE,4.021409,5.232800,22,3,1,1,1772.000000,1772.000000,0.000000,0.000000,0
cost266-UUE,config16,1,FOUND INTEGER FEASIBLE,0.260224,0.408987,2,2,0,0,40734248.510000,39300436.900000,0.000000,0.000000,0
cost266-UUE,config16,2,FOUND INTEGER FEASIBLE,0.259405,0.399101,3,2,0,0,39021587.000000,36685164.940000,0.000000,0.000000,0
cost266-UUE,config16,3,FOUND INTEGER FEASIBLE,0.260097,0.395180,1,2,0,0,35742783.140000,35635920.500000,0.000000,0.000000,0
cost266-UUE,config16,4,FOUND INTEGER FEASIBLE,0.259645,0.400876,2,2,0,0,41785343.520000,40062663.480000,0.000000,0.000000,0
cost266-UUE,config16,5,FOUND INTEGER FEASIBLE,0.258802,0.392788,1,2,0,0,40694254.480000,40680632.080000,0.000000,0.000000,0
cost266-UUE,config17,1,FOUND INTEGER FEASIBLE,0.351499,0.633032,2,1,0,0,41238123.680000,39730505.420000,0.000000,0.000000,0
cost266-UUE,config17,2,FOUND INTEGER FEASIBLE,0.355544,0.598836,3,1,0,0,39038725.550000,37058469.420000,0.000000,0.000000,0
cost266-UUE,config17,3,FOUND INTEGER FEASIBLE,0.344152,0.582640,2,1,0,0,39673733.160000,38311151.680000,0.000000,0.000000,0
cost266-UUE,config17,4,FOUND INTEGER FEASIBLE,0.259070,0.441177,2,1,0,0,41285434.360000,39437852.100000,0.000000,0.000000,0
cost266-UUE,config17,5,FOUND INTEGER FEASIBLE,0.258226,0.427219,1,1,0,0,42291721.560000,41045374.480000,0.000000,0.000000,0
cost266-UUE,config21,1,FOUND INTEGER FEASIBLE,0.209742,0.335342,1,10,0,0,39295577.055000,34189301.360000,0.000000,0.000000,0
cost266-UUE,config21,2,FOUND INTEGER FEASIBLE,0.209821,0.355472,3,10,0,0,38786940.900000,34473340.340000,0.000000,0.000000,0
cost266-UUE,config21,3,FOUND INTEGER FEASIBLE,0.211405,0.334361,2,10,0,0,39311952.060000,34507836.200000,0.000000,0.000000,0
cost266-UUE,config21,4,FOUND INTEGER FEASIBLE,0.211262,0.346434,2,10,0,0,39312249.750000,34234806.340000,0.000000,0.000000,0
cost266-UUE,config21,5,FOUND INTEGER FEASIBLE,0.210049,0.345654,5,10,0,0,37421596.640000,34131784.300000,0.000000,0.000000,0
cost266-UUE,config23,1,FOUND INTEGER FEASIBLE,0.209143,0.370736,2,10,0,0,37891265.880000,36530621.760000,0.000000,0.000000,0
cost266-UUE,config23,2,FOUND INTEGER FEASIBLE,0.210582,0.383085,3,10,0,0,37896043.400000,37014430.680000,0.000000,0.000000,0
cost266-UUE,config23,3,FOUND INTEGER FEASIBLE,0.211240,0.366275,1,10,0,0,36801330.520000,36009841.960000,0.000000,0.000000,0
cost266-UUE,config23,4,FOUND INTEGER FEASIBLE,0.209997,0.376767,2,10,0,0,38318266.400000,37366095.160000,0.000000,0.000000,0
cost266-UUE,config23,5,FOUND INTEGER FEASIBLE,0.210325,0.363283,1,10,0,0,41028953.980000,39983731.320000,0.000000,0.000000,0
cryptanalysiskb128n5obj16,config16,1,FAILED TO FIND AN INTEGER FEASIBLE SOLUTION,78.400363,3600,76,10,10,10,0.000000,0.000000,667.903074,414.939959,14124
cryptanalysiskb128n5obj16,config16,2,FAILED TO FIND AN INTEGER FEASIBLE SOLUTION,76.833201,3600,66,10,10,10,0.000000,0.000000,1254.594418,572.461681,16633
cryptanalysiskb128n5obj16,config16,3,FAILED TO FIND AN INTEGER FEASIBLE SOLUTION,72.589262,3600,71,10,10,10,0.000000,0.000000,1057.303074,504.955031,15512
cryptanalysiskb128n5obj16,config16,4,FAILED TO FIND AN INTEGER FEASIBLE SOLUTION,71.443414,3600,68,10,10,10,0.000000,0.000000,819.873913,443.639130,13543
cryptanalysiskb128n5obj16,config16,5,FAILED TO FIND AN INTEGER FEASIBLE SOLUTION,81.720551,3600,70,10,10,10,0.000000,0.000000,654.396398,395.325687,15403
cryptanalysiskb128n5obj16,config17,1,FAILED TO FIND AN INTEGER FEASIBLE SOLUTION,1494.373532,3600,83,8,8,5,0.000000,0.000000,665.569442,509.657342,5950
cryptanalysiskb128n5obj16,config17,2,FAILED TO FIND AN INTEGER FEASIBLE SOLUTION,8.809771,3600,137,8,8,5,0.000000,0.000000,699.393073,479.778900,15923
cryptanalysiskb128n5obj16,config17,3,FAILED TO FIND AN INTEGER FEASIBLE SOLUTION,9.946140,3600,135,8,8,5,0.000000,0.000000,1173.273130,624.159619,15687
cryptanalysiskb128n5obj16,config17,4,FAILED TO FIND AN INTEGER FEASIBLE SOLUTION,10.890334,3600,134,8,8,5,0.000000,0.000000,1261.697076,606.102371,16065
cryptanalysiskb128n5obj16,config17,5,FAILED TO FIND AN INTEGER FEASIBLE SOLUTION,9.744739,3600,127,8,8,5,0.000000,0.000000,1081.385594,590.113865,15457
cryptanalysiskb128n5obj16,config21,1,FAILED TO FIND AN INTEGER FEASIBLE SOLUTION,183.038660,3600,67,10,10,10,0.000000,0.000000,1132.958515,579.586711,15782
cryptanalysiskb128n5obj16,config21,2,FAILED TO FIND AN INTEGER FEASIBLE SOLUTION,178.010322,3600,66,10,10,10,0.000000,0.000000,940.226800,529.914383,15373
cryptanalysiskb128n5obj16,config21,3,FAILED TO FIND AN INTEGER FEASIBLE SOLUTION,185.907471,3600,65,10,10,10,0.000000,0.000000,935.236418,532.269546,16735
cryptanalysiskb128n5obj16,config21,4,FAILED TO FIND AN INTEGER FEASIBLE SOLUTION,180.617998,3600,71,10,10,10,0.000000,0.000000,1049.327033,532.139092,15295
cryptanalysiskb128n5obj16,config21,5,FAILED TO FIND AN INTEGER FEASIBLE SOLUTION,176.146278,3600,71,10,10,10,0.000000,0.000000,747.222768,495.393343,16115
cryptanalysiskb128n5obj16,config23,1,FAILED TO FIND AN INTEGER FEASIBLE SOLUTION,182.829888,3600,426,10,10,10,0.000000,0.000000,5.333333,5.333333,16
cryptanalysiskb128n5obj16,config23,2,FAILED TO FIND AN INTEGER FEASIBLE SOLUTION,185.921225,3600,279,10,10,10,0.000000,0.000000,5.833333,5.833333,16
cryptanalysiskb128n5obj16,config23,3,FAILED TO FIND AN INTEGER FEASIBLE SOLUTION,191.638289,3600,490,10,10,10,0.000000,0.000000,5.333333,5.333333,12
cryptanalysiskb128n5obj16,config23,4,FAILED TO FIND AN INTEGER FEASIBLE SOLUTION,186.558649,3600,261,10,10,10,0.000000,0.000000,2.666667,2.666667,8
cryptanalysiskb128n5obj16,config23,5,FAILED TO FIND AN INTEGER FEASIBLE SOLUTION,180.962173,3600,117,10,10,10,0.000000,0.000000,7.333333,7.333333,16
csched007,config16,1,FOUND INTEGER FEASIBLE,0.043011,0.488026,494,10,5,1,679.000000,679.000000,0.000000,0.000000,0
csched007,config16,2,FOUND INTEGER FEASIBLE,0.068157,2.364122,1762,10,10,1,717.000000,717.000000,0.000000,0.000000,0
csched007,config16,3,FOUND INTEGER FEASIBLE,0.087304,0.800242,427,10,4,1,622.000000,622.000000,0.000000,0.000000,0
csched007,config16,4,FOUND INTEGER FEASIBLE,0.089228,0.826651,432,10,4,1,592.000000,592.000000,0.000000,0.000000,0
csched007,config16,5,FOUND INTEGER FEASIBLE,0.084926,0.712636,384,10,4,1,571.000000,571.000000,0.000000,0.000000,0
csched007,config17,1,FOUND INTEGER FEASIBLE,0.037636,0.875833,595,5,5,0,727.000000,727.000000,0.000000,0.000000,0
csched007,config17,2,FOUND INTEGER FEASIBLE,0.043012,0.812811,371,5,3,0,693.000000,693.000000,0.000000,0.000000,0
csched007,config17,3,FOUND INTEGER FEASIBLE,0.036328,2.198796,1656,5,5,0,707.000000,707.000000,0.000000,0.000000,0
csched007,config17,4,FOUND INTEGER FEASIBLE,0.042689,0.547806,242,5,2,0,688.000000,688.000000,0.000000,0.000000,0
csched007,config17,5,FOUND INTEGER FEASIBLE,0.038539,2.899315,2346,5,5,0,758.000000,758.000000,0.000000,0.000000,0
csched007,config21,1,FOUND INTEGER FEASIBLE,0.035529,1.700065,870,8,8,0,737.000000,737.000000,0.000000,0.000000,0
csched007,config21,2,FOUND INTEGER FEASIBLE,0.035517,0.787626,363,8,3,0,693.000000,693.000000,0.000000,0.000000,0
csched007,config21,3,FOUND INTEGER FEASIBLE,0.036069,0.621051,282,8,2,0,699.000000,699.000000,0.000000,0.000000,0
csched007,config21,4,FOUND INTEGER FEASIBLE,0.035477,0.755853,347,8,2,0,606.000000,606.000000,0.000000,0.000000,0
csched007,config21,5,FOUND INTEGER FEASIBLE,0.035557,1.116468,540,8,5,0,734.000000,734.000000,0.000000,0.000000,0
csched007,config23,1,FOUND INTEGER FEASIBLE,0.035522,0.819427,405,8,4,0,700.000000,700.000000,0.000000,0.000000,0
csched007,config23,2,FOUND INTEGER FEASIBLE,0.035830,1.203545,622,8,6,0,665.000000,665.000000,0.000000,0.000000,0
csched007,config23,3,FOUND INTEGER FEASIBLE,0.030356,5.674265,5075,8,8,0,732.000000,732.000000,0.000000,0.000000,0
csched007,config23,4,FOUND INTEGER FEASIBLE,0.035141,0.396207,186,8,1,0,743.000000,743.000000,0.000000,0.000000,0
csched007,config23,5,FOUND INTEGER FEASIBLE,0.031902,0.319404,125,8,1,0,663.000000,663.000000,0.000000,0.000000,0
csched008,config16,1,FOUND INTEGER FEASIBLE,0.061579,0.267096,95,10,0,0,189.000000,189.000000,0.000000,0.000000,0
csched008,config16,2,FOUND INTEGER FEASIBLE,0.062201,0.234358,72,10,0,0,189.000000,189.000000,0.000000,0.000000,0
csched008,config16,3,FOUND INTEGER FEASIBLE,0.065855,0.415761,174,10,1,0,190.000000,189.000000,0.000000,0.000000,0
csched008,config16,4,FOUND INTEGER FEASIBLE,0.061566,0.276627,94,10,0,0,189.000000,189.000000,0.000000,0.000000,0
csched008,config16,5,FOUND INTEGER FEASIBLE,0.064330,1.090320,609,10,6,0,190.000000,187.000000,0.000000,0.000000,0
csched008,config17,1,FOUND INTEGER FEASIBLE,0.027181,0.861942,477,7,4,0,190.000000,189.000000,0.000000,0.000000,0
csched008,config17,2,FOUND INTEGER FEASIBLE,0.026906,0.298256,136,7,0,0,190.000000,190.000000,0.000000,0.000000,0
csched008,config17,3,FOUND INTEGER FEASIBLE,0.026879,0.430459,226,7,1,0,190.000000,190.000000,0.000000,0.000000,0
csched008,config17,4,FOUND INTEGER FEASIBLE,0.027050,0.166625,51,7,0,0,190.000000,190.000000,0.000000,0.000000,0
csched008,config17,5,FOUND INTEGER FEASIBLE,0.027647,0.459096,251,7,2,0,190.000000,190.000000,0.000000,0.000000,0
csched008,config21,1,FOUND INTEGER FEASIBLE,0.030091,0.567823,323,10,2,0,190.000000,189.000000,0.000000,0.000000,0
csched008,config21,2,FOUND INTEGER FEASIBLE,0.029160,0.234704,109,10,0,0,190.000000,189.000000,0.000000,0.000000,0
csched008,config21,3,FOUND INTEGER FEASIBLE,0.029480,0.496515,260,10,1,0,190.000000,189.000000,0.000000,0.000000,0
csched008,config21,4,FOUND INTEGER FEASIBLE,0.026111,0.836801,499,10,5,0,190.000000,189.000000,0.000000,0.000000,0
csched008,config21,5,FOUND INTEGER FEASIBLE,0.029353,0.308831,159,10,1,0,190.000000,189.000000,0.000000,0.000000,0
csched008,config23,1,FOUND INTEGER FEASIBLE,0.029278,0.100023,10,10,0,0,190.000000,190.000000,0.000000,0.000000,0
csched008,config23,2,FOUND INTEGER FEASIBLE,0.025817,0.320690,166,10,1,0,190.000000,190.000000,0.000000,0.000000,0
csched008,config23,3,FOUND INTEGER FEASIBLE,0.025859,0.174995,70,10,0,0,190.000000,189.000000,0.000000,0.000000,0
csched008,config23,4,FOUND INTEGER FEASIBLE,0.030394,0.087937,6,10,0,0,190.000000,190.000000,0.000000,0.000000,0
csched008,config23,5,FOUND INTEGER FEASIBLE,0.025888,0.240900,120,10,0,0,190.000000,189.000000,0.000000,0.000000,0
cvs16r128-89,config16,1,FOUND INTEGER FEASIBLE,0.553597,0.622456,0,3,0,0,-11.000000,-11.000000,0.000000,0.000000,0
cvs16r128-89,config16,2,FOUND INTEGER FEASIBLE,0.548688,0.617444,0,3,0,0,-11.000000,-11.000000,0.000000,0.000000,0
cvs16r128-89,config16,3,FOUND INTEGER FEASIBLE,0.542775,0.601037,0,3,0,0,-11.000000,-11.000000,0.000000,0.000000,0
cvs16r128-89,config16,4,FOUND INTEGER FEASIBLE,0.535882,0.600772,0,3,0,0,-11.000000,-11.000000,0.000000,0.000000,0
cvs16r128-89,config16,5,FOUND INTEGER FEASIBLE,0.545791,0.612013,0,3,0,0,-11.000000,-11.000000,0.000000,0.000000,0
cvs16r128-89,config17,1,FOUND INTEGER FEASIBLE,0.006603,0.081878,0,1,0,0,0.000000,0.000000,0.000000,0.000000,0
cvs16r128-89,config17,2,FOUND INTEGER FEASIBLE,0.006677,0.082910,0,1,0,0,0.000000,0.000000,0.000000,0.000000,0
cvs16r128-89,config17,3,FOUND INTEGER FEASIBLE,0.004348,0.070840,0,1,0,0,0.000000,0.000000,0.000000,0.000000,0
cvs16r128-89,config17,4,FOUND INTEGER FEASIBLE,0.004374,0.071617,0,1,0,0,0.000000,0.000000,0.000000,0.000000,0
cvs16r128-89,config17,5,FOUND INTEGER FEASIBLE,0.005675,0.082991,0,1,0,0,0.000000,0.000000,0.000000,0.000000,0
cvs16r128-89,config21,1,FOUND INTEGER FEASIBLE,0.457536,0.524696,0,3,0,0,-11.000000,-11.000000,0.000000,0.000000,0
cvs16r128-89,config21,2,FOUND INTEGER FEASIBLE,0.340414,0.402683,0,3,0,0,-11.000000,-11.000000,0.000000,0.000000,0
cvs16r128-89,config21,3,FOUND INTEGER FEASIBLE,0.460186,0.528045,0,3,0,0,-11.000000,-11.000000,0.000000,0.000000,0
cvs16r128-89,config21,4,FOUND INTEGER FEASIBLE,0.460050,0.519615,0,3,0,0,-11.000000,-11.000000,0.000000,0.000000,0
cvs16r128-89,config21,5,FOUND INTEGER FEASIBLE,0.457642,0.524743,0,3,0,0,-11.000000,-11.000000,0.000000,0.000000,0
cvs16r128-89,config23,1,FOUND INTEGER FEASIBLE,0.460139,0.527768,0,3,0,0,0.000000,0.000000,0.000000,0.000000,0
cvs16r128-89,config23,2,FOUND INTEGER FEASIBLE,0.459536,0.518865,0,3,0,0,0.000000,0.000000,0.000000,0.000000,0
cvs16r128-89,config23,3,FOUND INTEGER FEASIBLE,0.458220,0.525833,0,3,0,0,0.000000,0.000000,0.000000,0.000000,0
cvs16r128-89,config23,4,FOUND INTEGER FEASIBLE,0.458701,0.525781,0,3,0,0,0.000000,0.000000,0.000000,0.000000,0
cvs16r128-89,config23,5,FOUND INTEGER FEASIBLE,0.459398,0.526859,0,3,0,0,0.000000,0.000000,0.000000,0.000000,0
dano3_3,config16,1,FOUND INTEGER FEASIBLE,25.581478,32.148111,1,6,0,0,583.730889,576.407689,0.000000,0.000000,0
dano3_3,config16,2,FOUND INTEGER FEASIBLE,25.153330,30.168262,1,6,0,0,583.730889,576.407689,0.000000,0.000000,0
dano3_3,config16,3,FOUND INTEGER FEASIBLE,25.956692,31.800924,1,6,0,0,583.730889,576.407689,0.000000,0.000000,0
dano3_3,config16,4,FOUND INTEGER FEASIBLE,25.253460,30.070030,1,6,0,0,583.730889,576.407689,0.000000,0.000000,0
dano3_3,config16,5,FOUND INTEGER FEASIBLE,25.728024,32.002731,1,6,0,0,666.374058,576.843422,0.000000,0.000000,0
dano3_3,config17,1,FOUND INTEGER FEASIBLE,3.106165,3.639332,1,7,0,0,23000.000000,585.444949,0.000000,0.000000,0
dano3_3,config17,2,FOUND INTEGER FEASIBLE,3.019256,3.448039,1,7,0,0,23000.000000,650.500000,0.000000,0.000000,0
dano3_3,config17,3,FOUND INTEGER FEASIBLE,3.041961,3.423916,1,7,0,0,23000.000000,583.700583,0.000000,0.000000,0
dano3_3,config17,4,FOUND INTEGER FEASIBLE,3.038781,3.425436,1,7,0,0,23000.000000,650.500000,0.000000,0.000000,0
dano3_3,config17,5,FOUND INTEGER FEASIBLE,2.948056,3.393523,1,7,0,0,23000.000000,584.000248,0.000000,0.000000,0
dano3_3,config21,1,FOUND INTEGER FEASIBLE,1.915930,3.119552,1,8,0,0,23000.000000,583.939414,0.000000,0.000000,0
dano3_3,config21,2,FOUND INTEGER FEASIBLE,3.695334,5.094372,1,8,0,0,23000.000000,583.939414,0.000000,0.000000,0
dano3_3,config21,3,FOUND INTEGER FEASIBLE,2.872994,4.210486,1,8,0,0,23000.000000,583.396094,0.000000,0.000000,0
dano3_3,config21,4,FOUND INTEGER FEASIBLE,2.882270,4.153537,1,8,0,0,23000.000000,583.939414,0.000000,0.000000,0
dano3_3,config21,5,FOUND INTEGER FEASIBLE,2.887080,4.586930,1,8,0,0,23000.000000,582.140695,0.000000,0.000000,0
dano3_3,config23,1,FOUND INTEGER FEASIBLE,2.605581,3.824002,1,8,0,0,23000.000000,616.666667,0.000000,0.000000,0
dano3_3,config23,2,FOUND INTEGER FEASIBLE,2.875653,4.095329,1,8,0,0,23000.000000,616.666667,0.000000,0.000000,0
dano3_3,config23,3,FOUND INTEGER FEASIBLE,2.731561,4.166544,1,8,0,0,23000.000000,584.381055,0.000000,0.000000,0
dano3_3,config23,4,FOUND INTEGER FEASIBLE,2.861675,4.325920,1,8,0,0,23000.000000,616.666667,0.000000,0.000000,0
dano3_3,config23,5,FOUND INTEGER FEASIBLE,2.868912,4.204079,1,8,0,0,23000.000000,581.590746,0.000000,0.000000,0
dano3_5,config16,1,FOUND INTEGER FEASIBLE,22.577373,31.810136,1,5,0,0,584.931319,578.648269,0.000000,0.000000,0
dano3_5,config16,2,FOUND INTEGER FEASIBLE,22.741139,32.906303,1,5,0,0,584.931319,578.648269,0.000000,0.000000,0
dano3_5,config16,3,FOUND INTEGER FEASIBLE,24.116418,33.600154,1,5,0,0,583.622841,578.728198,0.000000,0.000000,0
dano3_5,config16,4,FOUND INTEGER FEASIBLE,24.606412,34.295011,1,5,0,0,584.931319,578.648269,0.000000,0.000000,0
dano3_5,config16,5,FOUND INTEGER FEASIBLE,21.962747,32.079524,1,5,0,0,582.503941,577.746517,0.000000,0.000000,0
dano3_5,config17,1,FOUND INTEGER FEASIBLE,3.042061,4.062538,1,10,0,0,22000.000000,584.112291,0.000000,0.000000,0
dano3_5,config17,2,FOUND INTEGER FEASIBLE,2.101801,3.078714,1,10,0,0,22000.000000,583.833959,0.000000,0.000000,0
dano3_5,config17,3,FOUND INTEGER FEASIBLE,3.044977,4.137072,1,10,0,0,22000.000000,590.827327,0.000000,0.000000,0
dano3_5,config17,4,FOUND INTEGER FEASIBLE,2.110665,3.056139,1,10,0,0,22000.000000,584.112291,0.000000,0.000000,0
dano3_5,config17,5,FOUND INTEGER FEASIBLE,3.051677,4.126695,1,10,0,0,22000.000000,589.733705,0.000000,0.000000,0
dano3_5,config21,1,FOUND INTEGER FEASIBLE,3.319338,4.668524,1,10,0,0,22000.000000,585.633547,0.000000,0.000000,0
dano3_5,config21,2,FOUND INTEGER FEASIBLE,2.924188,3.726598,1,10,0,0,22000.000000,585.384255,0.000000,0.000000,0
dano3_5,config21,3,FOUND INTEGER FEASIBLE,2.638176,3.541904,1,10,0,0,22000.000000,585.540894,0.000000,0.000000,0
dano3_5,config21,4,FOUND INTEGER FEASIBLE,2.637893,3.418946,1,10,0,0,22000.000000,585.633547,0.000000,0.000000,0
dano3_5,config21,5,FOUND INTEGER FEASIBLE,2.626609,3.526751,1,10,0,0,22000.000000,584.574336,0.000000,0.000000,0
dano3_5,config23,1,FOUND INTEGER FEASIBLE,2.898646,3.701976,1,10,0,0,22000.000000,586.715231,0.000000,0.000000,0
dano3_5,config23,2,FOUND INTEGER FEASIBLE,2.918047,3.878830,1,10,0,0,22000.000000,588.148435,0.000000,0.000000,0
dano3_5,config23,3,FOUND INTEGER FEASIBLE,2.904315,3.726342,1,10,0,0,22000.000000,587.132793,0.000000,0.000000,0
dano3_5,config23,4,FOUND INTEGER FEASIBLE,2.671486,3.456357,1,10,0,0,22000.000000,586.715231,0.000000,0.000000,0
dano3_5,config23,5,FOUND INTEGER FEASIBLE,2.904603,3.873585,1,10,0,0,22000.000000,587.767268,0.000000,0.000000,0
decomp2,config16,1,FOUND INTEGER FEASIBLE,0.025546,1.044016,126,8,1,0,-51.000000,-51.000000,0.000000,0.000000,0
decomp2,config16,2,FOUND INTEGER FEASIBLE,0.048954,2.199751,161,8,1,0,-29.000000,-29.000000,0.000000,0.000000,0
decomp2,config16,3,FOUND INTEGER FEASIBLE,0.025829,0.949353,111,8,1,0,-78.000000,-78.000000,0.000000,0.000000,0
decomp2,config16,4,FOUND INTEGER FEASIBLE,0.024951,0.950782,120,8,1,0,-38.000000,-38.000000,0.000000,0.000000,0
decomp2,config16,5,FOUND INTEGER FEASIBLE,0.048806,2.056738,150,8,1,0,-46.000000,-46.000000,0.000000,0.000000,0
decomp2,config17,1,FOUND INTEGER FEASIBLE,0.067483,0.799067,22,10,1,1,-38.000000,-38.000000,0.000000,0.000000,0
decomp2,config17,2,FOUND INTEGER FEASIBLE,0.067449,0.914935,36,10,1,1,-30.000000,-30.000000,0.000000,0.000000,0
decomp2,config17,3,FOUND INTEGER FEASIBLE,0.067513,0.779981,19,10,1,1,-48.000000,-48.000000,0.000000,0.000000,0
decomp2,config17,4,FOUND INTEGER FEASIBLE,0.067041,0.752844,17,10,1,1,-42.000000,-42.000000,0.000000,0.000000,0
decomp2,config17,5,FOUND INTEGER FEASIBLE,0.068916,0.757744,15,10,1,1,-45.000000,-45.000000,0.000000,0.000000,0
decomp2,config21,1,FOUND INTEGER FEASIBLE,0.084290,4.947660,735,10,7,0,47.000000,47.000000,0.000000,0.000000,0
decomp2,config21,2,FOUND INTEGER FEASIBLE,0.084278,4.654251,678,10,7,0,61.000000,61.000000,0.000000,0.000000,0
decomp2,config21,3,FOUND INTEGER FEASIBLE,0.084974,3.548731,462,10,3,0,46.000000,46.000000,0.000000,0.000000,0
decomp2,config21,4,FOUND INTEGER FEASIBLE,0.084179,4.538112,687,10,5,0,68.000000,68.000000,0.000000,0.000000,0
decomp2,config21,5,FOUND INTEGER FEASIBLE,0.084401,2.657821,289,10,2,0,-32.000000,-32.000000,0.000000,0.000000,0
decomp2,config23,1,FOUND INTEGER FEASIBLE,0.084769,5.338519,830,10,9,0,40.000000,40.000000,0.000000,0.000000,0
decomp2,config23,2,FOUND INTEGER FEASIBLE,0.084933,2.341410,224,10,1,0,46.000000,46.000000,0.000000,0.000000,0
decomp2,config23,3,FOUND INTEGER FEASIBLE,0.062707,2.879970,398,10,3,0,62.000000,62.000000,0.000000,0.000000,0
decomp2,config23,4,FOUND INTEGER FEASIBLE,0.084580,2.848677,258,10,1,0,28.000000,28.000000,0.000000,0.000000,0
decomp2,config23,5,FOUND INTEGER FEASIBLE,0.084464,3.149883,390,10,3,0,48.000000,48.000000,0.000000,0.000000,0
drayage-100-23,config16,1,FOUND INTEGER FEASIBLE,0.052091,0.400023,42,10,1,1,103333.874073,103333.874073,0.000000,0.000000,0
drayage-100-23,config16,2,FOUND INTEGER FEASIBLE,0.051808,0.605561,106,10,1,1,103333.874073,103333.874073,0.000000,0.000000,0
drayage-100-23,config16,3,FOUND INTEGER FEASIBLE,0.051737,0.330689,35,10,1,1,103333.874073,103333.874073,0.000000,0.000000,0
drayage-100-23,config16,4,FOUND INTEGER FEASIBLE,0.039111,0.364662,66,10,1,1,103333.874073,103333.874073,0.000000,0.000000,0
drayage-100-23,config16,5,FOUND INTEGER FEASIBLE,0.052339,0.288501,21,10,1,1,103333.874073,103333.874073,0.000000,0.000000,0
drayage-100-23,config17,1,FOUND INTEGER FEASIBLE,0.040008,0.195218,0,8,0,0,296054.858265,296054.858265,0.000000,0.000000,0
drayage-100-23,config17,2,FOUND INTEGER FEASIBLE,0.039717,0.194402,0,8,0,0,296054.858265,296054.858265,0.000000,0.000000,0
drayage-100-23,config17,3,FOUND INTEGER FEASIBLE,0.029752,0.157712,0,8,0,0,296054.858265,296054.858265,0.000000,0.000000,0
drayage-100-23,config17,4,FOUND INTEGER FEASIBLE,0.039974,0.193375,0,8,0,0,296054.858265,296054.858265,0.000000,0.000000,0
drayage-100-23,config17,5,FOUND INTEGER FEASIBLE,0.039508,0.186748,0,8,0,0,296054.858265,296054.858265,0.000000,0.000000,0
drayage-100-23,config21,1,FOUND INTEGER FEASIBLE,0.041944,0.189909,1,9,0,0,238356.398506,238356.398506,0.000000,0.000000,0
drayage-100-23,config21,2,FOUND INTEGER FEASIBLE,0.042076,0.196668,1,9,0,0,256937.214031,256937.214031,0.000000,0.000000,0
drayage-100-23,config21,3,FOUND INTEGER FEASIBLE,0.042076,0.193284,1,9,0,0,242590.170708,242590.170708,0.000000,0.000000,0
drayage-100-23,config21,4,FOUND INTEGER FEASIBLE,0.042210,0.198858,1,9,0,0,238356.398506,238356.398506,0.000000,0.000000,0
drayage-100-23,config21,5,FOUND INTEGER FEASIBLE,0.042228,0.202076,1,9,0,0,242590.170708,242590.170708,0.000000,0.000000,0
drayage-100-23,config23,1,FOUND INTEGER FEASIBLE,0.042193,0.200145,1,9,0,0,235486.012688,235486.012688,0.000000,0.000000,0
drayage-100-23,config23,2,FOUND INTEGER FEASIBLE,0.042195,0.191536,1,9,0,0,235486.012688,235486.012688,0.000000,0.000000,0
drayage-100-23,config23,3,FOUND INTEGER FEASIBLE,0.031303,0.162834,1,9,0,0,235486.012688,235486.012688,0.000000,0.000000,0
drayage-100-23,config23,4,FOUND INTEGER FEASIBLE,0.041823,0.199131,1,9,0,0,235486.012688,235486.012688,0.000000,0.000000,0
drayage-100-23,config23,5,FOUND INTEGER FEASIBLE,0.042102,0.199512,1,9,0,0,235486.012688,235486.012688,0.000000,0.000000,0
drayage-25-23,config16,1,FOUND INTEGER FEASIBLE,0.051644,0.576652,99,11,2,1,122504.389286,122504.389286,0.000000,0.000000,0
drayage-25-23,config16,2,FOUND INTEGER FEASIBLE,0.051686,0.619501,115,11,2,1,116652.076435,116652.076435,0.000000,0.000000,0
drayage-25-23,config16,3,FOUND INTEGER FEASIBLE,0.051777,0.616492,112,11,2,1,140804.146214,140804.146214,0.000000,0.000000,0
drayage-25-23,config16,4,FOUND INTEGER FEASIBLE,0.051624,0.570371,102,11,2,1,122504.389286,122504.389286,0.000000,0.000000,0
drayage-25-23,config16,5,FOUND INTEGER FEASIBLE,0.051938,0.626125,100,11,2,1,115500.932178,115500.932178,0.000000,0.000000,0
drayage-25-23,config17,1,FOUND INTEGER FEASIBLE,0.041271,0.210941,1,5,0,0,390190.231762,390190.231762,0.000000,0.000000,0
drayage-25-23,config17,2,FOUND INTEGER FEASIBLE,0.041274,0.208848,1,5,0,0,390190.231762,390190.231762,0.000000,0.000000,0
drayage-25-23,config17,3,FOUND INTEGER FEASIBLE,0.031105,0.160670,1,5,0,0,379252.397060,379252.397060,0.000000,0.000000,0
drayage-25-23,config17,4,FOUND INTEGER FEASIBLE,0.030729,0.156445,1,5,0,0,390190.231762,390190.231762,0.000000,0.000000,0
drayage-25-23,config17,5,FOUND INTEGER FEASIBLE,0.033812,0.158962,1,5,0,0,391412.515926,391412.515926,0.000000,0.000000,0
drayage-25-23,config21,1,FOUND INTEGER FEASIBLE,0.050014,0.215206,1,10,0,0,490687.705536,490687.705536,0.000000,0.000000,0
drayage-25-23,config21,2,FOUND INTEGER FEASIBLE,0.037439,0.178908,1,10,0,0,490687.705536,490687.705536,0.000000,0.000000,0
drayage-25-23,config21,3,FOUND INTEGER FEASIBLE,0.049943,0.222612,1,10,0,0,490687.705536,490687.705536,0.000000,0.000000,0
drayage-25-23,config21,4,FOUND INTEGER FEASIBLE,0.050020,0.223336,1,10,0,0,490687.705536,490687.705536,0.000000,0.000000,0
drayage-25-23,config21,5,FOUND INTEGER FEASIBLE,0.049912,0.216287,1,10,0,0,476657.647648,476657.647648,0.000000,0.000000,0
drayage-25-23,config23,1,FOUND INTEGER FEASIBLE,0.050124,0.219551,1,10,0,0,209560.838928,209560.838928,0.000000,0.000000,0
drayage-25-23,config23,2,FOUND INTEGER FEASIBLE,0.050153,0.212485,1,10,0,0,209560.838928,209560.838928,0.000000,0.000000,0
drayage-25-23,config23,3,FOUND INTEGER FEASIBLE,0.049854,0.214581,1,10,0,0,238914.401550,238914.401550,0.000000,0.000000,0
drayage-25-23,config23,4,FOUND INTEGER FEASIBLE,0.050093,0.212188,1,10,0,0,209560.838928,209560.838928,0.000000,0.000000,0
drayage-25-23,config23,5,FOUND INTEGER FEASIBLE,0.050472,0.215013,1,10,0,0,205645.836124,205645.836124,0.000000,0.000000,0
dws008-01,config16,1,FAILED TO FIND AN INTEGER FEASIBLE SOLUTION,0.050355,123.505239,12000,5,5,1,0.000000,0.000000,0.800856,0.763056,18
dws008-01,config16,2,FAILED TO FIND AN INTEGER FEASIBLE SOLUTION,0.035507,117.075535,12000,5,5,1,0.000000,0.000000,1.053856,1.053856,12
dws008-01,config16,3,FAILED TO FIND AN INTEGER FEASIBLE SOLUTION,0.034212,112.190988,12000,5,5,1,0.000000,0.000000,1.058126,1.058126,9
dws008-01,config16,4,FAILED TO FIND AN INTEGER FEASIBLE SOLUTION,0.034375,126.961511,12000,5,5,1,0.000000,0.000000,0.818498,0.818498,13
dws008-01,config16,5,FAILED TO FIND AN INTEGER FEASIBLE SOLUTION,0.068873,125.919234,12000,5,5,1,0.000000,0.000000,0.581398,0.581398,9
dws008-01,config17,1,FAILED TO FIND AN INTEGER FEASIBLE SOLUTION,0.083092,119.469190,12000,5,5,1,0.000000,0.000000,1.058761,1.058761,15
dws008-01,config17,2,FAILED TO FIND AN INTEGER FEASIBLE SOLUTION,0.076958,118.220174,12000,5,5,1,0.000000,0.000000,0.859861,0.859861,11
dws008-01,config17,3,FAILED TO FIND AN INTEGER FEASIBLE SOLUTION,0.059721,125.887518,12000,5,5,1,0.000000,0.000000,1.009035,1.009035,12
dws008-01,config17,4,FAILED TO FIND AN INTEGER FEASIBLE SOLUTION,0.084149,118.828923,12000,5,5,1,0.000000,0.000000,1.193642,1.193642,13
dws008-01,config17,5,FAILED TO FIND AN INTEGER FEASIBLE SOLUTION,0.079918,124.307391,12000,5,5,1,0.000000,0.000000,0.636338,0.636338,9
dws008-01,config21,1,FAILED TO FIND AN INTEGER FEASIBLE SOLUTION,0.144821,119.780207,12000,12,12,2,0.000000,0.000000,0.984176,0.984176,11
dws008-01,config21,2,FAILED TO FIND AN INTEGER FEASIBLE SOLUTION,0.194036,114.446506,12000,12,12,2,0.000000,0.000000,0.927719,0.927719,15
dws008-01,config21,3,FAILED TO FIND AN INTEGER FEASIBLE SOLUTION,0.146491,113.392204,12000,12,12,2,0.000000,0.000000,0.882145,0.882145,12
dws008-01,config21,4,FAILED TO FIND AN INTEGER FEASIBLE SOLUTION,0.195329,124.112993,12000,12,12,2,0.000000,0.000000,0.981531,0.981531,14
dws008-01,config21,5,FAILED TO FIND AN INTEGER FEASIBLE SOLUTION,0.099353,126.029254,12000,12,12,2,0.000000,0.000000,0.835810,0.835810,11
dws008-01,config23,1,FAILED TO FIND AN INTEGER FEASIBLE SOLUTION,0.196446,121.381758,12000,12,12,2,0.000000,0.000000,1.097623,1.031526,29
dws008-01,config23,2,FAILED TO FIND AN INTEGER FEASIBLE SOLUTION,0.145927,110.093489,12000,12,12,2,0.000000,0.000000,0.954751,0.954751,15
dws008-01,config23,3,FAILED TO FIND AN INTEGER FEASIBLE SOLUTION,0.197946,119.903553,12000,12,12,2,0.000000,0.000000,0.844770,0.844770,11
dws008-01,config23,4,FAILED TO FIND AN INTEGER FEASIBLE SOLUTION,0.194426,113.436904,12000,12,12,2,0.000000,0.000000,0.897557,0.897557,12
dws008-01,config23,5,FAILED TO FIND AN INTEGER FEASIBLE SOLUTION,0.195318,111.789191,12000,12,12,2,0.000000,0.000000,0.729415,0.729415,11
eil33-2,config16,1,FOUND INTEGER FEASIBLE,0.033948,0.258470,11,1,1,1,1094.532044,1094.532044,0.000000,0.000000,0
eil33-2,config16,2,FOUND INTEGER FEASIBLE,0.031920,0.519365,54,1,1,1,1299.557689,1299.557689,0.000000,0.000000,0
eil33-2,config16,3,FOUND INTEGER FEASIBLE,0.033008,0.733624,78,1,1,1,1701.699920,1701.699920,0.000000,0.000000,0
eil33-2,config16,4,FOUND INTEGER FEASIBLE,0.033110,0.529207,47,1,1,1,1449.674771,1449.674771,0.000000,0.000000,0
eil33-2,config16,5,FOUND INTEGER FEASIBLE,0.031886,0.654097,69,1,1,1,1908.467038,1908.467038,0.000000,0.000000,0
eil33-2,config17,1,FOUND INTEGER FEASIBLE,0.033635,0.784143,159,9,1,0,1862.625364,1862.625364,0.000000,0.000000,0
eil33-2,config17,2,FOUND INTEGER FEASIBLE,0.033278,0.712475,152,9,1,0,1769.461069,1769.461069,0.000000,0.000000,0
eil33-2,config17,3,FOUND INTEGER FEASIBLE,0.036154,0.450101,123,9,1,0,1395.885926,1395.885926,0.000000,0.000000,0
eil33-2,config17,4,FOUND INTEGER FEASIBLE,0.036328,0.987266,190,9,1,0,1485.526472,1485.526472,0.000000,0.000000,0
eil33-2,config17,5,FOUND INTEGER FEASIBLE,0.033097,1.216196,236,9,2,0,1768.402152,1768.402152,0.000000,0.000000,0
eil33-2,config21,1,FOUND INTEGER FEASIBLE,0.012246,1.188035,272,2,2,0,2044.592991,2044.592991,0.000000,0.000000,0
eil33-2,config21,2,FOUND INTEGER FEASIBLE,0.022849,0.873897,86,2,1,0,1300.206999,1300.206999,0.000000,0.000000,0
eil33-2,config21,3,FOUND INTEGER FEASIBLE,0.022637,1.450365,167,2,1,0,1618.820713,1618.820713,0.000000,0.000000,0
eil33-2,config21,4,FOUND INTEGER FEASIBLE,0.022968,1.218709,136,2,1,0,1562.673973,1562.673973,0.000000,0.000000,0
eil33-2,config21,5,FOUND INTEGER FEASIBLE,0.016913,0.792339,114,2,1,0,1722.020119,1722.020119,0.000000,0.000000,0
eil33-2,config23,1,FOUND INTEGER FEASIBLE,0.014701,0.834597,126,2,1,0,1278.241341,1278.241341,0.000000,0.000000,0
eil33-2,config23,2,FOUND INTEGER FEASIBLE,0.022621,2.050437,263,2,2,0,1407.278111,1407.278111,0.000000,0.000000,0
eil33-2,config23,3,FOUND INTEGER FEASIBLE,0.015046,1.264109,203,2,1,0,1429.610676,1429.610676,0.000000,0.000000,0
eil33-2,config23,4,FOUND INTEGER FEASIBLE,0.019445,0.462982,45,2,0,0,1258.221786,1258.221786,0.000000,0.000000,0
eil33-2,config23,5,FOUND INTEGER FEASIBLE,0.014912,0.927353,139,2,1,0,1689.909856,1689.909856,0.000000,0.000000,0
eilA101-2,config16,1,FOUND INTEGER FEASIBLE,0.407119,903.428888,3246,1,1,1,2187.089138,2187.089138,0.000000,0.000000,0
eilA101-2,config16,2,FOUND INTEGER FEASIBLE,0.719585,342.486847,1218,1,1,1,3283.623868,3283.623868,0.000000,0.000000,0
eilA101-2,config16,3,FOUND INTEGER FEASIBLE,0.581003,1075.362415,3770,1,1,1,2204.241681,2204.241681,0.000000,0.000000,0
eilA101-2,config16,4,FOUND INTEGER FEASIBLE,0.407510,331.336026,1181,1,1,1,2047.054285,2047.054285,0.000000,0.000000,0
eilA101-2,config16,5,FOUND INTEGER FEASIBLE,0.723565,400.881274,1467,1,1,1,2738.805067,2738.805067,0.000000,0.000000,0
eilA101-2,config17,1,FOUND INTEGER FEASIBLE,0.929072,351.683710,1255,10,10,0,2165.405865,2165.405865,0.000000,0.000000,0
eilA101-2,config17,2,FOUND INTEGER FEASIBLE,0.930193,173.650860,611,10,7,0,1116.074796,1116.074796,0.000000,0.000000,0
eilA101-2,config17,3,FOUND INTEGER FEASIBLE,0.906986,637.574479,2288,10,10,0,2335.799719,2335.799719,0.000000,0.000000,0
eilA101-2,config17,4,FOUND INTEGER FEASIBLE,0.821488,1280.276543,4683,10,10,0,2870.935672,2870.935672,0.000000,0.000000,0
eilA101-2,config17,5,FOUND INTEGER FEASIBLE,0.562608,401.191586,1428,10,10,0,2238.572489,2238.572489,0.000000,0.000000,0
eilA101-2,config21,1,FOUND INTEGER FEASIBLE,0.466116,61.095837,187,2,2,0,1343.348244,1343.348244,0.000000,0.000000,0
eilA101-2,config21,2,FOUND INTEGER FEASIBLE,0.584696,265.371962,943,2,2,0,2424.843116,2424.843116,0.000000,0.000000,0
eilA101-2,config21,3,FOUND INTEGER FEASIBLE,0.595851,674.251034,2400,2,2,0,2560.273265,2560.273265,0.000000,0.000000,0
eilA101-2,config21,4,FOUND INTEGER FEASIBLE,0.477764,346.949722,1239,2,2,0,3148.586369,3148.586369,0.000000,0.000000,0
eilA101-2,config21,5,FOUND INTEGER FEASIBLE,0.478544,611.138538,2158,2,2,0,2415.930211,2415.930211,0.000000,0.000000,0
eilA101-2,config23,1,FOUND INTEGER FEASIBLE,0.590906,570.893915,1988,2,2,0,2668.678453,2668.678453,0.000000,0.000000,0
eilA101-2,config23,2,FOUND INTEGER FEASIBLE,0.589652,1257.469273,4517,2,2,0,2830.038974,2830.038974,0.000000,0.000000,0
eilA101-2,config23,3,FOUND INTEGER FEASIBLE,0.595434,1093.461772,4010,2,2,0,2649.185641,2649.185641,0.000000,0.000000,0
eilA101-2,config23,4,FOUND INTEGER FEASIBLE,0.577695,709.857814,2570,2,2,0,2493.158486,2493.158486,0.000000,0.000000,0
eilA101-2,config23,5,FOUND INTEGER FEASIBLE,0.593725,530.931856,1938,2,2,0,1901.205420,1901.205420,0.000000,0.000000,0
enlight_hard,config16,1,FAILED TO FIND AN INTEGER FEASIBLE SOLUTION,0.003860,1.224582,2005,2,2,1,0.000000,0.000000,0.500000,0.500000,1
enlight_hard,config16,2,FAILED TO FIND AN INTEGER FEASIBLE SOLUTION,0.002696,1.199241,2002,2,2,1,0.000000,0.000000,1.000000,1.000000,2
enlight_hard,config16,3,FAILED TO FIND AN INTEGER FEASIBLE SOLUTION,0.002616,1.223997,2003,2,2,1,0.000000,0.000000,1.000000,1.000000,2
enlight_hard,config16,4,FAILED TO FIND AN INTEGER FEASIBLE SOLUTION,0.002663,1.238470,2004,2,2,1,0.000000,0.000000,0.500000,0.500000,1
enlight_hard,config16,5,FAILED TO FIND AN INTEGER FEASIBLE SOLUTION,0.002891,1.237112,2003,2,2,1,0.000000,0.000000,0.500000,0.500000,1
enlight_hard,config17,1,FAILED TO FIND AN INTEGER FEASIBLE SOLUTION,0.003732,1.242861,2001,2,2,1,0.000000,0.000000,1.000000,1.000000,2
enlight_hard,config17,2,FAILED TO FIND AN INTEGER FEASIBLE SOLUTION,0.002292,1.023558,2001,2,2,1,0.000000,0.000000,1.000000,1.000000,2
enlight_hard,config17,3,FAILED TO FIND AN INTEGER FEASIBLE SOLUTION,0.002652,1.222309,2001,2,2,1,0.000000,0.000000,0.500000,0.500000,1
enlight_hard,config17,4,FAILED TO FIND AN INTEGER FEASIBLE SOLUTION,0.002635,1.183427,2001,2,2,1,0.000000,0.000000,0.500000,0.500000,1
enlight_hard,config17,5,FAILED TO FIND AN INTEGER FEASIBLE SOLUTION,0.001639,0.888145,2001,2,2,1,0.000000,0.000000,0.500000,0.500000,1
enlight_hard,config21,1,FAILED TO FIND AN INTEGER FEASIBLE SOLUTION,0.002561,1.220711,2001,2,2,2,0.000000,0.000000,0.500000,0.500000,1
enlight_hard,config21,2,FAILED TO FIND AN INTEGER FEASIBLE SOLUTION,0.003388,1.188260,2001,2,2,2,0.000000,0.000000,0.500000,0.500000,1
enlight_hard,config21,3,FAILED TO FIND AN INTEGER FEASIBLE SOLUTION,0.002751,0.922421,2001,2,2,2,0.000000,0.000000,0.500000,0.500000,1
enlight_hard,config21,4,FAILED TO FIND AN INTEGER FEASIBLE SOLUTION,0.002955,0.905738,2001,2,2,2,0.000000,0.000000,0.500000,0.500000,1
enlight_hard,config21,5,FAILED TO FIND AN INTEGER FEASIBLE SOLUTION,0.001735,0.905519,2001,2,2,2,0.000000,0.000000,1.000000,1.000000,2
enlight_hard,config23,1,FAILED TO FIND AN INTEGER FEASIBLE SOLUTION,0.002850,0.930552,2001,2,2,2,0.000000,0.000000,0.500000,0.500000,1
enlight_hard,config23,2,FAILED TO FIND AN INTEGER FEASIBLE SOLUTION,0.001796,0.908202,2001,2,2,2,0.000000,0.000000,0.500000,0.500000,1
enlight_hard,config23,3,FAILED TO FIND AN INTEGER FEASIBLE SOLUTION,0.002222,1.203616,2001,2,2,2,0.000000,0.000000,0.500000,0.500000,1
enlight_hard,config23,4,FAILED TO FIND AN INTEGER FEASIBLE SOLUTION,0.002928,1.259185,2001,2,2,2,0.000000,0.000000,0.500000,0.500000,1
enlight_hard,config23,5,FAILED TO FIND AN INTEGER FEASIBLE SOLUTION,0.002340,0.987300,2001,2,2,2,0.000000,0.000000,0.500000,0.500000,1
ex10,config16,1,FAILED TO FIND AN INTEGER FEASIBLE SOLUTION,3598.136033,3600,0,10,-1,-1,0.000000,0.000000,17680.000000,100000000000000000000.000000,17680
ex10,config16,2,FAILED TO FIND AN INTEGER FEASIBLE SOLUTION,3598.116728,3600,0,10,-1,-1,0.000000,0.000000,17680.000000,100000000000000000000.000000,17680
ex10,config16,3,FAILED TO FIND AN INTEGER FEASIBLE SOLUTION,3597.964261,3600,0,10,-1,-1,0.000000,0.000000,17680.000000,100000000000000000000.000000,17680
ex10,config16,4,FAILED TO FIND AN INTEGER FEASIBLE SOLUTION,3598.459118,3600,0,10,-1,-1,0.000000,0.000000,17680.000000,100000000000000000000.000000,17680
ex10,config16,5,FAILED TO FIND AN INTEGER FEASIBLE SOLUTION,3597.675616,3600,0,10,-1,-1,0.000000,0.000000,17680.000000,100000000000000000000.000000,17680
ex10,config17,1,FAILED TO FIND AN INTEGER FEASIBLE SOLUTION,3597.794135,3600,0,10,-1,-1,0.000000,0.000000,17680.000000,100000000000000000000.000000,17680
ex10,config17,2,FAILED TO FIND AN INTEGER FEASIBLE SOLUTION,3597.999752,3600,0,10,-1,-1,0.000000,0.000000,17680.000000,100000000000000000000.000000,17680
ex10,config17,3,FAILED TO FIND AN INTEGER FEASIBLE SOLUTION,3597.652579,3600,0,10,-1,-1,0.000000,0.000000,17680.000000,100000000000000000000.000000,17680
ex10,config17,4,FAILED TO FIND AN INTEGER FEASIBLE SOLUTION,3598.063029,3600,0,10,-1,-1,0.000000,0.000000,17680.000000,100000000000000000000.000000,17680
ex10,config17,5,FAILED TO FIND AN INTEGER FEASIBLE SOLUTION,3598.621604,3600,0,10,-1,-1,0.000000,0.000000,17680.000000,100000000000000000000.000000,17680
ex10,config21,1,FAILED TO FIND AN INTEGER FEASIBLE SOLUTION,3598.098394,3600,0,10,-1,-1,0.000000,0.000000,17680.000000,100000000000000000000.000000,17680
ex10,config21,2,FAILED TO FIND AN INTEGER FEASIBLE SOLUTION,3598.545399,3600,0,10,-1,-1,0.000000,0.000000,17680.000000,100000000000000000000.000000,17680
ex10,config21,3,FAILED TO FIND AN INTEGER FEASIBLE SOLUTION,3597.974834,3600,0,10,-1,-1,0.000000,0.000000,17680.000000,100000000000000000000.000000,17680
ex10,config21,4,FAILED TO FIND AN INTEGER FEASIBLE SOLUTION,3599.009790,3600,0,10,-1,-1,0.000000,0.000000,17680.000000,100000000000000000000.000000,17680
ex10,config21,5,FAILED TO FIND AN INTEGER FEASIBLE SOLUTION,3598.142531,3600,0,10,-1,-1,0.000000,0.000000,17680.000000,100000000000000000000.000000,17680
ex10,config23,1,FAILED TO FIND AN INTEGER FEASIBLE SOLUTION,3597.723448,3600,0,10,-1,-1,0.000000,0.000000,17680.000000,100000000000000000000.000000,17680
ex10,config23,2,FAILED TO FIND AN INTEGER FEASIBLE SOLUTION,3599.108222,3600,0,10,-1,-1,0.000000,0.000000,17680.000000,100000000000000000000.000000,17680
ex10,config23,3,FAILED TO FIND AN INTEGER FEASIBLE SOLUTION,3599.419278,3600,0,10,-1,-1,0.000000,0.000000,17680.000000,100000000000000000000.000000,17680
ex10,config23,4,FAILED TO FIND AN INTEGER FEASIBLE SOLUTION,3598.862085,3600,0,10,-1,-1,0.000000,0.000000,17680.000000,100000000000000000000.000000,17680
ex10,config23,5,FAILED TO FIND AN INTEGER FEASIBLE SOLUTION,3598.001496,3600,0,10,-1,-1,0.000000,0.000000,17680.000000,100000000000000000000.000000,17680
ex9,config16,1,FAILED TO FIND AN INTEGER FEASIBLE SOLUTION,1676.538855,3600,2,9,9,-1,0.000000,0.000000,10404.000000,100000000000000000000.000000,10404
ex9,config16,2,FAILED TO FIND AN INTEGER FEASIBLE SOLUTION,1718.018642,3600,2,9,9,-1,0.000000,0.000000,10404.000000,100000000000000000000.000000,10404
ex9,config16,3,FAILED TO FIND AN INTEGER FEASIBLE SOLUTION,1703.025766,3600,2,9,9,-1,0.000000,0.000000,10404.000000,100000000000000000000.000000,10404
ex9,config16,4,FAILED TO FIND AN INTEGER FEASIBLE SOLUTION,1708.958586,3600,2,9,9,-1,0.000000,0.000000,10404.000000,100000000000000000000.000000,10404
ex9,config16,5,FAILED TO FIND AN INTEGER FEASIBLE SOLUTION,1700.864175,3600,2,9,9,-1,0.000000,0.000000,10404.000000,100000000000000000000.000000,10404
ex9,config17,1,FAILED TO FIND AN INTEGER FEASIBLE SOLUTION,1631.158678,3600,29,9,9,0,0.000000,0.000000,71.829675,71.652632,1821
ex9,config17,2,FAILED TO FIND AN INTEGER FEASIBLE SOLUTION,1615.973340,3600,20,9,9,3,0.000000,0.000000,77.485467,73.668668,1692
ex9,config17,3,FAILED TO FIND AN INTEGER FEASIBLE SOLUTION,1652.218896,3600,19,9,9,3,0.000000,0.000000,77.485467,73.668668,1692
ex9,config17,4,FAILED TO FIND AN INTEGER FEASIBLE SOLUTION,1684.420110,3600,16,9,8,3,0.000000,0.000000,77.485467,73.668668,1692
ex9,config17,5,FAILED TO FIND AN INTEGER FEASIBLE SOLUTION,1647.993864,3600,18,9,9,3,0.000000,0.000000,77.485467,73.668668,1692
ex9,config21,1,FOUND INTEGER FEASIBLE,142.048359,2449.745080,15,5,4,1,81.000000,81.000000,0.000000,0.000000,0
ex9,config21,2,FOUND INTEGER FEASIBLE,139.573281,2448.649093,15,5,4,1,81.000000,81.000000,0.000000,0.000000,0
ex9,config21,3,FOUND INTEGER FEASIBLE,143.738552,2449.876572,15,5,4,1,81.000000,81.000000,0.000000,0.000000,0
ex9,config21,4,FOUND INTEGER FEASIBLE,148.385436,2451.361460,15,5,4,1,81.000000,81.000000,0.000000,0.000000,0
ex9,config21,5,FOUND INTEGER FEASIBLE,135.268826,2447.760556,15,5,4,1,81.000000,81.000000,0.000000,0.000000,0
ex9,config23,1,FAILED TO FIND AN INTEGER FEASIBLE SOLUTION,138.103775,3600,26,5,5,1,0.000000,0.000000,73.729323,73.192896,1844
ex9,config23,2,FAILED TO FIND AN INTEGER FEASIBLE SOLUTION,146.831789,3600,26,5,5,1,0.000000,0.000000,73.729323,73.192896,1844
ex9,config23,3,FAILED TO FIND AN INTEGER FEASIBLE SOLUTION,143.863924,3600,26,5,5,1,0.000000,0.000000,73.729323,73.192896,1844
ex9,config23,4,FAILED TO FIND AN INTEGER FEASIBLE SOLUTION,143.002723,3600,26,5,5,1,0.000000,0.000000,73.729323,73.192896,1844
ex9,config23,5,FAILED TO FIND AN INTEGER FEASIBLE SOLUTION,138.525942,3600,29,5,5,1,0.000000,0.000000,74.201037,73.392941,1803
exp-1-500-5-5,config16,1,FOUND INTEGER FEASIBLE,0.006558,0.029416,3,9,0,0,131821.000000,130722.000000,0.000000,0.000000,0
exp-1-500-5-5,config16,2,FOUND INTEGER FEASIBLE,0.007473,0.033004,3,9,0,0,151455.000000,150184.000000,0.000000,0.000000,0
exp-1-500-5-5,config16,3,FOUND INTEGER FEASIBLE,0.007301,0.031493,3,9,0,0,129229.000000,128725.000000,0.000000,0.000000,0
exp-1-500-5-5,config16,4,FOUND INTEGER FEASIBLE,0.006625,0.026502,2,9,0,0,181544.000000,180087.000000,0.000000,0.000000,0
exp-1-500-5-5,config16,5,FOUND INTEGER FEASIBLE,0.006642,0.026064,1,9,0,0,187754.000000,186986.000000,0.000000,0.000000,0
exp-1-500-5-5,config17,1,FOUND INTEGER FEASIBLE,0.003401,0.020155,0,0,0,0,215730.000000,215730.000000,0.000000,0.000000,0
exp-1-500-5-5,config17,2,FOUND INTEGER FEASIBLE,0.003421,0.020277,0,0,0,0,215730.000000,215730.000000,0.000000,0.000000,0
exp-1-500-5-5,config17,3,FOUND INTEGER FEASIBLE,0.002836,0.018199,0,0,0,0,215730.000000,215730.000000,0.000000,0.000000,0
exp-1-500-5-5,config17,4,FOUND INTEGER FEASIBLE,0.004002,0.025953,0,0,0,0,215730.000000,215730.000000,0.000000,0.000000,0
exp-1-500-5-5,config17,5,FOUND INTEGER FEASIBLE,0.003421,0.020460,0,0,0,0,215730.000000,215730.000000,0.000000,0.000000,0
exp-1-500-5-5,config21,1,FOUND INTEGER FEASIBLE,0.004614,0.021307,0,0,0,0,423478.000000,244518.000000,0.000000,0.000000,0
exp-1-500-5-5,config21,2,FOUND INTEGER FEASIBLE,0.003488,0.017409,0,0,0,0,423478.000000,244518.000000,0.000000,0.000000,0
exp-1-500-5-5,config21,3,FOUND INTEGER FEASIBLE,0.004488,0.022184,0,0,0,0,423478.000000,244518.000000,0.000000,0.000000,0
exp-1-500-5-5,config21,4,FOUND INTEGER FEASIBLE,0.003432,0.017248,0,0,0,0,423478.000000,244518.000000,0.000000,0.000000,0
exp-1-500-5-5,config21,5,FOUND INTEGER FEASIBLE,0.005117,0.026467,0,0,0,0,423478.000000,244518.000000,0.000000,0.000000,0
exp-1-500-5-5,config23,1,FOUND INTEGER FEASIBLE,0.004794,0.021544,0,0,0,0,215730.000000,215730.000000,0.000000,0.000000,0
exp-1-500-5-5,config23,2,FOUND INTEGER FEASIBLE,0.004470,0.021182,0,0,0,0,215730.000000,215730.000000,0.000000,0.000000,0
exp-1-500-5-5,config23,3,FOUND INTEGER FEASIBLE,0.004490,0.021361,0,0,0,0,215730.000000,215730.000000,0.000000,0.000000,0
exp-1-500-5-5,config23,4,FOUND INTEGER FEASIBLE,0.004480,0.020884,0,0,0,0,215730.000000,215730.000000,0.000000,0.000000,0
exp-1-500-5-5,config23,5,FOUND INTEGER FEASIBLE,0.004442,0.021117,0,0,0,0,215730.000000,215730.000000,0.000000,0.000000,0
fast0507,config16,1,FOUND INTEGER FEASIBLE,0.892453,1.774595,1,11,0,0,207.000000,207.000000,0.000000,0.000000,0
fast0507,config16,2,FOUND INTEGER FEASIBLE,0.914976,1.759122,1,11,0,0,206.000000,206.000000,0.000000,0.000000,0
fast0507,config16,3,FOUND INTEGER FEASIBLE,0.892280,1.764499,1,11,0,0,235.000000,235.000000,0.000000,0.000000,0
fast0507,config16,4,FOUND INTEGER FEASIBLE,0.884951,1.728923,1,11,0,0,205.000000,205.000000,0.000000,0.000000,0
fast0507,config16,5,FOUND INTEGER FEASIBLE,0.463813,1.007150,1,11,0,0,237.000000,237.000000,0.000000,0.000000,0
fast0507,config17,1,FOUND INTEGER FEASIBLE,1.587367,2.431084,1,11,0,0,241.000000,241.000000,0.000000,0.000000,0
fast0507,config17,2,FOUND INTEGER FEASIBLE,1.603615,2.470978,1,11,0,0,217.000000,217.000000,0.000000,0.000000,0
fast0507,config17,3,FOUND INTEGER FEASIBLE,0.989796,1.420966,1,11,0,0,241.000000,241.000000,0.000000,0.000000,0
fast0507,config17,4,FOUND INTEGER FEASIBLE,1.606335,2.443457,1,11,0,0,217.000000,217.000000,0.000000,0.000000,0
fast0507,config17,5,FOUND INTEGER FEASIBLE,1.611212,2.456442,1,11,0,0,241.000000,241.000000,0.000000,0.000000,0
fast0507,config21,1,FOUND INTEGER FEASIBLE,0.009948,0.754001,0,0,0,0,39727.000000,39727.000000,0.000000,0.000000,0
fast0507,config21,2,FOUND INTEGER FEASIBLE,0.013252,0.984083,0,0,0,0,39727.000000,39727.000000,0.000000,0.000000,0
fast0507,config21,3,FOUND INTEGER FEASIBLE,0.013214,1.005120,0,0,0,0,39727.000000,39727.000000,0.000000,0.000000,0
fast0507,config21,4,FOUND INTEGER FEASIBLE,0.010925,0.907204,0,0,0,0,39727.000000,39727.000000,0.000000,0.000000,0
fast0507,config21,5,FOUND INTEGER FEASIBLE,0.007067,0.565932,0,0,0,0,39727.000000,39727.000000,0.000000,0.000000,0
fast0507,config23,1,FOUND INTEGER FEASIBLE,0.013612,2.483965,1,0,0,0,222.000000,222.000000,0.000000,0.000000,0
fast0507,config23,2,FOUND INTEGER FEASIBLE,0.013268,3.155249,1,0,0,0,212.000000,212.000000,0.000000,0.000000,0
fast0507,config23,3,FOUND INTEGER FEASIBLE,0.013231,2.447116,1,0,0,0,309.000000,309.000000,0.000000,0.000000,0
fast0507,config23,4,FOUND INTEGER FEASIBLE,0.012914,2.630903,1,0,0,0,212.000000,212.000000,0.000000,0.000000,0
fast0507,config23,5,FOUND INTEGER FEASIBLE,0.013160,2.421543,1,0,0,0,573.000000,573.000000,0.000000,0.000000,0
fastxgemm-n2r6s0t2,config16,1,FOUND INTEGER FEASIBLE,0.027096,0.122369,12,4,0,0,2927.000000,2927.000000,0.000000,0.000000,0
fastxgemm-n2r6s0t2,config16,2,FOUND INTEGER FEASIBLE,0.024446,0.094077,3,4,0,0,2327.000000,2327.000000,0.000000,0.000000,0
fastxgemm-n2r6s0t2,config16,3,FOUND INTEGER FEASIBLE,0.026499,0.114097,10,4,0,0,2930.000000,2930.000000,0.000000,0.000000,0
fastxgemm-n2r6s0t2,config16,4,FOUND INTEGER FEASIBLE,0.027378,0.111076,2,4,0,0,1727.000000,1727.000000,0.000000,0.000000,0
fastxgemm-n2r6s0t2,config16,5,FOUND INTEGER FEASIBLE,0.026720,0.104098,2,4,0,0,3233.000000,3233.000000,0.000000,0.000000,0
fastxgemm-n2r6s0t2,config17,1,FOUND INTEGER FEASIBLE,0.021410,0.082713,1,2,0,0,6172.720000,2327.000000,0.000000,0.000000,0
fastxgemm-n2r6s0t2,config17,2,FOUND INTEGER FEASIBLE,0.021763,0.082784,1,2,0,0,6172.720000,2327.000000,0.000000,0.000000,0
fastxgemm-n2r6s0t2,config17,3,FOUND INTEGER FEASIBLE,0.021782,0.090496,1,2,0,0,6172.720000,2327.000000,0.000000,0.000000,0
fastxgemm-n2r6s0t2,config17,4,FOUND INTEGER FEASIBLE,0.021720,0.082932,1,2,0,0,6172.720000,2327.000000,0.000000,0.000000,0
fastxgemm-n2r6s0t2,config17,5,FOUND INTEGER FEASIBLE,0.021404,0.082249,1,2,0,0,6172.720000,2327.000000,0.000000,0.000000,0
fastxgemm-n2r6s0t2,config21,1,FOUND INTEGER FEASIBLE,0.021026,0.084165,3,4,0,0,4272.660000,2630.000000,0.000000,0.000000,0
fastxgemm-n2r6s0t2,config21,2,FOUND INTEGER FEASIBLE,0.020895,0.075924,1,4,0,0,4272.660000,2933.000000,0.000000,0.000000,0
fastxgemm-n2r6s0t2,config21,3,FOUND INTEGER FEASIBLE,0.021148,0.077219,3,4,0,0,4272.660000,2933.000000,0.000000,0.000000,0
fastxgemm-n2r6s0t2,config21,4,FOUND INTEGER FEASIBLE,0.020755,0.084167,3,4,0,0,4272.660000,2933.000000,0.000000,0.000000,0
fastxgemm-n2r6s0t2,config21,5,FOUND INTEGER FEASIBLE,0.021008,0.077735,4,4,0,0,4272.660000,2930.000000,0.000000,0.000000,0
fastxgemm-n2r6s0t2,config23,1,FOUND INTEGER FEASIBLE,0.020998,0.078718,5,4,0,0,3972.660000,2030.000000,0.000000,0.000000,0
fastxgemm-n2r6s0t2,config23,2,FOUND INTEGER FEASIBLE,0.021165,0.086312,7,4,0,0,4572.660000,2027.000000,0.000000,0.000000,0
fastxgemm-n2r6s0t2,config23,3,FOUND INTEGER FEASIBLE,0.020936,0.084522,5,4,0,0,4572.660000,2927.000000,0.000000,0.000000,0
fastxgemm-n2r6s0t2,config23,4,FOUND INTEGER FEASIBLE,0.021153,0.087844,9,4,0,0,4272.660000,1727.000000,0.000000,0.000000,0
fastxgemm-n2r6s0t2,config23,5,FOUND INTEGER FEASIBLE,0.020844,0.076714,4,4,0,0,3672.660000,1727.000000,0.000000,0.000000,0
fhnw-binpack4-48,config16,1,FAILED TO FIND AN INTEGER FEASIBLE SOLUTION,0.494048,28.890207,12000,6,6,0,0.000000,0.000000,1.580714,1.580714,20
fhnw-binpack4-48,config16,2,FAILED TO FIND AN INTEGER FEASIBLE SOLUTION,0.485387,29.746968,12000,6,6,0,0.000000,0.000000,0.880000,0.880000,12
fhnw-binpack4-48,config16,3,FAILED TO FIND AN INTEGER FEASIBLE SOLUTION,0.485756,30.742298,12000,6,6,0,0.000000,0.000000,0.740000,0.740000,8
fhnw-binpack4-48,config16,4,FAILED TO FIND AN INTEGER FEASIBLE SOLUTION,0.365722,29.604301,12000,6,6,0,0.000000,0.000000,1.000000,1.000000,12
fhnw-binpack4-48,config16,5,FAILED TO FIND AN INTEGER FEASIBLE SOLUTION,0.247057,29.617622,12000,6,6,0,0.000000,0.000000,0.960000,0.960000,12
fhnw-binpack4-48,config17,1,FAILED TO FIND AN INTEGER FEASIBLE SOLUTION,0.612651,29.090541,12000,3,3,0,0.000000,0.000000,2.258824,1.129412,22
fhnw-binpack4-48,config17,2,FAILED TO FIND AN INTEGER FEASIBLE SOLUTION,0.607986,30.237512,12000,3,3,0,0.000000,0.000000,0.900000,0.900000,12
fhnw-binpack4-48,config17,3,FAILED TO FIND AN INTEGER FEASIBLE SOLUTION,0.458620,31.866496,12000,3,3,0,0.000000,0.000000,0.942857,0.942857,8
fhnw-binpack4-48,config17,4,FAILED TO FIND AN INTEGER FEASIBLE SOLUTION,0.609297,28.965455,12000,3,3,0,0.000000,0.000000,2.258824,1.129412,24
fhnw-binpack4-48,config17,5,FAILED TO FIND AN INTEGER FEASIBLE SOLUTION,0.609246,29.326263,12000,3,3,0,0.000000,0.000000,1.121429,1.121429,18
fhnw-binpack4-48,config21,1,FAILED TO FIND AN INTEGER FEASIBLE SOLUTION,0.348248,30.564408,12000,7,7,0,0.000000,0.000000,0.160714,0.160714,4
fhnw-binpack4-48,config21,2,FOUND INTEGER FEASIBLE,0.351862,15.184242,5680,7,7,0,0.000000,0.000000,0.000000,0.000000,0
fhnw-binpack4-48,config21,3,FAILED TO FIND AN INTEGER FEASIBLE SOLUTION,0.359141,31.306521,12000,7,7,0,0.000000,0.000000,0.060000,0.060000,2
fhnw-binpack4-48,config21,4,FAILED TO FIND AN INTEGER FEASIBLE SOLUTION,0.351458,29.065872,12000,7,7,0,0.000000,0.000000,0.200000,0.200000,4
fhnw-binpack4-48,config21,5,FOUND INTEGER FEASIBLE,0.262580,17.486555,7066,7,7,0,0.000000,0.000000,0.000000,0.000000,0
fhnw-binpack4-48,config23,1,FAILED TO FIND AN INTEGER FEASIBLE SOLUTION,0.263034,29.835981,12000,7,7,0,0.000000,0.000000,0.300000,0.300000,4
fhnw-binpack4-48,config23,2,FOUND INTEGER FEASIBLE,0.261053,0.585779,262,7,1,0,0.000000,0.000000,0.000000,0.000000,0
fhnw-binpack4-48,config23,3,FOUND INTEGER FEASIBLE,0.350785,1.879563,867,7,7,0,0.000000,0.000000,0.000000,0.000000,0
fhnw-binpack4-48,config23,4,FAILED TO FIND AN INTEGER FEASIBLE SOLUTION,0.351776,32.088381,12000,7,7,0,0.000000,0.000000,0.200000,0.200000,2
fhnw-binpack4-48,config23,5,FOUND INTEGER FEASIBLE,0.355782,27.869796,10900,7,7,0,0.000000,0.000000,0.000000,0.000000,0
fiball,config16,1,FOUND INTEGER FEASIBLE,0.148417,1.052490,4,7,0,0,217.000000,217.000000,0.000000,0.000000,0
fiball,config16,2,FOUND INTEGER FEASIBLE,0.147115,1.019088,6,7,0,0,194.000000,194.000000,0.000000,0.000000,0
fiball,config16,3,FOUND INTEGER FEASIBLE,0.147313,1.024024,4,7,0,0,191.000000,191.000000,0.000000,0.000000,0
fiball,config16,4,FOUND INTEGER FEASIBLE,0.147083,0.918552,3,7,0,0,165.000000,165.000000,0.000000,0.000000,0
fiball,config16,5,FOUND INTEGER FEASIBLE,0.145978,0.914331,2,7,0,0,169.000000,169.000000,0.000000,0.000000,0
fiball,config17,1,FOUND INTEGER FEASIBLE,0.130667,0.935496,5,11,0,0,359.000000,359.000000,0.000000,0.000000,0
fiball,config17,2,FOUND INTEGER FEASIBLE,0.097340,0.761867,8,11,0,0,351.000000,351.000000,0.000000,0.000000,0
fiball,config17,3,FOUND INTEGER FEASIBLE,0.097077,0.838579,12,11,0,0,287.000000,287.000000,0.000000,0.000000,0
fiball,config17,4,FOUND INTEGER FEASIBLE,0.128950,0.935156,5,11,0,0,336.000000,336.000000,0.000000,0.000000,0
fiball,config17,5,FOUND INTEGER FEASIBLE,0.097197,0.652210,2,11,0,0,340.000000,340.000000,0.000000,0.000000,0
fiball,config21,1,FOUND INTEGER FEASIBLE,0.141078,1.349767,13,9,0,0,651.000000,651.000000,0.000000,0.000000,0
fiball,config21,2,FOUND INTEGER FEASIBLE,0.139427,1.100998,9,9,0,0,698.000000,698.000000,0.000000,0.000000,0
fiball,config21,3,FOUND INTEGER FEASIBLE,0.140798,1.157159,12,9,0,0,685.000000,685.000000,0.000000,0.000000,0
fiball,config21,4,FOUND INTEGER FEASIBLE,0.139701,1.199363,9,9,0,0,668.000000,668.000000,0.000000,0.000000,0
fiball,config21,5,FOUND INTEGER FEASIBLE,0.140287,0.925918,2,9,0,0,672.000000,672.000000,0.000000,0.000000,0
fiball,config23,1,FOUND INTEGER FEASIBLE,0.138984,0.939148,3,9,0,0,386.000000,386.000000,0.000000,0.000000,0
fiball,config23,2,FOUND INTEGER FEASIBLE,0.141476,1.095910,9,9,0,0,377.000000,377.000000,0.000000,0.000000,0
fiball,config23,3,FOUND INTEGER FEASIBLE,0.140236,1.246024,14,9,0,0,356.000000,356.000000,0.000000,0.000000,0
fiball,config23,4,FOUND INTEGER FEASIBLE,0.140637,1.393783,19,9,0,0,364.000000,364.000000,0.000000,0.000000,0
fiball,config23,5,FOUND INTEGER FEASIBLE,0.140129,0.925902,2,9,0,0,367.000000,367.000000,0.000000,0.000000,0
gen-ip002,config16,1,FOUND INTEGER FEASIBLE,0.000002,0.008663,1,0,0,0,-3995.658806,-3995.658806,0.000000,0.000000,0
gen-ip002,config16,2,FOUND INTEGER FEASIBLE,0.000002,0.010291,1,0,0,0,-4341.322309,-4341.322309,0.000000,0.000000,0
gen-ip002,config16,3,FOUND INTEGER FEASIBLE,0.000002,0.010637,1,0,0,0,-3972.843049,-3972.843049,0.000000,0.000000,0
gen-ip002,config16,4,FOUND INTEGER FEASIBLE,0.000001,0.008377,1,0,0,0,-4201.394182,-4201.394182,0.000000,0.000000,0
gen-ip002,config16,5,FOUND INTEGER FEASIBLE,0.000001,0.008280,1,0,0,0,-3995.658806,-3995.658806,0.000000,0.000000,0
gen-ip002,config17,1,FOUND INTEGER FEASIBLE,0.000001,0.006459,0,0,0,0,0.000000,0.000000,0.000000,0.000000,0
gen-ip002,config17,2,FOUND INTEGER FEASIBLE,0.000001,0.006037,0,0,0,0,0.000000,0.000000,0.000000,0.000000,0
gen-ip002,config17,3,FOUND INTEGER FEASIBLE,0.000001,0.006105,0,0,0,0,0.000000,0.000000,0.000000,0.000000,0
gen-ip002,config17,4,FOUND INTEGER FEASIBLE,0.000001,0.005960,0,0,0,0,0.000000,0.000000,0.000000,0.000000,0
gen-ip002,config17,5,FOUND INTEGER FEASIBLE,0.000001,0.006015,0,0,0,0,0.000000,0.000000,0.000000,0.000000,0
gen-ip002,config21,1,FOUND INTEGER FEASIBLE,0.000001,0.005016,0,0,0,0,0.000000,0.000000,0.000000,0.000000,0
gen-ip002,config21,2,FOUND INTEGER FEASIBLE,0.000001,0.008080,0,0,0,0,0.000000,0.000000,0.000000,0.000000,0
gen-ip002,config21,3,FOUND INTEGER FEASIBLE,0.000001,0.005983,0,0,0,0,0.000000,0.000000,0.000000,0.000000,0
gen-ip002,config21,4,FOUND INTEGER FEASIBLE,0.000002,0.008055,0,0,0,0,0.000000,0.000000,0.000000,0.000000,0
gen-ip002,config21,5,FOUND INTEGER FEASIBLE,0.000001,0.004990,0,0,0,0,0.000000,0.000000,0.000000,0.000000,0
gen-ip002,config23,1,FOUND INTEGER FEASIBLE,0.000001,0.006061,0,0,0,0,0.000000,0.000000,0.000000,0.000000,0
gen-ip002,config23,2,FOUND INTEGER FEASIBLE,0.000001,0.006303,0,0,0,0,0.000000,0.000000,0.000000,0.000000,0
gen-ip002,config23,3,FOUND INTEGER FEASIBLE,0.000001,0.007865,0,0,0,0,0.000000,0.000000,0.000000,0.000000,0
gen-ip002,config23,4,FOUND INTEGER FEASIBLE,0.000001,0.006113,0,0,0,0,0.000000,0.000000,0.000000,0.000000,0
gen-ip002,config23,5,FOUND INTEGER FEASIBLE,0.000001,0.005975,0,0,0,0,0.000000,0.000000,0.000000,0.000000,0
gen-ip054,config16,1,FOUND INTEGER FEASIBLE,0.000001,0.005431,1,0,0,0,8613.134267,8613.134267,0.000000,0.000000,0
gen-ip054,config16,2,FOUND INTEGER FEASIBLE,0.000001,0.006388,1,0,0,0,7628.234088,7628.234088,0.000000,0.000000,0
gen-ip054,config16,3,FOUND INTEGER FEASIBLE,0.000001,0.006191,1,0,0,0,8108.280499,8108.280499,0.000000,0.000000,0
gen-ip054,config16,4,FOUND INTEGER FEASIBLE,0.000001,0.006007,1,0,0,0,8618.720697,8618.720697,0.000000,0.000000,0
gen-ip054,config16,5,FOUND INTEGER FEASIBLE,0.000001,0.006242,1,0,0,0,8613.134267,8613.134267,0.000000,0.000000,0
gen-ip054,config17,1,FOUND INTEGER FEASIBLE,0.000001,0.004906,1,0,0,0,18201.944620,18201.944620,0.000000,0.000000,0
gen-ip054,config17,2,FOUND INTEGER FEASIBLE,0.000001,0.004885,1,0,0,0,18201.944620,18201.944620,0.000000,0.000000,0
gen-ip054,config17,3,FOUND INTEGER FEASIBLE,0.000001,0.004818,1,0,0,0,18201.944620,18201.944620,0.000000,0.000000,0
gen-ip054,config17,4,FOUND INTEGER FEASIBLE,0.000001,0.004882,1,0,0,0,18201.944620,18201.944620,0.000000,0.000000,0
gen-ip054,config17,5,FOUND INTEGER FEASIBLE,0.000001,0.004938,1,0,0,0,18201.944620,18201.944620,0.000000,0.000000,0
gen-ip054,config21,1,FOUND INTEGER FEASIBLE,0.000001,0.004755,1,0,0,0,18201.944620,18201.944620,0.000000,0.000000,0
gen-ip054,config21,2,FOUND INTEGER FEASIBLE,0.000001,0.004808,1,0,0,0,18201.944620,18201.944620,0.000000,0.000000,0
gen-ip054,config21,3,FOUND INTEGER FEASIBLE,0.000001,0.004908,1,0,0,0,18201.944620,18201.944620,0.000000,0.000000,0
gen-ip054,config21,4,FOUND INTEGER FEASIBLE,0.000001,0.004781,1,0,0,0,18201.944620,18201.944620,0.000000,0.000000,0
gen-ip054,config21,5,FOUND INTEGER FEASIBLE,0.000001,0.004784,1,0,0,0,18201.944620,18201.944620,0.000000,0.000000,0
gen-ip054,config23,1,FOUND INTEGER FEASIBLE,0.000001,0.004851,1,0,0,0,18201.944620,18201.944620,0.000000,0.000000,0
gen-ip054,config23,2,FOUND INTEGER FEASIBLE,0.000001,0.004886,1,0,0,0,18201.944620,18201.944620,0.000000,0.000000,0
gen-ip054,config23,3,FOUND INTEGER FEASIBLE,0.000001,0.004993,1,0,0,0,18201.944620,18201.944620,0.000000,0.000000,0
gen-ip054,config23,4,FOUND INTEGER FEASIBLE,0.000001,0.004810,1,0,0,0,18201.944620,18201.944620,0.000000,0.000000,0
gen-ip054,config23,5,FOUND INTEGER FEASIBLE,0.000001,0.004887,1,0,0,0,18201.944620,18201.944620,0.000000,0.000000,0
germanrr,config16,1,FOUND INTEGER FEASIBLE,2.090667,5.091990,178,12,2,1,52317434.808000,52317434.808000,0.000000,0.000000,0
germanrr,config16,2,FOUND INTEGER FEASIBLE,2.359123,4.914851,135,12,2,1,52318289.664600,52318289.664600,0.000000,0.000000,0
germanrr,config16,3,FOUND INTEGER FEASIBLE,2.331051,4.116137,152,12,2,1,52056474.375400,52056474.375400,0.000000,0.000000,0
germanrr,config16,4,FOUND INTEGER FEASIBLE,2.131658,4.016182,177,12,2,1,52358275.170000,52358275.170000,0.000000,0.000000,0
germanrr,config16,5,FOUND INTEGER FEASIBLE,2.340009,4.068083,129,12,2,1,52480442.201600,52480442.201600,0.000000,0.000000,0
germanrr,config17,1,FOUND INTEGER FEASIBLE,0.364626,3.556379,136,5,2,1,53181858.000600,53181858.000600,0.000000,0.000000,0
germanrr,config17,2,FOUND INTEGER FEASIBLE,0.364406,3.621850,121,5,2,1,53088683.258800,53088683.258800,0.000000,0.000000,0
germanrr,config17,3,FOUND INTEGER FEASIBLE,0.365463,3.241423,116,5,2,1,53352360.303800,53352360.303800,0.000000,0.000000,0
germanrr,config17,4,FOUND INTEGER FEASIBLE,0.363201,3.478749,125,5,2,1,53720569.388600,53720569.388600,0.000000,0.000000,0
germanrr,config17,5,FOUND INTEGER FEASIBLE,0.364345,3.124412,98,5,2,1,53519518.029000,53519518.029000,0.000000,0.000000,0
germanrr,config21,1,FOUND INTEGER FEASIBLE,0.946268,10.235563,184,11,2,0,55568568.122000,55568568.122000,0.000000,0.000000,0
germanrr,config21,2,FOUND INTEGER FEASIBLE,0.707896,18.794634,326,11,2,0,55019881.216000,55019881.216000,0.000000,0.000000,0
germanrr,config21,3,FOUND INTEGER FEASIBLE,0.945460,12.622340,252,11,2,0,55408968.065200,55408968.065200,0.000000,0.000000,0
germanrr,config21,4,FOUND INTEGER FEASIBLE,0.948664,12.846398,284,11,2,0,55147725.976400,55147725.976400,0.000000,0.000000,0
germanrr,config21,5,FOUND INTEGER FEASIBLE,0.484443,10.783344,279,11,2,0,55490040.167000,55490040.167000,0.000000,0.000000,0
germanrr,config23,1,FOUND INTEGER FEASIBLE,0.481583,14.230483,264,11,2,0,54339819.433800,54339819.433800,0.000000,0.000000,0
germanrr,config23,2,FOUND INTEGER FEASIBLE,0.950439,14.053962,297,11,2,0,54489047.297000,54489047.297000,0.000000,0.000000,0
germanrr,config23,3,FOUND INTEGER FEASIBLE,0.946574,13.488528,204,11,2,0,54231201.925600,54231201.925600,0.000000,0.000000,0
germanrr,config23,4,FOUND INTEGER FEASIBLE,0.957389,11.519846,225,11,2,0,54727526.477600,54727526.477600,0.000000,0.000000,0
germanrr,config23,5,FOUND INTEGER FEASIBLE,0.908124,15.359410,279,11,2,0,54132664.202000,54132664.202000,0.000000,0.000000,0
gfd-schedulen180f7d50m30k18,config16,1,FAILED TO FIND AN INTEGER FEASIBLE SOLUTION,22.508320,3600,71,10,10,9,0.000000,0.000000,587.052972,1694.076017,4933
gfd-schedulen180f7d50m30k18,config16,2,FAILED TO FIND AN INTEGER FEASIBLE SOLUTION,21.708877,3600,73,10,10,9,0.000000,0.000000,693.467967,1820.959797,4547
gfd-schedulen180f7d50m30k18,config16,3,FAILED TO FIND AN INTEGER FEASIBLE SOLUTION,22.716795,3600,79,10,10,9,0.000000,0.000000,598.971071,1309.422694,4746
gfd-schedulen180f7d50m30k18,config16,4,FAILED TO FIND AN INTEGER FEASIBLE SOLUTION,20.852998,3600,88,10,10,9,0.000000,0.000000,551.778622,1358.517842,3083
gfd-schedulen180f7d50m30k18,config16,5,FAILED TO FIND AN INTEGER FEASIBLE SOLUTION,24.301905,3600,88,10,10,9,0.000000,0.000000,380.008151,1438.190372,3621
gfd-schedulen180f7d50m30k18,config17,1,FAILED TO FIND AN INTEGER FEASIBLE SOLUTION,13.836791,3600,84,12,12,6,0.000000,0.000000,1632.080239,2603.626327,7965
gfd-schedulen180f7d50m30k18,config17,2,FAILED TO FIND AN INTEGER FEASIBLE SOLUTION,11.124764,3600,91,12,12,6,0.000000,0.000000,1241.881860,2494.860507,6459
gfd-schedulen180f7d50m30k18,config17,3,FAILED TO FIND AN INTEGER FEASIBLE SOLUTION,12.098088,3600,84,12,12,6,0.000000,0.000000,1120.324208,2109.024688,7297
gfd-schedulen180f7d50m30k18,config17,4,FAILED TO FIND AN INTEGER FEASIBLE SOLUTION,12.210678,3600,93,12,12,6,0.000000,0.000000,1157.866532,2312.322984,6980
gfd-schedulen180f7d50m30k18,config17,5,FAILED TO FIND AN INTEGER FEASIBLE SOLUTION,14.212149,3600,104,12,12,6,0.000000,0.000000,960.257184,1953.117556,5902
gfd-schedulen180f7d50m30k18,config21,1,FAILED TO FIND AN INTEGER FEASIBLE SOLUTION,79.555422,3600,50,12,12,11,0.000000,0.000000,1780.306430,3561.434879,7775
gfd-schedulen180f7d50m30k18,config21,2,FAILED TO FIND AN INTEGER FEASIBLE SOLUTION,79.513831,3600,53,12,12,11,0.000000,0.000000,1317.519423,7173.572371,9033
gfd-schedulen180f7d50m30k18,config21,3,FAILED TO FIND AN INTEGER FEASIBLE SOLUTION,80.302058,3600,48,12,12,11,0.000000,0.000000,1881.430381,6619.064904,9400
gfd-schedulen180f7d50m30k18,config21,4,FAILED TO FIND AN INTEGER FEASIBLE SOLUTION,76.013973,3600,49,12,12,11,0.000000,0.000000,1220.855860,6921.596281,7928
gfd-schedulen180f7d50m30k18,config21,5,FAILED TO FIND AN INTEGER FEASIBLE SOLUTION,80.774115,3600,49,12,12,11,0.000000,0.000000,1409.163092,8623.881266,8286
gfd-schedulen180f7d50m30k18,config23,1,FAILED TO FIND AN INTEGER FEASIBLE SOLUTION,80.609112,3600,65,12,12,11,0.000000,0.000000,312.757071,1244.857144,6408
gfd-schedulen180f7d50m30k18,config23,2,FAILED TO FIND AN INTEGER FEASIBLE SOLUTION,82.317915,3600,69,12,12,11,0.000000,0.000000,487.100531,914.710911,4366
gfd-schedulen180f7d50m30k18,config23,3,FAILED TO FIND AN INTEGER FEASIBLE SOLUTION,75.218139,3600,57,12,12,11,0.000000,0.000000,317.468782,845.767920,2895
gfd-schedulen180f7d50m30k18,config23,4,FAILED TO FIND AN INTEGER FEASIBLE SOLUTION,76.781469,3600,44,12,12,11,0.000000,0.000000,513.771388,1002.452493,3164
gfd-schedulen180f7d50m30k18,config23,5,FAILED TO FIND AN INTEGER FEASIBLE SOLUTION,82.693504,3600,64,12,12,11,0.000000,0.000000,228.670717,679.133379,2201
glass-sc,config16,1,FOUND INTEGER FEASIBLE,1.025052,1.295774,1,6,0,0,29.000000,29.000000,0.000000,0.000000,0
glass-sc,config16,2,FOUND INTEGER FEASIBLE,0.762103,0.971340,1,6,0,0,29.000000,29.000000,0.000000,0.000000,0
glass-sc,config16,3,FOUND INTEGER FEASIBLE,0.753989,0.948650,1,6,0,0,33.000000,33.000000,0.000000,0.000000,0
glass-sc,config16,4,FOUND INTEGER FEASIBLE,0.799239,1.020761,1,6,0,0,29.000000,29.000000,0.000000,0.000000,0
glass-sc,config16,5,FOUND INTEGER FEASIBLE,0.752148,0.955635,1,6,0,0,85.000000,85.000000,0.000000,0.000000,0
glass-sc,config17,1,FOUND INTEGER FEASIBLE,1.001012,1.248000,1,6,0,0,29.000000,29.000000,0.000000,0.000000,0
glass-sc,config17,2,FOUND INTEGER FEASIBLE,0.957523,1.160724,1,6,0,0,29.000000,29.000000,0.000000,0.000000,0
glass-sc,config17,3,FOUND INTEGER FEASIBLE,0.756817,0.967610,1,6,0,0,33.000000,33.000000,0.000000,0.000000,0
glass-sc,config17,4,FOUND INTEGER FEASIBLE,0.753835,0.941287,1,6,0,0,29.000000,29.000000,0.000000,0.000000,0
glass-sc,config17,5,FOUND INTEGER FEASIBLE,1.024211,1.282666,1,6,0,0,85.000000,85.000000,0.000000,0.000000,0
glass-sc,config21,1,FOUND INTEGER FEASIBLE,0.005263,0.124024,0,0,0,0,214.000000,214.000000,0.000000,0.000000,0
glass-sc,config21,2,FOUND INTEGER FEASIBLE,0.005395,0.130844,0,0,0,0,214.000000,214.000000,0.000000,0.000000,0
glass-sc,config21,3,FOUND INTEGER FEASIBLE,0.005273,0.122867,0,0,0,0,214.000000,214.000000,0.000000,0.000000,0
glass-sc,config21,4,FOUND INTEGER FEASIBLE,0.005461,0.122353,0,0,0,0,214.000000,214.000000,0.000000,0.000000,0
glass-sc,config21,5,FOUND INTEGER FEASIBLE,0.005193,0.123308,0,0,0,0,214.000000,214.000000,0.000000,0.000000,0
glass-sc,config23,1,FOUND INTEGER FEASIBLE,0.005247,0.432844,1,0,0,0,25.000000,25.000000,0.000000,0.000000,0
glass-sc,config23,2,FOUND INTEGER FEASIBLE,0.005301,0.436319,1,0,0,0,25.000000,25.000000,0.000000,0.000000,0
glass-sc,config23,3,FOUND INTEGER FEASIBLE,0.005235,0.387786,1,0,0,0,30.000000,30.000000,0.000000,0.000000,0
glass-sc,config23,4,FOUND INTEGER FEASIBLE,0.005016,0.419817,1,0,0,0,25.000000,25.000000,0.000000,0.000000,0
glass-sc,config23,5,FOUND INTEGER FEASIBLE,0.004821,0.334789,1,0,0,0,96.000000,96.000000,0.000000,0.000000,0
glass4,config16,1,FOUND INTEGER FEASIBLE,0.002062,0.022482,27,5,0,0,4100041400.000000,3900036600.000000,0.000000,0.000000,0
glass4,config16,2,FOUND INTEGER FEASIBLE,0.003039,0.041012,45,5,0,0,3950040700.000000,3750038500.000000,0.000000,0.000000,0
glass4,config16,3,FOUND INTEGER FEASIBLE,0.003828,0.052771,50,5,0,0,7636446372.727273,3900034400.000000,0.000000,0.000000,0
glass4,config16,4,FOUND INTEGER FEASIBLE,0.002685,0.055071,84,5,0,0,7636419681.818182,4900044050.000000,0.000000,0.000000,0
glass4,config16,5,FOUND INTEGER FEASIBLE,0.003096,0.053703,67,5,0,0,8336478318.181818,3600034666.666667,0.000000,0.000000,0
glass4,config17,1,FOUND INTEGER FEASIBLE,0.003408,0.053623,69,5,0,0,4100041400.000000,4100041400.000000,0.000000,0.000000,0
glass4,config17,2,FOUND INTEGER FEASIBLE,0.002787,0.054171,85,5,0,0,7636406119.930070,3183363283.333333,0.000000,0.000000,0
glass4,config17,3,FOUND INTEGER FEASIBLE,0.002885,0.022843,14,5,0,0,4100039400.000000,3971467542.857143,0.000000,0.000000,0
glass4,config17,4,FOUND INTEGER FEASIBLE,0.002783,0.026149,23,5,0,0,3900038400.000000,3900037100.000000,0.000000,0.000000,0
glass4,config17,5,FOUND INTEGER FEASIBLE,0.002869,0.047623,67,5,0,0,7636436300.000000,4900045500.000002,0.000000,0.000000,0
glass4,config21,1,FOUND INTEGER FEASIBLE,0.003954,0.052707,54,9,0,0,4000039900.000000,3333365733.333333,0.000000,0.000000,0
glass4,config21,2,FOUND INTEGER FEASIBLE,0.002850,0.073757,118,9,1,0,4650041999.999992,4600038800.000000,0.000000,0.000000,0
glass4,config21,3,FOUND INTEGER FEASIBLE,0.002816,0.045123,71,9,0,0,13150129722.727272,6433401933.333334,0.000000,0.000000,0
glass4,config21,4,FOUND INTEGER FEASIBLE,0.002911,0.031989,32,9,0,0,5800067900.000000,5800067600.000000,0.000000,0.000000,0
glass4,config21,5,FOUND INTEGER FEASIBLE,0.003919,0.056544,71,9,0,0,6400055000.000000,4047954681.250001,0.000000,0.000000,0
glass4,config23,1,FOUND INTEGER FEASIBLE,0.003746,0.033893,31,9,0,0,12000108438.461538,5600048900.000000,0.000000,0.000000,0
glass4,config23,2,FOUND INTEGER FEASIBLE,0.003762,0.038043,32,9,0,0,3700026200.000000,3200025366.666667,0.000000,0.000000,0
glass4,config23,3,FOUND INTEGER FEASIBLE,0.003741,0.024506,10,9,0,0,8761595284.615385,3700030366.666668,0.000000,0.000000,0
glass4,config23,4,FOUND INTEGER FEASIBLE,0.003870,0.035294,32,9,0,0,4150037496.533042,4150037296.533047,0.000000,0.000000,0
glass4,config23,5,FOUND INTEGER FEASIBLE,0.004567,0.045999,49,9,0,0,9561620784.615385,7800069400.000000,0.000000,0.000000,0
gmu-35-40,config16,1,FOUND INTEGER FEASIBLE,0.014203,0.056943,39,4,1,1,-2307474.448100,-2307474.448100,0.000000,0.000000,0
gmu-35-40,config16,2,FOUND INTEGER FEASIBLE,0.011705,0.056797,69,4,1,1,-2330219.728200,-2330219.728200,0.000000,0.000000,0
gmu-35-40,config16,3,FOUND INTEGER FEASIBLE,0.011804,0.043875,20,4,1,1,-2360249.578800,-2360249.578800,0.000000,0.000000,0
gmu-35-40,config16,4,FOUND INTEGER FEASIBLE,0.011790,0.043219,12,4,1,1,-2360512.989700,-2360512.989700,0.000000,0.000000,0
gmu-35-40,config16,5,FOUND INTEGER FEASIBLE,0.014452,0.053002,17,4,1,1,-2303930.410800,-2303930.410800,0.000000,0.000000,0
gmu-35-40,config17,1,FOUND INTEGER FEASIBLE,0.009918,0.212316,130,2,2,2,-2303586.797200,-2303586.797200,0.000000,0.000000,0
gmu-35-40,config17,2,FOUND INTEGER FEASIBLE,0.008800,0.088658,34,2,2,2,-2368331.964700,-2368331.964700,0.000000,0.000000,0
gmu-35-40,config17,3,FOUND INTEGER FEASIBLE,0.010546,0.064795,9,2,2,2,-2284628.113600,-2284628.113600,0.000000,0.000000,0
gmu-35-40,config17,4,FOUND INTEGER FEASIBLE,0.008750,0.060514,11,2,2,2,-2319218.171500,-2319218.171500,0.000000,0.000000,0
gmu-35-40,config17,5,FOUND INTEGER FEASIBLE,0.008791,0.166024,110,2,2,2,-2263265.911500,-2263265.911500,0.000000,0.000000,0
gmu-35-40,config21,1,FOUND INTEGER FEASIBLE,0.023368,0.210354,186,4,1,0,-2330506.901400,-2330506.901400,0.000000,0.000000,0
gmu-35-40,config21,2,FOUND INTEGER FEASIBLE,0.014704,0.129299,193,4,1,0,-2330328.414900,-2330328.414900,0.000000,0.000000,0
gmu-35-40,config21,3,FOUND INTEGER FEASIBLE,0.014618,0.110561,151,4,1,0,-2339051.885600,-2339051.885600,0.000000,0.000000,0
gmu-35-40,config21,4,FOUND INTEGER FEASIBLE,0.023255,0.159956,152,4,1,0,-2354980.941400,-2354980.941400,0.000000,0.000000,0
gmu-35-40,config21,5,FOUND INTEGER FEASIBLE,0.014660,0.110801,137,4,1,0,-2297839.659200,-2297839.659200,0.000000,0.000000,0
gmu-35-40,config23,1,FOUND INTEGER FEASIBLE,0.019834,0.167845,154,4,1,0,-2305496.314900,-2305496.314900,0.000000,0.000000,0
gmu-35-40,config23,2,FOUND INTEGER FEASIBLE,0.014586,0.123869,175,4,1,0,-2291156.148500,-2291156.148500,0.000000,0.000000,0
gmu-35-40,config23,3,FOUND INTEGER FEASIBLE,0.014722,0.123117,166,4,1,0,-2304088.044000,-2304088.044000,0.000000,0.000000,0
gmu-35-40,config23,4,FOUND INTEGER FEASIBLE,0.014685,0.140056,217,4,1,0,-2319121.904800,-2319121.904800,0.000000,0.000000,0
gmu-35-40,config23,5,FOUND INTEGER FEASIBLE,0.014595,0.102279,148,4,1,0,-2307036.641400,-2307036.641400,0.000000,0.000000,0
gmu-35-50,config16,1,FOUND INTEGER FEASIBLE,0.018310,0.066252,12,4,1,1,-2482134.507000,-2482134.507000,0.000000,0.000000,0
gmu-35-50,config16,2,FOUND INTEGER FEASIBLE,0.012381,0.052124,94,4,1,1,-2482502.860300,-2482502.860300,0.000000,0.000000,0
gmu-35-50,config16,3,FOUND INTEGER FEASIBLE,0.017142,0.070858,49,4,1,1,-2481831.486700,-2481831.486700,0.000000,0.000000,0
gmu-35-50,config16,4,FOUND INTEGER FEASIBLE,0.012447,0.055394,110,4,1,1,-2473935.866900,-2473935.866900,0.000000,0.000000,0
gmu-35-50,config16,5,FOUND INTEGER FEASIBLE,0.012460,0.041642,9,4,1,1,-2481137.926100,-2481137.926100,0.000000,0.000000,0
gmu-35-50,config17,1,FOUND INTEGER FEASIBLE,0.012517,0.161478,43,2,2,2,-2457979.905100,-2457979.905100,0.000000,0.000000,0
gmu-35-50,config17,2,FOUND INTEGER FEASIBLE,0.008580,0.099006,39,2,2,2,-2443854.313900,-2443854.313900,0.000000,0.000000,0
gmu-35-50,config17,3,FOUND INTEGER FEASIBLE,0.008737,0.058650,6,2,2,2,-2446596.354700,-2446596.354700,0.000000,0.000000,0
gmu-35-50,config17,4,FOUND INTEGER FEASIBLE,0.008557,0.081108,23,2,2,2,-2495590.477100,-2495590.477100,0.000000,0.000000,0
gmu-35-50,config17,5,FOUND INTEGER FEASIBLE,0.009013,0.137344,46,2,2,2,-2501202.452800,-2501202.452800,0.000000,0.000000,0
gmu-35-50,config21,1,FOUND INTEGER FEASIBLE,0.044031,0.289896,166,5,1,0,-2399785.618000,-2399785.618000,0.000000,0.000000,0
gmu-35-50,config21,2,FOUND INTEGER FEASIBLE,0.059528,0.301863,120,5,1,0,-2393670.157900,-2393670.157900,0.000000,0.000000,0
gmu-35-50,config21,3,FOUND INTEGER FEASIBLE,0.058178,0.456402,218,5,1,0,-2375871.578500,-2375871.578500,0.000000,0.000000,0
gmu-35-50,config21,4,FOUND INTEGER FEASIBLE,0.059843,0.558547,258,5,1,0,-2369677.350000,-2369677.350000,0.000000,0.000000,0
gmu-35-50,config21,5,FOUND INTEGER FEASIBLE,0.059754,0.600512,292,5,2,0,-2536056.765900,-2536056.765900,0.000000,0.000000,0
gmu-35-50,config23,1,FOUND INTEGER FEASIBLE,0.058747,0.323304,130,5,1,0,-2444720.736200,-2444720.736200,0.000000,0.000000,0
gmu-35-50,config23,2,FOUND INTEGER FEASIBLE,0.058127,0.553015,256,5,2,0,-2437402.612500,-2437402.612500,0.000000,0.000000,0
gmu-35-50,config23,3,FOUND INTEGER FEASIBLE,0.060974,0.425436,183,5,1,0,-2545967.670454,-2545967.670454,0.000000,0.000000,0
gmu-35-50,config23,4,FOUND INTEGER FEASIBLE,0.059868,0.427110,172,5,1,0,-2330573.688400,-2330573.688400,0.000000,0.000000,0
gmu-35-50,config23,5,FOUND INTEGER FEASIBLE,0.058806,0.314057,135,5,1,0,-2372953.679900,-2372953.679900,0.000000,0.000000,0
graph20-20-1rand,config16,1,FOUND INTEGER FEASIBLE,0.659785,1.435188,3,5,1,1,-8.000000,-8.000000,0.000000,0.000000,0
graph20-20-1rand,config16,2,FOUND INTEGER FEASIBLE,0.674735,1.473944,3,5,1,1,-8.000000,-8.000000,0.000000,0.000000,0
graph20-20-1rand,config16,3,FOUND INTEGER FEASIBLE,0.665953,1.452345,5,5,1,1,-8.000000,-8.000000,0.000000,0.000000,0
graph20-20-1rand,config16,4,FOUND INTEGER FEASIBLE,0.555486,1.052696,13,5,1,1,-6.000000,-6.000000,0.000000,0.000000,0
graph20-20-1rand,config16,5,FOUND INTEGER FEASIBLE,0.337030,0.638027,5,5,1,1,-7.000000,-7.000000,0.000000,0.000000,0
graph20-20-1rand,config17,1,FOUND INTEGER FEASIBLE,0.007227,0.042055,0,1,0,0,0.000000,0.000000,0.000000,0.000000,0
graph20-20-1rand,config17,2,FOUND INTEGER FEASIBLE,0.007230,0.041689,0,1,0,0,0.000000,0.000000,0.000000,0.000000,0
graph20-20-1rand,config17,3,FOUND INTEGER FEASIBLE,0.007253,0.041827,0,1,0,0,0.000000,0.000000,0.000000,0.000000,0
graph20-20-1rand,config17,4,FOUND INTEGER FEASIBLE,0.007183,0.041335,0,1,0,0,0.000000,0.000000,0.000000,0.000000,0
graph20-20-1rand,config17,5,FOUND INTEGER FEASIBLE,0.007141,0.041282,0,1,0,0,0.000000,0.000000,0.000000,0.000000,0
graph20-20-1rand,config21,1,FOUND INTEGER FEASIBLE,0.410722,0.488327,15,12,1,1,0.000000,0.000000,0.000000,0.000000,0
graph20-20-1rand,config21,2,FOUND INTEGER FEASIBLE,0.410591,0.477230,13,12,1,1,0.000000,0.000000,0.000000,0.000000,0
graph20-20-1rand,config21,3,FOUND INTEGER FEASIBLE,0.811355,0.962429,6,12,1,1,0.000000,0.000000,0.000000,0.000000,0
graph20-20-1rand,config21,4,FOUND INTEGER FEASIBLE,0.811221,0.984523,14,12,1,1,0.000000,0.000000,0.000000,0.000000,0
graph20-20-1rand,config21,5,FOUND INTEGER FEASIBLE,0.792966,0.931796,13,12,1,1,0.000000,0.000000,0.000000,0.000000,0
graph20-20-1rand,config23,1,FOUND INTEGER FEASIBLE,0.617587,0.691088,3,12,1,1,0.000000,0.000000,0.000000,0.000000,0
graph20-20-1rand,config23,2,FOUND INTEGER FEASIBLE,0.805546,0.903782,3,12,1,1,0.000000,0.000000,0.000000,0.000000,0
graph20-20-1rand,config23,3,FOUND INTEGER FEASIBLE,0.791815,0.879141,3,12,1,1,0.000000,0.000000,0.000000,0.000000,0
graph20-20-1rand,config23,4,FOUND INTEGER FEASIBLE,0.839296,0.938560,2,12,1,1,0.000000,0.000000,0.000000,0.000000,0
graph20-20-1rand,config23,5,FOUND INTEGER FEASIBLE,0.607439,0.693784,2,12,1,1,0.000000,0.000000,0.000000,0.000000,0
graphdraw-domain,config16,1,FOUND INTEGER FEASIBLE,0.008301,0.232071,317,9,3,0,99875.000000,44332.000000,0.000000,0.000000,0
graphdraw-domain,config16,2,FOUND INTEGER FEASIBLE,0.006686,0.225317,320,9,3,0,99875.000000,35178.000000,0.000000,0.000000,0
graphdraw-domain,config16,3,FOUND INTEGER FEASIBLE,0.009659,0.210712,262,9,3,0,99875.000000,38721.000000,0.000000,0.000000,0
graphdraw-domain,config16,4,FOUND INTEGER FEASIBLE,0.008043,0.260269,350,9,4,0,99875.000000,41997.000000,0.000000,0.000000,0
graphdraw-domain,config16,5,FOUND INTEGER FEASIBLE,0.008024,0.206303,277,9,3,0,99875.000000,34418.000000,0.000000,0.000000,0
graphdraw-domain,config17,1,FOUND INTEGER FEASIBLE,0.006465,0.022513,1,5,0,0,99875.000000,37008.000000,0.000000,0.000000,0
graphdraw-domain,config17,2,FOUND INTEGER FEASIBLE,0.006499,0.022064,1,5,0,0,99875.000000,37008.000000,0.000000,0.000000,0
graphdraw-domain,config17,3,FOUND INTEGER FEASIBLE,0.005914,0.021572,1,5,0,0,99875.000000,37008.000000,0.000000,0.000000,0
graphdraw-domain,config17,4,FOUND INTEGER FEASIBLE,0.007632,0.026362,1,5,0,0,99875.000000,37008.000000,0.000000,0.000000,0
graphdraw-domain,config17,5,FOUND INTEGER FEASIBLE,0.006440,0.022233,1,5,0,0,99875.000000,38114.000000,0.000000,0.000000,0
graphdraw-domain,config21,1,FOUND INTEGER FEASIBLE,0.006211,0.022034,1,3,0,0,99875.000000,33297.000000,0.000000,0.000000,0
graphdraw-domain,config21,2,FOUND INTEGER FEASIBLE,0.006345,0.022164,1,3,0,0,99875.000000,33297.000000,0.000000,0.000000,0
graphdraw-domain,config21,3,FOUND INTEGER FEASIBLE,0.005821,0.019821,1,3,0,0,99875.000000,33297.000000,0.000000,0.000000,0
graphdraw-domain,config21,4,FOUND INTEGER FEASIBLE,0.006085,0.021822,1,3,0,0,99875.000000,33297.000000,0.000000,0.000000,0
graphdraw-domain,config21,5,FOUND INTEGER FEASIBLE,0.006137,0.021772,1,3,0,0,99875.000000,33297.000000,0.000000,0.000000,0
graphdraw-domain,config23,1,FOUND INTEGER FEASIBLE,0.006152,0.032404,34,3,0,0,99875.000000,43698.000000,0.000000,0.000000,0
graphdraw-domain,config23,2,FOUND INTEGER FEASIBLE,0.005001,0.050486,77,3,0,0,99875.000000,38609.000000,0.000000,0.000000,0
graphdraw-domain,config23,3,FOUND INTEGER FEASIBLE,0.005065,0.019691,8,3,0,0,99875.000000,45864.000000,0.000000,0.000000,0
graphdraw-domain,config23,4,FOUND INTEGER FEASIBLE,0.006148,0.060177,91,3,0,0,99445.000000,44214.000000,0.000000,0.000000,0
graphdraw-domain,config23,5,FOUND INTEGER FEASIBLE,0.005149,0.022031,17,3,0,0,99875.000000,45088.000000,0.000000,0.000000,0
h80x6320d,config16,1,FOUND INTEGER FEASIBLE,0.072121,0.194652,0,7,0,0,8236.323849,8236.323849,0.000000,0.000000,0
h80x6320d,config16,2,FOUND INTEGER FEASIBLE,0.074580,0.189233,0,7,0,0,8236.323849,8236.323849,0.000000,0.000000,0
h80x6320d,config16,3,FOUND INTEGER FEASIBLE,0.065458,0.170608,0,7,0,0,8236.323849,8236.323849,0.000000,0.000000,0
h80x6320d,config16,4,FOUND INTEGER FEASIBLE,0.065296,0.170349,0,7,0,0,8236.323849,8236.323849,0.000000,0.000000,0
h80x6320d,config16,5,FOUND INTEGER FEASIBLE,0.065204,0.170528,0,7,0,0,8236.323849,8236.323849,0.000000,0.000000,0
h80x6320d,config17,1,FOUND INTEGER FEASIBLE,0.065071,0.324281,3,6,0,0,18772.184776,18772.184776,0.000000,0.000000,0
h80x6320d,config17,2,FOUND INTEGER FEASIBLE,0.067089,0.327401,3,6,0,0,19515.583191,19515.583191,0.000000,0.000000,0
h80x6320d,config17,3,FOUND INTEGER FEASIBLE,0.061214,0.297647,3,6,0,0,20938.446741,20938.446741,0.000000,0.000000,0
h80x6320d,config17,4,FOUND INTEGER FEASIBLE,0.062206,0.306715,2,6,0,0,18206.796897,18206.796897,0.000000,0.000000,0
h80x6320d,config17,5,FOUND INTEGER FEASIBLE,0.061494,0.272643,1,6,0,0,22607.792337,22607.792337,0.000000,0.000000,0
h80x6320d,config21,1,FOUND INTEGER FEASIBLE,0.057623,0.374767,11,5,0,0,25099.102790,25099.102790,0.000000,0.000000,0
h80x6320d,config21,2,FOUND INTEGER FEASIBLE,0.058849,0.288137,3,5,0,0,25722.324643,25722.324643,0.000000,0.000000,0
h80x6320d,config21,3,FOUND INTEGER FEASIBLE,0.058912,0.392706,12,5,0,0,26567.072754,26567.072754,0.000000,0.000000,0
h80x6320d,config21,4,FOUND INTEGER FEASIBLE,0.059386,0.276697,2,5,0,0,21253.164862,21253.164862,0.000000,0.000000,0
h80x6320d,config21,5,FOUND INTEGER FEASIBLE,0.058711,0.346215,7,5,0,0,27429.203805,27429.203805,0.000000,0.000000,0
h80x6320d,config23,1,FOUND INTEGER FEASIBLE,0.043636,0.240346,3,5,0,0,24034.608163,24034.608163,0.000000,0.000000,0
h80x6320d,config23,2,FOUND INTEGER FEASIBLE,0.059101,0.311687,3,5,0,0,24269.888278,24269.888278,0.000000,0.000000,0
h80x6320d,config23,3,FOUND INTEGER FEASIBLE,0.059180,0.309824,3,5,0,0,21387.048629,21387.048629,0.000000,0.000000,0
h80x6320d,config23,4,FOUND INTEGER FEASIBLE,0.058977,0.293091,2,5,0,0,18668.918449,18668.918449,0.000000,0.000000,0
h80x6320d,config23,5,FOUND INTEGER FEASIBLE,0.057599,0.248889,1,5,0,0,21669.585223,21669.585223,0.000000,0.000000,0
highschool1-aigio,config16,1,FOUND INTEGER FEASIBLE,581.907413,1091.892936,28,11,2,0,3222.000000,3222.000000,0.000000,0.000000,0
highschool1-aigio,config16,2,FOUND INTEGER FEASIBLE,592.349331,1598.874458,32,11,3,0,4754.000000,4754.000000,0.000000,0.000000,0
highschool1-aigio,config16,3,FOUND INTEGER FEASIBLE,577.862010,913.165521,22,11,1,0,3472.000000,3472.000000,0.000000,0.000000,0
highschool1-aigio,config16,4,FOUND INTEGER FEASIBLE,586.530050,1596.256937,41,11,4,0,4178.000000,4178.000000,0.000000,0.000000,0
highschool1-aigio,config16,5,FOUND INTEGER FEASIBLE,569.725412,1836.876740,61,11,5,0,2939.000000,2939.000000,0.000000,0.000000,0
highschool1-aigio,config17,1,FAILED TO FIND AN INTEGER FEASIBLE SOLUTION,107.116710,3600,84,11,11,1,0.000000,0.000000,1021.200000,301.200000,2370
highschool1-aigio,config17,2,FAILED TO FIND AN INTEGER FEASIBLE SOLUTION,100.588538,3600,63,11,11,1,0.000000,0.000000,511.291667,173.291667,1039
highschool1-aigio,config17,3,FAILED TO FIND AN INTEGER FEASIBLE SOLUTION,103.698701,3600,44,11,11,1,0.000000,0.000000,685.125000,185.125000,1386
highschool1-aigio,config17,4,FAILED TO FIND AN INTEGER FEASIBLE SOLUTION,101.845851,3600,62,11,11,1,0.000000,0.000000,305.750000,80.750000,613
highschool1-aigio,config17,5,FAILED TO FIND AN INTEGER FEASIBLE SOLUTION,103.484703,3600,51,11,11,1,0.000000,0.000000,609.000000,164.500000,1221
highschool1-aigio,config21,1,FAILED TO FIND AN INTEGER FEASIBLE SOLUTION,117.227984,3600,60,12,12,1,0.000000,0.000000,427.135417,160.302083,866
highschool1-aigio,config21,2,FAILED TO FIND AN INTEGER FEASIBLE SOLUTION,119.686439,3600,63,12,12,1,0.000000,0.000000,767.058036,200.129464,1565
highschool1-aigio,config21,3,FAILED TO FIND AN INTEGER FEASIBLE SOLUTION,121.540005,3600,72,12,12,1,0.000000,0.000000,583.734375,174.109375,1487
highschool1-aigio,config21,4,FAILED TO FIND AN INTEGER FEASIBLE SOLUTION,118.480937,3600,51,12,12,1,0.000000,0.000000,546.562500,159.437500,1319
highschool1-aigio,config21,5,FOUND INTEGER FEASIBLE,119.932234,2804.766015,110,12,11,1,14235.000000,14235.000000,0.000000,0.000000,0
highschool1-aigio,config23,1,FAILED TO FIND AN INTEGER FEASIBLE SOLUTION,120.489199,3600,65,12,12,1,0.000000,0.000000,516.250000,138.250000,1036
highschool1-aigio,config23,2,FAILED TO FIND AN INTEGER FEASIBLE SOLUTION,122.297611,3600,73,12,12,1,0.000000,0.000000,111.250000,29.750000,229
highschool1-aigio,config23,3,FAILED TO FIND AN INTEGER FEASIBLE SOLUTION,118.757352,3600,65,12,12,1,0.000000,0.000000,390.833333,123.020833,1039
highschool1-aigio,config23,4,FAILED TO FIND AN INTEGER FEASIBLE SOLUTION,114.186839,3600,53,12,12,1,0.000000,0.000000,777.750000,208.250000,1572
highschool1-aigio,config23,5,FAILED TO FIND AN INTEGER FEASIBLE SOLUTION,117.346578,3600,69,12,12,1,0.000000,0.000000,863.376908,256.370884,3214
hypothyroid-k1,config16,1,FOUND INTEGER FEASIBLE,4.077175,8.108313,40,4,0,0,-63.000000,-63.000000,0.000000,0.000000,0
hypothyroid-k1,config16,2,FOUND INTEGER FEASIBLE,4.059314,10.072692,89,4,0,0,-92.000000,-92.000000,0.000000,0.000000,0
hypothyroid-k1,config16,3,FOUND INTEGER FEASIBLE,5.391962,9.762616,25,4,0,0,-340.000000,-340.000000,0.000000,0.000000,0
hypothyroid-k1,config16,4,FOUND INTEGER FEASIBLE,3.472484,6.627024,18,4,0,0,-222.000000,-222.000000,0.000000,0.000000,0
hypothyroid-k1,config16,5,FOUND INTEGER FEASIBLE,4.211175,10.822526,67,4,0,0,-371.000000,-371.000000,0.000000,0.000000,0
hypothyroid-k1,config17,1,FOUND INTEGER FEASIBLE,0.207982,2.229342,16,3,1,1,-557.000000,-557.000000,0.000000,0.000000,0
hypothyroid-k1,config17,2,FOUND INTEGER FEASIBLE,0.270101,2.816850,24,3,1,1,-213.000000,-213.000000,0.000000,0.000000,0
hypothyroid-k1,config17,3,FOUND INTEGER FEASIBLE,0.274813,2.661863,17,3,1,1,-124.000000,-124.000000,0.000000,0.000000,0
hypothyroid-k1,config17,4,FOUND INTEGER FEASIBLE,0.143476,1.716834,22,3,1,1,-25.000000,-25.000000,0.000000,0.000000,0
hypothyroid-k1,config17,5,FOUND INTEGER FEASIBLE,0.143367,1.715523,15,3,1,1,-850.000000,-850.000000,0.000000,0.000000,0
hypothyroid-k1,config21,1,FOUND INTEGER FEASIBLE,0.147848,1.291992,27,2,1,1,-2.000000,-2.000000,0.000000,0.000000,0
hypothyroid-k1,config21,2,FOUND INTEGER FEASIBLE,0.148527,1.744433,57,2,1,1,-2.000000,-2.000000,0.000000,0.000000,0
hypothyroid-k1,config21,3,FOUND INTEGER FEASIBLE,0.145679,1.172382,17,2,1,1,-2.000000,-2.000000,0.000000,0.000000,0
hypothyroid-k1,config21,4,FOUND INTEGER FEASIBLE,0.147838,1.202966,16,2,1,1,-1.000000,-1.000000,0.000000,0.000000,0
hypothyroid-k1,config21,5,FOUND INTEGER FEASIBLE,0.147894,1.542313,41,2,1,1,-1.000000,-1.000000,0.000000,0.000000,0
hypothyroid-k1,config23,1,FOUND INTEGER FEASIBLE,0.148194,1.325629,26,2,1,1,-2.000000,-2.000000,0.000000,0.000000,0
hypothyroid-k1,config23,2,FOUND INTEGER FEASIBLE,0.147904,1.356528,29,2,1,1,-1.000000,-1.000000,0.000000,0.000000,0
hypothyroid-k1,config23,3,FOUND INTEGER FEASIBLE,0.112797,1.485578,63,2,1,1,-2.000000,-2.000000,0.000000,0.000000,0
hypothyroid-k1,config23,4,FOUND INTEGER FEASIBLE,0.146696,1.180314,16,2,1,1,-2.000000,-2.000000,0.000000,0.000000,0
hypothyroid-k1,config23,5,FOUND INTEGER FEASIBLE,0.161010,1.350037,23,2,1,1,-1.000000,-1.000000,0.000000,0.000000,0
ic97_potential,config16,1,FAILED TO FIND AN INTEGER FEASIBLE SOLUTION,0.020814,12.625540,12000,10,10,9,0.000000,0.000000,0.350000,0.350000,3
ic97_potential,config16,2,FAILED TO FIND AN INTEGER FEASIBLE SOLUTION,0.021165,12.586275,12000,10,10,9,0.000000,0.000000,0.216667,0.216667,7
ic97_potential,config16,3,FAILED TO FIND AN INTEGER FEASIBLE SOLUTION,0.025859,14.975311,12000,10,10,9,0.000000,0.000000,0.233333,0.233333,5
ic97_potential,config16,4,FAILED TO FIND AN INTEGER FEASIBLE SOLUTION,0.010559,14.586648,12000,10,10,9,0.000000,0.000000,0.200000,0.200000,4
ic97_potential,config16,5,FAILED TO FIND AN INTEGER FEASIBLE SOLUTION,0.025977,12.994106,12000,10,10,9,0.000000,0.000000,0.166667,0.166667,3
ic97_potential,config17,1,FAILED TO FIND AN INTEGER FEASIBLE SOLUTION,0.008327,10.689170,12000,11,11,8,0.000000,0.000000,0.016667,0.016667,1
ic97_potential,config17,2,FAILED TO FIND AN INTEGER FEASIBLE SOLUTION,0.008377,3.410193,2160,11,11,8,0.000000,0.000000,0.183333,0.183333,3
ic97_potential,config17,3,FAILED TO FIND AN INTEGER FEASIBLE SOLUTION,0.021102,12.941836,12000,11,11,8,0.000000,0.000000,0.100000,0.100000,3
ic97_potential,config17,4,FAILED TO FIND AN INTEGER FEASIBLE SOLUTION,0.020612,5.125882,2165,11,11,8,0.000000,0.000000,0.150000,0.150000,4
ic97_potential,config17,5,FAILED TO FIND AN INTEGER FEASIBLE SOLUTION,0.022637,11.895242,12000,11,11,8,0.000000,0.000000,0.083333,0.083333,3
ic97_potential,config21,1,FOUND INTEGER FEASIBLE,0.039806,0.299465,97,11,10,9,4611.000000,4374.000000,0.000000,0.000000,0
ic97_potential,config21,2,FOUND INTEGER FEASIBLE,0.040197,0.433205,142,11,10,9,4553.000000,4377.000000,0.000000,0.000000,0
ic97_potential,config21,3,FOUND INTEGER FEASIBLE,0.039145,0.855113,310,11,11,9,4554.000000,4317.000000,0.000000,0.000000,0
ic97_potential,config21,4,FOUND INTEGER FEASIBLE,0.039213,0.453720,164,11,10,9,4554.000000,4366.000000,0.000000,0.000000,0
ic97_potential,config21,5,FOUND INTEGER FEASIBLE,0.039051,0.289337,100,11,10,9,4617.000000,4382.000000,0.000000,0.000000,0
ic97_potential,config23,1,FAILED TO FIND AN INTEGER FEASIBLE SOLUTION,0.038810,5.152801,2045,11,11,9,0.000000,0.000000,0.033333,0.033333,1
ic97_potential,config23,2,FAILED TO FIND AN INTEGER FEASIBLE SOLUTION,0.016790,3.037347,2086,11,11,9,0.000000,0.000000,0.116667,0.116667,4
ic97_potential,config23,3,FAILED TO FIND AN INTEGER FEASIBLE SOLUTION,0.039430,12.933216,12000,11,11,9,0.000000,0.000000,0.233333,0.233333,5
ic97_potential,config23,4,FOUND INTEGER FEASIBLE,0.039278,0.470000,149,11,10,9,4417.000000,4224.000000,0.000000,0.000000,0
ic97_potential,config23,5,FAILED TO FIND AN INTEGER FEASIBLE SOLUTION,0.039248,4.280858,2086,11,11,9,0.000000,0.000000,0.166667,0.166667,6
icir97_tension,config16,1,FOUND INTEGER FEASIBLE,0.018036,0.778337,86,10,1,1,7413.000000,7136.000000,0.000000,0.000000,0
icir97_tension,config16,2,FOUND INTEGER FEASIBLE,0.016581,0.531200,57,10,1,1,7420.000000,7153.000000,0.000000,0.000000,0
icir97_tension,config16,3,FOUND INTEGER FEASIBLE,0.018236,2.012030,168,10,2,1,7328.000000,7051.000000,0.000000,0.000000,0
icir97_tension,config16,4,FOUND INTEGER FEASIBLE,0.018275,1.334040,116,10,2,1,7288.000000,7035.000000,0.000000,0.000000,0
icir97_tension,config16,5,FOUND INTEGER FEASIBLE,0.016865,0.743846,64,10,1,1,7302.000000,7028.000000,0.000000,0.000000,0
icir97_tension,config17,1,FOUND INTEGER FEASIBLE,0.020901,1.752160,146,4,1,1,7422.000000,7059.000000,0.000000,0.000000,0
icir97_tension,config17,2,FOUND INTEGER FEASIBLE,0.016334,1.183320,155,4,2,1,7355.000000,7009.000000,0.000000,0.000000,0
icir97_tension,config17,3,FOUND INTEGER FEASIBLE,0.020499,1.159468,83,4,1,1,7404.000000,7077.000000,0.000000,0.000000,0
icir97_tension,config17,4,FOUND INTEGER FEASIBLE,0.019393,1.644872,150,4,2,1,7344.000000,7095.000000,0.000000,0.000000,0
icir97_tension,config17,5,FOUND INTEGER FEASIBLE,0.010237,1.263092,160,4,2,1,7277.000000,6989.000000,0.000000,0.000000,0
icir97_tension,config21,1,FOUND INTEGER FEASIBLE,0.026484,4.615342,380,10,5,1,7348.000000,7136.000000,0.000000,0.000000,0
icir97_tension,config21,2,FOUND INTEGER FEASIBLE,0.026608,2.749561,215,10,3,1,7483.000000,7189.000000,0.000000,0.000000,0
icir97_tension,config21,3,FOUND INTEGER FEASIBLE,0.029663,4.308359,386,10,5,1,7443.000000,7151.000000,0.000000,0.000000,0
icir97_tension,config21,4,FOUND INTEGER FEASIBLE,0.030384,2.060270,159,10,1,1,7478.000000,7130.000000,0.000000,0.000000,0
icir97_tension,config21,5,FOUND INTEGER FEASIBLE,0.029634,2.417459,168,10,3,1,7205.000000,6899.000000,0.000000,0.000000,0
icir97_tension,config23,1,FOUND INTEGER FEASIBLE,0.030075,2.903821,272,10,2,1,7481.000000,7114.000000,0.000000,0.000000,0
icir97_tension,config23,2,FOUND INTEGER FEASIBLE,0.030154,8.541978,910,10,10,1,7441.000000,7036.000000,0.000000,0.000000,0
icir97_tension,config23,3,FOUND INTEGER FEASIBLE,0.014340,3.127106,304,10,2,1,7394.000000,7031.000000,0.000000,0.000000,0
icir97_tension,config23,4,FOUND INTEGER FEASIBLE,0.030212,1.117048,108,10,1,1,7467.000000,7089.000000,0.000000,0.000000,0
icir97_tension,config23,5,FOUND INTEGER FEASIBLE,0.030337,2.009164,129,10,1,1,7456.000000,7182.000000,0.000000,0.000000,0
irish-electricity,config16,1,FAILED TO FIND AN INTEGER FEASIBLE SOLUTION,354.815992,3600,9185,12,12,2,0.000000,0.000000,1.671457,1.671457,22
irish-electricity,config16,2,FAILED TO FIND AN INTEGER FEASIBLE SOLUTION,893.333962,3600,4645,12,12,2,0.000000,0.000000,1.669886,1.669886,24
irish-electricity,config16,3,FAILED TO FIND AN INTEGER FEASIBLE SOLUTION,352.222272,3600,9112,12,12,2,0.000000,0.000000,5.712716,1.138135,41
irish-electricity,config16,4,FAILED TO FIND AN INTEGER FEASIBLE SOLUTION,366.332457,3600,8315,12,12,2,0.000000,0.000000,0.842629,0.842629,25
irish-electricity,config16,5,FAILED TO FIND AN INTEGER FEASIBLE SOLUTION,352.053589,3600,7450,12,12,2,0.000000,0.000000,0.418860,0.418860,29
irish-electricity,config17,1,FAILED TO FIND AN INTEGER FEASIBLE SOLUTION,148.771647,3600,7834,12,12,9,0.000000,0.000000,1.671457,1.671457,25
irish-electricity,config17,2,FAILED TO FIND AN INTEGER FEASIBLE SOLUTION,147.025630,3600,3992,12,12,9,0.000000,0.000000,1.671457,1.671457,24
irish-electricity,config17,3,FAILED TO FIND AN INTEGER FEASIBLE SOLUTION,147.101880,3600,6342,12,12,9,0.000000,0.000000,1.671457,1.671457,23
irish-electricity,config17,4,FOUND INTEGER FEASIBLE,147.694946,463.817207,425,12,12,9,5875094.021727,4919592.013342,0.000000,0.000000,0
irish-electricity,config17,5,FAILED TO FIND AN INTEGER FEASIBLE SOLUTION,144.749998,3600,8614,12,12,9,0.000000,0.000000,1.497825,1.497825,66
irish-electricity,config21,1,FAILED TO FIND AN INTEGER FEASIBLE SOLUTION,244.366389,3600,2372,12,12,11,0.000000,0.000000,3.200435,3.264264,66
irish-electricity,config21,2,FAILED TO FIND AN INTEGER FEASIBLE SOLUTION,244.591183,3600,8593,12,12,11,0.000000,0.000000,1.671457,1.671457,26
irish-electricity,config21,3,FAILED TO FIND AN INTEGER FEASIBLE SOLUTION,245.141271,3600,7088,12,12,11,0.000000,0.000000,1.671457,1.671457,26
irish-electricity,config21,4,FAILED TO FIND AN INTEGER FEASIBLE SOLUTION,248.449434,3600,5861,12,12,11,0.000000,0.000000,1.671457,1.671457,26
irish-electricity,config21,5,FAILED TO FIND AN INTEGER FEASIBLE SOLUTION,249.050475,3600,5800,12,12,11,0.000000,0.000000,2.499415,2.434899,34
irish-electricity,config23,1,FAILED TO FIND AN INTEGER FEASIBLE SOLUTION,257.044545,3600,6236,12,12,11,0.000000,0.000000,0.989204,0.989204,29
irish-electricity,config23,2,FAILED TO FIND AN INTEGER FEASIBLE SOLUTION,250.488959,3600,7307,12,12,11,0.000000,0.000000,1.671457,1.671457,26
irish-electricity,config23,3,FAILED TO FIND AN INTEGER FEASIBLE SOLUTION,244.989000,3600,6120,12,12,11,0.000000,0.000000,1.671457,1.671457,21
irish-electricity,config23,4,FAILED TO FIND AN INTEGER FEASIBLE SOLUTION,244.451248,3600,5886,12,12,11,0.000000,0.000000,1.709486,1.709486,24
irish-electricity,config23,5,FAILED TO FIND AN INTEGER FEASIBLE SOLUTION,243.813539,3600,5771,12,12,11,0.000000,0.000000,1.202775,1.202775,46
irp,config16,1,FOUND INTEGER FEASIBLE,0.106327,0.684723,17,3,1,1,12678.549714,12678.549714,0.000000,0.000000,0
irp,config16,2,FOUND INTEGER FEASIBLE,0.101677,0.596970,12,3,1,1,12512.837953,12512.837953,0.000000,0.000000,0
irp,config16,3,FOUND INTEGER FEASIBLE,0.099241,0.502771,4,3,1,1,12396.591949,12396.591949,0.000000,0.000000,0
irp,config16,4,FOUND INTEGER FEASIBLE,0.099718,0.632531,17,3,1,1,12371.556031,12371.556031,0.000000,0.000000,0
irp,config16,5,FOUND INTEGER FEASIBLE,0.101256,0.543182,9,3,1,1,12430.160264,12430.160264,0.000000,0.000000,0
irp,config17,1,FOUND INTEGER FEASIBLE,0.093682,1.030173,114,9,1,0,12440.184938,12440.184938,0.000000,0.000000,0
irp,config17,2,FOUND INTEGER FEASIBLE,0.125369,1.239687,94,9,1,0,12436.924898,12436.924898,0.000000,0.000000,0
irp,config17,3,FOUND INTEGER FEASIBLE,0.123992,1.165736,89,9,1,0,12601.338075,12601.338075,0.000000,0.000000,0
irp,config17,4,FOUND INTEGER FEASIBLE,0.125187,1.015723,86,9,1,0,12378.299265,12378.299265,0.000000,0.000000,0
irp,config17,5,FOUND INTEGER FEASIBLE,0.123934,1.165385,87,9,1,0,12568.434038,12568.434038,0.000000,0.000000,0
irp,config21,1,FOUND INTEGER FEASIBLE,0.070364,0.432647,2,2,0,0,12899.055084,12899.055084,0.000000,0.000000,0
irp,config21,2,FOUND INTEGER FEASIBLE,0.070006,0.481270,6,2,0,0,12916.642121,12916.642121,0.000000,0.000000,0
irp,config21,3,FOUND INTEGER FEASIBLE,0.052933,0.368019,5,2,0,0,13077.950960,13077.950960,0.000000,0.000000,0
irp,config21,4,FOUND INTEGER FEASIBLE,0.069384,0.447849,4,2,0,0,13077.940949,13077.940949,0.000000,0.000000,0
irp,config21,5,FOUND INTEGER FEASIBLE,0.069055,0.549439,12,2,0,0,12545.436692,12545.436692,0.000000,0.000000,0
irp,config23,1,FOUND INTEGER FEASIBLE,0.065596,0.521538,16,2,0,0,12635.372039,12635.372039,0.000000,0.000000,0
irp,config23,2,FOUND INTEGER FEASIBLE,0.047568,0.355372,13,2,0,0,12755.179046,12755.179046,0.000000,0.000000,0
irp,config23,3,FOUND INTEGER FEASIBLE,0.036462,0.305052,15,2,0,0,12403.659027,12403.659027,0.000000,0.000000,0
irp,config23,4,FOUND INTEGER FEASIBLE,0.037687,0.349120,22,2,0,0,12524.254058,12524.254058,0.000000,0.000000,0
irp,config23,5,FOUND INTEGER FEASIBLE,0.069547,0.409721,2,2,0,0,12399.043914,12399.043914,0.000000,0.000000,0
istanbul-no-cutoff,config16,1,FOUND INTEGER FEASIBLE,0.891707,1.626356,1,8,0,0,314.576727,314.576727,0.000000,0.000000,0
istanbul-no-cutoff,config16,2,FOUND INTEGER FEASIBLE,0.899354,1.612689,1,8,0,0,330.322651,330.322651,0.000000,0.000000,0
istanbul-no-cutoff,config16,3,FOUND INTEGER FEASIBLE,0.502815,1.045510,1,8,0,0,314.576727,314.576727,0.000000,0.000000,0
istanbul-no-cutoff,config16,4,FOUND INTEGER FEASIBLE,0.679807,1.219382,1,8,0,0,330.322651,330.322651,0.000000,0.000000,0
istanbul-no-cutoff,config16,5,FOUND INTEGER FEASIBLE,0.906712,1.622568,1,8,0,0,314.576727,314.576727,0.000000,0.000000,0
istanbul-no-cutoff,config17,1,FOUND INTEGER FEASIBLE,0.116299,1.055693,0,0,0,0,330.322654,330.322651,0.000000,0.000000,0
istanbul-no-cutoff,config17,2,FOUND INTEGER FEASIBLE,0.114557,1.027798,0,0,0,0,330.322654,330.322651,0.000000,0.000000,0
istanbul-no-cutoff,config17,3,FOUND INTEGER FEASIBLE,0.114981,1.020814,0,0,0,0,330.322654,330.322651,0.000000,0.000000,0
istanbul-no-cutoff,config17,4,FOUND INTEGER FEASIBLE,0.113388,1.011048,0,0,0,0,330.322654,330.322651,0.000000,0.000000,0
istanbul-no-cutoff,config17,5,FOUND INTEGER FEASIBLE,0.086003,0.780571,0,0,0,0,330.322654,330.322651,0.000000,0.000000,0
istanbul-no-cutoff,config21,1,FOUND INTEGER FEASIBLE,1.039455,2.095406,1,3,0,0,275.608774,275.608774,0.000000,0.000000,0
istanbul-no-cutoff,config21,2,FOUND INTEGER FEASIBLE,0.780242,1.608893,1,3,0,0,275.608774,275.608774,0.000000,0.000000,0
istanbul-no-cutoff,config21,3,FOUND INTEGER FEASIBLE,0.592685,1.294347,1,3,0,0,275.608774,275.608774,0.000000,0.000000,0
istanbul-no-cutoff,config21,4,FOUND INTEGER FEASIBLE,0.540344,1.095467,1,3,0,0,275.608774,275.608774,0.000000,0.000000,0
istanbul-no-cutoff,config21,5,FOUND INTEGER FEASIBLE,0.539838,1.094572,1,3,0,0,275.608774,275.608774,0.000000,0.000000,0
istanbul-no-cutoff,config23,1,FOUND INTEGER FEASIBLE,1.089286,2.021872,0,3,0,0,330.322654,330.322651,0.000000,0.000000,0
istanbul-no-cutoff,config23,2,FOUND INTEGER FEASIBLE,1.026759,1.915694,0,3,0,0,330.322654,330.322651,0.000000,0.000000,0
istanbul-no-cutoff,config23,3,FOUND INTEGER FEASIBLE,0.541435,1.086375,0,3,0,0,330.322654,330.322651,0.000000,0.000000,0
istanbul-no-cutoff,config23,4,FOUND INTEGER FEASIBLE,0.540137,1.022568,0,3,0,0,330.322654,330.322651,0.000000,0.000000,0
istanbul-no-cutoff,config23,5,FOUND INTEGER FEASIBLE,1.074659,2.044508,0,3,0,0,330.322654,330.322651,0.000000,0.000000,0
k1mushroom,config16,1,FOUND INTEGER FEASIBLE,31.730673,53.591075,1,7,0,0,-2688.000000,-2688.000000,0.000000,0.000000,0
k1mushroom,config16,2,FOUND INTEGER FEASIBLE,28.422557,52.999615,1,7,0,0,-2688.000000,-2688.000000,0.000000,0.000000,0
k1mushroom,config16,3,FOUND INTEGER FEASIBLE,30.581426,52.778246,1,7,0,0,-2688.000000,-2688.000000,0.000000,0.000000,0
k1mushroom,config16,4,FOUND INTEGER FEASIBLE,31.339723,52.350260,1,7,0,0,-2688.000000,-2688.000000,0.000000,0.000000,0
k1mushroom,config16,5,FOUND INTEGER FEASIBLE,28.471728,50.715837,1,7,0,0,-2688.000000,-2688.000000,0.000000,0.000000,0
k1mushroom,config17,1,FOUND INTEGER FEASIBLE,0.702563,22.999139,187,2,1,0,-912.000000,-912.000000,0.000000,0.000000,0
k1mushroom,config17,2,FOUND INTEGER FEASIBLE,0.701238,25.432347,159,2,1,0,-1296.000000,-1296.000000,0.000000,0.000000,0
k1mushroom,config17,3,FOUND INTEGER FEASIBLE,0.701944,71.717580,318,2,2,0,-128.000000,-128.000000,0.000000,0.000000,0
k1mushroom,config17,4,FOUND INTEGER FEASIBLE,1.099823,24.821072,169,2,1,0,-444.000000,-444.000000,0.000000,0.000000,0
k1mushroom,config17,5,FOUND INTEGER FEASIBLE,0.652264,15.442155,127,2,1,0,-48.000000,-48.000000,0.000000,0.000000,0
k1mushroom,config21,1,FOUND INTEGER FEASIBLE,1.881093,3.848762,0,2,0,0,0.000000,0.000000,0.000000,0.000000,0
k1mushroom,config21,2,FOUND INTEGER FEASIBLE,1.728606,4.121393,0,2,0,0,0.000000,0.000000,0.000000,0.000000,0
k1mushroom,config21,3,FOUND INTEGER FEASIBLE,2.065941,4.517267,0,2,0,0,0.000000,0.000000,0.000000,0.000000,0
k1mushroom,config21,4,FOUND INTEGER FEASIBLE,2.698787,5.086649,0,2,0,0,0.000000,0.000000,0.000000,0.000000,0
k1mushroom,config21,5,FOUND INTEGER FEASIBLE,2.736695,5.162453,0,2,0,0,0.000000,0.000000,0.000000,0.000000,0
k1mushroom,config23,1,FOUND INTEGER FEASIBLE,1.727430,4.196767,0,2,0,0,0.000000,0.000000,0.000000,0.000000,0
k1mushroom,config23,2,FOUND INTEGER FEASIBLE,1.695056,4.264312,0,2,0,0,0.000000,0.000000,0.000000,0.000000,0
k1mushroom,config23,3,FOUND INTEGER FEASIBLE,2.472281,5.100473,0,2,0,0,0.000000,0.000000,0.000000,0.000000,0
k1mushroom,config23,4,FOUND INTEGER FEASIBLE,1.730322,4.168498,0,2,0,0,0.000000,0.000000,0.000000,0.000000,0
k1mushroom,config23,5,FOUND INTEGER FEASIBLE,1.725040,4.165702,0,2,0,0,0.000000,0.000000,0.000000,0.000000,0
lectsched-5-obj,config16,1,FAILED TO FIND AN INTEGER FEASIBLE SOLUTION,0.686394,216.158009,12000,11,11,8,0.000000,0.000000,1.229961,1.229961,27
lectsched-5-obj,config16,2,FAILED TO FIND AN INTEGER FEASIBLE SOLUTION,0.425097,223.361089,12000,11,11,8,0.000000,0.000000,1.226643,1.226643,23
lectsched-5-obj,config16,3,FAILED TO FIND AN INTEGER FEASIBLE SOLUTION,0.676020,220.191318,12000,11,11,8,0.000000,0.000000,1.574860,1.574860,27
lectsched-5-obj,config16,4,FAILED TO FIND AN INTEGER FEASIBLE SOLUTION,0.678985,230.952279,12000,11,11,8,0.000000,0.000000,1.014879,1.982092,26
lectsched-5-obj,config16,5,FAILED TO FIND AN INTEGER FEASIBLE SOLUTION,0.343189,222.400234,12000,11,11,8,0.000000,0.000000,0.914586,0.914586,25
lectsched-5-obj,config17,1,FAILED TO FIND AN INTEGER FEASIBLE SOLUTION,0.234494,226.833741,12000,2,2,2,0.000000,0.000000,1.772857,1.772857,21
lectsched-5-obj,config17,2,FAILED TO FIND AN INTEGER FEASIBLE SOLUTION,0.442961,230.009247,12000,2,2,2,0.000000,0.000000,1.344339,1.344339,20
lectsched-5-obj,config17,3,FAILED TO FIND AN INTEGER FEASIBLE SOLUTION,0.334335,234.824470,12000,2,2,2,0.000000,0.000000,1.205945,1.205945,15
lectsched-5-obj,config17,4,FAILED TO FIND AN INTEGER FEASIBLE SOLUTION,0.449063,228.605425,12000,2,2,2,0.000000,0.000000,0.894974,1.894974,21
lectsched-5-obj,config17,5,FAILED TO FIND AN INTEGER FEASIBLE SOLUTION,0.229027,220.414540,12000,2,2,2,0.000000,0.000000,1.427587,1.427587,26
lectsched-5-obj,config21,1,FAILED TO FIND AN INTEGER FEASIBLE SOLUTION,1.063810,220.460865,12000,11,11,7,0.000000,0.000000,2.001323,2.001323,25
lectsched-5-obj,config21,2,FAILED TO FIND AN INTEGER FEASIBLE SOLUTION,1.075825,236.511745,12000,11,11,7,0.000000,0.000000,1.619237,1.619237,35
lectsched-5-obj,config21,3,FAILED TO FIND AN INTEGER FEASIBLE SOLUTION,1.061297,223.114323,12000,11,11,7,0.000000,0.000000,1.145112,1.145112,25
lectsched-5-obj,config21,4,FAILED TO FIND AN INTEGER FEASIBLE SOLUTION,1.063898,224.186135,12000,11,11,7,0.000000,0.000000,1.295552,1.295552,19
lectsched-5-obj,config21,5,FAILED TO FIND AN INTEGER FEASIBLE SOLUTION,1.056407,226.006070,12000,11,11,7,0.000000,0.000000,1.075953,1.067620,30
lectsched-5-obj,config23,1,FAILED TO FIND AN INTEGER FEASIBLE SOLUTION,0.793853,215.595063,12000,11,11,7,0.000000,0.000000,1.058672,3.058672,21
lectsched-5-obj,config23,2,FAILED TO FIND AN INTEGER FEASIBLE SOLUTION,0.820625,215.163011,12000,11,11,7,0.000000,0.000000,0.950008,0.950008,26
lectsched-5-obj,config23,3,FAILED TO FIND AN INTEGER FEASIBLE SOLUTION,0.802057,214.561839,12000,11,11,7,0.000000,0.000000,0.434382,0.434382,11
lectsched-5-obj,config23,4,FAILED TO FIND AN INTEGER FEASIBLE SOLUTION,1.091144,216.440628,12000,11,11,7,0.000000,0.000000,1.677823,1.177823,26
lectsched-5-obj,config23,5,FAILED TO FIND AN INTEGER FEASIBLE SOLUTION,1.067921,217.187921,12000,11,11,7,0.000000,0.000000,1.937907,1.937907,28
leo1,config16,1,FOUND INTEGER FEASIBLE,0.091446,0.327827,1,11,0,0,546295577.920000,546295577.920000,0.000000,0.000000,0
leo1,config16,2,FOUND INTEGER FEASIBLE,0.091133,0.320525,1,11,0,0,509869027.200000,509869027.200000,0.000000,0.000000,0
leo1,config16,3,FOUND INTEGER FEASIBLE,0.090337,0.312239,1,11,0,0,572596863.840000,572596863.840000,0.000000,0.000000,0
leo1,config16,4,FOUND INTEGER FEASIBLE,0.089794,0.299059,1,11,0,0,525458074.240000,525458074.240000,0.000000,0.000000,0
leo1,config16,5,FOUND INTEGER FEASIBLE,0.089809,0.298849,1,11,0,0,599786159.040000,599786159.040000,0.000000,0.000000,0
leo1,config17,1,FOUND INTEGER FEASIBLE,0.057670,0.289319,1,7,0,0,820462626.880000,820462626.880000,0.000000,0.000000,0
leo1,config17,2,FOUND INTEGER FEASIBLE,0.057222,0.280947,1,7,0,0,721934901.280000,721934901.280000,0.000000,0.000000,0
leo1,config17,3,FOUND INTEGER FEASIBLE,0.057130,0.288267,1,7,0,0,859625858.560000,859625858.560000,0.000000,0.000000,0
leo1,config17,4,FOUND INTEGER FEASIBLE,0.056737,0.287162,1,7,0,0,721934901.280000,721934901.280000,0.000000,0.000000,0
leo1,config17,5,FOUND INTEGER FEASIBLE,0.056868,0.288751,1,7,0,0,984101074.560000,984101074.560000,0.000000,0.000000,0
leo1,config21,1,FOUND INTEGER FEASIBLE,0.048217,0.375701,0,1,0,0,11943866862.560001,11943866862.559996,0.000000,0.000000,0
leo1,config21,2,FOUND INTEGER FEASIBLE,0.047728,0.368858,0,1,0,0,11943866862.560001,11943866862.559996,0.000000,0.000000,0
leo1,config21,3,FOUND INTEGER FEASIBLE,0.047938,0.380465,0,1,0,0,11943866862.560001,11943866862.559996,0.000000,0.000000,0
leo1,config21,4,FOUND INTEGER FEASIBLE,0.047971,0.382428,0,1,0,0,11943866862.560001,11943866862.559996,0.000000,0.000000,0
leo1,config21,5,FOUND INTEGER FEASIBLE,0.047808,0.371267,0,1,0,0,11943866862.560001,11943866862.559996,0.000000,0.000000,0
leo1,config23,1,FOUND INTEGER FEASIBLE,0.047784,0.362035,1,1,0,0,820845807.040000,820845807.040000,0.000000,0.000000,0
leo1,config23,2,FOUND INTEGER FEASIBLE,0.043692,0.335803,1,1,0,0,820845807.040000,820845807.040000,0.000000,0.000000,0
leo1,config23,3,FOUND INTEGER FEASIBLE,0.035503,0.274761,1,1,0,0,936981275.680000,936981275.680000,0.000000,0.000000,0
leo1,config23,4,FOUND INTEGER FEASIBLE,0.029222,0.225634,1,1,0,0,820845807.040000,820845807.040000,0.000000,0.000000,0
leo1,config23,5,FOUND INTEGER FEASIBLE,0.048191,0.378802,1,1,0,0,1033354505.280000,1033354505.280000,0.000000,0.000000,0
leo2,config16,1,FOUND INTEGER FEASIBLE,0.150634,0.578506,1,11,0,0,589022517.760000,589022517.760000,0.000000,0.000000,0
leo2,config16,2,FOUND INTEGER FEASIBLE,0.151728,0.579528,1,11,0,0,567803958.400000,567803958.400000,0.000000,0.000000,0
leo2,config16,3,FOUND INTEGER FEASIBLE,0.149975,0.573201,1,11,0,0,589022517.760000,589022517.760000,0.000000,0.000000,0
leo2,config16,4,FOUND INTEGER FEASIBLE,0.150873,0.597486,1,11,0,0,567803958.400000,567803958.400000,0.000000,0.000000,0
leo2,config16,5,FOUND INTEGER FEASIBLE,0.149127,0.604743,1,11,0,0,589022517.760000,589022517.760000,0.000000,0.000000,0
leo2,config17,1,FOUND INTEGER FEASIBLE,0.074520,0.433467,1,5,0,0,978936692.720000,978936692.720000,0.000000,0.000000,0
leo2,config17,2,FOUND INTEGER FEASIBLE,0.074066,0.400637,1,5,0,0,818885638.520000,818885638.520000,0.000000,0.000000,0
leo2,config17,3,FOUND INTEGER FEASIBLE,0.099296,0.525683,1,5,0,0,1020932219.120000,1020932219.120000,0.000000,0.000000,0
leo2,config17,4,FOUND INTEGER FEASIBLE,0.099152,0.538804,1,5,0,0,814170894.840000,814170894.840000,0.000000,0.000000,0
leo2,config17,5,FOUND INTEGER FEASIBLE,0.073786,0.405454,1,5,0,0,1570803676.560000,1570803676.560000,0.000000,0.000000,0
leo2,config21,1,FOUND INTEGER FEASIBLE,0.077381,0.728319,0,0,0,0,28743143103.779995,28743143103.780025,0.000000,0.000000,0
leo2,config21,2,FOUND INTEGER FEASIBLE,0.077184,0.747777,0,0,0,0,28743143103.779995,28743143103.780025,0.000000,0.000000,0
leo2,config21,3,FOUND INTEGER FEASIBLE,0.077322,0.764130,0,0,0,0,28743143103.779995,28743143103.780025,0.000000,0.000000,0
leo2,config21,4,FOUND INTEGER FEASIBLE,0.077021,0.772921,0,0,0,0,28743143103.779995,28743143103.780025,0.000000,0.000000,0
leo2,config21,5,FOUND INTEGER FEASIBLE,0.077300,0.769924,0,0,0,0,28743143103.779995,28743143103.780025,0.000000,0.000000,0
leo2,config23,1,FOUND INTEGER FEASIBLE,0.079806,0.804235,1,0,0,0,865946428.580000,865946428.580000,0.000000,0.000000,0
leo2,config23,2,FOUND INTEGER FEASIBLE,0.077083,0.766366,1,0,0,0,838714733.060000,838714733.060000,0.000000,0.000000,0
leo2,config23,3,FOUND INTEGER FEASIBLE,0.077637,0.782318,1,0,0,0,1817281448.980000,1817281448.980000,0.000000,0.000000,0
leo2,config23,4,FOUND INTEGER FEASIBLE,0.077734,0.784785,1,0,0,0,792891158.340000,792891158.340000,0.000000,0.000000,0
leo2,config23,5,FOUND INTEGER FEASIBLE,0.077301,0.783995,1,0,0,0,1856923144.340000,1856923144.340000,0.000000,0.000000,0
lotsize,config16,1,FOUND INTEGER FEASIBLE,0.022026,0.263918,110,10,1,1,4641247.000000,4097692.000000,0.000000,0.000000,0
lotsize,config16,2,FOUND INTEGER FEASIBLE,0.018530,0.286491,110,10,2,1,9045159.000000,6048427.000000,0.000000,0.000000,0
lotsize,config16,3,FOUND INTEGER FEASIBLE,0.022122,0.208321,78,10,1,1,4836582.000000,4603303.000000,0.000000,0.000000,0
lotsize,config16,4,FOUND INTEGER FEASIBLE,0.018581,0.141724,43,10,1,1,4507571.000000,4395928.000000,0.000000,0.000000,0
lotsize,config16,5,FOUND INTEGER FEASIBLE,0.018494,0.096799,14,10,1,1,3494380.000000,3494380.000000,0.000000,0.000000,0
lotsize,config17,1,FOUND INTEGER FEASIBLE,0.014262,0.085755,14,8,0,0,10596127.000000,10596127.000000,0.000000,0.000000,0
lotsize,config17,2,FOUND INTEGER FEASIBLE,0.014365,0.090032,16,8,0,0,10564107.000000,10564107.000000,0.000000,0.000000,0
lotsize,config17,3,FOUND INTEGER FEASIBLE,0.014379,0.090242,16,8,0,0,10824700.000000,10824700.000000,0.000000,0.000000,0
lotsize,config17,4,FOUND INTEGER FEASIBLE,0.017615,0.094574,13,8,0,0,9774509.000000,9774509.000000,0.000000,0.000000,0
lotsize,config17,5,FOUND INTEGER FEASIBLE,0.017293,0.091630,12,8,0,0,9807843.000000,9807843.000000,0.000000,0.000000,0
lotsize,config21,1,FOUND INTEGER FEASIBLE,0.019131,0.286203,110,9,0,0,6709957.000000,6239032.000000,0.000000,0.000000,0
lotsize,config21,2,FOUND INTEGER FEASIBLE,0.018796,0.126132,28,9,0,0,9223093.000000,8238042.000000,0.000000,0.000000,0
lotsize,config21,3,FOUND INTEGER FEASIBLE,0.019107,0.184383,57,9,0,0,7228088.000000,5852029.000000,0.000000,0.000000,0
lotsize,config21,4,FOUND INTEGER FEASIBLE,0.018832,0.107223,17,9,0,0,8891132.000000,8051760.000000,0.000000,0.000000,0
lotsize,config21,5,FOUND INTEGER FEASIBLE,0.022123,0.147953,34,9,0,0,7625953.000000,6950237.000000,0.000000,0.000000,0
lotsize,config23,1,FOUND INTEGER FEASIBLE,0.022538,0.106556,18,9,0,0,9846114.000000,9846114.000000,0.000000,0.000000,0
lotsize,config23,2,FOUND INTEGER FEASIBLE,0.018953,0.093494,15,9,0,0,10225260.000000,10225197.000000,0.000000,0.000000,0
lotsize,config23,3,FOUND INTEGER FEASIBLE,0.018886,0.102920,20,9,0,0,10845026.000000,10844963.000000,0.000000,0.000000,0
lotsize,config23,4,FOUND INTEGER FEASIBLE,0.022296,0.101470,15,9,0,0,9486175.000000,9486175.000000,0.000000,0.000000,0
lotsize,config23,5,FOUND INTEGER FEASIBLE,0.018869,0.096221,17,9,0,0,9596112.000000,9596112.000000,0.000000,0.000000,0
mad,config16,1,FOUND INTEGER FEASIBLE,0.004408,0.024505,1,6,0,0,1.719800,1.719800,0.000000,0.000000,0
mad,config16,2,FOUND INTEGER FEASIBLE,0.004293,0.024563,1,6,0,0,1.597000,1.597000,0.000000,0.000000,0
mad,config16,3,FOUND INTEGER FEASIBLE,0.004261,0.024219,1,6,0,0,2.496400,2.496400,0.000000,0.000000,0
mad,config16,4,FOUND INTEGER FEASIBLE,0.004295,0.024430,1,6,0,0,1.597000,1.597000,0.000000,0.000000,0
mad,config16,5,FOUND INTEGER FEASIBLE,0.004235,0.024363,1,6,0,0,2.760000,2.760000,0.000000,0.000000,0
mad,config17,1,FOUND INTEGER FEASIBLE,0.001461,0.017028,0,0,0,0,10.975200,10.975200,0.000000,0.000000,0
mad,config17,2,FOUND INTEGER FEASIBLE,0.001416,0.017166,0,0,0,0,10.975200,10.975200,0.000000,0.000000,0
mad,config17,3,FOUND INTEGER FEASIBLE,0.001579,0.020583,0,0,0,0,10.975200,10.975200,0.000000,0.000000,0
mad,config17,4,FOUND INTEGER FEASIBLE,0.000851,0.010595,0,0,0,0,10.975200,10.975200,0.000000,0.000000,0
mad,config17,5,FOUND INTEGER FEASIBLE,0.001368,0.017211,0,0,0,0,10.975200,10.975200,0.000000,0.000000,0
mad,config21,1,FOUND INTEGER FEASIBLE,0.001482,0.017008,0,0,0,0,10.769600,10.769600,0.000000,0.000000,0
mad,config21,2,FOUND INTEGER FEASIBLE,0.001441,0.016992,0,0,0,0,10.769600,10.769600,0.000000,0.000000,0
mad,config21,3,FOUND INTEGER FEASIBLE,0.001431,0.016936,0,0,0,0,10.769600,10.769600,0.000000,0.000000,0
mad,config21,4,FOUND INTEGER FEASIBLE,0.001418,0.016965,0,0,0,0,10.769600,10.769600,0.000000,0.000000,0
mad,config21,5,FOUND INTEGER FEASIBLE,0.001351,0.016842,0,0,0,0,10.769600,10.769600,0.000000,0.000000,0
mad,config23,1,FOUND INTEGER FEASIBLE,0.001166,0.015438,0,0,0,0,10.975200,10.975200,0.000000,0.000000,0
mad,config23,2,FOUND INTEGER FEASIBLE,0.001404,0.017021,0,0,0,0,10.975200,10.975200,0.000000,0.000000,0
mad,config23,3,FOUND INTEGER FEASIBLE,0.001162,0.013927,0,0,0,0,10.975200,10.975200,0.000000,0.000000,0
mad,config23,4,FOUND INTEGER FEASIBLE,0.001331,0.016748,0,0,0,0,10.975200,10.975200,0.000000,0.000000,0
mad,config23,5,FOUND INTEGER FEASIBLE,0.001374,0.016758,0,0,0,0,10.975200,10.975200,0.000000,0.000000,0
map10,config16,1,FOUND INTEGER FEASIBLE,4.073084,6.203011,0,11,0,0,0.000000,0.000000,0.000000,0.000000,0
map10,config16,2,FOUND INTEGER FEASIBLE,3.670090,5.768660,0,11,0,0,0.000000,0.000000,0.000000,0.000000,0
map10,config16,3,FOUND INTEGER FEASIBLE,3.793373,5.990118,0,11,0,0,0.000000,0.000000,0.000000,0.000000,0
map10,config16,4,FOUND INTEGER FEASIBLE,4.114712,6.201513,0,11,0,0,0.000000,0.000000,0.000000,0.000000,0
map10,config16,5,FOUND INTEGER FEASIBLE,3.087094,5.165773,0,11,0,0,0.000000,0.000000,0.000000,0.000000,0
map10,config17,1,FOUND INTEGER FEASIBLE,0.023716,1.293149,0,1,0,0,0.000000,0.000000,0.000000,0.000000,0
map10,config17,2,FOUND INTEGER FEASIBLE,0.034649,1.790718,0,1,0,0,0.000000,0.000000,0.000000,0.000000,0
map10,config17,3,FOUND INTEGER FEASIBLE,0.034028,1.764520,0,1,0,0,0.000000,0.000000,0.000000,0.000000,0
map10,config17,4,FOUND INTEGER FEASIBLE,0.030452,2.119856,0,1,0,0,0.000000,0.000000,0.000000,0.000000,0
map10,config17,5,FOUND INTEGER FEASIBLE,0.031081,2.095043,0,1,0,0,0.000000,0.000000,0.000000,0.000000,0
map10,config21,1,FOUND INTEGER FEASIBLE,0.059790,1.924638,1,2,0,0,0.000000,-27.000000,0.000000,0.000000,0
map10,config21,2,FOUND INTEGER FEASIBLE,0.043570,2.155244,1,2,0,0,0.000000,-27.000000,0.000000,0.000000,0
map10,config21,3,FOUND INTEGER FEASIBLE,0.043616,2.154087,1,2,0,0,0.000000,-27.000000,0.000000,0.000000,0
map10,config21,4,FOUND INTEGER FEASIBLE,0.042799,2.185680,1,2,0,0,0.000000,-27.000000,0.000000,0.000000,0
map10,config21,5,FOUND INTEGER FEASIBLE,0.043837,2.164624,1,2,0,0,0.000000,-27.000000,0.000000,0.000000,0
map10,config23,1,FOUND INTEGER FEASIBLE,0.031926,1.318362,0,2,0,0,0.000000,0.000000,0.000000,0.000000,0
map10,config23,2,FOUND INTEGER FEASIBLE,0.031809,1.313737,0,2,0,0,0.000000,0.000000,0.000000,0.000000,0
map10,config23,3,FOUND INTEGER FEASIBLE,0.042967,2.172281,0,2,0,0,0.000000,0.000000,0.000000,0.000000,0
map10,config23,4,FOUND INTEGER FEASIBLE,0.042138,2.202492,0,2,0,0,0.000000,0.000000,0.000000,0.000000,0
map10,config23,5,FOUND INTEGER FEASIBLE,0.032264,1.354770,0,2,0,0,0.000000,0.000000,0.000000,0.000000,0
map16715-04,config16,1,FOUND INTEGER FEASIBLE,5.583020,7.671448,1,8,0,0,-34.000000,-34.000000,0.000000,0.000000,0
map16715-04,config16,2,FOUND INTEGER FEASIBLE,4.525465,5.806733,1,8,0,0,0.000000,0.000000,0.000000,0.000000,0
map16715-04,config16,3,FOUND INTEGER FEASIBLE,4.645154,6.350729,1,8,0,0,-34.000000,-34.000000,0.000000,0.000000,0
map16715-04,config16,4,FOUND INTEGER FEASIBLE,4.678495,6.413384,1,8,0,0,-34.000000,-34.000000,0.000000,0.000000,0
map16715-04,config16,5,FOUND INTEGER FEASIBLE,5.232822,7.320253,1,8,0,0,-2.000000,-2.000000,0.000000,0.000000,0
map16715-04,config17,1,FOUND INTEGER FEASIBLE,0.031794,2.147720,0,1,0,0,0.000000,0.000000,0.000000,0.000000,0
map16715-04,config17,2,FOUND INTEGER FEASIBLE,0.023847,1.303316,0,1,0,0,0.000000,0.000000,0.000000,0.000000,0
map16715-04,config17,3,FOUND INTEGER FEASIBLE,0.031843,2.142338,0,1,0,0,0.000000,0.000000,0.000000,0.000000,0
map16715-04,config17,4,FOUND INTEGER FEASIBLE,0.034897,1.780785,0,1,0,0,0.000000,0.000000,0.000000,0.000000,0
map16715-04,config17,5,FOUND INTEGER FEASIBLE,0.029227,2.089850,0,1,0,0,0.000000,0.000000,0.000000,0.000000,0
map16715-04,config21,1,FOUND INTEGER FEASIBLE,0.040678,2.185545,1,2,0,0,0.000000,0.000000,0.000000,0.000000,0
map16715-04,config21,2,FOUND INTEGER FEASIBLE,0.031548,1.360266,1,2,0,0,0.000000,0.000000,0.000000,0.000000,0
map16715-04,config21,3,FOUND INTEGER FEASIBLE,0.031903,1.373260,1,2,0,0,0.000000,0.000000,0.000000,0.000000,0
map16715-04,config21,4,FOUND INTEGER FEASIBLE,0.045969,2.281970,1,2,0,0,0.000000,0.000000,0.000000,0.000000,0
map16715-04,config21,5,FOUND INTEGER FEASIBLE,0.041035,2.212752,1,2,0,0,0.000000,0.000000,0.000000,0.000000,0
map16715-04,config23,1,FOUND INTEGER FEASIBLE,0.045328,1.825997,0,2,0,0,0.000000,0.000000,0.000000,0.000000,0
map16715-04,config23,2,FOUND INTEGER FEASIBLE,0.046386,1.877537,0,2,0,0,0.000000,0.000000,0.000000,0.000000,0
map16715-04,config23,3,FOUND INTEGER FEASIBLE,0.045471,1.856716,0,2,0,0,0.000000,0.000000,0.000000,0.000000,0
map16715-04,config23,4,FOUND INTEGER FEASIBLE,0.031773,1.367196,0,2,0,0,0.000000,0.000000,0.000000,0.000000,0
map16715-04,config23,5,FOUND INTEGER FEASIBLE,0.031952,1.358778,0,2,0,0,0.000000,0.000000,0.000000,0.000000,0
markshare2,config16,1,FOUND INTEGER FEASIBLE,0.001456,0.007643,1,5,0,0,380.000000,380.000000,0.000000,0.000000,0
markshare2,config16,2,FOUND INTEGER FEASIBLE,0.001341,0.007003,1,5,0,0,615.000000,615.000000,0.000000,0.000000,0
markshare2,config16,3,FOUND INTEGER FEASIBLE,0.001398,0.006771,1,5,0,0,380.000000,380.000000,0.000000,0.000000,0
markshare2,config16,4,FOUND INTEGER FEASIBLE,0.001465,0.007255,1,5,0,0,615.000000,615.000000,0.000000,0.000000,0
markshare2,config16,5,FOUND INTEGER FEASIBLE,0.001086,0.005536,1,5,0,0,380.000000,380.000000,0.000000,0.000000,0
markshare2,config17,1,FOUND INTEGER FEASIBLE,0.000665,0.005480,0,0,0,0,10512.000000,10512.000000,0.000000,0.000000,0
markshare2,config17,2,FOUND INTEGER FEASIBLE,0.000729,0.005633,0,0,0,0,10512.000000,10512.000000,0.000000,0.000000,0
markshare2,config17,3,FOUND INTEGER FEASIBLE,0.000649,0.005404,0,0,0,0,10512.000000,10512.000000,0.000000,0.000000,0
markshare2,config17,4,FOUND INTEGER FEASIBLE,0.000686,0.005440,0,0,0,0,10512.000000,10512.000000,0.000000,0.000000,0
markshare2,config17,5,FOUND INTEGER FEASIBLE,0.000662,0.005488,0,0,0,0,10512.000000,10512.000000,0.000000,0.000000,0
markshare2,config21,1,FOUND INTEGER FEASIBLE,0.001276,0.005421,0,8,0,0,838.000000,838.000000,0.000000,0.000000,0
markshare2,config21,2,FOUND INTEGER FEASIBLE,0.001300,0.005375,0,8,0,0,838.000000,838.000000,0.000000,0.000000,0
markshare2,config21,3,FOUND INTEGER FEASIBLE,0.001226,0.005475,0,8,0,0,838.000000,838.000000,0.000000,0.000000,0
markshare2,config21,4,FOUND INTEGER FEASIBLE,0.001219,0.005255,0,8,0,0,838.000000,838.000000,0.000000,0.000000,0
markshare2,config21,5,FOUND INTEGER FEASIBLE,0.001307,0.005443,0,8,0,0,838.000000,838.000000,0.000000,0.000000,0
markshare2,config23,1,FOUND INTEGER FEASIBLE,0.001259,0.005395,0,8,0,0,10512.000000,10512.000000,0.000000,0.000000,0
markshare2,config23,2,FOUND INTEGER FEASIBLE,0.001297,0.005423,0,8,0,0,10512.000000,10512.000000,0.000000,0.000000,0
markshare2,config23,3,FOUND INTEGER FEASIBLE,0.001246,0.005475,0,8,0,0,10512.000000,10512.000000,0.000000,0.000000,0
markshare2,config23,4,FOUND INTEGER FEASIBLE,0.001271,0.005362,0,8,0,0,10512.000000,10512.000000,0.000000,0.000000,0
markshare2,config23,5,FOUND INTEGER FEASIBLE,0.001285,0.005431,0,8,0,0,10512.000000,10512.000000,0.000000,0.000000,0
markshare_4_0,config16,1,FOUND INTEGER FEASIBLE,0.000881,0.004720,1,4,0,0,220.000000,220.000000,0.000000,0.000000,0
markshare_4_0,config16,2,FOUND INTEGER FEASIBLE,0.000876,0.004551,1,4,0,0,220.000000,220.000000,0.000000,0.000000,0
markshare_4_0,config16,3,FOUND INTEGER FEASIBLE,0.000883,0.004558,1,4,0,0,220.000000,220.000000,0.000000,0.000000,0
markshare_4_0,config16,4,FOUND INTEGER FEASIBLE,0.000982,0.005016,1,4,0,0,220.000000,220.000000,0.000000,0.000000,0
markshare_4_0,config16,5,FOUND INTEGER FEASIBLE,0.000921,0.004537,1,4,0,0,220.000000,220.000000,0.000000,0.000000,0
markshare_4_0,config17,1,FOUND INTEGER FEASIBLE,0.000471,0.003817,0,0,0,0,3082.000000,3082.000000,0.000000,0.000000,0
markshare_4_0,config17,2,FOUND INTEGER FEASIBLE,0.000482,0.003816,0,0,0,0,3082.000000,3082.000000,0.000000,0.000000,0
markshare_4_0,config17,3,FOUND INTEGER FEASIBLE,0.000538,0.003837,0,0,0,0,3082.000000,3082.000000,0.000000,0.000000,0
markshare_4_0,config17,4,FOUND INTEGER FEASIBLE,0.000522,0.003959,0,0,0,0,3082.000000,3082.000000,0.000000,0.000000,0
markshare_4_0,config17,5,FOUND INTEGER FEASIBLE,0.000499,0.003904,0,0,0,0,3082.000000,3082.000000,0.000000,0.000000,0
markshare_4_0,config21,1,FOUND INTEGER FEASIBLE,0.000935,0.004014,0,5,0,0,521.000000,521.000000,0.000000,0.000000,0
markshare_4_0,config21,2,FOUND INTEGER FEASIBLE,0.000835,0.003982,0,5,0,0,521.000000,521.000000,0.000000,0.000000,0
markshare_4_0,config21,3,FOUND INTEGER FEASIBLE,0.000897,0.004072,0,5,0,0,521.000000,521.000000,0.000000,0.000000,0
markshare_4_0,config21,4,FOUND INTEGER FEASIBLE,0.000963,0.004040,0,5,0,0,521.000000,521.000000,0.000000,0.000000,0
markshare_4_0,config21,5,FOUND INTEGER FEASIBLE,0.000851,0.003981,0,5,0,0,521.000000,521.000000,0.000000,0.000000,0
markshare_4_0,config23,1,FOUND INTEGER FEASIBLE,0.000844,0.004020,0,5,0,0,3082.000000,3082.000000,0.000000,0.000000,0
markshare_4_0,config23,2,FOUND INTEGER FEASIBLE,0.000827,0.003890,0,5,0,0,3082.000000,3082.000000,0.000000,0.000000,0
markshare_4_0,config23,3,FOUND INTEGER FEASIBLE,0.000848,0.003852,0,5,0,0,3082.000000,3082.000000,0.000000,0.000000,0
markshare_4_0,config23,4,FOUND INTEGER FEASIBLE,0.000865,0.003939,0,5,0,0,3082.000000,3082.000000,0.000000,0.000000,0
markshare_4_0,config23,5,FOUND INTEGER FEASIBLE,0.000860,0.003996,0,5,0,0,3082.000000,3082.000000,0.000000,0.000000,0
mas74,config16,1,FOUND INTEGER FEASIBLE,0.002893,0.011480,0,8,0,0,48248.650416,48248.650416,0.000000,0.000000,0
mas74,config16,2,FOUND INTEGER FEASIBLE,0.002872,0.011403,0,8,0,0,48248.650416,48248.650416,0.000000,0.000000,0
mas74,config16,3,FOUND INTEGER FEASIBLE,0.002892,0.011214,0,8,0,0,48248.650416,48248.650416,0.000000,0.000000,0
mas74,config16,4,FOUND INTEGER FEASIBLE,0.002883,0.011403,0,8,0,0,48248.650416,48248.650416,0.000000,0.000000,0
mas74,config16,5,FOUND INTEGER FEASIBLE,0.002871,0.011278,0,8,0,0,48248.650416,48248.650416,0.000000,0.000000,0
mas74,config17,1,FOUND INTEGER FEASIBLE,0.000461,0.009866,0,0,0,0,157344.610330,157344.610330,0.000000,0.000000,0
mas74,config17,2,FOUND INTEGER FEASIBLE,0.000598,0.011177,0,0,0,0,157344.610330,157344.610330,0.000000,0.000000,0
mas74,config17,3,FOUND INTEGER FEASIBLE,0.000588,0.011301,0,0,0,0,157344.610330,157344.610330,0.000000,0.000000,0
mas74,config17,4,FOUND INTEGER FEASIBLE,0.000576,0.011424,0,0,0,0,157344.610330,157344.610330,0.000000,0.000000,0
mas74,config17,5,FOUND INTEGER FEASIBLE,0.000627,0.011142,0,0,0,0,157344.610330,157344.610330,0.000000,0.000000,0
mas74,config21,1,FOUND INTEGER FEASIBLE,0.000660,0.011408,0,0,0,0,157344.610530,53043.396104,0.000000,0.000000,0
mas74,config21,2,FOUND INTEGER FEASIBLE,0.000647,0.011324,0,0,0,0,157344.610530,53043.396104,0.000000,0.000000,0
mas74,config21,3,FOUND INTEGER FEASIBLE,0.000642,0.011111,0,0,0,0,157344.610530,53043.396104,0.000000,0.000000,0
mas74,config21,4,FOUND INTEGER FEASIBLE,0.000629,0.011207,0,0,0,0,157344.610530,53043.396104,0.000000,0.000000,0
mas74,config21,5,FOUND INTEGER FEASIBLE,0.000633,0.011280,0,0,0,0,157344.610530,53043.396104,0.000000,0.000000,0
mas74,config23,1,FOUND INTEGER FEASIBLE,0.000635,0.011468,0,0,0,0,157344.610330,157344.610330,0.000000,0.000000,0
mas74,config23,2,FOUND INTEGER FEASIBLE,0.000647,0.011232,0,0,0,0,157344.610330,157344.610330,0.000000,0.000000,0
mas74,config23,3,FOUND INTEGER FEASIBLE,0.000617,0.011310,0,0,0,0,157344.610330,157344.610330,0.000000,0.000000,0
mas74,config23,4,FOUND INTEGER FEASIBLE,0.000650,0.011255,0,0,0,0,157344.610330,157344.610330,0.000000,0.000000,0
mas74,config23,5,FOUND INTEGER FEASIBLE,0.000716,0.011371,0,0,0,0,157344.610330,157344.610330,0.000000,0.000000,0
mas76,config16,1,FOUND INTEGER FEASIBLE,0.002700,0.010970,0,8,0,0,72167.004836,72167.004836,0.000000,0.000000,0
mas76,config16,2,FOUND INTEGER FEASIBLE,0.002734,0.010957,0,8,0,0,72167.004836,72167.004836,0.000000,0.000000,0
mas76,config16,3,FOUND INTEGER FEASIBLE,0.002735,0.010845,0,8,0,0,72167.004836,72167.004836,0.000000,0.000000,0
mas76,config16,4,FOUND INTEGER FEASIBLE,0.002737,0.010839,0,8,0,0,72167.004836,72167.004836,0.000000,0.000000,0
mas76,config16,5,FOUND INTEGER FEASIBLE,0.002709,0.010958,0,8,0,0,72167.004836,72167.004836,0.000000,0.000000,0
mas76,config17,1,FOUND INTEGER FEASIBLE,0.000564,0.011792,0,0,0,0,157344.610330,157344.610330,0.000000,0.000000,0
mas76,config17,2,FOUND INTEGER FEASIBLE,0.000546,0.011685,0,0,0,0,157344.610330,157344.610330,0.000000,0.000000,0
mas76,config17,3,FOUND INTEGER FEASIBLE,0.000612,0.011844,0,0,0,0,157344.610330,157344.610330,0.000000,0.000000,0
mas76,config17,4,FOUND INTEGER FEASIBLE,0.000583,0.011753,0,0,0,0,157344.610330,157344.610330,0.000000,0.000000,0
mas76,config17,5,FOUND INTEGER FEASIBLE,0.000625,0.011783,0,0,0,0,157344.610330,157344.610330,0.000000,0.000000,0
mas76,config21,1,FOUND INTEGER FEASIBLE,0.000652,0.011961,0,0,0,0,157344.610480,93644.999207,0.000000,0.000000,0
mas76,config21,2,FOUND INTEGER FEASIBLE,0.000620,0.011787,0,0,0,0,157344.610480,93644.999207,0.000000,0.000000,0
mas76,config21,3,FOUND INTEGER FEASIBLE,0.000637,0.011824,0,0,0,0,157344.610480,93644.999207,0.000000,0.000000,0
mas76,config21,4,FOUND INTEGER FEASIBLE,0.000642,0.011875,0,0,0,0,157344.610480,93644.999207,0.000000,0.000000,0
mas76,config21,5,FOUND INTEGER FEASIBLE,0.000629,0.011771,0,0,0,0,157344.610480,93644.999207,0.000000,0.000000,0
mas76,config23,1,FOUND INTEGER FEASIBLE,0.000651,0.011869,0,0,0,0,157344.610330,157344.610330,0.000000,0.000000,0
mas76,config23,2,FOUND INTEGER FEASIBLE,0.000612,0.011844,0,0,0,0,157344.610330,157344.610330,0.000000,0.000000,0
mas76,config23,3,FOUND INTEGER FEASIBLE,0.000635,0.011936,0,0,0,0,157344.610330,157344.610330,0.000000,0.000000,0
mas76,config23,4,FOUND INTEGER FEASIBLE,0.000696,0.011776,0,0,0,0,157344.610330,157344.610330,0.000000,0.000000,0
mas76,config23,5,FOUND INTEGER FEASIBLE,0.000613,0.011755,0,0,0,0,157344.610330,157344.610330,0.000000,0.000000,0
mc11,config16,1,FOUND INTEGER FEASIBLE,0.024069,0.123395,16,9,0,0,30628.000000,30628.000000,0.000000,0.000000,0
mc11,config16,2,FOUND INTEGER FEASIBLE,0.027390,0.130686,18,9,0,0,32055.000000,32055.000000,0.000000,0.000000,0
mc11,config16,3,FOUND INTEGER FEASIBLE,0.026893,0.123685,15,9,0,0,31271.000000,31271.000000,0.000000,0.000000,0
mc11,config16,4,FOUND INTEGER FEASIBLE,0.023800,0.101370,9,9,0,0,29864.000000,29864.000000,0.000000,0.000000,0
mc11,config16,5,FOUND INTEGER FEASIBLE,0.023605,0.103788,11,9,0,0,21437.000000,21437.000000,0.000000,0.000000,0
mc11,config17,1,FOUND INTEGER FEASIBLE,0.039320,0.134625,16,9,0,0,31579.000000,31579.000000,0.000000,0.000000,0
mc11,config17,2,FOUND INTEGER FEASIBLE,0.039319,0.138709,18,9,0,0,32970.000000,32970.000000,0.000000,0.000000,0
mc11,config17,3,FOUND INTEGER FEASIBLE,0.042814,0.143250,16,9,0,0,33401.000000,33401.000000,0.000000,0.000000,0
mc11,config17,4,FOUND INTEGER FEASIBLE,0.039372,0.115437,7,9,0,0,31754.000000,31754.000000,0.000000,0.000000,0
mc11,config17,5,FOUND INTEGER FEASIBLE,0.039323,0.117503,9,9,0,0,32069.000000,32069.000000,0.000000,0.000000,0
mc11,config21,1,FOUND INTEGER FEASIBLE,0.012949,0.065979,0,1,1,1,128755.000000,128755.000000,0.000000,0.000000,0
mc11,config21,2,FOUND INTEGER FEASIBLE,0.010888,0.058711,0,1,1,1,128755.000000,128755.000000,0.000000,0.000000,0
mc11,config21,3,FOUND INTEGER FEASIBLE,0.010858,0.058643,0,1,1,1,128755.000000,128755.000000,0.000000,0.000000,0
mc11,config21,4,FOUND INTEGER FEASIBLE,0.013011,0.066881,0,1,1,1,128755.000000,128755.000000,0.000000,0.000000,0
mc11,config21,5,FOUND INTEGER FEASIBLE,0.012940,0.065503,0,1,1,1,128755.000000,128755.000000,0.000000,0.000000,0
mc11,config23,1,FOUND INTEGER FEASIBLE,0.012912,0.108545,15,1,1,1,34432.000000,34432.000000,0.000000,0.000000,0
mc11,config23,2,FOUND INTEGER FEASIBLE,0.010884,0.108540,18,1,1,1,33418.000000,33418.000000,0.000000,0.000000,0
mc11,config23,3,FOUND INTEGER FEASIBLE,0.013106,0.112162,16,1,1,1,33010.000000,33010.000000,0.000000,0.000000,0
mc11,config23,4,FOUND INTEGER FEASIBLE,0.013090,0.090531,7,1,1,1,32058.000000,32058.000000,0.000000,0.000000,0
mc11,config23,5,FOUND INTEGER FEASIBLE,0.010943,0.084691,8,1,1,1,30733.000000,30733.000000,0.000000,0.000000,0
mcsched,config16,1,FOUND INTEGER FEASIBLE,0.342108,0.369807,0,11,0,0,355728.000000,355728.000000,0.000000,0.000000,0
mcsched,config16,2,FOUND INTEGER FEASIBLE,0.343150,0.375450,0,11,0,0,355728.000000,355728.000000,0.000000,0.000000,0
mcsched,config16,3,FOUND INTEGER FEASIBLE,0.259462,0.290444,0,11,0,0,355728.000000,355728.000000,0.000000,0.000000,0
mcsched,config16,4,FOUND INTEGER FEASIBLE,0.337045,0.363084,0,11,0,0,355728.000000,355728.000000,0.000000,0.000000,0
mcsched,config16,5,FOUND INTEGER FEASIBLE,0.341446,0.373387,0,11,0,0,355728.000000,355728.000000,0.000000,0.000000,0
mcsched,config17,1,FOUND INTEGER FEASIBLE,0.002641,0.028302,0,1,0,0,474282.000000,474282.000000,0.000000,0.000000,0
mcsched,config17,2,FOUND INTEGER FEASIBLE,0.003244,0.034323,0,1,0,0,474282.000000,474282.000000,0.000000,0.000000,0
mcsched,config17,3,FOUND INTEGER FEASIBLE,0.002784,0.029001,0,1,0,0,474282.000000,474282.000000,0.000000,0.000000,0
mcsched,config17,4,FOUND INTEGER FEASIBLE,0.003299,0.034328,0,1,0,0,474282.000000,474282.000000,0.000000,0.000000,0
mcsched,config17,5,FOUND INTEGER FEASIBLE,0.003324,0.034804,0,1,0,0,474282.000000,474282.000000,0.000000,0.000000,0
mcsched,config21,1,FOUND INTEGER FEASIBLE,0.165075,0.197334,0,10,0,0,341567.000000,341567.000000,0.000000,0.000000,0
mcsched,config21,2,FOUND INTEGER FEASIBLE,0.160436,0.186528,0,10,0,0,341567.000000,341567.000000,0.000000,0.000000,0
mcsched,config21,3,FOUND INTEGER FEASIBLE,0.161021,0.187562,0,10,0,0,341567.000000,341567.000000,0.000000,0.000000,0
mcsched,config21,4,FOUND INTEGER FEASIBLE,0.165833,0.197147,0,10,0,0,341567.000000,341567.000000,0.000000,0.000000,0
mcsched,config21,5,FOUND INTEGER FEASIBLE,0.164367,0.196705,0,10,0,0,341567.000000,341567.000000,0.000000,0.000000,0
mcsched,config23,1,FOUND INTEGER FEASIBLE,0.160777,0.187295,0,10,0,0,337568.000000,337568.000000,0.000000,0.000000,0
mcsched,config23,2,FOUND INTEGER FEASIBLE,0.160883,0.187554,0,10,0,0,337568.000000,337568.000000,0.000000,0.000000,0
mcsched,config23,3,FOUND INTEGER FEASIBLE,0.164169,0.195269,0,10,0,0,337568.000000,337568.000000,0.000000,0.000000,0
mcsched,config23,4,FOUND INTEGER FEASIBLE,0.160990,0.187280,0,10,0,0,337568.000000,337568.000000,0.000000,0.000000,0
mcsched,config23,5,FOUND INTEGER FEASIBLE,0.161221,0.187471,0,10,0,0,337568.000000,337568.000000,0.000000,0.000000,0
mik-250-20-75-4,config16,1,FOUND INTEGER FEASIBLE,0.007004,0.045075,2,10,0,0,0.000000,0.000000,0.000000,0.000000,0
mik-250-20-75-4,config16,2,FOUND INTEGER FEASIBLE,0.008363,0.053639,2,10,0,0,100.000000,100.000000,0.000000,0.000000,0
mik-250-20-75-4,config16,3,FOUND INTEGER FEASIBLE,0.006995,0.045613,2,10,0,0,200.000000,200.000000,0.000000,0.000000,0
mik-250-20-75-4,config16,4,FOUND INTEGER FEASIBLE,0.008419,0.051747,2,10,0,0,200.000000,200.000000,0.000000,0.000000,0
mik-250-20-75-4,config16,5,FOUND INTEGER FEASIBLE,0.007030,0.046743,2,10,0,0,95697.000000,95681.000000,0.000000,0.000000,0
mik-250-20-75-4,config17,1,FOUND INTEGER FEASIBLE,0.000783,0.032346,0,0,0,0,780596.000000,750000.000000,0.000000,0.000000,0
mik-250-20-75-4,config17,2,FOUND INTEGER FEASIBLE,0.000788,0.032272,0,0,0,0,780596.000000,750000.000000,0.000000,0.000000,0
mik-250-20-75-4,config17,3,FOUND INTEGER FEASIBLE,0.000799,0.032445,0,0,0,0,780596.000000,750000.000000,0.000000,0.000000,0
mik-250-20-75-4,config17,4,FOUND INTEGER FEASIBLE,0.000778,0.032346,0,0,0,0,780596.000000,750000.000000,0.000000,0.000000,0
mik-250-20-75-4,config17,5,FOUND INTEGER FEASIBLE,0.000870,0.032550,0,0,0,0,780596.000000,750000.000000,0.000000,0.000000,0
mik-250-20-75-4,config21,1,FOUND INTEGER FEASIBLE,0.004918,0.033692,0,12,0,0,778425.000000,747829.000000,0.000000,0.000000,0
mik-250-20-75-4,config21,2,FOUND INTEGER FEASIBLE,0.004935,0.033702,0,12,0,0,778425.000000,747829.000000,0.000000,0.000000,0
mik-250-20-75-4,config21,3,FOUND INTEGER FEASIBLE,0.004931,0.033973,0,12,0,0,778425.000000,747829.000000,0.000000,0.000000,0
mik-250-20-75-4,config21,4,FOUND INTEGER FEASIBLE,0.006665,0.042601,0,12,0,0,778425.000000,747829.000000,0.000000,0.000000,0
mik-250-20-75-4,config21,5,FOUND INTEGER FEASIBLE,0.005961,0.041157,0,12,0,0,778425.000000,747829.000000,0.000000,0.000000,0
mik-250-20-75-4,config23,1,FOUND INTEGER FEASIBLE,0.006092,0.040375,0,12,0,0,780596.000000,750000.000000,0.000000,0.000000,0
mik-250-20-75-4,config23,2,FOUND INTEGER FEASIBLE,0.005933,0.040254,0,12,0,0,780596.000000,750000.000000,0.000000,0.000000,0
mik-250-20-75-4,config23,3,FOUND INTEGER FEASIBLE,0.004972,0.033274,0,12,0,0,780596.000000,750000.000000,0.000000,0.000000,0
mik-250-20-75-4,config23,4,FOUND INTEGER FEASIBLE,0.004994,0.033563,0,12,0,0,780596.000000,750000.000000,0.000000,0.000000,0
mik-250-20-75-4,config23,5,FOUND INTEGER FEASIBLE,0.005726,0.037984,0,12,0,0,780596.000000,750000.000000,0.000000,0.000000,0
milo-v12-6-r2-40-1,config16,1,FOUND INTEGER FEASIBLE,0.879524,1.016587,7,2,0,0,497923.926369,497923.926369,0.000000,0.000000,0
milo-v12-6-r2-40-1,config16,2,FOUND INTEGER FEASIBLE,0.892316,1.058896,12,2,0,0,509923.926369,509923.926369,0.000000,0.000000,0
milo-v12-6-r2-40-1,config16,3,FOUND INTEGER FEASIBLE,0.910581,1.064947,5,2,0,0,494923.926369,494923.926369,0.000000,0.000000,0
milo-v12-6-r2-40-1,config16,4,FOUND INTEGER FEASIBLE,0.850612,0.966659,3,2,0,0,512923.926369,512923.926369,0.000000,0.000000,0
milo-v12-6-r2-40-1,config16,5,FOUND INTEGER FEASIBLE,0.518665,0.599752,2,2,0,0,506923.926369,506923.926369,0.000000,0.000000,0
milo-v12-6-r2-40-1,config17,1,FOUND INTEGER FEASIBLE,0.469499,0.731077,16,1,0,0,826038.239818,826038.239818,0.000000,0.000000,0
milo-v12-6-r2-40-1,config17,2,FOUND INTEGER FEASIBLE,0.470831,0.753864,21,1,0,0,832886.767955,832886.767955,0.000000,0.000000,0
milo-v12-6-r2-40-1,config17,3,FOUND INTEGER FEASIBLE,0.468734,0.715086,14,1,0,0,816794.884863,816794.884863,0.000000,0.000000,0
milo-v12-6-r2-40-1,config17,4,FOUND INTEGER FEASIBLE,0.466607,0.650369,3,1,0,0,868926.064456,868926.064456,0.000000,0.000000,0
milo-v12-6-r2-40-1,config17,5,FOUND INTEGER FEASIBLE,0.472260,0.720400,9,1,0,0,813135.339420,813135.339420,0.000000,0.000000,0
milo-v12-6-r2-40-1,config21,1,FOUND INTEGER FEASIBLE,0.104702,0.294395,0,0,0,0,1468763.635436,1468763.635436,0.000000,0.000000,0
milo-v12-6-r2-40-1,config21,2,FOUND INTEGER FEASIBLE,0.103943,0.294012,0,0,0,0,1468763.635436,1468763.635436,0.000000,0.000000,0
milo-v12-6-r2-40-1,config21,3,FOUND INTEGER FEASIBLE,0.104199,0.286039,0,0,0,0,1468763.635436,1468763.635436,0.000000,0.000000,0
milo-v12-6-r2-40-1,config21,4,FOUND INTEGER FEASIBLE,0.103871,0.285878,0,0,0,0,1468763.635436,1468763.635436,0.000000,0.000000,0
milo-v12-6-r2-40-1,config21,5,FOUND INTEGER FEASIBLE,0.103689,0.293858,0,0,0,0,1468763.635436,1468763.635436,0.000000,0.000000,0
milo-v12-6-r2-40-1,config23,1,FOUND INTEGER FEASIBLE,0.105043,0.631085,16,0,0,0,826038.239818,826038.239818,0.000000,0.000000,0
milo-v12-6-r2-40-1,config23,2,FOUND INTEGER FEASIBLE,0.104176,0.597075,21,0,0,0,833226.179210,833226.179210,0.000000,0.000000,0
milo-v12-6-r2-40-1,config23,3,FOUND INTEGER FEASIBLE,0.103643,0.606830,14,0,0,0,825195.313424,825195.313424,0.000000,0.000000,0
milo-v12-6-r2-40-1,config23,4,FOUND INTEGER FEASIBLE,0.103949,0.430473,3,0,0,0,868926.064456,868926.064456,0.000000,0.000000,0
milo-v12-6-r2-40-1,config23,5,FOUND INTEGER FEASIBLE,0.103538,0.584901,9,0,0,0,813135.339420,813135.339420,0.000000,0.000000,0
momentum1,config16,1,FOUND INTEGER FEASIBLE,1.788034,53.305161,4460,8,8,0,372305.495273,372300.499954,0.000000,0.000000,0
momentum1,config16,2,FOUND INTEGER FEASIBLE,1.432546,15.455701,1108,8,8,0,359372.024126,359364.811723,0.000000,0.000000,0
momentum1,config16,3,FOUND INTEGER FEASIBLE,1.798502,6.566915,462,8,5,0,269581.270667,269578.478352,0.000000,0.000000,0
momentum1,config16,4,FOUND INTEGER FEASIBLE,1.466044,37.331682,2759,8,8,0,365975.825826,365972.298181,0.000000,0.000000,0
momentum1,config16,5,FOUND INTEGER FEASIBLE,1.799018,4.134192,256,8,2,0,320825.067907,320824.299102,0.000000,0.000000,0
momentum1,config17,1,FOUND INTEGER FEASIBLE,6.492616,53.699005,3483,10,10,0,397932.313863,397927.508918,0.000000,0.000000,0
momentum1,config17,2,FOUND INTEGER FEASIBLE,7.180497,24.104828,1308,10,10,0,385074.638616,385069.545981,0.000000,0.000000,0
momentum1,config17,3,FOUND INTEGER FEASIBLE,6.290075,7.955161,194,10,1,0,307936.962605,307931.232999,0.000017,0.000000,0
momentum1,config17,4,FOUND INTEGER FEASIBLE,7.384058,21.609306,1331,10,10,0,378700.622802,378694.571541,0.000000,0.000000,0
momentum1,config17,5,FOUND INTEGER FEASIBLE,5.596750,33.415479,2311,10,10,0,391495.716032,391488.328835,0.000000,0.000000,0
momentum1,config21,1,FOUND INTEGER FEASIBLE,1.509473,1.979776,37,7,0,0,282484.448399,282480.927087,0.000017,0.000000,0
momentum1,config21,2,FOUND INTEGER FEASIBLE,1.505626,1.918987,5,7,0,0,282461.474432,282459.752108,0.000016,0.000000,0
momentum1,config21,3,FOUND INTEGER FEASIBLE,1.512242,2.049335,87,7,0,0,295287.202631,295285.778133,0.000017,0.000000,0
momentum1,config21,4,FOUND INTEGER FEASIBLE,1.492880,1.960747,66,7,0,0,288907.748446,288906.046112,0.000017,0.000000,0
momentum1,config21,5,FOUND INTEGER FEASIBLE,1.146746,1.514141,44,7,0,0,288844.810405,288844.457458,0.000016,0.000000,0
momentum1,config23,1,FOUND INTEGER FEASIBLE,1.462933,1.905836,38,7,0,0,288883.002498,288878.761672,0.000017,0.000000,0
momentum1,config23,2,FOUND INTEGER FEASIBLE,0.790698,1.029747,3,7,0,0,282496.811644,282493.421608,0.000017,0.000000,0
momentum1,config23,3,FOUND INTEGER FEASIBLE,0.783297,1.024452,48,7,0,0,288859.506648,288856.575188,0.000017,0.000000,0
momentum1,config23,4,FOUND INTEGER FEASIBLE,0.783319,0.987573,3,7,0,0,282498.827344,282493.410152,0.000017,0.000000,0
momentum1,config23,5,FOUND INTEGER FEASIBLE,1.503720,1.939512,45,7,0,0,276068.863121,276067.954362,0.000017,0.000000,0
mushroom-best,config16,1,FOUND INTEGER FEASIBLE,0.368948,0.597596,2,4,0,0,0.095058,0.095058,0.000000,0.000000,0
mushroom-best,config16,2,FOUND INTEGER FEASIBLE,0.658700,1.040296,2,4,0,0,0.095058,0.095058,0.000000,0.000000,0
mushroom-best,config16,3,FOUND INTEGER FEASIBLE,0.642669,1.026733,2,4,0,0,0.095077,0.095077,0.000000,0.000000,0
mushroom-best,config16,4,FOUND INTEGER FEASIBLE,0.659591,1.035449,2,4,0,0,0.095058,0.095058,0.000000,0.000000,0
mushroom-best,config16,5,FOUND INTEGER FEASIBLE,0.650020,1.005698,1,4,0,0,0.095058,0.095058,0.000000,0.000000,0
mushroom-best,config17,1,FOUND INTEGER FEASIBLE,0.502102,0.816051,2,2,0,0,48.055462,48.055302,0.000000,0.000000,0
mushroom-best,config17,2,FOUND INTEGER FEASIBLE,0.500009,0.810069,3,2,0,0,48.047567,48.047407,0.000000,0.000000,0
mushroom-best,config17,3,FOUND INTEGER FEASIBLE,0.504512,0.787604,2,2,0,0,48.055462,48.055302,0.000000,0.000000,0
mushroom-best,config17,4,FOUND INTEGER FEASIBLE,0.496784,0.811399,2,2,0,0,48.047567,48.047407,0.000000,0.000000,0
mushroom-best,config17,5,FOUND INTEGER FEASIBLE,0.509775,0.826633,1,2,0,0,48.047567,48.047407,0.000000,0.000000,0
mushroom-best,config21,1,FOUND INTEGER FEASIBLE,0.021796,0.538817,0,0,0,0,8124.895732,8124.895732,0.000000,0.000000,0
mushroom-best,config21,2,FOUND INTEGER FEASIBLE,0.021736,0.527835,0,0,0,0,8124.895732,8124.895732,0.000000,0.000000,0
mushroom-best,config21,3,FOUND INTEGER FEASIBLE,0.021184,0.530830,0,0,0,0,8124.895732,8124.895732,0.000000,0.000000,0
mushroom-best,config21,4,FOUND INTEGER FEASIBLE,0.021743,0.526839,0,0,0,0,8124.895732,8124.895732,0.000000,0.000000,0
mushroom-best,config21,5,FOUND INTEGER FEASIBLE,0.021822,0.523913,0,0,0,0,8124.895732,8124.895732,0.000000,0.000000,0
mushroom-best,config23,1,FOUND INTEGER FEASIBLE,0.021223,6.418665,25,0,0,0,5339.713386,5339.713357,0.000000,0.000000,0
mushroom-best,config23,2,FOUND INTEGER FEASIBLE,0.022053,4.277934,20,0,0,0,5260.713402,5260.713350,0.000000,0.000000,0
mushroom-best,config23,3,FOUND INTEGER FEASIBLE,0.021679,4.941733,16,0,0,0,4751.697649,4751.697434,0.000041,0.000000,0
mushroom-best,config23,4,FOUND INTEGER FEASIBLE,0.021455,4.769066,21,0,0,0,5134.737166,5134.737051,0.000000,0.000000,0
mushroom-best,config23,5,FOUND INTEGER FEASIBLE,0.021875,5.435712,19,0,0,0,2663.760979,2663.760886,0.000000,0.000000,0
mzzv11,config16,1,FOUND INTEGER FEASIBLE,8.108396,8.544307,0,12,0,0,0.000000,0.000000,0.000000,0.000000,0
mzzv11,config16,2,FOUND INTEGER FEASIBLE,8.263324,8.788806,0,12,0,0,0.000000,0.000000,0.000000,0.000000,0
mzzv11,config16,3,FOUND INTEGER FEASIBLE,7.979684,8.500555,0,12,0,0,0.000000,0.000000,0.000000,0.000000,0
mzzv11,config16,4,FOUND INTEGER FEASIBLE,7.305335,7.829439,0,12,0,0,0.000000,0.000000,0.000000,0.000000,0
mzzv11,config16,5,FOUND INTEGER FEASIBLE,7.187507,7.463234,0,12,0,0,0.000000,0.000000,0.000000,0.000000,0
mzzv11,config17,1,FOUND INTEGER FEASIBLE,0.031581,0.309485,0,1,0,0,0.000000,0.000000,0.000000,0.000000,0
mzzv11,config17,2,FOUND INTEGER FEASIBLE,0.031887,0.309913,0,1,0,0,0.000000,0.000000,0.000000,0.000000,0
mzzv11,config17,3,FOUND INTEGER FEASIBLE,0.033727,0.313993,0,1,0,0,0.000000,0.000000,0.000000,0.000000,0
mzzv11,config17,4,FOUND INTEGER FEASIBLE,0.032072,0.314673,0,1,0,0,0.000000,0.000000,0.000000,0.000000,0
mzzv11,config17,5,FOUND INTEGER FEASIBLE,0.032133,0.311723,0,1,0,0,0.000000,0.000000,0.000000,0.000000,0
mzzv11,config21,1,FOUND INTEGER FEASIBLE,16.430492,16.722090,0,12,0,0,0.000000,0.000000,0.000000,0.000000,0
mzzv11,config21,2,FOUND INTEGER FEASIBLE,15.297349,15.832701,0,12,0,0,0.000000,0.000000,0.000000,0.000000,0
mzzv11,config21,3,FOUND INTEGER FEASIBLE,15.203761,15.744560,0,12,0,0,0.000000,0.000000,0.000000,0.000000,0
mzzv11,config21,4,FOUND INTEGER FEASIBLE,17.525093,17.821526,0,12,0,0,0.000000,0.000000,0.000000,0.000000,0
mzzv11,config21,5,FOUND INTEGER FEASIBLE,15.536893,15.833725,0,12,0,0,0.000000,0.000000,0.000000,0.000000,0
mzzv11,config23,1,FOUND INTEGER FEASIBLE,15.920561,16.327021,0,12,0,0,0.000000,0.000000,0.000000,0.000000,0
mzzv11,config23,2,FOUND INTEGER FEASIBLE,16.258142,16.837632,0,12,0,0,0.000000,0.000000,0.000000,0.000000,0
mzzv11,config23,3,FOUND INTEGER FEASIBLE,17.127953,17.681021,0,12,0,0,0.000000,0.000000,0.000000,0.000000,0
mzzv11,config23,4,FOUND INTEGER FEASIBLE,17.518968,18.087869,0,12,0,0,0.000000,0.000000,0.000000,0.000000,0
mzzv11,config23,5,FOUND INTEGER FEASIBLE,16.152346,16.685443,0,12,0,0,0.000000,0.000000,0.000000,0.000000,0
mzzv42z,config16,1,FOUND INTEGER FEASIBLE,2.712368,3.043504,0,12,0,0,0.000000,0.000000,0.000000,0.000000,0
mzzv42z,config16,2,FOUND INTEGER FEASIBLE,2.240436,2.714145,0,12,0,0,0.000000,0.000000,0.000000,0.000000,0
mzzv42z,config16,3,FOUND INTEGER FEASIBLE,2.709475,3.271609,0,12,0,0,0.000000,0.000000,0.000000,0.000000,0
mzzv42z,config16,4,FOUND INTEGER FEASIBLE,3.736882,4.300615,0,12,0,0,0.000000,0.000000,0.000000,0.000000,0
mzzv42z,config16,5,FOUND INTEGER FEASIBLE,1.950843,2.290940,0,12,0,0,0.000000,0.000000,0.000000,0.000000,0
mzzv42z,config17,1,FOUND INTEGER FEASIBLE,0.035340,0.331508,0,1,0,0,0.000000,0.000000,0.000000,0.000000,0
mzzv42z,config17,2,FOUND INTEGER FEASIBLE,0.035361,0.330438,0,1,0,0,0.000000,0.000000,0.000000,0.000000,0
mzzv42z,config17,3,FOUND INTEGER FEASIBLE,0.067915,0.666315,0,1,0,0,0.000000,0.000000,0.000000,0.000000,0
mzzv42z,config17,4,FOUND INTEGER FEASIBLE,0.068110,0.673294,0,1,0,0,0.000000,0.000000,0.000000,0.000000,0
mzzv42z,config17,5,FOUND INTEGER FEASIBLE,0.068576,0.648694,0,1,0,0,0.000000,0.000000,0.000000,0.000000,0
mzzv42z,config21,1,FOUND INTEGER FEASIBLE,2.623395,3.072232,0,12,0,0,0.000000,0.000000,0.000000,0.000000,0
mzzv42z,config21,2,FOUND INTEGER FEASIBLE,2.368105,2.944772,0,12,0,0,0.000000,0.000000,0.000000,0.000000,0
mzzv42z,config21,3,FOUND INTEGER FEASIBLE,2.367780,2.942941,0,12,0,0,0.000000,0.000000,0.000000,0.000000,0
mzzv42z,config21,4,FOUND INTEGER FEASIBLE,2.372361,2.928371,0,12,0,0,0.000000,0.000000,0.000000,0.000000,0
mzzv42z,config21,5,FOUND INTEGER FEASIBLE,1.591669,1.902528,0,12,0,0,0.000000,0.000000,0.000000,0.000000,0
mzzv42z,config23,1,FOUND INTEGER FEASIBLE,2.361958,2.943816,0,12,0,0,0.000000,0.000000,0.000000,0.000000,0
mzzv42z,config23,2,FOUND INTEGER FEASIBLE,1.822320,2.167309,0,12,0,0,0.000000,0.000000,0.000000,0.000000,0
mzzv42z,config23,3,FOUND INTEGER FEASIBLE,2.093104,2.645868,0,12,0,0,0.000000,0.000000,0.000000,0.000000,0
mzzv42z,config23,4,FOUND INTEGER FEASIBLE,2.183345,2.641811,0,12,0,0,0.000000,0.000000,0.000000,0.000000,0
mzzv42z,config23,5,FOUND INTEGER FEASIBLE,1.605525,1.913136,0,12,0,0,0.000000,0.000000,0.000000,0.000000,0
n2seq36q,config16,1,FOUND INTEGER FEASIBLE,0.258783,0.695192,2,11,0,0,71400.000000,71400.000000,0.000000,0.000000,0
n2seq36q,config16,2,FOUND INTEGER FEASIBLE,0.344044,0.988755,2,11,0,0,71400.000000,71400.000000,0.000000,0.000000,0
n2seq36q,config16,3,FOUND INTEGER FEASIBLE,0.342365,1.009989,3,11,0,0,88600.000000,88600.000000,0.000000,0.000000,0
n2seq36q,config16,4,FOUND INTEGER FEASIBLE,0.340782,0.983102,2,11,0,0,71400.000000,71400.000000,0.000000,0.000000,0
n2seq36q,config16,5,FOUND INTEGER FEASIBLE,0.340444,0.995399,4,11,0,0,91600.000000,91600.000000,0.000000,0.000000,0
n2seq36q,config17,1,FOUND INTEGER FEASIBLE,0.112403,0.744125,0,1,0,0,232800.000000,232800.000000,0.000000,0.000000,0
n2seq36q,config17,2,FOUND INTEGER FEASIBLE,0.110811,0.739011,0,1,0,0,232800.000000,232800.000000,0.000000,0.000000,0
n2seq36q,config17,3,FOUND INTEGER FEASIBLE,0.087863,0.597324,0,1,0,0,232800.000000,232800.000000,0.000000,0.000000,0
n2seq36q,config17,4,FOUND INTEGER FEASIBLE,0.110726,0.768019,0,1,0,0,232800.000000,232800.000000,0.000000,0.000000,0
n2seq36q,config17,5,FOUND INTEGER FEASIBLE,0.082881,0.566853,0,1,0,0,232800.000000,232800.000000,0.000000,0.000000,0
n2seq36q,config21,1,FOUND INTEGER FEASIBLE,0.109781,0.656961,1,6,0,0,1489800.000000,1489800.000000,0.000000,0.000000,0
n2seq36q,config21,2,FOUND INTEGER FEASIBLE,0.109277,0.645880,1,6,0,0,1489400.000000,1489400.000000,0.000000,0.000000,0
n2seq36q,config21,3,FOUND INTEGER FEASIBLE,0.147937,0.894100,1,6,0,0,1489800.000000,1489800.000000,0.000000,0.000000,0
n2seq36q,config21,4,FOUND INTEGER FEASIBLE,0.146178,0.873106,1,6,0,0,1489400.000000,1489400.000000,0.000000,0.000000,0
n2seq36q,config21,5,FOUND INTEGER FEASIBLE,0.145219,0.863821,1,6,0,0,1489800.000000,1489800.000000,0.000000,0.000000,0
n2seq36q,config23,1,FOUND INTEGER FEASIBLE,0.110131,0.633634,0,6,0,0,208400.000000,208400.000000,0.000000,0.000000,0
n2seq36q,config23,2,FOUND INTEGER FEASIBLE,0.147413,0.842935,0,6,0,0,208400.000000,208400.000000,0.000000,0.000000,0
n2seq36q,config23,3,FOUND INTEGER FEASIBLE,0.146779,0.843980,0,6,0,0,208400.000000,208400.000000,0.000000,0.000000,0
n2seq36q,config23,4,FOUND INTEGER FEASIBLE,0.145625,0.832777,0,6,0,0,208400.000000,208400.000000,0.000000,0.000000,0
n2seq36q,config23,5,FOUND INTEGER FEASIBLE,0.146575,0.834429,0,6,0,0,208400.000000,208400.000000,0.000000,0.000000,0
n3div36,config16,1,FOUND INTEGER FEASIBLE,0.452713,1.054706,1,8,0,0,220600.000000,220600.000000,0.000000,0.000000,0
n3div36,config16,2,FOUND INTEGER FEASIBLE,0.449583,1.040484,1,8,0,0,171800.000000,171800.000000,0.000000,0.000000,0
n3div36,config16,3,FOUND INTEGER FEASIBLE,0.451555,1.040041,1,8,0,0,241400.000000,241400.000000,0.000000,0.000000,0
n3div36,config16,4,FOUND INTEGER FEASIBLE,0.449265,1.040682,1,8,0,0,171800.000000,171800.000000,0.000000,0.000000,0
n3div36,config16,5,FOUND INTEGER FEASIBLE,0.448635,1.042193,1,8,0,0,354000.000000,354000.000000,0.000000,0.000000,0
n3div36,config17,1,FOUND INTEGER FEASIBLE,0.158537,0.905286,1,4,0,0,323600.000000,323600.000000,0.000000,0.000000,0
n3div36,config17,2,FOUND INTEGER FEASIBLE,0.158622,0.901255,1,4,0,0,323600.000000,323600.000000,0.000000,0.000000,0
n3div36,config17,3,FOUND INTEGER FEASIBLE,0.157889,0.907140,1,4,0,0,392200.000000,392200.000000,0.000000,0.000000,0
n3div36,config17,4,FOUND INTEGER FEASIBLE,0.151566,0.863274,1,4,0,0,323600.000000,323600.000000,0.000000,0.000000,0
n3div36,config17,5,FOUND INTEGER FEASIBLE,0.158453,0.906951,1,4,0,0,544600.000000,544600.000000,0.000000,0.000000,0
n3div36,config21,1,FOUND INTEGER FEASIBLE,0.088998,0.780698,0,0,0,0,182435600.000000,182435600.000000,0.000000,0.000000,0
n3div36,config21,2,FOUND INTEGER FEASIBLE,0.120128,1.023825,0,0,0,0,182435600.000000,182435600.000000,0.000000,0.000000,0
n3div36,config21,3,FOUND INTEGER FEASIBLE,0.089635,0.774143,0,0,0,0,182435600.000000,182435600.000000,0.000000,0.000000,0
n3div36,config21,4,FOUND INTEGER FEASIBLE,0.091518,0.760699,0,0,0,0,182435600.000000,182435600.000000,0.000000,0.000000,0
n3div36,config21,5,FOUND INTEGER FEASIBLE,0.117950,1.015573,0,0,0,0,182435600.000000,182435600.000000,0.000000,0.000000,0
n3div36,config23,1,FOUND INTEGER FEASIBLE,0.117783,1.057822,1,0,0,0,209400.000000,209400.000000,0.000000,0.000000,0
n3div36,config23,2,FOUND INTEGER FEASIBLE,0.119266,1.062362,1,0,0,0,186800.000000,186800.000000,0.000000,0.000000,0
n3div36,config23,3,FOUND INTEGER FEASIBLE,0.088916,0.807409,1,0,0,0,209400.000000,209400.000000,0.000000,0.000000,0
n3div36,config23,4,FOUND INTEGER FEASIBLE,0.119725,1.057450,1,0,0,0,186800.000000,186800.000000,0.000000,0.000000,0
n3div36,config23,5,FOUND INTEGER FEASIBLE,0.120993,1.067175,1,0,0,0,209400.000000,209400.000000,0.000000,0.000000,0
n5-3,config16,1,FOUND INTEGER FEASIBLE,0.021842,0.095779,4,1,0,0,13370.000000,13245.000000,0.000000,0.000000,0
n5-3,config16,2,FOUND INTEGER FEASIBLE,0.021849,0.107979,3,1,0,0,11855.000000,11745.000000,0.000000,0.000000,0
n5-3,config16,3,FOUND INTEGER FEASIBLE,0.018363,0.105789,3,1,0,0,14806.000000,13300.000000,0.000000,0.000000,0
n5-3,config16,4,FOUND INTEGER FEASIBLE,0.018103,0.073092,1,1,0,0,13225.000000,13225.000000,0.000000,0.000000,0
n5-3,config16,5,FOUND INTEGER FEASIBLE,0.017912,0.106929,2,1,0,0,13795.000000,12355.000000,0.000000,0.000000,0
n5-3,config17,1,FOUND INTEGER FEASIBLE,0.012518,0.055372,0,1,0,0,25204935.000000,25204425.000000,0.000000,0.000000,0
n5-3,config17,2,FOUND INTEGER FEASIBLE,0.012570,0.057613,0,1,0,0,25204935.000000,25204425.000000,0.000000,0.000000,0
n5-3,config17,3,FOUND INTEGER FEASIBLE,0.012486,0.056086,0,1,0,0,25204935.000000,25204425.000000,0.000000,0.000000,0
n5-3,config17,4,FOUND INTEGER FEASIBLE,0.010462,0.049566,0,1,0,0,25204935.000000,25204425.000000,0.000000,0.000000,0
n5-3,config17,5,FOUND INTEGER FEASIBLE,0.010341,0.049067,0,1,0,0,25204935.000000,25204425.000000,0.000000,0.000000,0
n5-3,config21,1,FOUND INTEGER FEASIBLE,0.012721,0.058203,0,0,0,0,25204735.000000,25204225.000000,0.000000,0.000000,0
n5-3,config21,2,FOUND INTEGER FEASIBLE,0.012574,0.057072,0,0,0,0,25204735.000000,25204225.000000,0.000000,0.000000,0
n5-3,config21,3,FOUND INTEGER FEASIBLE,0.010340,0.049275,0,0,0,0,25204735.000000,25204225.000000,0.000000,0.000000,0
n5-3,config21,4,FOUND INTEGER FEASIBLE,0.012665,0.055375,0,0,0,0,25204735.000000,25204225.000000,0.000000,0.000000,0
n5-3,config21,5,FOUND INTEGER FEASIBLE,0.010408,0.049198,0,0,0,0,25204735.000000,25204225.000000,0.000000,0.000000,0
n5-3,config23,1,FOUND INTEGER FEASIBLE,0.010386,0.048633,0,0,0,0,25204435.000000,25203925.000000,0.000000,0.000000,0
n5-3,config23,2,FOUND INTEGER FEASIBLE,0.010321,0.048842,0,0,0,0,25204435.000000,25203925.000000,0.000000,0.000000,0
n5-3,config23,3,FOUND INTEGER FEASIBLE,0.010382,0.049274,0,0,0,0,25204435.000000,25203925.000000,0.000000,0.000000,0
n5-3,config23,4,FOUND INTEGER FEASIBLE,0.010421,0.049117,0,0,0,0,25204435.000000,25203925.000000,0.000000,0.000000,0
n5-3,config23,5,FOUND INTEGER FEASIBLE,0.012418,0.057174,0,0,0,0,25204435.000000,25203925.000000,0.000000,0.000000,0
neos-1122047,config16,1,FOUND INTEGER FEASIBLE,0.208060,1.777875,1,1,0,0,162.000000,162.000000,0.000000,0.000000,0
neos-1122047,config16,2,FOUND INTEGER FEASIBLE,0.210360,1.830139,1,1,0,0,162.000000,162.000000,0.000000,0.000000,0
neos-1122047,config16,3,FOUND INTEGER FEASIBLE,0.214008,1.819339,1,1,0,0,162.000000,162.000000,0.000000,0.000000,0
neos-1122047,config16,4,FOUND INTEGER FEASIBLE,0.163224,1.406619,1,1,0,0,162.000000,162.000000,0.000000,0.000000,0
neos-1122047,config16,5,FOUND INTEGER FEASIBLE,0.213505,1.831876,1,1,0,0,162.000000,162.000000,0.000000,0.000000,0
neos-1122047,config17,1,FOUND INTEGER FEASIBLE,8.944396,10.124093,0,2,0,0,162.000000,162.000000,0.000000,0.000000,0
neos-1122047,config17,2,FOUND INTEGER FEASIBLE,7.965509,9.195501,0,2,0,0,162.000000,162.000000,0.000000,0.000000,0
neos-1122047,config17,3,FOUND INTEGER FEASIBLE,8.940601,10.201238,0,2,0,0,162.000000,162.000000,0.000000,0.000000,0
neos-1122047,config17,4,FOUND INTEGER FEASIBLE,11.283281,12.521833,0,2,0,0,162.000000,162.000000,0.000000,0.000000,0
neos-1122047,config17,5,FOUND INTEGER FEASIBLE,9.638248,10.958186,0,2,0,0,162.000000,162.000000,0.000000,0.000000,0
neos-1122047,config21,1,FOUND INTEGER FEASIBLE,31.966175,37.344877,2,4,0,0,254.000000,254.000000,0.000000,0.000000,0
neos-1122047,config21,2,FOUND INTEGER FEASIBLE,30.986890,36.277459,2,4,0,0,254.000000,254.000000,0.000000,0.000000,0
neos-1122047,config21,3,FOUND INTEGER FEASIBLE,29.010133,32.832067,2,4,0,0,254.000000,254.000000,0.000000,0.000000,0
neos-1122047,config21,4,FOUND INTEGER FEASIBLE,27.225904,31.891001,2,4,0,0,254.000000,254.000000,0.000000,0.000000,0
neos-1122047,config21,5,FOUND INTEGER FEASIBLE,32.612233,36.961293,2,4,0,0,254.000000,254.000000,0.000000,0.000000,0
neos-1122047,config23,1,FOUND INTEGER FEASIBLE,30.802291,32.010378,1,4,0,0,164.000000,164.000000,0.000000,0.000000,0
neos-1122047,config23,2,FOUND INTEGER FEASIBLE,34.768637,35.982013,1,4,0,0,164.000000,164.000000,0.000000,0.000000,0
neos-1122047,config23,3,FOUND INTEGER FEASIBLE,27.828566,29.015591,1,4,0,0,164.000000,164.000000,0.000000,0.000000,0
neos-1122047,config23,4,FOUND INTEGER FEASIBLE,27.130945,28.331316,1,4,0,0,164.000000,164.000000,0.000000,0.000000,0
neos-1122047,config23,5,FOUND INTEGER FEASIBLE,32.227870,33.636352,1,4,0,0,164.000000,164.000000,0.000000,0.000000,0
neos-1171448,config16,1,FOUND INTEGER FEASIBLE,0.245720,0.719526,1,4,0,0,-281.000000,-281.000000,0.000000,0.000000,0
neos-1171448,config16,2,FOUND INTEGER FEASIBLE,0.325894,0.935439,1,4,0,0,-214.000000,-214.000000,0.000000,0.000000,0
neos-1171448,config16,3,FOUND INTEGER FEASIBLE,0.323679,0.870996,1,4,0,0,-285.000000,-293.000000,0.000000,0.000000,0
neos-1171448,config16,4,FOUND INTEGER FEASIBLE,0.325938,0.914793,1,4,0,0,-281.000000,-281.000000,0.000000,0.000000,0
neos-1171448,config16,5,FOUND INTEGER FEASIBLE,0.333397,0.928332,1,4,0,0,-285.000000,-293.000000,0.000000,0.000000,0
neos-1171448,config17,1,FOUND INTEGER FEASIBLE,0.017141,0.392507,0,0,0,0,0.000000,-8.000000,0.000000,0.000000,0
neos-1171448,config17,2,FOUND INTEGER FEASIBLE,0.014985,0.322363,0,0,0,0,0.000000,-8.000000,0.000000,0.000000,0
neos-1171448,config17,3,FOUND INTEGER FEASIBLE,0.012786,0.281595,0,0,0,0,0.000000,-8.000000,0.000000,0.000000,0
neos-1171448,config17,4,FOUND INTEGER FEASIBLE,0.012658,0.280153,0,0,0,0,0.000000,-8.000000,0.000000,0.000000,0
neos-1171448,config17,5,FOUND INTEGER FEASIBLE,0.017156,0.380106,0,0,0,0,0.000000,-8.000000,0.000000,0.000000,0
neos-1171448,config21,1,FOUND INTEGER FEASIBLE,0.054857,0.247407,0,4,0,0,0.000000,-32.000000,0.000000,0.000000,0
neos-1171448,config21,2,FOUND INTEGER FEASIBLE,0.054724,0.231778,0,4,0,0,0.000000,-32.000000,0.000000,0.000000,0
neos-1171448,config21,3,FOUND INTEGER FEASIBLE,0.053624,0.229401,0,4,0,0,0.000000,-32.000000,0.000000,0.000000,0
neos-1171448,config21,4,FOUND INTEGER FEASIBLE,0.074347,0.320503,0,4,0,0,0.000000,-32.000000,0.000000,0.000000,0
neos-1171448,config21,5,FOUND INTEGER FEASIBLE,0.073718,0.317948,0,4,0,0,0.000000,-32.000000,0.000000,0.000000,0
neos-1171448,config23,1,FOUND INTEGER FEASIBLE,0.074272,0.336932,0,4,0,0,0.000000,-16.000000,0.000000,0.000000,0
neos-1171448,config23,2,FOUND INTEGER FEASIBLE,0.055452,0.249875,0,4,0,0,0.000000,-16.000000,0.000000,0.000000,0
neos-1171448,config23,3,FOUND INTEGER FEASIBLE,0.052631,0.227079,0,4,0,0,0.000000,-16.000000,0.000000,0.000000,0
neos-1171448,config23,4,FOUND INTEGER FEASIBLE,0.053530,0.232136,0,4,0,0,0.000000,-16.000000,0.000000,0.000000,0
neos-1171448,config23,5,FOUND INTEGER FEASIBLE,0.053452,0.230421,0,4,0,0,0.000000,-16.000000,0.000000,0.000000,0
neos-1171737,config16,1,FOUND INTEGER FEASIBLE,0.106380,0.285471,1,2,0,0,-166.000000,-168.000000,0.000000,0.000000,0
neos-1171737,config16,2,FOUND INTEGER FEASIBLE,0.142816,0.396436,1,2,0,0,-85.000000,-95.000000,0.000000,0.000000,0
neos-1171737,config16,3,FOUND INTEGER FEASIBLE,0.107649,0.310937,1,2,0,0,-169.000000,-176.000000,0.000000,0.000000,0
neos-1171737,config16,4,FOUND INTEGER FEASIBLE,0.106347,0.313096,1,2,0,0,-140.000000,-141.000000,0.000000,0.000000,0
neos-1171737,config16,5,FOUND INTEGER FEASIBLE,0.142272,0.391378,1,2,0,0,-169.000000,-176.000000,0.000000,0.000000,0
neos-1171737,config17,1,FOUND INTEGER FEASIBLE,0.006459,0.158946,0,0,0,0,0.000000,-5.000000,0.000000,0.000000,0
neos-1171737,config17,2,FOUND INTEGER FEASIBLE,0.006564,0.159220,0,0,0,0,0.000000,-5.000000,0.000000,0.000000,0
neos-1171737,config17,3,FOUND INTEGER FEASIBLE,0.006672,0.157905,0,0,0,0,0.000000,-5.000000,0.000000,0.000000,0
neos-1171737,config17,4,FOUND INTEGER FEASIBLE,0.006527,0.157391,0,0,0,0,0.000000,-5.000000,0.000000,0.000000,0
neos-1171737,config17,5,FOUND INTEGER FEASIBLE,0.006583,0.158178,0,0,0,0,0.000000,-5.000000,0.000000,0.000000,0
neos-1171737,config21,1,FOUND INTEGER FEASIBLE,0.009067,0.123886,0,2,0,0,0.000000,-25.000000,0.000000,0.000000,0
neos-1171737,config21,2,FOUND INTEGER FEASIBLE,0.009144,0.124544,0,2,0,0,0.000000,-25.000000,0.000000,0.000000,0
neos-1171737,config21,3,FOUND INTEGER FEASIBLE,0.006929,0.104139,0,2,0,0,0.000000,-25.000000,0.000000,0.000000,0
neos-1171737,config21,4,FOUND INTEGER FEASIBLE,0.009135,0.127913,0,2,0,0,0.000000,-25.000000,0.000000,0.000000,0
neos-1171737,config21,5,FOUND INTEGER FEASIBLE,0.009564,0.127778,0,2,0,0,0.000000,-25.000000,0.000000,0.000000,0
neos-1171737,config23,1,FOUND INTEGER FEASIBLE,0.009005,0.116260,0,2,0,0,0.000000,-20.000000,0.000000,0.000000,0
neos-1171737,config23,2,FOUND INTEGER FEASIBLE,0.009070,0.115873,0,2,0,0,0.000000,-20.000000,0.000000,0.000000,0
neos-1171737,config23,3,FOUND INTEGER FEASIBLE,0.009154,0.116006,0,2,0,0,0.000000,-20.000000,0.000000,0.000000,0
neos-1171737,config23,4,FOUND INTEGER FEASIBLE,0.009365,0.123653,0,2,0,0,0.000000,-20.000000,0.000000,0.000000,0
neos-1171737,config23,5,FOUND INTEGER FEASIBLE,0.009145,0.116090,0,2,0,0,0.000000,-20.000000,0.000000,0.000000,0
neos-1354092,config16,1,FOUND INTEGER FEASIBLE,4.884772,50.875392,23,11,0,0,49.000000,49.000000,0.000000,0.000000,0
neos-1354092,config16,2,FOUND INTEGER FEASIBLE,4.361760,22.106794,9,11,0,0,48.000000,48.000000,0.000000,0.000000,0
neos-1354092,config16,3,FOUND INTEGER FEASIBLE,4.359374,58.693284,29,11,0,0,48.000000,48.000000,0.000000,0.000000,0
neos-1354092,config16,4,FOUND INTEGER FEASIBLE,3.457727,38.858133,19,11,0,0,49.000000,49.000000,0.000000,0.000000,0
neos-1354092,config16,5,FOUND INTEGER FEASIBLE,4.322639,22.757921,9,11,0,0,48.000000,48.000000,0.000000,0.000000,0
neos-1354092,config17,1,FOUND INTEGER FEASIBLE,4.813580,21.306819,9,11,0,0,50.000000,50.000000,0.000000,0.000000,0
neos-1354092,config17,2,FOUND INTEGER FEASIBLE,4.510942,22.150333,7,11,0,0,51.000000,51.000000,0.000000,0.000000,0
neos-1354092,config17,3,FOUND INTEGER FEASIBLE,4.379730,47.442018,24,11,0,0,53.000000,53.000000,0.000000,0.000000,0
neos-1354092,config17,4,FOUND INTEGER FEASIBLE,4.173619,15.082957,4,11,0,0,53.000000,53.000000,0.000000,0.000000,0
neos-1354092,config17,5,FOUND INTEGER FEASIBLE,4.982426,18.473490,6,11,0,0,53.000000,53.000000,0.000000,0.000000,0
neos-1354092,config21,1,FOUND INTEGER FEASIBLE,4.166328,29.598096,12,11,0,0,46.000000,46.000000,0.000000,0.000000,0
neos-1354092,config21,2,FOUND INTEGER FEASIBLE,4.397206,32.426557,12,11,0,0,46.000000,46.000000,0.000000,0.000000,0
neos-1354092,config21,3,FOUND INTEGER FEASIBLE,4.130175,210.712461,90,11,1,0,50.000000,50.000000,0.000000,0.000000,0
neos-1354092,config21,4,FOUND INTEGER FEASIBLE,4.162705,213.549857,96,11,1,0,48.000000,48.000000,0.000000,0.000000,0
neos-1354092,config21,5,FOUND INTEGER FEASIBLE,3.334877,73.904685,24,11,0,0,46.000000,46.000000,0.000000,0.000000,0
neos-1354092,config23,1,FOUND INTEGER FEASIBLE,4.270296,19.260238,7,11,0,0,46.000000,46.000000,0.000000,0.000000,0
neos-1354092,config23,2,FOUND INTEGER FEASIBLE,4.160298,107.626195,47,11,0,0,46.000000,46.000000,0.000000,0.000000,0
neos-1354092,config23,3,FOUND INTEGER FEASIBLE,3.259376,223.830049,96,11,1,0,49.000000,49.000000,0.000000,0.000000,0
neos-1354092,config23,4,FOUND INTEGER FEASIBLE,4.116541,244.861138,94,11,1,0,47.000000,47.000000,0.000000,0.000000,0
neos-1354092,config23,5,FOUND INTEGER FEASIBLE,4.146643,66.575328,27,11,0,0,46.000000,46.000000,0.000000,0.000000,0
neos-1445765,config16,1,FOUND INTEGER FEASIBLE,1.953699,2.086074,0,12,0,0,0.000000,0.000000,0.000000,0.000000,0
neos-1445765,config16,2,FOUND INTEGER FEASIBLE,1.355482,1.428860,0,12,0,0,0.000000,0.000000,0.000000,0.000000,0
neos-1445765,config16,3,FOUND INTEGER FEASIBLE,1.744869,1.842400,0,12,0,0,0.000000,0.000000,0.000000,0.000000,0
neos-1445765,config16,4,FOUND INTEGER FEASIBLE,1.034509,1.087819,0,12,0,0,0.000000,0.000000,0.000000,0.000000,0
neos-1445765,config16,5,FOUND INTEGER FEASIBLE,1.035870,1.089149,0,12,0,0,0.000000,0.000000,0.000000,0.000000,0
neos-1445765,config17,1,FOUND INTEGER FEASIBLE,0.004850,0.119576,0,0,0,0,0.000000,0.000000,0.000000,0.000000,0
neos-1445765,config17,2,FOUND INTEGER FEASIBLE,0.003304,0.068412,0,0,0,0,0.000000,0.000000,0.000000,0.000000,0
neos-1445765,config17,3,FOUND INTEGER FEASIBLE,0.003266,0.065897,0,0,0,0,0.000000,0.000000,0.000000,0.000000,0
neos-1445765,config17,4,FOUND INTEGER FEASIBLE,0.003232,0.065409,0,0,0,0,0.000000,0.000000,0.000000,0.000000,0
neos-1445765,config17,5,FOUND INTEGER FEASIBLE,0.003192,0.066000,0,0,0,0,0.000000,0.000000,0.000000,0.000000,0
neos-1445765,config21,1,FOUND INTEGER FEASIBLE,1.058157,1.110850,0,12,0,0,-63.000000,-63.000000,0.000000,0.000000,0
neos-1445765,config21,2,FOUND INTEGER FEASIBLE,2.002223,2.111774,0,12,0,0,-63.000000,-63.000000,0.000000,0.000000,0
neos-1445765,config21,3,FOUND INTEGER FEASIBLE,2.072943,2.185726,0,12,0,0,-63.000000,-63.000000,0.000000,0.000000,0
neos-1445765,config21,4,FOUND INTEGER FEASIBLE,1.560470,1.659547,0,12,0,0,-63.000000,-63.000000,0.000000,0.000000,0
neos-1445765,config21,5,FOUND INTEGER FEASIBLE,1.238721,1.312879,0,12,0,0,-63.000000,-63.000000,0.000000,0.000000,0
neos-1445765,config23,1,FOUND INTEGER FEASIBLE,1.063298,1.115581,0,12,0,0,0.000000,0.000000,0.000000,0.000000,0
neos-1445765,config23,2,FOUND INTEGER FEASIBLE,2.000364,2.110654,0,12,0,0,0.000000,0.000000,0.000000,0.000000,0
neos-1445765,config23,3,FOUND INTEGER FEASIBLE,1.981682,2.112623,0,12,0,0,0.000000,0.000000,0.000000,0.000000,0
neos-1445765,config23,4,FOUND INTEGER FEASIBLE,1.988971,2.113897,0,12,0,0,0.000000,0.000000,0.000000,0.000000,0
neos-1445765,config23,5,FOUND INTEGER FEASIBLE,1.997290,2.120124,0,12,0,0,0.000000,0.000000,0.000000,0.000000,0
neos-1456979,config16,1,FOUND INTEGER FEASIBLE,0.048097,13.429377,401,8,4,1,370.000000,370.000000,0.000000,0.000000,0
neos-1456979,config16,2,FOUND INTEGER FEASIBLE,0.037646,4.363713,70,8,1,1,407.000000,407.000000,0.000000,0.000000,0
neos-1456979,config16,3,FOUND INTEGER FEASIBLE,0.074104,16.186590,318,8,4,1,406.000000,406.000000,0.000000,0.000000,0
neos-1456979,config16,4,FOUND INTEGER FEASIBLE,0.080434,1.676561,24,8,1,1,426.000000,426.000000,0.000000,0.000000,0
neos-1456979,config16,5,FOUND INTEGER FEASIBLE,0.077999,21.066979,562,8,6,1,449.000000,449.000000,0.000000,0.000000,0
neos-1456979,config17,1,FOUND INTEGER FEASIBLE,0.190790,25.335825,437,5,4,0,514.000000,514.000000,0.000000,0.000000,0
neos-1456979,config17,2,FOUND INTEGER FEASIBLE,0.186782,14.013909,107,5,1,0,537.000000,537.000000,0.000000,0.000000,0
neos-1456979,config17,3,FOUND INTEGER FEASIBLE,0.186064,15.332736,142,5,1,0,492.000000,492.000000,0.000000,0.000000,0
neos-1456979,config17,4,FOUND INTEGER FEASIBLE,0.186431,30.023270,539,5,4,0,497.000000,497.000000,0.000000,0.000000,0
neos-1456979,config17,5,FOUND INTEGER FEASIBLE,0.185265,22.249526,315,5,2,0,502.000000,502.000000,0.000000,0.000000,0
neos-1456979,config21,1,FOUND INTEGER FEASIBLE,0.134940,46.459737,1030,8,8,0,444.000000,444.000000,0.000000,0.000000,0
neos-1456979,config21,2,FOUND INTEGER FEASIBLE,0.135221,27.700499,890,8,8,0,463.000000,463.000000,0.000000,0.000000,0
neos-1456979,config21,3,FOUND INTEGER FEASIBLE,0.134418,13.806384,339,8,2,0,479.000000,479.000000,0.000000,0.000000,0
neos-1456979,config21,4,FOUND INTEGER FEASIBLE,0.135424,12.434753,293,8,3,0,483.000000,483.000000,0.000000,0.000000,0
neos-1456979,config21,5,FOUND INTEGER FEASIBLE,0.067996,3.928777,65,8,0,0,505.000000,505.000000,0.000000,0.000000,0
neos-1456979,config23,1,FOUND INTEGER FEASIBLE,0.134680,16.316874,339,8,3,0,447.000000,447.000000,0.000000,0.000000,0
neos-1456979,config23,2,FOUND INTEGER FEASIBLE,0.069608,9.635165,127,8,0,0,495.000000,495.000000,0.000000,0.000000,0
neos-1456979,config23,3,FOUND INTEGER FEASIBLE,0.135556,22.667449,478,8,5,0,491.000000,491.000000,0.000000,0.000000,0
neos-1456979,config23,4,FOUND INTEGER FEASIBLE,0.100752,2.548607,22,8,0,0,412.000000,412.000000,0.000000,0.000000,0
neos-1456979,config23,5,FOUND INTEGER FEASIBLE,0.135231,3.888089,49,8,0,0,536.000000,536.000000,0.000000,0.000000,0
neos-1582420,config16,1,FOUND INTEGER FEASIBLE,0.214351,1.205552,154,11,1,0,177.000000,177.000000,0.000000,0.000000,0
neos-1582420,config16,2,FOUND INTEGER FEASIBLE,0.213628,1.300782,204,11,1,0,222.000000,222.000000,0.000000,0.000000,0
neos-1582420,config16,3,FOUND INTEGER FEASIBLE,0.211527,2.310516,331,11,4,0,164.000000,164.000000,0.000000,0.000000,0
neos-1582420,config16,4,FOUND INTEGER FEASIBLE,0.213671,2.681877,395,11,6,0,201.000000,201.000000,0.000000,0.000000,0
neos-1582420,config16,5,FOUND INTEGER FEASIBLE,0.107965,0.866299,210,11,2,0,177.000000,177.000000,0.000000,0.000000,0
neos-1582420,config17,1,FOUND INTEGER FEASIBLE,0.150511,2.918507,339,10,4,0,228.000000,228.000000,0.000000,0.000000,0
neos-1582420,config17,2,FOUND INTEGER FEASIBLE,0.150568,0.699717,31,10,0,0,222.000000,222.000000,0.000000,0.000000,0
neos-1582420,config17,3,FOUND INTEGER FEASIBLE,0.150734,0.493442,20,10,0,0,213.000000,213.000000,0.000000,0.000000,0
neos-1582420,config17,4,FOUND INTEGER FEASIBLE,0.150969,2.528818,242,10,4,0,217.000000,217.000000,0.000000,0.000000,0
neos-1582420,config17,5,FOUND INTEGER FEASIBLE,0.112604,0.849550,79,10,0,0,226.000000,226.000000,0.000000,0.000000,0
neos-1582420,config21,1,FOUND INTEGER FEASIBLE,0.460231,3.608196,260,7,2,0,248.000000,248.000000,0.000000,0.000000,0
neos-1582420,config21,2,FOUND INTEGER FEASIBLE,0.454486,1.330826,49,7,0,0,273.000000,273.000000,0.000000,0.000000,0
neos-1582420,config21,3,FOUND INTEGER FEASIBLE,0.455054,3.781142,444,7,7,0,234.000000,234.000000,0.000000,0.000000,0
neos-1582420,config21,4,FOUND INTEGER FEASIBLE,0.455840,1.920863,109,7,1,0,249.000000,249.000000,0.000000,0.000000,0
neos-1582420,config21,5,FOUND INTEGER FEASIBLE,0.454104,2.754443,208,7,3,0,249.000000,249.000000,0.000000,0.000000,0
neos-1582420,config23,1,FOUND INTEGER FEASIBLE,0.344389,0.575455,27,7,0,0,226.000000,226.000000,0.000000,0.000000,0
neos-1582420,config23,2,FOUND INTEGER FEASIBLE,0.353429,0.926979,63,7,0,0,186.000000,186.000000,0.000000,0.000000,0
neos-1582420,config23,3,FOUND INTEGER FEASIBLE,0.338707,1.752470,133,7,1,0,245.000000,245.000000,0.000000,0.800000,0
neos-1582420,config23,4,FOUND INTEGER FEASIBLE,0.362324,1.873716,150,7,2,0,224.000000,224.000000,0.000000,0.000000,0
neos-1582420,config23,5,FOUND INTEGER FEASIBLE,0.454648,2.863273,321,7,3,0,238.000000,238.000000,0.000000,0.000000,0
neos-2657525-crna,config16,1,FOUND INTEGER FEASIBLE,0.011449,0.099292,82,8,1,0,35.749013,35.749013,0.000000,0.000000,0
neos-2657525-crna,config16,2,FOUND INTEGER FEASIBLE,0.011240,0.106171,85,8,1,0,21.762975,21.762975,0.000000,0.000000,0
neos-2657525-crna,config16,3,FOUND INTEGER FEASIBLE,0.011155,0.209236,173,8,3,0,45.236060,45.236060,0.000000,0.000000,0
neos-2657525-crna,config16,4,FOUND INTEGER FEASIBLE,0.011168,0.137695,129,8,1,0,26.958840,26.958840,0.000000,0.000000,0
neos-2657525-crna,config16,5,FOUND INTEGER FEASIBLE,0.011217,0.047791,19,8,0,0,22.536386,22.536386,0.000000,0.000000,0
neos-2657525-crna,config17,1,FAILED TO FIND AN INTEGER FEASIBLE SOLUTION,0.004264,2.575669,2011,4,4,0,0.000000,0.000000,0.250000,0.250000,1
neos-2657525-crna,config17,2,FOUND INTEGER FEASIBLE,0.004516,0.321680,219,4,4,0,48.882873,48.882873,0.000000,0.000000,0
neos-2657525-crna,config17,3,FOUND INTEGER FEASIBLE,0.004390,0.170216,111,4,2,0,37.968734,37.968734,0.000000,0.000000,0
neos-2657525-crna,config17,4,FOUND INTEGER FEASIBLE,0.004272,0.191475,148,4,2,0,42.489864,42.489864,0.000000,0.000000,0
neos-2657525-crna,config17,5,FOUND INTEGER FEASIBLE,0.003505,1.515615,1098,4,4,0,22.682759,22.682759,0.000000,0.000000,0
neos-2657525-crna,config21,1,FOUND INTEGER FEASIBLE,0.009902,0.019778,4,6,0,0,58.788504,58.788504,0.000000,0.000000,0
neos-2657525-crna,config21,2,FOUND INTEGER FEASIBLE,0.016358,0.032916,4,6,0,0,58.788504,58.788504,0.000000,0.000000,0
neos-2657525-crna,config21,3,FOUND INTEGER FEASIBLE,0.013541,0.028256,4,6,0,0,58.788504,58.788504,0.000000,0.000000,0
neos-2657525-crna,config21,4,FOUND INTEGER FEASIBLE,0.015824,0.031785,4,6,0,0,58.788504,58.788504,0.000000,0.000000,0
neos-2657525-crna,config21,5,FOUND INTEGER FEASIBLE,0.013416,0.028256,4,6,0,0,58.788504,58.788504,0.000000,0.000000,0
neos-2657525-crna,config23,1,FOUND INTEGER FEASIBLE,0.013082,0.024212,1,6,0,0,60.838504,60.838504,0.000000,0.000000,0
neos-2657525-crna,config23,2,FOUND INTEGER FEASIBLE,0.013057,0.024208,1,6,0,0,60.838504,60.838504,0.000000,0.000000,0
neos-2657525-crna,config23,3,FOUND INTEGER FEASIBLE,0.013238,0.024313,1,6,0,0,60.838504,60.838504,0.000000,0.000000,0
neos-2657525-crna,config23,4,FOUND INTEGER FEASIBLE,0.013036,0.024088,1,6,0,0,60.838504,60.838504,0.000000,0.000000,0
neos-2657525-crna,config23,5,FOUND INTEGER FEASIBLE,0.015846,0.029279,1,6,0,0,60.838504,60.838504,0.000000,0.000000,0
neos-2746589-doon,config16,1,FAILED TO FIND AN INTEGER FEASIBLE SOLUTION,0.357473,3600,11873,10,10,0,0.000000,0.000000,8.177693,8.398999,71
neos-2746589-doon,config16,2,FAILED TO FIND AN INTEGER FEASIBLE SOLUTION,0.345233,3132.873978,12000,10,10,0,0.000000,0.000000,5.701026,6.089919,36
neos-2746589-doon,config16,3,FAILED TO FIND AN INTEGER FEASIBLE SOLUTION,0.269629,3600,11842,10,10,0,0.000000,0.000000,2.685914,3.640040,10
neos-2746589-doon,config16,4,FAILED TO FIND AN INTEGER FEASIBLE SOLUTION,0.357549,3600,11837,10,10,0,0.000000,0.000000,6.927729,7.580346,233
neos-2746589-doon,config16,5,FAILED TO FIND AN INTEGER FEASIBLE SOLUTION,0.271017,3469.059260,12000,10,10,0,0.000000,0.000000,6.206069,5.833463,64
neos-2746589-doon,config17,1,FOUND INTEGER FEASIBLE,0.491301,410.394603,892,11,10,0,4090.600000,4090.600000,0.000000,0.000000,0
neos-2746589-doon,config17,2,FOUND INTEGER FEASIBLE,0.338679,117.057183,394,11,4,0,4057.700000,4057.700000,0.000000,0.000000,0
neos-2746589-doon,config17,3,FAILED TO FIND AN INTEGER FEASIBLE SOLUTION,0.635960,3600,11683,11,11,0,0.000000,0.000000,7.938807,7.756725,197
neos-2746589-doon,config17,4,FOUND INTEGER FEASIBLE,0.653150,244.036983,748,11,8,0,4183.800000,4183.800000,0.000000,0.000000,0
neos-2746589-doon,config17,5,FAILED TO FIND AN INTEGER FEASIBLE SOLUTION,0.640283,3538.462989,12000,11,11,0,0.000000,0.000000,2.190875,1.922374,18
neos-2746589-doon,config21,1,FAILED TO FIND AN INTEGER FEASIBLE SOLUTION,0.316711,3600,11607,3,3,1,0.000000,0.000000,9.471631,10.541296,344
neos-2746589-doon,config21,2,FAILED TO FIND AN INTEGER FEASIBLE SOLUTION,0.309339,3600,11721,3,3,1,0.000000,0.000000,5.985200,5.701769,32
neos-2746589-doon,config21,3,FAILED TO FIND AN INTEGER FEASIBLE SOLUTION,0.304037,3600,11822,3,3,1,0.000000,0.000000,6.891983,6.495975,83
neos-2746589-doon,config21,4,FAILED TO FIND AN INTEGER FEASIBLE SOLUTION,0.309118,3600,11718,3,3,1,0.000000,0.000000,4.486723,4.178123,46
neos-2746589-doon,config21,5,FAILED TO FIND AN INTEGER FEASIBLE SOLUTION,0.307825,3600,11729,3,3,1,0.000000,0.000000,15.582821,19.631579,506
neos-2746589-doon,config23,1,FAILED TO FIND AN INTEGER FEASIBLE SOLUTION,0.309008,3600,11849,3,3,1,0.000000,0.000000,8.377823,8.831615,110
neos-2746589-doon,config23,2,FAILED TO FIND AN INTEGER FEASIBLE SOLUTION,0.302666,3600,11782,3,3,1,0.000000,0.000000,4.663527,4.821116,36
neos-2746589-doon,config23,3,FOUND INTEGER FEASIBLE,0.304084,34.789067,212,3,3,1,4071.100000,4071.100000,0.000000,0.000000,0
neos-2746589-doon,config23,4,FOUND INTEGER FEASIBLE,0.300447,1075.568788,9945,3,3,1,4116.200000,4116.200000,0.000000,0.000000,0
neos-2746589-doon,config23,5,FAILED TO FIND AN INTEGER FEASIBLE SOLUTION,0.297551,3600,11660,3,3,1,0.000000,0.000000,14.505569,15.833106,371
neos-2978193-inde,config16,1,FOUND INTEGER FEASIBLE,0.321269,0.535542,1,4,0,0,1.578488,-2.155273,0.000000,0.000000,0
neos-2978193-inde,config16,2,FOUND INTEGER FEASIBLE,0.315710,0.514643,1,4,0,0,2.820489,-2.026885,0.000000,0.000000,0
neos-2978193-inde,config16,3,FOUND INTEGER FEASIBLE,0.298509,0.459931,1,4,0,0,1.385630,-2.102072,0.000000,0.000000,0
neos-2978193-inde,config16,4,FOUND INTEGER FEASIBLE,0.314202,0.503182,1,4,0,0,1.578488,-2.155273,0.000000,0.000000,0
neos-2978193-inde,config16,5,FOUND INTEGER FEASIBLE,0.233810,0.382667,1,4,0,0,5.289801,-1.949891,0.000000,0.000000,0
neos-2978193-inde,config17,1,FOUND INTEGER FEASIBLE,0.118004,0.370860,1,1,0,0,53.313068,3.584738,0.000000,0.000000,0
neos-2978193-inde,config17,2,FOUND INTEGER FEASIBLE,0.117114,0.384196,1,1,0,0,57.404131,3.479307,0.000000,0.000000,0
neos-2978193-inde,config17,3,FOUND INTEGER FEASIBLE,0.087149,0.282578,1,1,0,0,52.646543,3.532775,0.000000,0.000000,0
neos-2978193-inde,config17,4,FOUND INTEGER FEASIBLE,0.127608,0.376954,1,1,0,0,54.297068,3.454746,0.000000,0.000000,0
neos-2978193-inde,config17,5,FOUND INTEGER FEASIBLE,0.117128,0.355323,1,1,0,0,55.636758,2.584070,0.000000,0.000000,0
neos-2978193-inde,config21,1,FOUND INTEGER FEASIBLE,0.116133,0.366144,1,1,0,0,53.313068,3.584738,0.000000,0.000000,0
neos-2978193-inde,config21,2,FOUND INTEGER FEASIBLE,0.116617,0.366841,1,1,0,0,57.404131,3.479307,0.000000,0.000000,0
neos-2978193-inde,config21,3,FOUND INTEGER FEASIBLE,0.115919,0.362661,1,1,0,0,52.646543,3.532775,0.000000,0.000000,0
neos-2978193-inde,config21,4,FOUND INTEGER FEASIBLE,0.117262,0.363380,1,1,0,0,54.297068,3.454746,0.000000,0.000000,0
neos-2978193-inde,config21,5,FOUND INTEGER FEASIBLE,0.121076,0.380218,1,1,0,0,55.636758,2.584070,0.000000,0.000000,0
neos-2978193-inde,config23,1,FOUND INTEGER FEASIBLE,0.120729,0.367604,1,1,0,0,53.313068,3.584738,0.000000,0.000000,0
neos-2978193-inde,config23,2,FOUND INTEGER FEASIBLE,0.116282,0.358668,1,1,0,0,57.404131,3.479307,0.000000,0.000000,0
neos-2978193-inde,config23,3,FOUND INTEGER FEASIBLE,0.115023,0.352033,1,1,0,0,52.646543,3.532775,0.000000,0.000000,0
neos-2978193-inde,config23,4,FOUND INTEGER FEASIBLE,0.117706,0.366116,1,1,0,0,54.297068,3.454746,0.000000,0.000000,0
neos-2978193-inde,config23,5,FOUND INTEGER FEASIBLE,0.116532,0.354780,1,1,0,0,55.636758,2.584070,0.000000,0.000000,0
neos-2987310-joes,config16,1,FOUND INTEGER FEASIBLE,1.794247,2.545060,2,5,0,0,-5220244.544302,-5220244.544302,0.000000,0.000000,0
neos-2987310-joes,config16,2,FOUND INTEGER FEASIBLE,1.989623,2.586683,1,5,0,0,-4720896.755562,-4720896.755562,0.000000,0.000000,0
neos-2987310-joes,config16,3,FOUND INTEGER FEASIBLE,1.811789,2.532194,2,5,0,0,-5220244.544302,-5220244.544302,0.000000,0.000000,0
neos-2987310-joes,config16,4,FOUND INTEGER FEASIBLE,1.803234,2.530620,1,5,0,0,-4720896.755562,-4720896.755562,0.000000,0.000000,0
neos-2987310-joes,config16,5,FOUND INTEGER FEASIBLE,1.126056,1.501675,2,5,0,0,-5220244.544302,-5220244.544302,0.000000,0.000000,0
neos-2987310-joes,config17,1,FOUND INTEGER FEASIBLE,0.300771,1.017363,0,1,0,0,0.000000,-222862.316883,0.000000,0.000000,0
neos-2987310-joes,config17,2,FOUND INTEGER FEASIBLE,0.244704,0.918245,0,1,0,0,0.000000,-222862.316883,0.000000,0.000000,0
neos-2987310-joes,config17,3,FOUND INTEGER FEASIBLE,0.301435,1.042221,0,1,0,0,0.000000,-222862.316883,0.000000,0.000000,0
neos-2987310-joes,config17,4,FOUND INTEGER FEASIBLE,0.285970,1.017008,0,1,0,0,0.000000,-222862.316883,0.000000,0.000000,0
neos-2987310-joes,config17,5,FOUND INTEGER FEASIBLE,0.214594,0.751916,0,1,0,0,0.000000,-222862.316883,0.000000,0.000000,0
neos-2987310-joes,config21,1,FOUND INTEGER FEASIBLE,0.925029,1.843928,0,6,0,0,0.000000,-222862.316883,0.000000,0.000000,0
neos-2987310-joes,config21,2,FOUND INTEGER FEASIBLE,0.705086,1.396839,0,6,0,0,0.000000,-222862.316883,0.000000,0.000000,0
neos-2987310-joes,config21,3,FOUND INTEGER FEASIBLE,0.702932,1.400012,0,6,0,0,0.000000,-222862.316883,0.000000,0.000000,0
neos-2987310-joes,config21,4,FOUND INTEGER FEASIBLE,0.704034,1.400600,0,6,0,0,0.000000,-222862.316883,0.000000,0.000000,0
neos-2987310-joes,config21,5,FOUND INTEGER FEASIBLE,0.936049,1.815758,0,6,0,0,0.000000,-222862.316883,0.000000,0.000000,0
neos-2987310-joes,config23,1,FOUND INTEGER FEASIBLE,0.715176,1.403528,0,6,0,0,0.000000,-222862.316883,0.000000,0.000000,0
neos-2987310-joes,config23,2,FOUND INTEGER FEASIBLE,0.707336,1.405837,0,6,0,0,0.000000,-222862.316883,0.000000,0.000000,0
neos-2987310-joes,config23,3,FOUND INTEGER FEASIBLE,0.699553,1.379966,0,6,0,0,0.000000,-222862.316883,0.000000,0.000000,0
neos-2987310-joes,config23,4,FOUND INTEGER FEASIBLE,0.945942,1.865197,0,6,0,0,0.000000,-222862.316883,0.000000,0.000000,0
neos-2987310-joes,config23,5,FOUND INTEGER FEASIBLE,0.922486,1.811220,0,6,0,0,0.000000,-222862.316883,0.000000,0.000000,0
neos-3004026-krka,config16,1,FAILED TO FIND AN INTEGER FEASIBLE SOLUTION,0.241900,122.264638,12000,1,1,0,0.000000,0.000000,0.769231,0.769231,10
neos-3004026-krka,config16,2,FAILED TO FIND AN INTEGER FEASIBLE SOLUTION,0.323346,110.034932,12000,1,1,0,0.000000,0.000000,0.769231,0.769231,10
neos-3004026-krka,config16,3,FAILED TO FIND AN INTEGER FEASIBLE SOLUTION,0.321726,117.636248,12000,1,1,0,0.000000,0.000000,2.000000,2.000000,26
neos-3004026-krka,config16,4,FAILED TO FIND AN INTEGER FEASIBLE SOLUTION,0.241832,135.136005,12000,1,1,0,0.000000,0.000000,0.923077,0.923077,12
neos-3004026-krka,config16,5,FAILED TO FIND AN INTEGER FEASIBLE SOLUTION,0.321890,124.091623,12000,1,1,0,0.000000,0.000000,0.769231,0.769231,10
neos-3004026-krka,config17,1,FAILED TO FIND AN INTEGER FEASIBLE SOLUTION,0.255211,105.113727,12000,1,1,0,0.000000,0.000000,1.538462,1.538462,20
neos-3004026-krka,config17,2,FAILED TO FIND AN INTEGER FEASIBLE SOLUTION,0.252757,118.608446,12000,1,1,0,0.000000,0.000000,0.769231,0.769231,10
neos-3004026-krka,config17,3,FAILED TO FIND AN INTEGER FEASIBLE SOLUTION,0.254957,117.049905,12000,1,1,0,0.000000,0.000000,0.615385,0.615385,8
neos-3004026-krka,config17,4,FAILED TO FIND AN INTEGER FEASIBLE SOLUTION,0.252877,126.591977,12000,1,1,0,0.000000,0.000000,0.923077,0.923077,12
neos-3004026-krka,config17,5,FAILED TO FIND AN INTEGER FEASIBLE SOLUTION,0.256494,113.362928,12000,1,1,0,0.000000,0.000000,0.461538,0.461538,6
neos-3004026-krka,config21,1,FAILED TO FIND AN INTEGER FEASIBLE SOLUTION,0.324367,123.074117,12000,1,1,0,0.000000,0.000000,0.769231,0.769231,10
neos-3004026-krka,config21,2,FAILED TO FIND AN INTEGER FEASIBLE SOLUTION,0.319693,114.966485,12000,1,1,0,0.000000,0.000000,0.461538,0.461538,6
neos-3004026-krka,config21,3,FAILED TO FIND AN INTEGER FEASIBLE SOLUTION,0.318147,135.950646,12000,1,1,0,0.000000,0.000000,0.461538,0.461538,6
neos-3004026-krka,config21,4,FAILED TO FIND AN INTEGER FEASIBLE SOLUTION,0.242404,144.723820,12000,1,1,0,0.000000,0.000000,0.769231,0.769231,10
neos-3004026-krka,config21,5,FAILED TO FIND AN INTEGER FEASIBLE SOLUTION,0.328621,125.922404,12000,1,1,0,0.000000,0.000000,0.307692,0.307692,4
neos-3004026-krka,config23,1,FAILED TO FIND AN INTEGER FEASIBLE SOLUTION,0.245729,123.090832,12000,1,1,0,0.000000,0.000000,1.015385,1.015385,10
neos-3004026-krka,config23,2,FAILED TO FIND AN INTEGER FEASIBLE SOLUTION,0.162145,109.870268,12000,1,1,0,0.000000,0.000000,0.461538,0.461538,6
neos-3004026-krka,config23,3,FAILED TO FIND AN INTEGER FEASIBLE SOLUTION,0.165626,130.450683,12000,1,1,0,0.000000,0.000000,1.384615,1.384615,16
neos-3004026-krka,config23,4,FAILED TO FIND AN INTEGER FEASIBLE SOLUTION,0.321269,138.320687,12000,1,1,0,0.000000,0.000000,0.769231,0.769231,10
neos-3004026-krka,config23,5,FAILED TO FIND AN INTEGER FEASIBLE SOLUTION,0.163890,121.479561,12000,1,1,0,0.000000,0.000000,1.076923,1.076923,14
neos-3024952-loue,config16,1,FOUND INTEGER FEASIBLE,0.000006,9.624409,691,0,0,0,238788.000000,238788.000000,0.000000,0.000000,0
neos-3024952-loue,config16,2,FAILED TO FIND AN INTEGER FEASIBLE SOLUTION,0.000003,25.038444,2000,0,0,0,0.000000,0.000000,0.050000,0.050000,1
neos-3024952-loue,config16,3,FAILED TO FIND AN INTEGER FEASIBLE SOLUTION,0.000002,24.672377,2000,0,0,0,0.000000,0.000000,0.200000,0.200000,4
neos-3024952-loue,config16,4,FAILED TO FIND AN INTEGER FEASIBLE SOLUTION,0.000002,25.525059,2000,0,0,0,0.000000,0.000000,0.100000,0.100000,2
neos-3024952-loue,config16,5,FOUND INTEGER FEASIBLE,0.000002,16.669656,1365,0,0,0,284762.000000,284762.000000,0.000000,0.000000,0
neos-3024952-loue,config17,1,FOUND INTEGER FEASIBLE,0.000001,6.563185,679,0,0,0,269208.000000,269208.000000,0.000000,0.000000,0
neos-3024952-loue,config17,2,FOUND INTEGER FEASIBLE,0.000001,6.535709,676,0,0,0,253141.000000,253141.000000,0.000000,0.000000,0
neos-3024952-loue,config17,3,FOUND INTEGER FEASIBLE,0.000002,3.381541,237,0,0,0,258222.000000,258222.000000,0.000000,0.000000,0
neos-3024952-loue,config17,4,FOUND INTEGER FEASIBLE,0.000002,15.707910,1565,0,0,0,268172.000000,268172.000000,0.000000,0.000000,0
neos-3024952-loue,config17,5,FOUND INTEGER FEASIBLE,0.000001,9.394880,951,0,0,0,266333.000000,266333.000000,0.000000,0.000000,0
neos-3024952-loue,config21,1,FOUND INTEGER FEASIBLE,0.000002,7.518183,679,0,0,0,269208.000000,269208.000000,0.000000,0.000000,0
neos-3024952-loue,config21,2,FOUND INTEGER FEASIBLE,0.000002,6.797523,676,0,0,0,253141.000000,253141.000000,0.000000,0.000000,0
neos-3024952-loue,config21,3,FOUND INTEGER FEASIBLE,0.000002,3.074055,237,0,0,0,258222.000000,258222.000000,0.000000,0.000000,0
neos-3024952-loue,config21,4,FOUND INTEGER FEASIBLE,0.000002,19.771168,1565,0,0,0,268172.000000,268172.000000,0.000000,0.000000,0
neos-3024952-loue,config21,5,FOUND INTEGER FEASIBLE,0.000002,11.445601,951,0,0,0,266333.000000,266333.000000,0.000000,0.000000,0
neos-3024952-loue,config23,1,FOUND INTEGER FEASIBLE,0.000002,7.543900,679,0,0,0,269208.000000,269208.000000,0.000000,0.000000,0
neos-3024952-loue,config23,2,FOUND INTEGER FEASIBLE,0.000001,6.808449,676,0,0,0,253141.000000,253141.000000,0.000000,0.000000,0
neos-3024952-loue,config23,3,FOUND INTEGER FEASIBLE,0.000002,3.389454,237,0,0,0,258222.000000,258222.000000,0.000000,0.000000,0
neos-3024952-loue,config23,4,FOUND INTEGER FEASIBLE,0.000002,16.538025,1565,0,0,0,268172.000000,268172.000000,0.000000,0.000000,0
neos-3024952-loue,config23,5,FOUND INTEGER FEASIBLE,0.000002,9.427724,951,0,0,0,266333.000000,266333.000000,0.000000,0.000000,0
neos-3046615-murg,config16,1,FOUND INTEGER FEASIBLE,0.002007,0.010382,1,10,0,0,2129.000000,2129.000000,0.000000,0.000000,0
neos-3046615-murg,config16,2,FOUND INTEGER FEASIBLE,0.003125,0.014514,1,10,0,0,2129.000000,2129.000000,0.000000,0.000000,0
neos-3046615-murg,config16,3,FOUND INTEGER FEASIBLE,0.003000,0.014088,1,10,0,0,2129.000000,2129.000000,0.000000,0.000000,0
neos-3046615-murg,config16,4,FOUND INTEGER FEASIBLE,0.002567,0.011912,1,10,0,0,2129.000000,2129.000000,0.000000,0.000000,0
neos-3046615-murg,config16,5,FOUND INTEGER FEASIBLE,0.002659,0.011914,1,10,0,0,2129.000000,2129.000000,0.000000,0.000000,0
neos-3046615-murg,config17,1,FOUND INTEGER FEASIBLE,0.001603,0.010769,0,0,0,0,2129.000000,2129.000000,0.000000,0.000000,0
neos-3046615-murg,config17,2,FOUND INTEGER FEASIBLE,0.001518,0.010364,0,0,0,0,2129.000000,2129.000000,0.000000,0.000000,0
neos-3046615-murg,config17,3,FOUND INTEGER FEASIBLE,0.001571,0.010697,0,0,0,0,2129.000000,2129.000000,0.000000,0.000000,0
neos-3046615-murg,config17,4,FOUND INTEGER FEASIBLE,0.001443,0.010183,0,0,0,0,2129.000000,2129.000000,0.000000,0.000000,0
neos-3046615-murg,config17,5,FOUND INTEGER FEASIBLE,0.001486,0.010322,0,0,0,0,2129.000000,2129.000000,0.000000,0.000000,0
neos-3046615-murg,config21,1,FOUND INTEGER FEASIBLE,0.001556,0.010050,0,0,0,0,2435.000000,2435.000000,0.000000,0.000000,0
neos-3046615-murg,config21,2,FOUND INTEGER FEASIBLE,0.001558,0.010383,0,0,0,0,2435.000000,2435.000000,0.000000,0.000000,0
neos-3046615-murg,config21,3,FOUND INTEGER FEASIBLE,0.001527,0.010152,0,0,0,0,2435.000000,2435.000000,0.000000,0.000000,0
neos-3046615-murg,config21,4,FOUND INTEGER FEASIBLE,0.001535,0.010207,0,0,0,0,2435.000000,2435.000000,0.000000,0.000000,0
neos-3046615-murg,config21,5,FOUND INTEGER FEASIBLE,0.001611,0.010353,0,0,0,0,2435.000000,2435.000000,0.000000,0.000000,0
neos-3046615-murg,config23,1,FOUND INTEGER FEASIBLE,0.001561,0.010248,0,0,0,0,2129.000000,2129.000000,0.000000,0.000000,0
neos-3046615-murg,config23,2,FOUND INTEGER FEASIBLE,0.001558,0.010314,0,0,0,0,2129.000000,2129.000000,0.000000,0.000000,0
neos-3046615-murg,config23,3,FOUND INTEGER FEASIBLE,0.001571,0.010251,0,0,0,0,2129.000000,2129.000000,0.000000,0.000000,0
neos-3046615-murg,config23,4,FOUND INTEGER FEASIBLE,0.001557,0.010128,0,0,0,0,2129.000000,2129.000000,0.000000,0.000000,0
neos-3046615-murg,config23,5,FOUND INTEGER FEASIBLE,0.001555,0.010211,0,0,0,0,2129.000000,2129.000000,0.000000,0.000000,0
neos-3083819-nubu,config16,1,FOUND INTEGER FEASIBLE,0.000001,0.089786,1,0,0,0,6358761.000000,6358761.000000,0.000000,0.000000,0
neos-3083819-nubu,config16,2,FOUND INTEGER FEASIBLE,0.000001,0.113295,1,0,0,0,6358761.000000,6358761.000000,0.000000,0.000000,0
neos-3083819-nubu,config16,3,FOUND INTEGER FEASIBLE,0.000002,0.115659,1,0,0,0,6358761.000000,6358761.000000,0.000000,0.000000,0
neos-3083819-nubu,config16,4,FOUND INTEGER FEASIBLE,0.000001,0.111036,1,0,0,0,6349755.000000,6349755.000000,0.000000,0.000000,0
neos-3083819-nubu,config16,5,FOUND INTEGER FEASIBLE,0.000002,0.110034,1,0,0,0,6358761.000000,6358761.000000,0.000000,0.000000,0
neos-3083819-nubu,config17,1,FOUND INTEGER FEASIBLE,0.000001,0.089419,0,0,0,0,7019780.000000,7019780.000000,0.000000,0.000000,0
neos-3083819-nubu,config17,2,FOUND INTEGER FEASIBLE,0.000001,0.084653,0,0,0,0,7019780.000000,7019780.000000,0.000000,0.000000,0
neos-3083819-nubu,config17,3,FOUND INTEGER FEASIBLE,0.000001,0.083771,0,0,0,0,7019780.000000,7019780.000000,0.000000,0.000000,0
neos-3083819-nubu,config17,4,FOUND INTEGER FEASIBLE,0.000002,0.092846,0,0,0,0,7019780.000000,7019780.000000,0.000000,0.000000,0
neos-3083819-nubu,config17,5,FOUND INTEGER FEASIBLE,0.000002,0.084922,0,0,0,0,7019780.000000,7019780.000000,0.000000,0.000000,0
neos-3083819-nubu,config21,1,FOUND INTEGER FEASIBLE,0.000002,0.093522,0,0,0,0,7019780.000000,7019780.000000,0.000000,0.000000,0
neos-3083819-nubu,config21,2,FOUND INTEGER FEASIBLE,0.000002,0.086229,0,0,0,0,7019780.000000,7019780.000000,0.000000,0.000000,0
neos-3083819-nubu,config21,3,FOUND INTEGER FEASIBLE,0.000002,0.092291,0,0,0,0,7019780.000000,7019780.000000,0.000000,0.000000,0
neos-3083819-nubu,config21,4,FOUND INTEGER FEASIBLE,0.000001,0.084567,0,0,0,0,7019780.000000,7019780.000000,0.000000,0.000000,0
neos-3083819-nubu,config21,5,FOUND INTEGER FEASIBLE,0.000002,0.093930,0,0,0,0,7019780.000000,7019780.000000,0.000000,0.000000,0
neos-3083819-nubu,config23,1,FOUND INTEGER FEASIBLE,0.000001,0.092256,0,0,0,0,7019780.000000,7019780.000000,0.000000,0.000000,0
neos-3083819-nubu,config23,2,FOUND INTEGER FEASIBLE,0.000001,0.084607,0,0,0,0,7019780.000000,7019780.000000,0.000000,0.000000,0
neos-3083819-nubu,config23,3,FOUND INTEGER FEASIBLE,0.000001,0.093329,0,0,0,0,7019780.000000,7019780.000000,0.000000,0.000000,0
neos-3083819-nubu,config23,4,FOUND INTEGER FEASIBLE,0.000001,0.084805,0,0,0,0,7019780.000000,7019780.000000,0.000000,0.000000,0
neos-3083819-nubu,config23,5,FOUND INTEGER FEASIBLE,0.000001,0.086045,0,0,0,0,7019780.000000,7019780.000000,0.000000,0.000000,0
neos-3216931-puriri,config16,1,FAILED TO FIND AN INTEGER FEASIBLE SOLUTION,3.138524,3600,7293,8,8,1,0.000000,0.000000,3.333333,3.333333,9
neos-3216931-puriri,config16,2,FAILED TO FIND AN INTEGER FEASIBLE SOLUTION,3.152431,3600,7132,8,8,1,0.000000,0.000000,3.666667,3.666667,12
neos-3216931-puriri,config16,3,FOUND INTEGER FEASIBLE,3.186450,88.571115,363,8,4,1,151020.000000,151020.000000,0.000000,0.000000,0
neos-3216931-puriri,config16,4,FOUND INTEGER FEASIBLE,3.176721,222.347209,535,8,6,1,160730.000000,160730.000000,0.000000,0.000000,0
neos-3216931-puriri,config16,5,FAILED TO FIND AN INTEGER FEASIBLE SOLUTION,2.778857,3600,6958,8,8,1,0.000000,0.000000,2.000000,2.000000,4
neos-3216931-puriri,config17,1,FAILED TO FIND AN INTEGER FEASIBLE SOLUTION,8.788932,3600,7167,11,11,2,0.000000,0.000000,2.000000,2.000000,4
neos-3216931-puriri,config17,2,FAILED TO FIND AN INTEGER FEASIBLE SOLUTION,9.750351,3600,6861,11,11,2,0.000000,0.000000,6.666667,7.000000,28
neos-3216931-puriri,config17,3,FAILED TO FIND AN INTEGER FEASIBLE SOLUTION,9.571104,3600,7091,11,11,2,0.000000,0.000000,4.000000,4.000000,8
neos-3216931-puriri,config17,4,FAILED TO FIND AN INTEGER FEASIBLE SOLUTION,8.777987,3600,5543,11,11,2,0.000000,0.000000,4.000000,4.000000,8
neos-3216931-puriri,config17,5,FAILED TO FIND AN INTEGER FEASIBLE SOLUTION,8.795633,3600,7167,11,11,2,0.000000,0.000000,1.000000,1.000000,2
neos-3216931-puriri,config21,1,FAILED TO FIND AN INTEGER FEASIBLE SOLUTION,5.957936,3600,7239,10,10,1,0.000000,0.000000,3.000000,3.000000,6
neos-3216931-puriri,config21,2,FAILED TO FIND AN INTEGER FEASIBLE SOLUTION,7.063167,3600,7195,10,10,1,0.000000,0.000000,4.753086,4.753086,33
neos-3216931-puriri,config21,3,FAILED TO FIND AN INTEGER FEASIBLE SOLUTION,5.714292,3600,7032,10,10,1,0.000000,0.000000,6.666667,7.000000,18
neos-3216931-puriri,config21,4,FAILED TO FIND AN INTEGER FEASIBLE SOLUTION,6.808242,3600,6049,10,10,1,0.000000,0.000000,3.333333,3.333333,9
neos-3216931-puriri,config21,5,FAILED TO FIND AN INTEGER FEASIBLE SOLUTION,5.067123,3600,7071,10,10,1,0.000000,0.000000,4.777778,4.777778,16
neos-3216931-puriri,config23,1,FAILED TO FIND AN INTEGER FEASIBLE SOLUTION,7.030651,3600,7184,10,10,1,0.000000,0.000000,6.333333,6.333333,16
neos-3216931-puriri,config23,2,FAILED TO FIND AN INTEGER FEASIBLE SOLUTION,6.982189,3600,7040,10,10,1,0.000000,0.000000,4.000000,4.000000,8
neos-3216931-puriri,config23,3,FAILED TO FIND AN INTEGER FEASIBLE SOLUTION,7.176280,3600,7152,10,10,1,0.000000,0.000000,2.333333,2.333333,7
neos-3216931-puriri,config23,4,FAILED TO FIND AN INTEGER FEASIBLE SOLUTION,5.957380,3600,7113,10,10,1,0.000000,0.000000,3.000000,3.000000,6
neos-3216931-puriri,config23,5,FAILED TO FIND AN INTEGER FEASIBLE SOLUTION,6.030063,3600,7352,10,10,1,0.000000,0.000000,1.000000,1.000000,2
neos-3381206-awhea,config16,1,FAILED TO FIND AN INTEGER FEASIBLE SOLUTION,0.017091,5.941481,2001,3,3,0,0.000000,0.000000,11.066667,14.888889,54
neos-3381206-awhea,config16,2,FOUND INTEGER FEASIBLE,0.033670,1.089569,146,3,3,0,471.000000,471.000000,0.000000,0.000000,0
neos-3381206-awhea,config16,3,FAILED TO FIND AN INTEGER FEASIBLE SOLUTION,0.024429,7.329639,2002,3,3,0,0.000000,0.000000,14.955556,15.633333,77
neos-3381206-awhea,config16,4,FAILED TO FIND AN INTEGER FEASIBLE SOLUTION,0.037679,8.009403,2001,3,3,0,0.000000,0.000000,12.944444,16.155556,67
neos-3381206-awhea,config16,5,FAILED TO FIND AN INTEGER FEASIBLE SOLUTION,0.037897,7.174284,2002,3,3,0,0.000000,0.000000,14.477778,16.300000,72
neos-3381206-awhea,config17,1,FAILED TO FIND AN INTEGER FEASIBLE SOLUTION,0.037894,7.918597,2001,3,3,0,0.000000,0.000000,11.066667,14.888889,54
neos-3381206-awhea,config17,2,FOUND INTEGER FEASIBLE,0.036109,1.440955,146,3,3,0,471.000000,471.000000,0.000000,0.000000,0
neos-3381206-awhea,config17,3,FAILED TO FIND AN INTEGER FEASIBLE SOLUTION,0.033544,6.806368,2002,3,3,0,0.000000,0.000000,14.955556,15.633333,77
neos-3381206-awhea,config17,4,FAILED TO FIND AN INTEGER FEASIBLE SOLUTION,0.036511,6.945309,2001,3,3,0,0.000000,0.000000,12.944444,16.155556,67
neos-3381206-awhea,config17,5,FAILED TO FIND AN INTEGER FEASIBLE SOLUTION,0.016621,7.194981,2002,3,3,0,0.000000,0.000000,14.477778,16.300000,72
neos-3381206-awhea,config21,1,FAILED TO FIND AN INTEGER FEASIBLE SOLUTION,0.011423,7.556652,2000,0,0,0,0.000000,0.000000,4.666667,5.611111,22
neos-3381206-awhea,config21,2,FAILED TO FIND AN INTEGER FEASIBLE SOLUTION,0.010775,8.296079,2000,0,0,0,0.000000,0.000000,15.600000,15.600000,80
neos-3381206-awhea,config21,3,FAILED TO FIND AN INTEGER FEASIBLE SOLUTION,0.011540,8.219741,2000,0,0,0,0.000000,0.000000,10.900000,11.633333,54
neos-3381206-awhea,config21,4,FAILED TO FIND AN INTEGER FEASIBLE SOLUTION,0.011819,6.649794,2000,0,0,0,0.000000,0.000000,9.666667,10.000000,52
neos-3381206-awhea,config21,5,FAILED TO FIND AN INTEGER FEASIBLE SOLUTION,0.011777,6.813224,2000,0,0,0,0.000000,0.000000,6.833333,9.144444,43
neos-3381206-awhea,config23,1,FAILED TO FIND AN INTEGER FEASIBLE SOLUTION,0.010833,8.913044,2001,0,0,0,0.000000,0.000000,13.211111,15.255556,65
neos-3381206-awhea,config23,2,FAILED TO FIND AN INTEGER FEASIBLE SOLUTION,0.010061,6.469806,2002,0,0,0,0.000000,0.000000,13.788889,15.500000,71
neos-3381206-awhea,config23,3,FAILED TO FIND AN INTEGER FEASIBLE SOLUTION,0.007544,7.521874,2001,0,0,0,0.000000,0.000000,7.911111,9.311111,54
neos-3381206-awhea,config23,4,FAILED TO FIND AN INTEGER FEASIBLE SOLUTION,0.004278,5.917023,2001,0,0,0,0.000000,0.000000,9.102867,14.011111,55
neos-3381206-awhea,config23,5,FAILED TO FIND AN INTEGER FEASIBLE SOLUTION,0.011749,6.984984,2001,0,0,0,0.000000,0.000000,13.122222,15.566667,65
neos-3402294-bobin,config16,1,FOUND INTEGER FEASIBLE,10.962047,15.788067,3,9,0,0,0.727750,0.727750,0.000000,0.000000,0
neos-3402294-bobin,config16,2,FOUND INTEGER FEASIBLE,12.263735,16.324930,17,9,0,0,0.815750,0.815750,0.000000,0.000000,0
neos-3402294-bobin,config16,3,FOUND INTEGER FEASIBLE,12.902624,16.942878,3,9,0,0,0.727750,0.727750,0.000000,0.000000,0
neos-3402294-bobin,config16,4,FOUND INTEGER FEASIBLE,12.666995,16.675444,14,9,0,0,0.672750,0.672750,0.000000,0.000000,0
neos-3402294-bobin,config16,5,FOUND INTEGER FEASIBLE,10.812156,15.444237,3,9,0,0,0.727750,0.727750,0.000000,0.000000,0
neos-3402294-bobin,config17,1,FOUND INTEGER FEASIBLE,0.102092,4.000088,3,1,0,0,1.279250,1.279250,0.000000,0.000000,0
neos-3402294-bobin,config17,2,FOUND INTEGER FEASIBLE,0.103406,3.657026,3,1,0,0,1.279250,1.279250,0.000000,0.000000,0
neos-3402294-bobin,config17,3,FOUND INTEGER FEASIBLE,0.102011,3.925811,3,1,0,0,1.279250,1.279250,0.000000,0.000000,0
neos-3402294-bobin,config17,4,FOUND INTEGER FEASIBLE,0.101414,3.609660,3,1,0,0,1.248000,1.248000,0.000000,0.000000,0
neos-3402294-bobin,config17,5,FOUND INTEGER FEASIBLE,0.105278,4.690763,9,1,0,0,1.054250,1.054250,0.000000,0.000000,0
neos-3402294-bobin,config21,1,FOUND INTEGER FEASIBLE,0.102606,4.035220,7,1,0,0,1.099750,1.099750,0.000000,0.000000,0
neos-3402294-bobin,config21,2,FOUND INTEGER FEASIBLE,0.101537,3.504995,16,1,0,0,1.341750,1.341750,0.000000,0.000000,0
neos-3402294-bobin,config21,3,FOUND INTEGER FEASIBLE,0.103509,4.006111,6,1,0,0,1.099750,1.099750,0.000000,0.000000,0
neos-3402294-bobin,config21,4,FOUND INTEGER FEASIBLE,0.102688,4.996974,21,1,0,0,1.322750,1.322750,0.000000,0.000000,0
neos-3402294-bobin,config21,5,FOUND INTEGER FEASIBLE,0.144509,5.186807,19,1,0,0,1.099750,1.099750,0.000000,0.000000,0
neos-3402294-bobin,config23,1,FOUND INTEGER FEASIBLE,0.107005,3.924171,3,1,0,0,1.279250,1.279250,0.000000,0.000000,0
neos-3402294-bobin,config23,2,FOUND INTEGER FEASIBLE,0.185393,4.805891,3,1,0,0,1.279250,1.279250,0.000000,0.000000,0
neos-3402294-bobin,config23,3,FOUND INTEGER FEASIBLE,0.103101,3.212528,3,1,0,0,1.279250,1.279250,0.000000,0.000000,0
neos-3402294-bobin,config23,4,FOUND INTEGER FEASIBLE,0.102882,3.964684,3,1,0,0,1.248000,1.248000,0.000000,0.000000,0
neos-3402294-bobin,config23,5,FOUND INTEGER FEASIBLE,0.102893,4.355008,9,1,0,0,1.054250,1.054250,0.000000,0.000000,0
neos-3555904-turama,config16,1,FOUND INTEGER FEASIBLE,96.632201,101.602923,3,11,0,0,-25.000000,-25.000000,0.000000,0.000000,0
neos-3555904-turama,config16,2,FOUND INTEGER FEASIBLE,95.819223,101.078042,3,11,0,0,-25.000000,-25.000000,0.000000,0.000000,0
neos-3555904-turama,config16,3,FOUND INTEGER FEASIBLE,96.070816,101.647964,3,11,0,0,-25.000000,-25.000000,0.000000,0.000000,0
neos-3555904-turama,config16,4,FOUND INTEGER FEASIBLE,94.646965,101.871095,3,11,0,0,-25.000000,-25.000000,0.000000,0.000000,0
neos-3555904-turama,config16,5,FOUND INTEGER FEASIBLE,95.995573,101.974374,3,11,0,0,-25.000000,-25.000000,0.000000,0.000000,0
neos-3555904-turama,config17,1,FOUND INTEGER FEASIBLE,1.250775,167.997495,274,6,4,1,-33.200000,-33.200000,0.000000,0.000000,0
neos-3555904-turama,config17,2,FOUND INTEGER FEASIBLE,1.485411,718.632095,2344,6,6,1,-25.000000,-25.000000,0.000000,0.000000,0
neos-3555904-turama,config17,3,FOUND INTEGER FEASIBLE,1.156001,242.955430,381,6,5,1,-33.200000,-33.200000,0.000000,0.000000,0
neos-3555904-turama,config17,4,FOUND INTEGER FEASIBLE,1.166349,1337.806105,3930,6,6,1,-34.700000,-34.700000,0.000000,0.000000,0
neos-3555904-turama,config17,5,FOUND INTEGER FEASIBLE,1.158845,113.113488,197,6,2,1,-33.200000,-33.200000,0.000000,0.000000,0
neos-3555904-turama,config21,1,FOUND INTEGER FEASIBLE,65.727827,496.854280,1339,12,12,3,-33.200000,-33.200000,0.000000,0.000000,0
neos-3555904-turama,config21,2,FOUND INTEGER FEASIBLE,64.879678,176.384241,511,12,9,3,-25.300000,-25.300000,0.000000,0.000000,0
neos-3555904-turama,config21,3,FOUND INTEGER FEASIBLE,65.238989,1111.070305,2477,12,12,3,-25.000000,-25.000000,0.000000,0.000000,0
neos-3555904-turama,config21,4,FOUND INTEGER FEASIBLE,65.159499,146.190753,297,12,6,3,-33.200000,-33.200000,0.000000,0.000000,0
neos-3555904-turama,config21,5,FOUND INTEGER FEASIBLE,66.784088,90.129640,210,12,4,3,-33.200000,-33.200000,0.000000,0.000000,0
neos-3555904-turama,config23,1,FOUND INTEGER FEASIBLE,64.890666,216.253870,736,12,11,3,-33.200000,-33.200000,0.000000,0.000000,0
neos-3555904-turama,config23,2,FOUND INTEGER FEASIBLE,68.651013,86.669521,62,12,3,3,-25.000000,-25.000000,0.000000,0.000000,0
neos-3555904-turama,config23,3,FOUND INTEGER FEASIBLE,65.622172,369.145663,751,12,12,3,-33.200000,-33.200000,0.000000,0.000000,0
neos-3555904-turama,config23,4,FOUND INTEGER FEASIBLE,66.413529,160.298783,463,12,7,3,-34.700000,-34.700000,0.000000,0.000000,0
neos-3555904-turama,config23,5,FOUND INTEGER FEASIBLE,71.418334,268.925430,699,12,11,3,-33.200000,-33.200000,0.000000,0.000000,0
neos-3627168-kasai,config16,1,FOUND INTEGER FEASIBLE,0.048794,0.070437,4,9,0,0,1001433.680000,1001433.680000,0.000000,0.000000,0
neos-3627168-kasai,config16,2,FOUND INTEGER FEASIBLE,0.053865,0.076522,5,9,0,0,1002183.680000,1002183.680000,0.000000,0.000000,0
neos-3627168-kasai,config16,3,FOUND INTEGER FEASIBLE,0.051526,0.070918,3,9,0,0,1002433.680000,1002433.680000,0.000000,0.000000,0
neos-3627168-kasai,config16,4,FOUND INTEGER FEASIBLE,0.045716,0.070534,2,9,0,0,1003183.680000,1003183.680000,0.000000,0.000000,0
neos-3627168-kasai,config16,5,FOUND INTEGER FEASIBLE,0.050561,0.068339,1,9,0,0,1003183.680000,1003183.680000,0.000000,0.000000,0
neos-3627168-kasai,config17,1,FOUND INTEGER FEASIBLE,0.043533,0.062301,2,4,0,0,998433.680000,998433.680000,0.000000,0.000000,0
neos-3627168-kasai,config17,2,FOUND INTEGER FEASIBLE,0.037621,0.054314,4,4,0,0,997933.680000,997933.680000,0.000000,0.000000,0
neos-3627168-kasai,config17,3,FOUND INTEGER FEASIBLE,0.039486,0.056407,2,4,0,0,998433.680000,998433.680000,0.000000,0.000000,0
neos-3627168-kasai,config17,4,FOUND INTEGER FEASIBLE,0.041130,0.058943,2,4,0,0,998433.680000,998433.680000,0.000000,0.000000,0
neos-3627168-kasai,config17,5,FOUND INTEGER FEASIBLE,0.043157,0.061603,1,4,0,0,998433.680000,998433.680000,0.000000,0.000000,0
neos-3627168-kasai,config21,1,FOUND INTEGER FEASIBLE,0.045431,0.063503,0,6,0,0,1040582.940000,1039187.280000,0.000000,0.000000,0
neos-3627168-kasai,config21,2,FOUND INTEGER FEASIBLE,0.045693,0.063533,0,6,0,0,1040582.940000,1039187.280000,0.000000,0.000000,0
neos-3627168-kasai,config21,3,FOUND INTEGER FEASIBLE,0.050497,0.071026,0,6,0,0,1040582.940000,1039187.280000,0.000000,0.000000,0
neos-3627168-kasai,config21,4,FOUND INTEGER FEASIBLE,0.045576,0.063401,0,6,0,0,1040582.940000,1039187.280000,0.000000,0.000000,0
neos-3627168-kasai,config21,5,FOUND INTEGER FEASIBLE,0.048837,0.069280,0,6,0,0,1040582.940000,1039187.280000,0.000000,0.000000,0
neos-3627168-kasai,config23,1,FOUND INTEGER FEASIBLE,0.045242,0.064355,3,6,0,0,1023892.380000,1023368.880000,0.000000,0.000000,0
neos-3627168-kasai,config23,2,FOUND INTEGER FEASIBLE,0.045588,0.064887,4,6,0,0,1023572.180000,1023028.080000,0.000000,0.000000,0
neos-3627168-kasai,config23,3,FOUND INTEGER FEASIBLE,0.050950,0.072922,2,6,0,0,1025021.180000,1024278.080000,0.000000,0.000000,0
neos-3627168-kasai,config23,4,FOUND INTEGER FEASIBLE,0.048898,0.070508,2,6,0,0,1025021.180000,1024278.080000,0.000000,0.000000,0
neos-3627168-kasai,config23,5,FOUND INTEGER FEASIBLE,0.045312,0.064083,1,6,0,0,1025021.180000,1024278.080000,0.000000,0.000000,0
neos-3656078-kumeu,config16,1,FAILED TO FIND AN INTEGER FEASIBLE SOLUTION,2.140116,1315.935166,12000,12,12,2,0.000000,0.000000,41.150528,191.997790,271
neos-3656078-kumeu,config16,2,FAILED TO FIND AN INTEGER FEASIBLE SOLUTION,1.518222,1265.496575,12000,12,12,2,0.000000,0.000000,3.309509,72.358356,71
neos-3656078-kumeu,config16,3,FAILED TO FIND AN INTEGER FEASIBLE SOLUTION,2.409757,1406.823458,12000,12,12,2,0.000000,0.000000,21.431597,334.262403,189
neos-3656078-kumeu,config16,4,FAILED TO FIND AN INTEGER FEASIBLE SOLUTION,2.167027,1307.640372,12000,12,12,2,0.000000,0.000000,5.727775,23.595161,87
neos-3656078-kumeu,config16,5,FAILED TO FIND AN INTEGER FEASIBLE SOLUTION,1.966040,1341.921827,12000,12,12,2,0.000000,0.000000,13.731549,116.361564,85
neos-3656078-kumeu,config17,1,FAILED TO FIND AN INTEGER FEASIBLE SOLUTION,2.101352,1352.222415,12000,12,12,11,0.000000,0.000000,21.145205,501.754102,186
neos-3656078-kumeu,config17,2,FAILED TO FIND AN INTEGER FEASIBLE SOLUTION,2.730995,1274.517508,12000,12,12,11,0.000000,0.000000,11.640612,238.265871,89
neos-3656078-kumeu,config17,3,FAILED TO FIND AN INTEGER FEASIBLE SOLUTION,2.085588,1320.852644,12000,12,12,11,0.000000,0.000000,31.983995,109.653287,313
neos-3656078-kumeu,config17,4,FAILED TO FIND AN INTEGER FEASIBLE SOLUTION,2.717031,1275.527752,12000,12,12,11,0.000000,0.000000,5.401219,32.050565,59
neos-3656078-kumeu,config17,5,FAILED TO FIND AN INTEGER FEASIBLE SOLUTION,2.733912,1343.708521,12000,12,12,11,0.000000,0.000000,30.530600,94.867414,124
neos-3656078-kumeu,config21,1,FAILED TO FIND AN INTEGER FEASIBLE SOLUTION,4.261174,1362.096082,12000,12,12,9,0.000000,0.000000,15.788895,97.995767,130
neos-3656078-kumeu,config21,2,FAILED TO FIND AN INTEGER FEASIBLE SOLUTION,5.869872,1353.757667,12000,12,12,9,0.000000,0.000000,15.881622,385.170842,71
neos-3656078-kumeu,config21,3,FAILED TO FIND AN INTEGER FEASIBLE SOLUTION,4.280546,1287.467881,12000,12,12,9,0.000000,0.000000,18.398462,76.315344,125
neos-3656078-kumeu,config21,4,FAILED TO FIND AN INTEGER FEASIBLE SOLUTION,5.160411,1354.930192,12000,12,12,9,0.000000,0.000000,8.833206,319.967594,60
neos-3656078-kumeu,config21,5,FAILED TO FIND AN INTEGER FEASIBLE SOLUTION,5.290629,1364.442920,12000,12,12,9,0.000000,0.000000,72.180012,219.494772,350
neos-3656078-kumeu,config23,1,FAILED TO FIND AN INTEGER FEASIBLE SOLUTION,5.242767,1318.521601,12000,12,12,9,0.000000,0.000000,2.717334,13.102960,33
neos-3656078-kumeu,config23,2,FAILED TO FIND AN INTEGER FEASIBLE SOLUTION,6.177697,1301.209607,12000,12,12,9,0.000000,0.000000,3.486432,58.447595,37
neos-3656078-kumeu,config23,3,FAILED TO FIND AN INTEGER FEASIBLE SOLUTION,5.151353,1408.703907,12000,12,12,9,0.000000,0.000000,9.013283,225.960636,50
neos-3656078-kumeu,config23,4,FAILED TO FIND AN INTEGER FEASIBLE SOLUTION,4.923356,1344.310994,12000,12,12,9,0.000000,0.000000,13.177610,42.015646,59
neos-3656078-kumeu,config23,5,FAILED TO FIND AN INTEGER FEASIBLE SOLUTION,7.028907,1348.024605,12000,12,12,9,0.000000,0.000000,30.683343,194.049803,157
neos-3754480-nidda,config16,1,FOUND INTEGER FEASIBLE,0.019789,0.035975,1,12,0,0,17166.499301,17166.305657,0.000000,0.000000,0
neos-3754480-nidda,config16,2,FOUND INTEGER FEASIBLE,0.019268,0.031891,1,12,0,0,17166.499301,17166.305657,0.000000,0.000000,0
neos-3754480-nidda,config16,3,FOUND INTEGER FEASIBLE,0.018852,0.031052,1,12,0,0,17166.499301,17166.305657,0.000000,0.000000,0
neos-3754480-nidda,config16,4,FOUND INTEGER FEASIBLE,0.015689,0.025484,1,12,0,0,17166.499301,17166.305657,0.000000,0.000000,0
neos-3754480-nidda,config16,5,FOUND INTEGER FEASIBLE,0.017691,0.027712,1,12,0,0,17166.499301,17166.305657,0.000000,0.000000,0
neos-3754480-nidda,config17,1,FOUND INTEGER FEASIBLE,0.003496,0.012394,0,1,0,0,14623887.483363,16869.795366,0.000000,0.000000,0
neos-3754480-nidda,config17,2,FOUND INTEGER FEASIBLE,0.003376,0.012150,0,1,0,0,14623887.483363,16869.795366,0.000000,0.000000,0
neos-3754480-nidda,config17,3,FOUND INTEGER FEASIBLE,0.003105,0.012074,0,1,0,0,14623887.483363,16869.795366,0.000000,0.000000,0
neos-3754480-nidda,config17,4,FOUND INTEGER FEASIBLE,0.003061,0.011844,0,1,0,0,14623887.483363,16869.795366,0.000000,0.000000,0
neos-3754480-nidda,config17,5,FOUND INTEGER FEASIBLE,0.003776,0.014684,0,1,0,0,14623887.483363,16869.795366,0.000000,0.000000,0
neos-3754480-nidda,config21,1,FOUND INTEGER FEASIBLE,0.005018,0.015394,0,3,0,0,26865195.896892,16938.820817,0.000000,0.000000,0
neos-3754480-nidda,config21,2,FOUND INTEGER FEASIBLE,0.004985,0.014800,0,3,0,0,26865195.896892,16938.820817,0.000000,0.000000,0
neos-3754480-nidda,config21,3,FOUND INTEGER FEASIBLE,0.005128,0.015561,0,3,0,0,26865195.896892,16938.820817,0.000000,0.000000,0
neos-3754480-nidda,config21,4,FOUND INTEGER FEASIBLE,0.004196,0.012886,0,3,0,0,26865195.896892,16938.820817,0.000000,0.000000,0
neos-3754480-nidda,config21,5,FOUND INTEGER FEASIBLE,0.005106,0.015572,0,3,0,0,26865195.896892,16938.820817,0.000000,0.000000,0
neos-3754480-nidda,config23,1,FOUND INTEGER FEASIBLE,0.006405,0.019334,0,3,0,0,26864360.148001,16869.795366,0.000000,0.000000,0
neos-3754480-nidda,config23,2,FOUND INTEGER FEASIBLE,0.005198,0.015648,0,3,0,0,26864360.148001,16869.795366,0.000000,0.000000,0
neos-3754480-nidda,config23,3,FOUND INTEGER FEASIBLE,0.005238,0.015612,0,3,0,0,26864360.148001,16869.795366,0.000000,0.000000,0
neos-3754480-nidda,config23,4,FOUND INTEGER FEASIBLE,0.005070,0.015442,0,3,0,0,26864360.148001,16869.795366,0.000000,0.000000,0
neos-3754480-nidda,config23,5,FOUND INTEGER FEASIBLE,0.005078,0.015483,0,3,0,0,26864360.148001,16869.795366,0.000000,0.000000,0
neos-4300652-rahue,config16,1,FAILED TO FIND AN INTEGER FEASIBLE SOLUTION,7.106633,3600,2205,2,2,1,0.000000,0.000000,21.000000,14.000000,42
neos-4300652-rahue,config16,2,FAILED TO FIND AN INTEGER FEASIBLE SOLUTION,6.147712,3600,1408,2,2,1,0.000000,0.000000,27.000000,18.000000,54
neos-4300652-rahue,config16,3,FAILED TO FIND AN INTEGER FEASIBLE SOLUTION,7.217887,3600,1362,2,2,1,0.000000,0.000000,26.000000,17.000000,52
neos-4300652-rahue,config16,4,FAILED TO FIND AN INTEGER FEASIBLE SOLUTION,7.075535,3600,2101,2,2,1,0.000000,0.000000,24.000000,16.000000,50
neos-4300652-rahue,config16,5,FAILED TO FIND AN INTEGER FEASIBLE SOLUTION,7.221462,3600,1521,2,2,1,0.000000,0.000000,24.000000,16.000000,58
neos-4300652-rahue,config17,1,FAILED TO FIND AN INTEGER FEASIBLE SOLUTION,4.539558,3600,1614,1,1,0,0.000000,0.000000,29.333333,15.666667,88
neos-4300652-rahue,config17,2,FAILED TO FIND AN INTEGER FEASIBLE SOLUTION,4.843541,3600,1211,1,1,0,0.000000,0.000000,30.000000,16.000000,60
neos-4300652-rahue,config17,3,FAILED TO FIND AN INTEGER FEASIBLE SOLUTION,4.522906,3600,2400,1,1,0,0.000000,0.000000,24.000000,16.000000,50
neos-4300652-rahue,config17,4,FAILED TO FIND AN INTEGER FEASIBLE SOLUTION,4.880287,3600,1431,1,1,0,0.000000,0.000000,21.000000,14.000000,44
neos-4300652-rahue,config17,5,FAILED TO FIND AN INTEGER FEASIBLE SOLUTION,4.605189,3600,1188,1,1,0,0.000000,0.000000,30.000000,16.333333,90
neos-4300652-rahue,config21,1,FOUND INTEGER FEASIBLE,245.559967,465.488131,15,3,3,3,6.112500,6.112500,0.000000,0.000000,0
neos-4300652-rahue,config21,2,FOUND INTEGER FEASIBLE,238.569239,512.473119,28,3,3,3,5.591600,5.591600,0.000000,0.000000,0
neos-4300652-rahue,config21,3,FOUND INTEGER FEASIBLE,234.222783,456.691908,2,3,3,3,26.425000,26.425000,0.000000,0.000000,0
neos-4300652-rahue,config21,4,FOUND INTEGER FEASIBLE,235.679552,443.194916,12,3,3,3,6.068300,6.068300,0.000000,0.000000,0
neos-4300652-rahue,config21,5,FOUND INTEGER FEASIBLE,229.972561,458.415152,12,3,3,3,20.158800,20.158800,0.000000,0.000000,0
neos-4300652-rahue,config23,1,FAILED TO FIND AN INTEGER FEASIBLE SOLUTION,231.047260,3600,2011,3,3,3,0.000000,0.000000,30.000000,20.000000,62
neos-4300652-rahue,config23,2,FAILED TO FIND AN INTEGER FEASIBLE SOLUTION,233.310744,3600,1546,3,3,3,0.000000,0.000000,27.000000,18.000000,56
neos-4300652-rahue,config23,3,FAILED TO FIND AN INTEGER FEASIBLE SOLUTION,231.830482,3600,1917,3,3,3,0.000000,0.000000,23.000000,14.000000,60
neos-4300652-rahue,config23,4,FAILED TO FIND AN INTEGER FEASIBLE SOLUTION,235.355320,3600,1479,3,3,3,0.000000,0.000000,31.000000,20.333333,93
neos-4300652-rahue,config23,5,FAILED TO FIND AN INTEGER FEASIBLE SOLUTION,233.202773,3600,1444,3,3,3,0.000000,0.000000,27.000000,18.000000,56
neos-4338804-snowy,config16,1,FOUND INTEGER FEASIBLE,0.018336,0.609547,259,10,2,0,209307.000000,10947.000000,0.000000,0.000000,0
neos-4338804-snowy,config16,2,FOUND INTEGER FEASIBLE,0.017583,0.354801,199,10,1,0,10463.000000,10463.000000,0.000000,0.000000,0
neos-4338804-snowy,config16,3,FOUND INTEGER FEASIBLE,0.017823,0.450278,179,10,1,0,2403604.000000,8646.000000,0.000000,0.000000,0
neos-4338804-snowy,config16,4,FOUND INTEGER FEASIBLE,0.014235,0.717679,317,10,3,0,774272.000000,8512.000000,0.000000,0.000000,0
neos-4338804-snowy,config16,5,FOUND INTEGER FEASIBLE,0.014566,0.413253,163,10,1,0,2033457.000000,10222.000000,0.000000,0.000000,0
neos-4338804-snowy,config17,1,FOUND INTEGER FEASIBLE,0.012793,0.074370,31,10,0,0,5953.000000,5623.000000,0.000000,0.000000,0
neos-4338804-snowy,config17,2,FOUND INTEGER FEASIBLE,0.012385,0.056018,12,10,0,0,1476699.000000,7225.000000,0.000000,0.000000,0
neos-4338804-snowy,config17,3,FOUND INTEGER FEASIBLE,0.011938,0.074514,33,10,0,0,229417.000000,11057.000000,0.000000,0.000000,0
neos-4338804-snowy,config17,4,FOUND INTEGER FEASIBLE,0.018221,0.104283,37,10,0,0,138915.000000,10072.000000,0.000000,0.000000,0
neos-4338804-snowy,config17,5,FOUND INTEGER FEASIBLE,0.013278,0.053009,4,10,0,0,7647.000000,7581.000000,0.000000,0.000000,0
neos-4338804-snowy,config21,1,FOUND INTEGER FEASIBLE,0.072255,0.099447,4,10,0,0,7202.000000,6795.000000,0.000000,0.000000,0
neos-4338804-snowy,config21,2,FOUND INTEGER FEASIBLE,0.077641,0.108530,4,10,0,0,7056.000000,6409.000000,0.000000,0.000000,0
neos-4338804-snowy,config21,3,FOUND INTEGER FEASIBLE,0.078210,0.109351,3,10,0,0,6668.000000,6205.000000,0.000000,0.000000,0
neos-4338804-snowy,config21,4,FOUND INTEGER FEASIBLE,0.076460,0.107502,4,10,0,0,2206140.000000,5679.000000,0.000000,0.000000,0
neos-4338804-snowy,config21,5,FOUND INTEGER FEASIBLE,0.072390,0.099415,4,10,0,0,7439.000000,6957.000000,0.000000,0.000000,0
neos-4338804-snowy,config23,1,FOUND INTEGER FEASIBLE,0.072378,0.097788,2,10,0,0,365865.000000,7425.000000,0.000000,0.000000,0
neos-4338804-snowy,config23,2,FOUND INTEGER FEASIBLE,0.076550,0.105337,2,10,0,0,365865.000000,7425.000000,0.000000,0.000000,0
neos-4338804-snowy,config23,3,FOUND INTEGER FEASIBLE,0.073425,0.098756,2,10,0,0,365865.000000,7425.000000,0.000000,0.000000,0
neos-4338804-snowy,config23,4,FOUND INTEGER FEASIBLE,0.072636,0.097884,2,10,0,0,365865.000000,7425.000000,0.000000,0.000000,0
neos-4338804-snowy,config23,5,FOUND INTEGER FEASIBLE,0.077085,0.106150,2,10,0,0,365865.000000,7425.000000,0.000000,0.000000,0
neos-4387871-tavua,config16,1,FOUND INTEGER FEASIBLE,0.047445,18.740422,4748,2,2,0,291.219940,291.219940,0.000000,0.000000,0
neos-4387871-tavua,config16,2,FAILED TO FIND AN INTEGER FEASIBLE SOLUTION,0.027539,43.549385,12000,2,2,0,0.000000,0.000000,0.076923,0.076923,1
neos-4387871-tavua,config16,3,FOUND INTEGER FEASIBLE,0.045833,24.030534,6154,2,2,0,279.977310,279.977310,0.000000,0.000000,0
neos-4387871-tavua,config16,4,FAILED TO FIND AN INTEGER FEASIBLE SOLUTION,0.045416,48.406267,12000,2,2,0,0.000000,0.000000,0.076923,0.076923,1
neos-4387871-tavua,config16,5,FOUND INTEGER FEASIBLE,0.045924,17.151013,4378,2,2,0,315.261510,315.261510,0.000000,0.000000,0
neos-4387871-tavua,config17,1,FAILED TO FIND AN INTEGER FEASIBLE SOLUTION,0.032359,46.685932,12000,3,3,0,0.000000,0.000000,0.076923,0.076923,1
neos-4387871-tavua,config17,2,FOUND INTEGER FEASIBLE,0.033009,5.551757,1444,3,3,0,286.048360,286.048360,0.000000,0.000000,0
neos-4387871-tavua,config17,3,FAILED TO FIND AN INTEGER FEASIBLE SOLUTION,0.035931,45.464924,12000,3,3,0,0.000000,0.000000,0.076923,0.076923,1
neos-4387871-tavua,config17,4,FOUND INTEGER FEASIBLE,0.017013,23.293128,6447,3,3,0,279.634150,279.634150,0.000000,0.000000,0
neos-4387871-tavua,config17,5,FOUND INTEGER FEASIBLE,0.032666,19.765293,5211,3,3,0,309.533620,309.533620,0.000000,0.000000,0
neos-4387871-tavua,config21,1,FAILED TO FIND AN INTEGER FEASIBLE SOLUTION,1.289482,39.997543,12000,6,6,5,0.000000,0.000000,0.153846,0.153846,2
neos-4387871-tavua,config21,2,FOUND INTEGER FEASIBLE,0.879619,37.937577,11098,6,6,5,287.391520,287.391520,0.000000,0.000000,0
neos-4387871-tavua,config21,3,FAILED TO FIND AN INTEGER FEASIBLE SOLUTION,0.884113,39.163319,12000,6,6,5,0.000000,0.000000,0.076923,0.076923,1
neos-4387871-tavua,config21,4,FOUND INTEGER FEASIBLE,1.710882,5.843009,595,6,6,5,297.290990,297.290990,0.000000,0.000000,0
neos-4387871-tavua,config21,5,FAILED TO FIND AN INTEGER FEASIBLE SOLUTION,1.719252,39.083911,12000,6,6,5,0.000000,0.000000,0.076923,0.076923,1
neos-4387871-tavua,config23,1,FOUND INTEGER FEASIBLE,1.706696,3.368696,539,6,6,5,299.018880,299.018880,0.000000,0.000000,0
neos-4387871-tavua,config23,2,FAILED TO FIND AN INTEGER FEASIBLE SOLUTION,0.878068,40.670926,12000,6,6,5,0.000000,0.000000,0.076923,0.076923,1
neos-4387871-tavua,config23,3,FAILED TO FIND AN INTEGER FEASIBLE SOLUTION,0.881643,38.228641,12000,6,6,5,0.000000,0.000000,0.076923,0.076923,1
neos-4387871-tavua,config23,4,FOUND INTEGER FEASIBLE,1.294729,12.351351,3563,6,6,5,292.290990,292.290990,0.000000,0.000000,0
neos-4387871-tavua,config23,5,FOUND INTEGER FEASIBLE,1.719523,2.810643,274,6,6,5,317.604670,317.604670,0.000000,0.000000,0
neos-4413714-turia,config16,1,FOUND INTEGER FEASIBLE,1.620973,21.992874,1,11,0,0,225.872030,225.872030,0.000000,0.000000,0
neos-4413714-turia,config16,2,FOUND INTEGER FEASIBLE,1.742036,18.858847,1,11,0,0,225.872030,225.872030,0.000000,0.000000,0
neos-4413714-turia,config16,3,FOUND INTEGER FEASIBLE,2.399250,21.063038,1,11,0,0,225.872030,225.872030,0.000000,0.000000,0
neos-4413714-turia,config16,4,FOUND INTEGER FEASIBLE,1.631283,20.717869,1,11,0,0,225.872030,225.872030,0.000000,0.000000,0
neos-4413714-turia,config16,5,FOUND INTEGER FEASIBLE,1.466954,22.519567,2,11,0,0,478.217734,478.217734,0.000000,0.000000,0
neos-4413714-turia,config17,1,FOUND INTEGER FEASIBLE,1.146887,3.114419,2,2,0,0,59710.034081,499.626115,0.000000,0.000000,0
neos-4413714-turia,config17,2,FOUND INTEGER FEASIBLE,1.136309,3.121806,1,2,0,0,59710.034081,499.626115,0.000000,0.000000,0
neos-4413714-turia,config17,3,FOUND INTEGER FEASIBLE,0.961477,2.168346,2,2,0,0,59710.034081,499.626115,0.000000,0.000000,0
neos-4413714-turia,config17,4,FOUND INTEGER FEASIBLE,0.964492,2.137303,1,2,0,0,59710.034081,499.626115,0.000000,0.000000,0
neos-4413714-turia,config17,5,FOUND INTEGER FEASIBLE,1.146657,3.121609,2,2,0,0,59710.034081,499.626115,0.000000,0.000000,0
neos-4413714-turia,config21,1,FOUND INTEGER FEASIBLE,9.395660,11.272455,0,2,0,0,1783.178852,499.635492,0.000000,0.000000,0
neos-4413714-turia,config21,2,FOUND INTEGER FEASIBLE,12.967144,14.129046,0,2,0,0,1783.178852,499.635492,0.000000,0.000000,0
neos-4413714-turia,config21,3,FOUND INTEGER FEASIBLE,9.910292,10.990713,0,2,0,0,1783.178852,499.635492,0.000000,0.000000,0
neos-4413714-turia,config21,4,FOUND INTEGER FEASIBLE,11.365138,13.225113,0,2,0,0,1783.178852,499.635492,0.000000,0.000000,0
neos-4413714-turia,config21,5,FOUND INTEGER FEASIBLE,10.513616,11.979935,0,2,0,0,1783.178852,499.635492,0.000000,0.000000,0
neos-4413714-turia,config23,1,FOUND INTEGER FEASIBLE,11.436213,13.314805,3,2,0,0,1783.178852,499.861356,0.000000,0.000000,0
neos-4413714-turia,config23,2,FOUND INTEGER FEASIBLE,9.161852,10.279929,3,2,0,0,1783.178852,499.861356,0.000000,0.000000,0
neos-4413714-turia,config23,3,FOUND INTEGER FEASIBLE,11.160077,12.310497,4,2,0,0,1783.178852,499.861356,0.000000,0.000000,0
neos-4413714-turia,config23,4,FOUND INTEGER FEASIBLE,10.982830,12.701714,4,2,0,0,1783.178852,499.861356,0.000000,0.000000,0
neos-4413714-turia,config23,5,FOUND INTEGER FEASIBLE,10.898042,12.932487,4,2,0,0,1783.178852,499.861356,0.000000,0.000000,0
neos-4532248-waihi,config16,1,FAILED TO FIND AN INTEGER FEASIBLE SOLUTION,1506.383289,3600,5560,10,10,5,0.000000,0.000000,1.091266,1.091266,11
neos-4532248-waihi,config16,2,FAILED TO FIND AN INTEGER FEASIBLE SOLUTION,1516.688767,3600,5673,10,10,5,0.000000,0.000000,2.482490,2.482490,20
neos-4532248-waihi,config16,3,FAILED TO FIND AN INTEGER FEASIBLE SOLUTION,1522.372729,3600,5264,10,10,5,0.000000,0.000000,1.263946,1.263946,13
neos-4532248-waihi,config16,4,FAILED TO FIND AN INTEGER FEASIBLE SOLUTION,1501.072900,3600,6251,10,10,5,0.000000,0.000000,2.490972,2.490972,22
neos-4532248-waihi,config16,5,FAILED TO FIND AN INTEGER FEASIBLE SOLUTION,1480.427882,3600,5817,10,10,5,0.000000,0.000000,1.824836,1.935947,12
neos-4532248-waihi,config17,1,FOUND INTEGER FEASIBLE,0.918150,16.587222,87,9,1,1,643.200000,628.200000,0.000000,0.000000,0
neos-4532248-waihi,config17,2,FAILED TO FIND AN INTEGER FEASIBLE SOLUTION,1.281708,2250.570684,12000,9,9,1,0.000000,0.000000,0.380952,0.380952,2
neos-4532248-waihi,config17,3,FAILED TO FIND AN INTEGER FEASIBLE SOLUTION,0.820500,2339.782648,12000,9,9,1,0.000000,0.000000,0.808081,0.808081,3
neos-4532248-waihi,config17,4,FAILED TO FIND AN INTEGER FEASIBLE SOLUTION,0.868211,2360.164841,12000,9,9,1,0.000000,0.000000,0.545455,0.545455,4
neos-4532248-waihi,config17,5,FAILED TO FIND AN INTEGER FEASIBLE SOLUTION,0.924694,2280.489681,12000,9,9,1,0.000000,0.000000,0.545455,0.545455,4
neos-4532248-waihi,config21,1,FAILED TO FIND AN INTEGER FEASIBLE SOLUTION,3.351355,2388.856953,12000,12,12,1,0.000000,0.000000,1.222022,1.222022,9
neos-4532248-waihi,config21,2,FAILED TO FIND AN INTEGER FEASIBLE SOLUTION,3.624213,2345.594666,12000,12,12,1,0.000000,0.000000,2.168828,2.168828,19
neos-4532248-waihi,config21,3,FAILED TO FIND AN INTEGER FEASIBLE SOLUTION,4.448668,2319.216403,12000,12,12,1,0.000000,0.000000,2.559404,2.559404,12
neos-4532248-waihi,config21,4,FAILED TO FIND AN INTEGER FEASIBLE SOLUTION,3.434523,2235.939738,12000,12,12,1,0.000000,0.000000,2.350820,2.350820,22
neos-4532248-waihi,config21,5,FAILED TO FIND AN INTEGER FEASIBLE SOLUTION,3.412451,2351.586633,12000,12,12,1,0.000000,0.000000,3.236170,3.236170,23
neos-4532248-waihi,config23,1,FAILED TO FIND AN INTEGER FEASIBLE SOLUTION,3.390373,2285.226414,12000,12,12,1,0.000000,0.000000,1.858549,1.858549,11
neos-4532248-waihi,config23,2,FAILED TO FIND AN INTEGER FEASIBLE SOLUTION,4.995980,2254.069233,12000,12,12,1,0.000000,0.000000,0.666667,0.666667,2
neos-4532248-waihi,config23,3,FAILED TO FIND AN INTEGER FEASIBLE SOLUTION,4.127331,2412.388535,12000,12,12,1,0.000000,0.000000,1.728210,1.728210,13
neos-4532248-waihi,config23,4,FAILED TO FIND AN INTEGER FEASIBLE SOLUTION,3.373275,2473.046284,12000,12,12,1,0.000000,0.000000,0.761905,0.761905,2
neos-4532248-waihi,config23,5,FAILED TO FIND AN INTEGER FEASIBLE SOLUTION,4.266380,2439.937420,12000,12,12,1,0.000000,0.000000,1.085714,1.085714,7
neos-4647030-tutaki,config16,1,FOUND INTEGER FEASIBLE,4.097523,13.925729,6,11,0,0,29759.944500,29759.944500,0.000000,0.000000,0
neos-4647030-tutaki,config16,2,FOUND INTEGER FEASIBLE,4.069994,12.049287,6,11,0,0,29428.542000,29428.542000,0.000000,0.000000,0
neos-4647030-tutaki,config16,3,FOUND INTEGER FEASIBLE,3.699063,9.832821,2,11,0,0,30157.627500,30157.627500,0.000000,0.000000,0
neos-4647030-tutaki,config16,4,FOUND INTEGER FEASIBLE,4.150097,10.418424,2,11,0,0,41027.629500,41027.629500,0.000000,0.000000,0
neos-4647030-tutaki,config16,5,FOUND INTEGER FEASIBLE,4.631072,10.910375,1,11,0,0,41160.190500,41160.190500,0.000000,0.000000,0
neos-4647030-tutaki,config17,1,FOUND INTEGER FEASIBLE,3.095042,9.607791,2,11,0,0,37771.147400,37771.147400,0.000000,0.000000,0
neos-4647030-tutaki,config17,2,FOUND INTEGER FEASIBLE,3.100772,10.176199,4,11,0,0,36660.231300,36660.231300,0.000000,0.000000,0
neos-4647030-tutaki,config17,3,FOUND INTEGER FEASIBLE,3.811795,10.145568,1,11,0,0,38405.956600,38405.956600,0.000000,0.000000,0
neos-4647030-tutaki,config17,4,FOUND INTEGER FEASIBLE,3.088789,10.387015,2,11,0,0,63639.622300,63639.622300,0.000000,0.000000,0
neos-4647030-tutaki,config17,5,FOUND INTEGER FEASIBLE,3.078370,10.145455,1,11,0,0,79351.150000,79351.150000,0.000000,0.000000,0
neos-4647030-tutaki,config21,1,FOUND INTEGER FEASIBLE,1.318061,7.266785,1,10,0,0,92555.084500,92555.084500,0.000000,0.000000,0
neos-4647030-tutaki,config21,2,FOUND INTEGER FEASIBLE,1.303209,7.294496,1,10,0,0,83520.738700,83520.738700,0.000000,0.000000,0
neos-4647030-tutaki,config21,3,FOUND INTEGER FEASIBLE,1.608458,8.170874,1,10,0,0,86907.164300,86907.164300,0.000000,0.000000,0
neos-4647030-tutaki,config21,4,FOUND INTEGER FEASIBLE,1.448652,8.471221,1,10,0,0,91186.313500,91186.313500,0.000000,0.000000,0
neos-4647030-tutaki,config21,5,FOUND INTEGER FEASIBLE,2.251185,8.581329,1,10,0,0,80699.885800,80699.885800,0.000000,0.000000,0
neos-4647030-tutaki,config23,1,FOUND INTEGER FEASIBLE,1.302641,8.887879,6,10,0,0,44754.048600,44754.048600,0.000000,0.000000,0
neos-4647030-tutaki,config23,2,FOUND INTEGER FEASIBLE,1.642702,11.304701,7,10,0,0,39440.428400,39440.428400,0.000000,0.000000,0
neos-4647030-tutaki,config23,3,FOUND INTEGER FEASIBLE,1.316869,10.347531,4,10,0,0,45071.453200,45071.453200,0.000000,0.000000,0
neos-4647030-tutaki,config23,4,FOUND INTEGER FEASIBLE,1.970131,10.114451,2,10,0,0,120772.450300,120772.450300,0.000000,0.000000,0
neos-4647030-tutaki,config23,5,FOUND INTEGER FEASIBLE,1.333712,8.059214,1,10,0,0,138229.703300,138229.703300,0.000000,0.000000,0
neos-4722843-widden,config16,1,FOUND INTEGER FEASIBLE,0.926041,5.691350,3,10,3,3,33304.435644,33304.435644,0.000000,0.000000,0
neos-4722843-widden,config16,2,FOUND INTEGER FEASIBLE,0.913717,5.091280,3,10,3,3,33304.435644,33304.435644,0.000000,0.000000,0
neos-4722843-widden,config16,3,FOUND INTEGER FEASIBLE,1.683404,5.339316,3,10,3,3,31754.435644,31754.435644,0.000000,0.000000,0
neos-4722843-widden,config16,4,FOUND INTEGER FEASIBLE,0.916537,6.239890,3,10,3,3,33304.435644,33304.435644,0.000000,0.000000,0
neos-4722843-widden,config16,5,FOUND INTEGER FEASIBLE,0.928942,5.428720,6,10,3,3,31754.435644,31754.435644,0.000000,0.000000,0
neos-4722843-widden,config17,1,FOUND INTEGER FEASIBLE,0.772379,25.866938,130,4,2,1,31781.761905,31781.761905,0.000000,0.000000,0
neos-4722843-widden,config17,2,FOUND INTEGER FEASIBLE,0.768087,26.084638,151,4,2,1,30053.761905,30053.761905,0.000000,0.000000,0
neos-4722843-widden,config17,3,FOUND INTEGER FEASIBLE,0.921244,16.559542,72,4,1,1,36140.761905,36140.761905,0.000000,0.000000,0
neos-4722843-widden,config17,4,FOUND INTEGER FEASIBLE,0.753438,9.102805,12,4,1,1,104789.476429,104789.476429,0.000000,0.000000,0
neos-4722843-widden,config17,5,FOUND INTEGER FEASIBLE,0.753427,9.510874,15,4,1,1,107692.836429,107692.836429,0.000000,0.000000,0
neos-4722843-widden,config21,1,FOUND INTEGER FEASIBLE,5.109529,11.963574,6,4,4,4,36288.727723,36288.727723,0.000000,0.000000,0
neos-4722843-widden,config21,2,FOUND INTEGER FEASIBLE,5.082364,12.633242,6,4,4,4,32838.659406,32838.659406,0.000000,0.000000,0
neos-4722843-widden,config21,3,FOUND INTEGER FEASIBLE,5.583651,14.083011,4,4,4,4,34351.727723,34351.727723,0.000000,0.000000,0
neos-4722843-widden,config21,4,FOUND INTEGER FEASIBLE,6.418191,13.387358,4,4,4,4,33700.847525,33700.847525,0.000000,0.000000,0
neos-4722843-widden,config21,5,FOUND INTEGER FEASIBLE,7.012024,17.168233,17,4,4,4,34061.727723,34061.727723,0.000000,0.000000,0
neos-4722843-widden,config23,1,FOUND INTEGER FEASIBLE,5.244880,12.367715,3,4,4,4,121379.464286,121379.464286,0.000000,0.000000,0
neos-4722843-widden,config23,2,FOUND INTEGER FEASIBLE,5.785716,16.360851,24,4,4,4,30071.880952,30071.880952,0.000000,0.000000,0
neos-4722843-widden,config23,3,FOUND INTEGER FEASIBLE,6.043132,12.021593,6,4,4,4,30433.623762,30433.623762,0.000000,0.000000,0
neos-4722843-widden,config23,4,FOUND INTEGER FEASIBLE,5.974651,17.782898,22,4,4,4,115676.104286,115676.104286,0.000000,0.000000,0
neos-4722843-widden,config23,5,FOUND INTEGER FEASIBLE,7.010599,17.393166,15,4,4,4,117476.104286,117476.104286,0.000000,0.000000,0
neos-4738912-atrato,config16,1,FOUND INTEGER FEASIBLE,0.083479,0.201527,2,2,1,1,304164070.748170,304164070.748170,0.000000,0.000000,0
neos-4738912-atrato,config16,2,FOUND INTEGER FEASIBLE,0.083357,0.193856,3,2,1,1,321552566.674770,321552566.674770,0.000000,0.000000,0
neos-4738912-atrato,config16,3,FOUND INTEGER FEASIBLE,0.083391,0.185144,2,2,1,1,339976250.868070,339976250.868070,0.000000,0.000000,0
neos-4738912-atrato,config16,4,FOUND INTEGER FEASIBLE,0.087124,0.217302,2,2,1,1,334907306.391970,334907306.391970,0.000000,0.000000,0
neos-4738912-atrato,config16,5,FOUND INTEGER FEASIBLE,0.083797,0.198312,2,2,1,1,344959238.190910,344959238.190910,0.000000,0.000000,0
neos-4738912-atrato,config17,1,FOUND INTEGER FEASIBLE,0.064512,0.170552,3,10,0,0,466291605.902170,466291605.902170,0.000000,0.000000,0
neos-4738912-atrato,config17,2,FOUND INTEGER FEASIBLE,0.064333,0.173656,4,10,0,0,449220034.365010,449220034.365010,0.000000,0.000000,0
neos-4738912-atrato,config17,3,FOUND INTEGER FEASIBLE,0.064613,0.162987,1,10,0,0,647286429.659449,647286429.659450,0.000000,0.000000,0
neos-4738912-atrato,config17,4,FOUND INTEGER FEASIBLE,0.063857,0.166540,2,10,0,0,435786133.165160,435786133.165160,0.000000,0.000000,0
neos-4738912-atrato,config17,5,FOUND INTEGER FEASIBLE,0.064481,0.167604,1,10,0,0,923428977.416660,923428977.416660,0.000000,0.000000,0
neos-4738912-atrato,config21,1,FOUND INTEGER FEASIBLE,0.013227,0.107976,0,1,1,1,2443426211.438781,2443426211.438780,0.000000,0.000000,0
neos-4738912-atrato,config21,2,FOUND INTEGER FEASIBLE,0.013219,0.109086,0,1,1,1,2443426211.438781,2443426211.438780,0.000000,0.000000,0
neos-4738912-atrato,config21,3,FOUND INTEGER FEASIBLE,0.013192,0.108262,0,1,1,1,2443426211.438781,2443426211.438780,0.000000,0.000000,0
neos-4738912-atrato,config21,4,FOUND INTEGER FEASIBLE,0.013309,0.117081,0,1,1,1,2443426211.438781,2443426211.438780,0.000000,0.000000,0
neos-4738912-atrato,config21,5,FOUND INTEGER FEASIBLE,0.013176,0.115719,0,1,1,1,2443426211.438781,2443426211.438780,0.000000,0.000000,0
neos-4738912-atrato,config23,1,FOUND INTEGER FEASIBLE,0.013292,0.125298,1,1,1,1,730355641.654900,730355641.654900,0.000000,0.000000,0
neos-4738912-atrato,config23,2,FOUND INTEGER FEASIBLE,0.013223,0.117681,1,1,1,1,702300387.277200,702300387.277200,0.000000,0.000000,0
neos-4738912-atrato,config23,3,FOUND INTEGER FEASIBLE,0.009851,0.103627,1,1,1,1,898975734.307000,898975734.307000,0.000000,0.000000,0
neos-4738912-atrato,config23,4,FOUND INTEGER FEASIBLE,0.013205,0.117230,1,1,1,1,654302346.680100,654302346.680100,0.000000,0.000000,0
neos-4738912-atrato,config23,5,FOUND INTEGER FEASIBLE,0.013240,0.115697,1,1,1,1,1026839291.862600,1026839291.862600,0.000000,0.000000,0
neos-4763324-toguru,config16,1,FOUND INTEGER FEASIBLE,8.207329,10.804428,87,11,1,0,4097.730984,2737.989050,0.000000,0.000000,0
neos-4763324-toguru,config16,2,FOUND INTEGER FEASIBLE,8.662785,10.648213,87,11,1,0,4087.216538,2727.474605,0.000000,0.000000,0
neos-4763324-toguru,config16,3,FOUND INTEGER FEASIBLE,9.285506,11.876962,89,11,1,0,4276.337638,3531.506736,0.000000,0.000000,0
neos-4763324-toguru,config16,4,FOUND INTEGER FEASIBLE,8.672102,11.274487,89,11,1,0,4094.161977,2734.420044,0.000000,0.000000,0
neos-4763324-toguru,config16,5,FOUND INTEGER FEASIBLE,10.815659,14.210981,88,11,1,0,4078.637162,3295.672491,0.000000,0.000000,0
neos-4763324-toguru,config17,1,FOUND INTEGER FEASIBLE,0.322351,2.623246,0,0,0,0,10366.585214,9190.847746,0.000000,0.000000,0
neos-4763324-toguru,config17,2,FOUND INTEGER FEASIBLE,0.181261,1.622981,0,0,0,0,10366.585214,9190.847746,0.000000,0.000000,0
neos-4763324-toguru,config17,3,FOUND INTEGER FEASIBLE,0.323751,2.616523,0,0,0,0,10366.585214,9190.847746,0.000000,0.000000,0
neos-4763324-toguru,config17,4,FOUND INTEGER FEASIBLE,0.321460,2.618087,0,0,0,0,10366.585214,9190.847746,0.000000,0.000000,0
neos-4763324-toguru,config17,5,FOUND INTEGER FEASIBLE,0.182383,1.628611,0,0,0,0,10366.585214,9190.847746,0.000000,0.000000,0
neos-4763324-toguru,config21,1,FOUND INTEGER FEASIBLE,0.323408,2.644613,0,0,0,0,10366.585214,9190.847746,0.000000,0.000000,0
neos-4763324-toguru,config21,2,FOUND INTEGER FEASIBLE,0.323717,2.643158,0,0,0,0,10366.585214,9190.847746,0.000000,0.000000,0
neos-4763324-toguru,config21,3,FOUND INTEGER FEASIBLE,0.305811,2.600616,0,0,0,0,10366.585214,9190.847746,0.000000,0.000000,0
neos-4763324-toguru,config21,4,FOUND INTEGER FEASIBLE,0.244688,2.278147,0,0,0,0,10366.585214,9190.847746,0.000000,0.000000,0
neos-4763324-toguru,config21,5,FOUND INTEGER FEASIBLE,0.321033,3.031611,0,0,0,0,10366.585214,9190.847746,0.000000,0.000000,0
neos-4763324-toguru,config23,1,FOUND INTEGER FEASIBLE,0.318983,2.615895,0,0,0,0,10366.585214,9190.847746,0.000000,0.000000,0
neos-4763324-toguru,config23,2,FOUND INTEGER FEASIBLE,0.322947,3.097827,0,0,0,0,10366.585214,9190.847746,0.000000,0.000000,0
neos-4763324-toguru,config23,3,FOUND INTEGER FEASIBLE,0.202647,2.100209,0,0,0,0,10366.585214,9190.847746,0.000000,0.000000,0
neos-4763324-toguru,config23,4,FOUND INTEGER FEASIBLE,0.179893,1.622958,0,0,0,0,10366.585214,9190.847746,0.000000,0.000000,0
neos-4763324-toguru,config23,5,FOUND INTEGER FEASIBLE,0.180013,1.624702,0,0,0,0,10366.585214,9190.847746,0.000000,0.000000,0
neos-4954672-berkel,config16,1,FOUND INTEGER FEASIBLE,0.008168,0.034552,1,10,0,0,6719777.000000,6666793.000000,0.000000,0.000000,0
neos-4954672-berkel,config16,2,FOUND INTEGER FEASIBLE,0.003793,0.017057,1,10,0,0,9702403.000000,9702403.000000,0.000000,0.000000,0
neos-4954672-berkel,config16,3,FOUND INTEGER FEASIBLE,0.003970,0.016730,1,10,0,0,5368160.000000,5196063.000000,0.000000,0.000000,0
neos-4954672-berkel,config16,4,FOUND INTEGER FEASIBLE,0.009287,0.042358,1,10,0,0,8047236.000000,8047236.000000,0.000000,0.000000,0
neos-4954672-berkel,config16,5,FOUND INTEGER FEASIBLE,0.009104,0.038235,1,10,0,0,4356532.000000,4295611.000000,0.000000,0.000000,0
neos-4954672-berkel,config17,1,FOUND INTEGER FEASIBLE,0.001980,0.013684,0,0,0,0,11182960.000000,11182960.000000,0.000000,0.000000,0
neos-4954672-berkel,config17,2,FOUND INTEGER FEASIBLE,0.004855,0.033396,0,0,0,0,11182960.000000,11182960.000000,0.000000,0.000000,0
neos-4954672-berkel,config17,3,FOUND INTEGER FEASIBLE,0.004745,0.032362,0,0,0,0,11182960.000000,11182960.000000,0.000000,0.000000,0
neos-4954672-berkel,config17,4,FOUND INTEGER FEASIBLE,0.002013,0.013986,0,0,0,0,11182960.000000,11182960.000000,0.000000,0.000000,0
neos-4954672-berkel,config17,5,FOUND INTEGER FEASIBLE,0.004833,0.033845,0,0,0,0,11182960.000000,11182960.000000,0.000000,0.000000,0
neos-4954672-berkel,config21,1,FOUND INTEGER FEASIBLE,0.001786,0.011569,0,1,0,0,11182960.000000,11182960.000000,0.000000,0.000000,0
neos-4954672-berkel,config21,2,FOUND INTEGER FEASIBLE,0.003358,0.021871,0,1,0,0,11182960.000000,11182960.000000,0.000000,0.000000,0
neos-4954672-berkel,config21,3,FOUND INTEGER FEASIBLE,0.004053,0.026136,0,1,0,0,11182960.000000,11182960.000000,0.000000,0.000000,0
neos-4954672-berkel,config21,4,FOUND INTEGER FEASIBLE,0.004251,0.032876,0,1,0,0,11182960.000000,11182960.000000,0.000000,0.000000,0
neos-4954672-berkel,config21,5,FOUND INTEGER FEASIBLE,0.004054,0.026105,0,1,0,0,11182960.000000,11182960.000000,0.000000,0.000000,0
neos-4954672-berkel,config23,1,FOUND INTEGER FEASIBLE,0.004125,0.026378,0,1,0,0,11182960.000000,11182960.000000,0.000000,0.000000,0
neos-4954672-berkel,config23,2,FOUND INTEGER FEASIBLE,0.004077,0.026700,0,1,0,0,11182960.000000,11182960.000000,0.000000,0.000000,0
neos-4954672-berkel,config23,3,FOUND INTEGER FEASIBLE,0.002019,0.013644,0,1,0,0,11182960.000000,11182960.000000,0.000000,0.000000,0
neos-4954672-berkel,config23,4,FOUND INTEGER FEASIBLE,0.004197,0.027132,0,1,0,0,11182960.000000,11182960.000000,0.000000,0.000000,0
neos-4954672-berkel,config23,5,FOUND INTEGER FEASIBLE,0.004057,0.026274,0,1,0,0,11182960.000000,11182960.000000,0.000000,0.000000,0
neos-5049753-cuanza,config16,1,FOUND INTEGER FEASIBLE,3.949181,49.537611,99,2,1,0,751.000000,694.000000,0.000000,0.000000,0
neos-5049753-cuanza,config16,2,FOUND INTEGER FEASIBLE,4.454780,49.091960,73,2,0,0,731.000000,678.000000,0.000000,0.000000,0
neos-5049753-cuanza,config16,3,FOUND INTEGER FEASIBLE,4.026572,34.081823,60,2,0,0,784.000000,704.000000,0.000000,0.000000,0
neos-5049753-cuanza,config16,4,FOUND INTEGER FEASIBLE,3.736087,62.188367,102,2,1,0,704.000000,675.000000,0.000000,0.000000,0
neos-5049753-cuanza,config16,5,FOUND INTEGER FEASIBLE,3.808330,77.789492,167,2,2,0,634.000000,619.000000,0.000000,0.000000,0
neos-5049753-cuanza,config17,1,FOUND INTEGER FEASIBLE,81.292474,568.200783,1103,11,11,1,974.000000,950.000000,0.000000,0.000000,0
neos-5049753-cuanza,config17,2,FOUND INTEGER FEASIBLE,82.000563,646.792193,1246,11,11,1,959.000000,935.000000,0.000000,0.000000,0
neos-5049753-cuanza,config17,3,FAILED TO FIND AN INTEGER FEASIBLE SOLUTION,83.022397,3600,1542,11,11,1,0.000000,0.000000,0.400000,0.200000,2
neos-5049753-cuanza,config17,4,FAILED TO FIND AN INTEGER FEASIBLE SOLUTION,83.792005,3600,1481,11,11,1,0.000000,0.000000,0.400000,0.200000,2
neos-5049753-cuanza,config17,5,FAILED TO FIND AN INTEGER FEASIBLE SOLUTION,77.779413,3600,1351,11,11,1,0.000000,0.000000,0.400000,0.200000,2
neos-5049753-cuanza,config21,1,FAILED TO FIND AN INTEGER FEASIBLE SOLUTION,3597.833992,3600,0,0,0,-1,0.000000,0.000000,8304.000000,100000000000000000000.000000,8304
neos-5049753-cuanza,config21,2,FAILED TO FIND AN INTEGER FEASIBLE SOLUTION,3597.310954,3600,0,0,0,-1,0.000000,0.000000,8304.000000,100000000000000000000.000000,8304
neos-5049753-cuanza,config21,3,FAILED TO FIND AN INTEGER FEASIBLE SOLUTION,3597.885793,3600,0,0,0,-1,0.000000,0.000000,8304.000000,100000000000000000000.000000,8304
neos-5049753-cuanza,config21,4,FAILED TO FIND AN INTEGER FEASIBLE SOLUTION,3597.531101,3600,0,0,0,-1,0.000000,0.000000,8304.000000,100000000000000000000.000000,8304
neos-5049753-cuanza,config21,5,FAILED TO FIND AN INTEGER FEASIBLE SOLUTION,3597.543427,3600,0,0,0,-1,0.000000,0.000000,8304.000000,100000000000000000000.000000,8304
neos-5049753-cuanza,config23,1,FAILED TO FIND AN INTEGER FEASIBLE SOLUTION,3597.880392,3600,0,0,0,-1,0.000000,0.000000,8304.000000,100000000000000000000.000000,8304
neos-5049753-cuanza,config23,2,FAILED TO FIND AN INTEGER FEASIBLE SOLUTION,3598.483778,3600,0,0,0,-1,0.000000,0.000000,8304.000000,100000000000000000000.000000,8304
neos-5049753-cuanza,config23,3,FAILED TO FIND AN INTEGER FEASIBLE SOLUTION,3597.290452,3600,0,0,0,-1,0.000000,0.000000,8304.000000,100000000000000000000.000000,8304
neos-5049753-cuanza,config23,4,FAILED TO FIND AN INTEGER FEASIBLE SOLUTION,3598.108378,3600,0,0,0,-1,0.000000,0.000000,8304.000000,100000000000000000000.000000,8304
neos-5049753-cuanza,config23,5,FAILED TO FIND AN INTEGER FEASIBLE SOLUTION,3597.511168,3600,0,0,0,-1,0.000000,0.000000,8304.000000,100000000000000000000.000000,8304
neos-5052403-cygnet,config16,1,FOUND INTEGER FEASIBLE,147.258487,189.598263,1,11,0,0,211.000000,211.000000,0.000000,0.000000,0
neos-5052403-cygnet,config16,2,FOUND INTEGER FEASIBLE,151.680662,195.029876,1,11,0,0,202.000000,202.000000,0.000000,0.000000,0
neos-5052403-cygnet,config16,3,FOUND INTEGER FEASIBLE,141.570378,183.663953,2,11,0,0,229.000000,229.000000,0.000000,0.000000,0
neos-5052403-cygnet,config16,4,FOUND INTEGER FEASIBLE,147.579629,195.707043,1,11,0,0,202.000000,202.000000,0.000000,0.000000,0
neos-5052403-cygnet,config16,5,FOUND INTEGER FEASIBLE,153.202388,199.625781,5,11,0,0,256.000000,256.000000,0.000000,0.000000,0
neos-5052403-cygnet,config17,1,FOUND INTEGER FEASIBLE,148.053827,189.920894,1,11,0,0,211.000000,211.000000,0.000000,0.000000,0
neos-5052403-cygnet,config17,2,FOUND INTEGER FEASIBLE,144.445411,186.401479,1,11,0,0,202.000000,202.000000,0.000000,0.000000,0
neos-5052403-cygnet,config17,3,FOUND INTEGER FEASIBLE,150.733779,193.352482,2,11,0,0,229.000000,229.000000,0.000000,0.000000,0
neos-5052403-cygnet,config17,4,FOUND INTEGER FEASIBLE,150.781965,199.018259,1,11,0,0,202.000000,202.000000,0.000000,0.000000,0
neos-5052403-cygnet,config17,5,FOUND INTEGER FEASIBLE,150.106792,197.528543,5,11,0,0,256.000000,256.000000,0.000000,0.000000,0
neos-5052403-cygnet,config21,1,FOUND INTEGER FEASIBLE,302.961195,321.587467,4,12,0,0,410.000000,410.000000,0.000000,0.000000,0
neos-5052403-cygnet,config21,2,FOUND INTEGER FEASIBLE,305.561030,322.883178,5,12,0,0,382.000000,382.000000,0.000000,0.000000,0
neos-5052403-cygnet,config21,3,FOUND INTEGER FEASIBLE,301.455177,317.184883,2,12,0,0,422.000000,422.000000,0.000000,0.000000,0
neos-5052403-cygnet,config21,4,FOUND INTEGER FEASIBLE,310.837537,325.719269,4,12,0,0,401.000000,401.000000,0.000000,0.000000,0
neos-5052403-cygnet,config21,5,FOUND INTEGER FEASIBLE,294.783263,313.080766,2,12,0,0,410.000000,410.000000,0.000000,0.000000,0
neos-5052403-cygnet,config23,1,FOUND INTEGER FEASIBLE,307.229207,325.885776,7,12,0,0,222.000000,222.000000,0.000000,0.000000,0
neos-5052403-cygnet,config23,2,FOUND INTEGER FEASIBLE,307.643299,329.277878,18,12,0,0,289.000000,289.000000,0.000000,0.000000,0
neos-5052403-cygnet,config23,3,FOUND INTEGER FEASIBLE,307.636289,326.440448,3,12,0,0,236.000000,236.000000,0.000000,0.000000,0
neos-5052403-cygnet,config23,4,FOUND INTEGER FEASIBLE,305.816824,346.235135,85,12,1,0,212.000000,212.000000,0.000000,0.000000,0
neos-5052403-cygnet,config23,5,FOUND INTEGER FEASIBLE,308.072187,327.791817,4,12,0,0,250.000000,250.000000,0.000000,0.000000,0
neos-5093327-huahum,config16,1,FOUND INTEGER FEASIBLE,2.383396,4.419941,4,1,0,0,17380.000000,10510.000000,0.000000,0.000000,0
neos-5093327-huahum,config16,2,FOUND INTEGER FEASIBLE,3.304038,5.635518,4,1,0,0,14988.000000,7630.000000,0.000000,0.000000,0
neos-5093327-huahum,config16,3,FOUND INTEGER FEASIBLE,2.423126,5.115989,9,1,0,0,22362.000000,7446.000000,0.000000,0.000000,0
neos-5093327-huahum,config16,4,FOUND INTEGER FEASIBLE,2.791290,5.601460,3,1,0,0,11834.000000,8658.000000,0.000000,0.000000,0
neos-5093327-huahum,config16,5,FOUND INTEGER FEASIBLE,2.387800,4.863597,7,1,0,0,23954.000000,7726.000000,0.000000,0.000000,0
neos-5093327-huahum,config17,1,FOUND INTEGER FEASIBLE,0.515493,2.977743,8,0,0,0,51154.000000,8452.000000,0.000000,0.000000,0
neos-5093327-huahum,config17,2,FOUND INTEGER FEASIBLE,0.498380,3.711566,29,0,0,0,54488.000000,9188.000000,0.000000,0.000000,0
neos-5093327-huahum,config17,3,FOUND INTEGER FEASIBLE,0.498298,2.554545,8,0,0,0,38526.000000,8046.000000,0.000000,0.000000,0
neos-5093327-huahum,config17,4,FOUND INTEGER FEASIBLE,0.492036,2.686184,11,0,0,0,40196.000000,6952.000000,0.000000,0.000000,0
neos-5093327-huahum,config17,5,FOUND INTEGER FEASIBLE,0.497632,6.335480,78,0,0,0,53644.000000,9190.000000,0.000000,0.000000,0
neos-5093327-huahum,config21,1,FOUND INTEGER FEASIBLE,0.894353,3.283190,26,2,0,0,56684.000000,10042.000000,0.000000,0.000000,0
neos-5093327-huahum,config21,2,FOUND INTEGER FEASIBLE,1.380872,3.077987,3,2,0,0,36644.000000,9326.000000,0.000000,0.000000,0
neos-5093327-huahum,config21,3,FOUND INTEGER FEASIBLE,1.372902,4.167911,23,2,0,0,69918.000000,8254.000000,0.000000,0.000000,0
neos-5093327-huahum,config21,4,FOUND INTEGER FEASIBLE,1.369932,3.119882,4,2,0,0,47528.000000,9138.000000,0.000000,0.000000,0
neos-5093327-huahum,config21,5,FOUND INTEGER FEASIBLE,1.371576,3.238601,5,2,0,0,40458.000000,8986.000000,0.000000,0.000000,0
neos-5093327-huahum,config23,1,FOUND INTEGER FEASIBLE,1.535411,4.134018,11,2,0,0,38656.000000,9356.000000,0.000000,0.000000,0
neos-5093327-huahum,config23,2,FOUND INTEGER FEASIBLE,0.891938,1.960220,3,2,0,0,40594.000000,8610.000000,0.000000,0.000000,0
neos-5093327-huahum,config23,3,FOUND INTEGER FEASIBLE,0.901280,2.607873,17,2,0,0,71808.000000,8388.000000,0.000000,0.000000,0
neos-5093327-huahum,config23,4,FOUND INTEGER FEASIBLE,1.372286,3.091321,6,2,0,0,39926.000000,9686.000000,0.000000,0.000000,0
neos-5093327-huahum,config23,5,FOUND INTEGER FEASIBLE,1.366733,3.693848,18,2,0,0,47644.000000,8206.000000,0.000000,0.000000,0
neos-5104907-jarama,config16,1,FAILED TO FIND AN INTEGER FEASIBLE SOLUTION,3596.523326,3600,0,10,-1,-1,0.000000,0.000000,9520.000000,100000000000000000000.000000,9520
neos-5104907-jarama,config16,2,FAILED TO FIND AN INTEGER FEASIBLE SOLUTION,3596.561179,3600,0,10,-1,-1,0.000000,0.000000,9520.000000,100000000000000000000.000000,9520
neos-5104907-jarama,config16,3,FAILED TO FIND AN INTEGER FEASIBLE SOLUTION,3595.793053,3600,0,10,-1,-1,0.000000,0.000000,9520.000000,100000000000000000000.000000,9520
neos-5104907-jarama,config16,4,FAILED TO FIND AN INTEGER FEASIBLE SOLUTION,3596.616271,3600,0,10,-1,-1,0.000000,0.000000,9520.000000,100000000000000000000.000000,9520
neos-5104907-jarama,config16,5,FAILED TO FIND AN INTEGER FEASIBLE SOLUTION,3596.226556,3600,0,10,-1,-1,0.000000,0.000000,9520.000000,100000000000000000000.000000,9520
neos-5104907-jarama,config17,1,FAILED TO FIND AN INTEGER FEASIBLE SOLUTION,78.237994,3600,4659,11,11,9,0.000000,0.000000,1.864286,0.932143,58
neos-5104907-jarama,config17,2,FAILED TO FIND AN INTEGER FEASIBLE SOLUTION,77.220009,3600,6301,11,11,9,0.000000,0.000000,2.461905,1.230952,110
neos-5104907-jarama,config17,3,FAILED TO FIND AN INTEGER FEASIBLE SOLUTION,77.423871,3600,5597,11,11,9,0.000000,0.000000,2.135714,1.067857,90
neos-5104907-jarama,config17,4,FAILED TO FIND AN INTEGER FEASIBLE SOLUTION,81.075627,3600,6286,11,11,9,0.000000,0.000000,2.128571,1.064286,48
neos-5104907-jarama,config17,5,FAILED TO FIND AN INTEGER FEASIBLE SOLUTION,81.164002,3600,5507,11,11,9,0.000000,0.000000,1.928571,0.964286,108
neos-5104907-jarama,config21,1,FAILED TO FIND AN INTEGER FEASIBLE SOLUTION,3596.197470,3600,0,11,-1,-1,0.000000,0.000000,9520.000000,100000000000000000000.000000,9520
neos-5104907-jarama,config21,2,FAILED TO FIND AN INTEGER FEASIBLE SOLUTION,3595.965440,3600,0,11,-1,-1,0.000000,0.000000,9520.000000,100000000000000000000.000000,9520
neos-5104907-jarama,config21,3,FAILED TO FIND AN INTEGER FEASIBLE SOLUTION,3595.529760,3600,0,11,-1,-1,0.000000,0.000000,9520.000000,100000000000000000000.000000,9520
neos-5104907-jarama,config21,4,FAILED TO FIND AN INTEGER FEASIBLE SOLUTION,3596.172066,3600,0,11,-1,-1,0.000000,0.000000,9520.000000,100000000000000000000.000000,9520
neos-5104907-jarama,config21,5,FAILED TO FIND AN INTEGER FEASIBLE SOLUTION,3595.883285,3600,0,11,-1,-1,0.000000,0.000000,9520.000000,100000000000000000000.000000,9520
neos-5104907-jarama,config23,1,FAILED TO FIND AN INTEGER FEASIBLE SOLUTION,3596.985233,3600,0,11,-1,-1,0.000000,0.000000,9520.000000,100000000000000000000.000000,9520
neos-5104907-jarama,config23,2,FAILED TO FIND AN INTEGER FEASIBLE SOLUTION,3596.251934,3600,0,11,-1,-1,0.000000,0.000000,9520.000000,100000000000000000000.000000,9520
neos-5104907-jarama,config23,3,FAILED TO FIND AN INTEGER FEASIBLE SOLUTION,3596.032610,3600,0,11,-1,-1,0.000000,0.000000,9520.000000,100000000000000000000.000000,9520
neos-5104907-jarama,config23,4,FAILED TO FIND AN INTEGER FEASIBLE SOLUTION,3596.054161,3600,0,11,-1,-1,0.000000,0.000000,9520.000000,100000000000000000000.000000,9520
neos-5104907-jarama,config23,5,FAILED TO FIND AN INTEGER FEASIBLE SOLUTION,3596.333679,3600,0,11,-1,-1,0.000000,0.000000,9520.000000,100000000000000000000.000000,9520
neos-5107597-kakapo,config16,1,FOUND INTEGER FEASIBLE,0.442652,2.487565,210,8,1,0,37512.000000,37350.000000,0.000000,0.000000,0
neos-5107597-kakapo,config16,2,FOUND INTEGER FEASIBLE,0.222740,2.594547,372,8,3,0,44604.000000,43632.000000,0.000000,0.000000,0
neos-5107597-kakapo,config16,3,FOUND INTEGER FEASIBLE,0.222365,1.816320,210,8,0,0,940968.000000,46746.000000,0.000000,0.000000,0
neos-5107597-kakapo,config16,4,FOUND INTEGER FEASIBLE,0.335601,7.108390,694,8,7,0,945018.000000,58662.000000,0.000000,0.000000,0
neos-5107597-kakapo,config16,5,FOUND INTEGER FEASIBLE,0.442589,1.852024,121,8,0,0,311760.000000,54990.000000,0.000000,0.000000,0
neos-5107597-kakapo,config17,1,FOUND INTEGER FEASIBLE,0.435867,24.989862,2684,1,1,0,1589400.000000,157032.000000,0.000000,0.000000,0
neos-5107597-kakapo,config17,2,FOUND INTEGER FEASIBLE,0.221266,34.219400,2316,1,1,0,1590102.000000,159174.000000,0.000000,0.000000,0
neos-5107597-kakapo,config17,3,FOUND INTEGER FEASIBLE,0.267190,26.797120,2770,1,1,0,1595178.000000,137394.000000,0.000000,0.000000,0
neos-5107597-kakapo,config17,4,FOUND INTEGER FEASIBLE,0.443137,23.824714,2170,1,1,0,1589328.000000,143118.000000,0.000000,0.000000,0
neos-5107597-kakapo,config17,5,FOUND INTEGER FEASIBLE,0.426453,30.762817,3026,1,1,0,273834.000000,136458.000000,0.000000,0.000000,0
neos-5107597-kakapo,config21,1,FOUND INTEGER FEASIBLE,1.033342,25.299619,1937,11,11,0,1591200.000000,128268.000000,0.000000,0.000000,0
neos-5107597-kakapo,config21,2,FOUND INTEGER FEASIBLE,1.587622,31.159727,2425,11,11,0,1594152.000000,147204.000000,0.000000,0.000000,0
neos-5107597-kakapo,config21,3,FOUND INTEGER FEASIBLE,1.574494,17.364929,1518,11,11,0,1594332.000000,151596.000000,0.000000,0.000000,0
neos-5107597-kakapo,config21,4,FOUND INTEGER FEASIBLE,1.568510,29.005800,2552,11,11,0,1589094.000000,172368.000000,0.000000,0.000000,0
neos-5107597-kakapo,config21,5,FOUND INTEGER FEASIBLE,1.579809,26.680348,2709,11,11,0,1586988.000000,154206.000000,0.000000,0.000000,0
neos-5107597-kakapo,config23,1,FOUND INTEGER FEASIBLE,1.591738,23.217570,2317,11,11,0,422712.000000,177336.000000,0.000000,0.000000,0
neos-5107597-kakapo,config23,2,FOUND INTEGER FEASIBLE,1.575257,14.112408,1169,11,11,0,1591938.000000,144270.000000,0.000000,0.000000,0
neos-5107597-kakapo,config23,3,FOUND INTEGER FEASIBLE,1.574924,33.709726,3157,11,11,0,1594404.000000,160146.000000,0.000000,0.000000,0
neos-5107597-kakapo,config23,4,FOUND INTEGER FEASIBLE,1.571099,16.021831,1510,11,11,0,301482.000000,170586.000000,0.000000,0.000000,0
neos-5107597-kakapo,config23,5,FOUND INTEGER FEASIBLE,1.185922,32.596293,3108,11,11,0,1591992.000000,138888.000000,0.000000,0.000000,0
neos-5114902-kasavu,config16,1,FOUND INTEGER FEASIBLE,2298.997902,2860.454023,309,2,2,0,1004.000000,950.000000,0.000000,0.000000,0
neos-5114902-kasavu,config16,2,FOUND INTEGER FEASIBLE,2268.031775,3039.074437,234,2,2,0,951.000000,914.000000,0.000000,0.000000,0
neos-5114902-kasavu,config16,3,FAILED TO FIND AN INTEGER FEASIBLE SOLUTION,2264.864085,3600,382,2,2,0,0.000000,0.000000,0.666667,0.333333,2
neos-5114902-kasavu,config16,4,FOUND INTEGER FEASIBLE,2248.979878,2444.535399,77,2,0,0,965.000000,906.000000,0.000000,0.000000,0
neos-5114902-kasavu,config16,5,FAILED TO FIND AN INTEGER FEASIBLE SOLUTION,2285.755077,3600,411,2,2,0,0.000000,0.000000,0.666667,0.333333,2
neos-5114902-kasavu,config17,1,FOUND INTEGER FEASIBLE,1313.976205,2421.025739,564,11,7,1,1435.000000,1423.000000,0.000000,0.000000,0
neos-5114902-kasavu,config17,2,FAILED TO FIND AN INTEGER FEASIBLE SOLUTION,1342.757417,3600,1050,11,11,1,0.000000,0.000000,0.666667,0.333333,2
neos-5114902-kasavu,config17,3,FOUND INTEGER FEASIBLE,1341.821283,2185.946224,425,11,6,1,1183.000000,1121.000000,0.000000,0.000000,0
neos-5114902-kasavu,config17,4,FOUND INTEGER FEASIBLE,1334.867404,2353.045097,545,11,7,1,1188.000000,1148.000000,0.000000,0.000000,0
neos-5114902-kasavu,config17,5,FAILED TO FIND AN INTEGER FEASIBLE SOLUTION,1298.590389,3600,1015,11,11,1,0.000000,0.000000,0.666667,0.333333,2
neos-5114902-kasavu,config21,1,FAILED TO FIND AN INTEGER FEASIBLE SOLUTION,3593.414551,3600,0,0,0,-1,0.000000,0.000000,14560.000000,100000000000000000000.000000,14560
neos-5114902-kasavu,config21,2,FAILED TO FIND AN INTEGER FEASIBLE SOLUTION,3593.053447,3600,0,0,0,-1,0.000000,0.000000,14560.000000,100000000000000000000.000000,14560
neos-5114902-kasavu,config21,3,FAILED TO FIND AN INTEGER FEASIBLE SOLUTION,3594.091663,3600,0,0,0,-1,0.000000,0.000000,14560.000000,100000000000000000000.000000,14560
neos-5114902-kasavu,config21,4,FAILED TO FIND AN INTEGER FEASIBLE SOLUTION,3593.231590,3600,0,0,0,-1,0.000000,0.000000,14560.000000,100000000000000000000.000000,14560
neos-5114902-kasavu,config21,5,FAILED TO FIND AN INTEGER FEASIBLE SOLUTION,3593.875114,3600,0,0,0,-1,0.000000,0.000000,14560.000000,100000000000000000000.000000,14560
neos-5114902-kasavu,config23,1,FAILED TO FIND AN INTEGER FEASIBLE SOLUTION,3593.526691,3600,0,0,0,-1,0.000000,0.000000,14560.000000,100000000000000000000.000000,14560
neos-5114902-kasavu,config23,2,FAILED TO FIND AN INTEGER FEASIBLE SOLUTION,3593.109235,3600,0,0,0,-1,0.000000,0.000000,14560.000000,100000000000000000000.000000,14560
neos-5114902-kasavu,config23,3,FAILED TO FIND AN INTEGER FEASIBLE SOLUTION,3594.595692,3600,0,0,0,-1,0.000000,0.000000,14560.000000,100000000000000000000.000000,14560
neos-5114902-kasavu,config23,4,FAILED TO FIND AN INTEGER FEASIBLE SOLUTION,3593.227916,3600,0,0,0,-1,0.000000,0.000000,14560.000000,100000000000000000000.000000,14560
neos-5114902-kasavu,config23,5,FAILED TO FIND AN INTEGER FEASIBLE SOLUTION,3593.666443,3600,0,0,0,-1,0.000000,0.000000,14560.000000,100000000000000000000.000000,14560
neos-5188808-nattai,config16,1,FOUND INTEGER FEASIBLE,3.118540,4.369175,2,0,0,0,5.433714,5.330677,0.000000,0.000000,0
neos-5188808-nattai,config16,2,FOUND INTEGER FEASIBLE,3.911742,5.704918,14,0,0,0,5.687320,5.434283,0.000000,0.000000,0
neos-5188808-nattai,config16,3,FOUND INTEGER FEASIBLE,3.119295,4.415481,3,0,0,0,8.231859,8.231859,0.000000,0.000000,0
neos-5188808-nattai,config16,4,FOUND INTEGER FEASIBLE,3.567410,5.015725,15,0,0,0,6.583038,6.583038,0.000000,0.000000,0
neos-5188808-nattai,config16,5,FOUND INTEGER FEASIBLE,3.125969,4.274165,2,0,0,0,8.231859,8.231859,0.000000,0.000000,0
neos-5188808-nattai,config17,1,FOUND INTEGER FEASIBLE,2.011193,3.068504,2,0,0,0,5.715879,5.691437,0.000000,0.000000,0
neos-5188808-nattai,config17,2,FOUND INTEGER FEASIBLE,2.015319,3.033961,2,0,0,0,5.611964,5.576846,0.000000,0.000000,0
neos-5188808-nattai,config17,3,FOUND INTEGER FEASIBLE,2.003084,4.191983,20,0,0,0,4.031247,3.696457,0.000000,0.000000,0
neos-5188808-nattai,config17,4,FOUND INTEGER FEASIBLE,2.010577,3.028295,2,0,0,0,5.611964,5.576846,0.000000,0.000000,0
neos-5188808-nattai,config17,5,FOUND INTEGER FEASIBLE,1.999079,3.035351,2,0,0,0,4.457528,4.394508,0.000000,0.000000,0
neos-5188808-nattai,config21,1,FOUND INTEGER FEASIBLE,2.302271,3.174169,2,0,0,0,0.134844,0.134080,0.000000,0.000000,0
neos-5188808-nattai,config21,2,FOUND INTEGER FEASIBLE,2.501776,3.944284,3,0,0,0,0.123113,0.123113,0.000000,0.000000,0
neos-5188808-nattai,config21,3,FOUND INTEGER FEASIBLE,2.526961,3.864349,2,0,0,0,1.755556,1.755556,0.000000,0.000000,0
neos-5188808-nattai,config21,4,FOUND INTEGER FEASIBLE,2.511628,3.498175,3,0,0,0,1.042594,1.039814,0.000000,0.000000,0
neos-5188808-nattai,config21,5,FOUND INTEGER FEASIBLE,2.534433,3.839970,2,0,0,0,1.755556,1.755556,0.000000,0.000000,0
neos-5188808-nattai,config23,1,FOUND INTEGER FEASIBLE,3.302502,4.527947,2,0,0,0,5.715879,5.691437,0.000000,0.000000,0
neos-5188808-nattai,config23,2,FOUND INTEGER FEASIBLE,2.529732,3.524767,2,0,0,0,5.611964,5.576846,0.000000,0.000000,0
neos-5188808-nattai,config23,3,FOUND INTEGER FEASIBLE,2.526418,5.144736,20,0,0,0,4.031247,3.696457,0.000000,0.000000,0
neos-5188808-nattai,config23,4,FOUND INTEGER FEASIBLE,2.319664,3.264164,2,0,0,0,5.611964,5.576846,0.000000,0.000000,0
neos-5188808-nattai,config23,5,FOUND INTEGER FEASIBLE,2.522040,3.544123,2,0,0,0,4.457528,4.394508,0.000000,0.000000,0
neos-5195221-niemur,config16,1,FOUND INTEGER FEASIBLE,1.117043,93.492699,849,10,10,0,1.141968,0.106748,0.000000,0.000000,0
neos-5195221-niemur,config16,2,FOUND INTEGER FEASIBLE,1.839254,95.823572,862,10,10,0,1.141968,0.106166,0.000000,0.000000,0
neos-5195221-niemur,config16,3,FOUND INTEGER FEASIBLE,1.111613,93.723580,851,10,10,0,1.141968,0.127283,0.000000,0.000000,0
neos-5195221-niemur,config16,4,FOUND INTEGER FEASIBLE,1.844465,89.388807,858,10,10,0,1.141968,0.105940,0.000000,0.000000,0
neos-5195221-niemur,config16,5,FOUND INTEGER FEASIBLE,1.682874,103.766338,841,10,10,0,1.141968,0.106564,0.000000,0.000000,0
neos-5195221-niemur,config17,1,FOUND INTEGER FEASIBLE,0.269790,77.998027,236,3,2,0,1.091968,0.110005,0.000000,0.000000,0
neos-5195221-niemur,config17,2,FOUND INTEGER FEASIBLE,0.402829,56.992670,178,3,2,0,1.091968,0.026673,0.000000,0.000000,0
neos-5195221-niemur,config17,3,FOUND INTEGER FEASIBLE,0.524424,97.167786,248,3,2,0,1.091968,0.080404,0.000000,0.000000,0
neos-5195221-niemur,config17,4,FOUND INTEGER FEASIBLE,0.522228,48.665083,186,3,2,0,1.091968,0.066505,0.000000,0.000000,0
neos-5195221-niemur,config17,5,FOUND INTEGER FEASIBLE,0.521750,43.730443,174,3,2,0,1.091968,0.072301,0.000000,0.000000,0
neos-5195221-niemur,config21,1,FOUND INTEGER FEASIBLE,9.732991,43.828646,621,11,11,4,1.141968,0.108959,0.000000,0.000000,0
neos-5195221-niemur,config21,2,FOUND INTEGER FEASIBLE,8.515610,45.080054,670,11,11,4,1.141968,0.104835,0.000000,0.000000,0
neos-5195221-niemur,config21,3,FOUND INTEGER FEASIBLE,10.558621,48.699529,630,11,11,4,1.141968,0.218702,0.000000,0.000000,0
neos-5195221-niemur,config21,4,FOUND INTEGER FEASIBLE,9.410575,54.667666,672,11,11,4,1.141968,0.110612,0.000000,0.000000,0
neos-5195221-niemur,config21,5,FOUND INTEGER FEASIBLE,8.485732,51.842251,665,11,11,4,1.141968,0.169540,0.000000,0.000000,0
neos-5195221-niemur,config23,1,FOUND INTEGER FEASIBLE,8.516644,42.488536,635,11,11,4,1.141968,0.028108,0.000000,0.000000,0
neos-5195221-niemur,config23,2,FOUND INTEGER FEASIBLE,8.502098,42.961294,667,11,11,4,1.141968,0.063230,0.000000,0.000000,0
neos-5195221-niemur,config23,3,FOUND INTEGER FEASIBLE,11.032769,46.696495,655,11,11,4,1.141968,0.087433,0.000000,0.000000,0
neos-5195221-niemur,config23,4,FOUND INTEGER FEASIBLE,8.492424,48.791717,662,11,11,4,1.141968,0.092264,0.000000,0.000000,0
neos-5195221-niemur,config23,5,FOUND INTEGER FEASIBLE,10.562635,44.053430,659,11,11,4,1.141968,0.089960,0.000000,0.000000,0
neos-631710,config16,1,FOUND INTEGER FEASIBLE,20.265337,35.143019,1,11,0,0,518.000000,518.000000,0.000000,0.000000,0
neos-631710,config16,2,FOUND INTEGER FEASIBLE,21.939220,37.662812,1,11,0,0,518.000000,518.000000,0.000000,0.000000,0
neos-631710,config16,3,FOUND INTEGER FEASIBLE,23.319031,37.949847,1,11,0,0,518.000000,518.000000,0.000000,0.000000,0
neos-631710,config16,4,FOUND INTEGER FEASIBLE,18.981586,37.749398,1,11,0,0,518.000000,518.000000,0.000000,0.000000,0
neos-631710,config16,5,FOUND INTEGER FEASIBLE,21.713777,36.728558,1,11,0,0,518.000000,518.000000,0.000000,0.000000,0
neos-631710,config17,1,FOUND INTEGER FEASIBLE,18.739404,31.499440,1,11,0,0,410.000000,410.000000,0.000000,0.000000,0
neos-631710,config17,2,FOUND INTEGER FEASIBLE,19.660497,30.438527,1,11,0,0,410.000000,410.000000,0.000000,0.000000,0
neos-631710,config17,3,FOUND INTEGER FEASIBLE,22.246374,33.286387,1,11,0,0,410.000000,410.000000,0.000000,0.000000,0
neos-631710,config17,4,FOUND INTEGER FEASIBLE,21.356445,32.787500,1,11,0,0,410.000000,410.000000,0.000000,0.000000,0
neos-631710,config17,5,FOUND INTEGER FEASIBLE,23.984229,35.661858,1,11,0,0,410.000000,410.000000,0.000000,0.000000,0
neos-631710,config21,1,FOUND INTEGER FEASIBLE,20.302542,23.454581,2,6,0,0,554.000000,554.000000,0.000000,0.000000,0
neos-631710,config21,2,FOUND INTEGER FEASIBLE,20.133535,23.697606,2,6,0,0,554.000000,554.000000,0.000000,0.000000,0
neos-631710,config21,3,FOUND INTEGER FEASIBLE,18.865472,22.950039,2,6,0,0,554.000000,554.000000,0.000000,0.000000,0
neos-631710,config21,4,FOUND INTEGER FEASIBLE,17.699543,20.865623,2,6,0,0,554.000000,554.000000,0.000000,0.000000,0
neos-631710,config21,5,FOUND INTEGER FEASIBLE,19.362459,22.924352,2,6,0,0,554.000000,554.000000,0.000000,0.000000,0
neos-631710,config23,1,FOUND INTEGER FEASIBLE,18.204525,26.530421,1,6,0,0,406.000000,406.000000,0.000000,0.000000,0
neos-631710,config23,2,FOUND INTEGER FEASIBLE,18.052438,25.467335,1,6,0,0,406.000000,406.000000,0.000000,0.000000,0
neos-631710,config23,3,FOUND INTEGER FEASIBLE,18.133451,26.708210,1,6,0,0,406.000000,406.000000,0.000000,0.000000,0
neos-631710,config23,4,FOUND INTEGER FEASIBLE,17.609485,25.543422,1,6,0,0,406.000000,406.000000,0.000000,0.000000,0
neos-631710,config23,5,FOUND INTEGER FEASIBLE,19.403022,27.880022,1,6,0,0,406.000000,406.000000,0.000000,0.000000,0
neos-662469,config16,1,FOUND INTEGER FEASIBLE,0.807029,1.232094,0,12,0,0,7857891.500000,7857891.500000,0.000000,0.000000,0
neos-662469,config16,2,FOUND INTEGER FEASIBLE,0.806247,1.235537,0,12,0,0,7857891.500000,7857891.500000,0.000000,0.000000,0
neos-662469,config16,3,FOUND INTEGER FEASIBLE,0.641681,0.992713,0,12,0,0,7857891.500000,7857891.500000,0.000000,0.000000,0
neos-662469,config16,4,FOUND INTEGER FEASIBLE,0.806706,1.215321,0,12,0,0,7857891.500000,7857891.500000,0.000000,0.000000,0
neos-662469,config16,5,FOUND INTEGER FEASIBLE,0.803947,1.218877,0,12,0,0,7857891.500000,7857891.500000,0.000000,0.000000,0
neos-662469,config17,1,FOUND INTEGER FEASIBLE,0.084375,0.638310,0,0,0,0,12474928.000000,12474928.000000,0.000000,0.000000,0
neos-662469,config17,2,FOUND INTEGER FEASIBLE,0.056571,0.452011,0,0,0,0,12474928.000000,12474928.000000,0.000000,0.000000,0
neos-662469,config17,3,FOUND INTEGER FEASIBLE,0.086548,0.692232,0,0,0,0,12474928.000000,12474928.000000,0.000000,0.000000,0
neos-662469,config17,4,FOUND INTEGER FEASIBLE,0.086085,0.681562,0,0,0,0,12474928.000000,12474928.000000,0.000000,0.000000,0
neos-662469,config17,5,FOUND INTEGER FEASIBLE,0.087699,0.692103,0,0,0,0,12474928.000000,12474928.000000,0.000000,0.000000,0
neos-662469,config21,1,FOUND INTEGER FEASIBLE,0.580327,1.043869,1,8,0,0,6408891.000000,6408891.000000,0.000000,0.000000,0
neos-662469,config21,2,FOUND INTEGER FEASIBLE,0.432974,0.806458,1,8,0,0,6909056.000000,6909056.000000,0.000000,0.000000,0
neos-662469,config21,3,FOUND INTEGER FEASIBLE,0.579053,1.039993,1,8,0,0,6408891.000000,6408891.000000,0.000000,0.000000,0
neos-662469,config21,4,FOUND INTEGER FEASIBLE,0.519029,0.927056,1,8,0,0,6608941.000000,6608941.000000,0.000000,0.000000,0
neos-662469,config21,5,FOUND INTEGER FEASIBLE,0.580925,1.046089,1,8,0,0,6458898.500000,6458898.500000,0.000000,0.000000,0
neos-662469,config23,1,FOUND INTEGER FEASIBLE,0.433372,0.768039,0,8,0,0,7679310.500000,7679310.500000,0.000000,0.000000,0
neos-662469,config23,2,FOUND INTEGER FEASIBLE,0.583339,1.012469,0,8,0,0,7679310.500000,7679310.500000,0.000000,0.000000,0
neos-662469,config23,3,FOUND INTEGER FEASIBLE,0.577562,1.006616,0,8,0,0,7679310.500000,7679310.500000,0.000000,0.000000,0
neos-662469,config23,4,FOUND INTEGER FEASIBLE,0.581879,1.012031,0,8,0,0,7679310.500000,7679310.500000,0.000000,0.000000,0
neos-662469,config23,5,FOUND INTEGER FEASIBLE,0.580074,1.010028,0,8,0,0,7679310.500000,7679310.500000,0.000000,0.000000,0
neos-787933,config16,1,FOUND INTEGER FEASIBLE,0.002446,0.707676,0,1,0,0,30.000000,30.000000,0.000000,0.000000,0
neos-787933,config16,2,FOUND INTEGER FEASIBLE,0.002438,0.733301,0,1,0,0,30.000000,30.000000,0.000000,0.000000,0
neos-787933,config16,3,FOUND INTEGER FEASIBLE,0.002398,0.733009,0,1,0,0,30.000000,30.000000,0.000000,0.000000,0
neos-787933,config16,4,FOUND INTEGER FEASIBLE,0.002426,0.730209,0,1,0,0,30.000000,30.000000,0.000000,0.000000,0
neos-787933,config16,5,FOUND INTEGER FEASIBLE,0.002394,0.734790,0,1,0,0,30.000000,30.000000,0.000000,0.000000,0
neos-787933,config17,1,FOUND INTEGER FEASIBLE,0.000849,0.726708,0,0,0,0,662.000000,662.000000,0.000000,0.000000,0
neos-787933,config17,2,FOUND INTEGER FEASIBLE,0.000854,0.732626,0,0,0,0,662.000000,662.000000,0.000000,0.000000,0
neos-787933,config17,3,FOUND INTEGER FEASIBLE,0.000850,0.732368,0,0,0,0,662.000000,662.000000,0.000000,0.000000,0
neos-787933,config17,4,FOUND INTEGER FEASIBLE,0.000835,0.730745,0,0,0,0,662.000000,662.000000,0.000000,0.000000,0
neos-787933,config17,5,FOUND INTEGER FEASIBLE,0.000732,0.672986,0,0,0,0,662.000000,662.000000,0.000000,0.000000,0
neos-787933,config21,1,FOUND INTEGER FEASIBLE,0.000635,0.570768,0,0,0,0,867.000000,867.000000,0.000000,0.000000,0
neos-787933,config21,2,FOUND INTEGER FEASIBLE,0.000865,0.738094,0,0,0,0,867.000000,867.000000,0.000000,0.000000,0
neos-787933,config21,3,FOUND INTEGER FEASIBLE,0.000646,0.575811,0,0,0,0,867.000000,867.000000,0.000000,0.000000,0
neos-787933,config21,4,FOUND INTEGER FEASIBLE,0.000801,0.732488,0,0,0,0,867.000000,867.000000,0.000000,0.000000,0
neos-787933,config21,5,FOUND INTEGER FEASIBLE,0.000636,0.585592,0,0,0,0,867.000000,867.000000,0.000000,0.000000,0
neos-787933,config23,1,FOUND INTEGER FEASIBLE,0.000638,0.565175,0,0,0,0,662.000000,662.000000,0.000000,0.000000,0
neos-787933,config23,2,FOUND INTEGER FEASIBLE,0.000795,0.731807,0,0,0,0,662.000000,662.000000,0.000000,0.000000,0
neos-787933,config23,3,FOUND INTEGER FEASIBLE,0.000763,0.732051,0,0,0,0,662.000000,662.000000,0.000000,0.000000,0
neos-787933,config23,4,FOUND INTEGER FEASIBLE,0.000778,0.750603,0,0,0,0,662.000000,662.000000,0.000000,0.000000,0
neos-787933,config23,5,FOUND INTEGER FEASIBLE,0.000783,0.741750,0,0,0,0,662.000000,662.000000,0.000000,0.000000,0
neos-827175,config16,1,FOUND INTEGER FEASIBLE,0.513664,1.181490,1,5,0,0,112.001530,112.001530,0.000000,0.000000,0
neos-827175,config16,2,FOUND INTEGER FEASIBLE,0.516976,1.161635,1,5,0,0,112.001540,112.001540,0.000000,0.000000,0
neos-827175,config16,3,FOUND INTEGER FEASIBLE,0.352519,0.774148,1,5,0,0,112.001630,112.001630,0.000000,0.000000,0
neos-827175,config16,4,FOUND INTEGER FEASIBLE,0.694335,1.535329,1,5,0,0,112.001520,112.001520,0.000000,0.000000,0
neos-827175,config16,5,FOUND INTEGER FEASIBLE,0.683450,1.953451,1,5,0,0,112.001580,112.001580,0.000000,0.000000,0
neos-827175,config17,1,FOUND INTEGER FEASIBLE,0.387461,1.157598,1,2,0,0,114.001560,114.001560,0.000000,0.000000,0
neos-827175,config17,2,FOUND INTEGER FEASIBLE,0.377634,1.089915,1,2,0,0,113.001520,113.001520,0.000000,0.000000,0
neos-827175,config17,3,FOUND INTEGER FEASIBLE,0.381987,1.108819,1,2,0,0,114.001560,114.001560,0.000000,0.000000,0
neos-827175,config17,4,FOUND INTEGER FEASIBLE,0.381336,1.102472,1,2,0,0,113.001520,113.001520,0.000000,0.000000,0
neos-827175,config17,5,FOUND INTEGER FEASIBLE,0.378246,1.107932,1,2,0,0,114.001560,114.001560,0.000000,0.000000,0
neos-827175,config21,1,FOUND INTEGER FEASIBLE,2.562716,3.366059,1,3,0,0,115.012760,115.012760,0.000000,0.000000,0
neos-827175,config21,2,FOUND INTEGER FEASIBLE,2.552281,3.248005,1,3,0,0,115.012260,115.012260,0.000000,0.000000,0
neos-827175,config21,3,FOUND INTEGER FEASIBLE,2.551474,3.245693,1,3,0,0,115.012750,115.012750,0.000000,0.000000,0
neos-827175,config21,4,FOUND INTEGER FEASIBLE,2.550993,3.242061,1,3,0,0,115.012610,115.012610,0.000000,0.000000,0
neos-827175,config21,5,FOUND INTEGER FEASIBLE,2.549254,3.244346,1,3,0,0,115.012750,115.012750,0.000000,0.000000,0
neos-827175,config23,1,FOUND INTEGER FEASIBLE,2.311192,2.829823,1,3,0,0,113.001530,113.001530,0.000000,0.000000,0
neos-827175,config23,2,FOUND INTEGER FEASIBLE,2.539765,3.130550,1,3,0,0,113.001540,113.001540,0.000000,0.000000,0
neos-827175,config23,3,FOUND INTEGER FEASIBLE,2.553611,3.155763,1,3,0,0,113.001570,113.001570,0.000000,0.000000,0
neos-827175,config23,4,FOUND INTEGER FEASIBLE,1.693437,2.151390,1,3,0,0,113.001520,113.001520,0.000000,0.000000,0
neos-827175,config23,5,FOUND INTEGER FEASIBLE,2.569038,3.154245,1,3,0,0,113.001620,113.001620,0.000000,0.000000,0
neos-848589,config16,1,FOUND INTEGER FEASIBLE,0.930847,7.048974,1,1,0,0,36338027.013100,11101716.717300,0.000000,0.000000,0
neos-848589,config16,2,FOUND INTEGER FEASIBLE,1.449176,7.682130,1,1,0,0,36338027.013100,11101716.717300,0.000000,0.000000,0
neos-848589,config16,3,FOUND INTEGER FEASIBLE,0.812598,5.582849,1,1,0,0,36338027.013100,11101716.717300,0.000000,0.000000,0
neos-848589,config16,4,FOUND INTEGER FEASIBLE,0.808073,5.560997,1,1,0,0,36338027.013100,11101716.717300,0.000000,0.000000,0
neos-848589,config16,5,FOUND INTEGER FEASIBLE,0.820787,6.412555,1,1,0,0,36338027.013100,11101716.717300,0.000000,0.000000,0
neos-848589,config17,1,FOUND INTEGER FEASIBLE,1.377621,7.399139,0,0,0,0,43496840.245100,4822682.740200,0.000000,0.000000,0
neos-848589,config17,2,FOUND INTEGER FEASIBLE,1.388128,6.996988,0,0,0,0,43496840.245100,4822682.740200,0.000000,0.000000,0
neos-848589,config17,3,FOUND INTEGER FEASIBLE,1.378501,7.092023,0,0,0,0,43496840.245100,4822682.740200,0.000000,0.000000,0
neos-848589,config17,4,FOUND INTEGER FEASIBLE,1.834193,8.460308,0,0,0,0,43496840.245100,4822682.740200,0.000000,0.000000,0
neos-848589,config17,5,FOUND INTEGER FEASIBLE,1.413578,7.014871,0,0,0,0,43496840.245100,4822682.740200,0.000000,0.000000,0
neos-848589,config21,1,FOUND INTEGER FEASIBLE,2.274626,6.914618,0,0,0,0,43496840.245100,4822682.740200,0.000000,0.000000,0
neos-848589,config21,2,FOUND INTEGER FEASIBLE,1.385276,6.588147,0,0,0,0,43496840.245100,4822682.740200,0.000000,0.000000,0
neos-848589,config21,3,FOUND INTEGER FEASIBLE,2.155614,7.575953,0,0,0,0,43496840.245100,4822682.740200,0.000000,0.000000,0
neos-848589,config21,4,FOUND INTEGER FEASIBLE,2.255995,7.457761,0,0,0,0,43496840.245100,4822682.740200,0.000000,0.000000,0
neos-848589,config21,5,FOUND INTEGER FEASIBLE,1.426509,6.187862,0,0,0,0,43496840.245100,4822682.740200,0.000000,0.000000,0
neos-848589,config23,1,FOUND INTEGER FEASIBLE,1.774455,7.778136,0,0,0,0,43496840.245100,4822682.740200,0.000000,0.000000,0
neos-848589,config23,2,FOUND INTEGER FEASIBLE,1.397633,6.518868,0,0,0,0,43496840.245100,4822682.740200,0.000000,0.000000,0
neos-848589,config23,3,FOUND INTEGER FEASIBLE,1.395146,6.585603,0,0,0,0,43496840.245100,4822682.740200,0.000000,0.000000,0
neos-848589,config23,4,FOUND INTEGER FEASIBLE,1.388325,6.848284,0,0,0,0,43496840.245100,4822682.740200,0.000000,0.000000,0
neos-848589,config23,5,FOUND INTEGER FEASIBLE,2.325258,8.222933,0,0,0,0,43496840.245100,4822682.740200,0.000000,0.000000,0
neos-860300,config16,1,FOUND INTEGER FEASIBLE,0.081736,0.867140,5,8,1,1,7262.000000,7262.000000,0.000000,0.000000,0
neos-860300,config16,2,FOUND INTEGER FEASIBLE,0.109774,1.410642,11,8,1,1,8050.000000,8050.000000,0.000000,0.000000,0
neos-860300,config16,3,FOUND INTEGER FEASIBLE,0.108497,1.078455,6,8,1,1,9245.000000,9245.000000,0.000000,0.000000,0
neos-860300,config16,4,FOUND INTEGER FEASIBLE,0.079718,0.770359,4,8,1,1,5739.000000,5739.000000,0.000000,0.000000,0
neos-860300,config16,5,FOUND INTEGER FEASIBLE,0.110389,0.937423,2,8,1,1,7797.000000,7797.000000,0.000000,0.000000,0
neos-860300,config17,1,FOUND INTEGER FEASIBLE,0.069871,0.865727,3,4,0,0,10592.000000,10592.000000,0.000000,0.000000,0
neos-860300,config17,2,FOUND INTEGER FEASIBLE,0.051651,0.640569,3,4,0,0,10607.000000,10607.000000,0.000000,0.000000,0
neos-860300,config17,3,FOUND INTEGER FEASIBLE,0.069723,0.828088,2,4,0,0,10738.000000,10738.000000,0.000000,0.000000,0
neos-860300,config17,4,FOUND INTEGER FEASIBLE,0.071597,0.835232,2,4,0,0,10738.000000,10738.000000,0.000000,0.000000,0
neos-860300,config17,5,FOUND INTEGER FEASIBLE,0.070322,0.843721,1,4,0,0,10827.000000,10827.000000,0.000000,0.000000,0
neos-860300,config21,1,FOUND INTEGER FEASIBLE,0.089570,0.844455,2,9,0,0,7806.000000,7806.000000,0.000000,0.000000,0
neos-860300,config21,2,FOUND INTEGER FEASIBLE,0.088826,0.899404,5,9,0,0,8022.000000,8022.000000,0.000000,0.000000,0
neos-860300,config21,3,FOUND INTEGER FEASIBLE,0.068704,0.663787,2,9,0,0,7806.000000,7806.000000,0.000000,0.000000,0
neos-860300,config21,4,FOUND INTEGER FEASIBLE,0.066911,0.684290,5,9,0,0,8022.000000,8022.000000,0.000000,0.000000,0
neos-860300,config21,5,FOUND INTEGER FEASIBLE,0.067145,0.642734,2,9,0,0,9334.000000,9334.000000,0.000000,0.000000,0
neos-860300,config23,1,FOUND INTEGER FEASIBLE,0.066559,0.660283,1,9,0,0,8955.000000,8955.000000,0.000000,0.000000,0
neos-860300,config23,2,FOUND INTEGER FEASIBLE,0.088876,0.891977,1,9,0,0,8955.000000,8955.000000,0.000000,0.000000,0
neos-860300,config23,3,FOUND INTEGER FEASIBLE,0.088436,0.885844,1,9,0,0,8955.000000,8955.000000,0.000000,0.000000,0
neos-860300,config23,4,FOUND INTEGER FEASIBLE,0.088438,0.884901,1,9,0,0,8955.000000,8955.000000,0.000000,0.000000,0
neos-860300,config23,5,FOUND INTEGER FEASIBLE,0.090054,0.968747,3,9,0,0,7751.000000,7751.000000,0.000000,0.000000,0
neos-873061,config16,1,FOUND INTEGER FEASIBLE,13.945937,15.846899,6,3,0,0,129.412900,129.412900,0.000000,0.000000,0
neos-873061,config16,2,FOUND INTEGER FEASIBLE,14.503402,16.821681,7,3,0,0,129.412900,129.412900,0.000000,0.000000,0
neos-873061,config16,3,FOUND INTEGER FEASIBLE,13.152610,15.767257,5,3,0,0,129.412900,129.412900,0.000000,0.000000,0
neos-873061,config16,4,FOUND INTEGER FEASIBLE,12.734439,15.258530,3,3,0,0,129.412900,129.412900,0.000000,0.000000,0
neos-873061,config16,5,FOUND INTEGER FEASIBLE,16.560698,18.655689,2,3,0,0,129.412900,129.412900,0.000000,0.000000,0
neos-873061,config17,1,FOUND INTEGER FEASIBLE,24.954098,26.381187,2,2,0,0,264.037787,264.037787,0.000000,0.000000,0
neos-873061,config17,2,FOUND INTEGER FEASIBLE,21.725394,23.540096,2,2,0,0,264.037787,264.037787,0.000000,0.000000,0
neos-873061,config17,3,FOUND INTEGER FEASIBLE,21.623527,23.255297,1,2,0,0,264.037787,264.037787,0.000000,0.000000,0
neos-873061,config17,4,FOUND INTEGER FEASIBLE,21.569802,23.432821,2,2,0,0,264.037787,264.037787,0.000000,0.000000,0
neos-873061,config17,5,FOUND INTEGER FEASIBLE,22.508527,23.859552,1,2,0,0,264.037787,264.037787,0.000000,0.000000,0
neos-873061,config21,1,FOUND INTEGER FEASIBLE,0.568000,3.976279,0,0,0,0,251127.839190,251127.839190,0.000000,0.000000,0
neos-873061,config21,2,FOUND INTEGER FEASIBLE,0.562966,3.275147,0,0,0,0,251127.839190,251127.839190,0.000000,0.000000,0
neos-873061,config21,3,FOUND INTEGER FEASIBLE,0.577626,2.966778,0,0,0,0,251127.839190,251127.839190,0.000000,0.000000,0
neos-873061,config21,4,FOUND INTEGER FEASIBLE,0.403788,2.266643,0,0,0,0,251127.839190,251127.839190,0.000000,0.000000,0
neos-873061,config21,5,FOUND INTEGER FEASIBLE,0.399444,2.257854,0,0,0,0,251127.839190,251127.839190,0.000000,0.000000,0
neos-873061,config23,1,FOUND INTEGER FEASIBLE,0.568469,6.577994,4,0,0,0,245.832551,245.832551,0.000000,0.000000,0
neos-873061,config23,2,FOUND INTEGER FEASIBLE,0.569303,6.631541,4,0,0,0,231.571070,231.571070,0.000000,0.000000,0
neos-873061,config23,3,FOUND INTEGER FEASIBLE,0.554388,7.098317,3,0,0,0,254.801920,254.801920,0.000000,0.000000,0
neos-873061,config23,4,FOUND INTEGER FEASIBLE,0.582952,7.348649,3,0,0,0,272.096071,272.096071,0.000000,0.000000,0
neos-873061,config23,5,FOUND INTEGER FEASIBLE,0.575821,7.240068,2,0,0,0,272.096071,272.096071,0.000000,0.000000,0
neos-911970,config16,1,FOUND INTEGER FEASIBLE,0.011304,0.037574,1,10,0,0,225.030000,225.030000,0.000000,0.000000,0
neos-911970,config16,2,FOUND INTEGER FEASIBLE,0.006236,0.024909,1,10,0,0,221.750000,221.750000,0.000000,0.000000,0
neos-911970,config16,3,FOUND INTEGER FEASIBLE,0.006087,0.021127,1,10,0,0,242.170000,242.170000,0.000000,0.000000,0
neos-911970,config16,4,FOUND INTEGER FEASIBLE,0.010122,0.038520,1,10,0,0,225.030000,225.030000,0.000000,0.000000,0
neos-911970,config16,5,FOUND INTEGER FEASIBLE,0.010126,0.039130,1,10,0,0,322.870000,322.870000,0.000000,0.000000,0
neos-911970,config17,1,FOUND INTEGER FEASIBLE,0.003025,0.022846,0,0,0,0,37974.240000,383.060000,0.000000,0.000000,0
neos-911970,config17,2,FOUND INTEGER FEASIBLE,0.003101,0.023360,0,0,0,0,37974.240000,383.060000,0.000000,0.000000,0
neos-911970,config17,3,FOUND INTEGER FEASIBLE,0.003058,0.022743,0,0,0,0,37974.240000,383.060000,0.000000,0.000000,0
neos-911970,config17,4,FOUND INTEGER FEASIBLE,0.003156,0.023387,0,0,0,0,37974.240000,383.060000,0.000000,0.000000,0
neos-911970,config17,5,FOUND INTEGER FEASIBLE,0.003066,0.022649,0,0,0,0,37974.240000,383.060000,0.000000,0.000000,0
neos-911970,config21,1,FOUND INTEGER FEASIBLE,0.003183,0.023505,0,0,0,0,37974.240000,383.060000,0.000000,0.000000,0
neos-911970,config21,2,FOUND INTEGER FEASIBLE,0.001924,0.017220,0,0,0,0,37974.240000,383.060000,0.000000,0.000000,0
neos-911970,config21,3,FOUND INTEGER FEASIBLE,0.002505,0.021214,0,0,0,0,37974.240000,383.060000,0.000000,0.000000,0
neos-911970,config21,4,FOUND INTEGER FEASIBLE,0.003017,0.022786,0,0,0,0,37974.240000,383.060000,0.000000,0.000000,0
neos-911970,config21,5,FOUND INTEGER FEASIBLE,0.003067,0.022963,0,0,0,0,37974.240000,383.060000,0.000000,0.000000,0
neos-911970,config23,1,FOUND INTEGER FEASIBLE,0.003067,0.022018,0,0,0,0,37974.240000,383.060000,0.000000,0.000000,0
neos-911970,config23,2,FOUND INTEGER FEASIBLE,0.003162,0.023300,0,0,0,0,37974.240000,383.060000,0.000000,0.000000,0
neos-911970,config23,3,FOUND INTEGER FEASIBLE,0.003044,0.022857,0,0,0,0,37974.240000,383.060000,0.000000,0.000000,0
neos-911970,config23,4,FOUND INTEGER FEASIBLE,0.003071,0.022904,0,0,0,0,37974.240000,383.060000,0.000000,0.000000,0
neos-911970,config23,5,FOUND INTEGER FEASIBLE,0.003104,0.021138,0,0,0,0,37974.240000,383.060000,0.000000,0.000000,0
neos-933966,config16,1,FOUND INTEGER FEASIBLE,1.956233,3.721844,1,11,0,0,42317.000000,42317.000000,0.000000,0.000000,0
neos-933966,config16,2,FOUND INTEGER FEASIBLE,2.287439,4.086607,1,11,0,0,200181.000000,200181.000000,0.000000,0.000000,0
neos-933966,config16,3,FOUND INTEGER FEASIBLE,2.273864,4.006665,1,11,0,0,62327.000000,62327.000000,0.000000,0.000000,0
neos-933966,config16,4,FOUND INTEGER FEASIBLE,2.294984,4.023112,1,11,0,0,109251.000000,109251.000000,0.000000,0.000000,0
neos-933966,config16,5,FOUND INTEGER FEASIBLE,1.372029,3.129490,1,11,0,0,91334.000000,91334.000000,0.000000,0.000000,0
neos-933966,config17,1,FOUND INTEGER FEASIBLE,0.007492,0.318584,0,0,0,0,487600.000000,484000.000000,0.000000,0.000000,0
neos-933966,config17,2,FOUND INTEGER FEASIBLE,0.007308,0.332065,0,0,0,0,487600.000000,484000.000000,0.000000,0.000000,0
neos-933966,config17,3,FOUND INTEGER FEASIBLE,0.007525,0.320767,0,0,0,0,487600.000000,484000.000000,0.000000,0.000000,0
neos-933966,config17,4,FOUND INTEGER FEASIBLE,0.007270,0.318520,0,0,0,0,487600.000000,484000.000000,0.000000,0.000000,0
neos-933966,config17,5,FOUND INTEGER FEASIBLE,0.005694,0.253038,0,0,0,0,487600.000000,484000.000000,0.000000,0.000000,0
neos-933966,config21,1,FOUND INTEGER FEASIBLE,0.185555,0.418921,0,9,0,0,484214.000000,474103.000000,0.000000,0.000000,0
neos-933966,config21,2,FOUND INTEGER FEASIBLE,0.186050,0.415098,0,9,0,0,484214.000000,474103.000000,0.000000,0.000000,0
neos-933966,config21,3,FOUND INTEGER FEASIBLE,0.184874,0.428262,0,9,0,0,484214.000000,474103.000000,0.000000,0.000000,0
neos-933966,config21,4,FOUND INTEGER FEASIBLE,0.184562,0.404552,0,9,0,0,484214.000000,474103.000000,0.000000,0.000000,0
neos-933966,config21,5,FOUND INTEGER FEASIBLE,0.186909,0.424296,0,9,0,0,484214.000000,474103.000000,0.000000,0.000000,0
neos-933966,config23,1,FOUND INTEGER FEASIBLE,0.185885,0.416382,0,9,0,0,484135.000000,484000.000000,0.000000,0.000000,0
neos-933966,config23,2,FOUND INTEGER FEASIBLE,0.184931,0.416053,0,9,0,0,484135.000000,484000.000000,0.000000,0.000000,0
neos-933966,config23,3,FOUND INTEGER FEASIBLE,0.188309,0.418172,0,9,0,0,484135.000000,484000.000000,0.000000,0.000000,0
neos-933966,config23,4,FOUND INTEGER FEASIBLE,0.185548,0.418400,0,9,0,0,484135.000000,484000.000000,0.000000,0.000000,0
neos-933966,config23,5,FOUND INTEGER FEASIBLE,0.186060,0.406370,0,9,0,0,484135.000000,484000.000000,0.000000,0.000000,0
neos-950242,config16,1,FOUND INTEGER FEASIBLE,0.146947,22.869163,49,1,0,0,10.000000,10.000000,0.000000,0.000000,0
neos-950242,config16,2,FOUND INTEGER FEASIBLE,0.148245,7.860211,17,1,0,0,8.000000,8.000000,0.000000,0.000000,0
neos-950242,config16,3,FOUND INTEGER FEASIBLE,0.146629,16.008006,12,1,0,0,5.000000,5.000000,0.000000,0.000000,0
neos-950242,config16,4,FOUND INTEGER FEASIBLE,0.147558,5.679925,12,1,0,0,16.000000,16.000000,0.000000,0.000000,0
neos-950242,config16,5,FOUND INTEGER FEASIBLE,0.078267,13.182596,36,1,0,0,17.000000,17.000000,0.000000,0.000000,0
neos-950242,config17,1,FOUND INTEGER FEASIBLE,0.178873,8.230966,15,1,0,0,5.000000,5.000000,0.000000,0.000000,0
neos-950242,config17,2,FOUND INTEGER FEASIBLE,0.176058,8.563512,11,1,0,0,6.000000,6.000000,0.000000,0.000000,0
neos-950242,config17,3,FOUND INTEGER FEASIBLE,0.135368,4.712661,13,1,0,0,4.000000,4.000000,0.000000,0.000000,0
neos-950242,config17,4,FOUND INTEGER FEASIBLE,0.176322,32.853595,46,1,0,0,22.000000,22.000000,0.000000,0.000000,0
neos-950242,config17,5,FOUND INTEGER FEASIBLE,0.178695,4.910108,5,1,0,0,5.000000,5.000000,0.000000,0.000000,0
neos-950242,config21,1,FOUND INTEGER FEASIBLE,8.765854,10.405812,178,2,2,0,5.000000,5.000000,0.000000,0.000000,0
neos-950242,config21,2,FOUND INTEGER FEASIBLE,7.875591,9.515747,170,2,2,0,5.000000,5.000000,0.000000,0.000000,0
neos-950242,config21,3,FOUND INTEGER FEASIBLE,7.905600,9.655579,174,2,2,0,5.000000,5.000000,0.000000,0.000000,0
neos-950242,config21,4,FOUND INTEGER FEASIBLE,8.799866,11.914036,182,2,2,0,5.000000,5.000000,0.000000,0.000000,0
neos-950242,config21,5,FOUND INTEGER FEASIBLE,7.806640,9.965728,178,2,2,0,5.000000,5.000000,0.000000,0.000000,0
neos-950242,config23,1,FOUND INTEGER FEASIBLE,7.719199,9.165178,184,2,2,0,4.000000,4.000000,0.000000,0.000000,0
neos-950242,config23,2,FOUND INTEGER FEASIBLE,8.993384,13.392359,194,2,2,0,6.000000,6.000000,0.000000,0.000000,0
neos-950242,config23,3,FOUND INTEGER FEASIBLE,8.811206,10.335972,179,2,2,0,5.000000,5.000000,0.000000,0.000000,0
neos-950242,config23,4,FOUND INTEGER FEASIBLE,6.894498,8.417528,182,2,2,0,5.000000,5.000000,0.000000,0.000000,0
neos-950242,config23,5,FOUND INTEGER FEASIBLE,8.454736,9.861391,181,2,2,0,4.000000,4.000000,0.000000,0.000000,0
neos-957323,config16,1,FOUND INTEGER FEASIBLE,0.300945,1.076364,1,11,0,0,-228.774440,-228.774440,0.000000,0.000000,0
neos-957323,config16,2,FOUND INTEGER FEASIBLE,0.583785,2.009263,1,11,0,0,-219.785215,-219.785215,0.000000,0.000000,0
neos-957323,config16,3,FOUND INTEGER FEASIBLE,0.440344,1.579200,1,11,0,0,-228.774440,-228.774440,0.000000,0.000000,0
neos-957323,config16,4,FOUND INTEGER FEASIBLE,0.559666,1.741134,1,11,0,0,-219.785215,-219.785215,0.000000,0.000000,0
neos-957323,config16,5,FOUND INTEGER FEASIBLE,0.372021,1.515685,1,11,0,0,-228.774440,-228.774440,0.000000,0.000000,0
neos-957323,config17,1,FOUND INTEGER FEASIBLE,0.023224,0.601165,0,1,0,0,0.000000,0.000000,0.000000,0.000000,0
neos-957323,config17,2,FOUND INTEGER FEASIBLE,0.023033,0.610076,0,1,0,0,0.000000,0.000000,0.000000,0.000000,0
neos-957323,config17,3,FOUND INTEGER FEASIBLE,0.041392,1.132151,0,1,0,0,0.000000,0.000000,0.000000,0.000000,0
neos-957323,config17,4,FOUND INTEGER FEASIBLE,0.041417,1.164725,0,1,0,0,0.000000,0.000000,0.000000,0.000000,0
neos-957323,config17,5,FOUND INTEGER FEASIBLE,0.042281,1.226496,0,1,0,0,0.000000,0.000000,0.000000,0.000000,0
neos-957323,config21,1,FOUND INTEGER FEASIBLE,0.303885,1.153224,0,11,0,0,0.000000,0.000000,0.000000,0.000000,0
neos-957323,config21,2,FOUND INTEGER FEASIBLE,0.400745,1.515221,0,11,0,0,0.000000,0.000000,0.000000,0.000000,0
neos-957323,config21,3,FOUND INTEGER FEASIBLE,0.300110,1.144958,0,11,0,0,0.000000,0.000000,0.000000,0.000000,0
neos-957323,config21,4,FOUND INTEGER FEASIBLE,0.395354,1.487278,0,11,0,0,0.000000,0.000000,0.000000,0.000000,0
neos-957323,config21,5,FOUND INTEGER FEASIBLE,0.208020,0.898409,0,11,0,0,0.000000,0.000000,0.000000,0.000000,0
neos-957323,config23,1,FOUND INTEGER FEASIBLE,0.411495,1.529338,0,11,0,0,0.000000,0.000000,0.000000,0.000000,0
neos-957323,config23,2,FOUND INTEGER FEASIBLE,0.402505,1.518190,0,11,0,0,0.000000,0.000000,0.000000,0.000000,0
neos-957323,config23,3,FOUND INTEGER FEASIBLE,0.397677,1.510676,0,11,0,0,0.000000,0.000000,0.000000,0.000000,0
neos-957323,config23,4,FOUND INTEGER FEASIBLE,0.302156,1.158020,0,11,0,0,0.000000,0.000000,0.000000,0.000000,0
neos-957323,config23,5,FOUND INTEGER FEASIBLE,0.302363,1.141310,0,11,0,0,0.000000,0.000000,0.000000,0.000000,0
neos-960392,config16,1,FOUND INTEGER FEASIBLE,1.135282,2.522206,1,10,0,0,-122.000000,-122.000000,0.000000,0.000000,0
neos-960392,config16,2,FOUND INTEGER FEASIBLE,1.051251,2.245164,2,10,0,0,-120.000000,-120.000000,0.000000,0.000000,0
neos-960392,config16,3,FOUND INTEGER FEASIBLE,1.055574,2.266208,3,10,0,0,-115.000000,-115.000000,0.000000,0.000000,0
neos-960392,config16,4,FOUND INTEGER FEASIBLE,1.141136,2.679180,1,10,0,0,-122.000000,-122.000000,0.000000,0.000000,0
neos-960392,config16,5,FOUND INTEGER FEASIBLE,1.121717,2.544051,2,10,0,0,-121.000000,-121.000000,0.000000,0.000000,0
neos-960392,config17,1,FOUND INTEGER FEASIBLE,0.111323,2.341185,0,0,0,0,0.000000,0.000000,0.000000,0.000000,0
neos-960392,config17,2,FOUND INTEGER FEASIBLE,0.106564,2.313545,0,0,0,0,0.000000,0.000000,0.000000,0.000000,0
neos-960392,config17,3,FOUND INTEGER FEASIBLE,0.083925,1.910003,0,0,0,0,0.000000,0.000000,0.000000,0.000000,0
neos-960392,config17,4,FOUND INTEGER FEASIBLE,0.108750,2.323765,0,0,0,0,0.000000,0.000000,0.000000,0.000000,0
neos-960392,config17,5,FOUND INTEGER FEASIBLE,0.105691,2.328264,0,0,0,0,0.000000,0.000000,0.000000,0.000000,0
neos-960392,config21,1,FOUND INTEGER FEASIBLE,0.448100,1.805927,0,12,0,0,0.000000,0.000000,0.000000,0.000000,0
neos-960392,config21,2,FOUND INTEGER FEASIBLE,0.234423,1.059066,0,12,0,0,0.000000,0.000000,0.000000,0.000000,0
neos-960392,config21,3,FOUND INTEGER FEASIBLE,0.449298,1.825821,0,12,0,0,0.000000,0.000000,0.000000,0.000000,0
neos-960392,config21,4,FOUND INTEGER FEASIBLE,0.447559,1.786575,0,12,0,0,0.000000,0.000000,0.000000,0.000000,0
neos-960392,config21,5,FOUND INTEGER FEASIBLE,0.448184,1.794218,0,12,0,0,0.000000,0.000000,0.000000,0.000000,0
neos-960392,config23,1,FOUND INTEGER FEASIBLE,0.341901,1.377465,0,12,0,0,0.000000,0.000000,0.000000,0.000000,0
neos-960392,config23,2,FOUND INTEGER FEASIBLE,0.247171,1.193082,0,12,0,0,0.000000,0.000000,0.000000,0.000000,0
neos-960392,config23,3,FOUND INTEGER FEASIBLE,0.234343,0.932837,0,12,0,0,0.000000,0.000000,0.000000,0.000000,0
neos-960392,config23,4,FOUND INTEGER FEASIBLE,0.448324,1.830344,0,12,0,0,0.000000,0.000000,0.000000,0.000000,0
neos-960392,config23,5,FOUND INTEGER FEASIBLE,0.452141,1.810762,0,12,0,0,0.000000,0.000000,0.000000,0.000000,0
neos17,config16,1,FOUND INTEGER FEASIBLE,0.019856,0.051298,5,4,0,0,0.266657,0.254400,0.000000,0.000000,0
neos17,config16,2,FOUND INTEGER FEASIBLE,0.018902,0.048592,5,4,0,0,0.256924,0.254356,0.000000,0.000000,0
neos17,config16,3,FOUND INTEGER FEASIBLE,0.027687,0.074726,4,4,0,0,0.264000,0.253497,0.000000,0.000000,0
neos17,config16,4,FOUND INTEGER FEASIBLE,0.028456,0.071740,4,4,0,0,0.267019,0.254706,0.000000,0.000000,0
neos17,config16,5,FOUND INTEGER FEASIBLE,0.024543,0.062851,4,4,0,0,0.271230,0.258519,0.000000,0.000000,0
neos17,config17,1,FOUND INTEGER FEASIBLE,0.007336,0.038615,2,1,0,0,0.850740,0.462021,0.000000,0.000000,0
neos17,config17,2,FOUND INTEGER FEASIBLE,0.007285,0.038736,2,1,0,0,0.850740,0.462021,0.000000,0.000000,0
neos17,config17,3,FOUND INTEGER FEASIBLE,0.007372,0.038328,2,1,0,0,0.850740,0.462021,0.000000,0.000000,0
neos17,config17,4,FOUND INTEGER FEASIBLE,0.008952,0.047680,2,1,0,0,0.850740,0.462021,0.000000,0.000000,0
neos17,config17,5,FOUND INTEGER FEASIBLE,0.008844,0.045397,2,1,0,0,0.850740,0.462021,0.000000,0.000000,0
neos17,config21,1,FOUND INTEGER FEASIBLE,0.001795,0.026877,0,0,0,0,1.664720,1.274855,0.000000,0.000000,0
neos17,config21,2,FOUND INTEGER FEASIBLE,0.002195,0.032488,0,0,0,0,1.664720,1.274855,0.000000,0.000000,0
neos17,config21,3,FOUND INTEGER FEASIBLE,0.001788,0.027253,0,0,0,0,1.664720,1.274855,0.000000,0.000000,0
neos17,config21,4,FOUND INTEGER FEASIBLE,0.001809,0.026719,0,0,0,0,1.664720,1.274855,0.000000,0.000000,0
neos17,config21,5,FOUND INTEGER FEASIBLE,0.001807,0.026107,0,0,0,0,1.664720,1.274855,0.000000,0.000000,0
neos17,config23,1,FOUND INTEGER FEASIBLE,0.001853,0.031057,3,0,0,0,0.919620,0.530273,0.000000,0.000000,0
neos17,config23,2,FOUND INTEGER FEASIBLE,0.001844,0.031345,3,0,0,0,0.919620,0.530273,0.000000,0.000000,0
neos17,config23,3,FOUND INTEGER FEASIBLE,0.002232,0.037196,2,0,0,0,0.919620,0.530273,0.000000,0.000000,0
neos17,config23,4,FOUND INTEGER FEASIBLE,0.001822,0.030950,3,0,0,0,0.919620,0.530273,0.000000,0.000000,0
neos17,config23,5,FOUND INTEGER FEASIBLE,0.002286,0.038120,2,0,0,0,0.919620,0.530273,0.000000,0.000000,0
neos5,config16,1,FOUND INTEGER FEASIBLE,0.007150,0.014504,1,3,0,0,17.000000,16.500000,0.000000,0.000000,0
neos5,config16,2,FOUND INTEGER FEASIBLE,0.007310,0.014619,1,3,0,0,16.500000,16.500000,0.000000,0.000000,0
neos5,config16,3,FOUND INTEGER FEASIBLE,0.007293,0.014531,1,3,0,0,17.000000,16.500000,0.000000,0.000000,0
neos5,config16,4,FOUND INTEGER FEASIBLE,0.007324,0.014463,1,3,0,0,17.000000,16.500000,0.000000,0.000000,0
neos5,config16,5,FOUND INTEGER FEASIBLE,0.007336,0.014650,1,3,0,0,17.000000,16.500000,0.000000,0.000000,0
neos5,config17,1,FOUND INTEGER FEASIBLE,0.001940,0.009273,1,2,0,0,23.000000,20.000000,0.000000,0.000000,0
neos5,config17,2,FOUND INTEGER FEASIBLE,0.001884,0.009325,1,2,0,0,22.000000,19.000000,0.000000,0.000000,0
neos5,config17,3,FOUND INTEGER FEASIBLE,0.001975,0.009469,1,2,0,0,23.000000,20.000000,0.000000,0.000000,0
neos5,config17,4,FOUND INTEGER FEASIBLE,0.001939,0.009232,1,2,0,0,22.000000,19.000000,0.000000,0.000000,0
neos5,config17,5,FOUND INTEGER FEASIBLE,0.001975,0.009474,1,2,0,0,23.000000,20.000000,0.000000,0.000000,0
neos5,config21,1,FOUND INTEGER FEASIBLE,0.000688,0.007834,0,0,0,0,63.000000,53.000000,0.000000,0.000000,0
neos5,config21,2,FOUND INTEGER FEASIBLE,0.000693,0.007661,0,0,0,0,63.000000,53.000000,0.000000,0.000000,0
neos5,config21,3,FOUND INTEGER FEASIBLE,0.000623,0.007487,0,0,0,0,63.000000,53.000000,0.000000,0.000000,0
neos5,config21,4,FOUND INTEGER FEASIBLE,0.000705,0.007626,0,0,0,0,63.000000,53.000000,0.000000,0.000000,0
neos5,config21,5,FOUND INTEGER FEASIBLE,0.000624,0.007559,0,0,0,0,63.000000,53.000000,0.000000,0.000000,0
neos5,config23,1,FOUND INTEGER FEASIBLE,0.000660,0.008823,1,0,0,0,23.000000,18.000000,0.000000,0.000000,0
neos5,config23,2,FOUND INTEGER FEASIBLE,0.000605,0.008707,1,0,0,0,22.000000,18.000000,0.000000,0.000000,0
neos5,config23,3,FOUND INTEGER FEASIBLE,0.000629,0.008653,1,0,0,0,23.000000,18.000000,0.000000,0.000000,0
neos5,config23,4,FOUND INTEGER FEASIBLE,0.000639,0.008704,1,0,0,0,22.000000,18.000000,0.000000,0.000000,0
neos5,config23,5,FOUND INTEGER FEASIBLE,0.000619,0.008743,1,0,0,0,23.000000,18.000000,0.000000,0.000000,0
neos8,config16,1,FOUND INTEGER FEASIBLE,0.019341,0.404517,0,9,0,0,0.000000,0.000000,0.000000,0.000000,0
neos8,config16,2,FOUND INTEGER FEASIBLE,0.019489,0.405988,0,9,0,0,0.000000,0.000000,0.000000,0.000000,0
neos8,config16,3,FOUND INTEGER FEASIBLE,0.019652,0.420475,0,9,0,0,0.000000,0.000000,0.000000,0.000000,0
neos8,config16,4,FOUND INTEGER FEASIBLE,0.019378,0.398337,0,9,0,0,0.000000,0.000000,0.000000,0.000000,0
neos8,config16,5,FOUND INTEGER FEASIBLE,0.019394,0.395064,0,9,0,0,0.000000,0.000000,0.000000,0.000000,0
neos8,config17,1,FOUND INTEGER FEASIBLE,0.010000,0.397959,0,0,0,0,637.000000,637.000000,0.000000,0.000000,0
neos8,config17,2,FOUND INTEGER FEASIBLE,0.007457,0.309352,0,0,0,0,637.000000,637.000000,0.000000,0.000000,0
neos8,config17,3,FOUND INTEGER FEASIBLE,0.005963,0.240124,0,0,0,0,637.000000,637.000000,0.000000,0.000000,0
neos8,config17,4,FOUND INTEGER FEASIBLE,0.005583,0.209444,0,0,0,0,637.000000,637.000000,0.000000,0.000000,0
neos8,config17,5,FOUND INTEGER FEASIBLE,0.005573,0.209717,0,0,0,0,637.000000,637.000000,0.000000,0.000000,0
neos8,config21,1,FOUND INTEGER FEASIBLE,0.031828,0.419159,0,12,0,0,637.000000,637.000000,0.000000,0.000000,0
neos8,config21,2,FOUND INTEGER FEASIBLE,0.031285,0.415815,0,12,0,0,637.000000,637.000000,0.000000,0.000000,0
neos8,config21,3,FOUND INTEGER FEASIBLE,0.031726,0.415663,0,12,0,0,637.000000,637.000000,0.000000,0.000000,0
neos8,config21,4,FOUND INTEGER FEASIBLE,0.031589,0.411693,0,12,0,0,637.000000,637.000000,0.000000,0.000000,0
neos8,config21,5,FOUND INTEGER FEASIBLE,0.031447,0.408013,0,12,0,0,637.000000,637.000000,0.000000,0.000000,0
neos8,config23,1,FOUND INTEGER FEASIBLE,0.031529,0.408738,0,12,0,0,637.000000,637.000000,0.000000,0.000000,0
neos8,config23,2,FOUND INTEGER FEASIBLE,0.031317,0.417599,0,12,0,0,637.000000,637.000000,0.000000,0.000000,0
neos8,config23,3,FOUND INTEGER FEASIBLE,0.031266,0.420178,0,12,0,0,637.000000,637.000000,0.000000,0.000000,0
neos8,config23,4,FOUND INTEGER FEASIBLE,0.031577,0.417885,0,12,0,0,637.000000,637.000000,0.000000,0.000000,0
neos8,config23,5,FOUND INTEGER FEASIBLE,0.031352,0.416944,0,12,0,0,637.000000,637.000000,0.000000,0.000000,0
net12,config16,1,FOUND INTEGER FEASIBLE,2.353075,2.933099,31,11,1,1,337.000000,337.000000,0.000000,0.000000,0
net12,config16,2,FOUND INTEGER FEASIBLE,2.450662,2.937953,14,11,1,1,337.000000,337.000000,0.000000,0.000000,0
net12,config16,3,FOUND INTEGER FEASIBLE,2.428390,2.883117,9,11,1,1,337.000000,337.000000,0.000000,0.000000,0
net12,config16,4,FOUND INTEGER FEASIBLE,2.446066,2.906386,10,11,1,1,337.000000,337.000000,0.000000,0.000000,0
net12,config16,5,FOUND INTEGER FEASIBLE,2.427789,2.918797,16,11,1,1,296.000000,296.000000,0.000000,0.000000,0
net12,config17,1,FOUND INTEGER FEASIBLE,0.170826,0.528934,8,2,1,1,296.000000,296.000000,0.000000,0.000000,0
net12,config17,2,FOUND INTEGER FEASIBLE,0.335968,0.995808,5,2,1,1,316.000000,316.000000,0.000000,0.000000,0
net12,config17,3,FOUND INTEGER FEASIBLE,0.335432,0.995124,6,2,1,1,296.000000,296.000000,0.000000,0.000000,0
net12,config17,4,FOUND INTEGER FEASIBLE,0.339600,1.032057,7,2,1,1,316.000000,316.000000,0.000000,0.000000,0
net12,config17,5,FOUND INTEGER FEASIBLE,0.338762,1.131495,12,2,1,1,296.000000,296.000000,0.000000,0.000000,0
net12,config21,1,FOUND INTEGER FEASIBLE,9.557465,9.804714,16,11,1,1,337.000000,337.000000,0.000000,0.000000,0
net12,config21,2,FOUND INTEGER FEASIBLE,10.936447,11.175190,14,11,1,1,337.000000,337.000000,0.000000,0.000000,0
net12,config21,3,FOUND INTEGER FEASIBLE,9.324667,9.545278,25,11,1,1,337.000000,337.000000,0.000000,0.000000,0
net12,config21,4,FOUND INTEGER FEASIBLE,10.032837,10.248397,12,11,1,1,337.000000,337.000000,0.000000,0.000000,0
net12,config21,5,FOUND INTEGER FEASIBLE,11.111235,11.354281,14,11,1,1,337.000000,337.000000,0.000000,0.000000,0
net12,config23,1,FOUND INTEGER FEASIBLE,12.454589,12.676552,3,11,1,1,337.000000,337.000000,0.000000,0.000000,0
net12,config23,2,FOUND INTEGER FEASIBLE,9.608542,9.840112,3,11,1,1,337.000000,337.000000,0.000000,0.000000,0
net12,config23,3,FOUND INTEGER FEASIBLE,10.789251,11.014258,2,11,1,1,337.000000,337.000000,0.000000,0.000000,0
net12,config23,4,FOUND INTEGER FEASIBLE,10.573656,10.823128,2,11,1,1,337.000000,337.000000,0.000000,0.000000,0
net12,config23,5,FOUND INTEGER FEASIBLE,10.328801,10.559883,3,11,1,1,337.000000,337.000000,0.000000,0.000000,0
netdiversion,config16,1,FOUND INTEGER FEASIBLE,18.617482,48.993454,87,7,2,1,289.000000,289.000000,0.000000,0.000000,0
netdiversion,config16,2,FOUND INTEGER FEASIBLE,19.592535,47.245151,90,7,2,1,308.000000,308.000000,0.000000,0.000000,0
netdiversion,config16,3,FOUND INTEGER FEASIBLE,17.763347,335.693570,105,7,2,1,9903944.000000,9903944.000000,0.000000,0.000000,0
netdiversion,config16,4,FOUND INTEGER FEASIBLE,18.268028,315.038611,103,7,2,1,9900537.000000,9900537.000000,0.000000,0.000000,0
netdiversion,config16,5,FOUND INTEGER FEASIBLE,20.603841,52.952197,86,7,2,1,289.000000,289.000000,0.000000,0.000000,0
netdiversion,config17,1,FOUND INTEGER FEASIBLE,262.833597,265.757704,87,5,1,0,8900517.000000,8900517.000000,0.000000,0.000000,0
netdiversion,config17,2,FOUND INTEGER FEASIBLE,260.762817,514.664823,105,5,1,0,9700757.000000,9700757.000000,0.000000,0.000000,0
netdiversion,config17,3,FOUND INTEGER FEASIBLE,250.778524,506.452007,106,5,1,0,9300620.000000,9300620.000000,0.000000,0.000000,0
netdiversion,config17,4,FOUND INTEGER FEASIBLE,253.702635,256.897523,86,5,1,0,8900499.000000,8900499.000000,0.000000,0.000000,0
netdiversion,config17,5,FOUND INTEGER FEASIBLE,256.528004,259.607419,87,5,1,0,8900441.000000,8900441.000000,0.000000,0.000000,0
netdiversion,config21,1,FOUND INTEGER FEASIBLE,158.015849,160.236293,2,4,0,0,9900511.000000,9900511.000000,0.000000,0.000000,0
netdiversion,config21,2,FOUND INTEGER FEASIBLE,158.202998,160.255896,1,4,0,0,9900511.000000,9900511.000000,0.000000,0.000000,0
netdiversion,config21,3,FOUND INTEGER FEASIBLE,160.447173,163.451748,6,4,0,0,9900511.000000,9900511.000000,0.000000,0.000000,0
netdiversion,config21,4,FOUND INTEGER FEASIBLE,173.532820,175.152097,1,4,0,0,9900511.000000,9900511.000000,0.000000,0.000000,0
netdiversion,config21,5,FOUND INTEGER FEASIBLE,169.719301,171.899292,2,4,0,0,9900511.000000,9900511.000000,0.000000,0.000000,0
netdiversion,config23,1,FOUND INTEGER FEASIBLE,169.795128,172.187135,0,4,0,0,9900511.000000,9900511.000000,0.000000,0.000000,0
netdiversion,config23,2,FOUND INTEGER FEASIBLE,167.838518,169.178677,0,4,0,0,9900511.000000,9900511.000000,0.000000,0.000000,0
netdiversion,config23,3,FOUND INTEGER FEASIBLE,166.226303,167.557872,0,4,0,0,9900511.000000,9900511.000000,0.000000,0.000000,0
netdiversion,config23,4,FOUND INTEGER FEASIBLE,169.410341,170.616189,0,4,0,0,9900511.000000,9900511.000000,0.000000,0.000000,0
netdiversion,config23,5,FOUND INTEGER FEASIBLE,170.572875,172.665919,0,4,0,0,9900511.000000,9900511.000000,0.000000,0.000000,0
nexp-150-20-8-5,config16,1,FOUND INTEGER FEASIBLE,0.139256,0.281945,2,11,0,0,536.000000,536.000000,0.000000,0.000000,0
nexp-150-20-8-5,config16,2,FOUND INTEGER FEASIBLE,0.141050,0.252150,2,11,0,0,536.000000,536.000000,0.000000,0.000000,0
nexp-150-20-8-5,config16,3,FOUND INTEGER FEASIBLE,0.148059,0.258971,2,11,0,0,536.000000,536.000000,0.000000,0.000000,0
nexp-150-20-8-5,config16,4,FOUND INTEGER FEASIBLE,0.140110,0.272704,3,11,0,0,536.000000,536.000000,0.000000,0.000000,0
nexp-150-20-8-5,config16,5,FOUND INTEGER FEASIBLE,0.187539,0.343420,2,11,0,0,536.000000,536.000000,0.000000,0.000000,0
nexp-150-20-8-5,config17,1,FOUND INTEGER FEASIBLE,0.126070,0.256218,2,11,0,0,536.000000,536.000000,0.000000,0.000000,0
nexp-150-20-8-5,config17,2,FOUND INTEGER FEASIBLE,0.168067,0.324853,2,11,0,0,536.000000,536.000000,0.000000,0.000000,0
nexp-150-20-8-5,config17,3,FOUND INTEGER FEASIBLE,0.166290,0.327548,2,11,0,0,536.000000,536.000000,0.000000,0.000000,0
nexp-150-20-8-5,config17,4,FOUND INTEGER FEASIBLE,0.168339,0.357761,3,11,0,0,536.000000,536.000000,0.000000,0.000000,0
nexp-150-20-8-5,config17,5,FOUND INTEGER FEASIBLE,0.168969,0.324842,2,11,0,0,536.000000,536.000000,0.000000,0.000000,0
nexp-150-20-8-5,config21,1,FOUND INTEGER FEASIBLE,0.063958,0.347147,1,6,0,0,6145.000000,6145.000000,0.000000,0.000000,0
nexp-150-20-8-5,config21,2,FOUND INTEGER FEASIBLE,0.048234,0.284708,1,6,0,0,6145.000000,6145.000000,0.000000,0.000000,0
nexp-150-20-8-5,config21,3,FOUND INTEGER FEASIBLE,0.064051,0.340346,1,6,0,0,6145.000000,6145.000000,0.000000,0.000000,0
nexp-150-20-8-5,config21,4,FOUND INTEGER FEASIBLE,0.064118,0.366490,1,6,0,0,6145.000000,6145.000000,0.000000,0.000000,0
nexp-150-20-8-5,config21,5,FOUND INTEGER FEASIBLE,0.063625,0.379804,1,6,0,0,6145.000000,6145.000000,0.000000,0.000000,0
nexp-150-20-8-5,config23,1,FOUND INTEGER FEASIBLE,0.062979,0.398798,1,6,0,0,552.000000,552.000000,0.000000,0.000000,0
nexp-150-20-8-5,config23,2,FOUND INTEGER FEASIBLE,0.063321,0.398041,1,6,0,0,552.000000,552.000000,0.000000,0.000000,0
nexp-150-20-8-5,config23,3,FOUND INTEGER FEASIBLE,0.063444,0.416278,1,6,0,0,552.000000,552.000000,0.000000,0.000000,0
nexp-150-20-8-5,config23,4,FOUND INTEGER FEASIBLE,0.061991,0.412288,1,6,0,0,552.000000,552.000000,0.000000,0.000000,0
nexp-150-20-8-5,config23,5,FOUND INTEGER FEASIBLE,0.063568,0.409258,1,6,0,0,600.000000,600.000000,0.000000,0.000000,0
ns1116954,config16,1,FOUND INTEGER FEASIBLE,53.796473,78.693642,126,10,0,0,0.000000,0.000000,0.000000,0.000000,0
ns1116954,config16,2,FOUND INTEGER FEASIBLE,53.715813,108.781107,185,10,1,0,0.000000,0.000000,0.000000,0.000000,0
ns1116954,config16,3,FOUND INTEGER FEASIBLE,57.610232,127.066943,306,10,2,0,0.000000,0.000000,0.000000,0.000000,0
ns1116954,config16,4,FOUND INTEGER FEASIBLE,53.022221,252.331269,755,10,6,0,0.000000,0.000000,0.000000,0.000000,0
ns1116954,config16,5,FOUND INTEGER FEASIBLE,50.716045,71.854164,76,10,0,0,0.000000,0.000000,0.000000,0.000000,0
ns1116954,config17,1,FOUND INTEGER FEASIBLE,46.671322,84.003941,246,10,0,0,0.000000,0.000000,0.000000,0.000000,0
ns1116954,config17,2,FOUND INTEGER FEASIBLE,54.824126,113.504981,508,10,4,0,0.000000,0.000000,0.000000,0.000000,0
ns1116954,config17,3,FOUND INTEGER FEASIBLE,48.651152,111.634979,420,10,3,0,0.000000,0.000000,0.000000,0.000000,0
ns1116954,config17,4,FOUND INTEGER FEASIBLE,47.718023,79.684154,200,10,1,0,0.000000,0.000000,0.000000,0.000000,0
ns1116954,config17,5,FOUND INTEGER FEASIBLE,47.372678,202.729206,1017,10,9,0,0.000000,0.000000,0.000000,0.000000,0
ns1116954,config21,1,FOUND INTEGER FEASIBLE,56.345874,248.509368,1366,10,10,0,0.000000,0.000000,0.000000,0.000000,0
ns1116954,config21,2,FOUND INTEGER FEASIBLE,53.503771,240.606978,1115,10,10,0,0.000000,0.000000,0.000000,0.000000,0
ns1116954,config21,3,FOUND INTEGER FEASIBLE,58.890311,279.930764,1295,10,10,0,0.000000,0.000000,0.000000,0.000000,0
ns1116954,config21,4,FOUND INTEGER FEASIBLE,55.499597,257.978580,1396,10,10,0,0.000000,0.000000,0.000000,0.000000,0
ns1116954,config21,5,FOUND INTEGER FEASIBLE,54.650955,289.445060,1470,10,10,0,0.000000,0.000000,0.000000,0.000000,0
ns1116954,config23,1,FOUND INTEGER FEASIBLE,56.676480,285.694689,1709,10,10,0,0.000000,0.000000,0.000000,0.000000,0
ns1116954,config23,2,FOUND INTEGER FEASIBLE,56.612034,241.200919,1206,10,10,0,0.000000,0.000000,0.000000,0.000000,0
ns1116954,config23,3,FOUND INTEGER FEASIBLE,58.604631,203.873248,932,10,9,0,0.000000,0.000000,0.000000,0.000000,0
ns1116954,config23,4,FOUND INTEGER FEASIBLE,57.018557,278.375423,1513,10,10,0,0.000000,0.000000,0.000000,0.000000,0
ns1116954,config23,5,FOUND INTEGER FEASIBLE,55.720168,216.155998,732,10,6,0,0.000000,0.000000,0.000000,0.000000,0
ns1208400,config16,1,FOUND INTEGER FEASIBLE,1.305329,162.454519,344,10,4,0,2.000000,2.000000,0.000000,0.000000,0
ns1208400,config16,2,FOUND INTEGER FEASIBLE,1.325941,473.777913,986,10,10,0,2.000000,2.000000,0.000000,0.000000,0
ns1208400,config16,3,FOUND INTEGER FEASIBLE,1.313652,238.340974,551,10,5,0,2.000000,2.000000,0.000000,0.000000,0
ns1208400,config16,4,FOUND INTEGER FEASIBLE,1.314748,544.357814,1147,10,10,0,2.000000,2.000000,0.000000,0.000000,0
ns1208400,config16,5,FOUND INTEGER FEASIBLE,0.979426,329.329207,712,10,7,0,2.000000,2.000000,0.000000,0.000000,0
ns1208400,config17,1,FOUND INTEGER FEASIBLE,2.829945,999.028790,1920,10,10,0,2.000000,2.000000,0.000000,0.000000,0
ns1208400,config17,2,FOUND INTEGER FEASIBLE,3.386898,348.884304,769,10,7,0,2.000000,2.000000,0.000000,0.000000,0
ns1208400,config17,3,FOUND INTEGER FEASIBLE,2.836645,903.842253,1704,10,10,0,2.000000,2.000000,0.000000,0.000000,0
ns1208400,config17,4,FOUND INTEGER FEASIBLE,3.598910,365.636576,764,10,8,0,2.000000,2.000000,0.000000,0.000000,0
ns1208400,config17,5,FOUND INTEGER FEASIBLE,3.170120,257.871299,559,10,6,0,2.000000,2.000000,0.000000,0.000000,0
ns1208400,config21,1,FOUND INTEGER FEASIBLE,1.223618,259.394821,555,10,5,0,2.000000,2.000000,0.000000,0.000000,0
ns1208400,config21,2,FOUND INTEGER FEASIBLE,1.781044,98.481205,199,10,1,0,2.000000,2.000000,0.000000,0.000000,0
ns1208400,config21,3,FOUND INTEGER FEASIBLE,1.804393,28.453045,54,10,0,0,2.000000,2.000000,0.000000,0.000000,0
ns1208400,config21,4,FOUND INTEGER FEASIBLE,1.360368,101.358903,208,10,2,0,2.000000,2.000000,0.000000,0.000000,0
ns1208400,config21,5,FOUND INTEGER FEASIBLE,1.789986,53.457543,103,10,0,0,2.000000,2.000000,0.000000,0.000000,0
ns1208400,config23,1,FOUND INTEGER FEASIBLE,1.077348,124.109782,241,10,2,0,2.000000,2.000000,0.000000,0.000000,0
ns1208400,config23,2,FOUND INTEGER FEASIBLE,1.780187,30.300070,61,10,0,0,2.000000,2.000000,0.000000,0.000000,0
ns1208400,config23,3,FOUND INTEGER FEASIBLE,1.819672,713.779365,1421,10,10,0,2.000000,2.000000,0.000000,0.000000,0
ns1208400,config23,4,FOUND INTEGER FEASIBLE,1.780342,59.645663,132,10,1,0,2.000000,2.000000,0.000000,0.000000,0
ns1208400,config23,5,FOUND INTEGER FEASIBLE,1.353957,331.093260,751,10,8,0,2.000000,2.000000,0.000000,0.000000,0
ns1644855,config16,1,FOUND INTEGER FEASIBLE,617.851669,872.385012,3,11,1,0,0.000000,-742.000000,0.000000,0.000000,0
ns1644855,config16,2,FOUND INTEGER FEASIBLE,622.247420,875.381848,3,11,1,0,0.000000,-752.000000,0.000000,0.000000,0
ns1644855,config16,3,FOUND INTEGER FEASIBLE,622.253399,828.188070,2,11,0,0,-681.000000,-716.000000,0.000000,0.000000,0
ns1644855,config16,4,FOUND INTEGER FEASIBLE,607.589198,861.890306,3,11,1,0,0.000000,-752.000000,0.000000,0.000000,0
ns1644855,config16,5,FOUND INTEGER FEASIBLE,616.402761,828.281528,2,11,0,0,-889.000000,-934.000000,0.000000,0.000000,0
ns1644855,config17,1,FOUND INTEGER FEASIBLE,42.640031,126.133578,1,10,0,0,-440.000000,-821.000000,0.000000,0.000000,0
ns1644855,config17,2,FOUND INTEGER FEASIBLE,39.760976,125.884374,1,10,0,0,-440.000000,-821.000000,0.000000,0.000000,0
ns1644855,config17,3,FOUND INTEGER FEASIBLE,43.086276,137.953777,1,10,0,0,-360.000000,-821.000000,0.000000,0.000000,0
ns1644855,config17,4,FOUND INTEGER FEASIBLE,41.356781,123.883139,1,10,0,0,-440.000000,-821.000000,0.000000,0.000000,0
ns1644855,config17,5,FOUND INTEGER FEASIBLE,40.066178,138.852702,1,10,0,0,-380.000000,-786.000000,0.000000,0.000000,0
ns1644855,config21,1,FOUND INTEGER FEASIBLE,155.365224,357.213788,2,10,0,0,-710.000000,-710.000000,0.000000,0.000000,0
ns1644855,config21,2,FOUND INTEGER FEASIBLE,150.529509,351.990120,2,10,0,0,-710.000000,-710.000000,0.000000,0.000000,0
ns1644855,config21,3,FOUND INTEGER FEASIBLE,147.476424,349.973350,2,10,0,0,-704.000000,-704.000000,0.000000,0.000000,0
ns1644855,config21,4,FOUND INTEGER FEASIBLE,148.947831,352.694280,2,10,0,0,-704.000000,-704.000000,0.000000,0.000000,0
ns1644855,config21,5,FOUND INTEGER FEASIBLE,157.352713,371.673222,2,10,0,0,-700.000000,-739.000000,0.000000,0.000000,0
ns1644855,config23,1,FOUND INTEGER FEASIBLE,147.225262,339.766829,1,10,0,0,-779.000000,-779.000000,0.000000,0.000000,0
ns1644855,config23,2,FOUND INTEGER FEASIBLE,154.011662,341.715655,1,10,0,0,-779.000000,-779.000000,0.000000,0.000000,0
ns1644855,config23,3,FOUND INTEGER FEASIBLE,152.434862,346.505550,1,10,0,0,-779.000000,-779.000000,0.000000,0.000000,0
ns1644855,config23,4,FOUND INTEGER FEASIBLE,148.536828,335.906866,1,10,0,0,-779.000000,-779.000000,0.000000,0.000000,0
ns1644855,config23,5,FOUND INTEGER FEASIBLE,151.506792,321.959586,2,10,0,0,-807.000000,-827.000000,0.000000,0.000000,0
ns1760995,config16,1,FOUND INTEGER FEASIBLE,260.927831,277.225057,2,11,0,0,-106.361773,-106.361773,0.000009,0.000000,0
ns1760995,config16,2,FOUND INTEGER FEASIBLE,250.880828,264.757932,3,11,0,0,-97.026172,-97.026172,0.000002,0.000000,0
ns1760995,config16,3,FOUND INTEGER FEASIBLE,250.344510,266.581981,2,11,0,0,-64.407823,-64.407823,0.000003,0.000000,0
ns1760995,config16,4,FOUND INTEGER FEASIBLE,258.351902,272.470226,2,11,0,0,-171.482144,-171.482144,0.000008,0.000000,0
ns1760995,config16,5,FOUND INTEGER FEASIBLE,256.735703,273.251097,2,11,0,0,-79.448051,-79.448051,0.000002,0.000000,0
ns1760995,config17,1,FOUND INTEGER FEASIBLE,51.186511,66.158439,1,9,0,0,0.000000,-150.828197,0.000000,0.000000,0
ns1760995,config17,2,FOUND INTEGER FEASIBLE,47.418674,61.464086,1,9,0,0,0.000000,-150.828197,0.000000,0.000000,0
ns1760995,config17,3,FOUND INTEGER FEASIBLE,50.453526,66.146837,1,9,0,0,0.000000,-150.828197,0.000000,0.000000,0
ns1760995,config17,4,FOUND INTEGER FEASIBLE,45.972383,60.818059,1,9,0,0,0.000000,-150.828197,0.000000,0.000000,0
ns1760995,config17,5,FOUND INTEGER FEASIBLE,48.890173,62.301522,1,9,0,0,0.000000,-124.681379,0.000000,0.000000,0
ns1760995,config21,1,FOUND INTEGER FEASIBLE,32.609336,45.894553,2,9,0,0,0.000000,-88.339426,0.000000,0.000000,0
ns1760995,config21,2,FOUND INTEGER FEASIBLE,32.909572,47.649369,2,9,0,0,0.000000,-88.339426,0.000000,0.000000,0
ns1760995,config21,3,FOUND INTEGER FEASIBLE,32.882025,47.668593,1,9,0,0,0.000000,-146.744759,0.000000,0.000000,0
ns1760995,config21,4,FOUND INTEGER FEASIBLE,36.176995,52.122254,2,9,0,0,0.000000,-88.339426,0.000000,0.000000,0
ns1760995,config21,5,FOUND INTEGER FEASIBLE,34.694720,50.966552,1,9,0,0,0.000000,-133.857712,0.000000,0.000000,0
ns1760995,config23,1,FOUND INTEGER FEASIBLE,34.047930,50.117295,14,9,0,0,0.000000,-150.042222,0.000000,0.000000,0
ns1760995,config23,2,FOUND INTEGER FEASIBLE,34.056072,50.626192,10,9,0,0,0.000000,-128.060112,0.000000,0.000000,0
ns1760995,config23,3,FOUND INTEGER FEASIBLE,33.355266,46.361007,2,9,0,0,0.000000,-136.291907,0.000000,0.000000,0
ns1760995,config23,4,FOUND INTEGER FEASIBLE,35.329496,50.213931,2,9,0,0,0.000000,-150.042222,0.000000,0.000000,0
ns1760995,config23,5,FOUND INTEGER FEASIBLE,32.973775,48.569872,2,9,0,0,0.000000,-131.026282,0.000000,0.000000,0
ns1830653,config16,1,FOUND INTEGER FEASIBLE,0.503500,29.783505,1543,11,11,1,72622.000000,32622.000000,0.000000,0.000000,0
ns1830653,config16,2,FOUND INTEGER FEASIBLE,0.252558,24.553822,1425,11,11,1,73808.000000,35808.000000,0.000000,0.000000,0
ns1830653,config16,3,FOUND INTEGER FEASIBLE,0.498127,31.472715,1819,11,11,1,80622.000000,47622.000000,0.000000,0.000000,0
ns1830653,config16,4,FOUND INTEGER FEASIBLE,0.492221,27.556344,1431,11,11,1,62808.000000,34808.000000,0.000000,0.000000,0
ns1830653,config16,5,FOUND INTEGER FEASIBLE,0.496437,27.078988,1213,11,11,1,73622.000000,37622.000000,0.000000,0.000000,0
ns1830653,config17,1,FOUND INTEGER FEASIBLE,0.497417,11.800949,1163,10,10,0,72622.000000,38622.000000,0.000000,0.000000,0
ns1830653,config17,2,FOUND INTEGER FEASIBLE,0.251587,10.422118,1164,10,10,0,73808.000000,38808.000000,0.000000,0.000000,0
ns1830653,config17,3,FOUND INTEGER FEASIBLE,0.494625,11.241087,1031,10,10,0,82622.000000,35622.000000,0.000000,0.000000,0
ns1830653,config17,4,FOUND INTEGER FEASIBLE,0.500640,10.030703,947,10,10,0,109808.000000,52808.000000,0.000000,0.000000,0
ns1830653,config17,5,FOUND INTEGER FEASIBLE,0.500203,11.165101,1291,10,10,0,94622.000000,37622.000000,0.000000,0.000000,0
ns1830653,config21,1,FOUND INTEGER FEASIBLE,0.115770,3.940360,164,3,2,1,102622.000000,41622.000000,0.000000,0.000000,0
ns1830653,config21,2,FOUND INTEGER FEASIBLE,0.114623,11.096969,570,3,3,1,77622.000000,40622.000000,0.000000,0.000000,0
ns1830653,config21,3,FOUND INTEGER FEASIBLE,0.114930,7.566771,554,3,3,1,70622.000000,36622.000000,0.000000,0.000000,0
ns1830653,config21,4,FOUND INTEGER FEASIBLE,0.057738,13.165206,1069,3,3,1,74808.000000,43808.000000,0.000000,0.000000,0
ns1830653,config21,5,FOUND INTEGER FEASIBLE,0.057671,9.248841,598,3,3,1,76808.000000,44808.000000,0.000000,0.000000,0
ns1830653,config23,1,FOUND INTEGER FEASIBLE,0.078161,6.530854,365,3,3,1,76622.000000,36622.000000,0.000000,0.000000,0
ns1830653,config23,2,FOUND INTEGER FEASIBLE,0.115693,23.150993,1556,3,3,1,77622.000000,43622.000000,0.000000,0.000000,0
ns1830653,config23,3,FOUND INTEGER FEASIBLE,0.114963,3.602467,177,3,2,1,124622.000000,43622.000000,0.000000,0.000000,0
ns1830653,config23,4,FOUND INTEGER FEASIBLE,0.115054,3.138449,174,3,2,1,99808.000000,41808.000000,0.000000,0.000000,0
ns1830653,config23,5,FOUND INTEGER FEASIBLE,0.058152,6.059600,524,3,3,1,89622.000000,45622.000000,0.000000,0.000000,0
ns1952667,config16,1,FAILED TO FIND AN INTEGER FEASIBLE SOLUTION,0.000004,3164.046736,2000,0,0,0,0.000000,0.000000,3.016155,3.068635,40
ns1952667,config16,2,FAILED TO FIND AN INTEGER FEASIBLE SOLUTION,0.000004,3083.228609,2000,0,0,0,0.000000,0.000000,3.433160,3.433160,40
ns1952667,config16,3,FAILED TO FIND AN INTEGER FEASIBLE SOLUTION,0.000003,3217.712257,2000,0,0,0,0.000000,0.000000,3.664634,3.664634,40
ns1952667,config16,4,FAILED TO FIND AN INTEGER FEASIBLE SOLUTION,0.000004,3085.339710,2000,0,0,0,0.000000,0.000000,2.904207,2.904207,40
ns1952667,config16,5,FAILED TO FIND AN INTEGER FEASIBLE SOLUTION,0.000003,3060.073870,2000,0,0,0,0.000000,0.000000,2.773080,2.773080,39
ns1952667,config17,1,FAILED TO FIND AN INTEGER FEASIBLE SOLUTION,0.000002,3126.798045,2000,0,0,0,0.000000,0.000000,3.016155,3.068635,40
ns1952667,config17,2,FAILED TO FIND AN INTEGER FEASIBLE SOLUTION,0.000004,3100.999495,2000,0,0,0,0.000000,0.000000,3.433160,3.433160,40
ns1952667,config17,3,FAILED TO FIND AN INTEGER FEASIBLE SOLUTION,0.000003,3262.400341,2000,0,0,0,0.000000,0.000000,3.664634,3.664634,40
ns1952667,config17,4,FAILED TO FIND AN INTEGER FEASIBLE SOLUTION,0.000004,3095.410999,2000,0,0,0,0.000000,0.000000,2.904207,2.904207,40
ns1952667,config17,5,FAILED TO FIND AN INTEGER FEASIBLE SOLUTION,0.000004,3103.640318,2000,0,0,0,0.000000,0.000000,2.773080,2.773080,39
ns1952667,config21,1,FAILED TO FIND AN INTEGER FEASIBLE SOLUTION,0.000004,3232.806266,2000,0,0,0,0.000000,0.000000,3.016155,3.068635,40
ns1952667,config21,2,FAILED TO FIND AN INTEGER FEASIBLE SOLUTION,0.000003,3142.080870,2000,0,0,0,0.000000,0.000000,3.433160,3.433160,40
ns1952667,config21,3,FAILED TO FIND AN INTEGER FEASIBLE SOLUTION,0.000004,3222.870822,2000,0,0,0,0.000000,0.000000,3.664634,3.664634,40
ns1952667,config21,4,FAILED TO FIND AN INTEGER FEASIBLE SOLUTION,0.000004,3071.236638,2000,0,0,0,0.000000,0.000000,2.904207,2.904207,40
ns1952667,config21,5,FAILED TO FIND AN INTEGER FEASIBLE SOLUTION,0.000007,2950.501561,2000,0,0,0,0.000000,0.000000,2.773080,2.773080,39
ns1952667,config23,1,FAILED TO FIND AN INTEGER FEASIBLE SOLUTION,0.000010,3600,1960,0,0,0,0.000000,0.000000,3.016155,3.068635,40
ns1952667,config23,2,FAILED TO FIND AN INTEGER FEASIBLE SOLUTION,0.000013,3089.270482,2000,0,0,0,0.000000,0.000000,3.433160,3.433160,40
ns1952667,config23,3,FAILED TO FIND AN INTEGER FEASIBLE SOLUTION,0.000013,3140.621549,2000,0,0,0,0.000000,0.000000,3.664634,3.664634,40
ns1952667,config23,4,FAILED TO FIND AN INTEGER FEASIBLE SOLUTION,0.000010,3031.027101,2000,0,0,0,0.000000,0.000000,2.904207,2.904207,40
ns1952667,config23,5,FAILED TO FIND AN INTEGER FEASIBLE SOLUTION,0.000013,3030.879781,2000,0,0,0,0.000000,0.000000,2.773080,2.773080,39
nu25-pr12,config16,1,FOUND INTEGER FEASIBLE,0.045917,0.130684,1,6,0,0,55375.000000,55375.000000,0.000000,0.000000,0
nu25-pr12,config16,2,FOUND INTEGER FEASIBLE,0.027505,0.065387,1,6,0,0,55375.000000,55375.000000,0.000000,0.000000,0
nu25-pr12,config16,3,FOUND INTEGER FEASIBLE,0.043882,0.102586,1,6,0,0,55625.000000,55625.000000,0.000000,0.000000,0
nu25-pr12,config16,4,FOUND INTEGER FEASIBLE,0.032518,0.092626,1,6,0,0,56375.000000,56375.000000,0.000000,0.000000,0
nu25-pr12,config16,5,FOUND INTEGER FEASIBLE,0.032157,0.075399,1,6,0,0,55375.000000,55375.000000,0.000000,0.000000,0
nu25-pr12,config17,1,FOUND INTEGER FEASIBLE,0.015172,0.083596,0,2,1,1,66910.000000,66910.000000,0.000000,0.000000,0
nu25-pr12,config17,2,FOUND INTEGER FEASIBLE,0.014343,0.071719,0,2,1,1,66910.000000,66910.000000,0.000000,0.000000,0
nu25-pr12,config17,3,FOUND INTEGER FEASIBLE,0.013598,0.070152,0,2,1,1,66910.000000,66910.000000,0.000000,0.000000,0
nu25-pr12,config17,4,FOUND INTEGER FEASIBLE,0.013698,0.072373,0,2,1,1,66910.000000,66910.000000,0.000000,0.000000,0
nu25-pr12,config17,5,FOUND INTEGER FEASIBLE,0.014014,0.072333,0,2,1,1,66910.000000,66910.000000,0.000000,0.000000,0
nu25-pr12,config21,1,FOUND INTEGER FEASIBLE,0.014767,0.108151,0,2,2,2,447790.000000,447790.000000,0.000000,0.000000,0
nu25-pr12,config21,2,FOUND INTEGER FEASIBLE,0.014592,0.101033,0,2,2,2,447790.000000,447790.000000,0.000000,0.000000,0
nu25-pr12,config21,3,FOUND INTEGER FEASIBLE,0.014548,0.116649,0,2,2,2,447790.000000,447790.000000,0.000000,0.000000,0
nu25-pr12,config21,4,FOUND INTEGER FEASIBLE,0.014631,0.101675,0,2,2,2,447790.000000,447790.000000,0.000000,0.000000,0
nu25-pr12,config21,5,FOUND INTEGER FEASIBLE,0.014815,0.117522,0,2,2,2,447790.000000,447790.000000,0.000000,0.000000,0
nu25-pr12,config23,1,FOUND INTEGER FEASIBLE,0.014684,0.099303,0,2,2,2,385110.000000,385110.000000,0.000000,0.000000,0
nu25-pr12,config23,2,FOUND INTEGER FEASIBLE,0.014581,0.099664,0,2,2,2,385110.000000,385110.000000,0.000000,0.000000,0
nu25-pr12,config23,3,FOUND INTEGER FEASIBLE,0.011179,0.091770,0,2,2,2,385110.000000,385110.000000,0.000000,0.000000,0
nu25-pr12,config23,4,FOUND INTEGER FEASIBLE,0.011213,0.073593,0,2,2,2,385110.000000,385110.000000,0.000000,0.000000,0
nu25-pr12,config23,5,FOUND INTEGER FEASIBLE,0.010851,0.073565,0,2,2,2,385110.000000,385110.000000,0.000000,0.000000,0
nursesched-medium-hint03,config16,1,FOUND INTEGER FEASIBLE,3.517366,13.738903,8,12,2,2,1451.000000,1451.000000,0.000000,0.000000,0
nursesched-medium-hint03,config16,2,FOUND INTEGER FEASIBLE,3.244933,232.948412,7,12,2,2,1058.000000,1058.000000,0.000000,0.000000,0
nursesched-medium-hint03,config16,3,FOUND INTEGER FEASIBLE,3.863530,219.137430,7,12,2,2,1091.000000,1091.000000,0.000000,0.000000,0
nursesched-medium-hint03,config16,4,FOUND INTEGER FEASIBLE,3.696015,39.375367,7,12,2,2,1172.000000,1172.000000,0.000000,0.000000,0
nursesched-medium-hint03,config16,5,FOUND INTEGER FEASIBLE,3.690472,192.124437,6,12,2,2,1330.000000,1330.000000,0.000000,0.000000,0
nursesched-medium-hint03,config17,1,FOUND INTEGER FEASIBLE,6.453051,91.372743,5,11,1,1,6165.000000,6165.000000,0.000000,0.000000,0
nursesched-medium-hint03,config17,2,FOUND INTEGER FEASIBLE,6.721409,312.727954,53,11,2,1,8246.000000,8246.000000,0.000000,0.000000,0
nursesched-medium-hint03,config17,3,FOUND INTEGER FEASIBLE,7.448070,117.653142,7,11,1,1,5874.000000,5874.000000,0.000000,0.000000,0
nursesched-medium-hint03,config17,4,FOUND INTEGER FEASIBLE,7.474935,22.110666,23,11,1,1,7648.000000,7648.000000,0.000000,0.000000,0
nursesched-medium-hint03,config17,5,FOUND INTEGER FEASIBLE,8.011544,313.111102,51,11,2,1,8590.000000,8590.000000,0.000000,0.000000,0
nursesched-medium-hint03,config21,1,FOUND INTEGER FEASIBLE,15.480707,67.771698,37,12,1,1,10723.000000,10723.000000,0.000000,0.000000,0
nursesched-medium-hint03,config21,2,FOUND INTEGER FEASIBLE,14.032212,170.104364,35,12,1,1,10428.000000,10428.000000,0.000000,0.000000,0
nursesched-medium-hint03,config21,3,FOUND INTEGER FEASIBLE,16.057871,294.843184,41,12,2,1,11055.000000,11055.000000,0.000000,0.000000,0
nursesched-medium-hint03,config21,4,FOUND INTEGER FEASIBLE,14.283484,293.290933,50,12,2,1,9735.000000,9735.000000,0.000000,0.000000,0
nursesched-medium-hint03,config21,5,FOUND INTEGER FEASIBLE,15.070558,293.027406,46,12,2,1,10842.000000,10842.000000,0.000000,0.000000,0
nursesched-medium-hint03,config23,1,FOUND INTEGER FEASIBLE,14.925172,284.590256,34,12,1,1,6304.000000,6304.000000,0.000000,0.000000,0
nursesched-medium-hint03,config23,2,FOUND INTEGER FEASIBLE,15.715062,293.231561,27,12,1,1,5635.000000,5635.000000,0.000000,0.000000,0
nursesched-medium-hint03,config23,3,FOUND INTEGER FEASIBLE,15.023376,293.430033,32,12,2,1,5493.000000,5493.000000,0.000000,0.000000,0
nursesched-medium-hint03,config23,4,FOUND INTEGER FEASIBLE,15.059880,294.206675,33,12,2,1,5873.000000,5873.000000,0.000000,0.000000,0
nursesched-medium-hint03,config23,5,FOUND INTEGER FEASIBLE,15.712049,293.969131,37,12,2,1,5294.000000,5294.000000,0.000000,0.000000,0
nursesched-sprint02,config16,1,FOUND INTEGER FEASIBLE,0.354582,0.863554,0,10,1,1,60.000000,60.000000,0.000000,0.000000,0
nursesched-sprint02,config16,2,FOUND INTEGER FEASIBLE,0.354898,0.849930,0,10,1,1,60.000000,60.000000,0.000000,0.000000,0
nursesched-sprint02,config16,3,FOUND INTEGER FEASIBLE,0.351438,0.817508,0,10,1,1,60.000000,60.000000,0.000000,0.000000,0
nursesched-sprint02,config16,4,FOUND INTEGER FEASIBLE,0.351978,0.834021,0,10,1,1,60.000000,60.000000,0.000000,0.000000,0
nursesched-sprint02,config16,5,FOUND INTEGER FEASIBLE,0.354930,0.843635,0,10,1,1,60.000000,60.000000,0.000000,0.000000,0
nursesched-sprint02,config17,1,FOUND INTEGER FEASIBLE,0.824451,1.270732,1,11,0,0,434.000000,434.000000,0.000000,0.000000,0
nursesched-sprint02,config17,2,FOUND INTEGER FEASIBLE,0.467545,0.754114,2,11,0,0,452.000000,452.000000,0.000000,0.000000,0
nursesched-sprint02,config17,3,FOUND INTEGER FEASIBLE,0.457430,0.703625,1,11,0,0,434.000000,434.000000,0.000000,0.000000,0
nursesched-sprint02,config17,4,FOUND INTEGER FEASIBLE,0.894769,1.399510,2,11,0,0,451.000000,451.000000,0.000000,0.000000,0
nursesched-sprint02,config17,5,FOUND INTEGER FEASIBLE,0.634650,1.039274,1,11,0,0,434.000000,434.000000,0.000000,0.000000,0
nursesched-sprint02,config21,1,FOUND INTEGER FEASIBLE,2.297128,5.385140,35,12,1,1,430.000000,430.000000,0.000000,0.000000,0
nursesched-sprint02,config21,2,FOUND INTEGER FEASIBLE,1.895150,4.539926,20,12,1,1,441.000000,441.000000,0.000000,0.000000,0
nursesched-sprint02,config21,3,FOUND INTEGER FEASIBLE,2.008537,3.949293,26,12,1,1,443.000000,443.000000,0.000000,0.000000,0
nursesched-sprint02,config21,4,FOUND INTEGER FEASIBLE,2.019005,6.000652,50,12,1,1,418.000000,418.000000,0.000000,0.000000,0
nursesched-sprint02,config21,5,FOUND INTEGER FEASIBLE,1.171532,9.381622,25,12,1,1,409.000000,409.000000,0.000000,0.000000,0
nursesched-sprint02,config23,1,FOUND INTEGER FEASIBLE,1.718599,2.975975,1,12,1,1,428.000000,428.000000,0.000000,0.000000,0
nursesched-sprint02,config23,2,FOUND INTEGER FEASIBLE,1.166763,2.222837,1,12,1,1,428.000000,428.000000,0.000000,0.000000,0
nursesched-sprint02,config23,3,FOUND INTEGER FEASIBLE,2.027283,3.508950,1,12,1,1,438.000000,438.000000,0.000000,0.000000,0
nursesched-sprint02,config23,4,FOUND INTEGER FEASIBLE,2.011704,3.259697,1,12,1,1,428.000000,428.000000,0.000000,0.000000,0
nursesched-sprint02,config23,5,FOUND INTEGER FEASIBLE,2.102387,3.341411,1,12,1,1,438.000000,438.000000,0.000000,0.000000,0
nw04,config16,1,FOUND INTEGER FEASIBLE,0.304051,1.668462,2,2,2,2,19124.000000,19124.000000,0.000000,0.000000,0
nw04,config16,2,FOUND INTEGER FEASIBLE,0.303068,1.853253,7,2,2,2,18208.000000,18208.000000,0.000000,0.000000,0
nw04,config16,3,FOUND INTEGER FEASIBLE,0.164386,0.963459,2,2,2,2,19124.000000,19124.000000,0.000000,0.000000,0
nw04,config16,4,FOUND INTEGER FEASIBLE,0.311830,1.704172,2,2,2,2,19314.000000,19314.000000,0.000000,0.000000,0
nw04,config16,5,FOUND INTEGER FEASIBLE,0.175237,1.036089,2,2,2,2,19124.000000,19124.000000,0.000000,0.000000,0
nw04,config17,1,FOUND INTEGER FEASIBLE,0.225837,1.651455,84,8,1,0,40840.000000,40840.000000,0.000000,0.000000,0
nw04,config17,2,FOUND INTEGER FEASIBLE,0.134793,1.025128,84,8,1,0,21078.000000,21078.000000,0.000000,0.000000,0
nw04,config17,3,FOUND INTEGER FEASIBLE,0.225790,1.693708,85,8,1,0,40002.000000,40002.000000,0.000000,0.000000,0
nw04,config17,4,FOUND INTEGER FEASIBLE,0.226055,1.696216,85,8,1,0,40740.000000,40740.000000,0.000000,0.000000,0
nw04,config17,5,FOUND INTEGER FEASIBLE,0.223643,1.667761,85,8,1,0,22750.000000,22750.000000,0.000000,0.000000,0
nw04,config21,1,FOUND INTEGER FEASIBLE,0.140589,2.280894,0,2,1,1,125178.000000,125178.000000,0.000000,0.000000,0
nw04,config21,2,FOUND INTEGER FEASIBLE,0.106577,1.890351,0,2,1,1,125178.000000,125178.000000,0.000000,0.000000,0
nw04,config21,3,FOUND INTEGER FEASIBLE,0.141180,2.296556,0,2,1,1,125178.000000,125178.000000,0.000000,0.000000,0
nw04,config21,4,FOUND INTEGER FEASIBLE,0.074839,1.320071,0,2,1,1,125178.000000,125178.000000,0.000000,0.000000,0
nw04,config21,5,FOUND INTEGER FEASIBLE,0.139557,2.295421,0,2,1,1,125178.000000,125178.000000,0.000000,0.000000,0
nw04,config23,1,FOUND INTEGER FEASIBLE,0.143035,2.479712,6,2,1,1,43164.000000,43164.000000,0.000000,0.000000,0
nw04,config23,2,FOUND INTEGER FEASIBLE,0.101895,1.673662,7,2,1,1,42372.000000,42372.000000,0.000000,0.000000,0
nw04,config23,3,FOUND INTEGER FEASIBLE,0.074649,1.289396,5,2,1,1,42380.000000,42380.000000,0.000000,0.000000,0
nw04,config23,4,FOUND INTEGER FEASIBLE,0.074616,2.016710,4,2,1,1,44572.000000,44572.000000,0.000000,0.000000,0
nw04,config23,5,FOUND INTEGER FEASIBLE,0.139700,2.265664,5,2,1,1,39414.000000,39414.000000,0.000000,0.000000,0
opm2-z10-s4,config16,1,FOUND INTEGER FEASIBLE,13.768377,16.568851,0,5,0,0,-1874.000000,-1874.000000,0.000000,0.000000,0
opm2-z10-s4,config16,2,FOUND INTEGER FEASIBLE,12.609490,15.308925,0,5,0,0,-1874.000000,-1874.000000,0.000000,0.000000,0
opm2-z10-s4,config16,3,FOUND INTEGER FEASIBLE,13.621837,16.080381,0,5,0,0,-1874.000000,-1874.000000,0.000000,0.000000,0
opm2-z10-s4,config16,4,FOUND INTEGER FEASIBLE,11.641639,13.974260,0,5,0,0,-1874.000000,-1874.000000,0.000000,0.000000,0
opm2-z10-s4,config16,5,FOUND INTEGER FEASIBLE,14.498161,16.834606,0,5,0,0,-1874.000000,-1874.000000,0.000000,0.000000,0
opm2-z10-s4,config17,1,FOUND INTEGER FEASIBLE,0.028468,2.678976,0,1,0,0,0.000000,0.000000,0.000000,0.000000,0
opm2-z10-s4,config17,2,FOUND INTEGER FEASIBLE,0.028891,2.691322,0,1,0,0,0.000000,0.000000,0.000000,0.000000,0
opm2-z10-s4,config17,3,FOUND INTEGER FEASIBLE,0.029415,2.677993,0,1,0,0,0.000000,0.000000,0.000000,0.000000,0
opm2-z10-s4,config17,4,FOUND INTEGER FEASIBLE,0.029280,2.672802,0,1,0,0,0.000000,0.000000,0.000000,0.000000,0
opm2-z10-s4,config17,5,FOUND INTEGER FEASIBLE,0.031509,2.701919,0,1,0,0,0.000000,0.000000,0.000000,0.000000,0
opm2-z10-s4,config21,1,FOUND INTEGER FEASIBLE,32.648980,34.291075,0,8,0,0,0.000000,0.000000,0.000000,0.000000,0
opm2-z10-s4,config21,2,FOUND INTEGER FEASIBLE,33.208228,34.847892,0,8,0,0,0.000000,0.000000,0.000000,0.000000,0
opm2-z10-s4,config21,3,FOUND INTEGER FEASIBLE,33.320230,35.769844,0,8,0,0,0.000000,0.000000,0.000000,0.000000,0
opm2-z10-s4,config21,4,FOUND INTEGER FEASIBLE,37.770781,40.439034,0,8,0,0,0.000000,0.000000,0.000000,0.000000,0
opm2-z10-s4,config21,5,FOUND INTEGER FEASIBLE,35.552145,38.599190,0,8,0,0,0.000000,0.000000,0.000000,0.000000,0
opm2-z10-s4,config23,1,FOUND INTEGER FEASIBLE,33.886682,36.534127,0,8,0,0,0.000000,0.000000,0.000000,0.000000,0
opm2-z10-s4,config23,2,FOUND INTEGER FEASIBLE,34.033605,36.690488,0,8,0,0,0.000000,0.000000,0.000000,0.000000,0
opm2-z10-s4,config23,3,FOUND INTEGER FEASIBLE,32.031414,35.051742,0,8,0,0,0.000000,0.000000,0.000000,0.000000,0
opm2-z10-s4,config23,4,FOUND INTEGER FEASIBLE,34.549481,37.208271,0,8,0,0,0.000000,0.000000,0.000000,0.000000,0
opm2-z10-s4,config23,5,FOUND INTEGER FEASIBLE,32.943673,35.291801,0,8,0,0,0.000000,0.000000,0.000000,0.000000,0
p200x1188c,config16,1,FOUND INTEGER FEASIBLE,0.009142,0.048539,2,3,0,0,23025.000000,23025.000000,0.000000,0.000000,0
p200x1188c,config16,2,FOUND INTEGER FEASIBLE,0.007503,0.039075,2,3,0,0,23025.000000,23025.000000,0.000000,0.000000,0
p200x1188c,config16,3,FOUND INTEGER FEASIBLE,0.007246,0.039081,2,3,0,0,23025.000000,23025.000000,0.000000,0.000000,0
p200x1188c,config16,4,FOUND INTEGER FEASIBLE,0.007177,0.039623,3,3,0,0,21402.000000,21402.000000,0.000000,0.000000,0
p200x1188c,config16,5,FOUND INTEGER FEASIBLE,0.007158,0.038613,2,3,0,0,21402.000000,21402.000000,0.000000,0.000000,0
p200x1188c,config17,1,FOUND INTEGER FEASIBLE,0.006772,0.037620,2,3,0,0,18329.000000,18329.000000,0.000000,0.000000,0
p200x1188c,config17,2,FOUND INTEGER FEASIBLE,0.008437,0.046430,2,3,0,0,18329.000000,18329.000000,0.000000,0.000000,0
p200x1188c,config17,3,FOUND INTEGER FEASIBLE,0.006735,0.037664,2,3,0,0,18329.000000,18329.000000,0.000000,0.000000,0
p200x1188c,config17,4,FOUND INTEGER FEASIBLE,0.006708,0.038556,3,3,0,0,18329.000000,18329.000000,0.000000,0.000000,0
p200x1188c,config17,5,FOUND INTEGER FEASIBLE,0.006745,0.037593,2,3,0,0,21187.000000,21187.000000,0.000000,0.000000,0
p200x1188c,config21,1,FOUND INTEGER FEASIBLE,0.007247,0.044403,0,1,1,1,3584430.000000,3584430.000000,0.000000,0.000000,0
p200x1188c,config21,2,FOUND INTEGER FEASIBLE,0.005813,0.035466,0,1,1,1,3584430.000000,3584430.000000,0.000000,0.000000,0
p200x1188c,config21,3,FOUND INTEGER FEASIBLE,0.006999,0.041264,0,1,1,1,3584430.000000,3584430.000000,0.000000,0.000000,0
p200x1188c,config21,4,FOUND INTEGER FEASIBLE,0.007023,0.041715,0,1,1,1,3584430.000000,3584430.000000,0.000000,0.000000,0
p200x1188c,config21,5,FOUND INTEGER FEASIBLE,0.006980,0.041275,0,1,1,1,3584430.000000,3584430.000000,0.000000,0.000000,0
p200x1188c,config23,1,FOUND INTEGER FEASIBLE,0.006990,0.043242,2,1,1,1,18654.000000,18654.000000,0.000000,0.000000,0
p200x1188c,config23,2,FOUND INTEGER FEASIBLE,0.005844,0.037298,2,1,1,1,18654.000000,18654.000000,0.000000,0.000000,0
p200x1188c,config23,3,FOUND INTEGER FEASIBLE,0.005780,0.037179,2,1,1,1,18654.000000,18654.000000,0.000000,0.000000,0
p200x1188c,config23,4,FOUND INTEGER FEASIBLE,0.005854,0.038259,3,1,1,1,19811.000000,19811.000000,0.000000,0.000000,0
p200x1188c,config23,5,FOUND INTEGER FEASIBLE,0.006966,0.044398,2,1,1,1,20972.000000,20972.000000,0.000000,0.000000,0
peg-solitaire-a3,config16,1,FAILED TO FIND AN INTEGER FEASIBLE SOLUTION,4.978674,1104.732800,12000,10,10,0,0.000000,0.000000,1.000000,1.000000,2
peg-solitaire-a3,config16,2,FAILED TO FIND AN INTEGER FEASIBLE SOLUTION,5.193458,1123.882102,12000,10,10,0,0.000000,0.000000,1.000000,1.000000,2
peg-solitaire-a3,config16,3,FOUND INTEGER FEASIBLE,6.057522,1387.548906,11202,10,10,0,1.000000,1.000000,0.000000,0.000000,0
peg-solitaire-a3,config16,4,FAILED TO FIND AN INTEGER FEASIBLE SOLUTION,6.195829,1285.911329,12000,10,10,0,0.000000,0.000000,2.000000,2.000000,6
peg-solitaire-a3,config16,5,FAILED TO FIND AN INTEGER FEASIBLE SOLUTION,5.012431,1316.634191,12000,10,10,0,0.000000,0.000000,1.000000,1.000000,2
peg-solitaire-a3,config17,1,FAILED TO FIND AN INTEGER FEASIBLE SOLUTION,2.300718,1299.557572,12000,5,5,1,0.000000,0.000000,2.000000,2.000000,4
peg-solitaire-a3,config17,2,FAILED TO FIND AN INTEGER FEASIBLE SOLUTION,2.303204,2217.108978,12000,5,5,1,0.000000,0.000000,5.000000,5.000000,10
peg-solitaire-a3,config17,3,FAILED TO FIND AN INTEGER FEASIBLE SOLUTION,2.303466,1015.522826,12000,5,5,1,0.000000,0.000000,2.000000,2.000000,4
peg-solitaire-a3,config17,4,FAILED TO FIND AN INTEGER FEASIBLE SOLUTION,2.310869,1258.151180,12000,5,5,1,0.000000,0.000000,1.000000,1.000000,2
peg-solitaire-a3,config17,5,FOUND INTEGER FEASIBLE,2.301953,975.436067,7727,5,5,1,1.000000,1.000000,0.000000,0.000000,0
peg-solitaire-a3,config21,1,FAILED TO FIND AN INTEGER FEASIBLE SOLUTION,2.461385,1908.260996,12000,5,5,1,0.000000,0.000000,3.000000,3.000000,6
peg-solitaire-a3,config21,2,FAILED TO FIND AN INTEGER FEASIBLE SOLUTION,2.451780,1009.439331,12000,5,5,1,0.000000,0.000000,2.000000,2.000000,4
peg-solitaire-a3,config21,3,FAILED TO FIND AN INTEGER FEASIBLE SOLUTION,1.634745,1220.630937,12000,5,5,1,0.000000,0.000000,1.000000,1.000000,2
peg-solitaire-a3,config21,4,FAILED TO FIND AN INTEGER FEASIBLE SOLUTION,2.437593,1228.412365,12000,5,5,1,0.000000,0.000000,1.000000,1.000000,2
peg-solitaire-a3,config21,5,FAILED TO FIND AN INTEGER FEASIBLE SOLUTION,1.475419,1474.467800,12000,5,5,1,0.000000,0.000000,2.000000,2.000000,4
peg-solitaire-a3,config23,1,FAILED TO FIND AN INTEGER FEASIBLE SOLUTION,2.462106,1100.230779,12000,5,5,1,0.000000,0.000000,1.000000,1.000000,2
peg-solitaire-a3,config23,2,FAILED TO FIND AN INTEGER FEASIBLE SOLUTION,2.609092,1169.599148,12000,5,5,1,0.000000,0.000000,1.000000,1.000000,2
peg-solitaire-a3,config23,3,FAILED TO FIND AN INTEGER FEASIBLE SOLUTION,2.461959,1065.075205,12000,5,5,1,0.000000,0.000000,1.000000,1.000000,2
peg-solitaire-a3,config23,4,FAILED TO FIND AN INTEGER FEASIBLE SOLUTION,2.447667,1162.556581,12000,5,5,1,0.000000,0.000000,1.000000,1.000000,2
peg-solitaire-a3,config23,5,FAILED TO FIND AN INTEGER FEASIBLE SOLUTION,2.443035,1533.645859,12000,5,5,1,0.000000,0.000000,1.000000,1.000000,2
pg,config16,1,FOUND INTEGER FEASIBLE,0.018693,0.037360,1,11,0,0,-7232.948857,-7261.734070,0.000000,0.000000,0
pg,config16,2,FOUND INTEGER FEASIBLE,0.018498,0.035601,3,11,0,0,-7177.011902,-7261.734070,0.000000,0.000000,0
pg,config16,3,FOUND INTEGER FEASIBLE,0.018234,0.035124,1,11,0,0,-7232.948857,-7261.734070,0.000000,0.000000,0
pg,config16,4,FOUND INTEGER FEASIBLE,0.018746,0.035408,2,11,0,0,-7120.141321,-7261.734070,0.000000,0.000000,0
pg,config16,5,FOUND INTEGER FEASIBLE,0.018491,0.034628,1,11,0,0,-7232.948857,-7261.734070,0.000000,0.000000,0
pg,config17,1,FOUND INTEGER FEASIBLE,0.033769,0.085202,2,2,0,0,-3812.539029,-6312.853465,0.000000,0.000000,0
pg,config17,2,FOUND INTEGER FEASIBLE,0.033259,0.081766,3,2,0,0,-3745.773855,-6312.853465,0.000000,0.000000,0
pg,config17,3,FOUND INTEGER FEASIBLE,0.032650,0.074018,1,2,0,0,-3789.435363,-6312.853465,0.000000,0.000000,0
pg,config17,4,FOUND INTEGER FEASIBLE,0.032492,0.074197,2,2,0,0,-3789.435363,-6312.853465,0.000000,0.000000,0
pg,config17,5,FOUND INTEGER FEASIBLE,0.028341,0.066741,1,2,0,0,-3789.435363,-6312.853465,0.000000,0.000000,0
pg,config21,1,FOUND INTEGER FEASIBLE,0.002343,0.030163,0,0,0,0,7250.000000,7250.000000,0.000000,0.000000,0
pg,config21,2,FOUND INTEGER FEASIBLE,0.002381,0.030163,0,0,0,0,7250.000000,7250.000000,0.000000,0.000000,0
pg,config21,3,FOUND INTEGER FEASIBLE,0.002320,0.029979,0,0,0,0,7250.000000,7250.000000,0.000000,0.000000,0
pg,config21,4,FOUND INTEGER FEASIBLE,0.001935,0.025898,0,0,0,0,7250.000000,7250.000000,0.000000,0.000000,0
pg,config21,5,FOUND INTEGER FEASIBLE,0.002310,0.029983,0,0,0,0,7250.000000,7250.000000,0.000000,0.000000,0
pg,config23,1,FOUND INTEGER FEASIBLE,0.001926,0.038699,1,0,0,0,-5188.542446,-7796.498526,0.000000,0.000000,0
pg,config23,2,FOUND INTEGER FEASIBLE,0.002284,0.045286,3,0,0,0,-5209.030707,-7796.498526,0.000000,0.000000,0
pg,config23,3,FOUND INTEGER FEASIBLE,0.002286,0.043188,1,0,0,0,-5188.542446,-7796.498526,0.000000,0.000000,0
pg,config23,4,FOUND INTEGER FEASIBLE,0.002299,0.043570,2,0,0,0,-5188.542446,-7796.498526,0.000000,0.000000,0
pg,config23,5,FOUND INTEGER FEASIBLE,0.001933,0.036954,1,0,0,0,-5188.542446,-7796.498526,0.000000,0.000000,0
pg5_34,config16,1,FOUND INTEGER FEASIBLE,0.022683,0.049622,0,11,0,0,-4090.000000,-4090.000000,0.000000,0.000000,0
pg5_34,config16,2,FOUND INTEGER FEASIBLE,0.018659,0.041446,0,11,0,0,-4090.000000,-4090.000000,0.000000,0.000000,0
pg5_34,config16,3,FOUND INTEGER FEASIBLE,0.021118,0.047433,0,11,0,0,-4090.000000,-4090.000000,0.000000,0.000000,0
pg5_34,config16,4,FOUND INTEGER FEASIBLE,0.021455,0.047625,0,11,0,0,-4090.000000,-4090.000000,0.000000,0.000000,0
pg5_34,config16,5,FOUND INTEGER FEASIBLE,0.021543,0.047806,0,11,0,0,-4090.000000,-4090.000000,0.000000,0.000000,0
pg5_34,config17,1,FOUND INTEGER FEASIBLE,0.003156,0.037722,0,0,0,0,0.000000,0.000000,0.000000,0.000000,0
pg5_34,config17,2,FOUND INTEGER FEASIBLE,0.003116,0.037616,0,0,0,0,0.000000,0.000000,0.000000,0.000000,0
pg5_34,config17,3,FOUND INTEGER FEASIBLE,0.003142,0.037735,0,0,0,0,0.000000,0.000000,0.000000,0.000000,0
pg5_34,config17,4,FOUND INTEGER FEASIBLE,0.002634,0.031981,0,0,0,0,0.000000,0.000000,0.000000,0.000000,0
pg5_34,config17,5,FOUND INTEGER FEASIBLE,0.002649,0.032015,0,0,0,0,0.000000,0.000000,0.000000,0.000000,0
pg5_34,config21,1,FOUND INTEGER FEASIBLE,0.026266,0.047587,0,4,0,0,-327.000000,-327.000000,0.000000,0.000000,0
pg5_34,config21,2,FOUND INTEGER FEASIBLE,0.026047,0.047154,0,4,0,0,-327.000000,-327.000000,0.000000,0.000000,0
pg5_34,config21,3,FOUND INTEGER FEASIBLE,0.026300,0.047445,0,4,0,0,-327.000000,-327.000000,0.000000,0.000000,0
pg5_34,config21,4,FOUND INTEGER FEASIBLE,0.026329,0.047475,0,4,0,0,-327.000000,-327.000000,0.000000,0.000000,0
pg5_34,config21,5,FOUND INTEGER FEASIBLE,0.026483,0.047680,0,4,0,0,-327.000000,-327.000000,0.000000,0.000000,0
pg5_34,config23,1,FOUND INTEGER FEASIBLE,0.026460,0.047889,0,4,0,0,0.000000,0.000000,0.000000,0.000000,0
pg5_34,config23,2,FOUND INTEGER FEASIBLE,0.029936,0.055138,0,4,0,0,0.000000,0.000000,0.000000,0.000000,0
pg5_34,config23,3,FOUND INTEGER FEASIBLE,0.026468,0.047679,0,4,0,0,0.000000,0.000000,0.000000,0.000000,0
pg5_34,config23,4,FOUND INTEGER FEASIBLE,0.029844,0.054494,0,4,0,0,0.000000,0.000000,0.000000,0.000000,0
pg5_34,config23,5,FOUND INTEGER FEASIBLE,0.026128,0.047418,0,4,0,0,0.000000,0.000000,0.000000,0.000000,0
physiciansched3-3,config16,1,FOUND INTEGER FEASIBLE,21.240090,462.924773,584,12,10,2,29762640.593333,3369434.553333,0.000000,0.000000,0
physiciansched3-3,config16,2,FOUND INTEGER FEASIBLE,24.987554,604.581887,580,12,10,2,29779867.926667,3427487.220000,0.000000,0.000000,0
physiciansched3-3,config16,3,FOUND INTEGER FEASIBLE,22.807356,581.271317,569,12,10,2,29769440.593333,3359996.846667,0.000000,0.000000,0
physiciansched3-3,config16,4,FOUND INTEGER FEASIBLE,23.521384,582.610340,575,12,10,2,29775429.593333,3388187.493333,0.000000,0.000000,0
physiciansched3-3,config16,5,FOUND INTEGER FEASIBLE,24.219907,538.842975,548,12,10,2,29761620.760000,3246540.693333,0.000000,0.000000,0
physiciansched3-3,config17,1,FOUND INTEGER FEASIBLE,9.158879,296.655321,701,10,10,5,29892163.926667,3355584.153333,0.000000,0.000000,0
physiciansched3-3,config17,2,FOUND INTEGER FEASIBLE,9.438570,89.773284,177,10,6,5,29840885.260000,3450631.820000,0.000000,0.000000,0
physiciansched3-3,config17,3,FOUND INTEGER FEASIBLE,9.399316,95.094874,105,10,5,5,29851294.260000,3441200.193333,0.000000,0.000000,0
physiciansched3-3,config17,4,FOUND INTEGER FEASIBLE,11.212722,80.542589,96,10,5,5,29829985.260000,3407458.820000,0.000000,0.000000,0
physiciansched3-3,config17,5,FOUND INTEGER FEASIBLE,10.422332,154.700601,465,10,8,5,29902165.926667,3404393.826667,0.000000,0.000000,0
physiciansched3-3,config21,1,FOUND INTEGER FEASIBLE,34.035655,201.680885,135,12,12,11,29918097.260000,3452391.153333,0.000000,0.000000,0
physiciansched3-3,config21,2,FOUND INTEGER FEASIBLE,35.821278,209.917169,216,12,12,11,29910693.260000,3440915.986667,0.000000,0.000000,0
physiciansched3-3,config21,3,FOUND INTEGER FEASIBLE,34.569237,193.050105,103,12,12,11,29906219.593333,3427253.846667,0.000000,0.000000,0
physiciansched3-3,config21,4,FOUND INTEGER FEASIBLE,35.333181,246.496740,171,12,12,11,29930365.426667,3457458.493333,0.000000,0.000000,0
physiciansched3-3,config21,5,FOUND INTEGER FEASIBLE,34.877929,192.974635,140,12,12,11,29912997.260000,3371110.813333,0.000000,0.000000,0
physiciansched3-3,config23,1,FOUND INTEGER FEASIBLE,35.212506,241.996558,178,12,12,11,29917602.760000,3429949.313333,0.000000,0.000000,0
physiciansched3-3,config23,2,FOUND INTEGER FEASIBLE,34.229711,336.343770,843,12,12,11,29907527.093333,3369616.326667,0.000000,0.000000,0
physiciansched3-3,config23,3,FOUND INTEGER FEASIBLE,35.074167,248.239019,169,12,12,11,29917664.926667,3376928.160000,0.000000,0.000000,0
physiciansched3-3,config23,4,FOUND INTEGER FEASIBLE,35.784321,294.994476,1249,12,12,11,29899000.260000,3466077.186667,0.000000,0.000000,0
physiciansched3-3,config23,5,FOUND INTEGER FEASIBLE,33.916620,152.808380,101,12,12,11,29916903.260000,3362958.660000,0.000000,0.000000,0
physiciansched6-2,config16,1,FOUND INTEGER FEASIBLE,1.591299,15.729473,292,12,12,11,214251.000000,51227.000000,0.000000,0.000000,0
physiciansched6-2,config16,2,FOUND INTEGER FEASIBLE,1.053593,18.575313,231,12,12,11,213349.000000,51224.000000,0.000000,0.000000,0
physiciansched6-2,config16,3,FOUND INTEGER FEASIBLE,1.634517,16.772755,133,12,12,11,215152.000000,52527.000000,0.000000,0.000000,0
physiciansched6-2,config16,4,FOUND INTEGER FEASIBLE,1.129721,31.991670,517,12,12,11,213851.000000,51227.000000,0.000000,0.000000,0
physiciansched6-2,config16,5,FOUND INTEGER FEASIBLE,1.509603,28.510515,605,12,12,11,213751.000000,51527.000000,0.000000,0.000000,0
physiciansched6-2,config17,1,FOUND INTEGER FEASIBLE,0.715272,8.857523,194,7,3,2,212749.000000,50325.000000,0.000000,0.000000,0
physiciansched6-2,config17,2,FOUND INTEGER FEASIBLE,0.872105,76.843465,3040,7,7,2,215254.000000,53329.000000,0.000000,0.000000,0
physiciansched6-2,config17,3,FOUND INTEGER FEASIBLE,1.228005,28.932954,705,7,7,2,212949.000000,50725.000000,0.000000,0.000000,0
physiciansched6-2,config17,4,FOUND INTEGER FEASIBLE,1.230441,16.090993,246,7,3,2,214050.000000,51425.000000,0.000000,0.000000,0
physiciansched6-2,config17,5,FOUND INTEGER FEASIBLE,1.296604,33.413333,927,7,7,2,213951.000000,51427.000000,0.000000,0.000000,0
physiciansched6-2,config21,1,FOUND INTEGER FEASIBLE,2.049098,44.319656,572,12,12,8,215153.000000,52229.000000,0.000000,0.000000,0
physiciansched6-2,config21,2,FOUND INTEGER FEASIBLE,2.047721,35.823487,426,12,12,8,217356.000000,53731.000000,0.000000,0.000000,0
physiciansched6-2,config21,3,FOUND INTEGER FEASIBLE,1.975083,45.180871,469,12,12,8,216255.000000,53730.000000,0.000000,0.000000,0
physiciansched6-2,config21,4,FOUND INTEGER FEASIBLE,2.662604,46.864930,703,12,12,8,214753.000000,52329.000000,0.000000,0.000000,0
physiciansched6-2,config21,5,FOUND INTEGER FEASIBLE,2.309777,47.653429,495,12,12,8,216956.000000,53531.000000,0.000000,0.000000,0
physiciansched6-2,config23,1,FOUND INTEGER FEASIBLE,1.985035,46.157622,598,12,12,8,214150.000000,51625.000000,0.000000,0.000000,0
physiciansched6-2,config23,2,FOUND INTEGER FEASIBLE,2.105251,41.149150,427,12,12,8,213349.000000,50725.000000,0.000000,0.000000,0
physiciansched6-2,config23,3,FOUND INTEGER FEASIBLE,2.513769,58.830908,758,12,12,8,214653.000000,52029.000000,0.000000,0.000000,0
physiciansched6-2,config23,4,FOUND INTEGER FEASIBLE,2.128446,46.252603,486,12,12,8,213249.000000,50725.000000,0.000000,0.000000,0
physiciansched6-2,config23,5,FOUND INTEGER FEASIBLE,1.790115,43.947032,546,12,12,8,214251.000000,51227.000000,0.000000,0.000000,0
piperout-08,config16,1,FAILED TO FIND AN INTEGER FEASIBLE SOLUTION,0.505237,69.916586,12000,11,11,11,0.000000,0.000000,14.691235,25.870244,86
piperout-08,config16,2,FAILED TO FIND AN INTEGER FEASIBLE SOLUTION,0.508064,73.806478,12000,11,11,11,0.000000,0.000000,13.005467,25.042442,93
piperout-08,config16,3,FAILED TO FIND AN INTEGER FEASIBLE SOLUTION,0.507224,68.995047,12000,11,11,11,0.000000,0.000000,11.402867,17.085873,86
piperout-08,config16,4,FAILED TO FIND AN INTEGER FEASIBLE SOLUTION,0.257246,69.132443,12000,11,11,11,0.000000,0.000000,11.963752,27.646759,91
piperout-08,config16,5,FAILED TO FIND AN INTEGER FEASIBLE SOLUTION,0.505588,69.716002,12000,11,11,11,0.000000,0.000000,10.302286,24.038597,72
piperout-08,config17,1,FAILED TO FIND AN INTEGER FEASIBLE SOLUTION,0.537351,68.955425,12000,8,8,3,0.000000,0.000000,9.735986,17.282003,76
piperout-08,config17,2,FAILED TO FIND AN INTEGER FEASIBLE SOLUTION,0.260697,69.165004,12000,8,8,3,0.000000,0.000000,15.054508,22.825708,105
piperout-08,config17,3,FAILED TO FIND AN INTEGER FEASIBLE SOLUTION,0.513809,69.533299,12000,8,8,3,0.000000,0.000000,13.764558,23.742144,107
piperout-08,config17,4,FAILED TO FIND AN INTEGER FEASIBLE SOLUTION,0.275422,75.650495,12000,8,8,3,0.000000,0.000000,14.352445,23.172230,98
piperout-08,config17,5,FAILED TO FIND AN INTEGER FEASIBLE SOLUTION,0.514249,69.917189,12000,8,8,3,0.000000,0.000000,18.845130,19.476355,84
piperout-08,config21,1,FAILED TO FIND AN INTEGER FEASIBLE SOLUTION,0.638922,68.221316,12000,12,12,8,0.000000,0.000000,11.836815,20.599194,95
piperout-08,config21,2,FAILED TO FIND AN INTEGER FEASIBLE SOLUTION,0.644082,66.328037,12000,12,12,8,0.000000,0.000000,15.787092,26.559361,94
piperout-08,config21,3,FAILED TO FIND AN INTEGER FEASIBLE SOLUTION,0.321199,68.083753,12000,12,12,8,0.000000,0.000000,12.053843,19.503516,84
piperout-08,config21,4,FAILED TO FIND AN INTEGER FEASIBLE SOLUTION,0.638743,70.953202,12000,12,12,8,0.000000,0.000000,9.832188,18.623735,102
piperout-08,config21,5,FAILED TO FIND AN INTEGER FEASIBLE SOLUTION,0.639875,70.263688,12000,12,12,8,0.000000,0.000000,11.465714,20.134562,94
piperout-08,config23,1,FAILED TO FIND AN INTEGER FEASIBLE SOLUTION,0.657371,74.682775,12000,12,12,8,0.000000,0.000000,12.017478,20.165229,88
piperout-08,config23,2,FAILED TO FIND AN INTEGER FEASIBLE SOLUTION,0.323874,69.728171,12000,12,12,8,0.000000,0.000000,11.211417,23.938868,78
piperout-08,config23,3,FAILED TO FIND AN INTEGER FEASIBLE SOLUTION,0.636737,73.162362,12000,12,12,8,0.000000,0.000000,14.091738,27.811619,94
piperout-08,config23,4,FAILED TO FIND AN INTEGER FEASIBLE SOLUTION,0.642847,71.749158,12000,12,12,8,0.000000,0.000000,12.341433,26.024440,96
piperout-08,config23,5,FAILED TO FIND AN INTEGER FEASIBLE SOLUTION,0.637301,73.630279,12000,12,12,8,0.000000,0.000000,13.576693,26.926367,92
piperout-27,config16,1,FAILED TO FIND AN INTEGER FEASIBLE SOLUTION,1.169501,97.323041,12000,11,11,11,0.000000,0.000000,18.542758,37.440284,87
piperout-27,config16,2,FAILED TO FIND AN INTEGER FEASIBLE SOLUTION,1.205128,104.088207,12000,11,11,11,0.000000,0.000000,22.564564,42.872534,95
piperout-27,config16,3,FAILED TO FIND AN INTEGER FEASIBLE SOLUTION,0.962819,99.211814,12000,11,11,11,0.000000,0.000000,19.469972,31.289753,108
piperout-27,config16,4,FAILED TO FIND AN INTEGER FEASIBLE SOLUTION,0.871851,97.457269,12000,11,11,11,0.000000,0.000000,16.415050,34.052383,112
piperout-27,config16,5,FAILED TO FIND AN INTEGER FEASIBLE SOLUTION,0.589934,94.535669,12000,11,11,11,0.000000,0.000000,26.393057,33.026667,118
piperout-27,config17,1,FAILED TO FIND AN INTEGER FEASIBLE SOLUTION,1.679197,88.105178,12000,11,11,10,0.000000,0.000000,3.393905,4.393905,25
piperout-27,config17,2,FAILED TO FIND AN INTEGER FEASIBLE SOLUTION,0.889078,92.665597,12000,11,11,10,0.000000,0.000000,7.269331,17.028594,79
piperout-27,config17,3,FAILED TO FIND AN INTEGER FEASIBLE SOLUTION,1.154424,93.109161,12000,11,11,10,0.000000,0.000000,2.296755,10.296755,28
piperout-27,config17,4,FAILED TO FIND AN INTEGER FEASIBLE SOLUTION,1.703102,94.256007,12000,11,11,10,0.000000,0.000000,5.332687,13.540641,71
piperout-27,config17,5,FAILED TO FIND AN INTEGER FEASIBLE SOLUTION,1.672116,96.870555,12000,11,11,10,0.000000,0.000000,4.171902,7.873272,37
piperout-27,config21,1,FAILED TO FIND AN INTEGER FEASIBLE SOLUTION,1.590170,94.854995,12000,12,12,6,0.000000,0.000000,22.958033,60.578154,122
piperout-27,config21,2,FAILED TO FIND AN INTEGER FEASIBLE SOLUTION,1.631978,91.688645,12000,12,12,6,0.000000,0.000000,11.512969,12.087179,91
piperout-27,config21,3,FAILED TO FIND AN INTEGER FEASIBLE SOLUTION,1.585672,95.185285,12000,12,12,6,0.000000,0.000000,19.611859,35.443805,95
piperout-27,config21,4,FAILED TO FIND AN INTEGER FEASIBLE SOLUTION,1.137077,89.310370,12000,12,12,6,0.000000,0.000000,17.506505,29.180362,113
piperout-27,config21,5,FAILED TO FIND AN INTEGER FEASIBLE SOLUTION,1.586725,92.002298,12000,12,12,6,0.000000,0.000000,22.702485,31.729088,111
piperout-27,config23,1,FAILED TO FIND AN INTEGER FEASIBLE SOLUTION,1.587004,95.512958,12000,12,12,6,0.000000,0.000000,15.153693,31.839874,104
piperout-27,config23,2,FAILED TO FIND AN INTEGER FEASIBLE SOLUTION,1.590856,94.639204,12000,12,12,6,0.000000,0.000000,24.443458,27.133139,124
piperout-27,config23,3,FAILED TO FIND AN INTEGER FEASIBLE SOLUTION,1.211167,91.249022,12000,12,12,6,0.000000,0.000000,27.371844,40.064793,122
piperout-27,config23,4,FAILED TO FIND AN INTEGER FEASIBLE SOLUTION,1.600075,95.664194,12000,12,12,6,0.000000,0.000000,12.124166,44.825225,115
piperout-27,config23,5,FAILED TO FIND AN INTEGER FEASIBLE SOLUTION,0.822840,93.596287,12000,12,12,6,0.000000,0.000000,13.538706,31.962746,95
pk1,config16,1,FOUND INTEGER FEASIBLE,0.002798,0.011127,1,9,0,0,72.000000,72.000000,0.000000,0.000000,0
pk1,config16,2,FOUND INTEGER FEASIBLE,0.003093,0.013147,1,9,0,0,189.000000,189.000000,0.000000,0.000000,0
pk1,config16,3,FOUND INTEGER FEASIBLE,0.002702,0.010595,1,9,0,0,108.000000,108.000000,0.000000,0.000000,0
pk1,config16,4,FOUND INTEGER FEASIBLE,0.002875,0.012018,1,9,0,0,38.000000,38.000000,0.000000,0.000000,0
pk1,config16,5,FOUND INTEGER FEASIBLE,0.002530,0.010043,1,9,0,0,199.000000,199.000000,0.000000,0.000000,0
pk1,config17,1,FOUND INTEGER FEASIBLE,0.000613,0.006135,0,0,0,0,731.000000,731.000000,0.000000,0.000000,0
pk1,config17,2,FOUND INTEGER FEASIBLE,0.000554,0.005996,0,0,0,0,731.000000,731.000000,0.000000,0.000000,0
pk1,config17,3,FOUND INTEGER FEASIBLE,0.000559,0.006033,0,0,0,0,731.000000,731.000000,0.000000,0.000000,0
pk1,config17,4,FOUND INTEGER FEASIBLE,0.000571,0.005966,0,0,0,0,731.000000,731.000000,0.000000,0.000000,0
pk1,config17,5,FOUND INTEGER FEASIBLE,0.000570,0.007220,0,0,0,0,731.000000,731.000000,0.000000,0.000000,0
pk1,config21,1,FOUND INTEGER FEASIBLE,0.000641,0.006206,0,0,0,0,1072.000000,1072.000000,0.000000,0.000000,0
pk1,config21,2,FOUND INTEGER FEASIBLE,0.000567,0.006137,0,0,0,0,1072.000000,1072.000000,0.000000,0.000000,0
pk1,config21,3,FOUND INTEGER FEASIBLE,0.000563,0.006206,0,0,0,0,1072.000000,1072.000000,0.000000,0.000000,0
pk1,config21,4,FOUND INTEGER FEASIBLE,0.000579,0.006130,0,0,0,0,1072.000000,1072.000000,0.000000,0.000000,0
pk1,config21,5,FOUND INTEGER FEASIBLE,0.000542,0.006109,0,0,0,0,1072.000000,1072.000000,0.000000,0.000000,0
pk1,config23,1,FOUND INTEGER FEASIBLE,0.000588,0.006148,0,0,0,0,731.000000,731.000000,0.000000,0.000000,0
pk1,config23,2,FOUND INTEGER FEASIBLE,0.000556,0.006086,0,0,0,0,731.000000,731.000000,0.000000,0.000000,0
pk1,config23,3,FOUND INTEGER FEASIBLE,0.000596,0.006116,0,0,0,0,731.000000,731.000000,0.000000,0.000000,0
pk1,config23,4,FOUND INTEGER FEASIBLE,0.000564,0.006065,0,0,0,0,731.000000,731.000000,0.000000,0.000000,0
pk1,config23,5,FOUND INTEGER FEASIBLE,0.000581,0.006074,0,0,0,0,731.000000,731.000000,0.000000,0.000000,0
proteindesign121hz512p9,config16,1,FOUND INTEGER FEASIBLE,0.383955,2.778772,3,2,2,2,1510.000000,1510.000000,0.000000,0.000000,0
proteindesign121hz512p9,config16,2,FOUND INTEGER FEASIBLE,0.376791,2.525642,3,2,2,2,1510.000000,1510.000000,0.000000,0.000000,0
proteindesign121hz512p9,config16,3,FOUND INTEGER FEASIBLE,0.256053,1.825473,3,2,2,2,1510.000000,1510.000000,0.000000,0.000000,0
proteindesign121hz512p9,config16,4,FOUND INTEGER FEASIBLE,0.418648,2.799507,3,2,2,2,1510.000000,1510.000000,0.000000,0.000000,0
proteindesign121hz512p9,config16,5,FOUND INTEGER FEASIBLE,0.415154,2.809747,3,2,2,2,1510.000000,1510.000000,0.000000,0.000000,0
proteindesign121hz512p9,config17,1,FOUND INTEGER FEASIBLE,0.358833,7.026941,143,10,0,0,1514.000000,1514.000000,0.000000,0.000000,0
proteindesign121hz512p9,config17,2,FOUND INTEGER FEASIBLE,0.349613,32.461705,496,10,4,0,1634.000000,1634.000000,0.000000,0.000000,0
proteindesign121hz512p9,config17,3,FOUND INTEGER FEASIBLE,0.356572,97.176633,1364,10,10,0,1534.000000,1534.000000,0.000000,0.000000,0
proteindesign121hz512p9,config17,4,FOUND INTEGER FEASIBLE,0.354438,23.892101,331,10,3,0,1509.000000,1509.000000,0.000000,0.000000,0
proteindesign121hz512p9,config17,5,FOUND INTEGER FEASIBLE,0.357722,72.908189,988,10,10,0,1513.000000,1513.000000,0.000000,0.000000,0
proteindesign121hz512p9,config21,1,FOUND INTEGER FEASIBLE,0.360072,47.482976,591,10,6,0,1564.000000,1564.000000,0.000000,0.000000,0
proteindesign121hz512p9,config21,2,FOUND INTEGER FEASIBLE,0.355953,310.136461,6967,10,10,0,2201.000000,2201.000000,0.000000,0.000000,0
proteindesign121hz512p9,config21,3,FOUND INTEGER FEASIBLE,0.358001,117.085384,1906,10,10,0,1735.000000,1735.000000,0.000000,0.000000,0
proteindesign121hz512p9,config21,4,FOUND INTEGER FEASIBLE,0.225806,6.096618,103,10,0,0,1821.000000,1821.000000,0.000000,0.000000,0
proteindesign121hz512p9,config21,5,FOUND INTEGER FEASIBLE,0.416646,92.962338,1505,10,10,0,1520.000000,1520.000000,0.000000,0.000000,0
proteindesign121hz512p9,config23,1,FOUND INTEGER FEASIBLE,0.224130,25.876749,356,10,3,0,1697.000000,1697.000000,0.000000,0.000000,0
proteindesign121hz512p9,config23,2,FOUND INTEGER FEASIBLE,0.322960,57.657943,760,10,6,0,1634.000000,1634.000000,0.000000,0.000000,0
proteindesign121hz512p9,config23,3,FOUND INTEGER FEASIBLE,0.355415,69.683280,946,10,9,0,1545.000000,1545.000000,0.000000,0.000000,0
proteindesign121hz512p9,config23,4,FOUND INTEGER FEASIBLE,0.326259,73.280863,1052,10,9,0,1771.000000,1771.000000,0.000000,0.000000,0
proteindesign121hz512p9,config23,5,FOUND INTEGER FEASIBLE,0.360999,41.002103,504,10,5,0,1766.000000,1766.000000,0.000000,0.000000,0
proteindesign122trx11p8,config16,1,FOUND INTEGER FEASIBLE,0.461988,65.884598,341,2,2,2,1773.000000,1773.000000,0.000000,0.000000,0
proteindesign122trx11p8,config16,2,FOUND INTEGER FEASIBLE,0.425278,3.271507,3,2,2,2,1767.000000,1767.000000,0.000000,0.000000,0
proteindesign122trx11p8,config16,3,FOUND INTEGER FEASIBLE,0.343823,3.016624,5,2,2,2,2188.000000,2188.000000,0.000000,0.000000,0
proteindesign122trx11p8,config16,4,FOUND INTEGER FEASIBLE,0.238282,3.231607,3,2,2,2,1767.000000,1767.000000,0.000000,0.000000,0
proteindesign122trx11p8,config16,5,FOUND INTEGER FEASIBLE,0.425329,3.335778,5,2,2,2,2188.000000,2188.000000,0.000000,0.000000,0
proteindesign122trx11p8,config17,1,FOUND INTEGER FEASIBLE,0.287673,55.137181,197,10,1,0,1875.000000,1875.000000,0.000000,0.000000,0
proteindesign122trx11p8,config17,2,FOUND INTEGER FEASIBLE,0.197865,342.316470,1135,10,10,0,1816.000000,1816.000000,0.000000,0.000000,0
proteindesign122trx11p8,config17,3,FOUND INTEGER FEASIBLE,0.290258,98.001542,348,10,2,0,1820.000000,1820.000000,0.000000,0.000000,0
proteindesign122trx11p8,config17,4,FOUND INTEGER FEASIBLE,0.291261,16.171616,62,10,0,0,2264.000000,2264.000000,0.000000,0.000000,0
proteindesign122trx11p8,config17,5,FOUND INTEGER FEASIBLE,0.157770,405.872899,1402,10,10,0,2230.000000,2230.000000,0.000000,0.000000,0
proteindesign122trx11p8,config21,1,FOUND INTEGER FEASIBLE,0.294367,150.694073,567,10,4,0,3015.000000,3015.000000,0.000000,0.000000,0
proteindesign122trx11p8,config21,2,FOUND INTEGER FEASIBLE,0.226217,432.299832,1381,10,10,0,2198.000000,2198.000000,0.000000,0.000000,0
proteindesign122trx11p8,config21,3,FOUND INTEGER FEASIBLE,0.158076,24.980576,130,10,0,0,1918.000000,1918.000000,0.000000,0.000000,0
proteindesign122trx11p8,config21,4,FOUND INTEGER FEASIBLE,0.293324,158.431241,575,10,5,0,1876.000000,1876.000000,0.000000,0.000000,0
proteindesign122trx11p8,config21,5,FOUND INTEGER FEASIBLE,0.158134,28.270478,113,10,0,0,2275.000000,2275.000000,0.000000,0.000000,0
proteindesign122trx11p8,config23,1,FOUND INTEGER FEASIBLE,0.226212,279.283814,1148,10,10,0,1781.000000,1781.000000,0.000000,0.000000,0
proteindesign122trx11p8,config23,2,FOUND INTEGER FEASIBLE,0.288910,151.483353,510,10,5,0,1869.000000,1869.000000,0.000000,0.000000,0
proteindesign122trx11p8,config23,3,FOUND INTEGER FEASIBLE,0.293081,246.228131,833,10,9,0,2261.000000,2261.000000,0.000000,0.000000,0
proteindesign122trx11p8,config23,4,FOUND INTEGER FEASIBLE,0.292192,526.631430,2015,10,10,0,2195.000000,2195.000000,0.000000,0.000000,0
proteindesign122trx11p8,config23,5,FOUND INTEGER FEASIBLE,0.289562,109.437683,435,10,3,0,1914.000000,1914.000000,0.000000,0.000000,0
qap10,config16,1,FOUND INTEGER FEASIBLE,5.460913,6.865986,96,4,1,0,340.000000,340.000000,0.000000,0.000000,0
qap10,config16,2,FOUND INTEGER FEASIBLE,5.093027,6.585062,96,4,1,0,410.000000,410.000000,0.000000,0.000000,0
qap10,config16,3,FOUND INTEGER FEASIBLE,4.721894,7.117315,93,4,1,0,462.000000,462.000000,0.000000,0.000000,0
qap10,config16,4,FOUND INTEGER FEASIBLE,5.028507,6.501219,88,4,1,0,420.000000,420.000000,0.000000,0.000000,0
qap10,config16,5,FOUND INTEGER FEASIBLE,5.865780,7.328796,89,4,1,0,372.000000,372.000000,0.000000,0.000000,0
qap10,config17,1,FOUND INTEGER FEASIBLE,7.095350,117.012666,98,8,1,0,506.000000,506.000000,0.000000,0.000000,0
qap10,config17,2,FOUND INTEGER FEASIBLE,7.049408,88.959248,75,8,0,0,546.000000,546.000000,0.000000,0.000000,0
qap10,config17,3,FOUND INTEGER FEASIBLE,7.304888,107.098046,89,8,1,0,480.000000,480.000000,0.000000,0.000000,0
qap10,config17,4,FOUND INTEGER FEASIBLE,9.006417,21.934946,12,8,0,0,546.000000,546.000000,0.000000,0.000000,0
qap10,config17,5,FOUND INTEGER FEASIBLE,7.090822,42.159036,33,8,0,0,546.000000,546.000000,0.000000,0.000000,0
qap10,config21,1,FOUND INTEGER FEASIBLE,8.317174,105.277166,94,8,1,0,480.000000,480.000000,0.000000,0.000000,0
qap10,config21,2,FOUND INTEGER FEASIBLE,9.158684,82.996504,72,8,0,0,546.000000,546.000000,0.000000,0.000000,0
qap10,config21,3,FOUND INTEGER FEASIBLE,7.409882,101.287932,88,8,1,0,480.000000,480.000000,0.000000,0.000000,0
qap10,config21,4,FOUND INTEGER FEASIBLE,8.160882,59.228867,49,8,0,0,546.000000,546.000000,0.000000,0.000000,0
qap10,config21,5,FOUND INTEGER FEASIBLE,9.193034,29.538495,22,8,0,0,546.000000,546.000000,0.000000,0.000000,0
qap10,config23,1,FOUND INTEGER FEASIBLE,7.162947,112.804863,98,8,1,0,506.000000,506.000000,0.000000,0.000000,0
qap10,config23,2,FOUND INTEGER FEASIBLE,7.809035,93.559160,75,8,0,0,546.000000,546.000000,0.000000,0.000000,0
qap10,config23,3,FOUND INTEGER FEASIBLE,8.133488,112.962258,89,8,1,0,480.000000,480.000000,0.000000,0.000000,0
qap10,config23,4,FOUND INTEGER FEASIBLE,8.166756,19.623927,12,8,0,0,546.000000,546.000000,0.000000,0.000000,0
qap10,config23,5,FOUND INTEGER FEASIBLE,7.852458,41.345166,33,8,0,0,546.000000,546.000000,0.000000,0.000000,0
radiationm18-12-05,config16,1,FOUND INTEGER FEASIBLE,0.108390,1.093900,75,9,0,0,39370.000000,39370.000000,0.000000,0.000000,0
radiationm18-12-05,config16,2,FOUND INTEGER FEASIBLE,0.108492,1.120410,100,9,0,0,43916.000000,43916.000000,0.000000,0.000000,0
radiationm18-12-05,config16,3,FOUND INTEGER FEASIBLE,0.108846,0.779967,43,9,0,0,40669.000000,40669.000000,0.000000,0.000000,0
radiationm18-12-05,config16,4,FOUND INTEGER FEASIBLE,0.108761,0.991916,85,9,0,0,41643.000000,41643.000000,0.000000,0.000000,0
radiationm18-12-05,config16,5,FOUND INTEGER FEASIBLE,0.107773,0.764348,35,9,0,0,53023.000000,53023.000000,0.000000,0.000000,0
radiationm18-12-05,config17,1,FOUND INTEGER FEASIBLE,0.042347,0.852162,84,10,0,0,29290.000000,29290.000000,0.000000,0.000000,0
radiationm18-12-05,config17,2,FOUND INTEGER FEASIBLE,0.042487,1.923391,201,10,2,0,32867.000000,32867.000000,0.000000,0.000000,0
radiationm18-12-05,config17,3,FOUND INTEGER FEASIBLE,0.042222,2.109498,217,10,3,0,29617.000000,29617.000000,0.000000,0.000000,0
radiationm18-12-05,config17,4,FOUND INTEGER FEASIBLE,0.024606,0.649547,125,10,1,0,29941.000000,29941.000000,0.000000,0.000000,0
radiationm18-12-05,config17,5,FOUND INTEGER FEASIBLE,0.021836,0.336289,52,10,0,0,29940.000000,29940.000000,0.000000,0.000000,0
radiationm18-12-05,config21,1,FOUND INTEGER FEASIBLE,0.048720,0.348281,46,7,2,2,57569.000000,57569.000000,0.000000,0.000000,0
radiationm18-12-05,config21,2,FOUND INTEGER FEASIBLE,0.071648,0.491199,20,7,2,2,54971.000000,54971.000000,0.000000,0.000000,0
radiationm18-12-05,config21,3,FOUND INTEGER FEASIBLE,0.094860,0.707555,31,7,2,2,53993.000000,53993.000000,0.000000,0.000000,0
radiationm18-12-05,config21,4,FOUND INTEGER FEASIBLE,0.095998,0.955630,60,7,2,2,61800.000000,61800.000000,0.000000,0.000000,0
radiationm18-12-05,config21,5,FOUND INTEGER FEASIBLE,0.095164,0.630334,21,7,2,2,52694.000000,52694.000000,0.000000,0.000000,0
radiationm18-12-05,config23,1,FOUND INTEGER FEASIBLE,0.094991,1.097457,126,7,2,2,57579.000000,57579.000000,0.000000,0.000000,0
radiationm18-12-05,config23,2,FOUND INTEGER FEASIBLE,0.095190,0.973378,93,7,2,2,52704.000000,52704.000000,0.000000,0.000000,0
radiationm18-12-05,config23,3,FOUND INTEGER FEASIBLE,0.095012,0.799108,68,7,2,2,60503.000000,60503.000000,0.000000,0.000000,0
radiationm18-12-05,config23,4,FOUND INTEGER FEASIBLE,0.095932,1.362184,144,7,3,2,47178.000000,47178.000000,0.000000,0.000000,0
radiationm18-12-05,config23,5,FOUND INTEGER FEASIBLE,0.095105,0.790430,81,7,2,2,60511.000000,60511.000000,0.000000,0.000000,0
radiationm40-10-02,config16,1,FOUND INTEGER FEASIBLE,1.201996,5.676709,145,12,1,1,393925.000000,393925.000000,0.000000,0.000000,0
radiationm40-10-02,config16,2,FOUND INTEGER FEASIBLE,1.313140,6.532620,238,12,1,1,365110.000000,365110.000000,0.000000,0.000000,0
radiationm40-10-02,config16,3,FOUND INTEGER FEASIBLE,1.072596,5.499040,154,12,1,1,368304.000000,368304.000000,0.000000,0.000000,0
radiationm40-10-02,config16,4,FOUND INTEGER FEASIBLE,1.078119,4.962704,186,12,1,1,344290.000000,344290.000000,0.000000,0.000000,0
radiationm40-10-02,config16,5,FOUND INTEGER FEASIBLE,1.078047,7.839640,266,12,2,1,373106.000000,373106.000000,0.000000,0.000000,0
radiationm40-10-02,config17,1,FOUND INTEGER FEASIBLE,0.191034,8.921484,262,10,2,0,288258.000000,288258.000000,0.000000,0.000000,0
radiationm40-10-02,config17,2,FOUND INTEGER FEASIBLE,0.142045,5.964782,260,10,1,0,232217.000000,232217.000000,0.000000,0.000000,0
radiationm40-10-02,config17,3,FOUND INTEGER FEASIBLE,0.190380,4.924678,181,10,1,0,273852.000000,273852.000000,0.000000,0.000000,0
radiationm40-10-02,config17,4,FOUND INTEGER FEASIBLE,0.189426,5.232681,147,10,1,0,264245.000000,264245.000000,0.000000,0.000000,0
radiationm40-10-02,config17,5,FOUND INTEGER FEASIBLE,0.189287,8.388305,282,10,2,0,257839.000000,257839.000000,0.000000,0.000000,0
radiationm40-10-02,config21,1,FOUND INTEGER FEASIBLE,0.227594,2.055169,63,6,2,2,385913.000000,385913.000000,0.000000,0.000000,0
radiationm40-10-02,config21,2,FOUND INTEGER FEASIBLE,0.431254,7.263250,197,6,4,2,429148.000000,429148.000000,0.000000,0.000000,0
radiationm40-10-02,config21,3,FOUND INTEGER FEASIBLE,0.431150,2.648498,41,6,2,2,414736.000000,414736.000000,0.000000,0.000000,0
radiationm40-10-02,config21,4,FOUND INTEGER FEASIBLE,0.433397,2.573720,33,6,2,2,419539.000000,419539.000000,0.000000,0.000000,0
radiationm40-10-02,config21,5,FOUND INTEGER FEASIBLE,0.426920,2.618155,44,6,2,2,419537.000000,419537.000000,0.000000,0.000000,0
radiationm40-10-02,config23,1,FOUND INTEGER FEASIBLE,0.431697,5.600406,345,6,2,2,390729.000000,390729.000000,0.000000,0.000000,0
radiationm40-10-02,config23,2,FOUND INTEGER FEASIBLE,0.444909,5.745269,314,6,2,2,384332.000000,384332.000000,0.000000,0.000000,0
radiationm40-10-02,config23,3,FOUND INTEGER FEASIBLE,0.226266,4.589901,240,6,3,2,333091.000000,333091.000000,0.000000,0.000000,0
radiationm40-10-02,config23,4,FOUND INTEGER FEASIBLE,0.443740,4.366541,109,6,2,2,286652.000000,286652.000000,0.000000,0.000000,0
radiationm40-10-02,config23,5,FOUND INTEGER FEASIBLE,0.429042,3.068664,81,6,2,2,301063.000000,301063.000000,0.000000,0.000000,0
rail01,config16,1,FOUND INTEGER FEASIBLE,43.346112,531.730419,13,2,2,2,-25.289993,-25.289993,0.000000,0.000000,0
rail01,config16,2,FOUND INTEGER FEASIBLE,44.060550,548.791374,12,2,2,2,-25.335827,-25.335827,0.000000,0.000000,0
rail01,config16,3,FOUND INTEGER FEASIBLE,41.864119,546.826829,12,2,2,2,-25.360827,-25.360827,0.000000,0.000000,0
rail01,config16,4,FOUND INTEGER FEASIBLE,40.232722,529.639725,8,2,2,2,-25.324161,-25.324161,0.000000,0.000000,0
rail01,config16,5,FOUND INTEGER FEASIBLE,41.760364,381.643885,15,2,2,2,-20.268325,-20.268325,0.000000,0.000000,0
rail01,config17,1,FOUND INTEGER FEASIBLE,34.393648,93.162463,13,9,1,1,-12.447496,-12.447496,0.000000,0.000000,0
rail01,config17,2,FOUND INTEGER FEASIBLE,36.841227,91.525171,14,9,1,1,-12.447496,-12.447496,0.000000,0.000000,0
rail01,config17,3,FOUND INTEGER FEASIBLE,34.695305,92.127055,16,9,1,1,-12.447496,-12.447496,0.000000,0.000000,0
rail01,config17,4,FOUND INTEGER FEASIBLE,38.396543,97.237568,15,9,1,1,-12.447496,-12.447496,0.000000,0.000000,0
rail01,config17,5,FOUND INTEGER FEASIBLE,35.002168,207.755108,15,9,1,1,-12.928322,-12.928322,0.000000,0.000000,0
rail01,config21,1,FOUND INTEGER FEASIBLE,102.246081,630.167522,332,12,5,1,-28.506658,-28.506658,0.000000,0.000000,0
rail01,config21,2,FOUND INTEGER FEASIBLE,103.466861,630.979429,325,12,5,1,-18.597491,-18.597491,0.000000,0.000000,0
rail01,config21,3,FOUND INTEGER FEASIBLE,107.873863,668.690528,327,12,5,1,-33.579988,-33.579988,0.000000,0.000000,0
rail01,config21,4,FOUND INTEGER FEASIBLE,108.075443,555.638241,347,12,5,1,-8.659160,-8.659160,0.000000,0.000000,0
rail01,config21,5,FOUND INTEGER FEASIBLE,102.101186,666.283383,318,12,5,1,-24.129991,-24.129991,0.000000,0.000000,0
rail01,config23,1,FOUND INTEGER FEASIBLE,112.495321,648.667113,326,12,5,1,-8.169160,-8.169160,0.000000,0.000000,0
rail01,config23,2,FOUND INTEGER FEASIBLE,104.147926,595.493454,354,12,5,1,-8.161660,-8.161660,0.000000,0.000000,0
rail01,config23,3,FOUND INTEGER FEASIBLE,115.217192,642.427826,307,12,5,1,-8.174160,-8.174160,0.000000,0.000000,0
rail01,config23,4,FOUND INTEGER FEASIBLE,103.135593,628.271068,332,12,5,1,-18.602492,-18.602492,0.000000,0.000000,0
rail01,config23,5,FOUND INTEGER FEASIBLE,102.765117,674.469800,330,12,5,1,-18.093327,-18.093327,0.000000,0.000000,0
rail02,config16,1,FOUND INTEGER FEASIBLE,617.761465,2181.258173,3,6,4,2,-92.155529,-92.155529,0.000000,0.000000,0
rail02,config16,2,FOUND INTEGER FEASIBLE,619.729470,2330.247693,6,6,5,2,-107.627719,-107.627719,0.000000,0.000000,0
rail02,config16,3,FOUND INTEGER FEASIBLE,618.760981,2191.598427,3,6,4,2,-91.977747,-91.977747,0.000000,0.000000,0
rail02,config16,4,FOUND INTEGER FEASIBLE,615.561820,2330.006233,6,6,5,2,-120.216616,-120.216616,0.000000,0.000000,0
rail02,config16,5,FOUND INTEGER FEASIBLE,618.452795,2326.879737,4,6,4,2,-121.305518,-121.305518,0.000000,0.000000,0
rail02,config17,1,FOUND INTEGER FEASIBLE,456.492272,459.221042,0,2,1,1,-45.327758,-45.327758,0.000000,0.000000,0
rail02,config17,2,FOUND INTEGER FEASIBLE,495.398159,498.608568,0,2,1,1,-45.327758,-45.327758,0.000000,0.000000,0
rail02,config17,3,FOUND INTEGER FEASIBLE,478.210955,480.148028,0,2,1,1,-45.327758,-45.327758,0.000000,0.000000,0
rail02,config17,4,FOUND INTEGER FEASIBLE,477.851130,479.779549,0,2,1,1,-45.327758,-45.327758,0.000000,0.000000,0
rail02,config17,5,FOUND INTEGER FEASIBLE,479.970020,481.958204,0,2,1,1,-45.327758,-45.327758,0.000000,0.000000,0
rail02,config21,1,FAILED TO FIND AN INTEGER FEASIBLE SOLUTION,980.684431,3600,0,12,11,-1,0.000000,0.000000,270869.000000,100000000000000000000.000000,270869
rail02,config21,2,FAILED TO FIND AN INTEGER FEASIBLE SOLUTION,1022.819792,3600,0,12,12,-1,0.000000,0.000000,270869.000000,100000000000000000000.000000,270869
rail02,config21,3,FAILED TO FIND AN INTEGER FEASIBLE SOLUTION,1017.809722,3600,0,12,12,-1,0.000000,0.000000,270869.000000,100000000000000000000.000000,270869
rail02,config21,4,FAILED TO FIND AN INTEGER FEASIBLE SOLUTION,1026.110695,3600,0,12,12,-1,0.000000,0.000000,270869.000000,100000000000000000000.000000,270869
rail02,config21,5,FAILED TO FIND AN INTEGER FEASIBLE SOLUTION,1002.681832,3600,0,12,12,-1,0.000000,0.000000,270869.000000,100000000000000000000.000000,270869
rail02,config23,1,FAILED TO FIND AN INTEGER FEASIBLE SOLUTION,1016.889886,3600,0,12,12,-1,0.000000,0.000000,270869.000000,100000000000000000000.000000,270869
rail02,config23,2,FAILED TO FIND AN INTEGER FEASIBLE SOLUTION,1008.201935,3600,0,12,12,-1,0.000000,0.000000,270869.000000,100000000000000000000.000000,270869
rail02,config23,3,FAILED TO FIND AN INTEGER FEASIBLE SOLUTION,1019.196427,3600,0,12,12,-1,0.000000,0.000000,270869.000000,100000000000000000000.000000,270869
rail02,config23,4,FAILED TO FIND AN INTEGER FEASIBLE SOLUTION,1018.837800,3600,0,12,12,-1,0.000000,0.000000,270869.000000,100000000000000000000.000000,270869
rail02,config23,5,FAILED TO FIND AN INTEGER FEASIBLE SOLUTION,1010.833968,3600,0,12,12,-1,0.000000,0.000000,270869.000000,100000000000000000000.000000,270869
rail507,config16,1,FOUND INTEGER FEASIBLE,0.868920,1.929527,1,10,0,0,197.000000,197.000000,0.000000,0.000000,0
rail507,config16,2,FOUND INTEGER FEASIBLE,0.463893,1.068746,1,10,0,0,191.000000,191.000000,0.000000,0.000000,0
rail507,config16,3,FOUND INTEGER FEASIBLE,0.470439,0.991032,1,10,0,0,262.000000,262.000000,0.000000,0.000000,0
rail507,config16,4,FOUND INTEGER FEASIBLE,0.880884,1.909336,1,10,0,0,186.000000,186.000000,0.000000,0.000000,0
rail507,config16,5,FOUND INTEGER FEASIBLE,0.899817,1.915242,1,10,0,0,338.000000,338.000000,0.000000,0.000000,0
rail507,config17,1,FOUND INTEGER FEASIBLE,1.475064,2.513461,1,5,0,0,225.000000,225.000000,0.000000,0.000000,0
rail507,config17,2,FOUND INTEGER FEASIBLE,1.471426,2.523299,1,5,0,0,217.000000,217.000000,0.000000,0.000000,0
rail507,config17,3,FOUND INTEGER FEASIBLE,0.957401,1.495250,1,5,0,0,304.000000,304.000000,0.000000,0.000000,0
rail507,config17,4,FOUND INTEGER FEASIBLE,1.479982,2.501073,1,5,0,0,217.000000,217.000000,0.000000,0.000000,0
rail507,config17,5,FOUND INTEGER FEASIBLE,1.847968,2.902909,1,5,0,0,552.000000,552.000000,0.000000,0.000000,0
rail507,config21,1,FOUND INTEGER FEASIBLE,0.018280,0.937466,0,1,1,1,19711.000000,19711.000000,0.000000,0.000000,0
rail507,config21,2,FOUND INTEGER FEASIBLE,0.019638,1.228780,0,1,1,1,19711.000000,19711.000000,0.000000,0.000000,0
rail507,config21,3,FOUND INTEGER FEASIBLE,0.019202,1.223246,0,1,1,1,19711.000000,19711.000000,0.000000,0.000000,0
rail507,config21,4,FOUND INTEGER FEASIBLE,0.019755,1.211895,0,1,1,1,19711.000000,19711.000000,0.000000,0.000000,0
rail507,config21,5,FOUND INTEGER FEASIBLE,0.019390,1.221846,0,1,1,1,19711.000000,19711.000000,0.000000,0.000000,0
rail507,config23,1,FOUND INTEGER FEASIBLE,0.019480,3.184026,1,1,1,1,221.000000,221.000000,0.000000,0.000000,0
rail507,config23,2,FOUND INTEGER FEASIBLE,0.013425,2.368064,1,1,1,1,211.000000,211.000000,0.000000,0.000000,0
rail507,config23,3,FOUND INTEGER FEASIBLE,0.019102,2.861123,1,1,1,1,316.000000,316.000000,0.000000,0.000000,0
rail507,config23,4,FOUND INTEGER FEASIBLE,0.010350,2.564515,1,1,1,1,211.000000,211.000000,0.000000,0.000000,0
rail507,config23,5,FOUND INTEGER FEASIBLE,0.021121,2.741451,1,1,1,1,546.000000,546.000000,0.000000,0.000000,0
ran14x18-disj-8,config16,1,FOUND INTEGER FEASIBLE,0.074991,0.117119,2,11,0,0,6559.000000,6526.000000,0.000000,0.000000,0
ran14x18-disj-8,config16,2,FOUND INTEGER FEASIBLE,0.074845,0.116266,3,11,0,0,6638.000000,6638.000000,0.000000,0.000000,0
ran14x18-disj-8,config16,3,FOUND INTEGER FEASIBLE,0.075121,0.111979,1,11,0,0,6146.000000,6120.000000,0.000000,0.000000,0
ran14x18-disj-8,config16,4,FOUND INTEGER FEASIBLE,0.074938,0.111982,2,11,0,0,5534.000000,5534.000000,0.000000,0.000000,0
ran14x18-disj-8,config16,5,FOUND INTEGER FEASIBLE,0.074683,0.111358,1,11,0,0,6383.000000,6359.000000,0.000000,0.000000,0
ran14x18-disj-8,config17,1,FOUND INTEGER FEASIBLE,0.036544,0.099540,2,9,0,0,6677.000000,6677.000000,0.000000,0.000000,0
ran14x18-disj-8,config17,2,FOUND INTEGER FEASIBLE,0.036931,0.099089,3,9,0,0,7231.000000,7222.000000,0.000000,0.000000,0
ran14x18-disj-8,config17,3,FOUND INTEGER FEASIBLE,0.033840,0.091251,2,9,0,0,7160.000000,7124.000000,0.000000,0.000000,0
ran14x18-disj-8,config17,4,FOUND INTEGER FEASIBLE,0.031625,0.086507,2,9,0,0,6186.000000,6186.000000,0.000000,0.000000,0
ran14x18-disj-8,config17,5,FOUND INTEGER FEASIBLE,0.036194,0.096641,1,9,0,0,7930.000000,7776.000000,0.000000,0.000000,0
ran14x18-disj-8,config21,1,FOUND INTEGER FEASIBLE,0.001834,0.028072,0,0,0,0,43657.000000,42289.000000,0.000000,0.000000,0
ran14x18-disj-8,config21,2,FOUND INTEGER FEASIBLE,0.003365,0.051229,0,0,0,0,43657.000000,42289.000000,0.000000,0.000000,0
ran14x18-disj-8,config21,3,FOUND INTEGER FEASIBLE,0.003006,0.044946,0,0,0,0,43657.000000,42289.000000,0.000000,0.000000,0
ran14x18-disj-8,config21,4,FOUND INTEGER FEASIBLE,0.002893,0.045113,0,0,0,0,43657.000000,42289.000000,0.000000,0.000000,0
ran14x18-disj-8,config21,5,FOUND INTEGER FEASIBLE,0.002405,0.037334,0,0,0,0,43657.000000,42289.000000,0.000000,0.000000,0
ran14x18-disj-8,config23,1,FOUND INTEGER FEASIBLE,0.002683,0.068215,2,0,0,0,8534.000000,8494.000000,0.000000,0.000000,0
ran14x18-disj-8,config23,2,FOUND INTEGER FEASIBLE,0.002335,0.063115,3,0,0,0,6764.000000,6749.000000,0.000000,0.000000,0
ran14x18-disj-8,config23,3,FOUND INTEGER FEASIBLE,0.002867,0.068095,2,0,0,0,7249.000000,7161.000000,0.000000,0.000000,0
ran14x18-disj-8,config23,4,FOUND INTEGER FEASIBLE,0.002380,0.060918,2,0,0,0,6556.000000,6556.000000,0.000000,0.000000,0
ran14x18-disj-8,config23,5,FOUND INTEGER FEASIBLE,0.002905,0.066851,1,0,0,0,7743.000000,7690.000000,0.000000,0.000000,0
rd-rplusc-21,config16,1,FAILED TO FIND AN INTEGER FEASIBLE SOLUTION,0.411319,447.564885,12000,6,6,0,0.000000,0.000000,0.022472,0.022472,2
rd-rplusc-21,config16,2,FAILED TO FIND AN INTEGER FEASIBLE SOLUTION,0.275996,419.943939,12000,6,6,0,0.000000,0.000000,0.046632,0.046632,2
rd-rplusc-21,config16,3,FAILED TO FIND AN INTEGER FEASIBLE SOLUTION,0.370409,448.971348,12000,6,6,0,0.000000,0.000000,0.034855,0.034855,2
rd-rplusc-21,config16,4,FAILED TO FIND AN INTEGER FEASIBLE SOLUTION,0.487278,420.789842,12000,6,6,0,0.000000,0.000000,0.055314,0.055314,2
rd-rplusc-21,config16,5,FAILED TO FIND AN INTEGER FEASIBLE SOLUTION,0.509926,432.378190,12000,6,6,0,0.000000,0.000000,0.027712,0.027712,2
rd-rplusc-21,config17,1,FAILED TO FIND AN INTEGER FEASIBLE SOLUTION,0.293818,433.936471,12000,8,8,0,0.000000,0.000000,0.144707,0.144707,7
rd-rplusc-21,config17,2,FAILED TO FIND AN INTEGER FEASIBLE SOLUTION,0.290811,426.582209,12000,8,8,0,0.000000,0.000000,0.108270,0.108270,4
rd-rplusc-21,config17,3,FAILED TO FIND AN INTEGER FEASIBLE SOLUTION,0.294605,435.648473,12000,8,8,0,0.000000,0.000000,0.106511,0.106511,2
rd-rplusc-21,config17,4,FAILED TO FIND AN INTEGER FEASIBLE SOLUTION,0.294315,461.231803,12000,8,8,0,0.000000,0.000000,0.031172,0.031172,2
rd-rplusc-21,config17,5,FAILED TO FIND AN INTEGER FEASIBLE SOLUTION,0.167808,426.595520,12000,8,8,0,0.000000,0.000000,0.059692,0.059692,2
rd-rplusc-21,config21,1,FAILED TO FIND AN INTEGER FEASIBLE SOLUTION,0.293935,463.614464,12000,10,10,1,0.000000,0.000000,0.113027,0.113027,4
rd-rplusc-21,config21,2,FAILED TO FIND AN INTEGER FEASIBLE SOLUTION,0.289463,440.681225,12000,10,10,1,0.000000,0.000000,0.064022,0.064022,2
rd-rplusc-21,config21,3,FAILED TO FIND AN INTEGER FEASIBLE SOLUTION,0.294577,455.856823,12000,10,10,1,0.000000,0.000000,0.045147,0.045147,2
rd-rplusc-21,config21,4,FAILED TO FIND AN INTEGER FEASIBLE SOLUTION,0.295966,437.086295,12000,10,10,1,0.000000,0.000000,0.102254,0.102254,4
rd-rplusc-21,config21,5,FAILED TO FIND AN INTEGER FEASIBLE SOLUTION,0.225513,458.674424,12000,10,10,1,0.000000,0.000000,0.090549,0.090549,4
rd-rplusc-21,config23,1,FAILED TO FIND AN INTEGER FEASIBLE SOLUTION,0.180767,425.629944,12000,10,10,1,0.000000,0.000000,0.110157,0.110157,4
rd-rplusc-21,config23,2,FAILED TO FIND AN INTEGER FEASIBLE SOLUTION,0.294092,466.841549,12000,10,10,1,0.000000,0.000000,0.106762,0.106762,2
rd-rplusc-21,config23,3,FAILED TO FIND AN INTEGER FEASIBLE SOLUTION,0.285824,456.814989,12000,10,10,1,0.000000,0.000000,0.078882,0.078882,4
rd-rplusc-21,config23,4,FAILED TO FIND AN INTEGER FEASIBLE SOLUTION,0.159744,454.706458,12000,10,10,1,0.000000,0.000000,0.121720,0.121720,4
rd-rplusc-21,config23,5,FAILED TO FIND AN INTEGER FEASIBLE SOLUTION,0.225302,419.904629,12000,10,10,1,0.000000,0.000000,0.144037,0.144037,7
reblock115,config16,1,FOUND INTEGER FEASIBLE,0.131466,0.162918,2,8,0,0,-2235079.935786,-2235079.935786,0.000000,0.000000,0
reblock115,config16,2,FOUND INTEGER FEASIBLE,0.132998,0.163083,1,8,0,0,-2035635.180669,-2035635.180669,0.000000,0.000000,0
reblock115,config16,3,FOUND INTEGER FEASIBLE,0.245522,0.300311,2,8,0,0,-2235079.935786,-2235079.935786,0.000000,0.000000,0
reblock115,config16,4,FOUND INTEGER FEASIBLE,0.260890,0.320243,1,8,0,0,-2035635.180669,-2035635.180669,0.000000,0.000000,0
reblock115,config16,5,FOUND INTEGER FEASIBLE,0.262402,0.332529,2,8,0,0,-2235079.935786,-2235079.935786,0.000000,0.000000,0
reblock115,config17,1,FOUND INTEGER FEASIBLE,0.012017,0.072798,0,1,0,0,0.000000,0.000000,0.000000,0.000000,0
reblock115,config17,2,FOUND INTEGER FEASIBLE,0.011827,0.072425,0,1,0,0,0.000000,0.000000,0.000000,0.000000,0
reblock115,config17,3,FOUND INTEGER FEASIBLE,0.011893,0.072270,0,1,0,0,0.000000,0.000000,0.000000,0.000000,0
reblock115,config17,4,FOUND INTEGER FEASIBLE,0.011844,0.072501,0,1,0,0,0.000000,0.000000,0.000000,0.000000,0
reblock115,config17,5,FOUND INTEGER FEASIBLE,0.011877,0.080260,0,1,0,0,0.000000,0.000000,0.000000,0.000000,0
reblock115,config21,1,FOUND INTEGER FEASIBLE,0.056111,0.117132,0,9,0,0,0.000000,0.000000,0.000000,0.000000,0
reblock115,config21,2,FOUND INTEGER FEASIBLE,0.056310,0.116946,0,9,0,0,0.000000,0.000000,0.000000,0.000000,0
reblock115,config21,3,FOUND INTEGER FEASIBLE,0.056457,0.124861,0,9,0,0,0.000000,0.000000,0.000000,0.000000,0
reblock115,config21,4,FOUND INTEGER FEASIBLE,0.056387,0.116996,0,9,0,0,0.000000,0.000000,0.000000,0.000000,0
reblock115,config21,5,FOUND INTEGER FEASIBLE,0.056529,0.125365,0,9,0,0,0.000000,0.000000,0.000000,0.000000,0
reblock115,config23,1,FOUND INTEGER FEASIBLE,0.056225,0.124822,0,9,0,0,0.000000,0.000000,0.000000,0.000000,0
reblock115,config23,2,FOUND INTEGER FEASIBLE,0.056379,0.116953,0,9,0,0,0.000000,0.000000,0.000000,0.000000,0
reblock115,config23,3,FOUND INTEGER FEASIBLE,0.056474,0.116815,0,9,0,0,0.000000,0.000000,0.000000,0.000000,0
reblock115,config23,4,FOUND INTEGER FEASIBLE,0.056139,0.116675,0,9,0,0,0.000000,0.000000,0.000000,0.000000,0
reblock115,config23,5,FOUND INTEGER FEASIBLE,0.056513,0.116854,0,9,0,0,0.000000,0.000000,0.000000,0.000000,0
rmatr100-p10,config16,1,FOUND INTEGER FEASIBLE,0.609564,1.010913,1,0,0,0,548.000000,537.000000,0.000000,0.000000,0
rmatr100-p10,config16,2,FOUND INTEGER FEASIBLE,0.611875,1.012802,1,0,0,0,638.000000,583.000000,0.000000,0.000000,0
rmatr100-p10,config16,3,FOUND INTEGER FEASIBLE,0.614325,1.011623,1,0,0,0,548.000000,537.000000,0.000000,0.000000,0
rmatr100-p10,config16,4,FOUND INTEGER FEASIBLE,0.605295,1.005666,1,0,0,0,548.000000,537.000000,0.000000,0.000000,0
rmatr100-p10,config16,5,FOUND INTEGER FEASIBLE,0.614734,1.021534,1,0,0,0,548.000000,537.000000,0.000000,0.000000,0
rmatr100-p10,config17,1,FOUND INTEGER FEASIBLE,0.009504,0.107633,0,0,0,0,64849.000000,750.000000,0.000000,0.000000,0
rmatr100-p10,config17,2,FOUND INTEGER FEASIBLE,0.015122,0.162484,0,0,0,0,64849.000000,750.000000,0.000000,0.000000,0
rmatr100-p10,config17,3,FOUND INTEGER FEASIBLE,0.013326,0.130425,0,0,0,0,64849.000000,750.000000,0.000000,0.000000,0
rmatr100-p10,config17,4,FOUND INTEGER FEASIBLE,0.013228,0.124933,0,0,0,0,64849.000000,750.000000,0.000000,0.000000,0
rmatr100-p10,config17,5,FOUND INTEGER FEASIBLE,0.013321,0.123397,0,0,0,0,64849.000000,750.000000,0.000000,0.000000,0
rmatr100-p10,config21,1,FOUND INTEGER FEASIBLE,0.013409,0.131815,0,0,0,0,64849.000000,750.000000,0.000000,0.000000,0
rmatr100-p10,config21,2,FOUND INTEGER FEASIBLE,0.013341,0.122534,0,0,0,0,64849.000000,750.000000,0.000000,0.000000,0
rmatr100-p10,config21,3,FOUND INTEGER FEASIBLE,0.013282,0.122465,0,0,0,0,64849.000000,750.000000,0.000000,0.000000,0
rmatr100-p10,config21,4,FOUND INTEGER FEASIBLE,0.013250,0.129257,0,0,0,0,64849.000000,750.000000,0.000000,0.000000,0
rmatr100-p10,config21,5,FOUND INTEGER FEASIBLE,0.013557,0.124378,0,0,0,0,64849.000000,750.000000,0.000000,0.000000,0
rmatr100-p10,config23,1,FOUND INTEGER FEASIBLE,0.013466,0.122667,0,0,0,0,64849.000000,750.000000,0.000000,0.000000,0
rmatr100-p10,config23,2,FOUND INTEGER FEASIBLE,0.015262,0.156364,0,0,0,0,64849.000000,750.000000,0.000000,0.000000,0
rmatr100-p10,config23,3,FOUND INTEGER FEASIBLE,0.013209,0.129526,0,0,0,0,64849.000000,750.000000,0.000000,0.000000,0
rmatr100-p10,config23,4,FOUND INTEGER FEASIBLE,0.013344,0.121806,0,0,0,0,64849.000000,750.000000,0.000000,0.000000,0
rmatr100-p10,config23,5,FOUND INTEGER FEASIBLE,0.013454,0.121855,0,0,0,0,64849.000000,750.000000,0.000000,0.000000,0
rmatr200-p5,config16,1,FOUND INTEGER FEASIBLE,23.458076,35.361060,1,0,0,0,5623.000000,5401.000000,0.000000,0.000000,0
rmatr200-p5,config16,2,FOUND INTEGER FEASIBLE,23.917710,33.755767,1,0,0,0,5623.000000,5401.000000,0.000000,0.000000,0
rmatr200-p5,config16,3,FOUND INTEGER FEASIBLE,23.175415,32.650045,1,0,0,0,5623.000000,5401.000000,0.000000,0.000000,0
rmatr200-p5,config16,4,FOUND INTEGER FEASIBLE,25.803080,34.737733,1,0,0,0,5623.000000,5401.000000,0.000000,0.000000,0
rmatr200-p5,config16,5,FOUND INTEGER FEASIBLE,22.781000,33.741915,1,0,0,0,5623.000000,5401.000000,0.000000,0.000000,0
rmatr200-p5,config17,1,FOUND INTEGER FEASIBLE,0.078720,0.690730,0,0,0,0,1007611.000000,6550.000000,0.000000,0.000000,0
rmatr200-p5,config17,2,FOUND INTEGER FEASIBLE,0.073662,0.690361,0,0,0,0,1007611.000000,6550.000000,0.000000,0.000000,0
rmatr200-p5,config17,3,FOUND INTEGER FEASIBLE,0.072389,0.674082,0,0,0,0,1007611.000000,6550.000000,0.000000,0.000000,0
rmatr200-p5,config17,4,FOUND INTEGER FEASIBLE,0.072006,0.685804,0,0,0,0,1007611.000000,6550.000000,0.000000,0.000000,0
rmatr200-p5,config17,5,FOUND INTEGER FEASIBLE,0.071248,0.644422,0,0,0,0,1007611.000000,6550.000000,0.000000,0.000000,0
rmatr200-p5,config21,1,FOUND INTEGER FEASIBLE,0.045849,0.424620,0,0,0,0,1007611.000000,6550.000000,0.000000,0.000000,0
rmatr200-p5,config21,2,FOUND INTEGER FEASIBLE,0.072986,0.703131,0,0,0,0,1007611.000000,6550.000000,0.000000,0.000000,0
rmatr200-p5,config21,3,FOUND INTEGER FEASIBLE,0.072509,0.707820,0,0,0,0,1007611.000000,6550.000000,0.000000,0.000000,0
rmatr200-p5,config21,4,FOUND INTEGER FEASIBLE,0.073927,0.696095,0,0,0,0,1007611.000000,6550.000000,0.000000,0.000000,0
rmatr200-p5,config21,5,FOUND INTEGER FEASIBLE,0.073961,0.694277,0,0,0,0,1007611.000000,6550.000000,0.000000,0.000000,0
rmatr200-p5,config23,1,FOUND INTEGER FEASIBLE,0.072833,0.697434,0,0,0,0,1007611.000000,6550.000000,0.000000,0.000000,0
rmatr200-p5,config23,2,FOUND INTEGER FEASIBLE,0.071540,0.673844,0,0,0,0,1007611.000000,6550.000000,0.000000,0.000000,0
rmatr200-p5,config23,3,FOUND INTEGER FEASIBLE,0.052227,0.484766,0,0,0,0,1007611.000000,6550.000000,0.000000,0.000000,0
rmatr200-p5,config23,4,FOUND INTEGER FEASIBLE,0.073806,0.709766,0,0,0,0,1007611.000000,6550.000000,0.000000,0.000000,0
rmatr200-p5,config23,5,FOUND INTEGER FEASIBLE,0.072571,0.690479,0,0,0,0,1007611.000000,6550.000000,0.000000,0.000000,0
rocI-4-11,config16,1,FAILED TO FIND AN INTEGER FEASIBLE SOLUTION,0.171890,50.722801,12000,11,11,3,0.000000,0.000000,2.275435,1.281313,52
rocI-4-11,config16,2,FAILED TO FIND AN INTEGER FEASIBLE SOLUTION,0.169497,48.969922,12000,11,11,3,0.000000,0.000000,1.473542,0.949689,60
rocI-4-11,config16,3,FAILED TO FIND AN INTEGER FEASIBLE SOLUTION,0.114334,52.894825,12000,11,11,3,0.000000,0.000000,2.655525,1.362872,36
rocI-4-11,config16,4,FAILED TO FIND AN INTEGER FEASIBLE SOLUTION,0.086623,51.491384,12000,11,11,3,0.000000,0.000000,1.944637,1.067914,36
rocI-4-11,config16,5,FAILED TO FIND AN INTEGER FEASIBLE SOLUTION,0.171152,53.590087,12000,11,11,3,0.000000,0.000000,5.463920,1.799080,66
rocI-4-11,config17,1,FAILED TO FIND AN INTEGER FEASIBLE SOLUTION,0.183154,47.006198,12000,5,5,2,0.000000,0.000000,4.618984,1.032285,54
rocI-4-11,config17,2,FAILED TO FIND AN INTEGER FEASIBLE SOLUTION,0.183434,57.491744,12000,5,5,2,0.000000,0.000000,4.850070,0.733666,54
rocI-4-11,config17,3,FAILED TO FIND AN INTEGER FEASIBLE SOLUTION,0.184252,51.284213,12000,5,5,2,0.000000,0.000000,1.574246,0.874753,36
rocI-4-11,config17,4,FAILED TO FIND AN INTEGER FEASIBLE SOLUTION,0.182542,51.304627,12000,5,5,2,0.000000,0.000000,4.188371,0.831892,55
rocI-4-11,config17,5,FAILED TO FIND AN INTEGER FEASIBLE SOLUTION,0.182492,49.969766,12000,5,5,2,0.000000,0.000000,4.857172,1.095239,32
rocI-4-11,config21,1,FAILED TO FIND AN INTEGER FEASIBLE SOLUTION,0.439937,49.023929,12000,12,12,7,0.000000,0.000000,2.088304,1.261200,39
rocI-4-11,config21,2,FAILED TO FIND AN INTEGER FEASIBLE SOLUTION,0.442822,48.684352,12000,12,12,7,0.000000,0.000000,2.277280,1.302928,46
rocI-4-11,config21,3,FAILED TO FIND AN INTEGER FEASIBLE SOLUTION,0.438250,50.698056,12000,12,12,7,0.000000,0.000000,31.901607,1.745855,160
rocI-4-11,config21,4,FAILED TO FIND AN INTEGER FEASIBLE SOLUTION,0.436571,50.354780,12000,12,12,7,0.000000,0.000000,2.273052,0.611668,47
rocI-4-11,config21,5,FAILED TO FIND AN INTEGER FEASIBLE SOLUTION,0.437125,51.173311,12000,12,12,7,0.000000,0.000000,2.024943,1.251615,62
rocI-4-11,config23,1,FAILED TO FIND AN INTEGER FEASIBLE SOLUTION,0.361477,46.557618,12000,12,12,7,0.000000,0.000000,23.470734,1.760221,178
rocI-4-11,config23,2,FAILED TO FIND AN INTEGER FEASIBLE SOLUTION,0.441151,51.455487,12000,12,12,7,0.000000,0.000000,11.690927,1.508671,189
rocI-4-11,config23,3,FAILED TO FIND AN INTEGER FEASIBLE SOLUTION,0.438906,48.212551,12000,12,12,7,0.000000,0.000000,10.665326,1.632483,209
rocI-4-11,config23,4,FAILED TO FIND AN INTEGER FEASIBLE SOLUTION,0.349921,46.100319,12000,12,12,7,0.000000,0.000000,12.441546,2.080135,124
rocI-4-11,config23,5,FAILED TO FIND AN INTEGER FEASIBLE SOLUTION,0.428924,47.955693,12000,12,12,7,0.000000,0.000000,2.661040,0.732316,46
rocII-5-11,config16,1,FAILED TO FIND AN INTEGER FEASIBLE SOLUTION,0.352793,206.777863,12000,11,11,9,0.000000,0.000000,1.933851,1.124934,26
rocII-5-11,config16,2,FAILED TO FIND AN INTEGER FEASIBLE SOLUTION,0.270090,192.957477,12000,11,11,9,0.000000,0.000000,1.052988,0.437194,11
rocII-5-11,config16,3,FAILED TO FIND AN INTEGER FEASIBLE SOLUTION,0.188996,196.948958,12000,11,11,9,0.000000,0.000000,2.187135,1.358399,13
rocII-5-11,config16,4,FAILED TO FIND AN INTEGER FEASIBLE SOLUTION,0.183660,199.007559,12000,11,11,9,0.000000,0.000000,1.423348,0.978904,14
rocII-5-11,config16,5,FAILED TO FIND AN INTEGER FEASIBLE SOLUTION,0.206430,198.394130,12000,11,11,9,0.000000,0.000000,1.048684,1.048664,15
rocII-5-11,config17,1,FAILED TO FIND AN INTEGER FEASIBLE SOLUTION,0.278127,192.417379,12000,11,11,1,0.000000,0.000000,1.211167,0.988935,8
rocII-5-11,config17,2,FAILED TO FIND AN INTEGER FEASIBLE SOLUTION,0.278592,194.513997,12000,11,11,1,0.000000,0.000000,2.066504,1.450710,22
rocII-5-11,config17,3,FAILED TO FIND AN INTEGER FEASIBLE SOLUTION,0.280240,201.060517,12000,11,11,1,0.000000,0.000000,1.798692,0.969942,9
rocII-5-11,config17,4,FAILED TO FIND AN INTEGER FEASIBLE SOLUTION,0.278602,197.064311,12000,11,11,1,0.000000,0.000000,2.347015,0.980944,16
rocII-5-11,config17,5,FAILED TO FIND AN INTEGER FEASIBLE SOLUTION,0.276535,195.076872,12000,11,11,1,0.000000,0.000000,2.277735,0.911664,11
rocII-5-11,config21,1,FAILED TO FIND AN INTEGER FEASIBLE SOLUTION,0.427880,190.292889,12000,11,11,4,0.000000,0.000000,1.437408,0.594726,12
rocII-5-11,config21,2,FAILED TO FIND AN INTEGER FEASIBLE SOLUTION,0.840026,196.001780,12000,11,11,4,0.000000,0.000000,1.347161,0.501440,12
rocII-5-11,config21,3,FAILED TO FIND AN INTEGER FEASIBLE SOLUTION,0.837513,199.483240,12000,11,11,4,0.000000,0.000000,1.300988,0.837816,14
rocII-5-11,config21,4,FAILED TO FIND AN INTEGER FEASIBLE SOLUTION,0.831516,197.374400,12000,11,11,4,0.000000,0.000000,1.373123,0.494074,9
rocII-5-11,config21,5,FAILED TO FIND AN INTEGER FEASIBLE SOLUTION,0.837089,198.770337,12000,11,11,4,0.000000,0.000000,0.537016,0.215154,6
rocII-5-11,config23,1,FAILED TO FIND AN INTEGER FEASIBLE SOLUTION,0.426266,196.097191,12000,11,11,4,0.000000,0.000000,0.600729,0.350709,12
rocII-5-11,config23,2,FAILED TO FIND AN INTEGER FEASIBLE SOLUTION,0.841927,211.070253,12000,11,11,4,0.000000,0.000000,0.171298,0.171275,4
rocII-5-11,config23,3,FAILED TO FIND AN INTEGER FEASIBLE SOLUTION,0.831426,198.832901,12000,11,11,4,0.000000,0.000000,0.261983,0.261978,11
rocII-5-11,config23,4,FAILED TO FIND AN INTEGER FEASIBLE SOLUTION,0.577347,187.155290,12000,11,11,4,0.000000,0.000000,1.181984,1.119453,20
rocII-5-11,config23,5,FAILED TO FIND AN INTEGER FEASIBLE SOLUTION,0.504503,202.075922,12000,11,11,4,0.000000,0.000000,1.253233,0.696251,13
rococoB10-011000,config16,1,FOUND INTEGER FEASIBLE,0.155527,0.215931,1,10,0,0,74744.000000,74744.000000,0.000000,0.000000,0
rococoB10-011000,config16,2,FOUND INTEGER FEASIBLE,0.155552,0.215796,4,10,0,0,72710.000000,72710.000000,0.000000,0.000000,0
rococoB10-011000,config16,3,FOUND INTEGER FEASIBLE,0.164604,0.213590,1,10,0,0,74744.000000,74744.000000,0.000000,0.000000,0
rococoB10-011000,config16,4,FOUND INTEGER FEASIBLE,0.154572,0.206514,2,10,0,0,74744.000000,74744.000000,0.000000,0.000000,0
rococoB10-011000,config16,5,FOUND INTEGER FEASIBLE,0.154751,0.211686,1,10,0,0,74744.000000,74744.000000,0.000000,0.000000,0
rococoB10-011000,config17,1,FOUND INTEGER FEASIBLE,0.026165,0.074501,0,1,0,0,60485.000000,60485.000000,0.000000,0.000000,0
rococoB10-011000,config17,2,FOUND INTEGER FEASIBLE,0.026131,0.082205,0,1,0,0,60485.000000,60485.000000,0.000000,0.000000,0
rococoB10-011000,config17,3,FOUND INTEGER FEASIBLE,0.026526,0.083551,0,1,0,0,60485.000000,60485.000000,0.000000,0.000000,0
rococoB10-011000,config17,4,FOUND INTEGER FEASIBLE,0.026400,0.081684,0,1,0,0,60485.000000,60485.000000,0.000000,0.000000,0
rococoB10-011000,config17,5,FOUND INTEGER FEASIBLE,0.026209,0.074686,0,1,0,0,60485.000000,60485.000000,0.000000,0.000000,0
rococoB10-011000,config21,1,FOUND INTEGER FEASIBLE,0.697406,0.836172,7,12,0,0,109916.000000,109916.000000,0.000000,0.000000,0
rococoB10-011000,config21,2,FOUND INTEGER FEASIBLE,0.695229,0.831177,5,12,0,0,109916.000000,109916.000000,0.000000,0.000000,0
rococoB10-011000,config21,3,FOUND INTEGER FEASIBLE,0.699412,0.845258,5,12,0,0,109916.000000,109916.000000,0.000000,0.000000,0
rococoB10-011000,config21,4,FOUND INTEGER FEASIBLE,0.698864,0.833899,4,12,0,0,109916.000000,109916.000000,0.000000,0.000000,0
rococoB10-011000,config21,5,FOUND INTEGER FEASIBLE,0.691956,0.835392,9,12,0,0,109916.000000,109916.000000,0.000000,0.000000,0
rococoB10-011000,config23,1,FOUND INTEGER FEASIBLE,0.693299,0.800493,13,12,0,0,86674.000000,86674.000000,0.000000,0.000000,0
rococoB10-011000,config23,2,FOUND INTEGER FEASIBLE,0.697385,0.807709,23,12,0,0,77680.000000,77680.000000,0.000000,0.000000,0
rococoB10-011000,config23,3,FOUND INTEGER FEASIBLE,0.692677,0.795833,18,12,0,0,91334.000000,91334.000000,0.000000,0.000000,0
rococoB10-011000,config23,4,FOUND INTEGER FEASIBLE,0.522532,0.585713,2,12,0,0,94963.000000,94963.000000,0.000000,0.000000,0
rococoB10-011000,config23,5,FOUND INTEGER FEASIBLE,0.569669,0.634198,1,12,0,0,100249.000000,100249.000000,0.000000,0.000000,0
rococoC10-001000,config16,1,FOUND INTEGER FEASIBLE,0.046324,0.081783,0,2,0,0,23730.000000,23730.000000,0.000000,0.000000,0
rococoC10-001000,config16,2,FOUND INTEGER FEASIBLE,0.046670,0.081664,0,2,0,0,23730.000000,23730.000000,0.000000,0.000000,0
rococoC10-001000,config16,3,FOUND INTEGER FEASIBLE,0.048106,0.089468,0,2,0,0,23730.000000,23730.000000,0.000000,0.000000,0
rococoC10-001000,config16,4,FOUND INTEGER FEASIBLE,0.046914,0.088152,0,2,0,0,23730.000000,23730.000000,0.000000,0.000000,0
rococoC10-001000,config16,5,FOUND INTEGER FEASIBLE,0.046344,0.081022,0,2,0,0,23730.000000,23730.000000,0.000000,0.000000,0
rococoC10-001000,config17,1,FOUND INTEGER FEASIBLE,0.016479,0.055006,7,2,0,0,72501.000000,72501.000000,0.000000,0.000000,0
rococoC10-001000,config17,2,FOUND INTEGER FEASIBLE,0.016414,0.054955,7,2,0,0,71317.000000,71317.000000,0.000000,0.000000,0
rococoC10-001000,config17,3,FOUND INTEGER FEASIBLE,0.017991,0.062422,5,2,0,0,93348.000000,93348.000000,0.000000,0.000000,0
rococoC10-001000,config17,4,FOUND INTEGER FEASIBLE,0.016369,0.059453,2,2,0,0,101635.000000,101635.000000,0.000000,0.000000,0
rococoC10-001000,config17,5,FOUND INTEGER FEASIBLE,0.016349,0.053800,1,2,0,0,101635.000000,101635.000000,0.000000,0.000000,0
rococoC10-001000,config21,1,FOUND INTEGER FEASIBLE,0.180373,0.225994,0,12,0,0,184560.000000,184560.000000,0.000000,0.000000,0
rococoC10-001000,config21,2,FOUND INTEGER FEASIBLE,0.180816,0.227001,0,12,0,0,184560.000000,184560.000000,0.000000,0.000000,0
rococoC10-001000,config21,3,FOUND INTEGER FEASIBLE,0.178755,0.218767,0,12,0,0,184560.000000,184560.000000,0.000000,0.000000,0
rococoC10-001000,config21,4,FOUND INTEGER FEASIBLE,0.178378,0.218095,0,12,0,0,184560.000000,184560.000000,0.000000,0.000000,0
rococoC10-001000,config21,5,FOUND INTEGER FEASIBLE,0.178474,0.218268,0,12,0,0,184560.000000,184560.000000,0.000000,0.000000,0
rococoC10-001000,config23,1,FOUND INTEGER FEASIBLE,0.178821,0.223435,9,12,0,0,118948.000000,118948.000000,0.000000,0.000000,0
rococoC10-001000,config23,2,FOUND INTEGER FEASIBLE,0.178651,0.225159,16,12,0,0,122162.000000,122162.000000,0.000000,0.000000,0
rococoC10-001000,config23,3,FOUND INTEGER FEASIBLE,0.174277,0.218162,8,12,0,0,124466.000000,124466.000000,0.000000,0.000000,0
rococoC10-001000,config23,4,FOUND INTEGER FEASIBLE,0.157332,0.196096,3,12,0,0,143098.000000,143098.000000,0.000000,0.000000,0
rococoC10-001000,config23,5,FOUND INTEGER FEASIBLE,0.179441,0.228689,2,12,0,0,145659.000000,145659.000000,0.000000,0.000000,0
roi2alpha3n4,config16,1,FOUND INTEGER FEASIBLE,0.513068,2.443094,1,7,0,0,-7.112632,-7.112632,0.000000,0.000000,0
roi2alpha3n4,config16,2,FOUND INTEGER FEASIBLE,0.663872,1.894912,1,7,0,0,-7.112632,-7.112632,0.000000,0.000000,0
roi2alpha3n4,config16,3,FOUND INTEGER FEASIBLE,0.579980,2.572482,1,7,0,0,-7.112632,-7.112632,0.000000,0.000000,0
roi2alpha3n4,config16,4,FOUND INTEGER FEASIBLE,0.576381,2.574988,1,7,0,0,-7.112632,-7.112632,0.000000,0.000000,0
roi2alpha3n4,config16,5,FOUND INTEGER FEASIBLE,0.575056,2.580549,1,7,0,0,-7.112632,-7.112632,0.000000,0.000000,0
roi2alpha3n4,config17,1,FOUND INTEGER FEASIBLE,0.038250,1.983471,0,1,0,0,0.000000,0.000000,0.000000,0.000000,0
roi2alpha3n4,config17,2,FOUND INTEGER FEASIBLE,0.047415,2.034403,0,1,0,0,0.000000,0.000000,0.000000,0.000000,0
roi2alpha3n4,config17,3,FOUND INTEGER FEASIBLE,0.036654,1.968035,0,1,0,0,0.000000,0.000000,0.000000,0.000000,0
roi2alpha3n4,config17,4,FOUND INTEGER FEASIBLE,0.028923,1.137620,0,1,0,0,0.000000,0.000000,0.000000,0.000000,0
roi2alpha3n4,config17,5,FOUND INTEGER FEASIBLE,0.052025,1.311547,0,1,0,0,0.000000,0.000000,0.000000,0.000000,0
roi2alpha3n4,config21,1,FOUND INTEGER FEASIBLE,0.070399,2.694182,1,2,0,0,0.000000,-2.501255,0.000000,0.000000,0
roi2alpha3n4,config21,2,FOUND INTEGER FEASIBLE,0.069148,2.388780,1,2,0,0,0.000000,-2.501255,0.000000,0.000000,0
roi2alpha3n4,config21,3,FOUND INTEGER FEASIBLE,0.068304,3.002137,1,2,0,0,0.000000,-2.501255,0.000000,0.000000,0
roi2alpha3n4,config21,4,FOUND INTEGER FEASIBLE,0.068881,2.697227,1,2,0,0,0.000000,-2.501255,0.000000,0.000000,0
roi2alpha3n4,config21,5,FOUND INTEGER FEASIBLE,0.051645,1.981037,1,2,0,0,0.000000,-2.501255,0.000000,0.000000,0
roi2alpha3n4,config23,1,FOUND INTEGER FEASIBLE,0.085724,2.675014,0,2,0,0,0.000000,0.000000,0.000000,0.000000,0
roi2alpha3n4,config23,2,FOUND INTEGER FEASIBLE,0.069183,2.579423,0,2,0,0,0.000000,0.000000,0.000000,0.000000,0
roi2alpha3n4,config23,3,FOUND INTEGER FEASIBLE,0.069030,2.580060,0,2,0,0,0.000000,0.000000,0.000000,0.000000,0
roi2alpha3n4,config23,4,FOUND INTEGER FEASIBLE,0.068974,2.964344,0,2,0,0,0.000000,0.000000,0.000000,0.000000,0
roi2alpha3n4,config23,5,FOUND INTEGER FEASIBLE,0.052082,2.072792,0,2,0,0,0.000000,0.000000,0.000000,0.000000,0
roi5alpha10n8,config16,1,FOUND INTEGER FEASIBLE,2.337887,6.814629,1,8,0,0,-13.677593,-13.677593,0.000000,0.000000,0
roi5alpha10n8,config16,2,FOUND INTEGER FEASIBLE,1.490795,5.501919,1,8,0,0,-13.677593,-13.677593,0.000000,0.000000,0
roi5alpha10n8,config16,3,FOUND INTEGER FEASIBLE,2.204993,6.678664,1,8,0,0,-15.328957,-15.328957,0.000000,0.000000,0
roi5alpha10n8,config16,4,FOUND INTEGER FEASIBLE,1.872348,6.162004,1,8,0,0,-13.677593,-13.677593,0.000000,0.000000,0
roi5alpha10n8,config16,5,FOUND INTEGER FEASIBLE,1.484515,6.546047,1,8,0,0,-13.677593,-13.677593,0.000000,0.000000,0
roi5alpha10n8,config17,1,FOUND INTEGER FEASIBLE,0.157408,4.507931,0,1,0,0,0.000000,0.000000,0.000000,0.000000,0
roi5alpha10n8,config17,2,FOUND INTEGER FEASIBLE,0.154785,4.409807,0,1,0,0,0.000000,0.000000,0.000000,0.000000,0
roi5alpha10n8,config17,3,FOUND INTEGER FEASIBLE,0.097813,4.381386,0,1,0,0,0.000000,0.000000,0.000000,0.000000,0
roi5alpha10n8,config17,4,FOUND INTEGER FEASIBLE,0.128561,5.222093,0,1,0,0,0.000000,0.000000,0.000000,0.000000,0
roi5alpha10n8,config17,5,FOUND INTEGER FEASIBLE,0.157996,4.536735,0,1,0,0,0.000000,0.000000,0.000000,0.000000,0
roi5alpha10n8,config21,1,FOUND INTEGER FEASIBLE,0.252092,9.117756,1,4,0,0,-0.000372,-1.281125,0.000000,0.000000,0
roi5alpha10n8,config21,2,FOUND INTEGER FEASIBLE,0.430226,8.419436,1,4,0,0,-0.000372,-1.281125,0.000000,0.000000,0
roi5alpha10n8,config21,3,FOUND INTEGER FEASIBLE,0.250219,8.594395,1,4,0,0,-0.000372,-1.281125,0.000000,0.000000,0
roi5alpha10n8,config21,4,FOUND INTEGER FEASIBLE,0.400095,8.943884,1,4,0,0,-0.000372,-1.281125,0.000000,0.000000,0
roi5alpha10n8,config21,5,FOUND INTEGER FEASIBLE,0.433207,8.681461,1,4,0,0,-0.000372,-1.281125,0.000000,0.000000,0
roi5alpha10n8,config23,1,FOUND INTEGER FEASIBLE,0.253546,7.173156,0,4,0,0,0.000000,0.000000,0.000000,0.000000,0
roi5alpha10n8,config23,2,FOUND INTEGER FEASIBLE,0.252944,8.382296,0,4,0,0,0.000000,0.000000,0.000000,0.000000,0
roi5alpha10n8,config23,3,FOUND INTEGER FEASIBLE,0.265364,7.866269,0,4,0,0,0.000000,0.000000,0.000000,0.000000,0
roi5alpha10n8,config23,4,FOUND INTEGER FEASIBLE,0.255772,7.801366,0,4,0,0,0.000000,0.000000,0.000000,0.000000,0
roi5alpha10n8,config23,5,FOUND INTEGER FEASIBLE,0.261010,7.841948,0,4,0,0,0.000000,0.000000,0.000000,0.000000,0
roll3000,config16,1,FOUND INTEGER FEASIBLE,0.063310,4.095606,812,11,8,1,48518.000000,18494.000000,0.000000,0.000000,0
roll3000,config16,2,FOUND INTEGER FEASIBLE,0.125810,5.465372,742,11,8,1,50780.800000,18092.000000,0.000000,0.000000,0
roll3000,config16,3,FOUND INTEGER FEASIBLE,0.124938,3.843781,730,11,8,1,50764.800000,20352.000000,0.000000,0.000000,0
roll3000,config16,4,FOUND INTEGER FEASIBLE,0.124859,4.456255,770,11,8,1,50013.000000,18223.000000,0.000000,0.000000,0
roll3000,config16,5,FOUND INTEGER FEASIBLE,0.124346,4.019268,818,11,8,1,50792.800000,19048.000000,0.000000,0.000000,0
roll3000,config17,1,FOUND INTEGER FEASIBLE,0.055343,1.770880,190,6,2,1,48835.000000,19221.000000,0.000000,0.000000,0
roll3000,config17,2,FOUND INTEGER FEASIBLE,0.053828,0.569931,74,6,1,1,50743.800000,18279.000000,0.000000,0.000000,0
roll3000,config17,3,FOUND INTEGER FEASIBLE,0.054069,0.258578,8,6,1,1,50770.800000,18122.000000,0.000000,0.000000,0
roll3000,config17,4,FOUND INTEGER FEASIBLE,0.054602,0.328126,17,6,1,1,50740.800000,20436.000000,0.000000,0.000000,0
roll3000,config17,5,FOUND INTEGER FEASIBLE,0.054116,0.645085,49,6,1,1,48697.800000,17801.000000,0.000000,0.000000,0
roll3000,config21,1,FOUND INTEGER FEASIBLE,0.169816,3.518660,644,10,6,1,48987.600000,17034.000000,0.000000,0.000000,0
roll3000,config21,2,FOUND INTEGER FEASIBLE,0.227167,2.862596,481,10,6,1,50804.800000,18640.000000,0.000000,0.000000,0
roll3000,config21,3,FOUND INTEGER FEASIBLE,0.227359,2.934302,506,10,6,1,49555.200000,17794.000000,0.000000,0.000000,0
roll3000,config21,4,FOUND INTEGER FEASIBLE,0.115223,2.406994,660,10,8,1,50276.000000,19236.000000,0.000000,0.000000,0
roll3000,config21,5,FOUND INTEGER FEASIBLE,0.227637,2.863276,485,10,6,1,50838.800000,20542.000000,0.000000,0.000000,0
roll3000,config23,1,FOUND INTEGER FEASIBLE,0.114680,2.407355,660,10,6,1,50301.400000,19309.000000,0.000000,0.000000,0
roll3000,config23,2,FOUND INTEGER FEASIBLE,0.114891,1.788930,486,10,6,1,50771.800000,17419.000000,0.000000,0.000000,0
roll3000,config23,3,FOUND INTEGER FEASIBLE,0.227906,3.073512,571,10,6,1,49002.600000,17127.000000,0.000000,0.000000,0
roll3000,config23,4,FOUND INTEGER FEASIBLE,0.228935,3.089581,487,10,6,1,50918.800000,19478.000000,0.000000,0.000000,0
roll3000,config23,5,FOUND INTEGER FEASIBLE,0.169434,2.838059,600,10,6,1,50859.800000,19499.000000,0.000000,0.000000,0
s100,config16,1,FOUND INTEGER FEASIBLE,280.544866,580.118232,4,2,2,2,-0.110344,-0.110344,0.000000,0.000000,0
s100,config16,2,FOUND INTEGER FEASIBLE,263.974230,564.474526,4,2,2,2,-0.110344,-0.110344,0.000000,0.000000,0
s100,config16,3,FOUND INTEGER FEASIBLE,273.145158,581.086779,4,2,2,2,-0.110344,-0.110344,0.000000,0.000000,0
s100,config16,4,FOUND INTEGER FEASIBLE,277.063481,623.906195,4,2,2,2,-0.114500,-0.114500,0.000000,0.000000,0
s100,config16,5,FOUND INTEGER FEASIBLE,273.825072,619.249588,4,2,2,2,-0.125001,-0.125001,0.000000,0.000000,0
s100,config17,1,FOUND INTEGER FEASIBLE,206.141466,716.335985,4,3,2,2,-0.102504,-0.102504,0.000000,0.000000,0
s100,config17,2,FOUND INTEGER FEASIBLE,196.675276,737.232766,5,3,2,2,-0.102443,-0.102443,0.000000,0.000000,0
s100,config17,3,FOUND INTEGER FEASIBLE,202.386657,723.969793,4,3,2,2,-0.102411,-0.102411,0.000000,0.000000,0
s100,config17,4,FOUND INTEGER FEASIBLE,200.682328,740.939924,5,3,2,2,-0.101210,-0.101210,0.000000,0.000000,0
s100,config17,5,FOUND INTEGER FEASIBLE,198.466231,705.843593,3,3,2,2,-0.095885,-0.095885,0.000000,0.000000,0
s100,config21,1,FOUND INTEGER FEASIBLE,205.424704,487.430924,0,2,2,2,-0.031374,-0.031374,0.000000,0.000000,0
s100,config21,2,FOUND INTEGER FEASIBLE,220.124886,500.006927,0,2,2,2,-0.031374,-0.031374,0.000000,0.000000,0
s100,config21,3,FOUND INTEGER FEASIBLE,210.712313,491.586831,0,2,2,2,-0.031374,-0.031374,0.000000,0.000000,0
s100,config21,4,FOUND INTEGER FEASIBLE,207.942117,491.328797,0,2,2,2,-0.031374,-0.031374,0.000000,0.000000,0
s100,config21,5,FOUND INTEGER FEASIBLE,205.044234,481.490444,0,2,2,2,-0.031374,-0.031374,0.000000,0.000000,0
s100,config23,1,FOUND INTEGER FEASIBLE,217.831982,442.825584,2,2,2,2,-0.092342,-0.092342,0.000000,0.000000,0
s100,config23,2,FOUND INTEGER FEASIBLE,208.049756,437.605842,2,2,2,2,-0.092342,-0.092342,0.000000,0.000000,0
s100,config23,3,FOUND INTEGER FEASIBLE,202.408523,448.545059,3,2,2,2,-0.092341,-0.092341,0.000000,0.000000,0
s100,config23,4,FOUND INTEGER FEASIBLE,213.485038,463.555831,3,2,2,2,-0.092341,-0.092341,0.000000,0.000000,0
s100,config23,5,FOUND INTEGER FEASIBLE,204.518700,484.711608,3,2,2,2,-0.096762,-0.096762,0.000000,0.000000,0
s250r10,config16,1,FOUND INTEGER FEASIBLE,14.621584,19.600253,13,10,1,1,-0.164771,-0.164771,0.000000,0.000000,0
s250r10,config16,2,FOUND INTEGER FEASIBLE,15.180541,19.692430,16,10,1,1,-0.162776,-0.162776,0.000000,0.000000,0
s250r10,config16,3,FOUND INTEGER FEASIBLE,13.004236,17.738920,13,10,1,1,-0.161776,-0.161776,0.000000,0.000000,0
s250r10,config16,4,FOUND INTEGER FEASIBLE,14.331189,18.365055,13,10,1,1,-0.163772,-0.163772,0.000000,0.000000,0
s250r10,config16,5,FOUND INTEGER FEASIBLE,16.838817,21.192225,18,10,1,1,-0.159772,-0.159772,0.000000,0.000000,0
s250r10,config17,1,FOUND INTEGER FEASIBLE,3.407598,11.552375,1,6,1,1,2.919913,-0.080087,0.000000,0.000000,0
s250r10,config17,2,FOUND INTEGER FEASIBLE,2.682961,10.625517,1,6,1,1,2.921844,-0.078156,0.000000,0.000000,0
s250r10,config17,3,FOUND INTEGER FEASIBLE,1.885561,10.320616,1,6,1,1,2.919913,-0.080087,0.000000,0.000000,0
s250r10,config17,4,FOUND INTEGER FEASIBLE,1.865102,8.972909,1,6,1,1,2.921844,-0.078156,0.000000,0.000000,0
s250r10,config17,5,FOUND INTEGER FEASIBLE,1.866579,7.961036,1,6,1,1,2.919913,-0.080087,0.000000,0.000000,0
s250r10,config21,1,FOUND INTEGER FEASIBLE,5.234524,16.844345,0,2,2,2,2.931988,-0.068012,0.000000,0.000000,0
s250r10,config21,2,FOUND INTEGER FEASIBLE,5.198655,15.992549,0,2,2,2,2.931988,-0.068012,0.000000,0.000000,0
s250r10,config21,3,FOUND INTEGER FEASIBLE,6.394997,17.462079,0,2,2,2,2.931988,-0.068012,0.000000,0.000000,0
s250r10,config21,4,FOUND INTEGER FEASIBLE,5.497296,16.816881,0,2,2,2,2.931988,-0.068012,0.000000,0.000000,0
s250r10,config21,5,FOUND INTEGER FEASIBLE,6.553148,16.027511,0,2,2,2,2.931988,-0.068012,0.000000,0.000000,0
s250r10,config23,1,FOUND INTEGER FEASIBLE,5.268235,12.715381,2,2,2,2,2.922001,0.484501,0.000000,0.000000,0
s250r10,config23,2,FOUND INTEGER FEASIBLE,4.490670,13.469222,2,2,2,2,2.922001,0.484501,0.000000,0.000000,0
s250r10,config23,3,FOUND INTEGER FEASIBLE,6.239754,14.040551,5,2,2,2,2.920072,0.220072,0.000000,0.000000,0
s250r10,config23,4,FOUND INTEGER FEASIBLE,5.538564,12.461861,2,2,2,2,2.922001,0.484501,0.000000,0.000000,0
s250r10,config23,5,FOUND INTEGER FEASIBLE,5.708706,13.587972,2,2,2,2,2.921989,0.484489,0.000000,0.000000,0
satellites2-40,config16,1,FOUND INTEGER FEASIBLE,228.510542,229.818054,3,11,1,1,49.000000,49.000000,0.000000,0.000000,0
satellites2-40,config16,2,FOUND INTEGER FEASIBLE,223.918336,225.088183,3,11,1,1,49.000000,49.000000,0.000000,0.000000,0
satellites2-40,config16,3,FOUND INTEGER FEASIBLE,222.878845,224.750955,3,11,1,1,92.000000,92.000000,0.000000,0.000000,0
satellites2-40,config16,4,FOUND INTEGER FEASIBLE,219.718229,220.885719,3,11,1,1,49.000000,49.000000,0.000000,0.000000,0
satellites2-40,config16,5,FOUND INTEGER FEASIBLE,222.251173,223.885131,7,11,1,1,46.000000,46.000000,0.000000,0.000000,0
satellites2-40,config17,1,FOUND INTEGER FEASIBLE,38.038209,38.406334,0,4,0,0,39.000000,39.000000,0.000000,0.000000,0
satellites2-40,config17,2,FOUND INTEGER FEASIBLE,38.944447,39.597716,0,4,0,0,39.000000,39.000000,0.000000,0.000000,0
satellites2-40,config17,3,FOUND INTEGER FEASIBLE,35.463553,36.106908,0,4,0,0,39.000000,39.000000,0.000000,0.000000,0
satellites2-40,config17,4,FOUND INTEGER FEASIBLE,37.559405,38.201276,0,4,0,0,39.000000,39.000000,0.000000,0.000000,0
satellites2-40,config17,5,FOUND INTEGER FEASIBLE,38.348722,39.001956,0,4,0,0,39.000000,39.000000,0.000000,0.000000,0
satellites2-40,config21,1,FOUND INTEGER FEASIBLE,53.782022,251.692232,9,6,1,1,91.000000,91.000000,0.000000,0.000000,0
satellites2-40,config21,2,FOUND INTEGER FEASIBLE,53.340743,252.408982,13,6,1,1,91.000000,91.000000,0.000000,0.000000,0
satellites2-40,config21,3,FOUND INTEGER FEASIBLE,52.629595,345.379451,75,6,1,1,91.000000,91.000000,0.000000,0.000000,0
satellites2-40,config21,4,FOUND INTEGER FEASIBLE,54.977503,278.485785,27,6,1,1,91.000000,91.000000,0.000000,0.000000,0
satellites2-40,config21,5,FOUND INTEGER FEASIBLE,57.430882,200.394996,47,6,1,1,80.000000,80.000000,0.000000,0.000000,0
satellites2-40,config23,1,FOUND INTEGER FEASIBLE,51.392377,116.455850,14,6,1,1,79.000000,79.000000,0.000000,0.000000,0
satellites2-40,config23,2,FOUND INTEGER FEASIBLE,56.165466,146.027076,14,6,1,1,27.000000,27.000000,0.000000,0.000000,0
satellites2-40,config23,3,FOUND INTEGER FEASIBLE,58.533345,194.820627,18,6,1,1,27.000000,27.000000,0.000000,0.000000,0
satellites2-40,config23,4,FOUND INTEGER FEASIBLE,56.588225,109.504882,4,6,1,1,6.000000,6.000000,0.000000,0.000000,0
satellites2-40,config23,5,FOUND INTEGER FEASIBLE,53.321191,159.823951,20,6,1,1,27.000000,27.000000,0.000000,0.000000,0
satellites2-60-fs,config16,1,FOUND INTEGER FEASIBLE,51.102324,65.724684,125,11,1,0,28.000000,28.000000,0.000000,0.000000,0
satellites2-60-fs,config16,2,FOUND INTEGER FEASIBLE,53.044014,71.219998,165,11,1,0,44.000000,44.000000,0.000000,0.000000,0
satellites2-60-fs,config16,3,FOUND INTEGER FEASIBLE,48.023698,71.496377,145,11,1,0,28.000000,28.000000,0.000000,0.000000,0
satellites2-60-fs,config16,4,FOUND INTEGER FEASIBLE,52.063398,71.408536,111,11,1,0,28.000000,28.000000,0.000000,0.000000,0
satellites2-60-fs,config16,5,FOUND INTEGER FEASIBLE,54.328380,75.953212,113,11,1,0,28.000000,28.000000,0.000000,0.000000,0
satellites2-60-fs,config17,1,FOUND INTEGER FEASIBLE,24.255638,24.493144,0,4,0,0,48.000000,48.000000,0.000000,0.000000,0
satellites2-60-fs,config17,2,FOUND INTEGER FEASIBLE,25.417364,25.810825,0,4,0,0,48.000000,48.000000,0.000000,0.000000,0
satellites2-60-fs,config17,3,FOUND INTEGER FEASIBLE,24.150605,24.415267,0,4,0,0,48.000000,48.000000,0.000000,0.000000,0
satellites2-60-fs,config17,4,FOUND INTEGER FEASIBLE,25.043410,25.425514,0,4,0,0,48.000000,48.000000,0.000000,0.000000,0
satellites2-60-fs,config17,5,FOUND INTEGER FEASIBLE,22.416972,22.680519,0,4,0,0,48.000000,48.000000,0.000000,0.000000,0
satellites2-60-fs,config21,1,FOUND INTEGER FEASIBLE,82.166000,354.988204,32,5,1,1,45.000000,45.000000,0.000000,0.000000,0
satellites2-60-fs,config21,2,FOUND INTEGER FEASIBLE,84.426353,323.957242,29,5,1,1,45.000000,45.000000,0.000000,0.000000,0
satellites2-60-fs,config21,3,FOUND INTEGER FEASIBLE,89.390989,370.100201,44,5,1,1,45.000000,45.000000,0.000000,0.000000,0
satellites2-60-fs,config21,4,FOUND INTEGER FEASIBLE,83.841735,290.596798,17,5,1,1,45.000000,45.000000,0.000000,0.000000,0
satellites2-60-fs,config21,5,FOUND INTEGER FEASIBLE,90.374905,271.270283,30,5,1,1,108.000000,108.000000,0.000000,0.000000,0
satellites2-60-fs,config23,1,FOUND INTEGER FEASIBLE,87.446072,207.461855,38,5,1,1,80.000000,80.000000,0.000000,0.000000,0
satellites2-60-fs,config23,2,FOUND INTEGER FEASIBLE,90.124517,215.605738,25,5,1,1,105.000000,105.000000,0.000000,0.000000,0
satellites2-60-fs,config23,3,FOUND INTEGER FEASIBLE,81.602236,183.417400,38,5,1,1,79.000000,79.000000,0.000000,0.000000,0
satellites2-60-fs,config23,4,FOUND INTEGER FEASIBLE,84.036037,145.790180,18,5,1,1,129.000000,129.000000,0.000000,0.000000,0
satellites2-60-fs,config23,5,FOUND INTEGER FEASIBLE,87.534473,230.542547,53,5,1,1,79.000000,79.000000,0.000000,0.000000,0
savsched1,config16,1,FOUND INTEGER FEASIBLE,911.255852,915.193129,0,12,0,0,300374.400000,300374.400000,0.000000,0.000000,0
savsched1,config16,2,FOUND INTEGER FEASIBLE,884.838691,888.654885,0,12,0,0,300374.400000,300374.400000,0.000000,0.000000,0
savsched1,config16,3,FOUND INTEGER FEASIBLE,893.754114,898.071528,0,12,0,0,300374.400000,300374.400000,0.000000,0.000000,0
savsched1,config16,4,FOUND INTEGER FEASIBLE,876.030463,879.732527,0,12,0,0,300374.400000,300374.400000,0.000000,0.000000,0
savsched1,config16,5,FOUND INTEGER FEASIBLE,869.114525,872.380345,0,12,0,0,300374.400000,300374.400000,0.000000,0.000000,0
savsched1,config17,1,FOUND INTEGER FEASIBLE,0.493041,4.553712,0,1,0,0,313591.200000,313566.500000,0.000000,0.000000,0
savsched1,config17,2,FOUND INTEGER FEASIBLE,0.505347,4.634132,0,1,0,0,313591.200000,313566.500000,0.000000,0.000000,0
savsched1,config17,3,FOUND INTEGER FEASIBLE,0.290918,4.026632,0,1,0,0,313591.200000,313566.500000,0.000000,0.000000,0
savsched1,config17,4,FOUND INTEGER FEASIBLE,0.384308,3.851880,0,1,0,0,313591.200000,313566.500000,0.000000,0.000000,0
savsched1,config17,5,FOUND INTEGER FEASIBLE,0.285559,4.017276,0,1,0,0,313591.200000,313566.500000,0.000000,0.000000,0
savsched1,config21,1,FOUND INTEGER FEASIBLE,4.432988,8.202360,0,9,0,0,302046.400000,301882.400000,0.000000,0.000000,0
savsched1,config21,2,FOUND INTEGER FEASIBLE,5.496194,9.679551,0,9,0,0,302046.400000,301882.400000,0.000000,0.000000,0
savsched1,config21,3,FOUND INTEGER FEASIBLE,5.758556,9.649970,0,9,0,0,302046.400000,301882.400000,0.000000,0.000000,0
savsched1,config21,4,FOUND INTEGER FEASIBLE,5.339118,9.725254,0,9,0,0,302046.400000,301882.400000,0.000000,0.000000,0
savsched1,config21,5,FOUND INTEGER FEASIBLE,5.153928,8.952407,0,9,0,0,302046.400000,301882.400000,0.000000,0.000000,0
savsched1,config23,1,FOUND INTEGER FEASIBLE,4.634548,8.431919,0,9,0,0,305131.200000,304978.800000,0.000000,0.000000,0
savsched1,config23,2,FOUND INTEGER FEASIBLE,4.411360,8.141225,0,9,0,0,305131.200000,304978.800000,0.000000,0.000000,0
savsched1,config23,3,FOUND INTEGER FEASIBLE,5.470446,9.826261,0,9,0,0,305131.200000,304978.800000,0.000000,0.000000,0
savsched1,config23,4,FOUND INTEGER FEASIBLE,6.074924,10.037634,0,9,0,0,305131.200000,304978.800000,0.000000,0.000000,0
savsched1,config23,5,FOUND INTEGER FEASIBLE,5.116317,8.537774,0,9,0,0,305131.200000,304978.800000,0.000000,0.000000,0
sct2,config16,1,FOUND INTEGER FEASIBLE,0.072230,0.176989,1,11,0,0,-179.399519,-182.104074,0.000000,0.000000,0
sct2,config16,2,FOUND INTEGER FEASIBLE,0.072067,0.177475,1,11,0,0,-115.511015,-129.861427,0.000000,0.000000,0
sct2,config16,3,FOUND INTEGER FEASIBLE,0.071551,0.174408,1,11,0,0,-177.391482,-177.391482,0.000000,0.000000,0
sct2,config16,4,FOUND INTEGER FEASIBLE,0.071963,0.166972,1,11,0,0,-166.530616,-168.841433,0.000000,0.000000,0
sct2,config16,5,FOUND INTEGER FEASIBLE,0.072288,0.175518,1,11,0,0,-177.631861,-182.222388,0.000000,0.000000,0
sct2,config17,1,FOUND INTEGER FEASIBLE,0.004849,0.081957,0,0,0,0,3651.911159,1015.412037,0.000000,0.000000,0
sct2,config17,2,FOUND INTEGER FEASIBLE,0.004770,0.081878,0,0,0,0,3651.911159,1015.412037,0.000000,0.000000,0
sct2,config17,3,FOUND INTEGER FEASIBLE,0.004915,0.090722,0,0,0,0,3651.911159,1015.412037,0.000000,0.000000,0
sct2,config17,4,FOUND INTEGER FEASIBLE,0.004762,0.081467,0,0,0,0,3651.911159,1015.412037,0.000000,0.000000,0
sct2,config17,5,FOUND INTEGER FEASIBLE,0.004780,0.081714,0,0,0,0,3651.911159,1015.412037,0.000000,0.000000,0
sct2,config21,1,FOUND INTEGER FEASIBLE,0.014439,0.074737,0,1,0,0,1149.074374,908.159345,0.000000,0.000000,0
sct2,config21,2,FOUND INTEGER FEASIBLE,0.014526,0.075676,0,1,0,0,1149.074374,908.159345,0.000000,0.000000,0
sct2,config21,3,FOUND INTEGER FEASIBLE,0.014575,0.067330,0,1,0,0,1149.074374,908.159345,0.000000,0.000000,0
sct2,config21,4,FOUND INTEGER FEASIBLE,0.014566,0.067461,0,1,0,0,1149.074374,908.159345,0.000000,0.000000,0
sct2,config21,5,FOUND INTEGER FEASIBLE,0.014720,0.075953,0,1,0,0,1149.074374,908.159345,0.000000,0.000000,0
sct2,config23,1,FOUND INTEGER FEASIBLE,0.014566,0.067622,0,1,0,0,1165.544489,1015.412037,0.000000,0.000000,0
sct2,config23,2,FOUND INTEGER FEASIBLE,0.014497,0.075223,0,1,0,0,1165.544489,1015.412037,0.000000,0.000000,0
sct2,config23,3,FOUND INTEGER FEASIBLE,0.014607,0.067293,0,1,0,0,1165.544489,1015.412037,0.000000,0.000000,0
sct2,config23,4,FOUND INTEGER FEASIBLE,0.014543,0.075340,0,1,0,0,1165.544489,1015.412037,0.000000,0.000000,0
sct2,config23,5,FOUND INTEGER FEASIBLE,0.014505,0.067356,0,1,0,0,1165.544489,1015.412037,0.000000,0.000000,0
seymour,config16,1,FOUND INTEGER FEASIBLE,1.381329,1.673318,1,6,0,0,462.000000,462.000000,0.000000,0.000000,0
seymour,config16,2,FOUND INTEGER FEASIBLE,0.806335,1.116298,1,6,0,0,447.000000,447.000000,0.000000,0.000000,0
seymour,config16,3,FOUND INTEGER FEASIBLE,1.376293,1.691466,1,6,0,0,552.000000,552.000000,0.000000,0.000000,0
seymour,config16,4,FOUND INTEGER FEASIBLE,1.371337,1.695583,1,6,0,0,442.000000,442.000000,0.000000,0.000000,0
seymour,config16,5,FOUND INTEGER FEASIBLE,0.867462,1.061608,1,6,0,0,669.000000,669.000000,0.000000,0.000000,0
seymour,config17,1,FOUND INTEGER FEASIBLE,0.692508,0.854160,1,6,0,0,462.000000,462.000000,0.000000,0.000000,0
seymour,config17,2,FOUND INTEGER FEASIBLE,1.391264,1.720196,1,6,0,0,447.000000,447.000000,0.000000,0.000000,0
seymour,config17,3,FOUND INTEGER FEASIBLE,1.400722,1.737805,1,6,0,0,552.000000,552.000000,0.000000,0.000000,0
seymour,config17,4,FOUND INTEGER FEASIBLE,1.378088,1.705220,1,6,0,0,442.000000,442.000000,0.000000,0.000000,0
seymour,config17,5,FOUND INTEGER FEASIBLE,1.376905,1.692918,1,6,0,0,669.000000,669.000000,0.000000,0.000000,0
seymour,config21,1,FOUND INTEGER FEASIBLE,0.006186,0.138945,0,0,0,0,1060.000000,1060.000000,0.000000,0.000000,0
seymour,config21,2,FOUND INTEGER FEASIBLE,0.010731,0.163195,0,0,0,0,1060.000000,1060.000000,0.000000,0.000000,0
seymour,config21,3,FOUND INTEGER FEASIBLE,0.003880,0.119753,0,0,0,0,1060.000000,1060.000000,0.000000,0.000000,0
seymour,config21,4,FOUND INTEGER FEASIBLE,0.003735,0.111817,0,0,0,0,1060.000000,1060.000000,0.000000,0.000000,0
seymour,config21,5,FOUND INTEGER FEASIBLE,0.003866,0.118814,0,0,0,0,1060.000000,1060.000000,0.000000,0.000000,0
seymour,config23,1,FOUND INTEGER FEASIBLE,0.003698,0.671086,1,0,0,0,464.000000,464.000000,0.000000,0.000000,0
seymour,config23,2,FOUND INTEGER FEASIBLE,0.003857,0.701317,1,0,0,0,446.000000,446.000000,0.000000,0.000000,0
seymour,config23,3,FOUND INTEGER FEASIBLE,0.003885,0.647536,1,0,0,0,562.000000,562.000000,0.000000,0.000000,0
seymour,config23,4,FOUND INTEGER FEASIBLE,0.003832,0.664861,1,0,0,0,442.000000,442.000000,0.000000,0.000000,0
seymour,config23,5,FOUND INTEGER FEASIBLE,0.003865,0.629621,1,0,0,0,713.000000,713.000000,0.000000,0.000000,0
seymour1,config16,1,FOUND INTEGER FEASIBLE,1.836367,2.068620,1,8,0,0,416.811701,414.896386,0.000000,0.000000,0
seymour1,config16,2,FOUND INTEGER FEASIBLE,2.406769,2.654562,1,8,0,0,425.710485,418.767290,0.000000,0.000000,0
seymour1,config16,3,FOUND INTEGER FEASIBLE,2.540456,2.763414,1,8,0,0,426.896258,425.771278,0.000000,0.000000,0
seymour1,config16,4,FOUND INTEGER FEASIBLE,2.846360,3.261102,1,8,0,0,420.975786,416.306466,0.000000,0.000000,0
seymour1,config16,5,FOUND INTEGER FEASIBLE,2.527064,2.750377,1,8,0,0,426.896258,425.771278,0.000000,0.000000,0
seymour1,config17,1,FOUND INTEGER FEASIBLE,0.020900,0.113216,1,3,0,0,1076.000000,423.222051,0.000000,0.000000,0
seymour1,config17,2,FOUND INTEGER FEASIBLE,0.021068,0.117793,1,3,0,0,1070.000000,417.222051,0.000000,0.000000,0
seymour1,config17,3,FOUND INTEGER FEASIBLE,0.015581,0.096308,1,3,0,0,1080.000000,425.991398,0.000000,0.000000,0
seymour1,config17,4,FOUND INTEGER FEASIBLE,0.020519,0.111660,1,3,0,0,1070.000000,417.222051,0.000000,0.000000,0
seymour1,config17,5,FOUND INTEGER FEASIBLE,0.020394,0.103104,1,3,0,0,1080.000000,425.991398,0.000000,0.000000,0
seymour1,config21,1,FOUND INTEGER FEASIBLE,0.004073,0.102606,0,0,0,0,1191.000000,506.963625,0.000000,0.000000,0
seymour1,config21,2,FOUND INTEGER FEASIBLE,0.006687,0.110086,0,0,0,0,1191.000000,506.963625,0.000000,0.000000,0
seymour1,config21,3,FOUND INTEGER FEASIBLE,0.003917,0.086208,0,0,0,0,1191.000000,506.963625,0.000000,0.000000,0
seymour1,config21,4,FOUND INTEGER FEASIBLE,0.004334,0.099626,0,0,0,0,1191.000000,506.963625,0.000000,0.000000,0
seymour1,config21,5,FOUND INTEGER FEASIBLE,0.004066,0.094583,0,0,0,0,1191.000000,506.963625,0.000000,0.000000,0
seymour1,config23,1,FOUND INTEGER FEASIBLE,0.003990,0.102848,1,0,0,0,1092.000000,427.298069,0.000000,0.000000,0
seymour1,config23,2,FOUND INTEGER FEASIBLE,0.003997,0.095496,1,0,0,0,1088.000000,423.298069,0.000000,0.000000,0
seymour1,config23,3,FOUND INTEGER FEASIBLE,0.004409,0.129091,1,0,0,0,1100.000000,435.298069,0.000000,0.000000,0
seymour1,config23,4,FOUND INTEGER FEASIBLE,0.006805,0.124185,1,0,0,0,1085.000000,421.553353,0.000000,0.000000,0
seymour1,config23,5,FOUND INTEGER FEASIBLE,0.003967,0.095591,1,0,0,0,1106.000000,440.664265,0.000000,0.000000,0
sing326,config16,1,FOUND INTEGER FEASIBLE,5.733825,6.419961,0,12,0,0,28184941.905917,28184941.905917,0.000000,0.000000,0
sing326,config16,2,FOUND INTEGER FEASIBLE,5.539323,6.217708,0,12,0,0,28184941.905917,28184941.905917,0.000000,0.000000,0
sing326,config16,3,FOUND INTEGER FEASIBLE,4.902963,5.297684,0,12,0,0,28184941.905917,28184941.905917,0.000000,0.000000,0
sing326,config16,4,FOUND INTEGER FEASIBLE,4.583164,5.254017,0,12,0,0,28184941.905917,28184941.905917,0.000000,0.000000,0
sing326,config16,5,FOUND INTEGER FEASIBLE,6.490554,7.192965,0,12,0,0,28184941.905917,28184941.905917,0.000000,0.000000,0
sing326,config17,1,FOUND INTEGER FEASIBLE,1.596981,2.354643,0,2,1,1,481336756.842913,479550620.275492,0.000000,0.000000,0
sing326,config17,2,FOUND INTEGER FEASIBLE,0.953758,1.387062,0,2,1,1,481336756.842913,479550620.275492,0.000000,0.000000,0
sing326,config17,3,FOUND INTEGER FEASIBLE,1.383924,2.033043,0,2,1,1,481336756.842913,479550620.275492,0.000000,0.000000,0
sing326,config17,4,FOUND INTEGER FEASIBLE,1.700301,2.542331,0,2,1,1,481336756.842913,479550620.275492,0.000000,0.000000,0
sing326,config17,5,FOUND INTEGER FEASIBLE,1.794275,2.593735,0,2,1,1,481336756.842913,479550620.275492,0.000000,0.000000,0
sing326,config21,1,FOUND INTEGER FEASIBLE,16.591420,17.306006,1,12,0,0,164124370.768822,162757668.582964,0.000000,0.000000,0
sing326,config21,2,FOUND INTEGER FEASIBLE,14.863703,15.553510,1,12,0,0,164124370.768822,162757668.582964,0.000000,0.000000,0
sing326,config21,3,FOUND INTEGER FEASIBLE,15.111059,15.646619,1,12,0,0,164124370.768822,162757668.582964,0.000000,0.000000,0
sing326,config21,4,FOUND INTEGER FEASIBLE,15.150669,15.859810,1,12,0,0,164124370.768822,162757668.582964,0.000000,0.000000,0
sing326,config21,5,FOUND INTEGER FEASIBLE,12.794972,13.343508,2,12,0,0,164124370.768822,162757668.582964,0.000000,0.000000,0
sing326,config23,1,FOUND INTEGER FEASIBLE,15.505235,16.210648,0,12,0,0,164262535.465710,162893637.672907,0.000000,0.000000,0
sing326,config23,2,FOUND INTEGER FEASIBLE,14.036638,14.579562,0,12,0,0,164262535.465710,162893637.672907,0.000000,0.000000,0
sing326,config23,3,FOUND INTEGER FEASIBLE,14.878656,15.428398,0,12,0,0,164262535.465710,162893637.672907,0.000000,0.000000,0
sing326,config23,4,FOUND INTEGER FEASIBLE,16.142094,16.521678,0,12,0,0,164262535.465710,162893637.672907,0.000000,0.000000,0
sing326,config23,5,FOUND INTEGER FEASIBLE,14.914656,15.292860,0,12,0,0,164262535.465710,162893637.672907,0.000000,0.000000,0
sing44,config16,1,FOUND INTEGER FEASIBLE,7.534883,8.288277,0,11,0,0,12712197.787805,12712197.787805,0.000000,0.000000,0
sing44,config16,2,FOUND INTEGER FEASIBLE,6.842504,7.595207,0,11,0,0,12712197.787805,12712197.787805,0.000000,0.000000,0
sing44,config16,3,FOUND INTEGER FEASIBLE,6.879952,7.637796,0,11,0,0,12712197.787805,12712197.787805,0.000000,0.000000,0
sing44,config16,4,FOUND INTEGER FEASIBLE,7.577541,8.340369,0,11,0,0,12712197.787805,12712197.787805,0.000000,0.000000,0
sing44,config16,5,FOUND INTEGER FEASIBLE,6.994255,7.746561,0,11,0,0,12712197.787805,12712197.787805,0.000000,0.000000,0
sing44,config17,1,FOUND INTEGER FEASIBLE,1.756455,2.620415,0,1,0,0,438320327.808968,428727224.782536,0.000000,0.000000,0
sing44,config17,2,FOUND INTEGER FEASIBLE,1.091957,1.620963,0,1,0,0,438320327.808968,428727224.782536,0.000000,0.000000,0
sing44,config17,3,FOUND INTEGER FEASIBLE,1.546604,2.230018,0,1,0,0,438320327.808968,428727224.782536,0.000000,0.000000,0
sing44,config17,4,FOUND INTEGER FEASIBLE,1.742256,2.647450,0,1,0,0,438320327.808968,428727224.782536,0.000000,0.000000,0
sing44,config17,5,FOUND INTEGER FEASIBLE,1.715266,2.600919,0,1,0,0,438320327.808968,428727224.782536,0.000000,0.000000,0
sing44,config21,1,FOUND INTEGER FEASIBLE,14.061983,14.656467,2,12,0,0,167479942.334113,164066949.439885,0.000000,0.000000,0
sing44,config21,2,FOUND INTEGER FEASIBLE,17.895059,18.667531,1,12,0,0,167573552.687596,164066949.439885,0.000000,0.000000,0
sing44,config21,3,FOUND INTEGER FEASIBLE,16.845807,17.604452,2,12,0,0,167479942.334113,164066949.439885,0.000000,0.000000,0
sing44,config21,4,FOUND INTEGER FEASIBLE,15.275753,15.734520,1,12,0,0,167573552.687596,164066949.439885,0.000000,0.000000,0
sing44,config21,5,FOUND INTEGER FEASIBLE,15.505264,15.938532,2,12,0,0,167479942.334113,164066949.439885,0.000000,0.000000,0
sing44,config23,1,FOUND INTEGER FEASIBLE,16.953298,17.702161,0,12,0,0,169190846.183130,165479625.279241,0.000000,0.000000,0
sing44,config23,2,FOUND INTEGER FEASIBLE,14.777649,15.520222,0,12,0,0,169190846.183130,165479625.279241,0.000000,0.000000,0
sing44,config23,3,FOUND INTEGER FEASIBLE,15.056257,15.675409,0,12,0,0,169190846.183130,165479625.279241,0.000000,0.000000,0
sing44,config23,4,FOUND INTEGER FEASIBLE,16.999423,17.615526,0,12,0,0,169190846.183130,165479625.279241,0.000000,0.000000,0
sing44,config23,5,FOUND INTEGER FEASIBLE,13.957362,14.549878,0,12,0,0,169190846.183130,165479625.279241,0.000000,0.000000,0
snp-02-004-104,config16,1,FOUND INTEGER FEASIBLE,4.452805,10.797970,0,8,0,0,763897131.000937,763897131.000952,0.000000,0.000000,0
snp-02-004-104,config16,2,FOUND INTEGER FEASIBLE,2.837255,8.208827,0,8,0,0,763897131.000937,763897131.000952,0.000000,0.000000,0
snp-02-004-104,config16,3,FOUND INTEGER FEASIBLE,3.320139,9.163419,0,8,0,0,763897131.000937,763897131.000952,0.000000,0.000000,0
snp-02-004-104,config16,4,FOUND INTEGER FEASIBLE,2.861674,9.881916,0,8,0,0,763897131.000937,763897131.000952,0.000000,0.000000,0
snp-02-004-104,config16,5,FOUND INTEGER FEASIBLE,2.833539,8.148573,0,8,0,0,763897131.000937,763897131.000952,0.000000,0.000000,0
snp-02-004-104,config17,1,FOUND INTEGER FEASIBLE,1.413554,5.868057,0,1,0,0,879714967594.387451,767496951.000953,0.000000,0.000000,0
snp-02-004-104,config17,2,FOUND INTEGER FEASIBLE,0.775311,3.629358,0,1,0,0,879714967594.387451,767496951.000953,0.000000,0.000000,0
snp-02-004-104,config17,3,FOUND INTEGER FEASIBLE,0.817860,4.366362,0,1,0,0,879714967594.387451,767496951.000953,0.000000,0.000000,0
snp-02-004-104,config17,4,FOUND INTEGER FEASIBLE,1.422433,5.402771,0,1,0,0,879714967594.387451,767496951.000953,0.000000,0.000000,0
snp-02-004-104,config17,5,FOUND INTEGER FEASIBLE,0.799317,4.734980,0,1,0,0,879714967594.387451,767496951.000953,0.000000,0.000000,0
snp-02-004-104,config21,1,FOUND INTEGER FEASIBLE,1.404068,5.833106,0,2,0,0,691023848795.260986,767496951.000953,0.000000,0.000000,0
snp-02-004-104,config21,2,FOUND INTEGER FEASIBLE,0.862033,4.934774,0,2,0,0,691023848795.260986,767496951.000953,0.000000,0.000000,0
snp-02-004-104,config21,3,FOUND INTEGER FEASIBLE,0.858237,3.865534,0,2,0,0,691023848795.260986,767496951.000953,0.000000,0.000000,0
snp-02-004-104,config21,4,FOUND INTEGER FEASIBLE,0.856208,4.594115,0,2,0,0,691023848795.260986,767496951.000953,0.000000,0.000000,0
snp-02-004-104,config21,5,FOUND INTEGER FEASIBLE,0.861863,4.949301,0,2,0,0,691023848795.260986,767496951.000953,0.000000,0.000000,0
snp-02-004-104,config23,1,FOUND INTEGER FEASIBLE,0.861227,4.879805,0,2,0,0,691023848795.260986,767496951.000953,0.000000,0.000000,0
snp-02-004-104,config23,2,FOUND INTEGER FEASIBLE,0.862411,4.900654,0,2,0,0,691023848795.260986,767496951.000953,0.000000,0.000000,0
snp-02-004-104,config23,3,FOUND INTEGER FEASIBLE,0.857366,5.663922,0,2,0,0,691023848795.260986,767496951.000953,0.000000,0.000000,0
snp-02-004-104,config23,4,FOUND INTEGER FEASIBLE,0.887187,5.492002,0,2,0,0,691023848795.260986,767496951.000953,0.000000,0.000000,0
snp-02-004-104,config23,5,FOUND INTEGER FEASIBLE,0.864192,5.045029,0,2,0,0,691023848795.260986,767496951.000953,0.000000,0.000000,0
sorrell3,config16,1,FOUND INTEGER FEASIBLE,0.640796,2.317498,1,10,0,0,-6.000000,-6.000000,0.000000,0.000000,0
sorrell3,config16,2,FOUND INTEGER FEASIBLE,0.631580,1.634871,1,10,0,0,-2.000000,-2.000000,0.000000,0.000000,0
sorrell3,config16,3,FOUND INTEGER FEASIBLE,0.852877,2.584069,1,10,0,0,-10.000000,-10.000000,0.000000,0.000000,0
sorrell3,config16,4,FOUND INTEGER FEASIBLE,0.626259,2.308059,1,10,0,0,-4.000000,-4.000000,0.000000,0.000000,0
sorrell3,config16,5,FOUND INTEGER FEASIBLE,0.680091,2.384384,1,10,0,0,-10.000000,-10.000000,0.000000,0.000000,0
sorrell3,config17,1,FOUND INTEGER FEASIBLE,0.002674,1.346404,0,0,0,0,-2.000000,-2.000000,0.000000,0.000000,0
sorrell3,config17,2,FOUND INTEGER FEASIBLE,0.002188,1.101225,0,0,0,0,-2.000000,-2.000000,0.000000,0.000000,0
sorrell3,config17,3,FOUND INTEGER FEASIBLE,0.003243,1.728732,0,0,0,0,-2.000000,-2.000000,0.000000,0.000000,0
sorrell3,config17,4,FOUND INTEGER FEASIBLE,0.002939,1.751836,0,0,0,0,-2.000000,-2.000000,0.000000,0.000000,0
sorrell3,config17,5,FOUND INTEGER FEASIBLE,0.003038,1.737026,0,0,0,0,-2.000000,-2.000000,0.000000,0.000000,0
sorrell3,config21,1,FOUND INTEGER FEASIBLE,0.797268,2.983941,1,10,0,0,-2.000000,-2.000000,0.000000,0.000000,0
sorrell3,config21,2,FOUND INTEGER FEASIBLE,0.814844,2.950057,1,10,0,0,-2.000000,-2.000000,0.000000,0.000000,0
sorrell3,config21,3,FOUND INTEGER FEASIBLE,1.098799,3.717429,1,10,0,0,-7.000000,-7.000000,0.000000,0.000000,0
sorrell3,config21,4,FOUND INTEGER FEASIBLE,0.798102,2.945291,1,10,0,0,-2.000000,-2.000000,0.000000,0.000000,0
sorrell3,config21,5,FOUND INTEGER FEASIBLE,0.844578,2.782581,1,10,0,0,-10.000000,-10.000000,0.000000,0.000000,0
sorrell3,config23,1,FOUND INTEGER FEASIBLE,0.787826,2.473270,0,10,0,0,-2.000000,-2.000000,0.000000,0.000000,0
sorrell3,config23,2,FOUND INTEGER FEASIBLE,0.798983,2.549640,0,10,0,0,-2.000000,-2.000000,0.000000,0.000000,0
sorrell3,config23,3,FOUND INTEGER FEASIBLE,0.803621,2.501698,0,10,0,0,-2.000000,-2.000000,0.000000,0.000000,0
sorrell3,config23,4,FOUND INTEGER FEASIBLE,0.844972,2.191529,0,10,0,0,-2.000000,-2.000000,0.000000,0.000000,0
sorrell3,config23,5,FOUND INTEGER FEASIBLE,0.842489,2.180465,0,10,0,0,-2.000000,-2.000000,0.000000,0.000000,0
sp150x300d,config16,1,FOUND INTEGER FEASIBLE,0.002804,0.019799,3,6,0,0,75.000000,75.000000,0.000000,0.000000,0
sp150x300d,config16,2,FOUND INTEGER FEASIBLE,0.002583,0.019435,5,6,0,0,75.000000,75.000000,0.000000,0.000000,0
sp150x300d,config16,3,FOUND INTEGER FEASIBLE,0.002587,0.018798,3,6,0,0,75.000000,75.000000,0.000000,0.000000,0
sp150x300d,config16,4,FOUND INTEGER FEASIBLE,0.002540,0.017999,3,6,0,0,75.000000,75.000000,0.000000,0.000000,0
sp150x300d,config16,5,FOUND INTEGER FEASIBLE,0.002582,0.017794,2,6,0,0,74.000000,74.000000,0.000000,0.000000,0
sp150x300d,config17,1,FOUND INTEGER FEASIBLE,0.002268,0.017121,3,6,0,0,81.000000,81.000000,0.000000,0.000000,0
sp150x300d,config17,2,FOUND INTEGER FEASIBLE,0.002351,0.018683,5,6,0,0,81.000000,81.000000,0.000000,0.000000,0
sp150x300d,config17,3,FOUND INTEGER FEASIBLE,0.002324,0.017797,3,6,0,0,81.000000,81.000000,0.000000,0.000000,0
sp150x300d,config17,4,FOUND INTEGER FEASIBLE,0.002366,0.017859,3,6,0,0,81.000000,81.000000,0.000000,0.000000,0
sp150x300d,config17,5,FOUND INTEGER FEASIBLE,0.002269,0.016946,2,6,0,0,81.000000,81.000000,0.000000,0.000000,0
sp150x300d,config21,1,FOUND INTEGER FEASIBLE,0.000979,0.010008,0,0,0,0,300.000000,300.000000,0.000000,0.000000,0
sp150x300d,config21,2,FOUND INTEGER FEASIBLE,0.000959,0.009891,0,0,0,0,300.000000,300.000000,0.000000,0.000000,0
sp150x300d,config21,3,FOUND INTEGER FEASIBLE,0.001306,0.013438,0,0,0,0,300.000000,300.000000,0.000000,0.000000,0
sp150x300d,config21,4,FOUND INTEGER FEASIBLE,0.001394,0.013904,0,0,0,0,300.000000,300.000000,0.000000,0.000000,0
sp150x300d,config21,5,FOUND INTEGER FEASIBLE,0.001256,0.013342,0,0,0,0,300.000000,300.000000,0.000000,0.000000,0
sp150x300d,config23,1,FOUND INTEGER FEASIBLE,0.001318,0.017386,4,0,0,0,83.000000,83.000000,0.000000,0.000000,0
sp150x300d,config23,2,FOUND INTEGER FEASIBLE,0.001359,0.016644,5,0,0,0,83.000000,83.000000,0.000000,0.000000,0
sp150x300d,config23,3,FOUND INTEGER FEASIBLE,0.001392,0.016123,3,0,0,0,83.000000,83.000000,0.000000,0.000000,0
sp150x300d,config23,4,FOUND INTEGER FEASIBLE,0.001285,0.015399,3,0,0,0,83.000000,83.000000,0.000000,0.000000,0
sp150x300d,config23,5,FOUND INTEGER FEASIBLE,0.001310,0.015420,2,0,0,0,83.000000,83.000000,0.000000,0.000000,0
sp97ar,config16,1,FOUND INTEGER FEASIBLE,0.498237,1.120763,1,11,0,0,804308982.400000,804308982.400000,0.000000,0.000000,0
sp97ar,config16,2,FOUND INTEGER FEASIBLE,0.496858,1.128158,1,11,0,0,801347659.840000,801347659.840000,0.000000,0.000000,0
sp97ar,config16,3,FOUND INTEGER FEASIBLE,0.497587,1.120915,1,11,0,0,826684028.800000,826684028.800000,0.000000,0.000000,0
sp97ar,config16,4,FOUND INTEGER FEASIBLE,0.500753,1.119532,1,11,0,0,804308982.400000,804308982.400000,0.000000,0.000000,0
sp97ar,config16,5,FOUND INTEGER FEASIBLE,0.496248,1.116668,1,11,0,0,839891492.800000,839891492.800000,0.000000,0.000000,0
sp97ar,config17,1,FOUND INTEGER FEASIBLE,0.332413,0.959022,1,10,0,0,1493436984.000000,1493436984.000000,0.000000,0.000000,0
sp97ar,config17,2,FOUND INTEGER FEASIBLE,0.331637,0.957420,1,10,0,0,1386159713.600000,1386159713.600000,0.000000,0.000000,0
sp97ar,config17,3,FOUND INTEGER FEASIBLE,0.332183,0.967230,1,10,0,0,1894166662.720000,1894166662.720000,0.000000,0.000000,0
sp97ar,config17,4,FOUND INTEGER FEASIBLE,0.331308,0.961809,1,10,0,0,1370779018.560000,1370779018.560000,0.000000,0.000000,0
sp97ar,config17,5,FOUND INTEGER FEASIBLE,0.331569,0.959305,1,10,0,0,2351350600.000000,2351350600.000000,0.000000,0.000000,0
sp97ar,config21,1,FOUND INTEGER FEASIBLE,0.167724,1.266870,0,1,0,0,43188584995.200058,43188584995.199997,0.000000,0.000000,0
sp97ar,config21,2,FOUND INTEGER FEASIBLE,0.166560,1.261595,0,1,0,0,43188584995.200058,43188584995.199997,0.000000,0.000000,0
sp97ar,config21,3,FOUND INTEGER FEASIBLE,0.171574,1.269421,0,1,0,0,43188584995.200058,43188584995.199997,0.000000,0.000000,0
sp97ar,config21,4,FOUND INTEGER FEASIBLE,0.168168,1.261287,0,1,0,0,43188584995.200058,43188584995.199997,0.000000,0.000000,0
sp97ar,config21,5,FOUND INTEGER FEASIBLE,0.169603,1.271565,0,1,0,0,43188584995.200058,43188584995.199997,0.000000,0.000000,0
sp97ar,config23,1,FOUND INTEGER FEASIBLE,0.129880,1.096007,1,1,0,0,1696028835.200000,1696028835.200000,0.000000,0.000000,0
sp97ar,config23,2,FOUND INTEGER FEASIBLE,0.129176,1.122165,1,1,0,0,1487979427.200000,1487979427.200000,0.000000,0.000000,0
sp97ar,config23,3,FOUND INTEGER FEASIBLE,0.168979,1.432492,1,1,0,0,2138398551.680000,2138398551.680000,0.000000,0.000000,0
sp97ar,config23,4,FOUND INTEGER FEASIBLE,0.168512,1.442985,1,1,0,0,1487979427.200000,1487979427.200000,0.000000,0.000000,0
sp97ar,config23,5,FOUND INTEGER FEASIBLE,0.169907,1.428027,1,1,0,0,3092034187.200000,3092034187.199999,0.000000,0.000000,0
sp98ar,config16,1,FOUND INTEGER FEASIBLE,0.523708,1.537218,1,12,0,0,677298073.600000,677298073.600000,0.000000,0.000000,0
sp98ar,config16,2,FOUND INTEGER FEASIBLE,0.514842,1.500622,1,12,0,0,640329313.120000,640329313.120000,0.000000,0.000000,0
sp98ar,config16,3,FOUND INTEGER FEASIBLE,0.517369,1.510491,1,12,0,0,694612517.280000,694612517.280000,0.000000,0.000000,0
sp98ar,config16,4,FOUND INTEGER FEASIBLE,0.268612,0.949609,1,12,0,0,640329313.120000,640329313.120000,0.000000,0.000000,0
sp98ar,config16,5,FOUND INTEGER FEASIBLE,0.270606,0.766063,1,12,0,0,722798830.880000,722798830.880000,0.000000,0.000000,0
sp98ar,config17,1,FOUND INTEGER FEASIBLE,0.253598,1.299216,1,9,0,0,1012771620.480000,1012771620.480000,0.000000,0.000000,0
sp98ar,config17,2,FOUND INTEGER FEASIBLE,0.262332,1.302138,1,9,0,0,914092640.960000,914092640.960000,0.000000,0.000000,0
sp98ar,config17,3,FOUND INTEGER FEASIBLE,0.254829,1.289903,1,9,0,0,1035536168.960000,1035536168.960000,0.000000,0.000000,0
sp98ar,config17,4,FOUND INTEGER FEASIBLE,0.262959,1.304407,1,9,0,0,945699429.760000,945699429.760000,0.000000,0.000000,0
sp98ar,config17,5,FOUND INTEGER FEASIBLE,0.257815,1.275638,1,9,0,0,1035536168.960000,1035536168.960000,0.000000,0.000000,0
sp98ar,config21,1,FOUND INTEGER FEASIBLE,0.223757,1.844525,0,1,0,0,27635911561.759995,27635911561.759998,0.000000,0.000000,0
sp98ar,config21,2,FOUND INTEGER FEASIBLE,0.225495,1.880960,0,1,0,0,27635911561.759995,27635911561.759998,0.000000,0.000000,0
sp98ar,config21,3,FOUND INTEGER FEASIBLE,0.226588,1.861071,0,1,0,0,27635911561.759995,27635911561.759998,0.000000,0.000000,0
sp98ar,config21,4,FOUND INTEGER FEASIBLE,0.227034,1.843164,0,1,0,0,27635911561.759995,27635911561.759998,0.000000,0.000000,0
sp98ar,config21,5,FOUND INTEGER FEASIBLE,0.119980,1.073756,0,1,0,0,27635911561.759995,27635911561.759998,0.000000,0.000000,0
sp98ar,config23,1,FOUND INTEGER FEASIBLE,0.223994,1.893915,1,1,0,0,1081941847.200000,1081941847.200000,0.000000,0.000000,0
sp98ar,config23,2,FOUND INTEGER FEASIBLE,0.227039,1.864296,1,1,0,0,1149106861.920000,1149106861.920000,0.000000,0.000000,0
sp98ar,config23,3,FOUND INTEGER FEASIBLE,0.225626,1.909252,1,1,0,0,1330057393.440000,1330057393.440000,0.000000,0.000000,0
sp98ar,config23,4,FOUND INTEGER FEASIBLE,0.236254,1.928353,1,1,0,0,1018957766.240000,1018957766.240000,0.000000,0.000000,0
sp98ar,config23,5,FOUND INTEGER FEASIBLE,0.173931,1.516452,1,1,0,0,1634130485.440000,1634130485.440000,0.000000,0.000000,0
splice1k1,config16,1,FOUND INTEGER FEASIBLE,42.176376,158.905935,23,4,0,0,-39.000000,-39.000000,0.000000,0.000000,0
splice1k1,config16,2,FOUND INTEGER FEASIBLE,43.784384,148.142177,16,4,0,0,-4.000000,-4.000000,0.000000,0.000000,0
splice1k1,config16,3,FOUND INTEGER FEASIBLE,41.501301,126.253451,3,4,0,0,-4.000000,-4.000000,0.000000,0.000000,0
splice1k1,config16,4,FOUND INTEGER FEASIBLE,40.830774,124.498456,4,4,0,0,-3.000000,-3.000000,0.000000,0.000000,0
splice1k1,config16,5,FOUND INTEGER FEASIBLE,48.692749,133.604156,4,4,0,0,-3.000000,-3.000000,0.000000,0.000000,0
splice1k1,config17,1,FOUND INTEGER FEASIBLE,13.474192,29.300868,20,10,0,0,-3.000000,-3.000000,0.000000,0.000000,0
splice1k1,config17,2,FOUND INTEGER FEASIBLE,12.806632,22.771619,13,10,0,0,-8.000000,-8.000000,0.000000,0.000000,0
splice1k1,config17,3,FOUND INTEGER FEASIBLE,14.193786,21.929035,12,10,0,0,-5.000000,-5.000000,0.000000,0.000000,0
splice1k1,config17,4,FOUND INTEGER FEASIBLE,14.236913,26.899850,13,10,0,0,-4.000000,-4.000000,0.000000,0.000000,0
splice1k1,config17,5,FOUND INTEGER FEASIBLE,12.738050,31.110552,21,10,0,0,-5.000000,-5.000000,0.000000,0.000000,0
splice1k1,config21,1,FOUND INTEGER FEASIBLE,1.053397,3.262395,0,2,0,0,0.000000,0.000000,0.000000,0.000000,0
splice1k1,config21,2,FOUND INTEGER FEASIBLE,1.071271,3.682428,0,2,0,0,0.000000,0.000000,0.000000,0.000000,0
splice1k1,config21,3,FOUND INTEGER FEASIBLE,1.203122,3.794805,0,2,0,0,0.000000,0.000000,0.000000,0.000000,0
splice1k1,config21,4,FOUND INTEGER FEASIBLE,0.806760,3.180044,0,2,0,0,0.000000,0.000000,0.000000,0.000000,0
splice1k1,config21,5,FOUND INTEGER FEASIBLE,0.817919,3.159037,0,2,0,0,0.000000,0.000000,0.000000,0.000000,0
splice1k1,config23,1,FOUND INTEGER FEASIBLE,0.812470,3.196156,0,2,0,0,0.000000,0.000000,0.000000,0.000000,0
splice1k1,config23,2,FOUND INTEGER FEASIBLE,0.819404,3.213769,0,2,0,0,0.000000,0.000000,0.000000,0.000000,0
splice1k1,config23,3,FOUND INTEGER FEASIBLE,0.919488,3.443714,0,2,0,0,0.000000,0.000000,0.000000,0.000000,0
splice1k1,config23,4,FOUND INTEGER FEASIBLE,0.815305,3.195572,0,2,0,0,0.000000,0.000000,0.000000,0.000000,0
splice1k1,config23,5,FOUND INTEGER FEASIBLE,0.804952,3.254861,0,2,0,0,0.000000,0.000000,0.000000,0.000000,0
square41,config16,1,FAILED TO FIND AN INTEGER FEASIBLE SOLUTION,2.503875,3600,96,4,4,0,0.000000,0.000000,15.068891,19.519914,337
square41,config16,2,FOUND INTEGER FEASIBLE,2.562809,3110.537670,95,4,4,0,16.000000,16.000000,0.000000,0.000000,0
square41,config16,3,FAILED TO FIND AN INTEGER FEASIBLE SOLUTION,2.948790,3600,100,4,4,0,0.000000,0.000000,15.115954,18.614817,340
square41,config16,4,FOUND INTEGER FEASIBLE,2.315607,3373.232501,92,4,4,0,24.000000,24.000000,0.000000,0.000000,0
square41,config16,5,FAILED TO FIND AN INTEGER FEASIBLE SOLUTION,2.558640,3600,101,4,4,0,0.000000,0.000000,15.068891,18.559742,359
square41,config17,1,FOUND INTEGER FEASIBLE,3.356852,736.056819,88,4,1,0,16.000000,16.000000,0.000000,0.000000,0
square41,config17,2,FOUND INTEGER FEASIBLE,2.883793,683.707782,87,4,1,0,16.000000,16.000000,0.000000,0.000000,0
square41,config17,3,FOUND INTEGER FEASIBLE,3.222637,735.819372,88,4,1,0,16.000000,16.000000,0.000000,0.000000,0
square41,config17,4,FOUND INTEGER FEASIBLE,2.728704,220.707108,86,4,1,0,17.000000,17.000000,0.000000,0.000000,0
square41,config17,5,FOUND INTEGER FEASIBLE,2.386416,690.743608,91,4,1,0,16.000000,16.000000,0.000000,0.000000,0
square41,config21,1,FOUND INTEGER FEASIBLE,1.808987,545.349004,12,2,0,0,143.000000,143.000000,0.000000,0.000000,0
square41,config21,2,FOUND INTEGER FEASIBLE,2.045835,731.764583,16,2,0,0,143.000000,143.000000,0.000000,0.000000,0
square41,config21,3,FOUND INTEGER FEASIBLE,1.689918,708.031238,19,2,0,0,150.000000,150.000000,0.000000,0.000000,0
square41,config21,4,FOUND INTEGER FEASIBLE,1.930666,2427.370024,67,2,2,0,163.000000,163.000000,0.000000,0.000000,0
square41,config21,5,FOUND INTEGER FEASIBLE,1.322443,127.436954,1,2,0,0,133.000000,133.000000,0.000000,0.000000,0
square41,config23,1,FOUND INTEGER FEASIBLE,1.353223,2417.346593,28,2,2,0,39.000000,39.000000,0.000000,0.000000,0
square41,config23,2,FOUND INTEGER FEASIBLE,1.311766,2412.013209,27,2,1,0,50.000000,50.000000,0.000000,0.000000,0
square41,config23,3,FOUND INTEGER FEASIBLE,1.298305,1218.162742,13,2,1,0,20.000000,20.000000,0.000000,0.000000,0
square41,config23,4,FOUND INTEGER FEASIBLE,1.286894,653.116119,5,2,0,0,23.000000,23.000000,0.000000,0.000000,0
square41,config23,5,FOUND INTEGER FEASIBLE,1.307848,196.542533,2,2,0,0,17.000000,17.000000,0.000000,0.000000,0
square47,config16,1,FAILED TO FIND AN INTEGER FEASIBLE SOLUTION,5.676514,3600,94,3,3,0,0.000000,0.000000,15.976744,19.627907,347
square47,config16,2,FAILED TO FIND AN INTEGER FEASIBLE SOLUTION,4.650859,3600,92,3,3,0,0.000000,0.000000,15.976744,20.558140,347
square47,config16,3,FAILED TO FIND AN INTEGER FEASIBLE SOLUTION,5.744407,3600,92,3,3,0,0.000000,0.000000,15.976744,19.627907,347
square47,config16,4,FOUND INTEGER FEASIBLE,5.869589,1027.102807,88,3,2,0,19.000000,19.000000,0.000000,0.000000,0
square47,config16,5,FAILED TO FIND AN INTEGER FEASIBLE SOLUTION,6.082098,3600,89,3,3,0,0.000000,0.000000,15.976744,20.127907,347
square47,config17,1,FAILED TO FIND AN INTEGER FEASIBLE SOLUTION,7.515579,3600,93,3,3,0,0.000000,0.000000,15.976744,19.953488,347
square47,config17,2,FAILED TO FIND AN INTEGER FEASIBLE SOLUTION,5.844647,3600,93,3,3,0,0.000000,0.000000,15.976744,19.627907,347
square47,config17,3,FOUND INTEGER FEASIBLE,7.028820,1015.228153,119,3,2,0,17.000000,17.000000,0.000000,0.000000,0
square47,config17,4,FAILED TO FIND AN INTEGER FEASIBLE SOLUTION,5.752379,3600,95,3,3,0,0.000000,0.000000,15.976744,20.558140,347
square47,config17,5,FAILED TO FIND AN INTEGER FEASIBLE SOLUTION,8.096749,3600,94,3,3,0,0.000000,0.000000,15.976744,21.302326,347
square47,config21,1,FOUND INTEGER FEASIBLE,2.871969,2454.492389,8,2,2,0,205.000000,205.000000,0.000000,0.000000,0
square47,config21,2,FOUND INTEGER FEASIBLE,3.027009,2444.116512,8,2,2,0,215.000000,215.000000,0.000000,0.000000,0
square47,config21,3,FOUND INTEGER FEASIBLE,3.261444,2438.812029,10,2,2,0,209.000000,209.000000,0.000000,0.000000,0
square47,config21,4,FOUND INTEGER FEASIBLE,3.339824,2437.968789,9,2,2,0,180.000000,180.000000,0.000000,0.000000,0
square47,config21,5,FOUND INTEGER FEASIBLE,2.835099,1233.846266,4,2,1,0,182.000000,182.000000,0.000000,0.000000,0
square47,config23,1,FOUND INTEGER FEASIBLE,3.271148,1221.701172,2,2,0,0,16.000000,16.000000,0.000000,0.000000,0
square47,config23,2,FOUND INTEGER FEASIBLE,2.728926,1239.845702,3,2,1,0,20.000000,20.000000,0.000000,0.000000,0
square47,config23,3,FOUND INTEGER FEASIBLE,2.650160,2438.457826,7,2,2,0,22.000000,22.000000,0.000000,0.000000,0
square47,config23,4,FOUND INTEGER FEASIBLE,2.446295,2440.683522,6,2,2,0,26.000000,26.000000,0.000000,0.000000,0
square47,config23,5,FOUND INTEGER FEASIBLE,3.087747,1233.410827,3,2,1,0,22.000000,22.000000,0.000000,0.000000,0
supportcase10,config16,1,FOUND INTEGER FEASIBLE,333.892278,2863.735872,64,9,7,0,22.000000,22.000000,0.000000,0.000000,0
supportcase10,config16,2,FOUND INTEGER FEASIBLE,344.170845,3235.631575,64,9,8,0,21.000000,21.000000,0.000000,0.000000,0
supportcase10,config16,3,FOUND INTEGER FEASIBLE,331.518293,3207.495842,61,9,8,0,21.000000,21.000000,0.000000,0.000000,0
supportcase10,config16,4,FOUND INTEGER FEASIBLE,337.905501,2908.639783,63,9,7,0,18.000000,18.000000,0.000000,0.000000,0
supportcase10,config16,5,FOUND INTEGER FEASIBLE,314.646178,3073.809271,65,9,8,0,20.000000,20.000000,0.000000,0.000000,0
supportcase10,config17,1,FAILED TO FIND AN INTEGER FEASIBLE SOLUTION,321.180147,3600,57,3,2,0,0.000000,0.000000,834.279093,664.290327,6453
supportcase10,config17,2,FOUND INTEGER FEASIBLE,344.056441,2881.005841,92,3,3,0,23.000000,23.000000,0.000000,0.000000,0
supportcase10,config17,3,FOUND INTEGER FEASIBLE,339.597717,2836.932457,77,3,3,0,18.000000,18.000000,0.000000,0.000000,0
supportcase10,config17,4,FOUND INTEGER FEASIBLE,341.234623,2862.401867,83,3,3,0,17.000000,17.000000,0.000000,0.000000,0
supportcase10,config17,5,FOUND INTEGER FEASIBLE,343.990926,2878.291121,94,3,3,0,17.000000,17.000000,0.000000,0.000000,0
supportcase10,config21,1,FOUND INTEGER FEASIBLE,0.227420,3.000527,0,0,0,0,70.000000,70.000000,0.000000,0.000000,0
supportcase10,config21,2,FOUND INTEGER FEASIBLE,0.190182,4.016121,0,0,0,0,70.000000,70.000000,0.000000,0.000000,0
supportcase10,config21,3,FOUND INTEGER FEASIBLE,0.305154,3.828954,0,0,0,0,70.000000,70.000000,0.000000,0.000000,0
supportcase10,config21,4,FOUND INTEGER FEASIBLE,0.310528,4.143490,0,0,0,0,70.000000,70.000000,0.000000,0.000000,0
supportcase10,config21,5,FOUND INTEGER FEASIBLE,0.311670,4.067846,0,0,0,0,70.000000,70.000000,0.000000,0.000000,0
supportcase10,config23,1,FOUND INTEGER FEASIBLE,0.190749,1042.198711,15,0,0,0,22.000000,22.000000,0.000000,0.000000,0
supportcase10,config23,2,FOUND INTEGER FEASIBLE,0.307743,981.026193,15,0,0,0,20.000000,20.000000,0.000000,0.000000,0
supportcase10,config23,3,FOUND INTEGER FEASIBLE,0.180037,1011.261315,13,0,0,0,22.000000,22.000000,0.000000,0.000000,0
supportcase10,config23,4,FOUND INTEGER FEASIBLE,0.189159,896.639808,12,0,0,0,19.000000,19.000000,0.000000,0.000000,0
supportcase10,config23,5,FOUND INTEGER FEASIBLE,0.185782,682.539842,14,0,0,0,20.000000,20.000000,0.000000,0.000000,0
supportcase12,config16,1,FOUND INTEGER FEASIBLE,0.000040,8.398428,1,0,0,0,-986.363707,-1195.978911,0.000000,0.000000,0
supportcase12,config16,2,FOUND INTEGER FEASIBLE,0.000013,6.980871,1,0,0,0,-4761.980890,-5668.982827,0.000000,0.000000,0
supportcase12,config16,3,FOUND INTEGER FEASIBLE,0.000022,7.703844,1,0,0,0,-5306.309476,-7372.307423,0.000000,0.000000,0
supportcase12,config16,4,FOUND INTEGER FEASIBLE,0.000020,7.799325,1,0,0,0,-4859.821797,-7010.044704,0.000000,0.000000,0
supportcase12,config16,5,FOUND INTEGER FEASIBLE,0.000013,6.486572,1,0,0,0,-986.363707,-1195.978911,0.000000,0.000000,0
supportcase12,config17,1,FOUND INTEGER FEASIBLE,0.000021,4.648515,0,0,0,0,0.000000,0.000000,0.000000,0.000000,0
supportcase12,config17,2,FOUND INTEGER FEASIBLE,0.000021,4.029254,0,0,0,0,0.000000,0.000000,0.000000,0.000000,0
supportcase12,config17,3,FOUND INTEGER FEASIBLE,0.000013,2.606800,0,0,0,0,0.000000,0.000000,0.000000,0.000000,0
supportcase12,config17,4,FOUND INTEGER FEASIBLE,0.000017,3.676599,0,0,0,0,0.000000,0.000000,0.000000,0.000000,0
supportcase12,config17,5,FOUND INTEGER FEASIBLE,0.000017,3.955918,0,0,0,0,0.000000,0.000000,0.000000,0.000000,0
supportcase12,config21,1,FOUND INTEGER FEASIBLE,0.000022,4.254148,0,0,0,0,0.000000,0.000000,0.000000,0.000000,0
supportcase12,config21,2,FOUND INTEGER FEASIBLE,0.000013,3.575969,0,0,0,0,0.000000,0.000000,0.000000,0.000000,0
supportcase12,config21,3,FOUND INTEGER FEASIBLE,0.000017,4.016416,0,0,0,0,0.000000,0.000000,0.000000,0.000000,0
supportcase12,config21,4,FOUND INTEGER FEASIBLE,0.000022,3.627038,0,0,0,0,0.000000,0.000000,0.000000,0.000000,0
supportcase12,config21,5,FOUND INTEGER FEASIBLE,0.000013,3.238441,0,0,0,0,0.000000,0.000000,0.000000,0.000000,0
supportcase12,config23,1,FOUND INTEGER FEASIBLE,0.000021,3.435862,0,0,0,0,0.000000,0.000000,0.000000,0.000000,0
supportcase12,config23,2,FOUND INTEGER FEASIBLE,0.000013,3.554815,0,0,0,0,0.000000,0.000000,0.000000,0.000000,0
supportcase12,config23,3,FOUND INTEGER FEASIBLE,0.000028,3.563030,0,0,0,0,0.000000,0.000000,0.000000,0.000000,0
supportcase12,config23,4,FOUND INTEGER FEASIBLE,0.000013,3.921931,0,0,0,0,0.000000,0.000000,0.000000,0.000000,0
supportcase12,config23,5,FOUND INTEGER FEASIBLE,0.000017,3.793927,0,0,0,0,0.000000,0.000000,0.000000,0.000000,0
supportcase18,config16,1,FOUND INTEGER FEASIBLE,0.056968,1.334981,369,10,3,0,64.000000,64.000000,0.000000,0.000000,0
supportcase18,config16,2,FOUND INTEGER FEASIBLE,0.056999,1.843928,562,10,4,0,62.000000,62.000000,0.000000,0.000000,0
supportcase18,config16,3,FOUND INTEGER FEASIBLE,0.056588,1.500128,435,10,3,0,63.000000,63.000000,0.000000,0.000000,0
supportcase18,config16,4,FOUND INTEGER FEASIBLE,0.056897,1.523935,442,10,3,0,64.000000,64.000000,0.000000,0.000000,0
supportcase18,config16,5,FOUND INTEGER FEASIBLE,0.056827,1.584069,431,10,4,0,63.000000,63.000000,0.000000,0.000000,0
supportcase18,config17,1,FOUND INTEGER FEASIBLE,0.047809,0.573826,119,11,0,0,78.000000,78.000000,0.000000,0.000000,0
supportcase18,config17,2,FOUND INTEGER FEASIBLE,0.055742,0.848580,118,11,1,0,73.000000,73.000000,0.000000,0.000000,0
supportcase18,config17,3,FOUND INTEGER FEASIBLE,0.055970,0.800536,108,11,1,0,69.000000,69.000000,0.000000,0.000000,0
supportcase18,config17,4,FOUND INTEGER FEASIBLE,0.057036,0.510025,54,11,0,0,77.000000,77.000000,0.000000,0.000000,0
supportcase18,config17,5,FOUND INTEGER FEASIBLE,0.053172,0.593020,80,11,0,0,77.000000,77.000000,0.000000,0.000000,0
supportcase18,config21,1,FOUND INTEGER FEASIBLE,0.158151,0.375857,5,12,1,1,69.000000,69.000000,0.000000,0.000000,0
supportcase18,config21,2,FOUND INTEGER FEASIBLE,0.157288,0.666001,109,12,1,1,63.000000,63.000000,0.000000,0.000000,0
supportcase18,config21,3,FOUND INTEGER FEASIBLE,0.159166,0.804064,114,12,2,1,68.000000,68.000000,0.000000,0.000000,0
supportcase18,config21,4,FOUND INTEGER FEASIBLE,0.156512,0.808878,113,12,2,1,68.000000,68.000000,0.000000,0.000000,0
supportcase18,config21,5,FOUND INTEGER FEASIBLE,0.158113,0.609045,86,12,1,1,64.000000,64.000000,0.000000,0.000000,0
supportcase18,config23,1,FOUND INTEGER FEASIBLE,0.158736,0.844928,103,12,2,1,66.000000,66.000000,0.000000,0.000000,0
supportcase18,config23,2,FOUND INTEGER FEASIBLE,0.158097,0.921665,121,12,2,1,70.000000,70.000000,0.000000,0.000000,0
supportcase18,config23,3,FOUND INTEGER FEASIBLE,0.158739,0.712320,103,12,1,1,65.000000,65.000000,0.000000,0.000000,0
supportcase18,config23,4,FOUND INTEGER FEASIBLE,0.158448,1.055413,185,12,2,1,66.000000,66.000000,0.000000,0.000000,0
supportcase18,config23,5,FOUND INTEGER FEASIBLE,0.147367,0.566846,87,12,1,1,64.000000,64.000000,0.000000,0.000000,0
supportcase19,config16,1,FAILED TO FIND AN INTEGER FEASIBLE SOLUTION,3590.818513,3600,0,0,0,-1,0.000000,0.000000,1429098.000000,100000000000000000000.000000,1429098
supportcase19,config16,2,FAILED TO FIND AN INTEGER FEASIBLE SOLUTION,3591.261325,3600,0,0,0,-1,0.000000,0.000000,1429098.000000,100000000000000000000.000000,1429098
supportcase19,config16,3,FAILED TO FIND AN INTEGER FEASIBLE SOLUTION,3592.811519,3600,0,0,0,-1,0.000000,0.000000,1429098.000000,100000000000000000000.000000,1429098
supportcase19,config16,4,FAILED TO FIND AN INTEGER FEASIBLE SOLUTION,3592.873624,3600,0,0,0,-1,0.000000,0.000000,1429098.000000,100000000000000000000.000000,1429098
supportcase19,config16,5,FAILED TO FIND AN INTEGER FEASIBLE SOLUTION,3593.298271,3600,0,0,0,-1,0.000000,0.000000,1429098.000000,100000000000000000000.000000,1429098
supportcase19,config17,1,FAILED TO FIND AN INTEGER FEASIBLE SOLUTION,3591.042973,3600,0,0,0,-1,0.000000,0.000000,1429098.000000,100000000000000000000.000000,1429098
supportcase19,config17,2,FAILED TO FIND AN INTEGER FEASIBLE SOLUTION,3591.705253,3600,0,0,0,-1,0.000000,0.000000,1429098.000000,100000000000000000000.000000,1429098
supportcase19,config17,3,FAILED TO FIND AN INTEGER FEASIBLE SOLUTION,3592.209353,3600,0,0,0,-1,0.000000,0.000000,1429098.000000,100000000000000000000.000000,1429098
supportcase19,config17,4,FAILED TO FIND AN INTEGER FEASIBLE SOLUTION,3591.558074,3600,0,0,0,-1,0.000000,0.000000,1429098.000000,100000000000000000000.000000,1429098
supportcase19,config17,5,FAILED TO FIND AN INTEGER FEASIBLE SOLUTION,3591.742398,3600,0,0,0,-1,0.000000,0.000000,1429098.000000,100000000000000000000.000000,1429098
supportcase19,config21,1,FAILED TO FIND AN INTEGER FEASIBLE SOLUTION,3592.993940,3600,0,0,0,-1,0.000000,0.000000,1429098.000000,100000000000000000000.000000,1429098
supportcase19,config21,2,FAILED TO FIND AN INTEGER FEASIBLE SOLUTION,3592.316063,3600,0,0,0,-1,0.000000,0.000000,1429098.000000,100000000000000000000.000000,1429098
supportcase19,config21,3,FAILED TO FIND AN INTEGER FEASIBLE SOLUTION,3592.403520,3600,0,0,0,-1,0.000000,0.000000,1429098.000000,100000000000000000000.000000,1429098
supportcase19,config21,4,FAILED TO FIND AN INTEGER FEASIBLE SOLUTION,3593.321695,3600,0,0,0,-1,0.000000,0.000000,1429098.000000,100000000000000000000.000000,1429098
supportcase19,config21,5,FAILED TO FIND AN INTEGER FEASIBLE SOLUTION,3592.925605,3600,0,0,0,-1,0.000000,0.000000,1429098.000000,100000000000000000000.000000,1429098
supportcase19,config23,1,FAILED TO FIND AN INTEGER FEASIBLE SOLUTION,3593.281303,3600,0,0,0,-1,0.000000,0.000000,1429098.000000,100000000000000000000.000000,1429098
supportcase19,config23,2,FAILED TO FIND AN INTEGER FEASIBLE SOLUTION,3593.479939,3600,0,0,0,-1,0.000000,0.000000,1429098.000000,100000000000000000000.000000,1429098
supportcase19,config23,3,FAILED TO FIND AN INTEGER FEASIBLE SOLUTION,3593.430596,3600,0,0,0,-1,0.000000,0.000000,1429098.000000,100000000000000000000.000000,1429098
supportcase19,config23,4,FAILED TO FIND AN INTEGER FEASIBLE SOLUTION,3825.981746,3600,0,0,0,-1,0.000000,0.000000,1429098.000000,100000000000000000000.000000,1429098
supportcase19,config23,5,FAILED TO FIND AN INTEGER FEASIBLE SOLUTION,3592.977963,3600,0,0,0,-1,0.000000,0.000000,1429098.000000,100000000000000000000.000000,1429098
supportcase22,config16,1,FAILED TO FIND AN INTEGER FEASIBLE SOLUTION,908.594322,3600,12,1,1,1,0.000000,0.000000,0.230246,1.210775,29
supportcase22,config16,2,FAILED TO FIND AN INTEGER FEASIBLE SOLUTION,905.427826,3600,7,1,1,1,0.000000,0.000000,0.230246,1.210775,29
supportcase22,config16,3,FAILED TO FIND AN INTEGER FEASIBLE SOLUTION,904.113637,3600,67,1,1,1,0.000000,0.000000,0.230246,1.210775,29
supportcase22,config16,4,FAILED TO FIND AN INTEGER FEASIBLE SOLUTION,910.516825,3600,29,1,1,1,0.000000,0.000000,0.247569,1.116171,28
supportcase22,config16,5,FAILED TO FIND AN INTEGER FEASIBLE SOLUTION,914.789621,3600,30,1,1,1,0.000000,0.000000,0.214669,1.084984,17
supportcase22,config17,1,FAILED TO FIND AN INTEGER FEASIBLE SOLUTION,1.586038,3600,57,3,3,1,0.000000,0.000000,0.261912,1.216064,32
supportcase22,config17,2,FAILED TO FIND AN INTEGER FEASIBLE SOLUTION,1.626951,3600,38,3,3,1,0.000000,0.000000,0.397693,1.141253,24
supportcase22,config17,3,FAILED TO FIND AN INTEGER FEASIBLE SOLUTION,1.602669,3600,47,3,3,1,0.000000,0.000000,0.261920,1.216071,32
supportcase22,config17,4,FAILED TO FIND AN INTEGER FEASIBLE SOLUTION,1.595135,3600,50,3,3,1,0.000000,0.000000,0.211630,1.081661,26
supportcase22,config17,5,FAILED TO FIND AN INTEGER FEASIBLE SOLUTION,1.819197,3600,54,3,3,1,0.000000,0.000000,0.424521,1.166448,26
supportcase22,config21,1,FAILED TO FIND AN INTEGER FEASIBLE SOLUTION,1728.790457,3600,51,11,11,0,0.000000,0.000000,34.941489,41.804864,833
supportcase22,config21,2,FAILED TO FIND AN INTEGER FEASIBLE SOLUTION,1717.661331,3600,130,11,11,0,0.000000,0.000000,0.214676,1.084989,17
supportcase22,config21,3,FAILED TO FIND AN INTEGER FEASIBLE SOLUTION,1678.637934,3600,165,11,11,0,0.000000,0.000000,0.213397,0.213393,20
supportcase22,config21,4,FAILED TO FIND AN INTEGER FEASIBLE SOLUTION,1699.179182,3600,209,11,11,0,0.000000,0.000000,0.253545,0.253545,19
supportcase22,config21,5,FAILED TO FIND AN INTEGER FEASIBLE SOLUTION,1733.174401,3600,193,11,11,0,0.000000,0.000000,0.215916,1.085992,27
supportcase22,config23,1,FAILED TO FIND AN INTEGER FEASIBLE SOLUTION,1725.945038,3600,279,11,11,0,0.000000,0.000000,0.284008,0.283462,22
supportcase22,config23,2,FAILED TO FIND AN INTEGER FEASIBLE SOLUTION,1721.703505,3600,263,11,11,0,0.000000,0.000000,0.217980,1.087932,27
supportcase22,config23,3,FAILED TO FIND AN INTEGER FEASIBLE SOLUTION,1669.397574,3600,307,11,11,0,0.000000,0.000000,0.284007,0.283462,22
supportcase22,config23,4,FAILED TO FIND AN INTEGER FEASIBLE SOLUTION,1667.017979,3600,265,11,11,0,0.000000,0.000000,0.410101,1.154130,29
supportcase22,config23,5,FAILED TO FIND AN INTEGER FEASIBLE SOLUTION,1691.030004,3600,282,11,11,0,0.000000,0.000000,1.837348,1.154809,24
supportcase26,config16,1,FOUND INTEGER FEASIBLE,0.007633,0.026406,0,10,0,0,2201.879396,2201.879396,0.000000,0.000000,0
supportcase26,config16,2,FOUND INTEGER FEASIBLE,0.007638,0.024659,0,10,0,0,2201.879396,2201.879396,0.000000,0.000000,0
supportcase26,config16,3,FOUND INTEGER FEASIBLE,0.006481,0.020413,0,10,0,0,2201.879396,2201.879396,0.000000,0.000000,0
supportcase26,config16,4,FOUND INTEGER FEASIBLE,0.007544,0.025305,0,10,0,0,2201.879396,2201.879396,0.000000,0.000000,0
supportcase26,config16,5,FOUND INTEGER FEASIBLE,0.006094,0.019139,0,10,0,0,2201.879396,2201.879396,0.000000,0.000000,0
supportcase26,config17,1,FOUND INTEGER FEASIBLE,0.002479,0.015856,0,0,0,0,2201.879396,2201.879396,0.000000,0.000000,0
supportcase26,config17,2,FOUND INTEGER FEASIBLE,0.002550,0.022112,0,0,0,0,2201.879396,2201.879396,0.000000,0.000000,0
supportcase26,config17,3,FOUND INTEGER FEASIBLE,0.002484,0.014943,0,0,0,0,2201.879396,2201.879396,0.000000,0.000000,0
supportcase26,config17,4,FOUND INTEGER FEASIBLE,0.002463,0.015963,0,0,0,0,2201.879396,2201.879396,0.000000,0.000000,0
supportcase26,config17,5,FOUND INTEGER FEASIBLE,0.002489,0.015908,0,0,0,0,2201.879396,2201.879396,0.000000,0.000000,0
supportcase26,config21,1,FOUND INTEGER FEASIBLE,0.002084,0.014078,0,0,0,0,2537.591322,2537.591322,0.000000,0.000000,0
supportcase26,config21,2,FOUND INTEGER FEASIBLE,0.002514,0.016066,0,0,0,0,2537.591322,2537.591322,0.000000,0.000000,0
supportcase26,config21,3,FOUND INTEGER FEASIBLE,0.002507,0.015990,0,0,0,0,2537.591322,2537.591322,0.000000,0.000000,0
supportcase26,config21,4,FOUND INTEGER FEASIBLE,0.002611,0.016045,0,0,0,0,2537.591322,2537.591322,0.000000,0.000000,0
supportcase26,config21,5,FOUND INTEGER FEASIBLE,0.002632,0.016087,0,0,0,0,2537.591322,2537.591322,0.000000,0.000000,0
supportcase26,config23,1,FOUND INTEGER FEASIBLE,0.002508,0.015843,0,0,0,0,2201.879396,2201.879396,0.000000,0.000000,0
supportcase26,config23,2,FOUND INTEGER FEASIBLE,0.002569,0.016051,0,0,0,0,2201.879396,2201.879396,0.000000,0.000000,0
supportcase26,config23,3,FOUND INTEGER FEASIBLE,0.002568,0.016104,0,0,0,0,2201.879396,2201.879396,0.000000,0.000000,0
supportcase26,config23,4,FOUND INTEGER FEASIBLE,0.002510,0.015917,0,0,0,0,2201.879396,2201.879396,0.000000,0.000000,0
supportcase26,config23,5,FOUND INTEGER FEASIBLE,0.002468,0.015762,0,0,0,0,2201.879396,2201.879396,0.000000,0.000000,0
supportcase33,config16,1,FOUND INTEGER FEASIBLE,0.141075,1.268555,56,11,1,1,-95.000000,-95.000000,0.000000,0.000000,0
supportcase33,config16,2,FOUND INTEGER FEASIBLE,0.141162,1.749286,100,11,1,1,-90.000000,-90.000000,0.000000,0.000000,0
supportcase33,config16,3,FOUND INTEGER FEASIBLE,0.104937,0.977789,68,11,1,1,-140.000000,-140.000000,0.000000,0.000000,0
supportcase33,config16,4,FOUND INTEGER FEASIBLE,0.140822,2.368084,146,11,2,1,-160.000000,-160.000000,0.000000,0.000000,0
supportcase33,config16,5,FOUND INTEGER FEASIBLE,0.140053,1.227675,66,11,1,1,-145.000000,-145.000000,0.000000,0.000000,0
supportcase33,config17,1,FOUND INTEGER FEASIBLE,0.031066,0.475355,0,1,0,0,0.000000,0.000000,0.000000,0.000000,0
supportcase33,config17,2,FOUND INTEGER FEASIBLE,0.033938,0.505505,0,1,0,0,0.000000,0.000000,0.000000,0.000000,0
supportcase33,config17,3,FOUND INTEGER FEASIBLE,0.034002,0.500219,0,1,0,0,0.000000,0.000000,0.000000,0.000000,0
supportcase33,config17,4,FOUND INTEGER FEASIBLE,0.034007,0.510078,0,1,0,0,0.000000,0.000000,0.000000,0.000000,0
supportcase33,config17,5,FOUND INTEGER FEASIBLE,0.033960,0.494671,0,1,0,0,0.000000,0.000000,0.000000,0.000000,0
supportcase33,config21,1,FOUND INTEGER FEASIBLE,0.269642,0.712581,0,12,0,0,-25.000000,-25.000000,0.000000,0.000000,0
supportcase33,config21,2,FOUND INTEGER FEASIBLE,0.229712,0.659397,0,12,0,0,-25.000000,-25.000000,0.000000,0.000000,0
supportcase33,config21,3,FOUND INTEGER FEASIBLE,0.153360,0.451251,0,12,0,0,-25.000000,-25.000000,0.000000,0.000000,0
supportcase33,config21,4,FOUND INTEGER FEASIBLE,0.267697,0.705655,0,12,0,0,-25.000000,-25.000000,0.000000,0.000000,0
supportcase33,config21,5,FOUND INTEGER FEASIBLE,0.264475,0.706681,0,12,0,0,-25.000000,-25.000000,0.000000,0.000000,0
supportcase33,config23,1,FOUND INTEGER FEASIBLE,0.270312,0.718043,0,12,0,0,0.000000,0.000000,0.000000,0.000000,0
supportcase33,config23,2,FOUND INTEGER FEASIBLE,0.265023,0.706502,0,12,0,0,0.000000,0.000000,0.000000,0.000000,0
supportcase33,config23,3,FOUND INTEGER FEASIBLE,0.254184,0.687565,0,12,0,0,0.000000,0.000000,0.000000,0.000000,0
supportcase33,config23,4,FOUND INTEGER FEASIBLE,0.200768,0.548724,0,12,0,0,0.000000,0.000000,0.000000,0.000000,0
supportcase33,config23,5,FOUND INTEGER FEASIBLE,0.265289,0.693414,0,12,0,0,0.000000,0.000000,0.000000,0.000000,0
supportcase40,config16,1,FOUND INTEGER FEASIBLE,0.262945,1.052256,1,2,0,0,65624.144123,54465.411672,0.000000,0.000000,0
supportcase40,config16,2,FOUND INTEGER FEASIBLE,0.333866,1.281163,2,2,0,0,51543.634793,37669.626295,0.000000,0.000000,0
supportcase40,config16,3,FOUND INTEGER FEASIBLE,0.280996,0.920878,1,2,0,0,65624.144123,54465.411672,0.000000,0.000000,0
supportcase40,config16,4,FOUND INTEGER FEASIBLE,0.240325,1.211569,2,2,0,0,55882.801987,38975.502451,0.000000,0.000000,0
supportcase40,config16,5,FOUND INTEGER FEASIBLE,0.258269,1.025180,1,2,0,0,65624.144123,54465.411672,0.000000,0.000000,0
supportcase40,config17,1,FOUND INTEGER FEASIBLE,0.018560,0.192938,0,0,0,0,137374.299261,45412.729530,0.000000,0.000000,0
supportcase40,config17,2,FOUND INTEGER FEASIBLE,0.019465,0.163196,0,0,0,0,137374.299261,45412.729530,0.000000,0.000000,0
supportcase40,config17,3,FOUND INTEGER FEASIBLE,0.024299,0.237631,0,0,0,0,137374.299261,45412.729530,0.000000,0.000000,0
supportcase40,config17,4,FOUND INTEGER FEASIBLE,0.024350,0.243455,0,0,0,0,137374.299261,45412.729530,0.000000,0.000000,0
supportcase40,config17,5,FOUND INTEGER FEASIBLE,0.024392,0.216817,0,0,0,0,137374.299261,45412.729530,0.000000,0.000000,0
supportcase40,config21,1,FOUND INTEGER FEASIBLE,0.013485,0.196151,0,0,0,0,141412.399580,50724.660842,0.000000,0.000000,0
supportcase40,config21,2,FOUND INTEGER FEASIBLE,0.013423,0.220357,0,0,0,0,141412.399580,50724.660842,0.000000,0.000000,0
supportcase40,config21,3,FOUND INTEGER FEASIBLE,0.013614,0.207254,0,0,0,0,141412.399580,50724.660842,0.000000,0.000000,0
supportcase40,config21,4,FOUND INTEGER FEASIBLE,0.013500,0.205356,0,0,0,0,141412.399580,50724.660842,0.000000,0.000000,0
supportcase40,config21,5,FOUND INTEGER FEASIBLE,0.013538,0.199320,0,0,0,0,141412.399580,50724.660842,0.000000,0.000000,0
supportcase40,config23,1,FOUND INTEGER FEASIBLE,0.013380,0.206115,0,0,0,0,137374.299261,45412.729530,0.000000,0.000000,0
supportcase40,config23,2,FOUND INTEGER FEASIBLE,0.013535,0.216698,0,0,0,0,137374.299261,45412.729530,0.000000,0.000000,0
supportcase40,config23,3,FOUND INTEGER FEASIBLE,0.013573,0.203296,0,0,0,0,137374.299261,45412.729530,0.000000,0.000000,0
supportcase40,config23,4,FOUND INTEGER FEASIBLE,0.010086,0.158264,0,0,0,0,137374.299261,45412.729530,0.000000,0.000000,0
supportcase40,config23,5,FOUND INTEGER FEASIBLE,0.013649,0.217071,0,0,0,0,137374.299261,45412.729530,0.000000,0.000000,0
supportcase42,config16,1,FOUND INTEGER FEASIBLE,0.000005,8.106823,1,0,0,0,77.594091,77.594091,0.000000,0.000000,0
supportcase42,config16,2,FOUND INTEGER FEASIBLE,0.000004,7.144090,1,0,0,0,104.633389,104.633389,0.000000,0.000000,0
supportcase42,config16,3,FOUND INTEGER FEASIBLE,0.000004,8.034031,1,0,0,0,8.091641,8.091641,0.000000,0.000000,0
supportcase42,config16,4,FOUND INTEGER FEASIBLE,0.000005,8.399941,1,0,0,0,8.000000,8.000000,0.000000,0.000000,0
supportcase42,config16,5,FOUND INTEGER FEASIBLE,0.000005,7.717978,1,0,0,0,75.768588,75.768588,0.000000,0.000000,0
supportcase42,config17,1,FOUND INTEGER FEASIBLE,0.000005,1.432572,0,0,0,0,40.000000,40.000000,0.000000,0.000000,0
supportcase42,config17,2,FOUND INTEGER FEASIBLE,0.000004,1.027651,0,0,0,0,40.000000,40.000000,0.000000,0.000000,0
supportcase42,config17,3,FOUND INTEGER FEASIBLE,0.000005,1.416834,0,0,0,0,40.000000,40.000000,0.000000,0.000000,0
supportcase42,config17,4,FOUND INTEGER FEASIBLE,0.000005,1.212175,0,0,0,0,40.000000,40.000000,0.000000,0.000000,0
supportcase42,config17,5,FOUND INTEGER FEASIBLE,0.000005,1.428239,0,0,0,0,40.000000,40.000000,0.000000,0.000000,0
supportcase42,config21,1,FOUND INTEGER FEASIBLE,0.000004,1.022845,0,0,0,0,40.000000,40.000000,0.000000,0.000000,0
supportcase42,config21,2,FOUND INTEGER FEASIBLE,0.000005,1.447372,0,0,0,0,40.000000,40.000000,0.000000,0.000000,0
supportcase42,config21,3,FOUND INTEGER FEASIBLE,0.000005,1.428845,0,0,0,0,40.000000,40.000000,0.000000,0.000000,0
supportcase42,config21,4,FOUND INTEGER FEASIBLE,0.000004,1.431363,0,0,0,0,40.000000,40.000000,0.000000,0.000000,0
supportcase42,config21,5,FOUND INTEGER FEASIBLE,0.000005,1.413724,0,0,0,0,40.000000,40.000000,0.000000,0.000000,0
supportcase42,config23,1,FOUND INTEGER FEASIBLE,0.000004,1.419202,0,0,0,0,40.000000,40.000000,0.000000,0.000000,0
supportcase42,config23,2,FOUND INTEGER FEASIBLE,0.000005,1.441982,0,0,0,0,40.000000,40.000000,0.000000,0.000000,0
supportcase42,config23,3,FOUND INTEGER FEASIBLE,0.000005,1.371440,0,0,0,0,40.000000,40.000000,0.000000,0.000000,0
supportcase42,config23,4,FOUND INTEGER FEASIBLE,0.000005,1.429556,0,0,0,0,40.000000,40.000000,0.000000,0.000000,0
supportcase42,config23,5,FOUND INTEGER FEASIBLE,0.000005,1.429226,0,0,0,0,40.000000,40.000000,0.000000,0.000000,0
supportcase6,config16,1,FOUND INTEGER FEASIBLE,1.344596,5.847811,2,7,1,1,62373.770427,62373.770427,0.000000,0.000000,0
supportcase6,config16,2,FOUND INTEGER FEASIBLE,1.448979,4.920822,2,7,1,1,62373.770427,62373.770427,0.000000,0.000000,0
supportcase6,config16,3,FOUND INTEGER FEASIBLE,0.955896,4.949857,2,7,1,1,62373.770427,62373.770427,0.000000,0.000000,0
supportcase6,config16,4,FOUND INTEGER FEASIBLE,0.952290,5.117807,3,7,1,1,72279.884860,72279.884860,0.000000,0.000000,0
supportcase6,config16,5,FOUND INTEGER FEASIBLE,0.955452,4.143678,2,7,1,1,62253.159578,62253.159578,0.000000,0.000000,0
supportcase6,config17,1,FOUND INTEGER FEASIBLE,1.922595,5.931596,4,10,1,1,72388.756823,72388.756823,0.000000,0.000000,0
supportcase6,config17,2,FOUND INTEGER FEASIBLE,1.038445,4.891958,4,10,1,1,72388.756823,72388.756823,0.000000,0.000000,0
supportcase6,config17,3,FOUND INTEGER FEASIBLE,1.011313,3.794199,3,10,1,1,62372.755929,62372.755929,0.000000,0.000000,0
supportcase6,config17,4,FOUND INTEGER FEASIBLE,1.176993,4.748762,3,10,1,1,62372.755929,62372.755929,0.000000,0.000000,0
supportcase6,config17,5,FOUND INTEGER FEASIBLE,1.150157,5.247336,3,10,1,1,72656.824166,72656.824166,0.000000,0.000000,0
supportcase6,config21,1,FOUND INTEGER FEASIBLE,0.438344,2.620470,1,2,0,0,92722.894762,92722.894762,0.000000,0.000000,0
supportcase6,config21,2,FOUND INTEGER FEASIBLE,0.571479,3.251719,1,2,0,0,92722.894762,92722.894762,0.000000,0.000000,0
supportcase6,config21,3,FOUND INTEGER FEASIBLE,0.451149,2.947980,1,2,0,0,92709.287155,92709.287155,0.000000,0.000000,0
supportcase6,config21,4,FOUND INTEGER FEASIBLE,0.448272,2.971074,1,2,0,0,92722.894762,92722.894762,0.000000,0.000000,0
supportcase6,config21,5,FOUND INTEGER FEASIBLE,0.577479,3.511578,1,2,0,0,92709.287155,92709.287155,0.000000,0.000000,0
supportcase6,config23,1,FOUND INTEGER FEASIBLE,0.453280,3.473643,2,2,0,0,72544.475693,72544.475693,0.000000,0.000000,0
supportcase6,config23,2,FOUND INTEGER FEASIBLE,0.314415,2.492484,2,2,0,0,72544.475693,72544.475693,0.000000,0.000000,0
supportcase6,config23,3,FOUND INTEGER FEASIBLE,0.453220,3.251269,2,2,0,0,72513.786104,72513.786104,0.000000,0.000000,0
supportcase6,config23,4,FOUND INTEGER FEASIBLE,0.495604,4.080359,2,2,0,0,72513.786104,72513.786104,0.000000,0.000000,0
supportcase6,config23,5,FOUND INTEGER FEASIBLE,0.450229,3.498489,4,2,0,0,72530.588063,72530.588063,0.000000,0.000000,0
supportcase7,config16,1,FOUND INTEGER FEASIBLE,1.629263,3.274416,0,7,0,0,952.693900,952.693900,0.000000,0.000000,0
supportcase7,config16,2,FOUND INTEGER FEASIBLE,1.397549,2.286044,0,7,0,0,952.693900,952.693900,0.000000,0.000000,0
supportcase7,config16,3,FOUND INTEGER FEASIBLE,1.706623,3.016711,0,7,0,0,952.693900,952.693900,0.000000,0.000000,0
supportcase7,config16,4,FOUND INTEGER FEASIBLE,1.710869,3.034327,0,7,0,0,952.693900,952.693900,0.000000,0.000000,0
supportcase7,config16,5,FOUND INTEGER FEASIBLE,1.649179,3.272936,0,7,0,0,952.693900,952.693900,0.000000,0.000000,0
supportcase7,config17,1,FOUND INTEGER FEASIBLE,0.147515,1.520004,0,0,0,0,956.959900,952.693900,0.000000,0.000000,0
supportcase7,config17,2,FOUND INTEGER FEASIBLE,0.110032,1.816043,0,0,0,0,956.959900,952.693900,0.000000,0.000000,0
supportcase7,config17,3,FOUND INTEGER FEASIBLE,0.087673,1.774132,0,0,0,0,956.959900,952.693900,0.000000,0.000000,0
supportcase7,config17,4,FOUND INTEGER FEASIBLE,0.143685,2.242494,0,0,0,0,956.959900,952.693900,0.000000,0.000000,0
supportcase7,config17,5,FOUND INTEGER FEASIBLE,0.141289,2.118593,0,0,0,0,956.959900,952.693900,0.000000,0.000000,0
supportcase7,config21,1,FOUND INTEGER FEASIBLE,2.240605,3.157153,0,7,0,0,952.693900,952.693900,0.000000,0.000000,0
supportcase7,config21,2,FOUND INTEGER FEASIBLE,2.441275,4.098008,0,7,0,0,952.693900,952.693900,0.000000,0.000000,0
supportcase7,config21,3,FOUND INTEGER FEASIBLE,2.273958,3.552546,0,7,0,0,952.693900,952.693900,0.000000,0.000000,0
supportcase7,config21,4,FOUND INTEGER FEASIBLE,1.851228,3.491129,0,7,0,0,952.693900,952.693900,0.000000,0.000000,0
supportcase7,config21,5,FOUND INTEGER FEASIBLE,1.845828,3.486672,0,7,0,0,952.693900,952.693900,0.000000,0.000000,0
supportcase7,config23,1,FOUND INTEGER FEASIBLE,1.832502,3.472183,0,7,0,0,952.693900,952.693900,0.000000,0.000000,0
supportcase7,config23,2,FOUND INTEGER FEASIBLE,1.923842,3.199379,0,7,0,0,952.693900,952.693900,0.000000,0.000000,0
supportcase7,config23,3,FOUND INTEGER FEASIBLE,2.143234,3.448362,0,7,0,0,952.693900,952.693900,0.000000,0.000000,0
supportcase7,config23,4,FOUND INTEGER FEASIBLE,1.832502,3.449768,0,7,0,0,952.693900,952.693900,0.000000,0.000000,0
supportcase7,config23,5,FOUND INTEGER FEASIBLE,1.838865,3.455393,0,7,0,0,952.693900,952.693900,0.000000,0.000000,0
swath1,config16,1,FOUND INTEGER FEASIBLE,0.068634,0.421824,88,2,1,0,1396.589696,718.617046,0.000000,0.000000,0
swath1,config16,2,FOUND INTEGER FEASIBLE,0.068405,0.414168,90,2,1,0,1213.945564,664.708390,0.000000,0.000000,0
swath1,config16,3,FOUND INTEGER FEASIBLE,0.068716,0.422479,91,2,1,0,1235.961649,620.857683,0.000000,0.000000,0
swath1,config16,4,FOUND INTEGER FEASIBLE,0.068310,0.462932,88,2,1,0,1388.879737,736.917753,0.000000,0.000000,0
swath1,config16,5,FOUND INTEGER FEASIBLE,0.068532,0.457518,99,2,1,0,1361.164873,696.987577,0.000000,0.000000,0
swath1,config17,1,FOUND INTEGER FEASIBLE,0.056350,0.174691,1,11,0,0,1603.717040,893.688794,0.000000,0.000000,0
swath1,config17,2,FOUND INTEGER FEASIBLE,0.056517,0.174366,1,11,0,0,1603.717040,893.688794,0.000000,0.000000,0
swath1,config17,3,FOUND INTEGER FEASIBLE,0.056680,0.167088,1,11,0,0,1603.717040,893.688794,0.000000,0.000000,0
swath1,config17,4,FOUND INTEGER FEASIBLE,0.056471,0.174369,1,11,0,0,1603.717040,893.688794,0.000000,0.000000,0
swath1,config17,5,FOUND INTEGER FEASIBLE,0.058169,0.180100,2,11,0,0,1485.052949,920.418889,0.000000,0.000000,0
swath1,config21,1,FOUND INTEGER FEASIBLE,0.047903,0.174394,1,9,0,0,1423.506269,908.012897,0.000000,0.000000,0
swath1,config21,2,FOUND INTEGER FEASIBLE,0.047769,0.177231,2,9,0,0,1421.416834,949.322610,0.000000,0.000000,0
swath1,config21,3,FOUND INTEGER FEASIBLE,0.047504,0.173122,1,9,0,0,1644.419169,946.048198,0.000000,0.000000,0
swath1,config21,4,FOUND INTEGER FEASIBLE,0.047498,0.198280,6,9,0,0,1353.924763,945.874931,0.000000,0.000000,0
swath1,config21,5,FOUND INTEGER FEASIBLE,0.047694,0.235915,12,9,0,0,1553.641159,958.387905,0.000000,0.000000,0
swath1,config23,1,FOUND INTEGER FEASIBLE,0.050462,0.180530,1,9,0,0,1452.810445,781.775320,0.000000,0.000000,0
swath1,config23,2,FOUND INTEGER FEASIBLE,0.047718,0.168435,2,9,0,0,1446.989590,781.775320,0.000000,0.000000,0
swath1,config23,3,FOUND INTEGER FEASIBLE,0.047691,0.177831,3,9,0,0,1360.412302,831.010398,0.000000,0.000000,0
swath1,config23,4,FOUND INTEGER FEASIBLE,0.048734,0.175519,5,9,0,0,1554.661331,840.450845,0.000000,0.000000,0
swath1,config23,5,FOUND INTEGER FEASIBLE,0.047607,0.241258,17,9,0,0,1581.248587,915.532141,0.000000,0.000000,0
swath3,config16,1,FOUND INTEGER FEASIBLE,0.059497,0.424752,96,2,1,0,1270.264504,739.901379,0.000000,0.000000,0
swath3,config16,2,FOUND INTEGER FEASIBLE,0.058690,0.418497,95,2,1,0,1097.350343,639.660411,0.000000,0.000000,0
swath3,config16,3,FOUND INTEGER FEASIBLE,0.058833,0.400949,87,2,1,0,1321.100962,611.764434,0.000000,0.000000,0
swath3,config16,4,FOUND INTEGER FEASIBLE,0.058418,0.391329,88,2,1,0,1312.243555,791.765840,0.000000,0.000000,0
swath3,config16,5,FOUND INTEGER FEASIBLE,0.058997,0.421357,90,2,1,0,1162.157030,565.300624,0.000000,0.000000,0
swath3,config17,1,FOUND INTEGER FEASIBLE,0.038860,0.210455,6,3,0,0,1577.907093,1071.745921,0.000000,0.000000,0
swath3,config17,2,FOUND INTEGER FEASIBLE,0.038890,0.187615,4,3,0,0,1373.015189,855.117238,0.000000,0.000000,0
swath3,config17,3,FOUND INTEGER FEASIBLE,0.038994,0.210225,4,3,0,0,1439.404699,958.622602,0.000000,0.000000,0
swath3,config17,4,FOUND INTEGER FEASIBLE,0.038663,0.206090,6,3,0,0,1510.221983,983.277086,0.000000,0.000000,0
swath3,config17,5,FOUND INTEGER FEASIBLE,0.038971,0.198966,8,3,0,0,1568.646677,1068.665953,0.000000,0.000000,0
swath3,config21,1,FOUND INTEGER FEASIBLE,0.057136,0.208309,10,8,0,0,1370.586818,987.572045,0.000000,0.000000,0
swath3,config21,2,FOUND INTEGER FEASIBLE,0.050753,0.162097,6,8,0,0,1435.425464,959.798777,0.000000,0.000000,0
swath3,config21,3,FOUND INTEGER FEASIBLE,0.061114,0.211872,5,8,0,0,1657.107284,1058.085872,0.000000,0.000000,0
swath3,config21,4,FOUND INTEGER FEASIBLE,0.061601,0.191207,5,8,0,0,1340.812718,824.990597,0.000000,0.000000,0
swath3,config21,5,FOUND INTEGER FEASIBLE,0.060949,0.184712,1,8,0,0,1468.472923,969.327996,0.000000,0.000000,0
swath3,config23,1,FOUND INTEGER FEASIBLE,0.061085,0.243388,9,8,0,0,1266.222773,966.198762,0.000000,0.000000,0
swath3,config23,2,FOUND INTEGER FEASIBLE,0.061650,0.201818,3,8,0,0,1478.948372,1181.948632,0.000000,0.000000,0
swath3,config23,3,FOUND INTEGER FEASIBLE,0.061471,0.222991,7,8,0,0,1671.579865,1238.501408,0.000000,0.000000,0
swath3,config23,4,FOUND INTEGER FEASIBLE,0.061083,0.253228,9,8,0,0,1658.051030,1159.019266,0.000000,0.000000,0
swath3,config23,5,FOUND INTEGER FEASIBLE,0.061526,0.202973,4,8,0,0,1690.030229,1129.838130,0.000000,0.000000,0
tbfp-network,config16,1,FOUND INTEGER FEASIBLE,7.678820,22.691275,6,9,1,1,114.166667,114.166667,0.000000,0.000000,0
tbfp-network,config16,2,FOUND INTEGER FEASIBLE,5.938942,16.310286,6,9,1,1,116.875000,116.875000,0.000000,0.000000,0
tbfp-network,config16,3,FOUND INTEGER FEASIBLE,5.961265,18.294278,5,9,1,1,114.270833,114.270833,0.000000,0.000000,0
tbfp-network,config16,4,FOUND INTEGER FEASIBLE,6.225843,22.056635,8,9,1,1,125.295139,125.295139,0.000000,0.000000,0
tbfp-network,config16,5,FOUND INTEGER FEASIBLE,6.737347,20.113341,4,9,1,1,82.208333,82.208333,0.000000,0.000000,0
tbfp-network,config17,1,FOUND INTEGER FEASIBLE,5.006767,35.436866,20,11,0,0,171.961806,171.961806,0.000000,0.000000,0
tbfp-network,config17,2,FOUND INTEGER FEASIBLE,5.922378,24.824892,11,11,0,0,71.934028,71.934028,0.000000,0.000000,0
tbfp-network,config17,3,FOUND INTEGER FEASIBLE,4.527659,23.210133,12,11,0,0,91.166667,91.166667,0.000000,0.000000,0
tbfp-network,config17,4,FOUND INTEGER FEASIBLE,4.528171,11.166465,2,11,0,0,91.186111,91.186111,0.000000,0.000000,0
tbfp-network,config17,5,FOUND INTEGER FEASIBLE,5.522056,15.860564,7,11,0,0,93.038194,93.038194,0.000000,0.000000,0
tbfp-network,config21,1,FOUND INTEGER FEASIBLE,4.437253,12.412374,3,1,1,1,113.083333,113.083333,0.000000,0.000000,0
tbfp-network,config21,2,FOUND INTEGER FEASIBLE,4.312895,12.978932,3,1,1,1,113.083333,113.083333,0.000000,0.000000,0
tbfp-network,config21,3,FOUND INTEGER FEASIBLE,5.152864,13.303623,3,1,1,1,113.083333,113.083333,0.000000,0.000000,0
tbfp-network,config21,4,FOUND INTEGER FEASIBLE,4.136969,16.831869,12,1,1,1,126.170139,126.170139,0.000000,0.000000,0
tbfp-network,config21,5,FOUND INTEGER FEASIBLE,4.113943,27.077338,16,1,1,1,142.208333,142.208333,0.000000,0.000000,0
tbfp-network,config23,1,FOUND INTEGER FEASIBLE,4.970278,26.027441,13,1,1,1,155.872917,155.872917,0.000000,0.000000,0
tbfp-network,config23,2,FOUND INTEGER FEASIBLE,5.921772,21.098568,10,1,1,1,137.168750,137.168750,0.000000,0.000000,0
tbfp-network,config23,3,FOUND INTEGER FEASIBLE,4.295937,21.966423,14,1,1,1,131.003472,131.003472,0.000000,0.000000,0
tbfp-network,config23,4,FOUND INTEGER FEASIBLE,4.250228,17.689399,9,1,1,1,109.790278,109.790278,0.000000,0.000000,0
tbfp-network,config23,5,FOUND INTEGER FEASIBLE,4.230011,16.007838,8,1,1,1,133.147917,133.147917,0.000000,0.000000,0
thor50dday,config16,1,FOUND INTEGER FEASIBLE,0.533193,2.255342,5,3,0,0,191981.000000,191981.000000,0.000000,0.000000,0
thor50dday,config16,2,FOUND INTEGER FEASIBLE,0.527083,2.211743,5,3,0,0,174051.000000,174051.000000,0.000000,0.000000,0
thor50dday,config16,3,FOUND INTEGER FEASIBLE,0.281298,1.252884,4,3,0,0,196179.000000,196179.000000,0.000000,0.000000,0
thor50dday,config16,4,FOUND INTEGER FEASIBLE,0.281354,1.178140,2,3,0,0,196179.000000,196179.000000,0.000000,0.000000,0
thor50dday,config16,5,FOUND INTEGER FEASIBLE,0.520032,1.897643,1,3,0,0,184390.000000,184390.000000,0.000000,0.000000,0
thor50dday,config17,1,FOUND INTEGER FEASIBLE,0.573264,2.196288,5,1,0,0,317653.000000,317653.000000,0.000000,0.000000,0
thor50dday,config17,2,FOUND INTEGER FEASIBLE,0.574526,2.151835,4,1,0,0,317653.000000,317653.000000,0.000000,0.000000,0
thor50dday,config17,3,FOUND INTEGER FEASIBLE,0.574367,2.117428,3,1,0,0,317653.000000,317653.000000,0.000000,0.000000,0
thor50dday,config17,4,FOUND INTEGER FEASIBLE,0.574104,2.043547,2,1,0,0,317653.000000,317653.000000,0.000000,0.000000,0
thor50dday,config17,5,FOUND INTEGER FEASIBLE,0.574900,1.962669,1,1,0,0,316268.000000,316268.000000,0.000000,0.000000,0
thor50dday,config21,1,FOUND INTEGER FEASIBLE,0.211001,0.994065,0,1,0,0,1372826.000000,1372826.000000,0.000000,0.000000,0
thor50dday,config21,2,FOUND INTEGER FEASIBLE,0.208438,1.031894,0,1,0,0,1372826.000000,1372826.000000,0.000000,0.000000,0
thor50dday,config21,3,FOUND INTEGER FEASIBLE,0.274134,1.264439,0,1,0,0,1372826.000000,1372826.000000,0.000000,0.000000,0
thor50dday,config21,4,FOUND INTEGER FEASIBLE,0.211908,0.980481,0,1,0,0,1372826.000000,1372826.000000,0.000000,0.000000,0
thor50dday,config21,5,FOUND INTEGER FEASIBLE,0.276067,1.263779,0,1,0,0,1372826.000000,1372826.000000,0.000000,0.000000,0
thor50dday,config23,1,FOUND INTEGER FEASIBLE,0.274689,1.420397,5,1,0,0,204551.000000,204551.000000,0.000000,0.000000,0
thor50dday,config23,2,FOUND INTEGER FEASIBLE,0.210682,1.081745,4,1,0,0,204551.000000,204551.000000,0.000000,0.000000,0
thor50dday,config23,3,FOUND INTEGER FEASIBLE,0.209785,1.016574,3,1,0,0,204551.000000,204551.000000,0.000000,0.000000,0
thor50dday,config23,4,FOUND INTEGER FEASIBLE,0.281370,1.332072,2,1,0,0,204551.000000,204551.000000,0.000000,0.000000,0
thor50dday,config23,5,FOUND INTEGER FEASIBLE,0.184892,0.971363,1,1,0,0,204551.000000,204551.000000,0.000000,0.000000,0
timtab1,config16,1,FOUND INTEGER FEASIBLE,0.001963,0.020909,25,9,0,0,1399946.000000,1269840.000000,0.000000,0.000000,0
timtab1,config16,2,FOUND INTEGER FEASIBLE,0.004632,0.060586,36,9,0,0,1394645.000000,1337968.000000,0.000000,0.000000,0
timtab1,config16,3,FOUND INTEGER FEASIBLE,0.004427,0.091884,59,9,1,0,1419895.000000,1277061.000000,0.000000,0.000000,0
timtab1,config16,4,FOUND INTEGER FEASIBLE,0.003594,0.058640,42,9,0,0,1351692.000000,1300497.000000,0.000000,0.000000,0
timtab1,config16,5,FOUND INTEGER FEASIBLE,0.003518,0.054510,37,9,0,0,1404229.000000,1358373.000000,0.000000,0.000000,0
timtab1,config17,1,FOUND INTEGER FEASIBLE,0.003592,0.124608,83,2,1,0,1354956.000000,1275735.000000,0.000000,0.000000,0
timtab1,config17,2,FOUND INTEGER FEASIBLE,0.002810,0.168974,113,2,1,0,1411556.000000,1332024.000000,0.000000,0.000000,0
timtab1,config17,3,FOUND INTEGER FEASIBLE,0.003452,0.022240,7,2,0,0,1261063.000000,1210478.000000,0.000000,0.000000,0
timtab1,config17,4,FOUND INTEGER FEASIBLE,0.002883,0.167237,99,2,2,0,1315938.000000,1258727.000000,0.000000,0.000000,0
timtab1,config17,5,FOUND INTEGER FEASIBLE,0.003391,0.112891,68,2,1,0,1463258.000000,1425851.000000,0.000000,0.000000,0
timtab1,config21,1,FOUND INTEGER FEASIBLE,0.003678,0.040439,16,4,1,1,1552659.000000,1508749.000000,0.000000,0.000000,0
timtab1,config21,2,FOUND INTEGER FEASIBLE,0.003640,0.034732,13,4,1,1,1589521.000000,1515367.000000,0.000000,0.000000,0
timtab1,config21,3,FOUND INTEGER FEASIBLE,0.003651,0.043944,17,4,1,1,1522996.000000,1468675.000000,0.000000,0.000000,0
timtab1,config21,4,FOUND INTEGER FEASIBLE,0.003651,0.060271,25,4,1,1,1557205.000000,1544127.000000,0.000000,0.000000,0
timtab1,config21,5,FOUND INTEGER FEASIBLE,0.004407,0.064222,24,4,1,1,1347630.000000,1319214.000000,0.000000,0.000000,0
timtab1,config23,1,FOUND INTEGER FEASIBLE,0.003681,0.038805,14,4,1,1,1272326.000000,1204639.000000,0.000000,0.000000,0
timtab1,config23,2,FOUND INTEGER FEASIBLE,0.003645,0.025705,7,4,1,1,1205580.000000,1144635.000000,0.000000,0.000000,0
timtab1,config23,3,FOUND INTEGER FEASIBLE,0.003617,0.033356,10,4,1,1,1266914.000000,1194505.000000,0.000000,0.000000,0
timtab1,config23,4,FOUND INTEGER FEASIBLE,0.003612,0.021309,5,4,1,1,1245053.000000,1200015.000000,0.000000,0.000000,0
timtab1,config23,5,FOUND INTEGER FEASIBLE,0.003664,0.059690,22,4,1,1,1366349.999999,1331751.999999,0.000000,0.000000,0
tr12-30,config16,1,FOUND INTEGER FEASIBLE,0.030169,0.137478,94,6,3,2,279112.000000,261813.000000,0.000000,0.000000,0
tr12-30,config16,2,FOUND INTEGER FEASIBLE,0.024907,0.127396,92,6,3,2,285007.000000,255711.000000,0.000000,0.000000,0
tr12-30,config16,3,FOUND INTEGER FEASIBLE,0.030024,0.134487,93,6,3,2,289248.000000,270306.000000,0.000000,0.000000,0
tr12-30,config16,4,FOUND INTEGER FEASIBLE,0.025068,0.124558,85,6,3,2,264470.000000,225922.000000,0.000000,0.000000,0
tr12-30,config16,5,FOUND INTEGER FEASIBLE,0.025063,0.137860,113,6,3,2,311685.000000,228842.000000,0.000000,0.000000,0
tr12-30,config17,1,FOUND INTEGER FEASIBLE,0.031171,0.059906,6,10,0,0,281977.000000,267059.000000,0.000000,0.000000,0
tr12-30,config17,2,FOUND INTEGER FEASIBLE,0.030830,0.061884,7,10,0,0,280586.000000,268425.000000,0.000000,0.000000,0
tr12-30,config17,3,FOUND INTEGER FEASIBLE,0.030719,0.059548,6,10,0,0,280374.000000,269660.000000,0.000000,0.000000,0
tr12-30,config17,4,FOUND INTEGER FEASIBLE,0.030924,0.059534,4,10,0,0,261056.000000,239254.000000,0.000000,0.000000,0
tr12-30,config17,5,FOUND INTEGER FEASIBLE,0.036660,0.064344,2,10,0,0,256165.000000,247843.000000,0.000000,0.000000,0
tr12-30,config21,1,FOUND INTEGER FEASIBLE,0.044915,0.067602,0,3,0,0,287243.000000,191500.000000,0.000000,0.000000,0
tr12-30,config21,2,FOUND INTEGER FEASIBLE,0.044580,0.067164,0,3,0,0,287243.000000,191500.000000,0.000000,0.000000,0
tr12-30,config21,3,FOUND INTEGER FEASIBLE,0.044447,0.067071,0,3,0,0,287243.000000,191500.000000,0.000000,0.000000,0
tr12-30,config21,4,FOUND INTEGER FEASIBLE,0.044476,0.067143,0,3,0,0,287243.000000,191500.000000,0.000000,0.000000,0
tr12-30,config21,5,FOUND INTEGER FEASIBLE,0.044647,0.067422,0,3,0,0,287243.000000,191500.000000,0.000000,0.000000,0
tr12-30,config23,1,FOUND INTEGER FEASIBLE,0.044585,0.073946,6,3,0,0,278125.000000,265936.000000,0.000000,0.000000,0
tr12-30,config23,2,FOUND INTEGER FEASIBLE,0.044572,0.076013,9,3,0,0,261845.000000,249428.000000,0.000000,0.000000,0
tr12-30,config23,3,FOUND INTEGER FEASIBLE,0.045042,0.073018,5,3,0,0,267178.000000,258640.000000,0.000000,0.000000,0
tr12-30,config23,4,FOUND INTEGER FEASIBLE,0.044829,0.071935,5,3,0,0,247157.000000,243853.000000,0.000000,0.000000,0
tr12-30,config23,5,FOUND INTEGER FEASIBLE,0.050364,0.078223,3,3,0,0,243923.000000,235378.000000,0.000000,0.000000,0
traininstance2,config16,1,FOUND INTEGER FEASIBLE,0.042618,8.921548,2427,5,5,0,849940.000000,849940.000000,0.000000,0.000000,0
traininstance2,config16,2,FOUND INTEGER FEASIBLE,0.025145,73.505560,10688,5,5,0,846160.000000,846160.000000,0.000000,0.000000,0
traininstance2,config16,3,FOUND INTEGER FEASIBLE,0.031627,1.346539,293,5,2,0,86420.000000,86420.000000,0.000000,0.000000,0
traininstance2,config16,4,FOUND INTEGER FEASIBLE,0.042757,62.458692,11344,5,5,0,1073400.000000,1073400.000000,0.000000,0.000000,0
traininstance2,config16,5,FOUND INTEGER FEASIBLE,0.042973,63.657379,10658,5,5,0,571780.000000,571780.000000,0.000000,0.000000,0
traininstance2,config17,1,FAILED TO FIND AN INTEGER FEASIBLE SOLUTION,0.036444,66.926800,12000,6,6,1,0.000000,0.000000,0.160000,0.080000,4
traininstance2,config17,2,FOUND INTEGER FEASIBLE,0.036389,34.861846,7551,6,6,1,656560.000000,656560.000000,0.000000,0.000000,0
traininstance2,config17,3,FOUND INTEGER FEASIBLE,0.049123,61.556680,10793,6,6,1,772420.000000,772420.000000,0.000000,0.000000,0
traininstance2,config17,4,FOUND INTEGER FEASIBLE,0.036471,74.693295,11246,6,6,1,701950.000000,701950.000000,0.000000,0.000000,0
traininstance2,config17,5,FAILED TO FIND AN INTEGER FEASIBLE SOLUTION,0.024973,73.269245,12000,6,6,1,0.000000,0.000000,0.175902,0.087951,6
traininstance2,config21,1,FOUND INTEGER FEASIBLE,0.055738,4.398257,886,10,9,2,90000.000000,90000.000000,0.000000,0.000000,0
traininstance2,config21,2,FOUND INTEGER FEASIBLE,0.056004,75.940044,11597,10,10,2,803220.000000,803220.000000,0.000000,0.000000,0
traininstance2,config21,3,FOUND INTEGER FEASIBLE,0.074193,67.138192,11376,10,10,2,237620.000000,237620.000000,0.000000,0.000000,0
traininstance2,config21,4,FOUND INTEGER FEASIBLE,0.074212,71.101263,11460,10,10,2,633540.000000,633540.000000,0.000000,0.000000,0
traininstance2,config21,5,FAILED TO FIND AN INTEGER FEASIBLE SOLUTION,0.074368,72.555749,12000,10,10,2,0.000000,0.000000,0.033830,0.016915,8
traininstance2,config23,1,FOUND INTEGER FEASIBLE,0.074451,69.883320,11119,10,10,2,749410.000000,749410.000000,0.000000,0.000000,0
traininstance2,config23,2,FAILED TO FIND AN INTEGER FEASIBLE SOLUTION,0.074698,60.871207,12000,10,10,2,0.000000,0.000000,0.073637,0.036818,10
traininstance2,config23,3,FAILED TO FIND AN INTEGER FEASIBLE SOLUTION,0.075137,75.833390,12000,10,10,2,0.000000,0.000000,0.972507,0.481266,24
traininstance2,config23,4,FAILED TO FIND AN INTEGER FEASIBLE SOLUTION,0.074197,68.575991,12000,10,10,2,0.000000,0.000000,0.251071,0.125536,8
traininstance2,config23,5,FOUND INTEGER FEASIBLE,0.055498,71.894223,10501,10,10,2,1687200.000000,1687200.000000,0.000000,0.000000,0
traininstance6,config16,1,FOUND INTEGER FEASIBLE,0.024527,0.240425,5,5,0,0,46000.000000,46000.000000,0.000000,0.000000,0
traininstance6,config16,2,FOUND INTEGER FEASIBLE,0.024181,0.221905,5,5,0,0,49900.000000,49900.000000,0.000000,0.000000,0
traininstance6,config16,3,FOUND INTEGER FEASIBLE,0.024220,0.223421,5,5,0,0,46000.000000,46000.000000,0.000000,0.000000,0
traininstance6,config16,4,FOUND INTEGER FEASIBLE,0.024324,0.221496,5,5,0,0,46000.000000,46000.000000,0.000000,0.000000,0
traininstance6,config16,5,FOUND INTEGER FEASIBLE,0.024485,1.273862,319,5,2,0,40540.000000,40540.000000,0.000000,0.000000,0
traininstance6,config17,1,FOUND INTEGER FEASIBLE,0.044850,20.696006,7818,4,4,1,346200.000000,346200.000000,0.000000,0.000000,0
traininstance6,config17,2,FOUND INTEGER FEASIBLE,0.043869,19.169914,7075,4,4,1,449040.000000,449040.000000,0.000000,0.000000,0
traininstance6,config17,3,FOUND INTEGER FEASIBLE,0.043903,4.677446,1897,4,4,1,674120.000000,674120.000000,0.000000,0.000000,0
traininstance6,config17,4,FOUND INTEGER FEASIBLE,0.043777,0.997355,144,4,3,1,185820.000000,185820.000000,0.000000,0.000000,0
traininstance6,config17,5,FOUND INTEGER FEASIBLE,0.043998,1.721964,378,4,3,1,40460.000000,40460.000000,0.000000,0.000000,0
traininstance6,config21,1,FOUND INTEGER FEASIBLE,0.034189,10.917665,5084,6,6,1,564000.000000,564000.000000,0.000000,0.000000,0
traininstance6,config21,2,FOUND INTEGER FEASIBLE,0.034209,3.462481,973,6,6,1,888200.000000,888200.000000,0.000000,0.000000,0
traininstance6,config21,3,FOUND INTEGER FEASIBLE,0.034103,4.444240,1231,6,6,1,346580.000000,346580.000000,0.000000,0.000000,0
traininstance6,config21,4,FOUND INTEGER FEASIBLE,0.034085,8.117850,3029,6,6,1,346700.000000,346700.000000,0.000000,0.000000,0
traininstance6,config21,5,FOUND INTEGER FEASIBLE,0.034479,9.332072,2246,6,6,1,202440.000000,202440.000000,0.000000,0.000000,0
traininstance6,config23,1,FOUND INTEGER FEASIBLE,0.017353,2.608609,1256,6,6,1,889200.000000,889200.000000,0.000000,0.000000,0
traininstance6,config23,2,FOUND INTEGER FEASIBLE,0.017374,6.898948,2715,6,6,1,458320.000000,458320.000000,0.000000,0.000000,0
traininstance6,config23,3,FOUND INTEGER FEASIBLE,0.034407,2.682086,540,6,5,1,31880.000000,31880.000000,0.000000,0.000000,0
traininstance6,config23,4,FOUND INTEGER FEASIBLE,0.034196,1.749151,296,6,4,1,123060.000000,123060.000000,0.000000,0.000000,0
traininstance6,config23,5,FOUND INTEGER FEASIBLE,0.028431,21.703496,7714,6,6,1,889200.000000,889200.000000,0.000000,0.000000,0
trento1,config16,1,FOUND INTEGER FEASIBLE,2.684077,2.902757,1,6,0,0,561593411.072300,561593411.072300,0.000000,0.000000,0
trento1,config16,2,FOUND INTEGER FEASIBLE,2.690034,2.873233,1,6,0,0,480452996.066600,480452996.066600,0.000000,0.000000,0
trento1,config16,3,FOUND INTEGER FEASIBLE,2.670445,2.872579,1,6,0,0,1814626803.000000,1814626803.000000,0.000000,0.000000,0
trento1,config16,4,FOUND INTEGER FEASIBLE,2.879328,3.079628,1,6,0,0,500879113.069000,500879113.069000,0.000000,0.000000,0
trento1,config16,5,FOUND INTEGER FEASIBLE,2.044397,2.206913,1,6,0,0,9338195153.035101,9338195153.035099,0.000000,0.000000,0
trento1,config17,1,FOUND INTEGER FEASIBLE,2.581182,2.827464,1,11,0,0,1296460038.378900,1296460038.378900,0.000000,0.000000,0
trento1,config17,2,FOUND INTEGER FEASIBLE,2.216088,2.406195,1,11,0,0,979155634.318300,979155634.318300,0.000000,0.000000,0
trento1,config17,3,FOUND INTEGER FEASIBLE,2.505473,2.701819,1,11,0,0,2158014377.403200,2158014377.403200,0.000000,0.000000,0
trento1,config17,4,FOUND INTEGER FEASIBLE,1.697860,1.870883,1,11,0,0,625127165.308400,625127165.308400,0.000000,0.000000,0
trento1,config17,5,FOUND INTEGER FEASIBLE,2.554280,2.810190,1,11,0,0,3208876792.441600,3208876792.441600,0.000000,0.000000,0
trento1,config21,1,FOUND INTEGER FEASIBLE,0.091581,0.445229,1,3,0,0,9999246670.000900,9999246670.000900,0.000000,0.000000,0
trento1,config21,2,FOUND INTEGER FEASIBLE,0.119878,0.584431,1,3,0,0,9999246670.000900,9999246670.000900,0.000000,0.000000,0
trento1,config21,3,FOUND INTEGER FEASIBLE,0.121225,0.594951,1,3,0,0,9999246670.000900,9999246670.000900,0.000000,0.000000,0
trento1,config21,4,FOUND INTEGER FEASIBLE,0.089375,0.451542,1,3,0,0,9999246670.000900,9999246670.000900,0.000000,0.000000,0
trento1,config21,5,FOUND INTEGER FEASIBLE,0.089806,0.564530,2,3,0,0,9999246670.000900,9999246670.000900,0.000000,0.000000,0
trento1,config23,1,FOUND INTEGER FEASIBLE,0.089775,2.686325,1,3,0,0,1860383370.160800,1860383370.160800,0.000000,0.000000,0
trento1,config23,2,FOUND INTEGER FEASIBLE,0.118010,3.460403,1,3,0,0,1233706810.126600,1233706810.126600,0.000000,0.000000,0
trento1,config23,3,FOUND INTEGER FEASIBLE,0.120067,2.868421,1,3,0,0,6203153985.238199,6203153985.238200,0.000000,0.000000,0
trento1,config23,4,FOUND INTEGER FEASIBLE,0.119224,3.388230,1,3,0,0,1133025765.132900,1133025765.132900,0.000000,0.000000,0
trento1,config23,5,FOUND INTEGER FEASIBLE,0.120730,3.064191,2,3,0,0,9932325074.094200,9932325074.094200,0.000000,0.000000,0
triptim1,config16,1,FOUND INTEGER FEASIBLE,20.489323,23.374768,86,7,1,0,24.533100,24.533100,0.000000,0.000000,0
triptim1,config16,2,FOUND INTEGER FEASIBLE,21.496817,23.762085,87,7,1,0,24.538100,24.538100,0.000000,0.000000,0
triptim1,config16,3,FOUND INTEGER FEASIBLE,20.959144,22.911671,86,7,1,0,24.542100,24.542100,0.000000,0.000000,0
triptim1,config16,4,FOUND INTEGER FEASIBLE,24.254384,27.049602,85,7,1,0,24.533100,24.533100,0.000000,0.000000,0
triptim1,config16,5,FOUND INTEGER FEASIBLE,22.005584,24.206959,91,7,1,0,24.540100,24.540100,0.000000,0.000000,0
triptim1,config17,1,FOUND INTEGER FEASIBLE,90.496855,127.382092,2,8,0,0,27.204100,27.204100,0.000000,0.000000,0
triptim1,config17,2,FOUND INTEGER FEASIBLE,93.084812,131.671256,3,8,0,0,27.204100,27.204100,0.000000,0.000000,0
triptim1,config17,3,FOUND INTEGER FEASIBLE,90.235120,124.012528,1,8,0,0,27.214100,27.214100,0.000000,0.000000,0
triptim1,config17,4,FOUND INTEGER FEASIBLE,84.458865,121.987830,7,8,0,0,28.514100,28.514100,0.000000,0.000000,0
triptim1,config17,5,FOUND INTEGER FEASIBLE,86.927075,121.289739,2,8,0,0,28.514100,28.514100,0.000000,0.000000,0
triptim1,config21,1,FOUND INTEGER FEASIBLE,66.577270,68.793624,88,12,1,0,28.604100,28.604100,0.000000,0.000000,0
triptim1,config21,2,FOUND INTEGER FEASIBLE,63.219890,65.924952,87,12,1,0,28.604100,28.604100,0.000000,0.000000,0
triptim1,config21,3,FOUND INTEGER FEASIBLE,67.066067,70.073780,121,12,1,0,28.604100,28.604100,0.000000,0.000000,0
triptim1,config21,4,FOUND INTEGER FEASIBLE,63.982232,66.662903,107,12,1,0,28.604100,28.604100,0.000000,0.000000,0
triptim1,config21,5,FOUND INTEGER FEASIBLE,65.229704,67.717784,93,12,1,0,28.604100,28.604100,0.000000,0.000000,0
triptim1,config23,1,FOUND INTEGER FEASIBLE,62.048282,65.270140,92,12,1,0,28.604100,28.604100,0.000000,0.000000,0
triptim1,config23,2,FOUND INTEGER FEASIBLE,56.795984,58.728201,97,12,1,0,28.604100,28.604100,0.000000,0.000000,0
triptim1,config23,3,FOUND INTEGER FEASIBLE,68.260030,70.285334,86,12,1,0,28.604100,28.604100,0.000000,0.000000,0
triptim1,config23,4,FOUND INTEGER FEASIBLE,62.211255,64.405537,90,12,1,0,28.604100,28.604100,0.000000,0.000000,0
triptim1,config23,5,FOUND INTEGER FEASIBLE,61.680000,64.101021,88,12,1,0,28.604100,28.604100,0.000000,0.000000,0
uccase12,config16,1,FOUND INTEGER FEASIBLE,3.206282,6.021073,156,9,1,0,1491073.326613,1285428.740676,0.000000,0.000000,0
uccase12,config16,2,FOUND INTEGER FEASIBLE,3.789897,7.525457,177,9,1,0,1491237.286613,1286479.866660,0.000000,0.000000,0
uccase12,config16,3,FOUND INTEGER FEASIBLE,2.791527,6.567740,135,9,1,0,1490357.246613,1281471.089328,0.000000,0.000000,0
uccase12,config16,4,FOUND INTEGER FEASIBLE,3.645857,7.288702,136,9,1,0,1489152.359513,1275583.020873,0.000000,0.000000,0
uccase12,config16,5,FOUND INTEGER FEASIBLE,2.961210,5.616159,136,9,1,0,1491237.286613,1286182.339401,0.000000,0.000000,0
uccase12,config17,1,FOUND INTEGER FEASIBLE,1.101030,8.699013,60,10,1,1,1516165.121020,1445550.163525,0.000000,0.000000,0
uccase12,config17,2,FOUND INTEGER FEASIBLE,1.125157,7.455102,37,10,1,1,1513796.153920,1441309.966805,0.000000,0.000000,0
uccase12,config17,3,FOUND INTEGER FEASIBLE,1.119046,8.422263,55,10,1,1,1507216.790780,1432237.558844,0.000000,0.000000,0
uccase12,config17,4,FOUND INTEGER FEASIBLE,1.185970,7.044328,28,10,1,1,1513942.088120,1445417.366872,0.000000,0.000000,0
uccase12,config17,5,FOUND INTEGER FEASIBLE,1.116677,8.908534,49,10,1,1,1503662.010680,1425622.490643,0.000000,0.000000,0
uccase12,config21,1,FOUND INTEGER FEASIBLE,0.246203,2.385864,0,0,0,0,897480.532850,12015.087768,0.000000,0.000000,0
uccase12,config21,2,FOUND INTEGER FEASIBLE,0.261352,2.622719,0,0,0,0,897480.532850,12015.087768,0.000000,0.000000,0
uccase12,config21,3,FOUND INTEGER FEASIBLE,0.247159,2.411957,0,0,0,0,897480.532850,12015.087768,0.000000,0.000000,0
uccase12,config21,4,FOUND INTEGER FEASIBLE,0.249236,2.441002,0,0,0,0,897480.532850,12015.087768,0.000000,0.000000,0
uccase12,config21,5,FOUND INTEGER FEASIBLE,0.250142,2.425547,0,0,0,0,897480.532850,12015.087768,0.000000,0.000000,0
uccase12,config23,1,FOUND INTEGER FEASIBLE,0.197561,2.208412,1,0,0,0,1521794.367320,1464753.681677,0.000000,0.000000,0
uccase12,config23,2,FOUND INTEGER FEASIBLE,0.218561,2.244740,1,0,0,0,1521794.367320,1464753.681677,0.000000,0.000000,0
uccase12,config23,3,FOUND INTEGER FEASIBLE,0.250684,2.557042,1,0,0,0,1521794.367320,1464753.681677,0.000000,0.000000,0
uccase12,config23,4,FOUND INTEGER FEASIBLE,0.256148,2.518166,1,0,0,0,1521794.367320,1464753.681677,0.000000,0.000000,0
uccase12,config23,5,FOUND INTEGER FEASIBLE,0.195430,2.232398,1,0,0,0,1517478.367320,1464157.858067,0.000000,0.000000,0
uccase9,config16,1,FOUND INTEGER FEASIBLE,6.610662,9.057632,25,12,1,1,312368.138551,303466.902020,0.000000,0.000000,0
uccase9,config16,2,FOUND INTEGER FEASIBLE,7.197748,8.973299,32,12,1,1,395654.113668,375658.076221,0.000000,0.000000,0
uccase9,config16,3,FOUND INTEGER FEASIBLE,7.930468,10.283983,35,12,1,1,250911.255301,176834.075256,0.000000,0.000000,0
uccase9,config16,4,FOUND INTEGER FEASIBLE,8.174460,10.894550,54,12,1,1,377480.875878,344661.116813,0.000000,0.000000,0
uccase9,config16,5,FOUND INTEGER FEASIBLE,6.264063,7.961447,29,12,1,1,126352.756272,57722.890750,0.000000,0.000000,0
uccase9,config17,1,FOUND INTEGER FEASIBLE,0.297762,1.084654,1,3,0,0,3285032.391305,3212138.989595,0.000000,0.000000,0
uccase9,config17,2,FOUND INTEGER FEASIBLE,0.386490,1.388017,1,3,0,0,3285032.391305,3212138.989595,0.000000,0.000000,0
uccase9,config17,3,FOUND INTEGER FEASIBLE,0.297054,1.093237,1,3,0,0,3285032.391305,3212138.989595,0.000000,0.000000,0
uccase9,config17,4,FOUND INTEGER FEASIBLE,0.296856,1.094566,1,3,0,0,3285032.391305,3212138.989595,0.000000,0.000000,0
uccase9,config17,5,FOUND INTEGER FEASIBLE,0.298439,1.052621,1,3,0,0,3285032.391305,3212138.989595,0.000000,0.000000,0
uccase9,config21,1,FOUND INTEGER FEASIBLE,0.542272,26.129610,761,12,8,0,1638463.351860,1332732.717757,0.000000,0.000000,0
uccase9,config21,2,FOUND INTEGER FEASIBLE,0.280463,0.918698,19,12,0,0,1458045.024164,1149379.285030,0.000000,0.000000,0
uccase9,config21,3,FOUND INTEGER FEASIBLE,0.280753,1.053984,44,12,0,0,1657448.456490,1381801.864752,0.000000,0.000000,0
uccase9,config21,4,FOUND INTEGER FEASIBLE,0.536669,6.616722,231,12,2,0,1780386.490182,1493678.427008,0.000000,0.000000,0
uccase9,config21,5,FOUND INTEGER FEASIBLE,0.539665,11.012450,375,12,3,0,1502720.187999,1167231.076476,0.000000,0.000000,0
uccase9,config23,1,FAILED TO FIND AN INTEGER FEASIBLE SOLUTION,0.537663,552.934108,12000,12,12,0,0.000000,0.000000,0.061779,0.061779,2
uccase9,config23,2,FAILED TO FIND AN INTEGER FEASIBLE SOLUTION,0.538585,545.305879,12000,12,12,0,0.000000,0.000000,0.057328,0.057328,2
uccase9,config23,3,FAILED TO FIND AN INTEGER FEASIBLE SOLUTION,0.546315,541.024561,12000,12,12,0,0.000000,0.000000,0.002800,0.002800,1
uccase9,config23,4,FOUND INTEGER FEASIBLE,0.397812,2.339326,86,12,0,0,2850953.564814,2746506.397771,0.000000,0.000000,0
uccase9,config23,5,FAILED TO FIND AN INTEGER FEASIBLE SOLUTION,0.528141,540.590146,12000,12,12,0,0.000000,0.000000,0.043889,0.043889,1
uct-subprob,config16,1,FOUND INTEGER FEASIBLE,0.116183,0.184725,1,11,0,0,405.000000,405.000000,0.000000,0.000000,0
uct-subprob,config16,2,FOUND INTEGER FEASIBLE,0.114850,0.180924,1,11,0,0,385.000000,383.000000,0.000000,0.000000,0
uct-subprob,config16,3,FOUND INTEGER FEASIBLE,0.113530,0.173458,1,11,0,0,437.000000,437.000000,0.000000,0.000000,0
uct-subprob,config16,4,FOUND INTEGER FEASIBLE,0.114708,0.180494,1,11,0,0,412.000000,412.000000,0.000000,0.000000,0
uct-subprob,config16,5,FOUND INTEGER FEASIBLE,0.112773,0.172917,1,11,0,0,419.000000,419.000000,0.000000,0.000000,0
uct-subprob,config17,1,FOUND INTEGER FEASIBLE,0.004750,0.071717,0,1,0,0,2006.000000,380.000000,0.000000,0.000000,0
uct-subprob,config17,2,FOUND INTEGER FEASIBLE,0.004352,0.063611,0,1,0,0,2006.000000,380.000000,0.000000,0.000000,0
uct-subprob,config17,3,FOUND INTEGER FEASIBLE,0.004684,0.071639,0,1,0,0,2006.000000,380.000000,0.000000,0.000000,0
uct-subprob,config17,4,FOUND INTEGER FEASIBLE,0.004345,0.061901,0,1,0,0,2006.000000,380.000000,0.000000,0.000000,0
uct-subprob,config17,5,FOUND INTEGER FEASIBLE,0.004394,0.068315,0,1,0,0,2006.000000,380.000000,0.000000,0.000000,0
uct-subprob,config21,1,FOUND INTEGER FEASIBLE,0.016249,0.070351,1,9,0,0,1362.000000,498.000000,0.000000,0.000000,0
uct-subprob,config21,2,FOUND INTEGER FEASIBLE,0.016568,0.071126,1,9,0,0,1334.000000,516.000000,0.000000,0.000000,0
uct-subprob,config21,3,FOUND INTEGER FEASIBLE,0.016437,0.063912,1,9,0,0,1378.000000,519.000000,0.000000,0.000000,0
uct-subprob,config21,4,FOUND INTEGER FEASIBLE,0.016414,0.063286,1,9,0,0,1348.000000,534.000000,0.000000,0.000000,0
uct-subprob,config21,5,FOUND INTEGER FEASIBLE,0.016360,0.063405,1,9,0,0,1378.000000,519.000000,0.000000,0.000000,0
uct-subprob,config23,1,FOUND INTEGER FEASIBLE,0.016419,0.062828,0,9,0,0,1254.000000,380.000000,0.000000,0.000000,0
uct-subprob,config23,2,FOUND INTEGER FEASIBLE,0.016342,0.062286,0,9,0,0,1254.000000,380.000000,0.000000,0.000000,0
uct-subprob,config23,3,FOUND INTEGER FEASIBLE,0.016306,0.062322,0,9,0,0,1254.000000,380.000000,0.000000,0.000000,0
uct-subprob,config23,4,FOUND INTEGER FEASIBLE,0.016345,0.062175,0,9,0,0,1254.000000,380.000000,0.000000,0.000000,0
uct-subprob,config23,5,FOUND INTEGER FEASIBLE,0.016441,0.062484,0,9,0,0,1254.000000,380.000000,0.000000,0.000000,0
unitcal_7,config16,1,FOUND INTEGER FEASIBLE,2.251424,48.539569,1037,11,11,2,27387985.156606,24527398.258718,0.000000,0.000000,0
unitcal_7,config16,2,FOUND INTEGER FEASIBLE,2.653850,167.005017,3543,11,11,2,29029656.787127,25751717.883801,0.000000,0.000000,0
unitcal_7,config16,3,FOUND INTEGER FEASIBLE,2.669212,59.537167,1336,11,11,2,27353513.442002,24212910.234012,0.000000,0.000000,0
unitcal_7,config16,4,FOUND INTEGER FEASIBLE,2.673781,39.441999,923,11,11,2,26124182.643270,22814769.112693,0.000000,0.000000,0
unitcal_7,config16,5,FOUND INTEGER FEASIBLE,3.062496,118.988296,2691,11,11,2,28605277.110171,24725452.927445,0.000000,0.000000,0
unitcal_7,config17,1,FOUND INTEGER FEASIBLE,3.313916,118.006525,2479,7,7,2,29702151.689630,25831121.710632,0.000000,0.000000,0
unitcal_7,config17,2,FOUND INTEGER FEASIBLE,3.332123,34.751633,890,7,7,2,28321806.544364,25112201.658269,0.000000,0.000000,0
unitcal_7,config17,3,FOUND INTEGER FEASIBLE,3.304806,25.340805,611,7,7,2,27553438.204315,24007450.289763,0.000000,0.000000,0
unitcal_7,config17,4,FOUND INTEGER FEASIBLE,3.340574,58.746908,1670,7,7,2,28720675.372825,25211406.823620,0.000000,0.000000,0
unitcal_7,config17,5,FOUND INTEGER FEASIBLE,3.324622,115.926208,2635,7,7,2,29180864.883300,25969203.754896,0.000000,0.000000,0
unitcal_7,config21,1,FOUND INTEGER FEASIBLE,0.125313,0.559392,0,0,0,0,29971136.011362,20668561.601645,0.000000,0.000000,0
unitcal_7,config21,2,FOUND INTEGER FEASIBLE,0.124994,0.561584,0,0,0,0,29971136.011362,20668561.601645,0.000000,0.000000,0
unitcal_7,config21,3,FOUND INTEGER FEASIBLE,0.240489,1.075954,0,0,0,0,29971136.011362,20668561.601645,0.000000,0.000000,0
unitcal_7,config21,4,FOUND INTEGER FEASIBLE,0.239451,1.075542,0,0,0,0,29971136.011362,20668561.601645,0.000000,0.000000,0
unitcal_7,config21,5,FOUND INTEGER FEASIBLE,0.246114,1.138283,0,0,0,0,29971136.011362,20668561.601645,0.000000,0.000000,0
unitcal_7,config23,1,FOUND INTEGER FEASIBLE,0.238348,18.483917,382,0,0,0,27432831.506097,24204392.217062,0.000000,0.000000,0
unitcal_7,config23,2,FOUND INTEGER FEASIBLE,0.125175,86.857188,1883,0,0,0,29117884.134390,25223403.517516,0.000000,0.000000,0
unitcal_7,config23,3,FOUND INTEGER FEASIBLE,0.241982,7.606753,114,0,0,0,28251375.059397,24373772.689022,0.000000,0.000000,0
unitcal_7,config23,4,FOUND INTEGER FEASIBLE,0.182839,43.446092,982,0,0,0,29871110.570267,26339636.189976,0.000000,0.000000,0
unitcal_7,config23,5,FOUND INTEGER FEASIBLE,0.244708,9.326320,163,0,0,0,28134468.622444,24622045.114176,0.000000,0.000000,0
var-smallemery-m6j6,config16,1,FOUND INTEGER FEASIBLE,0.733763,4.246669,0,11,0,0,0.000000,0.000000,0.000000,0.000000,0
var-smallemery-m6j6,config16,2,FOUND INTEGER FEASIBLE,0.522136,3.643460,0,11,0,0,0.000000,0.000000,0.000000,0.000000,0
var-smallemery-m6j6,config16,3,FOUND INTEGER FEASIBLE,0.508598,3.858270,0,11,0,0,0.000000,0.000000,0.000000,0.000000,0
var-smallemery-m6j6,config16,4,FOUND INTEGER FEASIBLE,0.515925,3.666043,0,11,0,0,0.000000,0.000000,0.000000,0.000000,0
var-smallemery-m6j6,config16,5,FOUND INTEGER FEASIBLE,0.739919,3.774777,0,11,0,0,0.000000,0.000000,0.000000,0.000000,0
var-smallemery-m6j6,config17,1,FOUND INTEGER FEASIBLE,0.023140,2.350079,0,1,0,0,6077.593750,0.000000,0.000000,0.000000,0
var-smallemery-m6j6,config17,2,FOUND INTEGER FEASIBLE,0.022951,3.141731,0,1,0,0,6077.593750,0.000000,0.000000,0.000000,0
var-smallemery-m6j6,config17,3,FOUND INTEGER FEASIBLE,0.023419,3.173339,0,1,0,0,6077.593750,0.000000,0.000000,0.000000,0
var-smallemery-m6j6,config17,4,FOUND INTEGER FEASIBLE,0.023782,3.143636,0,1,0,0,6077.593750,0.000000,0.000000,0.000000,0
var-smallemery-m6j6,config17,5,FOUND INTEGER FEASIBLE,0.042291,3.863412,0,1,0,0,6077.593750,0.000000,0.000000,0.000000,0
var-smallemery-m6j6,config21,1,FOUND INTEGER FEASIBLE,0.068802,3.830444,0,2,0,0,6077.593750,52.000000,0.000000,0.000000,0
var-smallemery-m6j6,config21,2,FOUND INTEGER FEASIBLE,0.067088,2.897387,0,2,0,0,6077.593750,52.000000,0.000000,0.000000,0
var-smallemery-m6j6,config21,3,FOUND INTEGER FEASIBLE,0.123419,3.044373,0,2,0,0,6077.593750,52.000000,0.000000,0.000000,0
var-smallemery-m6j6,config21,4,FOUND INTEGER FEASIBLE,0.064991,3.203275,0,2,0,0,6077.593750,52.000000,0.000000,0.000000,0
var-smallemery-m6j6,config21,5,FOUND INTEGER FEASIBLE,0.066525,3.200238,0,2,0,0,6077.593750,52.000000,0.000000,0.000000,0
var-smallemery-m6j6,config23,1,FOUND INTEGER FEASIBLE,0.064955,3.195046,0,2,0,0,6077.593750,0.000000,0.000000,0.000000,0
var-smallemery-m6j6,config23,2,FOUND INTEGER FEASIBLE,0.065550,3.210702,0,2,0,0,6077.593750,0.000000,0.000000,0.000000,0
var-smallemery-m6j6,config23,3,FOUND INTEGER FEASIBLE,0.122058,3.967721,0,2,0,0,6077.593750,0.000000,0.000000,0.000000,0
var-smallemery-m6j6,config23,4,FOUND INTEGER FEASIBLE,0.065642,2.384939,0,2,0,0,6077.593750,0.000000,0.000000,0.000000,0
var-smallemery-m6j6,config23,5,FOUND INTEGER FEASIBLE,0.066364,3.219761,0,2,0,0,6077.593750,0.000000,0.000000,0.000000,0
wachplan,config16,1,FOUND INTEGER FEASIBLE,0.255246,4.214189,432,11,4,0,-8.000000,-8.000000,0.000000,0.000000,0
wachplan,config16,2,FOUND INTEGER FEASIBLE,0.253179,4.062020,424,11,4,0,-8.000000,-8.000000,0.000000,0.000000,0
wachplan,config16,3,FOUND INTEGER FEASIBLE,0.254679,5.312533,435,11,4,0,-8.000000,-8.000000,0.000000,0.000000,0
wachplan,config16,4,FOUND INTEGER FEASIBLE,0.254538,5.019923,413,11,4,0,-8.000000,-8.000000,0.000000,0.000000,0
wachplan,config16,5,FOUND INTEGER FEASIBLE,0.254817,3.938091,398,11,4,0,-8.000000,-8.000000,0.000000,0.000000,0
wachplan,config17,1,FOUND INTEGER FEASIBLE,0.101007,1.119961,126,10,2,1,-8.000000,-8.000000,0.000000,0.000000,0
wachplan,config17,2,FOUND INTEGER FEASIBLE,0.102039,1.131428,144,10,2,1,-8.000000,-8.000000,0.000000,0.000000,0
wachplan,config17,3,FOUND INTEGER FEASIBLE,0.199139,2.048757,131,10,2,1,-8.000000,-8.000000,0.000000,0.000000,0
wachplan,config17,4,FOUND INTEGER FEASIBLE,0.201194,2.160704,144,10,2,1,-8.000000,-8.000000,0.000000,0.000000,0
wachplan,config17,5,FOUND INTEGER FEASIBLE,0.200302,2.489338,179,10,2,1,-8.000000,-8.000000,0.000000,0.000000,0
wachplan,config21,1,FOUND INTEGER FEASIBLE,0.250874,0.524718,4,11,1,1,-8.000000,-8.000000,0.000000,0.000000,0
wachplan,config21,2,FOUND INTEGER FEASIBLE,0.249288,0.512162,4,11,1,1,-8.000000,-8.000000,0.000000,0.000000,0
wachplan,config21,3,FOUND INTEGER FEASIBLE,0.251598,0.524983,4,11,1,1,-8.000000,-8.000000,0.000000,0.000000,0
wachplan,config21,4,FOUND INTEGER FEASIBLE,0.258737,0.553944,12,11,1,1,-8.000000,-8.000000,0.000000,0.000000,0
wachplan,config21,5,FOUND INTEGER FEASIBLE,0.250492,0.590822,8,11,1,1,-8.000000,-8.000000,0.000000,0.000000,0
wachplan,config23,1,FOUND INTEGER FEASIBLE,0.257526,0.809085,13,11,1,1,-8.000000,-8.000000,0.000000,0.000000,0
wachplan,config23,2,FOUND INTEGER FEASIBLE,0.256149,0.763333,18,11,1,1,-8.000000,-8.000000,0.000000,0.000000,0
wachplan,config23,3,FOUND INTEGER FEASIBLE,0.248000,0.704333,10,11,1,1,-8.000000,-8.000000,0.000000,0.000000,0
wachplan,config23,4,FOUND INTEGER FEASIBLE,0.187279,0.606495,17,11,1,1,-8.000000,-8.000000,0.000000,0.000000,0
wachplan,config23,5,FOUND INTEGER FEASIBLE,0.249982,1.334743,38,11,1,1,-8.000000,-8.000000,0.000000,0.000000,0
